strategy,t,S,I,Sq,Iq,Cc,Cq,c,q,Rt
情景一阈值控制,0.0,60380.86124612184,0.00100662823352,0.0,0.0,0.0,0.0,12.8872,0.323,4.4258388463644565
情景一阈值控制,0.024988235472491682,60380.86110678869,0.0010323995132593294,9.015457966736578e-05,1.5815102820620308e-05,3.329389855868563e-05,1.588468129166242e-05,12.8872,0.323,4.425838836151517
情景一阈值控制,0.049976470944983364,60380.860963888175,0.0010588306155279923,0.00018261738868986948,3.189618600539988e-05,6.744022141221783e-05,3.2176058369492404e-05,12.8872,0.323,4.425838825677095
情景一阈值控制,0.07496470641747505,60380.86081732913,0.001085938406954901,0.0002774474308880569,4.825126760921805e-05,0.00010246075854867121,4.8884527343014486e-05,12.8872,0.323,4.425838814934506
情景一阈值控制,0.09995294188996673,60380.86066701809,0.0011137401728747948,0.0003747051748236725,6.488855420222577e-05,0.0001383778408819954,6.602074240012484e-05,12.8872,0.323,4.425838803916902
情景一阈值控制,0.12494117736245841,60380.860512859035,0.0011422536734896852,0.0004744527502669434,8.18164666828549e-05,0.00017521441280697364,8.35956504234158e-05,12.8872,0.323,4.4258387926172436
情景一阈值控制,0.1499294128349501,60380.86035475338,0.0011714971438688566,0.0005767539481965798,9.904364027781827e-05,0.00021299403219922334,0.00010162049099017601,12.8872,0.323,4.425838781028304
情景一阈值控制,0.17491764830744178,60380.86019259996,0.0012014892939488668,0.0006816742207997742,0.00011657892454210972,0.00025174087041519557,0.00012010679637239021,12.8872,0.323,4.425838769142668
情景一阈值控制,0.19990588377993346,60380.860026295064,0.0012322493085335459,0.0007892806814722024,0.000134431383359004,0.0002914797122921752,0.00013906639153673947,12.8872,0.323,4.425838756952735
情景一阈值控制,0.22489411925242514,60380.85985573239,0.0012637968472939967,0.0008996421048180228,0.00015261029494005682,0.0003322359561482812,0.000158511394144601,12.8872,0.323,4.425838744450712
情景一阈值控制,0.24988235472491682,60380.85968080296,0.0012961520690196965,0.0010128290114865214,0.0001711251629381949,0.0003740356451124629,0.00017845422949974225,12.8872,0.323,4.425838731628612
情景一阈值控制,0.2748705901974085,60380.859501394814,0.0013293356815171368,0.0011289138427305217,0.000189985739278296,0.00041690553158855624,0.0001989076613044367,12.8872,0.323,4.425838718478228
情景一阈值控制,0.2998588256699002,60380.85931739362,0.0013633688309218329,0.0012479705731910692,0.00020920197344377272,0.0004608729342574757,0.000219884723434512,12.8872,0.323,4.425838704991178
情景一阈值控制,0.32484706114239187,60380.85912868194,0.0013982732388125845,0.0013700751905586916,0.00022878407536941774,0.0005059659152151176,0.0002413988044527075,12.8872,0.323,4.425838691158857
情景一阈值控制,0.34983529661488355,60380.85893513915,0.001434071216248073,0.0014953057446770493,0.0002487425218766165,0.0005522132981062371,0.0002634636562604351,12.8872,0.323,4.425838676972421
情景一阈值控制,0.37482353208737523,60380.85873664144,0.0014707856637668592,0.0016237423475429368,0.00026908805667334723,0.0005996446681244475,0.0002860933940977792,12.8872,0.323,4.425838662422796
情景一阈值控制,0.3998117675598669,60380.85853306181,0.0015084400713873847,0.0017554671733062811,0.0002898316903541808,0.0006482903720122206,0.00030930249654349666,12.8872,0.323,4.425838647500673
情景一阈值控制,0.4248000030323586,60380.85832427007,0.0015470585186079721,0.0018905644582701427,0.00031098470040028095,0.0006981815180608869,0.00033310580551501693,12.8872,0.323,4.425838632196509
情景一阈值控制,0.4497882385048503,60380.858110132845,0.0015866656744068235,0.002029120500890717,0.00033255863117940415,0.0007493499761106353,0.00035751852626844194,12.8872,0.323,4.425838616500529
情景一阈值控制,0.47477647397734196,60380.857890513165,0.0016272868745864511,0.0021712239323482584,0.00035456532935066007,0.0008018284774717936,0.00038255627507147606,12.8872,0.323,4.425838600402691
情景一阈值控制,0.49976470944983364,60380.85766527075,0.0016689480637096471,0.0023169655134240305,0.00037701691724397195,0.0008556505399119079,0.00040823504341439617,12.8872,0.323,4.4258385838927135
情景一阈值控制,0.5247529449223254,60380.85743426198,0.001711675807371095,0.0024664381774295923,0.00039992579853811885,0.0009108504835094386,0.000434571205573927,12.8872,0.323,4.425838566960071
情景一阈值控制,0.549741180394817,60380.85719733928,0.001755497400235768,0.002619737408153178,0.00042330470775110306,0.000967463570228572,0.0004615815852050645,12.8872,0.323,4.425838549593943
情景一阈值控制,0.5747294158673086,60380.85695435115,0.0018004408660486045,0.0027769612398935496,0.00044716671024458096,0.001025526003931722,0.0004892834553470401,12.8872,0.323,4.425838531783228
情景一阈值控制,0.5997176513398004,60380.85670514212,0.0018465349576345074,0.002938210257459996,0.0004715252022238631,0.0010850749303795298,0.0005176945384233205,12.8872,0.323,4.42583851351653
情景一阈值控制,0.6247058868122921,60380.85644955281,0.0018938091568983454,0.0031035875961723317,0.0004963939107379138,0.0011461484372308627,0.0005468330062416077,12.8872,0.323,4.425838494782165
情景一阈值控制,0.6496941222847837,60380.85618741987,0.001942293674824951,0.003273198941860896,0.0005217868936793514,0.0012087855540428146,0.0005767174799938388,12.8872,0.323,4.425838475568161
情景一阈值控制,0.6746823577572754,60380.85591857577,0.001992019499820376,0.0034471526999768545,0.0005477185619043097,0.0012730263147227884,0.000607367060052379,12.8872,0.323,4.425838455862237
情景一阈值控制,0.6996705932297671,60380.85564284862,0.0020430184246258134,0.003625560089744163,0.0005742036915188496,0.0013389117922986192,0.0006388013425590161,12.8872,0.323,4.425838435651794
情景一阈值控制,0.7246588287022588,60380.855360062604,0.0020953229683864164,0.003808534871535966,0.0006012573882485863,0.0014064839982392463,0.0006710403713903641,12.8872,0.323,4.425838414923945
情景一阈值控制,0.7496470641747505,60380.855070037105,0.0021489665378480426,0.003996193910782791,0.0006288951612407639,0.0014757860907048362,0.0007041047375150104,12.8872,0.323,4.425838393665453
情景一阈值控制,0.7746352996472421,60380.85477258668,0.0022039834333528303,0.004188657198946626,0.000657132925808494,0.0015468623822924655,0.0007380155826890195,12.8872,0.323,4.425838371862722
情景一阈值控制,0.7996235351197338,60380.85446752105,0.002260408848839199,0.004386047853520923,0.0006859870034307566,0.0016197583400361195,0.0007727945994559327,12.8872,0.323,4.425838349501807
情景一阈值控制,0.8246117705922256,60380.85415464511,0.002318278871841847,0.004588492118030589,0.0007154741217523987,0.0016945205854066937,0.000808464031146768,12.8872,0.323,4.425838326568406
情景一阈值控制,0.8496000060647172,60380.85383375892,0.002377630483491752,0.004796119362031996,0.0007456114145841348,0.0017711968943119926,0.0008450466718800198,12.8872,0.323,4.425838303047864
情景一阈值控制,0.8745882415372088,60380.85350465733,0.002438501627120545,0.00500906232110899,0.0007764164532829059,0.0018498362857267592,0.0008825659088474789,12.8872,0.323,4.425838278925144
情景一阈值控制,0.8995764770097006,60380.85316713006,0.002500931198328084,0.005227457062126746,0.0008079072421835202,0.0019304890088609966,0.0009210457161921741,12.8872,0.323,4.425838254184833
情景一阈值控制,0.9245647124821923,60380.852820961794,0.0025649590202407972,0.005451442896678958,0.0008401022073163705,0.002013206511196192,0.0009605106397583013,12.8872,0.323,4.4258382288111475
情景一阈值控制,0.9495529479546839,60380.852465931384,0.0026306260000871716,0.005681162928829754,0.0008730202680569779,0.0020980416407652682,0.001000985893599973,12.8872,0.323,4.4258382027878795
情景一阈值控制,0.9745411834271756,60380.852101811775,0.0026979741309167094,0.005916764061127042,0.0009066808379124369,0.0021850486483733,0.0010424973610407326,12.8872,0.323,4.4258381760983845
情景一阈值控制,0.9995294188996673,60380.851728370064,0.002767046491599925,0.006158396994602519,0.0009411038245214153,0.0022742831875975146,0.0010850715946735558,12.8872,0.323,4.425838148725591
情景一阈值控制,1.024517654372159,60380.85134536748,0.002837887246828345,0.006406216228771654,0.0009763096296541537,0.0023658023147872893,0.0011287358163608488,12.8872,0.323,4.425838120651998
情景一阈值控制,1.0495058898446508,60380.85095255932,0.002910541657177645,0.006660380096837176,0.0010123191538147632,0.002459664502064724,0.001173517923437084,12.8872,0.323,4.425838091859669
情景一阈值控制,1.0744941253171423,60380.85054969432,0.002985056195916164,0.00692105117431592,0.0010491538496501026,0.0025559297882296835,0.0012194465607063335,12.8872,0.323,4.425838062330187
情景一阈值控制,1.099482360789634,60380.85013651543,0.003061478407426864,0.007188395783761797,0.0010868356571963767,0.002654659595855024,0.0012665510331775077,12.8872,0.323,4.42583803204471
情景一阈值控制,1.1244705962621258,60380.84971275884,0.003139857086931637,0.007462584623488418,0.0011253870861119848,0.0027559169634725485,0.0013148614168414078,12.8872,0.323,4.425838000983902
情景一阈值控制,1.1494588317346173,60380.849278153655,0.0032202423386421724,0.007743792970996029,0.0011648312422767755,0.0028597666206981484,0.0013644085945132968,12.8872,0.323,4.425837969127905
情景一阈值控制,1.174447067207109,60380.848832421914,0.0033026855757599567,0.008032200682971509,0.0012051918277920487,0.0029662749882318072,0.0014152242558329005,12.8872,0.323,4.425837936456346
情景一阈值控制,1.1994353026796007,60380.84837527857,0.003387239520476268,0.008327992195288368,0.001246493140980553,0.0030755101778575933,0.0014673408972644055,12.8872,0.323,4.425837902948332
情景一阈值控制,1.2244235381520925,60380.8479064315,0.0034739582043862506,0.008631356524455272,0.001288760076575826,0.003187541992978602,0.0015207918223516816,12.8872,0.323,4.425837868582449
情景一阈值控制,1.2494117736245842,60380.8474255809,0.0035628970809811517,0.008942487661143472,0.0013320181771537107,0.003302442073945816,0.0015756112110553895,12.8872,0.323,4.425837833336724
情景一阈值控制,1.2744000090970757,60380.846932419736,0.0036541129374016725,0.009261584261477003,0.001376293592768378,0.0034202837840522156,0.001631834065360215,12.8872,0.323,4.42583779718865
情景一阈值控制,1.2993882445695675,60380.8464266332,0.003747664000744594,0.00958885001892105,0.0014216131295926738,0.0035411423468703794,0.0016894962747993096,12.8872,0.323,4.425837760115153
情景一阈值控制,1.3243764800420592,60380.84590789803,0.0038436100646975983,0.009924494107283783,0.0014680043078306533,0.0036650950098521405,0.0017486346945084807,12.8872,0.323,4.4258377220925365
情景一阈值控制,1.3493647155145507,60380.845375882476,0.0039420124895392684,0.010268731180716365,0.0015154953617175844,0.003792221044328588,0.0018092871452261947,12.8872,0.323,4.4258376830964865
情景一阈值控制,1.3743529509870425,60380.844830246315,0.004042934202139093,0.010621781373712958,0.0015641152395199469,0.00392260174551007,0.0018714924132935784,12.8872,0.323,4.425837643102063
情景一阈值控制,1.3993411864595342,60380.84427064085,0.004146439696754981,0.010983870303900634,0.0016138936039000466,0.0040563204335165035,0.001935290251145983,12.8872,0.323,4.425837602083709
情景一阈值控制,1.424329421932026,60380.84369670828,0.0042525951573493944,0.011355229499933556,0.0016648608878312202,0.004193462611397797,0.0020007214527053003,12.8872,0.323,4.425837560015195
情景一阈值控制,1.4493176574045177,60380.84310808214,0.004361468362695341,0.011736096069528855,0.0017170482512041487,0.004334115842540203,0.002067827794889934,12.8872,0.323,4.425837516869661
情景一阈值控制,1.4743058928770092,60380.84250438661,0.0044731288244441655,0.012126713182464017,0.0017704876439757031,0.004478369929036239,0.0021366521227159604,12.8872,0.323,4.425837472619562
情景一阈值控制,1.499294128349501,60380.841885235815,0.004587647916605063,0.012527330523530321,0.001825211865371051,0.004626317078959451,0.0022072384291047303,12.8872,0.323,4.425837427236611
情景一阈值控制,1.5242823638219927,60380.84125023379,0.00470509887554508,0.012938204292532821,0.0018812545638836544,0.0047780519063644064,0.00227963185488287,12.8872,0.323,4.425837380691786
情景一阈值控制,1.5492705992944842,60380.84059897452,0.004825556799989109,0.013359597204290348,0.0019386502372752694,0.004933671431286697,0.0023538786887822784,12.8872,0.323,4.425837332955327
情景一阈值控制,1.574258834766976,60380.839931041824,0.004949098666367349,0.013791778542324964,0.0019974342395915564,0.00509327509957034,0.0024300263768998816,12.8872,0.323,4.425837283996725
情景一阈值控制,1.5992470702394677,60380.83924600864,0.005075803465905183,0.014235024638438851,0.002057642843820602,0.005256964959974527,0.002508123607196118,12.8872,0.323,4.425837233784682
情景一阈值控制,1.6242353057119594,60380.83854343773,0.0052057520696710885,0.014689618400616295,0.002119313180204028,0.005424845489828805,0.0025882202263141857,12.8872,0.323,4.425837182287144
情景一阈值控制,1.6492235411844511,60380.837822880305,0.005339027486637967,0.015155850215790273,0.002182483354224814,0.005597023928422904,0.002670367398641946,12.8872,0.323,4.425837129471219
情景一阈值控制,1.6742117766569427,60380.837083875675,0.005475714926054968,0.015634018168035613,0.0022471924751209975,0.00577361035758501,0.0027546176447562154,12.8872,0.323,4.425837075303138
情景一阈值控制,1.6992000121294344,60380.83632595126,0.005615901797447502,0.016124428038569012,0.0023134806558856792,0.005954717701681781,0.0028410248414227693,12.8872,0.323,4.425837019748261
情景一阈值控制,1.7241882476019261,60380.83554862259,0.005759677710617227,0.016627393305749024,0.002381389013267016,0.006140461727618327,0.002929644221596335,12.8872,0.323,4.425836962771078
情景一阈值控制,1.7491764830744176,60380.83475139279,0.005907134566973179,0.017143235464576672,0.00245095970951197,0.006330961162829133,0.0030205324307146374,12.8872,0.323,4.425836904335166
情景一阈值控制,1.7741647185469094,60380.83393375254,0.006058366569616192,0.017672284061973822,0.00252223595696602,0.006526337708306296,0.0031137475329142293,12.8872,0.323,4.425836844403197
情景一阈值控制,1.7991529540194011,60380.833095179834,0.006213470272276578,0.01821487686798,0.0025952620404587094,0.006726716101822133,0.0032093490411943103,12.8872,0.323,4.425836782936904
情景一阈值控制,1.8241411894918929,60380.83223513868,0.006372544810941002,0.018771360686044625,0.0026700834231845427,0.006932224417168429,0.003307398060185232,12.8872,0.323,4.425836719897003
情景一阈值控制,1.8491294249643846,60380.83135307913,0.0065356919061879135,0.019342091361196984,0.0027467467477704953,0.007142994067173588,0.0034079572875879882,12.8872,0.323,4.425836655243181
情景一阈值控制,1.874117660436876,60380.83044843724,0.006703015863187542,0.019927433780046216,0.0028252998362760097,0.0073591598037026276,0.0035110910141742204,12.8872,0.323,4.4258365889341045
情景一阈值控制,1.8991058959093678,60380.82952063488,0.006874623618554547,0.020527762034684434,0.0029057917116063437,0.007580859778186257,0.0036168651526649344,12.8872,0.323,4.425836520927393
情景一阈值控制,1.9240941313818596,60380.828569079036,0.00705062485185489,0.021143459812768012,0.0029882726484681743,0.0078082356856771,0.0037253473064604178,12.8872,0.323,4.425836451179584
情景一阈值控制,1.949082366854351,60380.82759316226,0.007231131920943083,0.021774920171309997,0.0030727941438241663,0.00804143268131168,0.0038366067297838586,12.8872,0.323,4.4258363796461495
情景一阈值控制,1.9740706023268428,60380.82659226089,0.007416260178292388,0.022422546643287335,0.003159409061483076,0.008280599788978181,0.003950714522658718,12.8872,0.323,4.425836306281377
情景一阈值控制,1.9990588377993346,60380.82556573494,0.007606127996194319,0.023086753325795493,0.003248171643617494,0.008525889933871758,0.00406774364644103,12.8872,0.323,4.425836231038355
情景一阈值控制,2.0240470732718263,60380.8245129281,0.007800856766758653,0.02376796488004847,0.0033391375107638473,0.008777459942494547,0.004187768923819407,12.8872,0.323,4.425836153868979
情景一阈值控制,2.049035308744318,60380.82343316752,0.008000570941649668,0.024466616670386913,0.003432363679982348,0.00903547059399107,0.004310867063307408,12.8872,0.323,4.425836074723929
情景一阈值控制,2.07402354421681,60380.82232576307,0.008205398167871646,0.025183155239292848,0.0035279086269068838,0.009300086795570185,0.004437116742938212,12.8872,0.323,4.425835993552618
情景一阈值控制,2.0990117796893015,60380.82119000774,0.00841546921616507,0.025918038056900385,0.0036258322530266446,0.00957147748999991,0.004566598566129942,12.8872,0.323,4.425835910303225
情景一阈值控制,2.124000015161793,60380.820025175715,0.008630918331323335,0.02667173474649729,0.003726196045799515,0.00984981610818261,0.004699395277611496,12.8872,0.323,4.425835824922548
情景一阈值控制,2.1489882506342846,60380.81883052223,0.008851883268885676,0.02744472721288673,0.003829063095421965,0.010135280616558707,0.004835591786039088,12.8872,0.323,4.425835737355996
情景一阈值控制,2.1739764861067763,60380.817605283526,0.009078505295137155,0.028237509642387183,0.003934498094829044,0.010428053517106663,0.004975275163996237,12.8872,0.323,4.425835647547587
情景一阈值控制,2.198964721579268,60380.81634867651,0.009310929250193332,0.02905058872351984,0.004042567368523422,0.010728321928842365,0.005118534686877524,12.8872,0.323,4.425835555439922
情景一阈值控制,2.2239529570517598,60380.81505989818,0.009549303659417672,0.029884484036777573,0.004153338923486694,0.011036277731760009,0.00526546190156349,12.8872,0.323,4.425835460974142
情景一阈值控制,2.2489411925242515,60380.813738125595,0.00979378073404866,0.030739728056818703,0.004266882449474075,0.011352117567642235,0.005416150626807152,12.8872,0.323,4.4258353640899255
情景一阈值控制,2.2739294279967432,60380.81238251397,0.010044516728319203,0.031616867401766724,0.004383269482225822,0.011676043301423926,0.005570697173352922,12.8872,0.323,4.42583526472535
情景一阈值控制,2.2989176634692345,60380.810992196544,0.010301671958911447,0.03251646290126857,0.004502573412358235,0.01200826204632598,0.005729200355928054,12.8872,0.323,4.4258351628168855
情景一阈值控制,2.3239058989417263,60380.809566284595,0.010565410804956802,0.03343908959649467,0.004624869485363667,0.012348986163855338,0.005891761493242652,12.8872,0.323,4.425835058299388
情景一阈值控制,2.348894134414218,60380.80810386668,0.010835901848065226,0.03438533722999991,0.004750234865599645,0.012698433444709598,0.006058484494300147,12.8872,0.323,4.425834951106051
情景一阈值控制,2.3738823698867098,60380.80660400868,0.01111331786427295,0.03535581021755567,0.004878748632604721,0.01305682709837467,0.0062294758534342945,12.8872,0.323,4.425834841168404
情景一阈值控制,2.3988706053592015,60380.80506575254,0.011397836055929162,0.036351128459351845,0.005010491887077504,0.013424396052699974,0.006404844793237949,12.8872,0.323,4.425834728416223
情景一阈值控制,2.4238588408316932,60380.803488114914,0.01168963830556814,0.03737192822811046,0.005145547866895138,0.013801375281876967,0.00658470342104322,12.8872,0.323,4.425834612777431
情景一阈值控制,2.448847076304185,60380.80187008714,0.011988911176020384,0.038418862169474516,0.005284001947164087,0.014188005806582716,0.006769166728989981,12.8872,0.323,4.425834494178093
情景一阈值控制,2.4738353117766767,60380.80021063508,0.012295845942668592,0.039492599414848235,0.00542594165495995,0.01458453473565159,0.006958352613907626,12.8872,0.323,4.4258343725424085
情景一阈值控制,2.4988235472491684,60380.79850869813,0.012610638776797923,0.04059382622280784,0.005571456753108458,0.014991215502946922,0.007152381990327703,12.8872,0.323,4.425834247792636
情景一阈值控制,2.5238117827216597,60380.79676318945,0.012933490700355278,0.041723245820837446,0.00572063921951485,0.015408307808914386,0.007351378762598739,12.8872,0.323,4.425834119849114
情景一阈值控制,2.5488000181941515,60380.794972993535,0.013264608040784021,0.042881579996464844,0.005873583455017133,0.015836078208185153,0.00755547010523457,12.8872,0.323,4.425833988630074
情景一阈值控制,2.573788253666643,60380.793136965825,0.013604202495483459,0.04406956932275841,0.006030386312842475,0.016274800192851414,0.007764786502645504,12.8872,0.323,4.425833854051623
情景一阈值控制,2.598776489139135,60380.79125393274,0.013952491133049222,0.04528797316266636,0.006191147099174013,0.016724754194068863,0.00797946174990287,12.8872,0.323,4.425833716027738
情景一阈值控制,2.6237647246116267,60380.78932269064,0.014309696578702506,0.046537570317700304,0.006355967657882096,0.017186227821614178,0.008199633067033056,12.8872,0.323,4.425833574470197
情景一阈值控制,2.6487529600841184,60380.78734200604,0.014676046979174146,0.047819158905091676,0.006524952354475535,0.017659515818519152,0.008425441077373244,12.8872,0.323,4.425833429288584
情景一阈值控制,2.67374119555661,60380.78531061348,0.015051776397890595,0.04913355774026044,0.006698208256693364,0.018144920571613512,0.008657030051153862,12.8872,0.323,4.425833280390142
情景一阈值控制,2.6987294310291015,60380.7832272143,0.015437125035685988,0.050481607108926685,0.006875845235362551,0.01864275239666411,0.008894548041539893,12.8872,0.323,4.425833127679684
情景一阈值控制,2.723717666501593,60380.78109047665,0.015832339230802166,0.05186416876711075,0.0070579759643980096,0.01915332953837498,0.0091381468846309,12.8872,0.323,4.4258329710595845
情景一阈值控制,2.748705901974085,60380.77889903485,0.01623767158559918,0.05328212638440258,0.007244715978701773,0.019676978334085778,0.009387982277562342,12.8872,0.323,4.425832810429742
情景一阈值控制,2.7736941374465767,60380.77665148885,0.016653381051646408,0.05473638584163659,0.007436183713041762,0.020214033323702515,0.00964421383095408,12.8872,0.323,4.425832645687533
情景一阈值控制,2.7986823729190684,60380.7743464029,0.017079733187984003,0.056227876134361296,0.007632500620070698,0.020764837583346973,0.009907005228096118,12.8872,0.323,4.425832476727722
情景一阈值控制,2.82367060839156,60380.77198230348,0.017517000538906487,0.05775755069443117,0.007833791342956408,0.021329743213417855,0.010176524457804972,12.8872,0.323,4.4258323034422995
情景一阈值控制,2.848658843864052,60380.76955767928,0.017965462637657907,0.059326387402933514,0.008040183717070333,0.021909111343364634,0.010452943816701293,12.8872,0.323,4.425832125720489
情景一阈值控制,2.8736470793365436,60380.76707098062,0.018425406116345577,0.060935388974698156,0.008251808820210881,0.022503312273686182,0.010736439976958105,12.8872,0.323,4.425831943448701
情景一阈值控制,2.8986353148090354,60380.7645206187,0.01889712483874451,0.06258558342288804,0.008468801033283863,0.023112725647503152,0.011027194068158816,12.8872,0.323,4.42583175651048
情景一阈值控制,2.9236235502815267,60380.761904964354,0.019380920140237613,0.06427802489837665,0.008691298149946432,0.023737740760538247,0.011325391825190332,12.8872,0.323,4.425831564786407
情景一阈值控制,2.9486117857540184,60380.75922234557,0.019877101277569725,0.06601379526311366,0.008919441582120814,0.024378757142156912,0.011631223865460389,12.8872,0.323,4.425831368153928
情景一阈值控制,2.97360002122651,60380.756471047454,0.02038598543869309,0.06779400412456721,0.00915337636449312,0.025036184568086806,0.011944885694966085,12.8872,0.323,4.4258311664873435
情景一阈值控制,2.998588256699002,60380.753649311526,0.02090789787441302,0.06961978929625892,0.009393251214665981,0.025710443230492395,0.012266577789437289,12.8872,0.323,4.425830959657758
情景一阈值控制,3.0235764921714936,60380.75075533502,0.02144317202632403,0.07149231724532484,0.009639218591614145,0.02640196390325831,0.012596505673194142,12.8872,0.323,4.425830747533032
情景一阈值控制,3.0485647276439853,60380.747787269094,0.021992149858567803,0.07341278425309791,0.009891434847281253,0.027111188370589987,0.012934880123634515,12.8872,0.323,4.425830529977647
情景一阈值控制,3.073552963116477,60380.74474321643,0.02255518230094676,0.0753824179652448,0.010150060429055741,0.027838569999476037,0.013281917444358582,12.8872,0.323,4.425830306852534
情景一阈值控制,3.0985411985889684,60380.74162123122,0.02313262925455439,0.0774024774114624,0.010415259882343526,0.02858457374696208,0.01363783946863922,12.8872,0.323,4.425830078015065
情景一阈值控制,3.12352943406146,60380.73841931801,0.02372485979659501,0.07947425372199847,0.010687201944154852,0.029349676424760315,0.01400287368566851,12.8872,0.323,4.425829843318978
情景一阈值控制,3.148517669533952,60380.73513543144,0.02433225224227133,0.08159907034415641,0.010966059571380814,0.030134366779204322,0.014377253278704573,12.8872,0.323,4.425829602614351
情景一阈值控制,3.1735059050064436,60380.73176747319,0.0249551946983098,0.08377828497868421,0.011252010193720173,0.030939146206353435,0.014761217466251343,12.8872,0.323,4.425829355747378
情景一阈值控制,3.1984941404789353,60380.72831329025,0.025594085387505756,0.08601329071512663,0.011545235861974479,0.03176452917127596,0.015155011702100641,12.8872,0.323,4.425829102560246
情景一阈值控制,3.223482375951427,60380.72477067481,0.026249332671370865,0.08830551611105263,0.011845923258396182,0.03261104323730769,0.015558887689291553,12.8872,0.323,4.425828842891128
情景一阈值控制,3.248470611423919,60380.72113736276,0.02692135531845328,0.09065642613072207,0.012154263819288634,0.03347922941269956,0.01597310354549772,12.8872,0.323,4.425828576574065
情景一阈值控制,3.2734588468964105,60380.71741103328,0.027610582590578532,0.09306752244678439,0.012470453774412282,0.03436964226203435,0.016397923856184778,12.8872,0.323,4.425828303438945
情景一阈值控制,3.2984470823689023,60380.713589304825,0.028317454982133096,0.09554034602650571,0.01279469448478534,0.03528285086131496,0.01683362013028764,12.8872,0.323,4.425828023311204
情景一阈值控制,3.3234353178413936,60380.70966973435,0.02904242436114983,0.09807647762532692,0.01312719250714943,0.0362194389802344,0.017280470887172394,12.8872,0.323,4.425827736011771
情景一阈值控制,3.3484235533138853,60380.7056498167,0.029785954084501756,0.10067753818984682,0.013468159646603578,0.0371800052309966,0.017738761727639434,12.8872,0.323,4.4258274413570176
情景一阈值控制,3.373411788786377,60380.70152698337,0.030548519222796434,0.10334518964457665,0.013817813059360806,0.038165163358863226,0.018208785472544783,12.8872,0.323,4.42582713915868
情景一阈值控制,3.398400024258869,60380.69729860035,0.031330606966488234,0.10608113631263993,0.014176375438312464,0.039175542766815216,0.018690842413118625,12.8872,0.323,4.425826829223687
情景一阈值控制,3.4233882597313605,60380.692961964785,0.03213271723996309,0.10888712706402115,0.014544075293618017,0.04021178930889647,0.01918524068947349,12.8872,0.323,4.425826511353923
情景一阈值控制,3.4483764952038523,60380.68851430476,0.03295536273578378,0.11176495543536609,0.014921146968352348,0.041274565334455914,0.01969229631171234,12.8872,0.323,4.425826185346208
情景一阈值控制,3.473364730676344,60380.683952777785,0.03379906920784617,0.11471646065553641,0.015307830772452345,0.04236455006688269,0.020212333340624968,12.8872,0.323,4.4258258509921955
情景一阈值控制,3.4983529661488353,60380.679274469934,0.034664375614134255,0.1177435281450152,0.015704373047944246,0.043482439788035517,0.02074568397568016,12.8872,0.323,4.425825508078296
情景一阈值控制,3.523341201621327,60380.67447639127,0.035551834978665035,0.12084809253124536,0.016111026562784538,0.04462894895180095,0.02129268908630975,12.8872,0.323,4.42582515638535
情景一阈值控制,3.5483294370938188,60380.66955547476,0.036462014584712835,0.12403213832458605,0.01652805059914773,0.045804810433722636,0.021853698331007983,12.8872,0.323,4.425824795688549
情景一阈值控制,3.5733176725663105,60380.66450857526,0.03739549615531099,0.12729770054976583,0.01695571103589964,0.04701077576419565,0.022429070268589646,12.8872,0.323,4.42582442575736
情景一阈值控制,3.5983059080388022,60380.65933246837,0.03835287608306311,0.13064686554984375,0.017394280453599812,0.048247615425367714,0.02301917249984308,12.8872,0.323,4.4258240463554355
情景一阈值控制,3.623294143511294,60380.65402384666,0.03933476610968604,0.13408177336345453,0.017844038444997684,0.0495161197290508,0.023624382086386123,12.8872,0.323,4.425823657240346
情景一阈值控制,3.6482823789837857,60380.64857931677,0.040341793878017944,0.1376046196559005,0.018305271867254138,0.050817099529869444,0.024245085890912593,12.8872,0.323,4.425823258163364
情景一阈值控制,3.6732706144562774,60380.642995398826,0.04137460302414354,0.14121765604143524,0.01877827488403439,0.05215138634427936,0.024881680633976704,12.8872,0.323,4.4258228488694185
情景一阈值控制,3.698258849928769,60380.637268524784,0.04243385349805505,0.14492319120504846,0.019263349112020083,0.05351983276484027,0.025534573091644613,12.8872,0.323,4.425822429096976
情景一阈值控制,3.7232470854012605,60380.63139503577,0.043520222047337395,0.14872359259454765,0.019760803841912783,0.054923313085098215,0.026204180393628828,12.8872,0.323,4.425821998577846
情景一阈值控制,3.748235320873752,60380.625371177506,0.04463440306710998,0.15262128939391528,0.020270956426784434,0.056362724397640035,0.026890930547175368,12.8872,0.323,4.425821557036845
情景一阈值控制,3.773223556346244,60380.619193099774,0.04577710869555231,0.15661877285748785,0.02079413232572406,0.057838986717505134,0.0275952624959441,12.8872,0.323,4.425821104191757
情景一阈值控制,3.7982117918187357,60380.612856854525,0.046949069166436166,0.16071859754323847,0.021330665264911685,0.05935304343763409,0.028317626337305477,12.8872,0.323,4.425820639753195
情景一阈值控制,3.8232000272912274,60380.60635839376,0.048151033202050525,0.16492338268735837,0.02188089741715051,0.06090586183649876,0.029058483564533374,12.8872,0.323,4.425820163424446
情景一阈值控制,3.848188262763719,60380.599693563905,0.04938376904694266,0.16923581582060504,0.022445179874195753,0.06249843441361212,0.029818307703983332,12.8872,0.323,4.425819674901059
情景一阈值控制,3.873176498236211,60380.59285810504,0.0506480646212255,0.17365865330462057,0.023023872716802375,0.06413177908758955,0.030597584409588513,12.8872,0.323,4.425819173870786
情景一阈值控制,3.898164733708702,60380.58584764887,0.05194472788624774,0.17819472161117741,0.02361734518180137,0.06580693966857155,0.031396811688254964,12.8872,0.323,4.425818660013438
情景一阈值控制,3.923152969181194,60380.57865771667,0.05327458723045197,0.1828469186720454,0.02422597583840186,0.06752498635672688,0.032216500137699826,12.8872,0.323,4.425818133000729
情景一阈值控制,3.9481412046536857,60380.57128371306,0.054638492618235425,0.1876182178980702,0.02485015311311723,0.06928701722648986,0.03305717365458822,12.8872,0.323,4.425817592495825
情景一阈值控制,3.9731294401261774,60380.56372092484,0.05603731580471891,0.19251166893050475,0.02549027538789492,0.07109415850402552,0.0339193695669132,12.8872,0.323,4.425817038153253
情景一阈值控制,3.998117675598669,60380.55596451893,0.05747195071917817,0.19753039898239536,0.026146751175307494,0.07294756506260057,0.03480363887033971,12.8872,0.323,4.4258164696187565
情景一阈值控制,4.023105911071161,60380.54800953995,0.058943313909828564,0.20267761439459756,0.026819999321777872,0.07484842099721702,0.03571054650236498,12.8872,0.323,4.425815886529111
情景一阈值控制,4.048094146543653,60380.539850903566,0.060452345778191696,0.20795660495398954,0.027510449571571817,0.07679794121931925,0.03664067210316117,12.8872,0.323,4.425815288511641
情景一阈值控制,4.073082382016144,60380.531483395156,0.062000010824613296,0.21337074475237539,0.0282185426789767,0.07879737177398524,0.03759461016690876,12.8872,0.323,4.425814675184124
情景一阈值控制,4.098070617488636,60380.52290166754,0.06358729806244055,0.21892349363543842,0.028944730597539967,0.08084799037502205,0.03857297029709324,12.8872,0.323,4.425814046154615
情景一阈值控制,4.123058852961128,60380.514100237895,0.06521522159845987,0.22461839923332103,0.02968947674527462,0.08295110715485468,0.03957637756428074,12.8872,0.323,4.425813401021234
情景一阈值控制,4.14804708843362,60380.50507348079,0.06688482191393663,0.2304591014421239,0.0304532565899749,0.08510806631953441,0.040605473295730596,12.8872,0.323,4.42581273937164
情景一阈值控制,4.173035323906111,60380.49581562687,0.06859716611088981,0.23644933328546083,0.031236557761740374,0.08732024646690924,0.041660915227195984,12.8872,0.323,4.425812060782951
情景一阈值控制,4.198023559378603,60380.48632076038,0.07035334836809821,0.24259292250975528,0.032039880261325426,0.0895890611757635,0.04274337778400533,12.8872,0.323,4.425811364821547
情景一阈值控制,4.223011794851094,60380.4765828147,0.07215449076913241,0.2488937944809898,0.032863736838471436,0.0919159600755815,0.04385355259145173,12.8872,0.323,4.425810651042753
情景一阈值控制,4.248000030323586,60380.46659556572,0.07400174452656487,0.2553559764674064,0.033708653551254734,0.09430243042813977,0.04499214922937834,12.8872,0.323,4.4258099189903515
情景一阈值控制,4.272988265796077,60380.45635263042,0.07589629024480896,0.2619835985590162,0.03457516988617842,0.09674999746708005,0.046159895394190326,12.8872,0.323,4.425809168196474
情景一阈值控制,4.297976501268569,60380.44584746413,0.07783933842907585,0.26878089544815026,0.03546383899071457,0.09926022505546309,0.04735753721257692,12.8872,0.323,4.425808398181405
情景一阈值控制,4.322964736741061,60380.435073354,0.07983213068582967,0.2757522106290735,0.036375228221797465,0.10183471723667727,0.048585839981457546,12.8872,0.323,4.425807608453101
情景一阈值控制,4.347952972213553,60380.4240234137,0.08187594071015988,0.2829019998521559,0.03730991959695776,0.1044751195100568,0.04984558877658544,12.8872,0.323,4.4258067985068035
情景一阈值控制,4.372941207686044,60380.412690581354,0.08397207467128437,0.2902348324725212,0.03826850997045894,0.10718311932893494,0.05113758869017132,12.8872,0.323,4.425805967824885
情景一阈值控制,4.397929443158536,60380.40106761638,0.08612187178213039,0.29775539344268964,0.039251611293538734,0.10996044683652283,0.0524626651819747,12.8872,0.323,4.425805115876622
情景一阈值控制,4.422917678631028,60380.38914709073,0.08832670593700578,0.30546848904173207,0.04025985136266638,0.11280887698167406,0.05382166508874552,12.8872,0.323,4.425804242117546
情景一阈值控制,4.4479059141035195,60380.37692138558,0.0905879863130188,0.3133790489792547,0.04129387409433271,0.115730230295882,0.055215456994933354,12.8872,0.323,4.425803345989209
情景一阈值控制,4.472894149576011,60380.36438268849,0.09290715789516096,0.321492128232378,0.042354339764959545,0.11872637357167212,0.05664493155635168,12.8872,0.323,4.425802426918969
情景一阈值控制,4.497882385048503,60380.35152298805,0.09528570247324505,0.32981291053342127,0.04344192546640194,0.12179922115059684,0.05811100211468652,12.8872,0.323,4.4258014843195985
情景一阈值控制,4.522870620520995,60380.33833406518,0.09772514024686693,0.33834671398464156,0.044557325839258456,0.12495073699674678,0.05961460568677873,12.8872,0.323,4.425800517588652
情景一阈值控制,4.5478588559934865,60380.324807490884,0.10022703024082831,0.34709899251155424,0.04570125326267771,0.12818293523345903,0.06115670322069019,12.8872,0.323,4.425799526108293
情景一阈值控制,4.572847091465978,60380.31093462258,0.10279297098277454,0.3560753382336351,0.046874438163969356,0.13149788101881255,0.06273828001340687,12.8872,0.323,4.425798509245032
情景一阈值控制,4.597835326938469,60380.296706594985,0.10542460219410475,0.36528148737976274,0.048077629791183,0.13489769273018867,0.06436034675310331,12.8872,0.323,4.425797466349056
情景一阈值控制,4.622823562410961,60380.28211431457,0.10812360580934803,0.37472332385438234,0.04931159667886194,0.1383845432812481,0.06602394014747877,12.8872,0.323,4.42579639675382
情景一阈值控制,4.6478117978834526,60380.26714845651,0.1108917065429337,0.3844068812203458,0.05057712690699873,0.14196066085418937,0.06773012327312136,12.8872,0.323,4.425795299775827
情景一阈值控制,4.672800033355944,60380.25179945861,0.11373067301152442,0.39433834662531797,0.05187502861382806,0.14562833034976277,0.06947998626731663,12.8872,0.323,4.425794174714181
情景一阈值控制,4.697788268828436,60380.236057511065,0.11664231963337052,0.40452406744644603,0.05320613086364244,0.14938989584113277,0.07127464749879744,12.8872,0.323,4.425793020849835
情景一阈值控制,4.722776504300928,60380.21991255346,0.11962850717503944,0.41497055320306153,0.05457128389659188,0.1532477612802349,0.07311525390475017,12.8872,0.323,4.425791837445374
情景一阈值控制,4.7477647397734195,60380.20335427033,0.12269114357893544,0.42568447845176904,0.05597135950677441,0.15720439156692606,0.07500298150091153,12.8872,0.323,4.425790623744689
情景一阈值控制,4.772752975245911,60380.18637208008,0.12583218600682503,0.436672689935515,0.057407251975921926,0.1612623151891206,0.07693903664119046,12.8872,0.323,4.425789378972161
情景一阈值控制,4.797741210718403,60380.16895512927,0.12905364190278013,0.4479422103021957,0.05887987855905799,0.16542412559606462,0.07892465667286391,12.8872,0.323,4.425788102332247
情景一阈值控制,4.822729446190895,60380.15109228877,0.1323575697038385,0.4595002405909342,0.060390179809194915,0.1696924821165129,0.08096111037464353,12.8872,0.323,4.4257867930091965
情景一阈值控制,4.8477176816633865,60380.132772144716,0.13574608050136577,0.47135416604425673,0.0619391203364069,0.1740701121051534,0.08304969898074528,12.8872,0.323,4.42578545016639
情景一阈值控制,4.872705917135878,60380.113982988565,0.13922133990021257,0.48351156261218214,0.06352768965727679,0.17855981334455417,0.08519175732687,12.8872,0.323,4.4257840729456035
情景一阈值控制,4.89769415260837,60380.094712813305,0.14278556870236303,0.4959801993439843,0.0651569025072518,0.1831644549284358,0.08738865427161707,12.8872,0.323,4.425782660466741
情景一阈值控制,4.922682388080862,60380.07494930675,0.14644104415584702,0.5087680427575214,0.06682779941126644,0.18788697887525618,0.08964179346633344,12.8872,0.323,4.425781211827333
情景一阈值控制,4.947670623553353,60380.05467983827,0.1501901024055208,0.5218832654130996,0.06854144780349986,0.19273040329452013,0.09195261486577548,12.8872,0.323,4.425779726101573
情景一阈值控制,4.972658859025845,60380.03389145436,0.1540351393165747,0.535334248794499,0.07029894240363334,0.1976978234507364,0.09432259523572799,12.8872,0.323,4.425778202339984
情景一阈值控制,4.997647094498337,60380.01257087275,0.15797861155953893,0.5491295871049499,0.07210140571258301,0.20279241316526375,0.0967532488218319,12.8872,0.323,4.425776639568993
情景一阈值控制,5.022635329970828,60379.99070446857,0.16202303917058145,0.5632780962241836,0.07394998918229329,0.20801742812413138,0.09924612892776134,12.8872,0.323,4.425775036789917
情景一阈值控制,5.0476235654433195,60379.96827826749,0.16617100681797858,0.5777888181391289,0.07584587379438318,0.21337620751428543,0.10180282869588508,12.8872,0.323,4.425773392978454
情景一阈值控制,5.072611800915811,60379.94527794036,0.17042516480235176,0.5926710244433598,0.07779027051714718,0.21887217531592837,0.10442498172384766,12.8872,0.323,4.425771707084294
情景一阈值控制,5.097600036388303,60379.921688789815,0.17478823152078396,0.6079342249577387,0.07978442143140116,0.2245088434861041,0.10711426358347358,12.8872,0.323,4.425769978030143
情景一阈值控制,5.122588271860795,60379.89749574049,0.17926299528675466,0.6235881740973832,0.08182960056200451,0.23028981431000559,0.1098723929425876,12.8872,0.323,4.425768204710993
情景一阈值控制,5.147576507333286,60379.87268333383,0.18385231528751778,0.6396428742211935,0.08392711431527836,0.2362187816379487,0.11270113215518085,12.8872,0.323,4.425766385993754
情景一阈值控制,5.172564742805778,60379.84723571534,0.18855912393876992,0.6561085838696825,0.08607830255484232,0.24229953392758538,0.1156022887128657,12.8872,0.323,4.42576452071631
情景一阈值控制,5.19755297827827,60379.82113662203,0.1933864292083542,0.6729958258943813,0.0882845396633059,0.24853595724607616,0.11857771667722687,12.8872,0.323,4.4257626076866075
情景一阈值控制,5.222541213750762,60379.79436937709,0.19833731560524276,0.6903153909179501,0.09054723499412623,0.2549320365479022,0.12162931728947178,12.8872,0.323,4.425760645682257
情景一阈值控制,5.247529449223253,60379.7669168775,0.20341494646612132,0.7080783453339092,0.09286783391633512,0.2614918586291488,0.12475904037993363,12.8872,0.323,4.42575863344963
情景一阈值控制,5.272517684695745,60379.73876157923,0.2086225666945125,0.726296040889417,0.09524781906603248,0.2682196156664061,0.12796888605649806,12.8872,0.323,4.425756569702769
情景一阈值控制,5.297505920168237,60379.70988549143,0.21396350383561033,0.7449801184457586,0.0976887108374688,0.275119606605509,0.13126090536717788,12.8872,0.323,4.425754453122971
情景一阈值控制,5.322494155640729,60379.68027016396,0.21944117037791894,0.7641425160308289,0.10019206843464802,0.28219624013530265,0.13463720171891103,12.8872,0.323,4.425752282357863
情景一阈值控制,5.34748239111322,60379.64989667088,0.22505906681541568,0.7837954795521168,0.10275949127041455,0.2894540386439253,0.13809993276512242,12.8872,0.323,4.4257500560202
情景一阈值控制,5.372470626585712,60379.61874560401,0.23082078283321902,0.8039515669449832,0.10539261950817394,0.2968976397507586,0.14165131113662488,12.8872,0.323,4.425747772687385
情景一阈值控制,5.397458862058203,60379.58679705982,0.23672999973088804,0.824623656650859,0.10809313516907967,0.3045317994374086,0.1452936059354254,12.8872,0.323,4.425745430900516
情景一阈值控制,5.422447097530695,60379.55403062159,0.24279049372466294,0.845824959170209,0.1108627636408084,0.3123613963141911,0.14902914477028614,12.8872,0.323,4.425743029163075
情景一阈值控制,5.447435333003186,60379.520425352384,0.24900613724562431,0.8675690216044201,0.1137032742706756,0.32039143329744163,0.15286031455697732,12.8872,0.323,4.425740565940411
情景一阈值控制,5.472423568475678,60379.48595978063,0.2553809016087221,0.8898697369937754,0.11661648158509276,0.3286270410580097,0.15678956316357037,12.8872,0.323,4.425738039658685
情景一阈值控制,5.49741180394817,60379.4506118814,0.2619188604697276,0.9127413564117535,0.11960424686902699,0.3370734824876587,0.16081940154137928,12.8872,0.323,4.4257354487035006
情景一阈值控制,5.522400039420662,60379.41435906884,0.26862419123359493,0.9361984938925512,0.12266847880946559,0.3457361545187893,0.16495240459315944,12.8872,0.323,4.425732791419341
情景一阈值控制,5.547388274893153,60379.3771781796,0.27550117810902497,0.9602561371179489,0.12581113489101936,0.3546205920710768,0.16919121305606766,12.8872,0.323,4.425730066108365
情景一阈值控制,5.572376510365645,60379.33904545395,0.2825542156088078,0.9849296596634999,0.12903422299520464,0.3637324725739635,0.17353853565936514,12.8872,0.323,4.425727271029013
情景一阈值控制,5.597364745838137,60379.2999365274,0.2897878100944482,1.010234826402899,0.1323398021061634,0.37307761796248057,0.177997150076634,12.8872,0.323,4.4257244043954005
情景一阈值控制,5.6223529813106286,60379.259826411384,0.29720658335469213,1.03618780602804,0.1357299839456591,0.38266199930087924,0.18256990513173413,12.8872,0.323,4.425721464375899
情景一阈值控制,5.64734121678312,60379.21868947485,0.30481527600126507,1.0628051829293452,0.13920693452456342,0.39249174117001195,0.1872597228920441,12.8872,0.323,4.425718449091784
情景一阈值控制,5.672329452255612,60379.17649943473,0.31261874924131494,1.0901039633973264,0.14277287495266058,0.4025731239575554,0.19206959976113794,12.8872,0.323,4.425715356616543
情景一阈值控制,5.697317687728104,60379.133229333216,0.3206219890694529,1.1181015902891358,0.14643008335395186,0.4129125892743379,0.1970026090629411,12.8872,0.323,4.4257121849742
情景一阈值控制,5.7223059232005955,60379.08885152086,0.32883010940426577,1.1468159540021141,0.15018089629970013,0.4235167440068474,0.2020619029752019,12.8872,0.323,4.4257089321380905
情景一阈值控制,5.747294158673087,60379.04333764477,0.33724835426209526,1.176265400079643,0.15402770980159775,0.43439236312605733,0.20725071386959604,12.8872,0.323,4.425705596029981
情景一阈值控制,5.772282394145579,60378.9966586228,0.3458821025363165,1.2064687459322647,0.1579729814953736,0.44554639586250067,0.21257235725788431,12.8872,0.323,4.4257021745181895
情景一阈值控制,5.797270629618071,60378.94878462839,0.3547368707938222,1.237445290621814,0.16201923191847636,0.45698596931953006,0.21803023351581713,12.8872,0.323,4.4256986654164665
情景一阈值控制,5.822258865090562,60378.8996850755,0.3638183160731848,1.26921482465191,0.16616904578851438,0.4687183920889261,0.2236278296081582,12.8872,0.323,4.425695066482897
情景一阈值控制,5.847247100563053,60378.84932859038,0.37313224109180176,1.3017976481860964,0.17042507438234872,0.480751160978818,0.22936872229860886,12.8872,0.323,4.425691375417824
情景一阈值控制,5.872235336035545,60378.79768299872,0.3826845966352501,1.3352145794078765,0.1747900366277563,0.4930919641010275,0.23525657962279448,12.8872,0.323,4.425687589862913
情景一阈值控制,5.897223571508037,60378.744715304274,0.39248148549585654,1.3694869683011905,0.17926672090290882,0.5057486859601709,0.24129516331630008,12.8872,0.323,4.425683707399582
情景一阈值控制,5.9222118069805285,60378.690391662014,0.40252916745050166,1.4046367140663076,0.18385798731067884,0.5187294138853105,0.24748833188324257,12.8872,0.323,4.425679725547035
情景一阈值控制,5.94720004245302,60378.634677365146,0.41283406165723785,1.4406862735056505,0.1885667687736129,0.5320424411268233,0.2538400420738019,12.8872,0.323,4.425675641761306
情景一阈值控制,5.972188277925512,60378.57753681663,0.4234027519186116,1.477658679439178,0.19339607343867582,0.5456962736571633,0.2603543521288977,12.8872,0.323,4.425671453433182
情景一阈值控制,5.997176513398004,60378.51893350661,0.4342419908580669,1.515577555316696,0.1983489865853987,0.559699635567157,0.2670354243547883,12.8872,0.323,4.4256671578865365
情景一阈值控制,6.0221647488704955,60378.45882999559,0.44535870303643715,1.5544671261226837,0.20342867204974652,0.574061473093133,0.2738875270444342,12.8872,0.323,4.425662752377102
情景一阈值控制,6.047152984342987,60378.39718788103,0.456759991119766,1.594352239956225,0.20863837504211832,0.5887909625863468,0.28091503827974884,12.8872,0.323,4.425658234090023
情景一阈值控制,6.072141219815479,60378.33396777961,0.4684531391647499,1.6352583795266147,0.2139814236484134,0.6038975147582825,0.2881224479570534,12.8872,0.323,4.425653600138554
情景一阈值控制,6.097129455287971,60378.26912930204,0.4804456172769898,1.6772116784525586,0.2194612309583079,0.6193907806999149,0.2955143606588958,12.8872,0.323,4.4256488475622096
情景一阈值控制,6.122117690760462,60378.202631020744,0.49274508758615887,1.7202389421681965,0.22508129779523028,0.63528065960226,0.3030954993375627,12.8872,0.323,4.425643973324405
情景一阈值控制,6.147105926232954,60378.134430453065,0.5053594073509484,1.7643676587878592,0.23084521413494674,0.6515773027687065,0.3108707072293828,12.8872,0.323,4.425638974311215
情景一阈值控制,6.172094161705446,60378.06448402602,0.5182966354796047,1.8096260219209048,0.23675666208469381,0.668291122040488,0.3188449518745607,12.8872,0.323,4.425633847328797
情景一阈值控制,6.197082397177937,60377.99274705094,0.5315650372126155,1.8560429470561475,0.24281941802262427,0.685432795847418,0.3270233280040118,12.8872,0.323,4.42562858910153
情景一阈值控制,6.2220706326504285,60377.91917369985,0.5451730885048212,1.9036480868956371,0.24903735459990195,0.7030132748706233,0.33541106024108025,12.8872,0.323,4.425623196270282
情景一阈值控制,6.24705886812292,60377.84371696619,0.5591294832672238,1.9524718566930412,0.25541444404937524,0.721043791399955,0.3440135075660051,12.8872,0.323,4.425617665389534
情景一阈值控制,6.272047103595412,60377.76632864529,0.5734431370028211,2.002545446976248,0.2619547598467098,0.7395358640324199,0.35283616555756514,12.8872,0.323,4.425611992925943
情景一阈值控制,6.297035339067904,60377.686959297025,0.5881231936880545,2.0539008476259144,0.26866247985439556,0.7585013065643381,0.3618846706355704,12.8872,0.323,4.425606175255617
情景一阈值控制,6.322023574540395,60377.60555821428,0.6031790316248566,2.1065708683517586,0.27554188899544724,0.7779522355531945,0.37116480366865845,12.8872,0.323,4.425600208661788
情景一阈值控制,6.347011810012887,60377.5220733974,0.6186202681489801,2.160589155168513,0.28259738140452606,0.7979010764021748,0.3806824928772562,12.8872,0.323,4.4255940893329475
情景一阈值控制,6.372000045485379,60377.43645151009,0.6344567677985903,2.2159902189778276,0.28983346416002903,0.8183605739154028,0.39044381886953483,12.8872,0.323,4.425587813359615
情景一阈值控制,6.396988280957871,60377.348637856,0.6506986466316632,2.272809450676219,0.2972547592566032,0.8393437978772741,0.4004550173033375,12.8872,0.323,4.4255813767326195
情景一阈值控制,6.421976516430362,60377.25857633733,0.6673562798867636,2.3310831479614103,0.304866007105196,0.8608641529519815,0.4107224836092909,12.8872,0.323,4.425574775340064
情景一阈值控制,6.446964751902854,60377.166209419076,0.6844403085959895,2.39084853847171,0.31267206955437976,0.8829353872288402,0.42125277706782177,12.8872,0.323,4.425568004964709
情景一阈值控制,6.471952987375346,60377.07147809907,0.7019616451253862,2.452143799174333,0.320677932421619,0.9055715993823537,0.43205262422525875,12.8872,0.323,4.425561061281771
情景一阈值控制,6.496941222847838,60376.97432185907,0.7199314822085646,2.5150080879749455,0.3288887096205544,0.9287872503455529,0.4431289244632401,12.8872,0.323,4.42555393985534
情景一阈值控制,6.521929458320329,60376.87467863811,0.738361297886721,2.579481561005197,0.3373096454179597,0.9525971696942465,0.45448875304466996,12.8872,0.323,4.4255466361364295
情景一阈值控制,6.546917693792821,60376.77248478377,0.7572628645129056,2.6456054041309294,0.34594611854758733,0.9770165672829358,0.4661393666652706,12.8872,0.323,4.4255391454594
情景一阈值控制,6.571905929265313,60376.66767501523,0.7766482555873742,2.71342185687095,0.35480364533308034,1.002061042077969,0.4780882076679231,12.8872,0.323,4.42553146303925
情景一阈值控制,6.5968941647378045,60376.560182384696,0.7965298528861775,2.7829742373435837,0.36388788294482344,1.0277465913702495,0.49034290843809536,12.8872,0.323,4.425523583968794
情景一阈值控制,6.621882400210295,60376.44993822589,0.816920355987263,2.854306975600582,0.3732046337522071,1.0540896230853811,0.5029112972770724,12.8872,0.323,4.425515503214885
情景一阈值控制,6.646870635682787,60376.33687212228,0.8378327881423252,2.9274656341767793,0.3827598480062875,1.0811069633726114,0.5158014020226785,12.8872,0.323,4.425507215616079
情景一阈值控制,6.671858871155279,60376.220911849734,0.8592805068845596,3.00249694521001,0.3925596286862095,1.1088158703131408,0.5290214565895781,12.8872,0.323,4.425498715878442
情景一阈值控制,6.696847106627771,60376.101983340486,0.8812772106910953,3.079448833756704,0.4026102345430765,1.137234042530523,0.5425799050773396,12.8872,0.323,4.425489998572903
情景一阈值控制,6.721835342100262,60375.98001063065,0.903836948679701,3.1583704517257836,0.4129180845300939,1.1663796317223831,0.5564854077493793,12.8872,0.323,4.425481058131409
情景一阈值控制,6.746823577572754,60375.85491581088,0.9269741297424622,3.2393122098411795,0.42348976197550564,1.1962712544641079,0.5707468466645595,12.8872,0.323,4.425471888843303
情景一阈值控制,6.771811813045246,60375.7266189837,0.9507035304248572,3.3223258052169578,0.4343320181822714,1.226928002392282,0.5853733305357564,12.8872,0.323,4.425462484852206
情景一阈值控制,6.796800048517738,60375.5950382011,0.9750403064744017,3.4074642617708526,0.445451777704335,1.258369457129323,0.6003742018504746,12.8872,0.323,4.425452840151434
情景一阈值控制,6.821788283990229,60375.460089425746,1.0,3.4947819552814248,0.45685614161746546,1.2906156995370364,0.6157590412857649,12.8872,0.323,4.42544294858116
情景一阈值控制,6.846780992040087,60375.32166137563,1.0256031921252509,3.5843508900196452,0.4685545133644735,1.3236933206427703,0.6315405355503912,12.8872,0.323,4.425432801984556
情景一阈值控制,6.871773700089946,60375.17968926419,1.0518618642451925,3.6762129857049524,0.48055236706481325,1.3576178013116318,0.6477260706405571,12.8872,0.323,4.425422395612852
情景一阈值控制,6.896766408139804,60375.03408252008,1.0787927667637338,3.7704268459058135,0.4928573558429095,1.3924107837194364,0.6643259721438375,12.8872,0.323,4.4254117228272865
情景一阈值控制,6.921759116189663,60374.884748321005,1.1064130663335379,3.8670525306579506,0.5054773229993637,1.4280944479123237,0.6813508222683613,12.8872,0.323,4.4254007768241035
情景一阈值控制,6.946751824239521,60374.73159129806,1.1347404005226553,3.9661517477735893,0.5184203269865123,1.4646915824568658,0.6988114935503216,12.8872,0.323,4.425389550612888
情景一阈值控制,6.97174453228938,60374.574513535714,1.1637928778145326,4.067787852841486,0.5316946414084309,1.502225584440077,0.7167191488539806,12.8872,0.323,4.425378037016558
情景一阈值控制,6.996737240339238,60374.413414571776,1.1935890776080025,4.172025849226902,0.5453087550209305,1.540720459469403,0.735085241371665,12.8872,0.323,4.425366228671363
情景一阈值控制,7.021729948389097,60374.24819139748,1.2241480502172952,4.27893238807163,0.5592713717315608,1.5802008216727328,0.7539215146237707,12.8872,0.323,4.425354118026897
情景一阈值控制,7.046722656438955,60374.07873845739,1.2554893168720265,4.3885757682939674,0.573591410599607,1.6206918936983867,0.7732400024587577,12.8872,0.323,4.425341697346083
情景一阈值控制,7.0717153644888135,60373.90494750622,1.2876328962016546,4.501026029286932,0.5882780179357414,1.6622195409483773,0.7930530453860059,12.8872,0.323,4.425328958694679
情景一阈值控制,7.0967080725386715,60373.72670737896,1.32059934671531,4.616355099615626,0.6033405867090154,1.7048103264920313,0.813373316775371,12.8872,0.323,4.425315893924437
情景一阈值控制,7.1217007805885295,60373.543904541744,1.354409664969749,4.734636440600158,0.6187887100238872,1.7484913794419108,0.8342137600586961,12.8872,0.323,4.4253024947134705
情景一阈值控制,7.146693488638388,60373.3564223652,1.3890854199042113,4.855945516486487,0.6346322424925657,1.7932905685869223,0.8555876715710131,12.8872,0.323,4.425288752512997
情景一阈值控制,7.171686196688246,60373.164141062494,1.4246487642951564,4.980359834538422,0.6508813054682177,1.8392365171982115,0.8775087076145086,12.8872,0.323,4.4252746585428
情景一阈值控制,7.196678904738105,60372.966937689314,1.4611224347562723,5.107958945037659,0.6675462870449735,1.8863586030291755,0.8999908844585285,12.8872,0.323,4.425260203791217
情景一阈值控制,7.221671612787963,60372.764686143906,1.4985297517384653,5.23882444128374,0.6846378420579218,1.9346869583154493,0.9230485783395719,12.8872,0.323,4.425245379015156
情景一阈值控制,7.246664320837822,60372.55725716701,1.5368946195298696,5.373039959594098,0.702166892083114,1.9842524697749184,0.946696525461298,12.8872,0.323,4.4252301747400775
情景一阈值控制,7.27165702888768,60372.344518340535,1.5762415265145284,5.510691180209558,0.7201446255557432,2.0350867789421248,0.9709498221540713,12.8872,0.323,4.425214581259909
情景一阈值控制,7.296649736937539,60372.12633363029,1.6165956296835553,5.651866123135228,0.7385825363788583,2.087222391421686,0.995823977000302,12.8872,0.323,4.425198588603522
情景一阈值控制,7.321642444987397,60371.90256382464,1.6579826735450909,5.796654864309609,0.7574923868768648,2.1406925720701415,1.021334860825193,12.8872,0.323,4.425182186566883
情景一阈值控制,7.346635153037256,60371.67306630331,1.7004290328713194,5.94514968522215,0.7768862273248617,2.195531400249404,1.0474987330584307,12.8872,0.323,4.4251653646961095
情景一阈值控制,7.371627861087114,60371.43769454578,1.7439618035673452,6.097445390994452,0.7967764374621857,2.251773887293486,1.0743322977781329,12.8872,0.323,4.425148112251439
情景一阈值控制,7.396620569136973,60371.19629813124,1.7886088026712048,6.253639310380314,0.8171757264924177,2.3094559765085148,1.1018527037108572,12.8872,0.323,4.42513041820722
情景一阈值控制,7.421613277186831,60370.94872273867,1.834398568353854,6.4138312957656884,0.8380971330833756,2.368614543172718,1.1300775442315922,12.8872,0.323,4.4251122712519235
情景一阈值控制,7.446605985236689,60370.69481014677,1.8813603599191793,6.578123723168719,0.8595540253671212,2.4292873945364377,1.1590248573637658,12.8872,0.323,4.425093659788131
情景一阈值控制,7.4715986932865475,60370.434398234,1.9295241578039937,6.746621492239727,0.8815601009399566,2.4915132698221236,1.188713125779241,12.8872,0.323,4.425074571932546
情景一阈值控制,7.496591401336406,60370.167320656794,1.978920723043522,6.919432234458971,0.9041294140283872,2.5553319171113356,1.219161313481479,12.8872,0.323,4.4250549954924
情景一阈值控制,7.521584109386264,60369.89340686798,2.0295815938535915,7.0966663012141264,0.9272763739268258,2.620784088941775,1.2503888637048646,12.8872,0.323,4.425034917966805
情景一阈值控制,7.546576817436122,60369.61248234027,2.081539044339284,7.278436619217829,0.9510157261345196,2.6879114889132922,1.2824156734401675,12.8872,0.323,4.425014326563139
情景一阈值控制,7.571569525485981,60369.32436778408,2.1348262290507125,7.464859196584885,0.9753626183945212,2.7567569585811436,1.3152621826022293,12.8872,0.323,4.424993208139706
情景一阈值控制,7.596562233535839,60369.02887913566,2.189477185176931,7.656053130513175,1.0003326016959522,2.8273644802925313,1.3489493753832902,12.8872,0.323,4.424971549204875
情景一阈值控制,7.621554941585698,60368.72582755712,2.245526832545948,7.852140607283699,1.025941630274009,2.8997791771866224,1.3834987802529968,12.8872,0.323,4.424949335917069
情景一阈值控制,7.646547649635556,60368.415019436434,2.3030109736247137,8.053246902260522,1.0522060616099556,2.9740473131945278,1.4189324699583934,12.8872,0.323,4.424926554084782
情景一阈值控制,7.671540357685415,60368.09625638739,2.361966293519132,8.259500379890827,1.079142656431131,3.0502162930393233,1.4552730615239309,12.8872,0.323,4.424903189166559
情景一阈值控制,7.696533065735273,60367.769334782926,2.422430446212227,8.47103279569843,1.106768618106321,3.1283347737616203,1.4925437694608614,12.8872,0.323,4.424879226236801
情景一阈值控制,7.721525773785132,60367.43404606684,2.484441996937468,8.687979094558736,1.1351015663191166,3.208452590222939,1.5307683702245334,12.8872,0.323,4.4248546500086094
情景一阈值控制,7.74651848183499,60367.09017656253,2.548040457540299,8.910477534477527,1.1641595532228575,3.2906208008169426,1.5699712240234451,12.8872,0.323,4.424829444819766
情景一阈值控制,7.771511189884848,60366.73750680002,2.6132664108321544,9.1386701220166,1.1939611202490195,3.37489184827123,1.610177351538563,12.8872,0.323,4.424803594583405
情景一阈值控制,7.7965038979347066,60366.375811515936,2.680161510598755,9.372702612322815,1.224525298111004,3.4613195596580555,1.6514124339284368,12.8872,0.323,4.424777082788014
情景一阈值控制,7.821496605984565,60366.0048596535,2.748768481600099,9.612724509128071,1.2558716068041356,3.5499591463943263,1.6937028128291982,12.8872,0.323,4.424749892497432
情景一阈值控制,7.846489314034423,60365.6244143625,2.819131119570469,9.858889064749327,1.2880200556056633,3.640867204241605,1.7370754903545613,12.8872,0.323,4.424722006350844
情景一阈值控制,7.871482022084281,60365.23423288931,2.891294311547889,10.111353351292301,1.3209911523613946,3.7341017396014924,1.78155814164148,12.8872,0.323,4.4246934065547245
情景一阈值控制,7.89647473013414,60364.83406603663,2.965304135652037,10.370278610184513,1.354805949063615,3.8297222985974453,1.8271791764357088,12.8872,0.323,4.424664074843234
情景一阈值控制,7.921467438183998,60364.42365888228,3.0412077282865226,10.635829787093463,1.3894859811873101,3.927789795321037,1.8739676571472599,12.8872,0.323,4.424633992530908
情景一阈值控制,7.946460146233857,60364.00274971403,3.119053480950058,10.908176221158971,1.4250533575968287,4.028366766364018,1.9219534202888888,12.8872,0.323,4.424603140434578
情景一阈值控制,7.971452854283715,60363.57106984521,3.1988910742949916,11.187491764274268,1.4615307761042307,4.131517414868579,1.9711670974926896,12.8872,0.323,4.42457149885986
情景一阈值控制,7.996445562333574,60363.12834361472,3.2807714781273303,11.473954781086075,1.4989415234692953,4.237307610527377,2.021640115510107,12.8872,0.323,4.424539047601154
情景一阈值控制,8.021438270383431,60362.674288387054,3.3647469514067154,11.767748148994507,1.5373094753995111,4.345804889583502,2.073404696211922,12.8872,0.323,4.4245057659416425
情景一阈值控制,8.04643097843329,60362.20861452337,3.450871047584943,12.069059276855404,1.5766590989886564,4.457078461737211,2.1264938598834853,12.8872,0.323,4.424471632651175
情景一阈值控制,8.071423686483149,60361.73102472174,3.539198736442524,12.378080531869596,1.6170155083691615,4.571199367795237,2.1809415004399733,12.8872,0.323,4.424436625937904
情景一阈值控制,8.096416394533007,60361.241214709786,3.6297862761334487,12.695008791425591,1.6584044062612557,4.688240314167234,2.236782306463836,12.8872,0.323,4.42440072349906
情景一阈值控制,8.121409102582867,60360.738872313,3.7226913852990644,13.02004604593258,1.7008521625954622,4.808275895490748,2.294051867420254,12.8872,0.323,4.424363902452656
情景一阈值控制,8.146401810632725,60360.22367702215,3.81797332297239,13.353399678723049,1.7443858510125603,4.9313826979986715,2.352786722974256,12.8872,0.323,4.42432613930578
情景一阈值控制,8.171394518682582,60359.695299993284,3.9156928885781532,13.695282466052925,1.7890332488636014,5.057639299519292,2.4130243629907406,12.8872,0.323,4.424287409954598
情景一阈值控制,8.19638722673244,60359.153404047735,4.015912421932765,14.045912577101475,1.8348228372098991,5.187126269476259,2.4748032275344634,12.8872,0.323,4.424247689684351
情景一阈值控制,8.221379934782298,60358.59764363011,4.118695810999334,14.405513601147108,1.8817838043652675,5.319926178924548,2.538162711658241,12.8872,0.323,4.424206953166275
情景一阈值控制,8.246372642832158,60358.02766410968,4.224108620861172,14.774314999621538,1.9299461048049655,5.456123767493127,2.6031432450521126,12.8872,0.323,4.424165174406397
情景一阈值控制,8.271365350882016,60357.4431024904,4.332217962568691,15.152551646648211,1.9793403992562957,5.595805773706748,2.66978621108904,12.8872,0.323,4.42412232679758
情景一阈值控制,8.296358058931874,60356.843586296534,4.443092698970864,15.540464550143879,2.0299981487197054,5.739061201287262,2.7381340738785616,12.8872,0.323,4.424078383037835
情景一阈值控制,8.321350766981732,60356.2287331595,4.556803521001343,15.938301119115613,2.0819516493144756,5.885981417865845,2.808230425362878,12.8872,0.323,4.424033315100039
情景一阈值控制,8.346343475031592,60355.59815081788,4.673422947678481,16.34631516366086,2.1352340322787304,6.0366601549830206,2.8801199853168633,12.8872,0.323,4.42398709423194
情景一阈值控制,8.37133618308145,60354.95143711744,4.793025326105298,16.764766894967323,2.1898792639694182,6.1911935080886185,2.9538486013480423,12.8872,0.323,4.4239396909561535
情景一阈值控制,8.396328891131308,60354.288179822295,4.915686866315196,17.193923047469752,2.2459221617776857,6.349679981654019,3.0294632704198645,12.8872,0.323,4.423891075056324
情景一阈值控制,8.421321599181166,60353.60795606008,5.041485743632353,17.634057237886502,2.3033984408766224,6.512220621763607,3.107012202111736,12.8872,0.323,4.423841215536454
情景一阈值控制,8.446314307231024,60352.91033285789,5.170501999728051,18.085449618400176,2.3623446690289436,6.678918888035108,3.1865447575115806,12.8872,0.323,4.423790080660193
情景一阈值控制,8.471307015280884,60352.19486572166,5.302817804920739,18.548387795901206,2.4227983863954603,6.84988099309433,3.268111611180899,12.8872,0.323,4.423737637846701
情景一阈值控制,8.496299723330742,60351.46109848902,5.4385174853328735,19.02316692717314,2.4847981179390106,7.025215937726882,3.3517647679258245,12.8872,0.323,4.423683853659867
情景一阈值控制,8.5212924313806,60350.70856332927,5.577687522890983,19.510089718892814,2.548383373424483,7.205035510878251,3.4375575627971573,12.8872,0.323,4.423628693808309
情景一阈值控制,8.546285139430458,60349.93678073869,5.720416556207138,20.00946643072134,2.6135946478214027,7.389454290795289,3.5255446616349757,12.8872,0.323,4.423572123145026
情景一阈值控制,8.571277847480317,60349.145258828255,5.866795511956055,20.521615336119208,2.680473481303424,7.57858981520427,3.615782142261417,12.8872,0.323,4.4235141056151885
情景一阈值控制,8.596270555530175,60348.33349379062,6.016917518626039,21.04686242023382,2.7490624198499276,7.772562469741391,3.708327441250324,12.8872,0.323,4.423454604290372
情景一阈值控制,8.621263263580033,60347.50096891613,6.170878088165295,21.58554201654576,2.8194050982135583,7.971495723064911,3.8032394661003934,12.8872,0.323,4.42339358129643
情景一阈值控制,8.646255971629891,60346.64715381355,6.328775259810426,22.13799731112894,2.8915463056110458,8.17551631307737,3.900578684082704,12.8872,0.323,4.42333099775637
情景一阈值控制,8.67124867967975,60345.771504410026,6.490709600086449,22.70458034265062,2.965531985723208,8.384754246925601,4.0004071222407225,12.8872,0.323,4.4232668137903595
情景一阈值控制,8.696241387729609,60344.87346295108,6.656784202806805,23.28565200237145,3.041409236694958,8.599342801000745,4.102788367390311,12.8872,0.323,4.423200988515718
情景一阈值控制,8.721234095779467,60343.95245754925,6.8271047723091405,23.88158232621664,3.119226349146302,8.819418628799525,4.207787617580866,12.8872,0.323,4.423133480013835
情景一阈值控制,8.746226803829325,60343.007902003585,7.001779656599505,24.492750611546192,3.1990328212982733,9.045121804047243,4.315471702669512,12.8872,0.323,4.42306424531694
情景一阈值控制,8.771219511879185,60342.03919556196,7.180919891272315,25.119545570962405,3.2808793790360284,9.276595877498586,4.425909111421039,12.8872,0.323,4.422993240390685
情景一阈值控制,8.796212219929043,60341.045721541384,7.364639454057423,25.76236622503756,3.3648180921618107,9.513988206620091,4.539170148801019,12.8872,0.323,4.422920420033003
情景一阈值控制,8.8212049279789,60340.02684730467,7.553055269118114,26.42162191739045,3.4509023763578037,9.757449961157873,4.655326938632191,12.8872,0.323,4.422845737872408
情景一阈值控制,8.846197636028759,60338.98192426043,7.746287207051058,27.097732314686198,3.5391869931861097,10.007136123137569,4.774453423594439,12.8872,0.323,4.422769146367993
情景一阈值控制,8.871190344078617,60337.91028744793,7.944458161406525,27.79112767528254,3.629728085029943,10.263205586074841,4.896625412558602,12.8872,0.323,4.422690596779
情景一阈值控制,8.896183052128476,60336.81125520661,8.147694109422302,28.502249063044196,3.722583202813883,10.525821233936583,5.021920618259256,12.8872,0.323,4.422610039140592
情景一阈值控制,8.921175760178334,60335.68412898429,8.356124147463204,29.23154847143061,3.817811322193361,10.795149986966264,5.150418679158204,12.8872,0.323,4.4225274222498
情景一阈值控制,8.946168468228192,60334.52819176322,8.569880781301892,29.979489841946055,3.9154729761186733,11.071363177795433,5.282201338889106,12.8872,0.323,4.422442693550152
情景一阈值控制,8.97116117627805,60333.34270801732,8.789099933989228,30.746549091759366,4.015630258429029,11.354636561643622,5.417352451123914,12.8872,0.323,4.422355799128542
情景一阈值控制,8.99615388432791,60332.12692371225,9.013920945854297,31.533214113704037,4.118346823852564,11.64515031631839,5.55595797957288,12.8872,0.323,4.422266683715228
情景一阈值控制,9.021146592377768,60330.88006570678,9.244486684748768,32.33998516359181,4.223687938341082,11.943089185249429,5.698106066226832,12.8872,0.323,4.422175290639962
情景一阈值控制,9.046139300427626,60329.601341683854,9.48094355850164,33.167374904813684,4.331720484738663,12.248642493959599,5.843887039215583,12.8872,0.323,4.422081561826929
情景一阈值控制,9.071132008477484,60328.28993936315,9.723441660188103,34.015908917870874,4.442513029125055,12.562004338233681,5.993393502584163,12.8872,0.323,4.421985437737038
情景一阈值控制,9.096124716527342,60326.945025104185,9.972135025612442,34.88612660420986,4.556135938391756,12.883373917902766,6.146720495542974,12.8872,0.323,4.421886857265519
情景一阈值控制,9.121117424577202,60325.56574389947,10.227181634568074,35.77858119064683,4.672661380817355,13.212955538478184,6.303965493247347,12.8872,0.323,4.421785757741432
情景一阈值控制,9.14611013262706,60324.15121933373,10.488743418347912,36.693839755759605,4.792163329496438,13.550958620898008,6.4652284114476455,12.8872,0.323,4.421682074924677
情景一阈值控制,9.171102840676918,60322.70055263713,10.756986433932923,37.632483842511476,4.914717641855432,13.897597927767732,6.630611714429803,12.8872,0.323,4.421575742936585
情景一阈值控制,9.196095548726777,60321.21282315571,11.032080777134789,38.59510915382107,5.040402019980545,14.253093450934884,6.8002203613766135,12.8872,0.323,4.421466694294419
情景一阈值控制,9.221088256776635,60319.6870863634,11.314200948979206,39.582326838894346,5.169296177916333,14.617670886528737,6.974162033011495,12.8872,0.323,4.42135485976564
情景一阈值控制,9.246080964826493,60318.122373180115,11.603525981331039,40.59476393447086,5.3014818990249335,14.99156179791165,7.152547209343373,12.8872,0.323,4.421240168317935
情景一阈值控制,9.271073672876351,60316.517689971675,11.90023943689425,41.63306336482355,5.437043035986017,15.375003615678972,7.33548916966663,12.8872,0.323,4.4211225471192055
情景一阈值控制,9.29606638092621,60314.87201815778,12.204529481323853,42.69788419545059,5.576065543713747,15.768239731346927,7.523104037260054,12.8872,0.323,4.421001921508839
情景一阈值控制,9.321059088976067,60313.18431360385,12.5165889947427,43.789902026590234,5.718637530235541,16.17151964267682,7.715510848721732,12.8872,0.323,4.420878214953122
情景一阈值控制,9.346051797025927,60311.4535062418,12.836615641652868,44.90980923856242,5.864849288617093,16.58509904427919,7.912831597196718,12.8872,0.323,4.420751349017452
情景一阈值控制,9.371044505075785,60309.67849799751,13.164812252586932,46.058316332811216,6.014793471208825,17.009240322857984,8.115191468660456,12.8872,0.323,4.420621243214421
情景一阈值控制,9.396037213125643,60307.85816270305,13.501386840261164,47.23615198868808,6.16856509702028,17.444212578180498,8.322718851923636,12.8872,0.323,4.420487814997377
情景一阈值控制,9.421029921175503,60305.99134599697,13.846552617905619,48.444063127969926,6.326261560086537,17.890291646903766,8.535545349999877,12.8872,0.323,4.420350979753124
情景一阈值控制,9.44602262922536,60304.07686428872,14.200528189347633,49.682815584926594,6.487982716206842,18.347760350029084,8.753805898167494,12.8872,0.323,4.420210650726009
情景一阈值控制,9.471015337275219,60302.113505030014,14.563537498873876,50.953193930736376,6.6538308600409675,18.816908428059023,8.977638733032592,12.8872,0.323,4.420066739037814
情景一阈值控制,9.496008045325077,60300.1000241883,14.93581029628859,52.256003108260735,6.823910937421161,19.29803314471634,9.207185680566289,12.8872,0.323,4.419919153502568
情景一阈值控制,9.521000753374935,60298.035145719965,15.317582233827604,53.59206877289682,6.9983305895923085,19.791439412820086,9.442592216160838,12.8872,0.323,4.419767800587927
情景一阈值控制,9.545993461424793,60295.917561556176,15.709094868762019,54.96223730174799,7.177200154400198,20.297439797672272,9.684007466245411,12.8872,0.323,4.41961258441414
情景一阈值控制,9.570986169474653,60293.745930584526,16.110595850221937,56.367376452539354,7.360632751535162,20.816354760394013,9.931584324382964,12.8872,0.323,4.419453406679408
情景一阈值控制,9.59597887752451,60291.5188788253,16.52233888625899,57.808375249559944,7.548744267458538,21.34851261580419,10.185479431173935,12.8872,0.323,4.4192901666728
情景一阈值控制,9.620971585574368,60289.23499704536,16.944584182844274,59.28614552760048,7.741653555800187,21.894250102592473,10.44585344628858,12.8872,0.323,4.419122761099352
情景一阈值控制,9.645964293624228,60286.89283968065,17.377598641960336,60.8016226291089,7.939482527775318,22.453912640777393,10.712871171301472,12.8872,0.323,4.418951084001095
情景一阈值控制,9.670957001674086,60284.49092483431,17.821655861957375,62.35576540544587,8.142356152347014,23.027854332169998,10.986701549912716,12.8872,0.323,4.418775026756908
情景一阈值控制,9.695949709723944,60282.02773331392,18.27703631398107,63.9495568398043,8.350402536711965,23.61643819041674,11.267517777702523,12.8872,0.323,4.418594478011959
情景一阈值控制,9.720942417773802,60279.50170859826,18.744027347302918,65.58400406871678,8.563752928675004,24.220036148942135,11.555497305920694,12.8872,0.323,4.418409323675259
情景一阈值控制,9.74593512582366,60276.911254486615,19.222923621516937,67.26013990308051,8.78254191391978,24.839029622660075,11.85082210948184,12.8872,0.323,4.418219446747363
情景一阈值控制,9.77092783387352,60274.25473369973,19.71402736354912,68.97902373337799,9.006907533302133,25.47380984226998,12.15367884645968,12.8872,0.323,4.418024727217828
情景一阈值控制,9.795920541923378,60271.53046787018,20.217648369424403,70.74174153591329,9.236991283656263,26.124777856559817,12.46425885918585,12.8872,0.323,4.417825042064496
情景一阈值控制,9.820913249973236,60268.73673647089,20.73410420031995,72.54940656610732,9.472938207210127,26.792344788438587,12.78275829640423,12.8872,0.323,4.417620265174963
情景一阈值控制,9.845905958023096,60265.871776778295,21.26372018841845,74.40315938233597,9.714896894188238,27.47693184373973,13.109378117471097,12.8872,0.323,4.417410267343878
情景一阈值控制,9.870898666072954,60262.93378107447,21.806829950845202,76.30416965626914,9.963019717355765,28.178970979775553,13.444324411325708,12.8872,0.323,4.41719491606786
情景一阈值控制,9.895891374122812,60259.920895362404,22.363775625461955,78.25363700414991,10.217462939612568,28.898905212326873,13.787808542956547,12.8872,0.323,4.416974075451331
情景一阈值控制,9.92088408217267,60256.831219289925,22.93490788479123,80.25279103601689,10.478386720344119,29.637188633820767,14.140047162074016,12.8872,0.323,4.416747606200942
情景一阈值控制,9.945876790222528,60253.662804917505,23.520586160905747,82.30289215298392,10.745955217945259,30.394286707764266,14.501262343586202,12.8872,0.323,4.4165153655352505
情景一阈值控制,9.970869498272386,60250.41365656583,24.12117867259272,84.40523164587012,11.020336602154265,31.17067630516825,14.871681604976878,12.8872,0.323,4.416277207173549
情景一阈值控制,9.995862206322245,60247.08172740099,24.737063051922643,86.56113390472143,11.301703339945451,31.96684652051915,15.251538295609583,12.8872,0.323,4.416032981085569
情景一阈值控制,10.020854914372103,60243.66491863175,25.36862649141656,88.77195693823901,11.590232262669451,32.783298863602774,15.641071688247706,12.8872,0.323,4.415782533432631
情景一阈值控制,10.045847622421961,60240.16107918996,26.016265802402557,91.03909258053834,11.886104592659622,33.62054733586,16.04052701548417,12.8872,0.323,4.415525706544227
情景一阈值控制,10.070840330471821,60236.568004570894,26.680387625656802,93.36396724150364,12.189506039183607,34.479118707491125,16.450155601949238,12.8872,0.323,4.415262338833023
情景一阈值控制,10.095833038521679,60232.883435782685,27.361408623635036,95.74804258657079,12.500626886113913,35.35955276849825,16.8702149840841,12.8872,0.323,4.414992264717841
情景一阈值控制,10.120825746571537,60229.1050559549,28.059756101919245,98.19281773110451,12.819662275420246,36.26240313906423,17.300969296776586,12.8872,0.323,4.414715314375083
情景一阈值控制,10.145818454621395,60225.230490079586,28.77586805661585,100.69982940794343,13.146812228787903,37.18823733142672,17.742689302881583,12.8872,0.323,4.414431313719746
情景一阈值控制,10.170811162671253,60221.257304052415,29.510193348929604,103.27065258786577,13.482281727169442,38.137636979014836,18.19565250254327,12.8872,0.323,4.414140084335136
情景一阈值控制,10.195803870721111,60217.1830040769,30.26319181200128,105.90690086503712,13.826280759347773,39.111197978794245,18.660143201108628,12.8872,0.323,4.413841443429206
情景一阈值控制,10.22079657877097,60213.00503356993,31.035334817606245,108.6102284592905,14.179024580425471,40.109531230704995,19.136452861916855,12.8872,0.323,4.4135352036077276
情景一阈值控制,10.245789286820829,60208.72077110657,31.82710565211063,111.3823315459165,14.540733883280124,41.133263128750265,19.624880340600196,12.8872,0.323,4.413221172723652
情景一阈值控制,10.270781994870687,60204.32753017092,32.638999561819475,114.22494841688695,14.911634819227881,42.183035620535904,20.12573191349054,12.8872,0.323,4.412899153858848
情景一阈值控制,10.295774702920546,60199.82255781127,33.471523996148704,117.13986035101361,15.291959108709115,43.259506528618296,20.639321430936054,12.8872,0.323,4.412568945225521
情景一阈值控制,10.320767410970404,60195.20303343066,34.32519882780144,120.1288923964953,15.681944141618777,44.363349839497275,21.16597045518112,12.8872,0.323,4.412230340077573
情景一阈值控制,10.345760119020262,60190.46606475469,35.20055708989018,123.19391597995603,16.08183331343211,45.49525666712857,21.706008720062815,12.8872,0.323,4.4118831264150415
情景一阈值控制,10.37075282707012,60185.60868740317,36.09814505412034,126.3368491835702,16.491876060847755,46.655935355265505,22.259774179838633,12.8872,0.323,4.4115270869527
情景一阈值控制,10.395745535119978,60180.62786363825,37.01852245743923,129.55965755508595,16.9123279649733,47.84611177659897,22.827613151907627,12.8872,0.323,4.411161999028303
情景一阈值控制,10.420738243169838,60175.52048171239,37.96226261812532,132.86435452973467,17.343450804027327,49.06652948856772,23.409880391148256,12.8872,0.323,4.410787634554789
情景一阈值控制,10.445730951219696,60170.28335160944,38.92995321349462,136.25300418591883,17.78551290790472,50.3179507510281,24.00693957545358,12.8872,0.323,4.410403759708111
情景一阈值控制,10.470723659269554,60164.913203398384,39.92219658014558,139.7277223104103,18.23878929503404,51.601156919629666,24.61916349341267,12.8872,0.323,4.410010134806567
情景一阈值控制,10.495716367319414,60159.406686538365,40.93960983962025,143.29067684804326,18.70356172957377,52.916948611885765,25.24693412354372,12.8872,0.323,4.409606514259852
情景一阈值控制,10.520709075369272,60153.7603686689,41.98282511438776,146.94408868447584,19.180118819510984,54.266145996245804,25.8906427722118,12.8872,0.323,4.409192646480395
情景一阈值控制,10.54570178341913,60147.9707324387,43.05249010571585,150.6902336981074,19.668756280025477,55.64958954986398,26.550690435164054,12.8872,0.323,4.4087682736509075
情景一阈值控制,10.570694491468988,60142.03417223368,44.14926868967291,154.5314448771696,20.16977720510127,57.06814084043675,27.227488170548103,12.8872,0.323,4.40833313148455
情景一阈值控制,10.595687199518846,60135.94699372024,45.27384099964316,158.4701126152696,20.683492105078763,58.52268263534611,27.921457150984917,12.8872,0.323,4.40788694919146
情景一阈值控制,10.620679907568704,60129.705412377756,46.426903688126586,162.50868566090085,21.210219025547342,60.01411925231212,28.63302883086678,12.8872,0.323,4.4074294493711825
情景一阈值控制,10.645672615618563,60123.305551008314,47.6091703785106,166.64967272879346,21.750283753085043,61.543377154461176,29.36264523026729,12.8872,0.323,4.406960347830137
情景一阈值控制,10.670665323668421,60116.743435353994,48.821372462275754,170.8956453356858,22.304020178475568,63.11140599757056,30.110759434586832,12.8872,0.323,4.40647935326037
情景一阈值控制,10.69565803171828,60110.01499356205,50.06425919569297,175.24923814639348,22.87177034072009,64.71917875787098,30.877835655527804,12.8872,0.323,4.405986167200355
情景一阈值控制,10.72065073976814,60103.11605461801,51.33859797860201,179.7131499876481,23.45388455358101,66.36769210645514,31.664349409726746,12.8872,0.323,4.4054804839201385
情景一阈值控制,10.745643447817997,60096.04234610927,52.64517475787609,184.29014529516692,24.05072158915032,68.05796694367756,32.470787773719124,12.8872,0.323,4.404961990257417
情景一阈值控制,10.770636155867855,60088.78948916548,53.98479494614118,188.98305738744358,24.662649096303284,69.79104960815862,33.29764996076105,12.8872,0.323,4.404430365246669
情景一阈值控制,10.795628863917713,60081.35299773293,55.358283552834834,193.79478893520928,25.29004366034062,71.56801205015566,34.145447403545454,12.8872,0.323,4.403885280065974
情景一阈值控制,10.820621571967571,60073.728276958886,56.76648547029846,198.72831300690035,25.93329093274418,73.38995221765192,35.01470393840704,12.8872,0.323,4.403326397918584
情景一阈值控制,10.845614280017429,60065.910620831826,58.210265897660406,203.78667459547094,26.592785823895262,75.25799462020535,35.90595607433726,12.8872,0.323,4.402753373859958
情景一阈值控制,10.870606988067289,60057.89520673697,59.69051132736386,208.97299414124964,27.268932952251227,77.17329162993218,36.81975361368994,12.8872,0.323,4.402165854398681
情景一阈值控制,10.895599696117147,60049.67709458373,61.20812970228767,214.29046809647457,27.962146715810803,79.13702368998854,37.75665975164889,12.8872,0.323,4.4015634774325205
情景一阈值控制,10.920592404167007,60041.25122514601,62.76405070742412,219.74236999921902,28.67285142423085,81.15039971116902,38.71725126544696,12.8872,0.323,4.400945872126762
情景一阈值控制,10.945585112216865,60032.61241719147,64.3592262846863,225.3320523308643,29.40148153281407,83.21465775786746,39.702118841641344,12.8872,0.323,4.400312658703793
情景一阈值控制,10.970577820266723,60023.755361928364,65.99463163664643,231.06295010925328,30.14848209932935,85.33106637502114,40.71186770920506,12.8872,0.323,4.399663448036061
情景一阈值控制,10.99557052831658,60014.674622068655,67.67126539422436,236.93858149488105,30.914308860204624,87.50092481197564,41.74711774633401,12.8872,0.323,4.398997841577401
情景一阈值控制,11.020563236366439,60005.36463012119,69.39014991346282,242.96254889528197,31.699428364702754,89.72556343033277,42.80850367503321,12.8872,0.323,4.398315431237932
情景一阈值控制,11.045555944416297,59995.819684542905,71.15233196585183,249.13854145539722,32.50431828868921,92.0063446236381,43.89667549990414,12.8872,0.323,4.397615799101938
情景一阈值控制,11.070548652466154,59986.033944519106,72.95888367903402,255.4703384349043,33.329467862551766,94.34466406462167,45.012299103209436,12.8872,0.323,4.3968985170452735
情景一阈值控制,11.095541360516014,59976.00142893047,74.81090271962728,261.96180987666764,34.17537795410862,96.74195095205533,46.15605636264974,12.8872,0.323,4.3961631466596485
情景一阈值控制,11.120534068565872,59965.71601458301,76.70951259733258,268.6169177519872,35.04256120580908,99.199668433691,47.328645353149476,12.8872,0.323,4.395409239122881
情景一阈值控制,11.145526776615732,59955.17143089481,78.6558636181588,275.4397193985437,35.93154246800835,101.71931487588621,48.530780952601546,12.8872,0.323,4.394636334809447
情景一阈值控制,11.17051948466559,59944.361255682285,80.65113364108498,282.43437024683135,36.84285914295434,104.30242487047047,49.763195322248094,12.8872,0.323,4.393843962981616
情景一阈值控制,11.195512192715448,59933.27891374747,82.6965283240711,289.60512473429173,37.77706129603823,106.95056957233265,51.02663806774512,12.8872,0.323,4.393031641685902
情景一阈值控制,11.220504900765306,59921.91767498798,84.79328144738018,296.9563375282001,38.734711801548706,109.66535715103058,52.32187645462758,12.8872,0.323,4.3921988776145255
情景一阈值控制,11.245497608815164,59910.270647363366,86.94265617346636,304.4924680767772,39.716386915178106,112.44843447150707,53.64969621018726,12.8872,0.323,4.391345165589856
情景一阈值控制,11.270490316865022,59898.330774266964,89.14594551621025,312.2180823096943,40.72267648713232,115.30148772208294,55.01090182309127,12.8872,0.323,4.390469988371775
情景一阈值控制,11.295483024914882,59886.09083281413,91.40447263159871,320.13785374567476,41.754184092996155,118.22624282349193,56.40631673853456,12.8872,0.323,4.389572816532202
情景一阈值控制,11.32047573296474,59873.54343042291,93.71959141584756,328.256565704932,42.81152730442084,121.22446624592936,57.836783748057876,12.8872,0.323,4.388653108204465
情景一阈值控制,11.345468441014598,59860.68099769647,96.09268777600336,336.5791159145619,43.895338266160536,124.29796670981415,59.30316580098961,12.8872,0.323,4.387710308561588
情景一阈值控制,11.370461149064457,59847.49578686512,98.52517990281198,345.1105175165973,45.006263819590316,127.44859555806103,60.806346182058654,12.8872,0.323,4.386743849702098
情景一阈值控制,11.385244438743443,59839.50106631648,100.0,350.28344744307924,45.67981063718098,129.35894780926034,61.71778455301489,12.8872,0.323,4.3861578470509315
情景一阈值控制,12.0,59161.84466425849,100.0,,,147.51267953316645,160.51130088513278,12.8872,0.8438828304371112,1.0
情景一阈值控制,13.0,58078.345680681836,100.0,,,177.04267953316645,318.3958546249157,12.8872,0.8409703371049102,0.9999999999999998
情景一阈值控制,14.0,57017.726980284955,100.0,,,206.57267953316648,472.85294194436824,12.8872,0.8380121372025768,1.0000000000000004
情景一阈值控制,15.0,55979.50539938582,100.0,,,236.10267953316645,623.9549407630591,12.8872,0.835007836006985,1.0000000000000002
情景一阈值控制,16.0,54963.20797728552,100.0,,,265.6326795331664,771.7727005936838,12.8872,0.8319570477232636,0.9999999999999998
情景一阈值控制,17.0,53968.37174081159,100.0,,,295.16267953316645,916.3755748174779,12.8872,0.8288593960280849,1.0000000000000002
情景一阈值控制,18.0,52994.543493411074,100.0,,,324.6926795331665,1057.8314522780754,12.8872,0.8257145146225916,0.9999999999999998
情景一阈值控制,19.0,52041.279608697296,100.0,,,354.22267953316646,1196.2067882082001,12.8872,0.8225220477945405,1.0000000000000002
情景一阈值控制,20.0,51108.145828356384,100.0,,,383.75267953316643,1331.5666345032685,12.8872,0.8192816509892087,0.9999999999999998
情景一阈值控制,21.0,50194.71706432138,100.0,,,413.2826795331665,1463.9746693557117,12.8872,0.815992991388561,1.0
情景一阈值控制,22.0,49300.57720512382,100.0,,,442.8126795331665,1593.4932262635066,12.8872,0.8126557484981451,1.0
情景一阈值控制,23.0,48425.3189263346,100.0,,,472.34267953316646,1720.1833224261318,12.8872,0.8092696147411325,0.9999999999999998
情景一阈值控制,24.0,47568.5435050078,100.0,,,501.87267953316643,1844.1046865408864,12.8872,0.8058342960588863,1.0
情景一阈值控制,25.0,46729.86063804291,100.0,,,531.4026795331665,1965.315786012227,12.8872,0.8023495125173961,0.9999999999999998
情景一阈值控制,26.0,45908.88826438263,100.0,,,560.9326795331665,2083.873853586537,12.8872,0.7988149989188693,0.9999999999999998
情景一阈值控制,27.0,45105.25239096539,100.0,,,590.4626795331665,2199.8349134244395,12.8872,0.7952305054177384,0.9999999999999998
情景一阈值控制,28.0,44318.58692235324,100.0,,,619.9926795331666,2313.253806622539,12.8872,0.7915957981402872,1.0000000000000002
情景一阈值控制,29.0,43548.53349395749,100.0,,,649.5226795331665,2424.184216196223,12.8872,0.787910659807066,1.0000000000000002
情景一阈值控制,30.0,42794.74130878606,100.0,,,679.0526795331666,2532.6786915349026,12.8872,0.784174890357216,1.0
情景一阈值控制,31.0,42056.866977638354,100.0,,,708.5826795331666,2638.788672340829,12.8872,0.7803883075737855,1.0000000000000002
情景一阈值控制,32.0,41334.57436267465,100.0,,,738.1126795331666,2742.5645120623926,12.8872,0.7765507477090741,0.9999999999999998
情景一阈值控制,33.0,40627.53442428888,100.0,,,767.6426795331665,2844.05550083258,12.8872,0.7726620661089996,1.0
情景一阈值控制,34.0,39935.425071215046,100.0,,,797.1726795331666,2943.309887923041,12.8872,0.7687221378354464,1.0000000000000002
情景一阈值控制,35.0,39257.931013798814,100.0,,,826.7026795331666,3040.3749037239913,12.8872,0.7647308582855042,1.0000000000000002
情景一阈值控制,36.0,38594.74362036776,100.0,,,856.2326795331666,3135.296781259965,12.8872,0.7606881438064772,1.0
情景一阈值控制,37.0,37945.56077663444,100.0,,,885.7626795331665,3228.1207772512157,12.8872,0.7565939323054978,1.0000000000000002
情景一阈值控制,38.0,37310.08674806866,100.0,,,915.2926795331666,3318.8911927303698,12.8872,0.7524481838525493,1.0
情景一阈值控制,39.0,36688.032045175874,100.0,,,944.8226795331666,3407.651393223708,12.8872,0.7482508812756612,0.9999999999999998
情景一阈值控制,40.0,36079.11329162059,100.0,,,974.3526795331666,3494.443828506289,12.8872,0.7440020307470128,1.0000000000000002
情景一阈值控制,41.0,35483.05309513458,100.0,,,1003.8826795331665,3579.310051939894,12.8872,0.7397016623586489,1.0
情景一阈值控制,42.0,34899.57992115114,100.0,,,1033.4126795331665,3662.2907394026147,12.8872,0.7353498306864812,1.0
情景一阈值控制,43.0,34328.42796910781,100.0,,,1062.9426795331665,3743.4257078187043,12.8872,0.7309466153412274,1.0000000000000002
情景一阈值控制,44.0,33769.33705136126,100.0,,,1092.4726795331665,3822.7539332971382,12.8872,0.7264921215049138,0.9999999999999998
情景一阈值控制,45.0,33222.05247465902,100.0,,,1122.0026795331664,3900.3135688871334,12.8872,0.7219864804515476,0.9999999999999998
情景一阈值控制,46.0,32686.32492411433,100.0,,,1151.5326795331666,3976.141961958728,12.8872,0.7174298500505532,0.9999999999999998
情景一阈值控制,47.0,32161.910349630958,100.0,,,1181.0626795331666,4050.2756712163364,12.8872,0.7128224152515459,0.9999999999999998
情景一阈值控制,48.0,31648.569854726476,100.0,,,1210.5926795331666,4122.750483353029,12.8872,0.7081643885490145,0.9999999999999998
情景一阈值控制,49.0,31146.069587703238,100.0,,,1240.1226795331665,4193.601429353111,12.8872,0.703456010425474,1.0
情景一阈值控制,50.0,30654.180635117453,100.0,,,1269.6526795331665,4262.862800450461,12.8872,0.6986975497716499,1.0
情景一阈值控制,51.0,30172.678917497982,100.0,,,1299.1826795331665,4330.5681637498565,12.8872,0.6938893042822588,1.0
情景一阈值控制,52.0,29701.345087267116,100.0,,,1328.7126795331667,4396.7503775184405,12.8872,0.6890316008259554,1.0
情景一阈值控制,53.0,29239.96442881708,100.0,,,1358.2426795331667,4461.441606154256,12.8872,0.6841247957880301,1.0
情景一阈值控制,54.0,28788.32676069653,100.0,,,1387.7726795331666,4524.673334838714,12.8872,0.6791692753844558,1.0
情景一阈值控制,55.0,28346.22633986268,100.0,,,1417.3026795331666,4586.476383879625,12.8872,0.6741654559459052,1.0
情景一阈值控制,56.0,27913.461767955225,100.0,,,1446.8326795331666,4646.880922751362,12.8872,0.6691137841703854,1.0
情景一阈值控制,57.0,27489.835899549573,100.0,,,1476.3626795331666,4705.9164838385295,12.8872,0.6640147373431695,1.0000000000000002
情景一阈值控制,58.0,27075.155752347462,100.0,,,1505.8926795331665,4763.611975889405,12.8872,0.6588688235227405,1.0000000000000002
情景一阈值控制,59.0,26669.232419264084,100.0,,,1535.4226795331665,4819.995697185295,12.8872,0.6536765816915028,1.0
情景一阈值控制,60.0,26271.88098237166,100.0,,,1564.9526795331667,4875.09534843178,12.8872,0.6484385818700695,1.0000000000000002
情景一阈值控制,61.0,25882.920428660294,100.0,,,1594.4826795331667,4928.938045377742,12.8872,0.6431554251939801,1.0000000000000002
情景一阈值控制,62.0,25502.173567577687,100.0,,,1624.0126795331666,4981.550331167917,12.8872,0.6378277439517629,1.0000000000000002
情景一阈值控制,63.0,25129.466950310198,100.0,,,1653.5426795331666,5032.958188434587,12.8872,0.6324562015833242,1.0
情景一阈值控制,64.0,24764.630790768384,100.0,,,1683.0726795331666,5083.187051133951,12.8872,0.6270414926377041,0.9999999999999998
情景一阈值控制,65.0,24407.49888824117,100.0,,,1712.6026795331666,5132.261816132528,12.8872,0.6215843426893259,1.0
情景一阈值控制,66.0,24057.9085516833,100.0,,,1742.1326795331665,5180.206854548897,12.8872,0.6160855082119312,0.9999999999999998
情景一阈值控制,67.0,23715.700525601573,100.0,,,1771.6626795331665,5227.04602285594,12.8872,0.610545776409485,0.9999999999999998
情景一阈值控制,68.0,23380.718917506227,100.0,,,1801.1926795331667,5272.802673748621,12.8872,0.6049659650034211,0.9999999999999998
情景一阈值控制,69.0,23052.81112689425,100.0,,,1830.7226795331667,5317.499666782296,12.8872,0.5993469219756862,1.0000000000000002
情景一阈值控制,70.0,22731.8277757324,100.0,,,1860.2526795331667,5361.159378786341,12.8872,0.593689525267145,1.0
情景一阈值控制,71.0,22417.622640408223,100.0,,,1889.7826795331666,5403.803714057904,12.8872,0.5879946824310028,1.0000000000000002
情景一阈值控制,72.0,22110.05258511801,100.0,,,1919.3126795331666,5445.454114340378,12.8872,0.5822633302410107,1.0
情景一阈值控制,73.0,21808.977496661482,100.0,,,1948.8426795331666,5486.131568591165,12.8872,0.5764964342543246,1.0
情景一阈值控制,74.0,21514.26022061334,100.0,,,1978.3726795331665,5525.856622543177,12.8872,0.5706949883290006,1.0
情景一阈值控制,75.0,21225.766498842746,100.0,,,2007.9026795331665,5564.649388064412,12.8872,0.5648600140962213,1.0
情景一阈值控制,76.0,20943.364908352145,100.0,,,2037.4326795331667,5602.529552319903,12.8872,0.558992560387468,1.0
情景一阈值控制,77.0,20666.926801407713,100.0,,,2066.9626795331665,5639.516386740179,12.8872,0.5530937026169651,1.0
情景一阈值控制,78.0,20396.32624693397,100.0,,,2096.4926795331667,5675.628755800346,12.8872,0.547164542119847,0.9999999999999998
情景一阈值控制,79.0,20131.43997314605,100.0,,,2126.0226795331664,5710.885125613777,12.8872,0.5412062054466171,1.0
情景一阈值控制,80.0,19872.14731139337,100.0,,,2155.5526795331666,5745.303572344327,12.8872,0.5352198436145894,0.9999999999999998
情景一阈值控制,81.0,19618.330141189148,100.0,,,2185.082679533167,5778.901790440919,12.8872,0.5292066313171195,1.0
情景一阈值控制,82.0,19369.87283640076,100.0,,,2214.6126795331666,5811.69710069822,12.8872,0.5231677660915628,1.0
情景一阈值控制,83.0,19126.662212576364,100.0,,,2244.1426795331668,5843.706458147116,12.8872,0.5171044674470039,1.0
情景一阈值控制,84.0,18888.587475383873,100.0,,,2273.6726795331665,5874.946459778552,12.8872,0.5110179759529307,0.9999999999999998
情景一阈值控制,85.0,18655.54017013869,100.0,,,2303.2026795331667,5905.433352104279,12.8872,0.5049095522901352,1.0000000000000002
情景一阈值控制,86.0,18427.414132397324,100.0,,,2332.7326795331664,5935.183038557936,12.8872,0.49878047626524225,1.0000000000000002
情景一阈值控制,87.0,18204.105439594277,100.0,,,2362.2626795331666,5964.2110867398305,12.8872,0.4926320457903709,1.0
情景一阈值控制,88.0,17985.512363700225,100.0,,,2391.792679533167,5992.532735508761,12.8872,0.48646557582954864,1.0
情景一阈值控制,89.0,17771.535324879955,100.0,,,2421.3226795331666,6020.162901924037,12.8872,0.48028239731359734,1.0000000000000002
情景一阈值控制,90.0,17562.076846128854,100.0,,,2450.852679533167,6047.116188040952,12.8872,0.4740838560253068,0.9999999999999998
情景一阈值控制,91.0,17357.041508867384,100.0,,,2480.3826795331665,6073.40688756272,12.8872,0.46787131145680894,1.0000000000000002
情景一阈值控制,92.0,17156.33590947324,100.0,,,2509.9126795331667,6099.0489923519635,12.8872,0.46164613564115553,1.0
情景一阈值控制,93.0,16959.868616731444,100.0,,,2539.4426795331665,6124.056198804685,12.8872,0.4554097119601771,1.0000000000000002
情景一阈值控制,94.0,16767.550130182946,100.0,,,2568.9726795331667,6148.44191408965,12.8872,0.4491634339307887,1.0000000000000002
情景一阈值控制,95.0,16579.292839352795,100.0,,,2598.5026795331664,6172.219262256006,12.8872,0.44290870397196735,1.0
情景一阈值控制,96.0,16395.010983839282,100.0,,,2628.0326795331666,6195.40109021193,12.8872,0.4366469321546951,1.0
情景一阈值控制,97.0,16214.620614245876,100.0,,,2657.562679533167,6217.999973577022,12.8872,0.4303795349372166,1.0
情景一阈值控制,98.0,16038.039553938186,100.0,,,2687.0926795331666,6240.028222411115,12.8872,0.42410793388800694,1.0
情景一阈值控制,99.0,15865.18736160847,100.0,,,2716.622679533167,6261.497886822106,12.8872,0.41783355439888525,1.0000000000000002
情景一阈值控制,100.0,15695.985294630686,100.0,,,2746.1526795331665,6282.420762455378,12.8872,0.4115578243907465,1.0000000000000002
情景一阈值控制,101.0,15530.356273189387,100.0,,,2775.6826795331667,6302.808395867284,12.8872,0.40528217301440284,1.0
情景一阈值控制,102.0,15368.224845166087,100.0,,,2805.2126795331665,6322.672089785176,12.8872,0.39900802934904533,0.9999999999999998
情景一阈值控制,103.0,15209.517151767132,100.0,,,2834.7426795331667,6342.022908256338,12.8872,0.39273682110084507,1.0
情景一阈值控制,104.0,15054.160893877408,100.0,,,2864.272679533167,6360.87168168822,12.8872,0.3864699733042096,1.0
情景一阈值控制,105.0,14902.085299124567,100.0,,,2893.8026795331666,6379.229011782194,12.8872,0.3802089070282053,1.0
情景一阈值控制,106.0,14753.22108963873,100.0,,,2923.332679533167,6397.105276363172,12.8872,0.37395503809063424,1.0
情景一阈值控制,107.0,14607.500450493058,100.0,,,2952.8626795331666,6414.510634107195,12.8872,0.36770977578223707,1.0
情景一阈值控制,108.0,14464.856998810717,100.0,,,2982.3926795331668,6431.4550291692085,12.8872,0.36147452160344773,1.0
情景一阈值控制,109.0,14325.225753524226,100.0,,,3011.9226795331665,6447.948195713124,12.8872,0.3552506680160983,1.0
情景一阈值控制,110.0,14188.543105773431,100.0,,,3041.4526795331667,6463.999662346196,12.8872,0.34903959721241185,1.0
情景一阈值控制,111.0,14054.746789928526,100.0,,,3070.9826795331664,6479.618756459762,12.8872,0.3428426799035702,1.0
情景一阈值控制,112.0,13923.77585522504,100.0,,,3100.5126795331666,6494.814608478343,12.8872,0.3366612741300803,1.0
情景一阈值控制,113.0,13795.570637997764,100.0,,,3130.042679533167,6509.596156018988,12.8872,0.33049672409608755,1.0000000000000002
情景一阈值控制,114.0,13670.072734501045,100.0,,,3159.5726795331666,6523.972147962799,12.8872,0.3243503590297139,0.9999999999999998
情景一阈值控制,114.22011901622018,13642.806107981283,100.0,,,3166.0727940821484,6527.082971456021,12.8872,0.32299999999999995,1.0
情景一阈值控制,115.22011901622018,13519.837142444194,99.86677460782931,79.56623849269492,11.80774623747996,3195.4564402912038,6541.10205229136,12.8872,0.323,0.9909865342537448
情景一阈值控制,116.22011901622018,13398.29863194673,99.47010614273492,158.20691071475397,19.964467266342595,3224.498276803651,6554.958054054316,12.8872,0.323,0.9820779190073287
情景一阈值控制,117.22011901622018,13278.485112551218,98.81651173421984,235.73143909665146,25.528145631099118,3253.1279237198705,6568.617398151714,12.8872,0.323,0.9732957433722575
情景一阈值控制,118.22011901622018,13160.670937551933,97.91502934234303,311.96230519258245,29.243895638862654,3281.2798238474397,6582.048806927496,12.8872,0.323,0.9646601170893068
情景一阈值控制,119.22011901622018,13045.10826584323,96.77698704291153,386.7363512932987,31.637306786455852,3308.8937233840475,6595.223532998877,12.8872,0.323,0.9561895230785118
情景一阈值控制,120.22011901622018,12932.025523660699,95.41573336875648,459.90577574608363,33.07987563671869,3335.9150394870853,6608.115534625585,12.8872,0.323,0.9479007046867899
情景一阈值控制,121.22011901622018,12821.626339119808,93.84633891248176,531.3388223543367,33.83495646119038,3362.2951148674815,6620.701597177826,12.8872,0.323,0.9398085875910037
情景一阈值控制,122.22011901622018,12714.088935302103,92.08527889792833,600.9201730770451,34.09007270131902,3387.9913628127956,6632.961402327512,12.8872,0.323,0.9319262353119667
情景一阈值控制,123.22011901622018,12609.56595828801,90.15010755087422,668.551059298994,33.97941610644924,3412.9673082790764,6644.877547653373,12.8872,0.323,0.9242648366094708
情景一阈值控制,124.22011901622018,12508.184699662621,88.0591347489098,734.1491178599101,33.5995361094853,3437.1925347227243,6656.4355212741975,12.8872,0.323,0.9168337217916709
情景一阈值控制,125.22011901622018,12410.04766937389,85.83111218668593,797.6480203904263,33.0207995450258,3460.6425472150363,6667.623636540101,12.8872,0.323,0.9096404047048496
情景一阈值控制,126.22011901622018,12315.233494556544,83.4849332530986,858.9968917341436,32.294932108720594,3483.298557666682,6678.432929562084,12.8872,0.323,0.9026906486160433
情景一阈值控制,127.22011901622018,12223.798025876282,81.039365639941,918.1595940950965,31.460268217805677,3505.147220464855,6688.857033083221,12.8872,0.323,0.8959885473066382
情景一阈值控制,128.22011901622017,12135.77572893794,78.51279786867475,975.1138267364901,30.54609604639901,3526.180299993889,6698.892017851135,12.8872,0.323,0.8895366270607846
情景一阈值控制,129.22011901622017,12051.181118385173,75.92303269759437,1029.8501980561944,29.57454372441897,3546.3943279546725,6708.536229123414,12.8872,0.323,0.883335951783044
情景一阈值控制,130.22011901622017,11970.010450959462,73.28709673137358,1082.371130104349,28.5632700899673,3565.790198805278,6717.790093650365,12.8872,0.323,0.8773862470974204
情景一阈值控制,131.22011901622017,11892.243269165512,70.62110085182768,1132.6898597650932,27.525944598122,3584.3728008994585,6726.65594368939,12.8872,0.323,0.8716860134960314
情景一阈值控制,132.22011901622017,11817.844296481755,67.94011313634738,1180.829212473414,26.473850858038986,3602.150563622829,6735.137800941457,12.8872,0.323,0.8662326652555816
情景一阈值控制,133.22011901622017,11746.764867976166,65.25808449337524,1226.8206765448447,25.416064326556608,3619.1351155447533,6743.241213453689,12.8872,0.323,0.8610226352996471
情景一阈值控制,134.22011901622017,11678.944864002779,62.587784255216825,1270.7031519901996,24.360022370512745,3635.3408223582314,6750.973035168244,12.8872,0.323,0.8560515169361228
情景一阈值控制,135.22011901622017,11614.314168273311,59.940775057446935,1312.5220070801734,23.31207817929033,3650.784438471168,6758.341259694799,12.8872,0.323,0.8513141707319823
情景一阈值控制,136.22011901622017,11552.794052388657,57.32740072174439,1352.3281824935975,22.27732446602935,3665.4847761701917,6765.3548624670075,12.8872,0.323,0.846804825997642
情景一阈值控制,137.22011901622017,11494.29902857105,54.75680928095596,1390.1769925196027,21.26007119474298,3679.462262907107,6772.023589521695,12.8872,0.323,0.8425172165898246
情景一阈值控制,138.22011901622017,11438.737819676517,52.236976386784825,1426.1274974176151,20.263931014112657,3692.7387095127497,6778.3578469125705,12.8872,0.323,0.8384446520122171
情景一阈值控制,139.22011901622017,11386.014574886398,49.77474084578617,1460.2417168123782,19.291809473795233,3705.3370197054055,6784.368562115271,12.8872,0.323,0.8345801065240807
情景一阈值控制,140.22011901622017,11336.030327097356,47.37588151920338,1492.5836866995799,18.34610175982836,3717.2808418449517,6790.0670178775645,12.8872,0.323,0.8309163259650504
情景一阈值控制,141.22011901622017,11288.683853083474,45.04517369611618,1523.2189028837847,17.428671811823286,3728.594363395644,6795.464754156551,12.8872,0.323,0.827445890803901
情景一阈值控制,142.22011901622017,11243.872352067006,42.786441989391136,1552.2138819138097,16.540929377904668,3739.3021487804644,6800.573490758171,12.8872,0.323,0.8241612658769035
情景一阈值控制,143.22011901622017,11201.492502034593,40.60263583088631,1579.63547760046,15.684024536056107,3749.4288869725465,6805.405006911853,12.8872,0.323,0.8210548778144344
情景一阈值控制,144.22011901622017,11161.44133033784,38.49594332482505,1605.5503177002938,14.858721094706425,3758.9991834636603,6809.971042017658,12.8872,0.323,0.8181191788548692
情景一阈值控制,145.22011901622017,11123.616452395778,36.46782272369334,1630.0246494648195,14.065368284710026,3768.037503225853,6814.283268433002,12.8872,0.323,0.8153466643411625
情景一阈值控制,146.22011901622017,11087.916700428706,34.519079344956694,1653.1239328225,13.304115839491358,3776.5680204744112,6818.353219793836,12.8872,0.323,0.8127299188062256
情景一阈值控制,147.22011901622017,11054.242813639272,32.64994198227608,1674.9123938017544,12.575049099190522,3784.614453747903,6822.192212330524,12.8872,0.323,0.8102616665623023
情景一阈值控制,148.22011901622017,11022.497722673264,30.860167246116298,1695.4528404725188,11.877968508500482,3792.199997935783,6825.811312437887,12.8872,0.323,0.8079347925515784
情景一阈值控制,149.22011901622017,10992.586622636254,29.149060437978303,1714.806615701325,11.212373647180746,3799.347306830937,6829.221328350937,12.8872,0.323,0.8057423476982053
情景一阈值控制,150.22011901622017,10964.417258075175,27.515530946268868,1733.033412755892,10.577632792043364,3806.0784250328466,6832.432777655541,12.8872,0.323,0.8036775697970813
情景一阈值控制,151.22011901622017,10937.900583662466,25.958171967074644,1750.1908478139137,9.973225092428,3812.41463007597,6835.455811967106,12.8872,0.323,0.8017339319411423
情景一阈值控制,152.22011901622017,10912.950572936885,24.475324009144565,1766.3345837160266,9.398467799339041,3818.376478131457,6838.300238735085,12.8872,0.323,0.7999051285023112
情景一阈值控制,153.22011901622017,10889.484184203233,23.06511009051158,1781.518352030162,8.852489261899866,3823.9838121554703,6840.975525130589,12.8872,0.323,0.7981850726319926
情景一阈值控制,154.22011901622017,10867.421387318938,21.72544328085472,1795.7939357194643,8.334258696229103,3829.25575548848,6843.490794992572,12.8872,0.323,0.7965678982244939
情景一阈值控制,155.22011901622017,10846.685622586423,20.45410761376951,1809.2108722190897,7.842891606223026,3834.2106022021467,6845.854776511795,12.8872,0.323,0.7950479935532412
情景一阈值控制,156.22011901622017,10827.203756737734,19.248787866960292,1821.8164819160495,7.377499909210339,3838.865827616867,6848.075807248803,12.8872,0.323,0.7936199980445099
情景一阈值控制,157.22011901622017,10808.905713674716,18.107099020700687,1833.6561070762898,6.9370973673630445,3843.2381765370474,6850.1618762314,12.8872,0.323,0.792278775211158
情景一阈值控制,158.22011901622017,10791.72446432246,17.026592183816753,1844.7731184099478,6.520613703221689,3847.343665675638,6852.120625111407,12.8872,0.323,0.7910194119088968
情景一阈值控制,159.22011901622017,10775.596166426778,16.004787368210163,1855.2088246163405,6.1270141787310335,3851.1975502492874,6853.9593322270475,12.8872,0.323,0.789837228583265
情景一阈值控制,160.22011901622017,10760.460342366041,15.039213855091294,1865.0023573320145,5.755355903398243,3854.8142814898947,6855.684892331503,12.8872,0.323,0.7887277923030058
情景一阈值控制,161.22011901622017,10746.259385367153,14.12741315139401,1874.1909906303665,5.404660348760352,3858.2076246351576,6857.303872886776,12.8872,0.323,0.7876868805663376
情景一阈值控制,162.22011901622017,10732.938464533585,13.266945722980267,1882.8102024726131,5.073921825481273,3861.390681622283,6858.822524890974,12.8872,0.323,0.786710474339632
情景一阈值控制,163.22011901622017,10720.445557724897,12.455402448661143,1890.8936534333125,4.762147484593098,3864.375883231371,6860.246779129874,12.8872,0.323,0.7857947604674412
情景一阈值控制,164.22011901622017,10708.731623011785,11.690438192451385,1898.4730757615446,4.46843746671693,3867.1749481159354,6861.58222663019,12.8872,0.323,0.7849361442399293
情景一阈值控制,165.22011901622017,10697.750189582746,10.969764879464474,1905.5785380819789,4.191897302245593,3869.7989805564607,6862.83416529827,12.8872,0.323,0.7841312194068618
情景一阈值控制,166.22011901622017,10687.45716704018,10.291152676028311,1912.2385687885517,3.931633761694737,3872.2585160294284,6864.007621661296,12.8872,0.323,0.7833767541992572
情景一阈值控制,167.22011901622017,10677.810847791201,9.652433622702608,1918.4801544975032,3.6867682675569093,3874.5635206360266,6865.107350594724,12.8872,0.323,0.7826696915046306
情景一阈值控制,168.22011901622017,10668.772031015073,9.051524594388214,1924.3286598350903,3.4564981974527105,3876.7233614799193,6866.137821189373,12.8872,0.323,0.7820071579536451
情景一阈值控制,169.22011901622017,10660.30375011733,8.486420615829747,1929.8080037865502,3.240049155624284,3878.7468717925526,6867.103247823023,12.8872,0.323,0.781386443942853
情景一阈值控制,170.22011901622017,10652.37100431294,7.955188643137781,1934.9408333734077,3.0366605121764234,3880.642415071822,6868.007620761286,12.8872,0.323,0.7808049839600897
情景一阈值控制,171.22011901622017,10644.940749402784,7.455968248891122,1939.7485296214873,2.845589012342321,3882.417887286047,6868.854707209135,12.8872,0.323,0.780260355908401
情景一阈值控制,172.22011901622017,10637.981965934934,6.98698472149232,1944.251163457623,2.6661471145218827,3884.080700586717,6869.648043540179,12.8872,0.323,0.7797502861021771
情景一阈值控制,173.22011901622017,10631.465554284156,6.546548532418825,1948.4675635977546,2.4976881482417004,3885.6378083794248,6870.390947258118,12.8872,0.323,0.7792726415766152
情景一阈值控制,174.22011901622017,10625.364004736048,6.133042129304561,1952.415530016756,2.3395838124430934,3887.09578415783,6871.08655460882,12.8872,0.323,0.778825405905316
情景一阈值控制,175.22011901622017,10619.651372372426,5.74491935559234,1956.1118501986798,2.1912248365081646,3888.46082750484,6871.737823443508,12.8872,0.323,0.7784066773594137
情景一阈值控制,176.22011901622017,10614.303285992652,5.380709765378718,1959.5722933642712,2.052037039102264,3889.7387619608417,6872.347532201689,12.8872,0.323,0.7780146695614985
情景一阈值控制,177.22011901622017,10609.296997972027,5.039026293015629,1962.81157821043,1.9214925273180563,3890.935023109955,6872.918274227041,12.8872,0.323,0.777647715140172
情景一阈值控制,178.22011901622017,10604.611063552222,4.718549026914383,1965.8435804231738,1.799083790165742,3892.054735214135,6873.452494329922,12.8872,0.323,0.7773042422224513
情景一阈值控制,179.22011901622017,10600.225254654826,4.418021572322042,1968.6813884439978,1.6843222873210144,3893.102731807574,6873.952498613055,12.8872,0.323,0.7769827681164146
情景一阈值控制,180.22011901622017,10596.120554668203,4.136251279977573,1971.3373068430035,1.5767406885339375,3894.0835569423916,6874.420455065855,12.8872,0.323,0.7766818989290836
情景一阈值控制,181.22011901622017,10592.279212611287,3.8721163090079087,1973.8228212725808,1.4759102420489816,3895.0014522461,6874.858387389486,12.8872,0.323,0.77640033353656
情景一阈值控制,182.22011901622017,10588.684627649154,3.6245597297841194,1976.1486731908278,1.3814281742856558,3895.8603845168104,6875.26818816266,12.8872,0.323,0.7761368551191669
情景一阈值控制,183.22011901622017,10585.321131155177,3.3925777601647193,1978.3250008767625,1.2929083667099357,3896.6640977998554,6875.651643687658,12.8872,0.323,0.7758903151868863
情景一阈值控制,184.22011901622017,10582.173976910746,3.1752193285930144,1980.3613457715248,1.2099814941139018,3897.4161157295807,6876.010435107601,12.8872,0.323,0.7756596328610128
情景一阈值控制,185.22011901622017,10579.229337243625,2.971586691423811,1982.2666549770292,1.1322991209561883,3898.119742452095,6876.346138846703,12.8872,0.323,0.7754437945910988
情景一阈值控制,186.22011901622017,10576.474363397918,2.7808413269492336,1984.0492421939853,1.059543202619772,3898.7780481997597,6876.66021972779,12.8872,0.323,0.7752418585799951
情景一阈值控制,187.22011901622017,10573.897002766025,2.6021927108084686,1985.7169059807236,0.9914122955930377,3899.39391296393,6876.954051808775,12.8872,0.323,0.7750529413871907
情景一阈值控制,188.22011901622017,10571.485885521177,2.434891862769224,1987.2770031068517,0.9276187245792311,3899.970053584302,6877.2289313071215,12.8872,0.323,0.7748762096191245
情景一阈值控制,189.22011901622017,10569.230324276903,2.2782313307899673,1988.7364487735936,0.8678885945984394,3900.509023830292,6877.486076638665,12.8872,0.323,0.7747108799042242
情景一阈值控制,190.22011901622017,10567.120311438015,2.131545635733336,1990.101718327813,0.8119650805169385,3901.013215034013,6877.726628719613,12.8872,0.323,0.7745562186987369
情景一阈值控制,191.22011901622017,10565.146574940974,1.9942159662392522,1991.3788111955898,0.7596138779545696,3901.484842771025,6877.951644611865,12.8872,0.323,0.7744115463724267
情景一阈值控制,192.22011901622017,10563.300415202522,1.865659693226528,1992.573356383505,0.7106131288650296,3901.925985821738,6878.162116111688,12.8872,0.323,0.7742762252571196
情景一阈值控制,193.22011901622017,10561.573625113733,1.7453255211194203,1993.6906642459517,0.6647516672487497,3902.3386052889728,6878.358978870797,12.8872,0.323,0.7741496537823714
情景一阈值控制,194.22011901622017,10559.95849003032,1.6326934873387586,1994.7357264914,0.6218290194498444,3902.724544600274,6878.5431123974595,12.8872,0.323,0.7740312664747582
情景一阈值控制,195.22011901622017,10558.44778403067,1.52727492081939,1995.7132186036213,0.5816565980864272,3903.0855304020633,6878.715340483099,12.8872,0.323,0.7739205336835939
情景一阈值控制,196.22011901622017,10557.034817699361,1.4286163279314306,1996.627468923675,0.5440626715165298,3903.423161141682,6878.876425754734,12.8872,0.323,0.7738169650834009
情景一阈值控制,197.22011901622017,10555.713348193054,1.3362933886167552,1997.482516841176,0.508886071095696,3903.738928557305,6879.027079927919,12.8872,0.323,0.7737201030818561
情景一阈值控制,198.22011901622017,10554.477480263035,1.2499046047166547,1998.2821768369802,0.4759735378956102,3904.0342413287685,6879.167975090671,12.8872,0.323,0.7736295155648718
情景一阈值控制,199.22011901622017,10553.321664800902,1.1690712125976077,1999.0300394241933,0.44517973041251824,3904.3104254250884,6879.299743869269,12.8872,0.323,0.7735447957899967
情景一阈值控制,200.22011901622017,10552.240701092664,1.0934373472449122,1999.7294696896754,0.41636740962199253,3904.5687235658347,6879.42297917128,12.8872,0.323,0.7734655625516378
情景一阈值控制,201.22011901622017,10551.229772351498,1.0226727905518003,2000.3835843028012,0.38941104060083737,3904.8102867305183,6879.538230134637,12.8872,0.323,0.7733914627855659
情景一阈值控制,201.5550843049358,10550.906011729116,1.0000033663849262,2000.5930714265037,0.38077587675348223,3904.8876498891245,6879.575140474711,12.8872,0.323,0.7733677315516966
