N_eff,eta,eta_fraction,t,I,q,phase
40000.0,100.0,0.0025,0.0,0.0014045524933739035,0.323,pre-control
40000.0,100.0,0.0025,0.024971421319782812,0.0014404867615687986,0.323,pre-control
40000.0,100.0,0.0025,0.049942842639565624,0.0014773404283818974,0.323,pre-control
40000.0,100.0,0.0025,0.07017465205578347,0.0015079631397175199,0.323,pre-control
40000.0,100.0,0.0025,0.07491426395934844,0.0015151369798906784,0.323,pre-control
40000.0,100.0,0.0025,0.09988568527913125,0.0015539004846119617,0.323,pre-control
40000.0,100.0,0.0025,0.12485710659891405,0.001593655671864085,0.323,pre-control
40000.0,100.0,0.0025,0.14034930411156693,0.0016189506639016943,0.323,pre-control
40000.0,100.0,0.0025,0.14982852791869689,0.0016344279317669042,0.323,pre-control
40000.0,100.0,0.0025,0.1747999492384797,0.0016762433152417927,0.323,pre-control
40000.0,100.0,0.0025,0.1997713705582625,0.0017191285340116417,0.323,pre-control
40000.0,100.0,0.0025,0.2105239561673504,0.0017380671759551554,0.323,pre-control
40000.0,100.0,0.0025,0.2247427918780453,0.0017631109606008597,0.323,pre-control
40000.0,100.0,0.0025,0.2497142131978281,0.0018082186614243679,0.323,pre-control
40000.0,100.0,0.0025,0.2746856345176109,0.0018544804678709463,0.323,pre-control
40000.0,100.0,0.0025,0.28069860822313386,0.001865905034150911,0.323,pre-control
40000.0,100.0,0.0025,0.29965705583739377,0.001901925820527444,0.323,pre-control
40000.0,100.0,0.0025,0.3246284771571766,0.0019505849600820334,0.323,pre-control
40000.0,100.0,0.0025,0.3495998984769594,0.002000488947513143,0.323,pre-control
40000.0,100.0,0.0025,0.3508732602789173,0.0020030987937309664,0.323,pre-control
40000.0,100.0,0.0025,0.3745713197967422,0.0020516696640894556,0.323,pre-control
40000.0,100.0,0.0025,0.399542741116525,0.002104159811369909,0.323,pre-control
40000.0,100.0,0.0025,0.4210479123347008,0.002150520409523511,0.323,pre-control
40000.0,100.0,0.0025,0.4245141624363078,0.002157992911203696,0.323,pre-control
40000.0,100.0,0.0025,0.4494855837560906,0.0022132033057302644,0.323,pre-control
40000.0,100.0,0.0025,0.4744570050758734,0.002269826262557965,0.323,pre-control
40000.0,100.0,0.0025,0.4912225643904843,0.002308814972039367,0.323,pre-control
40000.0,100.0,0.0025,0.4994284263956562,0.0023278979005453854,0.323,pre-control
40000.0,100.0,0.0025,0.524399847715439,0.0023874551986841387,0.323,pre-control
40000.0,100.0,0.0025,0.5493712690352218,0.00244853615045353,0.323,pre-control
40000.0,100.0,0.0025,0.5613972164462677,0.0024787045894499194,0.323,pre-control
40000.0,100.0,0.0025,0.5743426903550046,0.0025111797638828594,0.323,pre-control
40000.0,100.0,0.0025,0.5993141116747875,0.002575426061551417,0.323,pre-control
40000.0,100.0,0.0025,0.6242855329945703,0.0026413160805884885,0.323,pre-control
40000.0,100.0,0.0025,0.6315718685020512,0.0026610338165959295,0.323,pre-control
40000.0,100.0,0.0025,0.6492569543143532,0.002708891872673349,0.323,pre-control
40000.0,100.0,0.0025,0.674228375634136,0.0027781965683320413,0.323,pre-control
40000.0,100.0,0.0025,0.6991997969539188,0.002849274421548632,0.323,pre-control
40000.0,100.0,0.0025,0.7017465205578346,0.002856708786333928,0.323,pre-control
40000.0,100.0,0.0025,0.7241712182737016,0.0029221706930612277,0.323,pre-control
40000.0,100.0,0.0025,0.7491426395934844,0.002996931877470809,0.323,pre-control
40000.0,100.0,0.0025,0.7719211726136181,0.0030668725295795924,0.323,pre-control
40000.0,100.0,0.0025,0.7741140609132672,0.0030736057128598155,0.323,pre-control
40000.0,100.0,0.0025,0.79908548223305,0.0031522411807921426,0.323,pre-control
40000.0,100.0,0.0025,0.8240569035528328,0.0032328885063131444,0.323,pre-control
40000.0,100.0,0.0025,0.8420958246694016,0.0032926372447315143,0.323,pre-control
40000.0,100.0,0.0025,0.8490283248726156,0.0033155991579496323,0.323,pre-control
40000.0,100.0,0.0025,0.8739997461923984,0.003400425938404592,0.323,pre-control
40000.0,100.0,0.0025,0.8989711675121812,0.0034874229824421055,0.323,pre-control
40000.0,100.0,0.0025,0.912270476725185,0.0035349413275750216,0.323,pre-control
40000.0,100.0,0.0025,0.923942588831964,0.0035766457080534976,0.323,pre-control
40000.0,100.0,0.0025,0.9489140101517468,0.003668151040866971,0.323,pre-control
40000.0,100.0,0.0025,0.9738854314715296,0.0037619974174806603,0.323,pre-control
40000.0,100.0,0.0025,0.9824451287809686,0.0037949890652609654,0.323,pre-control
40000.0,100.0,0.0025,0.9988568527913124,0.003858244785462634,0.323,pre-control
40000.0,100.0,0.0025,1.0238282741110953,0.003956954603350892,0.323,pre-control
40000.0,100.0,0.0025,1.048799695430878,0.004058189852337197,0.323,pre-control
40000.0,100.0,0.0025,1.052619780836752,0.004074072876876239,0.323,pre-control
40000.0,100.0,0.0025,1.073771116750661,0.004162015200583867,0.323,pre-control
40000.0,100.0,0.0025,1.0987425380704436,0.004268496808324303,0.323,pre-control
40000.0,100.0,0.0025,1.1227944328925354,0.004373681268301281,0.323,pre-control
40000.0,100.0,0.0025,1.1237139593902266,0.004377702568860326,0.323,pre-control
40000.0,100.0,0.0025,1.1486853807100093,0.004489702197011463,0.323,pre-control
40000.0,100.0,0.0025,1.1736568020297922,0.004604567229114962,0.323,pre-control
40000.0,100.0,0.0025,1.192969084948319,0.0046956737851955,0.323,pre-control
40000.0,100.0,0.0025,1.198628223349575,0.00472237102302578,0.323,pre-control
40000.0,100.0,0.0025,1.2235996446693578,0.004843188758238367,0.323,pre-control
40000.0,100.0,0.0025,1.2485710659891407,0.004967097585132756,0.323,pre-control
40000.0,100.0,0.0025,1.2631437370041023,0.005041257541798244,0.323,pre-control
40000.0,100.0,0.0025,1.2735424873089234,0.00509417652083709,0.323,pre-control
40000.0,100.0,0.0025,1.2985139086287063,0.005224506571583514,0.323,pre-control
40000.0,100.0,0.0025,1.323485329948489,0.005358170923582758,0.323,pre-control
40000.0,100.0,0.0025,1.3333183890598859,0.005412150841230744,0.323,pre-control
40000.0,100.0,0.0025,1.348456751268272,0.005495254943024146,0.323,pre-control
40000.0,100.0,0.0025,1.3734281725880546,0.00563584617607559,0.323,pre-control
40000.0,100.0,0.0025,1.3983995939078375,0.005780034349211233,0.323,pre-control
40000.0,100.0,0.0025,1.4034930411156692,0.0058101970144171875,0.323,pre-control
40000.0,100.0,0.0025,1.4233710152276202,0.005927911531451842,0.323,pre-control
40000.0,100.0,0.0025,1.4483424365474031,0.0060795720225663335,0.323,pre-control
40000.0,100.0,0.0025,1.4733138578671858,0.006235112516082286,0.323,pre-control
40000.0,100.0,0.0025,1.4736676931714527,0.006237372849185527,0.323,pre-control
40000.0,100.0,0.0025,1.4982852791869687,0.006394632297074805,0.323,pre-control
40000.0,100.0,0.0025,1.5232567005067514,0.006558233242166513,0.323,pre-control
40000.0,100.0,0.0025,1.5438423452272363,0.006696551154718984,0.323,pre-control
40000.0,100.0,0.0025,1.5482281218265344,0.00672601981952756,0.323,pre-control
40000.0,100.0,0.0025,1.573199543146317,0.00689809910562786,0.323,pre-control
40000.0,100.0,0.0025,1.5981709644661,0.007074580980179483,0.323,pre-control
40000.0,100.0,0.0025,1.6140169972830196,0.007189435624640852,0.323,pre-control
40000.0,100.0,0.0025,1.6231423857858829,0.0072555779369897905,0.323,pre-control
40000.0,100.0,0.0025,1.6481138071056656,0.0074412054316570705,0.323,pre-control
40000.0,100.0,0.0025,1.6730852284254485,0.007631581981549781,0.323,pre-control
40000.0,100.0,0.0025,1.6841916493388032,0.007718421147920536,0.323,pre-control
40000.0,100.0,0.0025,1.6980566497452312,0.007826829165806536,0.323,pre-control
40000.0,100.0,0.0025,1.723028071065014,0.008027071625336123,0.323,pre-control
40000.0,100.0,0.0025,1.7479994923847968,0.008232437177000769,0.323,pre-control
40000.0,100.0,0.0025,1.7543663013945867,0.008286137574960321,0.323,pre-control
40000.0,100.0,0.0025,1.7729709137045797,0.008443056854837197,0.323,pre-control
40000.0,100.0,0.0025,1.7979423350243624,0.008659064940255314,0.323,pre-control
40000.0,100.0,0.0025,1.8229137563441453,0.008880599305127503,0.323,pre-control
40000.0,100.0,0.0025,1.82454095345037,0.008895404334271207,0.323,pre-control
40000.0,100.0,0.0025,1.847885177663928,0.009107801417880049,0.323,pre-control
40000.0,100.0,0.0025,1.872856598983711,0.009340816343493163,0.323,pre-control
40000.0,100.0,0.0025,1.8947156055061536,0.009550006994781795,0.323,pre-control
40000.0,100.0,0.0025,1.8978280203034936,0.009579792798535844,0.323,pre-control
40000.0,100.0,0.0025,1.9227994416232765,0.009824883323757095,0.323,pre-control
40000.0,100.0,0.0025,1.9477708629430592,0.01007624416907686,0.323,pre-control
40000.0,100.0,0.0025,1.9648902575619371,0.010252975625269964,0.323,pre-control
40000.0,100.0,0.0025,1.9727422842628421,0.010334035741226858,0.323,pre-control
40000.0,100.0,0.0025,1.9977137055826248,0.010598422649117947,0.323,pre-control
40000.0,100.0,0.0025,2.0226851269024078,0.010869573703840124,0.323,pre-control
40000.0,100.0,0.0025,2.0350649096177205,0.011007438192527084,0.323,pre-control
40000.0,100.0,0.0025,2.0476565482221907,0.01114766196364296,0.323,pre-control
40000.0,100.0,0.0025,2.0726279695419736,0.011432864938336328,0.323,pre-control
40000.0,100.0,0.0025,2.097599390861756,0.011725364466120844,0.323,pre-control
40000.0,100.0,0.0025,2.105239561673504,0.011817146160825152,0.323,pre-control
40000.0,100.0,0.0025,2.122570812181539,0.012025347205300033,0.323,pre-control
40000.0,100.0,0.0025,2.147542233501322,0.012333004699487941,0.323,pre-control
40000.0,100.0,0.0025,2.172513654821105,0.012648533377609152,0.323,pre-control
40000.0,100.0,0.0025,2.1754142137292876,0.012686121325673757,0.323,pre-control
40000.0,100.0,0.0025,2.1974850761408873,0.012972134627361196,0.323,pre-control
40000.0,100.0,0.0025,2.22245649746067,0.01330401497417418,0.323,pre-control
40000.0,100.0,0.0025,2.245588865785071,0.013619318970287892,0.323,pre-control
40000.0,100.0,0.0025,2.247427918780453,0.013644386042987804,0.323,pre-control
40000.0,100.0,0.0025,2.272399340100236,0.01399346507347295,0.323,pre-control
40000.0,100.0,0.0025,2.2973707614200185,0.014351474958309084,0.323,pre-control
40000.0,100.0,0.0025,2.315763517840854,0.014621914319186458,0.323,pre-control
40000.0,100.0,0.0025,2.3223421827398014,0.01471864424318427,0.323,pre-control
40000.0,100.0,0.0025,2.3473136040595843,0.015095207297412169,0.323,pre-control
40000.0,100.0,0.0025,2.3722850253793673,0.015481404347278894,0.323,pre-control
40000.0,100.0,0.0025,2.385938169896638,0.01569795997201447,0.323,pre-control
40000.0,100.0,0.0025,2.39725644669915,0.015877481729862836,0.323,pre-control
40000.0,100.0,0.0025,2.4222278680189326,0.016283692293113355,0.323,pre-control
40000.0,100.0,0.0025,2.4471992893387156,0.016700295397720992,0.323,pre-control
40000.0,100.0,0.0025,2.4561128219524213,0.016852806131215668,0.323,pre-control
40000.0,100.0,0.0025,2.4721707106584985,0.01712755695011928,0.323,pre-control
40000.0,100.0,0.0025,2.4971421319782814,0.017565749669069895,0.323,pre-control
40000.0,100.0,0.0025,2.522113553298064,0.018015152997446434,0.323,pre-control
40000.0,100.0,0.0025,2.5262874740082046,0.0180921915892143,0.323,pre-control
40000.0,100.0,0.0025,2.5470849746178468,0.018476053734790155,0.323,pre-control
40000.0,100.0,0.0025,2.5720563959376297,0.018948746153037592,0.323,pre-control
40000.0,100.0,0.0025,2.5964621260639884,0.01942254987909035,0.323,pre-control
40000.0,100.0,0.0025,2.5970278172574126,0.019433531996562434,0.323,pre-control
40000.0,100.0,0.0025,2.621999238577195,0.01993072071431123,0.323,pre-control
40000.0,100.0,0.0025,2.646970659896978,0.020440629452718382,0.323,pre-control
40000.0,100.0,0.0025,2.6666367781197717,0.020852479327143184,0.323,pre-control
40000.0,100.0,0.0025,2.671942081216761,0.0209635835313144,0.323,pre-control
40000.0,100.0,0.0025,2.696913502536544,0.02149991680991893,0.323,pre-control
40000.0,100.0,0.0025,2.7218849238563263,0.022049971688640736,0.323,pre-control
40000.0,100.0,0.0025,2.736811430175555,0.02238717530981945,0.323,pre-control
40000.0,100.0,0.0025,2.746856345176109,0.022614099255730075,0.323,pre-control
40000.0,100.0,0.0025,2.771827766495892,0.023192659448742915,0.323,pre-control
40000.0,100.0,0.0025,2.796799187815675,0.023786021333710456,0.323,pre-control
40000.0,100.0,0.0025,2.8069860822313384,0.024034271388995245,0.323,pre-control
40000.0,100.0,0.0025,2.821770609135458,0.024394563689233848,0.323,pre-control
40000.0,100.0,0.0025,2.8467420304552404,0.0250186750190982,0.323,pre-control
40000.0,100.0,0.0025,2.8717134517750234,0.02565875367727085,0.323,pre-control
40000.0,100.0,0.0025,2.877160734287122,0.025801953081052056,0.323,pre-control
40000.0,100.0,0.0025,2.8966848730948063,0.026315208090387825,0.323,pre-control
40000.0,100.0,0.0025,2.921656294414589,0.026988457011261856,0.323,pre-control
40000.0,100.0,0.0025,2.9466277157343717,0.02767893020275389,0.323,pre-control
40000.0,100.0,0.0025,2.9473353863429055,0.02769899828890165,0.323,pre-control
40000.0,100.0,0.0025,2.9715991370541546,0.028387068464021684,0.323,pre-control
40000.0,100.0,0.0025,2.9965705583739375,0.029113323780709556,0.323,pre-control
40000.0,100.0,0.0025,3.017510038398689,0.029737896704271585,0.323,pre-control
40000.0,100.0,0.0025,3.0215419796937204,0.02985815954553086,0.323,pre-control
40000.0,100.0,0.0025,3.046513401013503,0.030622050927483446,0.323,pre-control
40000.0,100.0,0.0025,3.071484822333286,0.03140548556080194,0.323,pre-control
40000.0,100.0,0.0025,3.0876846904544726,0.031926730927965524,0.323,pre-control
40000.0,100.0,0.0025,3.0964562436530687,0.03220896356303356,0.323,pre-control
40000.0,100.0,0.0025,3.1214276649728516,0.03303299777476582,0.323,pre-control
40000.0,100.0,0.0025,3.146399086292634,0.03387811390392927,0.323,pre-control
40000.0,100.0,0.0025,3.157859342510256,0.03427588987236497,0.323,pre-control
40000.0,100.0,0.0025,3.171370507612417,0.0347448511836263,0.323,pre-control
40000.0,100.0,0.0025,3.1963419289322,0.035633762922297495,0.323,pre-control
40000.0,100.0,0.0025,3.221313350251983,0.03654541652217457,0.323,pre-control
40000.0,100.0,0.0025,3.2280339945660392,0.0367970501780943,0.323,pre-control
40000.0,100.0,0.0025,3.2462847715717658,0.037480393846754376,0.323,pre-control
40000.0,100.0,0.0025,3.2712561928915482,0.0384392913076476,0.323,pre-control
40000.0,100.0,0.0025,3.296227614211331,0.03942272088124462,0.323,pre-control
40000.0,100.0,0.0025,3.298208646621823,0.03950273428700205,0.323,pre-control
40000.0,100.0,0.0025,3.321199035531114,0.04043131037014825,0.323,pre-control
40000.0,100.0,0.0025,3.346170456850897,0.04146570352755091,0.323,pre-control
40000.0,100.0,0.0025,3.3683832986776063,0.0424093681131763,0.323,pre-control
40000.0,100.0,0.0025,3.3711418781706795,0.04252656040196824,0.323,pre-control
40000.0,100.0,0.0025,3.3961132994904624,0.04361455779580326,0.323,pre-control
40000.0,100.0,0.0025,3.4210847208102453,0.044730390208004026,0.323,pre-control
40000.0,100.0,0.0025,3.4385579507333897,0.045531145962685,0.323,pre-control
40000.0,100.0,0.0025,3.446056142130028,0.04587476989122982,0.323,pre-control
40000.0,100.0,0.0025,3.4710275634498107,0.047048427240344234,0.323,pre-control
40000.0,100.0,0.0025,3.4959989847695936,0.04825211096260671,0.323,pre-control
40000.0,100.0,0.0025,3.5087326027891734,0.048881605565153564,0.323,pre-control
40000.0,100.0,0.0025,3.5209704060893765,0.0494865892479264,0.323,pre-control
40000.0,100.0,0.0025,3.5459418274091594,0.050752650127437626,0.323,pre-control
40000.0,100.0,0.0025,3.570913248728942,0.05205110167249961,0.323,pre-control
40000.0,100.0,0.0025,3.5789072548449568,0.05247740434256663,0.323,pre-control
40000.0,100.0,0.0025,3.595884670048725,0.05338277235544611,0.323,pre-control
40000.0,100.0,0.0025,3.6208560913685077,0.0547485118617105,0.323,pre-control
40000.0,100.0,0.0025,3.6458275126882906,0.05614919198998267,0.323,pre-control
40000.0,100.0,0.0025,3.64908190690074,0.05633640541626605,0.323,pre-control
40000.0,100.0,0.0025,3.6707989340080736,0.05758570675717299,0.323,pre-control
40000.0,100.0,0.0025,3.695770355327856,0.05905897285772878,0.323,pre-control
40000.0,100.0,0.0025,3.719256558956524,0.060480063460351965,0.323,pre-control
40000.0,100.0,0.0025,3.720741776647639,0.0605699302151951,0.323,pre-control
40000.0,100.0,0.0025,3.745713197967422,0.06211954326340535,0.323,pre-control
40000.0,100.0,0.0025,3.7706846192872048,0.06370880109860617,0.323,pre-control
40000.0,100.0,0.0025,3.789431211012307,0.06493241530937931,0.323,pre-control
40000.0,100.0,0.0025,3.7956560406069872,0.06533871796232996,0.323,pre-control
40000.0,100.0,0.0025,3.82062746192677,0.06701033368570589,0.323,pre-control
40000.0,100.0,0.0025,3.845598883246553,0.06872471518286881,0.323,pre-control
40000.0,100.0,0.0025,3.8596058630680905,0.069710948744454,0.323,pre-control
40000.0,100.0,0.0025,3.870570304566336,0.0704829567238601,0.323,pre-control
40000.0,100.0,0.0025,3.8955417258861185,0.07228618042004234,0.323,pre-control
40000.0,100.0,0.0025,3.9205131472059014,0.07413553667241413,0.323,pre-control
40000.0,100.0,0.0025,3.9297805151238743,0.0748394265447934,0.323,pre-control
40000.0,100.0,0.0025,3.9454845685256843,0.07603220579373203,0.323,pre-control
40000.0,100.0,0.0025,3.970455989845467,0.07797739839487335,0.323,pre-control
40000.0,100.0,0.0025,3.9954274111652497,0.07997235588908956,0.323,pre-control
40000.0,100.0,0.0025,3.9999551671796576,0.08034333063693755,0.323,pre-control
40000.0,100.0,0.0025,4.020398832485033,0.08201835101295092,0.323,pre-control
40000.0,100.0,0.0025,4.0453702538048155,0.08411668957147511,0.323,pre-control
40000.0,100.0,0.0025,4.070129819235441,0.08625045326562596,0.323,pre-control
40000.0,100.0,0.0025,4.070341675124598,0.08626871087220399,0.323,pre-control
40000.0,100.0,0.0025,4.095313096444381,0.08847578827650651,0.323,pre-control
40000.0,100.0,0.0025,4.120284517764164,0.09073932987331765,0.323,pre-control
40000.0,100.0,0.0025,4.140304471291224,0.09260047064781209,0.323,pre-control
40000.0,100.0,0.0025,4.145255939083947,0.0930607803378509,0.323,pre-control
40000.0,100.0,0.0025,4.17022736040373,0.09544162134243586,0.323,pre-control
40000.0,100.0,0.0025,4.195198781723512,0.09788337217311889,0.323,pre-control
40000.0,100.0,0.0025,4.210479123347008,0.09941573647778273,0.323,pre-control
40000.0,100.0,0.0025,4.2201702030432955,0.10038759070500826,0.323,pre-control
40000.0,100.0,0.0025,4.245141624363078,0.10295587526179763,0.323,pre-control
40000.0,100.0,0.0025,4.27011304568286,0.10558986499370829,0.323,pre-control
40000.0,100.0,0.0025,4.280653775402792,0.10673014729829128,0.323,pre-control
40000.0,100.0,0.0025,4.295084467002644,0.10829124057280064,0.323,pre-control
40000.0,100.0,0.0025,4.320055888322426,0.11106172566872824,0.323,pre-control
40000.0,100.0,0.0025,4.34502730964221,0.11390308855570719,0.323,pre-control
40000.0,100.0,0.0025,4.350828427458575,0.11458005325452787,0.323,pre-control
40000.0,100.0,0.0025,4.369998730961992,0.11681714257908543,0.323,pre-control
40000.0,100.0,0.0025,4.394970152281775,0.11980574693899203,0.323,pre-control
40000.0,100.0,0.0025,4.419941573601558,0.12287080881352239,0.323,pre-control
40000.0,100.0,0.0025,4.4210030795143584,0.12300443428527912,0.323,pre-control
40000.0,100.0,0.0025,4.44491299492134,0.12601428443061882,0.323,pre-control
40000.0,100.0,0.0025,4.469884416241124,0.12923817975079388,0.323,pre-control
40000.0,100.0,0.0025,4.491177731570142,0.13205754747448215,0.323,pre-control
40000.0,100.0,0.0025,4.494855837560906,0.13254455164243029,0.323,pre-control
40000.0,100.0,0.0025,4.519827258880689,0.13593551027880196,0.323,pre-control
40000.0,100.0,0.0025,4.544798680200472,0.13941321975423604,0.323,pre-control
40000.0,100.0,0.0025,4.561352383625925,0.1417775925884273,0.323,pre-control
40000.0,100.0,0.0025,4.5697701015202545,0.14297989898499083,0.323,pre-control
40000.0,100.0,0.0025,4.594741522840037,0.14663782384893256,0.323,pre-control
40000.0,100.0,0.0025,4.61971294415982,0.1503893288894444,0.323,pre-control
40000.0,100.0,0.0025,4.631527035681708,0.15220958855641906,0.323,pre-control
40000.0,100.0,0.0025,4.644684365479603,0.15423680806050188,0.323,pre-control
40000.0,100.0,0.0025,4.669655786799386,0.158182716051921,0.323,pre-control
40000.0,100.0,0.0025,4.694627208119169,0.16222957109017985,0.323,pre-control
40000.0,100.0,0.0025,4.701701687737492,0.16340538769301732,0.323,pre-control
40000.0,100.0,0.0025,4.719598629438951,0.16637995576415673,0.323,pre-control
40000.0,100.0,0.0025,4.7445700507587345,0.1706365181072933,0.323,pre-control
40000.0,100.0,0.0025,4.769541472078517,0.17500197422537708,0.323,pre-control
40000.0,100.0,0.0025,4.771876339793276,0.1754205935688253,0.323,pre-control
40000.0,100.0,0.0025,4.7945128933983,0.1794791100955503,0.323,pre-control
40000.0,100.0,0.0025,4.819484314718083,0.18407078248676367,0.323,pre-control
40000.0,100.0,0.0025,4.842050991849059,0.1883264316236736,0.323,pre-control
40000.0,100.0,0.0025,4.844455736037865,0.18877992096427013,0.323,pre-control
40000.0,100.0,0.0025,4.869427157357649,0.19360953077777612,0.323,pre-control
40000.0,100.0,0.0025,4.894398578677431,0.19856269381995592,0.323,pre-control
40000.0,100.0,0.0025,4.912225643904843,0.20218921091579461,0.323,pre-control
40000.0,100.0,0.0025,4.919369999997214,0.20364257012984538,0.323,pre-control
40000.0,100.0,0.0025,4.944341421316997,0.2088524013595821,0.323,pre-control
40000.0,100.0,0.0025,4.969312842636779,0.21419551209469925,0.323,pre-control
40000.0,100.0,0.0025,4.982400295960626,0.21706745977163597,0.323,pre-control
40000.0,100.0,0.0025,4.994284263956563,0.21967531123319825,0.323,pre-control
40000.0,100.0,0.0025,5.019255685276345,0.2252952953249109,0.323,pre-control
40000.0,100.0,0.0025,5.044227106596128,0.2310590507071957,0.323,pre-control
40000.0,100.0,0.0025,5.052574948016409,0.23303514143204238,0.323,pre-control
40000.0,100.0,0.0025,5.069198527915911,0.23697025476245892,0.323,pre-control
40000.0,100.0,0.0025,5.0941699492356936,0.24303267902015374,0.323,pre-control
40000.0,100.0,0.0025,5.119141370555476,0.24925019210957228,0.323,pre-control
40000.0,100.0,0.0025,5.122749600072193,0.2501715703464186,0.323,pre-control
40000.0,100.0,0.0025,5.144112791875259,0.2556267610170033,0.323,pre-control
40000.0,100.0,0.0025,5.169084213195042,0.2621664539550847,0.323,pre-control
40000.0,100.0,0.0025,5.192924252127977,0.268569569821873,0.323,pre-control
40000.0,100.0,0.0025,5.194055634514825,0.2688734440115509,0.323,pre-control
40000.0,100.0,0.0025,5.219027055834608,0.2757520105220718,0.323,pre-control
40000.0,100.0,0.0025,5.24399847715439,0.28280654179883014,0.323,pre-control
40000.0,100.0,0.0025,5.26309890418376,0.2883405296503919,0.323,pre-control
40000.0,100.0,0.0025,5.2689698984741735,0.2900415393204782,0.323,pre-control
40000.0,100.0,0.0025,5.293941319793956,0.29746161929240683,0.323,pre-control
40000.0,100.0,0.0025,5.318912741113739,0.3050715153675369,0.323,pre-control
40000.0,100.0,0.0025,5.3332735562395435,0.3095598444488727,0.323,pre-control
40000.0,100.0,0.0025,5.343884162433522,0.31287608325104643,0.323,pre-control
40000.0,100.0,0.0025,5.368855583753304,0.3208803024667909,0.323,pre-control
40000.0,100.0,0.0025,5.393827005073088,0.3290892792134944,0.323,pre-control
40000.0,100.0,0.0025,5.403448208295327,0.33233301293483214,0.323,pre-control
40000.0,100.0,0.0025,5.41879842639287,0.33750825130395806,0.323,pre-control
40000.0,100.0,0.0025,5.443769847712653,0.3461425901097257,0.323,pre-control
40000.0,100.0,0.0025,5.468741269032436,0.3549978037104148,0.323,pre-control
40000.0,100.0,0.0025,5.47362286035111,0.35677316662337555,0.323,pre-control
40000.0,100.0,0.0025,5.493712690352218,0.36407954210286597,0.323,pre-control
40000.0,100.0,0.0025,5.518684111672002,0.3733935992732283,0.323,pre-control
40000.0,100.0,0.0025,5.543655532991784,0.3829459168330272,0.323,pre-control
40000.0,100.0,0.0025,5.5437975124068934,0.38300161754073564,0.323,pre-control
40000.0,100.0,0.0025,5.568626954311567,0.3927425893924138,0.323,pre-control
40000.0,100.0,0.0025,5.59359837563135,0.40278986673214034,0.323,pre-control
40000.0,100.0,0.0025,5.613972164462677,0.4111969755966693,0.323,pre-control
40000.0,100.0,0.0025,5.618569796951133,0.4130941581565528,0.323,pre-control
40000.0,100.0,0.0025,5.643541218270916,0.42366203783844714,0.323,pre-control
40000.0,100.0,0.0025,5.668512639590698,0.4345002471517918,0.323,pre-control
40000.0,100.0,0.0025,5.684146816518461,0.4414594407644225,0.323,pre-control
40000.0,100.0,0.0025,5.693484060910481,0.44561569995432126,0.323,pre-control
40000.0,100.0,0.0025,5.718455482230264,0.4570154876357995,0.323,pre-control
40000.0,100.0,0.0025,5.743426903550047,0.46870688181866044,0.323,pre-control
40000.0,100.0,0.0025,5.754321468574244,0.47393809520245844,0.323,pre-control
40000.0,100.0,0.0025,5.768398324869829,0.48069734065114844,0.323,pre-control
40000.0,100.0,0.0025,5.7933697461896125,0.49299451332085814,0.323,pre-control
40000.0,100.0,0.0025,5.818341167509395,0.5056062434642613,0.323,pre-control
40000.0,100.0,0.0025,5.824496120630028,0.5087942963726836,0.323,pre-control
40000.0,100.0,0.0025,5.843312588829178,0.51854057631874,0.323,pre-control
40000.0,100.0,0.0025,5.868284010148961,0.531805762606781,0.323,pre-control
40000.0,100.0,0.0025,5.893255431468743,0.5454102631412805,0.323,pre-control
40000.0,100.0,0.0025,5.894670772685811,0.5462010686957309,0.323,pre-control
40000.0,100.0,0.0025,5.918226852788527,0.5593627563238931,0.323,pre-control
40000.0,100.0,0.0025,5.943198274108309,0.5736721415102806,0.323,pre-control
40000.0,100.0,0.0025,5.964845424741594,0.5863939116581129,0.323,pre-control
40000.0,100.0,0.0025,5.968169695428092,0.5883475455704565,0.323,pre-control
40000.0,100.0,0.0025,5.993141116747875,0.6033983295500384,0.323,pre-control
40000.0,100.0,0.0025,6.0181125380676574,0.6188340925217969,0.323,pre-control
40000.0,100.0,0.0025,6.035020076797378,0.6295525961058454,0.323,pre-control
40000.0,100.0,0.0025,6.043083959387441,0.6346646798824749,0.323,pre-control
40000.0,100.0,0.0025,6.068055380707223,0.6509001886845669,0.323,pre-control
40000.0,100.0,0.0025,6.093026802027006,0.6675509730872827,0.323,pre-control
40000.0,100.0,0.0025,6.105194728853162,0.6758719970601349,0.323,pre-control
40000.0,100.0,0.0025,6.117998223346789,0.6846276533144723,0.323,pre-control
40000.0,100.0,0.0025,6.142969644666572,0.7021411199489629,0.323,pre-control
40000.0,100.0,0.0025,6.167941065986355,0.7201025422213948,0.323,pre-control
40000.0,100.0,0.0025,6.175369380908945,0.7255822363435794,0.323,pre-control
40000.0,100.0,0.0025,6.192912487306137,0.7385233754863493,0.323,pre-control
40000.0,100.0,0.0025,6.21788390862592,0.7574153665417146,0.323,pre-control
40000.0,100.0,0.0025,6.242855329945703,0.776790563787983,0.323,pre-control
40000.0,100.0,0.0025,6.2455440329647285,0.7789300723483484,0.323,pre-control
40000.0,100.0,0.0025,6.267826751265486,0.7966613227747962,0.323,pre-control
40000.0,100.0,0.0025,6.292798172585268,0.8170403146424643,0.323,pre-control
40000.0,100.0,0.0025,6.315718685020512,0.8362239951585346,0.323,pre-control
40000.0,100.0,0.0025,6.3177695939050516,0.8379405353501964,0.323,pre-control
40000.0,100.0,0.0025,6.342741015224834,0.8593753114981685,0.323,pre-control
40000.0,100.0,0.0025,6.367712436544617,0.8813583115959555,0.323,pre-control
40000.0,100.0,0.0025,6.385893337076295,0.8977727872160083,0.323,pre-control
40000.0,100.0,0.0025,6.3926838578644,0.9039035527261984,0.323,pre-control
40000.0,100.0,0.0025,6.417655279184182,0.9270254099134034,0.323,pre-control
40000.0,100.0,0.0025,6.442626700503966,0.9507386265266817,0.323,pre-control
40000.0,100.0,0.0025,6.4560679891320785,0.9638291122481759,0.323,pre-control
40000.0,100.0,0.0025,6.467598121823748,0.9750583211092633,0.323,pre-control
40000.0,100.0,0.0025,6.4925695431435315,0.9999999999999996,0.323,pre-control
40000.0,100.0,0.0025,6.517556388448255,1.0255955651636712,0.323,pre-control
40000.0,100.0,0.0025,6.526242641187863,1.0347211455401302,0.323,pre-control
40000.0,100.0,0.0025,6.542543233752978,1.0518461788653273,0.323,pre-control
40000.0,100.0,0.0025,6.567530079057701,1.0787685722750344,0.323,pre-control
40000.0,100.0,0.0025,6.592516924362425,1.1063798926659838,0.323,pre-control
40000.0,100.0,0.0025,6.596417293243646,1.1108002232772234,0.323,pre-control
40000.0,100.0,0.0025,6.617503769667148,1.1346977570891537,0.323,pre-control
40000.0,100.0,0.0025,6.642490614971871,1.163740252373311,0.323,pre-control
40000.0,100.0,0.0025,6.666591945299429,1.1924703529632743,0.323,pre-control
40000.0,100.0,0.0025,6.6674774602765945,1.1935259351250103,0.323,pre-control
40000.0,100.0,0.0025,6.692464305581318,1.224073831728594,0.323,pre-control
40000.0,100.0,0.0025,6.717451150886041,1.2554034383461927,0.323,pre-control
40000.0,100.0,0.0025,6.736766597355213,1.2802417327933266,0.323,pre-control
40000.0,100.0,0.0025,6.742437996190764,1.2875347495211251,0.323,pre-control
40000.0,100.0,0.0025,6.767424841495488,1.3204882942363734,0.323,pre-control
40000.0,100.0,0.0025,6.792411686800211,1.3542850417313148,0.323,pre-control
40000.0,100.0,0.0025,6.806941249410996,1.3744402998175551,0.323,pre-control
40000.0,100.0,0.0025,6.817398532104934,1.38894653357167,0.323,pre-control
40000.0,100.0,0.0025,6.8423853774096575,1.4244948931673316,0.323,pre-control
40000.0,100.0,0.0025,6.867372222714381,1.460952825772364,0.323,pre-control
40000.0,100.0,0.0025,6.877115901466779,1.475533452820174,0.323,pre-control
40000.0,100.0,0.0025,6.892359068019104,1.4983436184850043,0.323,pre-control
40000.0,100.0,0.0025,6.917345913323827,1.5366911402476608,0.323,pre-control
40000.0,100.0,0.0025,6.942332758628551,1.5760198428983758,0.323,pre-control
40000.0,100.0,0.0025,6.947290553522563,1.5840229617004413,0.323,pre-control
40000.0,100.0,0.0025,6.967319603933274,1.6163548498394769,0.323,pre-control
40000.0,100.0,0.0025,6.992306449237997,1.6577218592093874,0.323,pre-control
40000.0,100.0,0.0025,7.01729329454272,1.700147209180928,0.323,pre-control
40000.0,100.0,0.0025,7.017465205578347,1.7004465657996193,0.323,pre-control
40000.0,100.0,0.0025,7.042280139847444,1.7436579558583016,0.323,pre-control
40000.0,100.0,0.0025,7.067266985152167,1.7882818732770933,0.323,pre-control
40000.0,100.0,0.0025,7.08763985763413,1.8255965609306721,0.323,pre-control
40000.0,100.0,0.0025,7.09225383045689,1.8340474534042701,0.323,pre-control
40000.0,100.0,0.0025,7.117240675761614,1.8809839061381808,0.323,pre-control
40000.0,100.0,0.0025,7.142227521066337,1.929121159308557,0.323,pre-control
40000.0,100.0,0.0025,7.1578145096899135,1.9599177821727307,0.323,pre-control
40000.0,100.0,0.0025,7.16721436637106,1.9784899289919493,0.323,pre-control
40000.0,100.0,0.0025,7.192201211675783,2.029121686902389,0.323,pre-control
40000.0,100.0,0.0025,7.217188056980507,2.0810486551927165,0.323,pre-control
40000.0,100.0,0.0025,7.227989161745697,2.1040694019952992,0.323,pre-control
40000.0,100.0,0.0025,7.24217490228523,2.134303933394363,0.323,pre-control
40000.0,100.0,0.0025,7.267161747589953,2.1889214988653536,0.323,pre-control
40000.0,100.0,0.0025,7.2921485928946765,2.244936206790305,0.323,pre-control
40000.0,100.0,0.0025,7.29816381380148,2.2587658799819135,0.323,pre-control
40000.0,100.0,0.0025,7.3171354381994,2.3023837901804254,0.323,pre-control
40000.0,100.0,0.0025,7.342122283504123,2.361300860745785,0.323,pre-control
40000.0,100.0,0.0025,7.367109128808846,2.4217250082412605,0.323,pre-control
40000.0,100.0,0.0025,7.3683384658572635,2.424773878275025,0.323,pre-control
40000.0,100.0,0.0025,7.39209597411357,2.4836947048236397,0.323,pre-control
40000.0,100.0,0.0025,7.417082819418293,2.547249391269763,0.323,pre-control
40000.0,100.0,0.0025,7.438513117913048,2.6031520360716707,0.323,pre-control
40000.0,100.0,0.0025,7.442069664723016,2.6124295724105924,0.323,pre-control
40000.0,100.0,0.0025,7.46705651002774,2.6792768171312127,0.323,pre-control
40000.0,100.0,0.0025,7.492043355332463,2.7478337583708212,0.323,pre-control
40000.0,100.0,0.0025,7.508687769968831,2.7946693772959423,0.323,pre-control
40000.0,100.0,0.0025,7.517030200637187,2.8181440931227533,0.323,pre-control
40000.0,100.0,0.0025,7.542017045941909,2.8902526144411254,0.323,pre-control
40000.0,100.0,0.0025,7.5670038912466335,2.964205287398077,0.323,pre-control
40000.0,100.0,0.0025,7.578862422024614,3.000200093759418,0.323,pre-control
40000.0,100.0,0.0025,7.591990736551356,3.0400491398249128,0.323,pre-control
40000.0,100.0,0.0025,7.61697758185608,3.117832459964185,0.323,pre-control
40000.0,100.0,0.0025,7.6419644271608025,3.1976048155674235,0.323,pre-control
40000.0,100.0,0.0025,7.649037074080398,3.2207621636975055,0.323,pre-control
40000.0,100.0,0.0025,7.666951272465527,3.2794170538951817,0.323,pre-control
40000.0,100.0,0.0025,7.691938117770249,3.3633213017169883,0.323,pre-control
40000.0,100.0,0.0025,7.716924963074973,3.449370979124975,0.323,pre-control
40000.0,100.0,0.0025,7.719211726136181,3.4574474965275326,0.323,pre-control
40000.0,100.0,0.0025,7.741911808379696,3.5376209138742354,0.323,pre-control
40000.0,100.0,0.0025,7.76689865368442,3.6281272078707025,0.323,pre-control
40000.0,100.0,0.0025,7.789386378191964,3.711663796480827,0.323,pre-control
40000.0,100.0,0.0025,7.791885498989142,3.720947440357325,0.323,pre-control
40000.0,100.0,0.0025,7.816872344293866,3.81614071783674,0.323,pre-control
40000.0,100.0,0.0025,7.84185918959859,3.9137676740712215,0.323,pre-control
40000.0,100.0,0.0025,7.8595610302477485,3.9846993086465052,0.323,pre-control
40000.0,100.0,0.0025,7.866846034903313,4.013890470082719,0.323,pre-control
40000.0,100.0,0.0025,7.891832880208036,4.116572813340281,0.323,pre-control
40000.0,100.0,0.0025,7.9168197255127595,4.221880073007992,0.323,pre-control
40000.0,100.0,0.0025,7.929735682303532,4.277705906102711,0.323,pre-control
40000.0,100.0,0.0025,7.941806570817483,4.329879153381318,0.323,pre-control
40000.0,100.0,0.0025,7.966793416122206,4.440638725662438,0.323,pre-control
40000.0,100.0,0.0025,7.991780261426929,4.554229271578106,0.323,pre-control
40000.0,100.0,0.0025,7.999910334359315,4.592133343683568,0.323,pre-control
40000.0,100.0,0.0025,8.016767106731653,4.6707230833796585,0.323,pre-control
40000.0,100.0,0.0025,8.041753952036375,4.790194263843002,0.323,pre-control
40000.0,100.0,0.0025,8.0667407973411,4.912718784339063,0.323,pre-control
40000.0,100.0,0.0025,8.070084986415099,4.92953629750132,0.323,pre-control
40000.0,100.0,0.0025,8.091727642645822,5.038374538393932,0.323,pre-control
40000.0,100.0,0.0025,8.116714487950546,5.167241305723007,0.323,pre-control
40000.0,100.0,0.0025,8.140259638470882,5.291775619999469,0.323,pre-control
40000.0,100.0,0.0025,8.141701333255268,5.299400989445055,0.323,pre-control
40000.0,100.0,0.0025,8.166688178559992,5.4349376253383355,0.323,pre-control
40000.0,100.0,0.0025,8.191675023864715,5.573937381840517,0.323,pre-control
40000.0,100.0,0.0025,8.210434290526665,5.680959925065788,0.323,pre-control
40000.0,100.0,0.0025,8.216661869169439,5.716488568935266,0.323,pre-control
40000.0,100.0,0.0025,8.241648714474161,5.862681778259446,0.323,pre-control
40000.0,100.0,0.0025,8.266635559778885,6.0126097623272345,0.323,pre-control
40000.0,100.0,0.0025,8.280608942582449,6.098595740968825,0.323,pre-control
40000.0,100.0,0.0025,8.291622405083608,6.16636768744074,0.323,pre-control
40000.0,100.0,0.0025,8.316609250388332,6.324053217044134,0.323,pre-control
40000.0,100.0,0.0025,8.341596095693054,6.48576651172356,0.323,pre-control
40000.0,100.0,0.0025,8.350783594638232,6.546746157684481,0.323,pre-control
40000.0,100.0,0.0025,8.366582940997779,6.651610229307025,0.323,pre-control
40000.0,100.0,0.0025,8.391569786302501,6.821689649261356,0.323,pre-control
40000.0,100.0,0.0025,8.416556631607225,6.9961126150744395,0.323,pre-control
40000.0,100.0,0.0025,8.420958246694015,7.027623119492763,0.323,pre-control
40000.0,100.0,0.0025,8.44154347691195,7.174989705381004,0.323,pre-control
40000.0,100.0,0.0025,8.466530322216672,7.358434406368904,0.323,pre-control
40000.0,100.0,0.0025,8.491132898749798,7.543669909950411,0.323,pre-control
40000.0,100.0,0.0025,8.491517167521394,7.546563111779143,0.323,pre-control
40000.0,100.0,0.0025,8.516504012826118,7.739495122905858,0.323,pre-control
40000.0,100.0,0.0025,8.541490858130842,7.937352768495379,0.323,pre-control
40000.0,100.0,0.0025,8.561307550805584,8.098276543561473,0.323,pre-control
40000.0,100.0,0.0025,8.566477703435565,8.140261373852804,0.323,pre-control
40000.0,100.0,0.0025,8.591464548740287,8.348349428432124,0.323,pre-control
40000.0,100.0,0.0025,8.616451394045011,8.561748789206789,0.323,pre-control
40000.0,100.0,0.0025,8.631482202861367,8.693395290204407,0.323,pre-control
40000.0,100.0,0.0025,8.641438239349736,8.780594680703748,0.323,pre-control
40000.0,100.0,0.0025,8.666425084654458,9.005025697401928,0.323,pre-control
40000.0,100.0,0.0025,8.69141192995918,9.235183957535023,0.323,pre-control
40000.0,100.0,0.0025,8.70165685491715,9.331959701958517,0.323,pre-control
40000.0,100.0,0.0025,8.716398775263904,9.471215023167986,0.323,pre-control
40000.0,100.0,0.0025,8.741385620568629,9.713268186943049,0.323,pre-control
40000.0,100.0,0.0025,8.766372465873351,9.961496622358396,0.323,pre-control
40000.0,100.0,0.0025,8.771831506972934,10.017112192948831,0.323,pre-control
40000.0,100.0,0.0025,8.791359311178073,10.216057383768188,0.323,pre-control
40000.0,100.0,0.0025,8.816346156482798,10.477111434730247,0.323,pre-control
40000.0,100.0,0.0025,8.841333001787522,10.744823803496836,0.323,pre-control
40000.0,100.0,0.0025,8.842006159028717,10.752220031341137,0.323,pre-control
40000.0,100.0,0.0025,8.866319847092244,11.019363524195567,0.323,pre-control
40000.0,100.0,0.0025,8.891306692396967,11.300904026222256,0.323,pre-control
40000.0,100.0,0.0025,8.9121808110845,11.542101265089219,0.323,pre-control
40000.0,100.0,0.0025,8.91629353770169,11.589623190164478,0.323,pre-control
40000.0,100.0,0.0025,8.941280383006415,11.885703347801543,0.323,pre-control
40000.0,100.0,0.0025,8.966267228311137,12.189331404709062,0.323,pre-control
40000.0,100.0,0.0025,8.982355463140284,12.389811002154529,0.323,pre-control
40000.0,100.0,0.0025,8.99125407361586,12.500698856845434,0.323,pre-control
40000.0,100.0,0.0025,9.016240918920584,12.820002012489379,0.323,pre-control
40000.0,100.0,0.0025,9.041227764225308,13.147442261537508,0.323,pre-control
40000.0,100.0,0.0025,9.052530115196067,13.299328042910151,0.323,pre-control
40000.0,100.0,0.0025,9.06621460953003,13.483226076158362,0.323,pre-control
40000.0,100.0,0.0025,9.091201454834753,13.827565060102206,0.323,pre-control
40000.0,100.0,0.0025,9.116188300139477,14.180676096878289,0.323,pre-control
40000.0,100.0,0.0025,9.12270476725185,14.275111674633948,0.323,pre-control
40000.0,100.0,0.0025,9.141175145444201,14.542781380608258,0.323,pre-control
40000.0,100.0,0.0025,9.166161990748924,14.91410884850842,0.323,pre-control
40000.0,100.0,0.0025,9.191148836053648,15.294892215536485,0.323,pre-control
40000.0,100.0,0.0025,9.192879419307634,15.32193668751122,0.323,pre-control
40000.0,100.0,0.0025,9.21613568135837,15.685370995464707,0.323,pre-control
40000.0,100.0,0.0025,9.241122526663094,16.08579068856509,0.323,pre-control
40000.0,100.0,0.0025,9.263054071363417,16.44619460687877,0.323,pre-control
40000.0,100.0,0.0025,9.266109371967817,16.496402757946015,0.323,pre-control
40000.0,100.0,0.0025,9.29109621727254,16.917465118141003,0.323,pre-control
40000.0,100.0,0.0025,9.316083062577263,17.34924222480947,0.323,pre-control
40000.0,100.0,0.0025,9.3332287234192,17.653060566206012,0.323,pre-control
40000.0,100.0,0.0025,9.341069907881987,17.792005088673264,0.323,pre-control
40000.0,100.0,0.0025,9.36605675318671,18.246031473010735,0.323,pre-control
40000.0,100.0,0.0025,9.391043598491434,18.71160587532506,0.323,pre-control
40000.0,100.0,0.0025,9.403403375474984,18.947759444200592,0.323,pre-control
40000.0,100.0,0.0025,9.416030443796156,19.189020047239712,0.323,pre-control
40000.0,100.0,0.0025,9.44101728910088,19.678573116151057,0.323,pre-control
40000.0,100.0,0.0025,9.466004134405603,20.180571605227414,0.323,pre-control
40000.0,100.0,0.0025,9.473578027530769,20.336602599428556,0.323,pre-control
40000.0,100.0,0.0025,9.490990979710327,20.695329636588063,0.323,pre-control
40000.0,100.0,0.0025,9.51597782501505,21.22316894743878,0.323,pre-control
40000.0,100.0,0.0025,9.540964670319774,21.764419453951433,0.323,pre-control
40000.0,100.0,0.0025,9.543752679586552,21.826345833776795,0.323,pre-control
40000.0,100.0,0.0025,9.565951515624496,22.319419357077976,0.323,pre-control
40000.0,100.0,0.0025,9.59093836092922,22.888515188045638,0.323,pre-control
40000.0,100.0,0.0025,9.613927331642335,23.4254033155715,0.323,pre-control
40000.0,100.0,0.0025,9.615925206233943,23.472062000812578,0.323,pre-control
40000.0,100.0,0.0025,9.640912051538667,24.07042349171566,0.323,pre-control
40000.0,100.0,0.0025,9.66589889684339,24.683972573898746,0.323,pre-control
40000.0,100.0,0.0025,9.684101983698119,25.142289943133186,0.323,pre-control
40000.0,100.0,0.0025,9.690885742148113,25.313091431426678,0.323,pre-control
40000.0,100.0,0.0025,9.715872587452836,25.95817162992002,0.323,pre-control
40000.0,100.0,0.0025,9.74085943275756,26.6196142497391,0.323,pre-control
40000.0,100.0,0.0025,9.754276635753902,26.98379634526495,0.323,pre-control
40000.0,100.0,0.0025,9.765846278062282,27.297830244990493,0.323,pre-control
40000.0,100.0,0.0025,9.790833123367007,27.99324089893047,0.323,pre-control
40000.0,100.0,0.0025,9.815819968671729,28.706277840263,0.323,pre-control
40000.0,100.0,0.0025,9.824451287809685,28.958826896856092,0.323,pre-control
40000.0,100.0,0.0025,9.840806813976453,29.437383260892805,0.323,pre-control
40000.0,100.0,0.0025,9.865793659281175,30.187009975745784,0.323,pre-control
40000.0,100.0,0.0025,9.8907805045859,30.95562210167846,0.323,pre-control
40000.0,100.0,0.0025,9.894625939865469,31.076905289229533,0.323,pre-control
40000.0,100.0,0.0025,9.915767349890622,31.74369523906903,0.323,pre-control
40000.0,100.0,0.0025,9.940754195195346,32.55171656295985,0.323,pre-control
40000.0,100.0,0.0025,9.964800591921252,33.34900331582421,0.323,pre-control
40000.0,100.0,0.0025,9.965741040500069,33.38018500188668,0.323,pre-control
40000.0,100.0,0.0025,9.990727885804793,34.229611615422435,0.323,pre-control
40000.0,100.0,0.0025,10.015714731109515,35.10052015820219,0.323,pre-control
40000.0,100.0,0.0025,10.034975243977035,35.78881157715449,0.323,pre-control
40000.0,100.0,0.0025,10.04070157641424,35.99344711857054,0.323,pre-control
40000.0,100.0,0.0025,10.065688421718962,36.90894194938439,0.323,pre-control
40000.0,100.0,0.0025,10.090675267023686,37.84756722033758,0.323,pre-control
40000.0,100.0,0.0025,10.105149896032819,38.40503660098643,0.323,pre-control
40000.0,100.0,0.0025,10.115662112328408,38.80989939255446,0.323,pre-control
40000.0,100.0,0.0025,10.140648957633132,39.796528952980175,0.323,pre-control
40000.0,100.0,0.0025,10.165635802937855,40.80806060359017,0.323,pre-control
40000.0,100.0,0.0025,10.175324548088602,41.21018179879612,0.323,pre-control
40000.0,100.0,0.0025,10.190622648242579,41.84511338411326,0.323,pre-control
40000.0,100.0,0.0025,10.215609493547301,42.908321410701774,0.323,pre-control
40000.0,100.0,0.0025,10.240596338852026,43.99833422034568,0.323,pre-control
40000.0,100.0,0.0025,10.245499200144385,44.217604098575904,0.323,pre-control
40000.0,100.0,0.0025,10.26558318415675,45.1158168902842,0.323,pre-control
40000.0,100.0,0.0025,10.290570029461472,46.26145022607834,0.323,pre-control
40000.0,100.0,0.0025,10.315556874766195,47.435931365486255,0.323,pre-control
40000.0,100.0,0.0025,10.315673852200169,47.44156816578379,0.323,pre-control
40000.0,100.0,0.0025,10.340543720070919,48.63997433568441,0.323,pre-control
40000.0,100.0,0.0025,10.365530565375643,49.8743101472946,0.323,pre-control
40000.0,100.0,0.0025,10.385848504255954,50.903245549424454,0.323,pre-control
40000.0,100.0,0.0025,10.390517410680365,51.13968700825589,0.323,pre-control
40000.0,100.0,0.0025,10.415504255985088,52.436870864585934,0.323,pre-control
40000.0,100.0,0.0025,10.440491101289812,53.76664608996663,0.323,pre-control
40000.0,100.0,0.0025,10.456023156311737,54.614004904382725,0.323,pre-control
40000.0,100.0,0.0025,10.465477946594536,55.12981558579457,0.323,pre-control
40000.0,100.0,0.0025,10.490464791899258,56.52720100238281,0.323,pre-control
40000.0,100.0,0.0025,10.51545163720398,57.959643285438055,0.323,pre-control
40000.0,100.0,0.0025,10.52619780836752,58.59114555146173,0.323,pre-control
40000.0,100.0,0.0025,10.540438482508705,59.428003428839965,0.323,pre-control
40000.0,100.0,0.0025,10.56542532781343,60.933162590146964,0.323,pre-control
40000.0,100.0,0.0025,10.590412173118152,62.47602230969702,0.323,pre-control
40000.0,100.0,0.0025,10.596372460423304,62.853264489604214,0.323,pre-control
40000.0,100.0,0.0025,10.615399018422874,64.05750513244774,0.323,pre-control
40000.0,100.0,0.0025,10.640385863727598,65.67855535637932,0.323,pre-control
40000.0,100.0,0.0025,10.665372709032322,67.34013916581777,0.323,pre-control
40000.0,100.0,0.0025,10.666547112479087,67.42018661293577,0.323,pre-control
40000.0,100.0,0.0025,10.690359554337045,69.04324484358564,0.323,pre-control
40000.0,100.0,0.0025,10.715346399641767,70.78888353914941,0.323,pre-control
40000.0,100.0,0.0025,10.73672176453487,72.31948650412238,0.323,pre-control
40000.0,100.0,0.0025,10.740333244946491,72.57808993164808,0.323,pre-control
40000.0,100.0,0.0025,10.765320090251215,74.41192239452879,0.323,pre-control
40000.0,100.0,0.0025,10.790306935555938,76.29146320143842,0.323,pre-control
40000.0,100.0,0.0025,10.806896416590654,77.57042622713894,0.323,pre-control
40000.0,100.0,0.0025,10.81529378086066,78.21781949955067,0.323,pre-control
40000.0,100.0,0.0025,10.840280626165384,80.19212379842621,0.323,pre-control
40000.0,100.0,0.0025,10.865267471470109,82.21553416897338,0.323,pre-control
40000.0,100.0,0.0025,10.877071068646437,83.19513456948931,0.323,pre-control
40000.0,100.0,0.0025,10.890254316774831,84.28923452510071,0.323,pre-control
40000.0,100.0,0.0025,10.915241162079553,86.41443574447105,0.323,pre-control
40000.0,100.0,0.0025,10.940228007384277,88.59237595588212,0.323,pre-control
40000.0,100.0,0.0025,10.94724572070222,89.21923174154283,0.323,pre-control
40000.0,100.0,0.0025,10.965214852689002,90.82432072692717,0.323,pre-control
40000.0,100.0,0.0025,10.990201697993724,93.1115636494145,0.323,pre-control
40000.0,100.0,0.0025,11.015188543298446,95.45542732994468,0.323,pre-control
40000.0,100.0,0.0025,11.017420372758004,95.66995976953434,0.323,pre-control
40000.0,100.0,0.0025,11.04017538860317,97.85726357147166,0.323,pre-control
40000.0,100.0,0.0025,11.061929184146473,100.0,0.8449345707826241,threshold-control
40000.0,100.0,0.0025,11.087595024813787,100.0,0.844823217576628,threshold-control
40000.0,100.0,0.0025,11.15776967686957,100.0,0.8445184133021084,threshold-control
40000.0,100.0,0.0025,11.227944328925354,100.0,0.8442131016701702,threshold-control
40000.0,100.0,0.0025,11.298118980981139,100.0,0.8439072821952531,threshold-control
40000.0,100.0,0.0025,11.368293633036922,100.0,0.8436009543927805,threshold-control
40000.0,100.0,0.0025,11.438468285092705,100.0,0.843294117779166,threshold-control
40000.0,100.0,0.0025,11.508642937148489,100.0,0.8429867718718209,threshold-control
40000.0,100.0,0.0025,11.578817589204272,100.0,0.8426789161891604,threshold-control
40000.0,100.0,0.0025,11.648992241260055,100.0,0.8423705502506111,threshold-control
40000.0,100.0,0.0025,11.719166893315839,100.0,0.842061673576618,threshold-control
40000.0,100.0,0.0025,11.789341545371622,100.0,0.8417522856886508,threshold-control
40000.0,100.0,0.0025,11.859516197427405,100.0,0.8414423861092116,threshold-control
40000.0,100.0,0.0025,11.929690849483189,100.0,0.8411319743618417,threshold-control
40000.0,100.0,0.0025,11.999865501538972,100.0,0.8408210499711284,threshold-control
40000.0,100.0,0.0025,12.0,100.0,0.8408204535532894,threshold-control
40000.0,100.0,0.0025,12.070040153594755,100.0,0.8405096124627123,threshold-control
40000.0,100.0,0.0025,12.14021480565054,100.0,0.8401976613632939,threshold-control
40000.0,100.0,0.0025,12.210389457706324,100.0,0.8398851962006415,threshold-control
40000.0,100.0,0.0025,12.280564109762107,100.0,0.8395722165035973,threshold-control
40000.0,100.0,0.0025,12.35073876181789,100.0,0.8392587218020853,threshold-control
40000.0,100.0,0.0025,12.420913413873674,100.0,0.8389447116271177,threshold-control
40000.0,100.0,0.0025,12.491088065929457,100.0,0.8386301855108027,threshold-control
40000.0,100.0,0.0025,12.56126271798524,100.0,0.8383151429863511,threshold-control
40000.0,100.0,0.0025,12.631437370041024,100.0,0.8379995835880838,threshold-control
40000.0,100.0,0.0025,12.701612022096807,100.0,0.8376835068514386,threshold-control
40000.0,100.0,0.0025,12.77178667415259,100.0,0.8373669123129777,threshold-control
40000.0,100.0,0.0025,12.841961326208374,100.0,0.8370497995103947,threshold-control
40000.0,100.0,0.0025,12.912135978264157,100.0,0.8367321679825221,threshold-control
40000.0,100.0,0.0025,12.98231063031994,100.0,0.836414017269338,threshold-control
40000.0,100.0,0.0025,13.0,100.0,0.8363337370142363,threshold-control
40000.0,100.0,0.0025,13.052485282375725,100.0,0.8360953469119737,threshold-control
40000.0,100.0,0.0025,13.122659934431509,100.0,0.8357761564527211,threshold-control
40000.0,100.0,0.0025,13.192834586487292,100.0,0.8354564454350393,threshold-control
40000.0,100.0,0.0025,13.263009238543075,100.0,0.8351362134035627,threshold-control
40000.0,100.0,0.0025,13.333183890598859,100.0,0.8348154599041075,threshold-control
40000.0,100.0,0.0025,13.403358542654642,100.0,0.83449418448368,threshold-control
40000.0,100.0,0.0025,13.473533194710425,100.0,0.8341723866904824,threshold-control
40000.0,100.0,0.0025,13.543707846766209,100.0,0.8338500660739219,threshold-control
40000.0,100.0,0.0025,13.613882498821992,100.0,0.8335272221846166,threshold-control
40000.0,100.0,0.0025,13.684057150877775,100.0,0.8332038545744038,threshold-control
40000.0,100.0,0.0025,13.754231802933559,100.0,0.8328799627963466,threshold-control
40000.0,100.0,0.0025,13.824406454989342,100.0,0.8325555464047418,threshold-control
40000.0,100.0,0.0025,13.894581107045125,100.0,0.8322306049551277,threshold-control
40000.0,100.0,0.0025,13.96475575910091,100.0,0.8319051380042899,threshold-control
40000.0,100.0,0.0025,14.0,100.0,0.8317414783861619,threshold-control
40000.0,100.0,0.0025,14.034930411156694,100.0,0.8315791451102709,threshold-control
40000.0,100.0,0.0025,14.105105063212477,100.0,0.8312526258323757,threshold-control
40000.0,100.0,0.0025,14.17527971526826,100.0,0.8309255797311801,threshold-control
40000.0,100.0,0.0025,14.245454367324044,100.0,0.8305980063685384,threshold-control
40000.0,100.0,0.0025,14.315629019379827,100.0,0.8302699053075902,threshold-control
40000.0,100.0,0.0025,14.38580367143561,100.0,0.8299412761127681,threshold-control
40000.0,100.0,0.0025,14.455978323491394,100.0,0.8296121183498055,threshold-control
40000.0,100.0,0.0025,14.526152975547177,100.0,0.829282431585744,threshold-control
40000.0,100.0,0.0025,14.59632762760296,100.0,0.8289522153889404,threshold-control
40000.0,100.0,0.0025,14.666502279658744,100.0,0.8286214693290752,threshold-control
40000.0,100.0,0.0025,14.736676931714527,100.0,0.828290192977159,threshold-control
40000.0,100.0,0.0025,14.80685158377031,100.0,0.8279583859055415,threshold-control
40000.0,100.0,0.0025,14.877026235826095,100.0,0.8276260476879171,threshold-control
40000.0,100.0,0.0025,14.947200887881879,100.0,0.8272931778993351,threshold-control
40000.0,100.0,0.0025,15.0,100.0,0.8270423773817566,threshold-control
40000.0,100.0,0.0025,15.017375539937662,100.0,0.8269597761162044,threshold-control
40000.0,100.0,0.0025,15.087550191993445,100.0,0.8266258419163034,threshold-control
40000.0,100.0,0.0025,15.157724844049229,100.0,0.8262913748787866,threshold-control
40000.0,100.0,0.0025,15.227899496105012,100.0,0.8259563745841921,threshold-control
40000.0,100.0,0.0025,15.298074148160795,100.0,0.8256208406144501,threshold-control
40000.0,100.0,0.0025,15.368248800216579,100.0,0.8252847725528893,threshold-control
40000.0,100.0,0.0025,15.438423452272362,100.0,0.824948169984246,threshold-control
40000.0,100.0,0.0025,15.508598104328145,100.0,0.8246110324946706,threshold-control
40000.0,100.0,0.0025,15.578772756383929,100.0,0.8242733596717358,threshold-control
40000.0,100.0,0.0025,15.648947408439712,100.0,0.8239351511044442,threshold-control
40000.0,100.0,0.0025,15.719122060495497,100.0,0.8235964063832363,threshold-control
40000.0,100.0,0.0025,15.78929671255128,100.0,0.8232571250999978,threshold-control
40000.0,100.0,0.0025,15.859471364607064,100.0,0.8229173068480676,threshold-control
40000.0,100.0,0.0025,15.929646016662847,100.0,0.8225769512222456,threshold-control
40000.0,100.0,0.0025,15.99982066871863,100.0,0.8222360578187999,threshold-control
40000.0,100.0,0.0025,16.0,100.0,0.8222351859766658,threshold-control
40000.0,100.0,0.0025,16.069995320774414,100.0,0.8218946262354758,threshold-control
40000.0,100.0,0.0025,16.140169972830197,100.0,0.8215526560715019,threshold-control
40000.0,100.0,0.0025,16.21034462488598,100.0,0.8212101469275993,threshold-control
40000.0,100.0,0.0025,16.280519276941764,100.0,0.8208670984059889,threshold-control
40000.0,100.0,0.0025,16.350693928997547,100.0,0.8205235101103991,threshold-control
40000.0,100.0,0.0025,16.42086858105333,100.0,0.8201793816460737,threshold-control
40000.0,100.0,0.0025,16.491043233109114,100.0,0.81983471261978,threshold-control
40000.0,100.0,0.0025,16.561217885164897,100.0,0.819489502639816,threshold-control
40000.0,100.0,0.0025,16.63139253722068,100.0,0.819143751316019,threshold-control
40000.0,100.0,0.0025,16.701567189276464,100.0,0.8187974582597732,threshold-control
40000.0,100.0,0.0025,16.771741841332247,100.0,0.8184506230840173,threshold-control
40000.0,100.0,0.0025,16.84191649338803,100.0,0.8181032454032526,threshold-control
40000.0,100.0,0.0025,16.912091145443814,100.0,0.8177553248335511,threshold-control
40000.0,100.0,0.0025,16.982265797499597,100.0,0.817406860992563,threshold-control
40000.0,100.0,0.0025,17.0,100.0,0.8173187128372232,threshold-control
40000.0,100.0,0.0025,17.05244044955538,100.0,0.8170578534995251,threshold-control
40000.0,100.0,0.0025,17.122615101611167,100.0,0.8167083019752681,threshold-control
40000.0,100.0,0.0025,17.19278975366695,100.0,0.8163582060422253,threshold-control
40000.0,100.0,0.0025,17.262964405722734,100.0,0.8160075653244399,threshold-control
40000.0,100.0,0.0025,17.333139057778517,100.0,0.815656379447573,threshold-control
40000.0,100.0,0.0025,17.4033137098343,100.0,0.8153046480389121,threshold-control
40000.0,100.0,0.0025,17.473488361890084,100.0,0.8149523707273787,threshold-control
40000.0,100.0,0.0025,17.543663013945867,100.0,0.8145995471435362,threshold-control
40000.0,100.0,0.0025,17.61383766600165,100.0,0.8142461769195979,threshold-control
40000.0,100.0,0.0025,17.684012318057434,100.0,0.8138922596894355,threshold-control
40000.0,100.0,0.0025,17.754186970113217,100.0,0.8135377950885863,threshold-control
40000.0,100.0,0.0025,17.824361622169,100.0,0.8131827827542617,threshold-control
40000.0,100.0,0.0025,17.894536274224784,100.0,0.8128272223253555,threshold-control
40000.0,100.0,0.0025,17.964710926280567,100.0,0.8124711134424513,threshold-control
40000.0,100.0,0.0025,18.0,100.0,0.8122918278483293,threshold-control
40000.0,100.0,0.0025,18.03488557833635,100.0,0.8121144557478308,threshold-control
40000.0,100.0,0.0025,18.105060230392134,100.0,0.8117572488854823,threshold-control
40000.0,100.0,0.0025,18.175234882447917,100.0,0.8113994925011078,threshold-control
40000.0,100.0,0.0025,18.2454095345037,100.0,0.8110411862421321,threshold-control
40000.0,100.0,0.0025,18.315584186559484,100.0,0.81068232975771,threshold-control
40000.0,100.0,0.0025,18.385758838615267,100.0,0.8103229226987352,threshold-control
40000.0,100.0,0.0025,18.45593349067105,100.0,0.8099629647178479,threshold-control
40000.0,100.0,0.0025,18.526108142726834,100.0,0.8096024554694425,threshold-control
40000.0,100.0,0.0025,18.596282794782617,100.0,0.809241394609677,threshold-control
40000.0,100.0,0.0025,18.6664574468384,100.0,0.8088797817964797,threshold-control
40000.0,100.0,0.0025,18.736632098894184,100.0,0.808517616689558,threshold-control
40000.0,100.0,0.0025,18.806806750949967,100.0,0.8081548989504067,threshold-control
40000.0,100.0,0.0025,18.876981403005754,100.0,0.8077916282423159,threshold-control
40000.0,100.0,0.0025,18.947156055061537,100.0,0.8074278042303789,threshold-control
40000.0,100.0,0.0025,19.0,100.0,0.8071534667319902,threshold-control
40000.0,100.0,0.0025,19.01733070711732,100.0,0.8070634265815007,threshold-control
40000.0,100.0,0.0025,19.087505359173104,100.0,0.806698494964406,threshold-control
40000.0,100.0,0.0025,19.157680011228887,100.0,0.8063330090496479,threshold-control
40000.0,100.0,0.0025,19.22785466328467,100.0,0.8059669685096148,threshold-control
40000.0,100.0,0.0025,19.298029315340454,100.0,0.80560037301854,threshold-control
40000.0,100.0,0.0025,19.368203967396237,100.0,0.8052332222525089,threshold-control
40000.0,100.0,0.0025,19.43837861945202,100.0,0.8048655158894678,threshold-control
40000.0,100.0,0.0025,19.508553271507804,100.0,0.8044972536092316,threshold-control
40000.0,100.0,0.0025,19.578727923563587,100.0,0.8041284350934926,threshold-control
40000.0,100.0,0.0025,19.64890257561937,100.0,0.803759060025828,threshold-control
40000.0,100.0,0.0025,19.719077227675154,100.0,0.8033891280917085,threshold-control
40000.0,100.0,0.0025,19.789251879730937,100.0,0.8030186389785067,threshold-control
40000.0,100.0,0.0025,19.85942653178672,100.0,0.8026475923755051,threshold-control
40000.0,100.0,0.0025,19.929601183842504,100.0,0.8022759879739043,threshold-control
40000.0,100.0,0.0025,19.999775835898287,100.0,0.8019038254668311,threshold-control
40000.0,100.0,0.0025,20.0,100.0,0.8019026357459276,threshold-control
40000.0,100.0,0.0025,20.06995048795407,100.0,0.8015311045493474,threshold-control
40000.0,100.0,0.0025,20.140125140009854,100.0,0.8011578249184574,threshold-control
40000.0,100.0,0.0025,20.210299792065637,100.0,0.8007839862731169,threshold-control
40000.0,100.0,0.0025,20.28047444412142,100.0,0.8004095883142408,threshold-control
40000.0,100.0,0.0025,20.350649096177204,100.0,0.8000346307447119,threshold-control
40000.0,100.0,0.0025,20.420823748232987,100.0,0.7996591132693888,threshold-control
40000.0,100.0,0.0025,20.49099840028877,100.0,0.7992830355951142,threshold-control
40000.0,100.0,0.0025,20.561173052344554,100.0,0.7989063974307234,threshold-control
40000.0,100.0,0.0025,20.631347704400337,100.0,0.7985291984870525,threshold-control
40000.0,100.0,0.0025,20.701522356456124,100.0,0.7981514384769464,threshold-control
40000.0,100.0,0.0025,20.771697008511907,100.0,0.7977731171152674,threshold-control
40000.0,100.0,0.0025,20.84187166056769,100.0,0.7973942341189036,threshold-control
40000.0,100.0,0.0025,20.912046312623474,100.0,0.797014789206777,threshold-control
40000.0,100.0,0.0025,20.982220964679257,100.0,0.7966347820998515,threshold-control
40000.0,100.0,0.0025,21.0,100.0,0.7965384164505382,threshold-control
40000.0,100.0,0.0025,21.05239561673504,100.0,0.7962542125211417,threshold-control
40000.0,100.0,0.0025,21.122570268790824,100.0,0.7958730801957212,threshold-control
40000.0,100.0,0.0025,21.192744920846607,100.0,0.7954913848507303,threshold-control
40000.0,100.0,0.0025,21.26291957290239,100.0,0.7951091262153851,threshold-control
40000.0,100.0,0.0025,21.333094224958174,100.0,0.7947263040209854,threshold-control
40000.0,100.0,0.0025,21.403268877013957,100.0,0.7943429180009229,threshold-control
40000.0,100.0,0.0025,21.47344352906974,100.0,0.7939589678906898,threshold-control
40000.0,100.0,0.0025,21.543618181125524,100.0,0.7935744534278871,threshold-control
40000.0,100.0,0.0025,21.613792833181307,100.0,0.7931893743522327,threshold-control
40000.0,100.0,0.0025,21.68396748523709,100.0,0.79280373040557,threshold-control
40000.0,100.0,0.0025,21.754142137292874,100.0,0.7924175213318758,threshold-control
40000.0,100.0,0.0025,21.824316789348657,100.0,0.7920307468772695,threshold-control
40000.0,100.0,0.0025,21.89449144140444,100.0,0.7916434067900202,threshold-control
40000.0,100.0,0.0025,21.964666093460224,100.0,0.7912555008205563,threshold-control
40000.0,100.0,0.0025,22.0,100.0,0.7910599705313367,threshold-control
40000.0,100.0,0.0025,22.034840745516007,100.0,0.7908670287214727,threshold-control
40000.0,100.0,0.0025,22.10501539757179,100.0,0.7904779902475401,threshold-control
40000.0,100.0,0.0025,22.175190049627574,100.0,0.7900883851557128,threshold-control
40000.0,100.0,0.0025,22.245364701683357,100.0,0.7896982132051369,threshold-control
40000.0,100.0,0.0025,22.31553935373914,100.0,0.7893074741571593,threshold-control
40000.0,100.0,0.0025,22.385714005794924,100.0,0.7889161677753356,threshold-control
40000.0,100.0,0.0025,22.455888657850707,100.0,0.788524293825438,threshold-control
40000.0,100.0,0.0025,22.526063309906494,100.0,0.7881318520754645,threshold-control
40000.0,100.0,0.0025,22.596237961962277,100.0,0.7877388422956473,threshold-control
40000.0,100.0,0.0025,22.66641261401806,100.0,0.7873452642584597,threshold-control
40000.0,100.0,0.0025,22.736587266073844,100.0,0.7869511177386265,threshold-control
40000.0,100.0,0.0025,22.806761918129627,100.0,0.7865564025131306,threshold-control
40000.0,100.0,0.0025,22.87693657018541,100.0,0.7861611183612224,threshold-control
40000.0,100.0,0.0025,22.947111222241194,100.0,0.7857652650644276,threshold-control
40000.0,100.0,0.0025,23.0,100.0,0.7854665446628559,threshold-control
40000.0,100.0,0.0025,23.017285874296977,100.0,0.7853688424065559,threshold-control
40000.0,100.0,0.0025,23.08746052635276,100.0,0.7849718501737093,threshold-control
40000.0,100.0,0.0025,23.157635178408544,100.0,0.7845742881542901,threshold-control
40000.0,100.0,0.0025,23.227809830464327,100.0,0.7841761561390094,threshold-control
40000.0,100.0,0.0025,23.29798448252011,100.0,0.7837774539208958,threshold-control
40000.0,100.0,0.0025,23.368159134575894,100.0,0.7833781812953033,threshold-control
40000.0,100.0,0.0025,23.438333786631677,100.0,0.7829783380599198,threshold-control
40000.0,100.0,0.0025,23.50850843868746,100.0,0.7825779240147754,threshold-control
40000.0,100.0,0.0025,23.578683090743244,100.0,0.7821769389622509,threshold-control
40000.0,100.0,0.0025,23.648857742799027,100.0,0.7817753827070859,threshold-control
40000.0,100.0,0.0025,23.71903239485481,100.0,0.7813732550563871,threshold-control
40000.0,100.0,0.0025,23.789207046910594,100.0,0.7809705558196369,threshold-control
40000.0,100.0,0.0025,23.859381698966377,100.0,0.7805672848087017,threshold-control
40000.0,100.0,0.0025,23.92955635102216,100.0,0.7801634418378399,threshold-control
40000.0,100.0,0.0025,23.999731003077944,100.0,0.7797590267237107,threshold-control
40000.0,100.0,0.0025,24.0,100.0,0.7797574753988165,threshold-control
40000.0,100.0,0.0025,24.069905655133727,100.0,0.7793540392853815,threshold-control
40000.0,100.0,0.0025,24.14008030718951,100.0,0.7789484793443378,threshold-control
40000.0,100.0,0.0025,24.210254959245294,100.0,0.7785423467244899,threshold-control
40000.0,100.0,0.0025,24.28042961130108,100.0,0.778135641252182,threshold-control
40000.0,100.0,0.0025,24.350604263356864,100.0,0.7777283627562007,threshold-control
40000.0,100.0,0.0025,24.420778915412647,100.0,0.7773205110677828,threshold-control
40000.0,100.0,0.0025,24.49095356746843,100.0,0.7769120860206236,threshold-control
40000.0,100.0,0.0025,24.561128219524214,100.0,0.7765030874508856,threshold-control
40000.0,100.0,0.0025,24.631302871579997,100.0,0.7760935151972067,threshold-control
40000.0,100.0,0.0025,24.70147752363578,100.0,0.7756833691007082,threshold-control
40000.0,100.0,0.0025,24.771652175691564,100.0,0.7752726490050033,threshold-control
40000.0,100.0,0.0025,24.841826827747347,100.0,0.7748613547562051,threshold-control
40000.0,100.0,0.0025,24.91200147980313,100.0,0.7744494862029356,threshold-control
40000.0,100.0,0.0025,24.982176131858914,100.0,0.774037043196333,threshold-control
40000.0,100.0,0.0025,25.0,100.0,0.7739321940722224,threshold-control
40000.0,100.0,0.0025,25.052350783914697,100.0,0.7736240255900608,threshold-control
40000.0,100.0,0.0025,25.12252543597048,100.0,0.7732104332403155,threshold-control
40000.0,100.0,0.0025,25.192700088026264,100.0,0.7727962660058347,threshold-control
40000.0,100.0,0.0025,25.262874740082047,100.0,0.7723815237479066,threshold-control
40000.0,100.0,0.0025,25.33304939213783,100.0,0.7719662063303765,threshold-control
40000.0,100.0,0.0025,25.403224044193614,100.0,0.7715503136196561,threshold-control
40000.0,100.0,0.0025,25.473398696249397,100.0,0.7711338454847316,threshold-control
40000.0,100.0,0.0025,25.54357334830518,100.0,0.770716801797172,threshold-control
40000.0,100.0,0.0025,25.613748000360964,100.0,0.7702991824311366,threshold-control
40000.0,100.0,0.0025,25.683922652416747,100.0,0.7698809872633843,threshold-control
40000.0,100.0,0.0025,25.75409730447253,100.0,0.7694622161732807,threshold-control
40000.0,100.0,0.0025,25.824271956528314,100.0,0.7690428690428076,threshold-control
40000.0,100.0,0.0025,25.894446608584097,100.0,0.7686229457565696,threshold-control
40000.0,100.0,0.0025,25.96462126063988,100.0,0.7682024462018039,threshold-control
40000.0,100.0,0.0025,26.0,100.0,0.7679902316878984,threshold-control
40000.0,100.0,0.0025,26.034795912695664,100.0,0.7677813702683869,threshold-control
40000.0,100.0,0.0025,26.10497056475145,100.0,0.7673597178488439,threshold-control
40000.0,100.0,0.0025,26.175145216807234,100.0,0.766937488838356,threshold-control
40000.0,100.0,0.0025,26.245319868863017,100.0,0.766514683134769,threshold-control
40000.0,100.0,0.0025,26.3154945209188,100.0,0.7660913006386014,threshold-control
40000.0,100.0,0.0025,26.385669172974584,100.0,0.7656673412530521,threshold-control
40000.0,100.0,0.0025,26.455843825030367,100.0,0.7652428048840092,threshold-control
40000.0,100.0,0.0025,26.52601847708615,100.0,0.7648176914400575,threshold-control
40000.0,100.0,0.0025,26.596193129141934,100.0,0.7643920008324874,threshold-control
40000.0,100.0,0.0025,26.666367781197717,100.0,0.763965732975302,threshold-control
40000.0,100.0,0.0025,26.7365424332535,100.0,0.7635388877852257,threshold-control
40000.0,100.0,0.0025,26.806717085309284,100.0,0.7631114651817127,threshold-control
40000.0,100.0,0.0025,26.876891737365067,100.0,0.7626834650869542,threshold-control
40000.0,100.0,0.0025,26.94706638942085,100.0,0.762254887425887,threshold-control
40000.0,100.0,0.0025,27.0,100.0,0.7619312237888709,threshold-control
40000.0,100.0,0.0025,27.017241041476634,100.0,0.7618257321262016,threshold-control
40000.0,100.0,0.0025,27.087415693532417,100.0,0.76139599911835,threshold-control
40000.0,100.0,0.0025,27.1575903455882,100.0,0.7609656883355538,threshold-control
40000.0,100.0,0.0025,27.227764997643984,100.0,0.7605347997138121,threshold-control
40000.0,100.0,0.0025,27.297939649699767,100.0,0.76010333319191,threshold-control
40000.0,100.0,0.0025,27.36811430175555,100.0,0.7596712887114261,threshold-control
40000.0,100.0,0.0025,27.438288953811334,100.0,0.7592386662167404,threshold-control
40000.0,100.0,0.0025,27.508463605867117,100.0,0.7588054656550428,threshold-control
40000.0,100.0,0.0025,27.5786382579229,100.0,0.7583716869763406,threshold-control
40000.0,100.0,0.0025,27.648812909978684,100.0,0.7579373301334666,threshold-control
40000.0,100.0,0.0025,27.718987562034467,100.0,0.7575023950820875,threshold-control
40000.0,100.0,0.0025,27.78916221409025,100.0,0.7570668817807108,threshold-control
40000.0,100.0,0.0025,27.859336866146037,100.0,0.7566307901906935,threshold-control
40000.0,100.0,0.0025,27.92951151820182,100.0,0.7561941202762501,threshold-control
40000.0,100.0,0.0025,27.999686170257604,100.0,0.7557568720044598,threshold-control
40000.0,100.0,0.0025,28.0,100.0,0.7557549152769173,threshold-control
40000.0,100.0,0.0025,28.069860822313387,100.0,0.7553190453452753,threshold-control
40000.0,100.0,0.0025,28.14003547436917,100.0,0.7548806402715293,threshold-control
40000.0,100.0,0.0025,28.210210126424954,100.0,0.7544416567589444,threshold-control
40000.0,100.0,0.0025,28.280384778480737,100.0,0.7540020947861386,threshold-control
40000.0,100.0,0.0025,28.35055943053652,100.0,0.7535619543346348,threshold-control
40000.0,100.0,0.0025,28.420734082592304,100.0,0.7531212353888681,threshold-control
40000.0,100.0,0.0025,28.490908734648087,100.0,0.7526799379361936,threshold-control
40000.0,100.0,0.0025,28.56108338670387,100.0,0.7522380619668939,threshold-control
40000.0,100.0,0.0025,28.631258038759654,100.0,0.7517956074741875,threshold-control
40000.0,100.0,0.0025,28.701432690815437,100.0,0.7513525744542358,threshold-control
40000.0,100.0,0.0025,28.77160734287122,100.0,0.7509089629061514,threshold-control
40000.0,100.0,0.0025,28.841781994927004,100.0,0.7504647728320059,threshold-control
40000.0,100.0,0.0025,28.911956646982787,100.0,0.7500200042368367,threshold-control
40000.0,100.0,0.0025,28.98213129903857,100.0,0.7495746571286561,threshold-control
40000.0,100.0,0.0025,29.0,100.0,0.7494611651665773,threshold-control
40000.0,100.0,0.0025,29.052305951094354,100.0,0.7491287315184578,threshold-control
40000.0,100.0,0.0025,29.122480603150137,100.0,0.7486822274202252,threshold-control
40000.0,100.0,0.0025,29.19265525520592,100.0,0.7482351448509386,threshold-control
40000.0,100.0,0.0025,29.262829907261704,100.0,0.747787483830583,threshold-control
40000.0,100.0,0.0025,29.333004559317487,100.0,0.7473392443821564,threshold-control
40000.0,100.0,0.0025,29.40317921137327,100.0,0.7468904265316761,threshold-control
40000.0,100.0,0.0025,29.473353863429054,100.0,0.7464410303081874,threshold-control
40000.0,100.0,0.0025,29.543528515484837,100.0,0.7459910557437706,threshold-control
40000.0,100.0,0.0025,29.61370316754062,100.0,0.7455405028735483,threshold-control
40000.0,100.0,0.0025,29.683877819596407,100.0,0.745089371735694,threshold-control
40000.0,100.0,0.0025,29.75405247165219,100.0,0.7446376623714386,threshold-control
40000.0,100.0,0.0025,29.824227123707974,100.0,0.744185374825078,threshold-control
40000.0,100.0,0.0025,29.894401775763757,100.0,0.7437325091439808,threshold-control
40000.0,100.0,0.0025,29.96457642781954,100.0,0.7432790653785963,threshold-control
40000.0,100.0,0.0025,30.0,100.0,0.7430499512509556,threshold-control
40000.0,100.0,0.0025,30.034751079875324,100.0,0.742825043582461,threshold-control
40000.0,100.0,0.0025,30.104925731931107,100.0,0.7423704438122062,threshold-control
40000.0,100.0,0.0025,30.17510038398689,100.0,0.7419152661275659,threshold-control
40000.0,100.0,0.0025,30.245275036042674,100.0,0.7414595105913838,threshold-control
40000.0,100.0,0.0025,30.315449688098457,100.0,0.741003177269621,threshold-control
40000.0,100.0,0.0025,30.38562434015424,100.0,0.7405462662313625,threshold-control
40000.0,100.0,0.0025,30.455798992210024,100.0,0.740088777548826,threshold-control
40000.0,100.0,0.0025,30.525973644265807,100.0,0.7396307112973673,threshold-control
40000.0,100.0,0.0025,30.59614829632159,100.0,0.7391720675554897,threshold-control
40000.0,100.0,0.0025,30.666322948377374,100.0,0.7387128464048494,threshold-control
40000.0,100.0,0.0025,30.736497600433157,100.0,0.7382530479302638,threshold-control
40000.0,100.0,0.0025,30.80667225248894,100.0,0.7377926722197186,threshold-control
40000.0,100.0,0.0025,30.876846904544724,100.0,0.7373317193643746,threshold-control
40000.0,100.0,0.0025,30.947021556600507,100.0,0.7368701894585752,threshold-control
40000.0,100.0,0.0025,31.0,100.0,0.736521374656748,threshold-control
40000.0,100.0,0.0025,31.01719620865629,100.0,0.7364080825998536,threshold-control
40000.0,100.0,0.0025,31.087370860712074,100.0,0.73594539888894,threshold-control
40000.0,100.0,0.0025,31.157545512767857,100.0,0.7354821384297681,threshold-control
40000.0,100.0,0.0025,31.22772016482364,100.0,0.735018301329483,threshold-control
40000.0,100.0,0.0025,31.297894816879424,100.0,0.7345538876984479,threshold-control
40000.0,100.0,0.0025,31.368069468935207,100.0,0.7340888976502511,threshold-control
40000.0,100.0,0.0025,31.438244120990994,100.0,0.7336233313017131,threshold-control
40000.0,100.0,0.0025,31.508418773046778,100.0,0.7331571887728937,threshold-control
40000.0,100.0,0.0025,31.57859342510256,100.0,0.7326904701870991,threshold-control
40000.0,100.0,0.0025,31.648768077158344,100.0,0.7322231756708881,threshold-control
40000.0,100.0,0.0025,31.718942729214127,100.0,0.73175530535408,threshold-control
40000.0,100.0,0.0025,31.78911738126991,100.0,0.7312868593697612,threshold-control
40000.0,100.0,0.0025,31.859292033325694,100.0,0.7308178378542918,threshold-control
40000.0,100.0,0.0025,31.929466685381477,100.0,0.7303482409473128,threshold-control
40000.0,100.0,0.0025,31.99964133743726,100.0,0.7298780687917523,threshold-control
40000.0,100.0,0.0025,32.0,100.0,0.7298756642651163,threshold-control
40000.0,100.0,0.0025,32.069815989493044,100.0,0.7294073215338338,threshold-control
40000.0,100.0,0.0025,32.13999064154883,100.0,0.7289359993230813,threshold-control
40000.0,100.0,0.0025,32.21016529360461,100.0,0.7284641023123268,threshold-control
40000.0,100.0,0.0025,32.280339945660394,100.0,0.7279916306577174,threshold-control
40000.0,100.0,0.0025,32.35051459771618,100.0,0.7275185845187215,threshold-control
40000.0,100.0,0.0025,32.42068924977196,100.0,0.7270449640581355,threshold-control
40000.0,100.0,0.0025,32.490863901827744,100.0,0.7265707694420906,threshold-control
40000.0,100.0,0.0025,32.56103855388353,100.0,0.7260960008400597,threshold-control
40000.0,100.0,0.0025,32.63121320593931,100.0,0.7256206584248636,threshold-control
40000.0,100.0,0.0025,32.701387857995094,100.0,0.7251447423726776,threshold-control
40000.0,100.0,0.0025,32.77156251005088,100.0,0.7246682528630386,threshold-control
40000.0,100.0,0.0025,32.84173716210666,100.0,0.7241911900788508,threshold-control
40000.0,100.0,0.0025,32.911911814162444,100.0,0.723713554206393,threshold-control
40000.0,100.0,0.0025,32.98208646621823,100.0,0.7232353454353248,threshold-control
40000.0,100.0,0.0025,33.0,100.0,0.723113180974331,threshold-control
40000.0,100.0,0.0025,33.05226111827401,100.0,0.7227565639586924,threshold-control
40000.0,100.0,0.0025,33.122435770329794,100.0,0.7222772099729363,threshold-control
40000.0,100.0,0.0025,33.19261042238558,100.0,0.7217972836778965,threshold-control
40000.0,100.0,0.0025,33.26278507444136,100.0,0.7213167852768199,threshold-control
40000.0,100.0,0.0025,33.332959726497144,100.0,0.7208357149763656,threshold-control
40000.0,100.0,0.0025,33.40313437855293,100.0,0.7203540729866119,threshold-control
40000.0,100.0,0.0025,33.47330903060871,100.0,0.7198718595210627,threshold-control
40000.0,100.0,0.0025,33.543483682664494,100.0,0.7193890747966531,threshold-control
40000.0,100.0,0.0025,33.61365833472028,100.0,0.718905719033756,threshold-control
40000.0,100.0,0.0025,33.68383298677606,100.0,0.7184217924561889,threshold-control
40000.0,100.0,0.0025,33.754007638831844,100.0,0.7179372952912185,threshold-control
40000.0,100.0,0.0025,33.82418229088763,100.0,0.7174522277695687,threshold-control
40000.0,100.0,0.0025,33.89435694294341,100.0,0.7169665901254252,threshold-control
40000.0,100.0,0.0025,33.964531594999194,100.0,0.7164803825964424,threshold-control
40000.0,100.0,0.0025,34.0,100.0,0.7162344217795061,threshold-control
40000.0,100.0,0.0025,34.03470624705498,100.0,0.7159936054237495,threshold-control
40000.0,100.0,0.0025,34.10488089911076,100.0,0.7155062588519556,threshold-control
40000.0,100.0,0.0025,34.17505555116655,100.0,0.715018343129157,threshold-control
40000.0,100.0,0.0025,34.245230203222334,100.0,0.7145298585069424,threshold-control
40000.0,100.0,0.0025,34.31540485527812,100.0,0.7140408052403981,threshold-control
40000.0,100.0,0.0025,34.3855795073339,100.0,0.7135511835881161,threshold-control
40000.0,100.0,0.0025,34.455754159389684,100.0,0.7130609938121972,threshold-control
40000.0,100.0,0.0025,34.52592881144547,100.0,0.7125702361782592,threshold-control
40000.0,100.0,0.0025,34.59610346350125,100.0,0.7120789109554411,threshold-control
40000.0,100.0,0.0025,34.666278115557034,100.0,0.7115870184164096,threshold-control
40000.0,100.0,0.0025,34.73645276761282,100.0,0.7110945588373647,threshold-control
40000.0,100.0,0.0025,34.8066274196686,100.0,0.7106015324980457,threshold-control
40000.0,100.0,0.0025,34.876802071724384,100.0,0.710107939681736,threshold-control
40000.0,100.0,0.0025,34.94697672378017,100.0,0.7096137806752696,threshold-control
40000.0,100.0,0.0025,35.0,100.0,0.7092400236442854,threshold-control
40000.0,100.0,0.0025,35.01715137583595,100.0,0.7091190557690361,threshold-control
40000.0,100.0,0.0025,35.087326027891734,100.0,0.7086237652569871,threshold-control
40000.0,100.0,0.0025,35.15750067994752,100.0,0.7081279094366407,threshold-control
40000.0,100.0,0.0025,35.2276753320033,100.0,0.7076314886090875,threshold-control
40000.0,100.0,0.0025,35.297849984059084,100.0,0.7071345030789962,threshold-control
40000.0,100.0,0.0025,35.36802463611487,100.0,0.7066369531546188,threshold-control
40000.0,100.0,0.0025,35.43819928817065,100.0,0.7061388391477961,threshold-control
40000.0,100.0,0.0025,35.508373940226434,100.0,0.7056401613739629,threshold-control
40000.0,100.0,0.0025,35.57854859228222,100.0,0.7051409201521535,threshold-control
40000.0,100.0,0.0025,35.648723244338,100.0,0.7046411158050069,threshold-control
40000.0,100.0,0.0025,35.718897896393784,100.0,0.7041407486587722,threshold-control
40000.0,100.0,0.0025,35.78907254844957,100.0,0.7036398190433135,threshold-control
40000.0,100.0,0.0025,35.85924720050535,100.0,0.7031383272921156,threshold-control
40000.0,100.0,0.0025,35.929421852561134,100.0,0.7026362737422882,threshold-control
40000.0,100.0,0.0025,35.99959650461692,100.0,0.7021336587345726,threshold-control
40000.0,100.0,0.0025,36.0,100.0,0.702130767139008,threshold-control
40000.0,100.0,0.0025,36.0697711566727,100.0,0.7016304826133446,threshold-control
40000.0,100.0,0.0025,36.139945808728484,100.0,0.7011267457266217,threshold-control
40000.0,100.0,0.0025,36.21012046078427,100.0,0.7006224484260668,threshold-control
40000.0,100.0,0.0025,36.28029511284005,100.0,0.7001175910669936,threshold-control
40000.0,100.0,0.0025,36.350469764895834,100.0,0.699612174008371,threshold-control
40000.0,100.0,0.0025,36.42064441695162,100.0,0.6991061976128289,threshold-control
40000.0,100.0,0.0025,36.4908190690074,100.0,0.6985996622466624,threshold-control
40000.0,100.0,0.0025,36.560993721063184,100.0,0.6980925682798365,threshold-control
40000.0,100.0,0.0025,36.63116837311897,100.0,0.6975849160859915,threshold-control
40000.0,100.0,0.0025,36.70134302517475,100.0,0.6970767060424472,threshold-control
40000.0,100.0,0.0025,36.771517677230534,100.0,0.6965679385302077,threshold-control
40000.0,100.0,0.0025,36.84169232928632,100.0,0.6960586139339662,threshold-control
40000.0,100.0,0.0025,36.9118669813421,100.0,0.6955487326421095,threshold-control
40000.0,100.0,0.0025,36.982041633397884,100.0,0.6950382950467227,threshold-control
40000.0,100.0,0.0025,37.0,100.0,0.6949075798197164,threshold-control
40000.0,100.0,0.0025,37.05221628545367,100.0,0.6945273015435931,threshold-control
40000.0,100.0,0.0025,37.12239093750945,100.0,0.6940157525322161,threshold-control
40000.0,100.0,0.0025,37.192565589565234,100.0,0.6935036484157981,threshold-control
40000.0,100.0,0.0025,37.26274024162102,100.0,0.692990989601262,threshold-control
40000.0,100.0,0.0025,37.3329148936768,100.0,0.6924777764992509,threshold-control
40000.0,100.0,0.0025,37.403089545732584,100.0,0.691964009524133,threshold-control
40000.0,100.0,0.0025,37.47326419778837,100.0,0.6914496890940052,threshold-control
40000.0,100.0,0.0025,37.54343884984415,100.0,0.6909348156306983,threshold-control
40000.0,100.0,0.0025,37.613613501899934,100.0,0.6904193895597801,threshold-control
40000.0,100.0,0.0025,37.68378815395572,100.0,0.6899034113105604,threshold-control
40000.0,100.0,0.0025,37.75396280601151,100.0,0.6893868813160953,threshold-control
40000.0,100.0,0.0025,37.82413745806729,100.0,0.6888698000131903,threshold-control
40000.0,100.0,0.0025,37.894312110123074,100.0,0.6883521678424049,threshold-control
40000.0,100.0,0.0025,37.96448676217886,100.0,0.6878339852480571,threshold-control
40000.0,100.0,0.0025,38.0,100.0,0.6875715393223516,threshold-control
40000.0,100.0,0.0025,38.03466141423464,100.0,0.6873152526782262,threshold-control
40000.0,100.0,0.0025,38.104836066290424,100.0,0.6867959705847579,threshold-control
40000.0,100.0,0.0025,38.17501071834621,100.0,0.6862761394232675,threshold-control
40000.0,100.0,0.0025,38.24518537040199,100.0,0.6857557596531441,threshold-control
40000.0,100.0,0.0025,38.315360022457774,100.0,0.6852348317375534,threshold-control
40000.0,100.0,0.0025,38.38553467451356,100.0,0.6847133561434434,threshold-control
40000.0,100.0,0.0025,38.45570932656934,100.0,0.6841913333415461,threshold-control
40000.0,100.0,0.0025,38.525883978625124,100.0,0.6836687638063821,threshold-control
40000.0,100.0,0.0025,38.59605863068091,100.0,0.6831456480162643,threshold-control
40000.0,100.0,0.0025,38.66623328273669,100.0,0.6826219864533012,threshold-control
40000.0,100.0,0.0025,38.736407934792474,100.0,0.6820977796034003,threshold-control
40000.0,100.0,0.0025,38.80658258684826,100.0,0.6815730279562722,threshold-control
40000.0,100.0,0.0025,38.87675723890404,100.0,0.6810477320054329,threshold-control
40000.0,100.0,0.0025,38.946931890959824,100.0,0.6805218922482086,threshold-control
40000.0,100.0,0.0025,39.0,100.0,0.6801238761466546,threshold-control
40000.0,100.0,0.0025,39.01710654301561,100.0,0.6799955091857378,threshold-control
40000.0,100.0,0.0025,39.08728119507139,100.0,0.6794685833229757,threshold-control
40000.0,100.0,0.0025,39.157455847127174,100.0,0.6789411151686962,threshold-control
40000.0,100.0,0.0025,39.22763049918296,100.0,0.6784131052354962,threshold-control
40000.0,100.0,0.0025,39.29780515123874,100.0,0.6778845540397986,threshold-control
40000.0,100.0,0.0025,39.367979803294524,100.0,0.6773554621018545,threshold-control
40000.0,100.0,0.0025,39.43815445535031,100.0,0.6768258299457475,threshold-control
40000.0,100.0,0.0025,39.50832910740609,100.0,0.6762956580993957,threshold-control
40000.0,100.0,0.0025,39.578503759461874,100.0,0.6757649470945557,threshold-control
40000.0,100.0,0.0025,39.64867841151766,100.0,0.6752336974668244,threshold-control
40000.0,100.0,0.0025,39.71885306357344,100.0,0.6747019097556426,threshold-control
40000.0,100.0,0.0025,39.789027715629224,100.0,0.6741695845042978,threshold-control
40000.0,100.0,0.0025,39.85920236768501,100.0,0.6736367222599269,threshold-control
40000.0,100.0,0.0025,39.92937701974079,100.0,0.6731033235735184,threshold-control
40000.0,100.0,0.0025,39.999551671796574,100.0,0.6725693889999165,threshold-control
40000.0,100.0,0.0025,40.0,100.0,0.6725659761046459,threshold-control
40000.0,100.0,0.0025,40.06972632385236,100.0,0.6720349190978216,threshold-control
40000.0,100.0,0.0025,40.13990097590814,100.0,0.6714999144297953,threshold-control
40000.0,100.0,0.0025,40.210075627963924,100.0,0.6709643755622607,threshold-control
40000.0,100.0,0.0025,40.28025028001971,100.0,0.670428303065507,threshold-control
40000.0,100.0,0.0025,40.35042493207549,100.0,0.6698916975136902,threshold-control
40000.0,100.0,0.0025,40.420599584131274,100.0,0.669354559484836,threshold-control
40000.0,100.0,0.0025,40.49077423618706,100.0,0.6688168895608431,threshold-control
40000.0,100.0,0.0025,40.56094888824284,100.0,0.6682786883274843,threshold-control
40000.0,100.0,0.0025,40.631123540298624,100.0,0.6677399563744087,threshold-control
40000.0,100.0,0.0025,40.70129819235441,100.0,0.6672006942951454,threshold-control
40000.0,100.0,0.0025,40.77147284441019,100.0,0.666660902687104,threshold-control
40000.0,100.0,0.0025,40.841647496465974,100.0,0.6661205821515773,threshold-control
40000.0,100.0,0.0025,40.91182214852176,100.0,0.6655797332937436,threshold-control
40000.0,100.0,0.0025,40.98199680057754,100.0,0.6650383567226683,threshold-control
40000.0,100.0,0.0025,41.0,100.0,0.6648993824091042,threshold-control
40000.0,100.0,0.0025,41.052171452633324,100.0,0.6644964530513062,threshold-control
40000.0,100.0,0.0025,41.12234610468911,100.0,0.663954022896503,threshold-control
40000.0,100.0,0.0025,41.19252075674489,100.0,0.6634110668789975,threshold-control
40000.0,100.0,0.0025,41.262695408800674,100.0,0.6628675856234234,threshold-control
40000.0,100.0,0.0025,41.332870060856465,100.0,0.6623235797583104,threshold-control
40000.0,100.0,0.0025,41.40304471291225,100.0,0.6617790499160867,threshold-control
40000.0,100.0,0.0025,41.47321936496803,100.0,0.6612339967330805,threshold-control
40000.0,100.0,0.0025,41.543394017023815,100.0,0.6606884208495212,threshold-control
40000.0,100.0,0.0025,41.6135686690796,100.0,0.6601423229095409,threshold-control
40000.0,100.0,0.0025,41.68374332113538,100.0,0.6595957035611764,threshold-control
40000.0,100.0,0.0025,41.753917973191164,100.0,0.6590485634563703,threshold-control
40000.0,100.0,0.0025,41.82409262524695,100.0,0.6585009032509723,threshold-control
40000.0,100.0,0.0025,41.89426727730273,100.0,0.6579527236047411,threshold-control
40000.0,100.0,0.0025,41.964441929358514,100.0,0.6574040251813447,threshold-control
40000.0,100.0,0.0025,42.0,100.0,0.6571257973782181,threshold-control
40000.0,100.0,0.0025,42.0346165814143,100.0,0.6568548086483619,threshold-control
40000.0,100.0,0.0025,42.10479123347008,100.0,0.6563050746772845,threshold-control
40000.0,100.0,0.0025,42.174965885525864,100.0,0.6557548239435171,threshold-control
40000.0,100.0,0.0025,42.24514053758165,100.0,0.6552040571263786,threshold-control
40000.0,100.0,0.0025,42.31531518963743,100.0,0.6546527749091033,threshold-control
40000.0,100.0,0.0025,42.385489841693214,100.0,0.6541009779788423,threshold-control
40000.0,100.0,0.0025,42.455664493749,100.0,0.653548667026663,threshold-control
40000.0,100.0,0.0025,42.52583914580478,100.0,0.6529958427475516,threshold-control
40000.0,100.0,0.0025,42.596013797860564,100.0,0.6524425058404127,threshold-control
40000.0,100.0,0.0025,42.66618844991635,100.0,0.6518886570080709,threshold-control
40000.0,100.0,0.0025,42.73636310197213,100.0,0.6513342969572702,threshold-control
40000.0,100.0,0.0025,42.806537754027914,100.0,0.6507794263986766,threshold-control
40000.0,100.0,0.0025,42.8767124060837,100.0,0.6502240460468764,threshold-control
40000.0,100.0,0.0025,42.94688705813948,100.0,0.6496681566203786,threshold-control
40000.0,100.0,0.0025,43.0,100.0,0.6492470837335519,threshold-control
40000.0,100.0,0.0025,43.017061710195264,100.0,0.649111758841614,threshold-control
40000.0,100.0,0.0025,43.08723636225105,100.0,0.6485548534369368,threshold-control
40000.0,100.0,0.0025,43.15741101430683,100.0,0.6479974411366237,threshold-control
40000.0,100.0,0.0025,43.227585666362614,100.0,0.6474395226748753,threshold-control
40000.0,100.0,0.0025,43.2977603184184,100.0,0.6468810987898157,threshold-control
40000.0,100.0,0.0025,43.36793497047418,100.0,0.6463221702234925,threshold-control
40000.0,100.0,0.0025,43.438109622529964,100.0,0.6457627377218776,threshold-control
40000.0,100.0,0.0025,43.50828427458575,100.0,0.6452028020348668,threshold-control
40000.0,100.0,0.0025,43.57845892664153,100.0,0.6446423639162799,threshold-control
40000.0,100.0,0.0025,43.648633578697314,100.0,0.6440814241238605,threshold-control
40000.0,100.0,0.0025,43.7188082307531,100.0,0.6435199834192763,threshold-control
40000.0,100.0,0.0025,43.78898288280888,100.0,0.6429580425681185,threshold-control
40000.0,100.0,0.0025,43.859157534864664,100.0,0.6423956023399016,threshold-control
40000.0,100.0,0.0025,43.92933218692045,100.0,0.6418326635080638,threshold-control
40000.0,100.0,0.0025,43.99950683897623,100.0,0.6412692268499656,threshold-control
40000.0,100.0,0.0025,44.0,100.0,0.6412652654696338,threshold-control
40000.0,100.0,0.0025,44.069681491032014,100.0,0.64070529314689,threshold-control
40000.0,100.0,0.0025,44.1398561430878,100.0,0.6401408631840424,threshold-control
40000.0,100.0,0.0025,44.21003079514358,100.0,0.6395759377505492,threshold-control
40000.0,100.0,0.0025,44.280205447199364,100.0,0.6390105176394582,threshold-control
40000.0,100.0,0.0025,44.35038009925515,100.0,0.6384446036477367,threshold-control
40000.0,100.0,0.0025,44.42055475131093,100.0,0.6378781965762725,threshold-control
40000.0,100.0,0.0025,44.490729403366714,100.0,0.6373112972298717,threshold-control
40000.0,100.0,0.0025,44.5609040554225,100.0,0.6367439064172584,threshold-control
40000.0,100.0,0.0025,44.63107870747828,100.0,0.6361760249510744,threshold-control
40000.0,100.0,0.0025,44.701253359534064,100.0,0.6356076536478774,threshold-control
40000.0,100.0,0.0025,44.77142801158985,100.0,0.6350387933281403,threshold-control
40000.0,100.0,0.0025,44.84160266364563,100.0,0.6344694448162502,threshold-control
40000.0,100.0,0.0025,44.911777315701414,100.0,0.633899608940508,threshold-control
40000.0,100.0,0.0025,44.981951967757205,100.0,0.6333292865331259,threshold-control
40000.0,100.0,0.0025,45.0,100.0,0.6331825282748771,threshold-control
40000.0,100.0,0.0025,45.05212661981299,100.0,0.6327584784302271,threshold-control
40000.0,100.0,0.0025,45.12230127186877,100.0,0.6321871854718446,threshold-control
40000.0,100.0,0.0025,45.192475923924555,100.0,0.631615408501919,threshold-control
40000.0,100.0,0.0025,45.26265057598034,100.0,0.6310431483682982,threshold-control
40000.0,100.0,0.0025,45.33282522803612,100.0,0.6304704059227353,threshold-control
40000.0,100.0,0.0025,45.402999880091905,100.0,0.629897182020887,threshold-control
40000.0,100.0,0.0025,45.47317453214769,100.0,0.6293234775223127,threshold-control
40000.0,100.0,0.0025,45.54334918420347,100.0,0.6287492932904715,threshold-control
40000.0,100.0,0.0025,45.613523836259255,100.0,0.6281746301927227,threshold-control
40000.0,100.0,0.0025,45.68369848831504,100.0,0.6275994891003217,threshold-control
40000.0,100.0,0.0025,45.75387314037082,100.0,0.6270238708884196,threshold-control
40000.0,100.0,0.0025,45.824047792426605,100.0,0.6264477764360612,threshold-control
40000.0,100.0,0.0025,45.89422244448239,100.0,0.6258712066261823,threshold-control
40000.0,100.0,0.0025,45.96439709653817,100.0,0.625294162345609,threshold-control
40000.0,100.0,0.0025,46.0,100.0,0.6250012194851406,threshold-control
40000.0,100.0,0.0025,46.034571748593955,100.0,0.624716644485054,threshold-control
40000.0,100.0,0.0025,46.10474640064974,100.0,0.6241386539391158,threshold-control
40000.0,100.0,0.0025,46.17492105270552,100.0,0.6235601916062764,threshold-control
40000.0,100.0,0.0025,46.245095704761304,100.0,0.6229812583888981,threshold-control
40000.0,100.0,0.0025,46.31527035681709,100.0,0.622401855193222,threshold-control
40000.0,100.0,0.0025,46.38544500887287,100.0,0.6218219829293656,threshold-control
40000.0,100.0,0.0025,46.455619660928654,100.0,0.6212416425113204,threshold-control
40000.0,100.0,0.0025,46.52579431298444,100.0,0.6206608348569489,threshold-control
40000.0,100.0,0.0025,46.59596896504022,100.0,0.6200795608879823,threshold-control
40000.0,100.0,0.0025,46.666143617096004,100.0,0.6194978215300188,threshold-control
40000.0,100.0,0.0025,46.73631826915179,100.0,0.618915617712519,threshold-control
40000.0,100.0,0.0025,46.80649292120757,100.0,0.6183329503688051,threshold-control
40000.0,100.0,0.0025,46.876667573263354,100.0,0.6177498204360568,threshold-control
40000.0,100.0,0.0025,46.94684222531914,100.0,0.6171662288553093,threshold-control
40000.0,100.0,0.0025,47.0,100.0,0.6167238475530601,threshold-control
40000.0,100.0,0.0025,47.01701687737492,100.0,0.6165821765714496,threshold-control
40000.0,100.0,0.0025,47.087191529430704,100.0,0.6159976645332144,threshold-control
40000.0,100.0,0.0025,47.15736618148649,100.0,0.6154126936931861,threshold-control
40000.0,100.0,0.0025,47.22754083354227,100.0,0.6148272650077903,threshold-control
40000.0,100.0,0.0025,47.297715485598054,100.0,0.6142413794372927,threshold-control
40000.0,100.0,0.0025,47.36789013765384,100.0,0.6136550379457956,threshold-control
40000.0,100.0,0.0025,47.43806478970962,100.0,0.6130682415012344,threshold-control
40000.0,100.0,0.0025,47.508239441765404,100.0,0.6124809910753747,threshold-control
40000.0,100.0,0.0025,47.57841409382119,100.0,0.6118932876438086,threshold-control
40000.0,100.0,0.0025,47.64858874587697,100.0,0.6113051321859514,threshold-control
40000.0,100.0,0.0025,47.718763397932754,100.0,0.610716525685038,threshold-control
40000.0,100.0,0.0025,47.78893804998854,100.0,0.6101274691281189,threshold-control
40000.0,100.0,0.0025,47.85911270204432,100.0,0.6095379635060573,threshold-control
40000.0,100.0,0.0025,47.929287354100104,100.0,0.6089480098135245,threshold-control
40000.0,100.0,0.0025,47.99946200615589,100.0,0.608357609048997,threshold-control
40000.0,100.0,0.0025,48.0,100.0,0.6083530810183064,threshold-control
40000.0,100.0,0.0025,48.06963665821167,100.0,0.6077667622147518,threshold-control
40000.0,100.0,0.0025,48.139811310267454,100.0,0.607175470316863,threshold-control
40000.0,100.0,0.0025,48.20998596232324,100.0,0.6065837343651974,threshold-control
40000.0,100.0,0.0025,48.28016061437902,100.0,0.6059915553734111,threshold-control
40000.0,100.0,0.0025,48.350335266434804,100.0,0.6053989343589448,threshold-control
40000.0,100.0,0.0025,48.42050991849059,100.0,0.6048058723430196,threshold-control
40000.0,100.0,0.0025,48.49068457054637,100.0,0.6042123703506334,threshold-control
40000.0,100.0,0.0025,48.56085922260216,100.0,0.6036184294105554,threshold-control
40000.0,100.0,0.0025,48.631033874657945,100.0,0.6030240505553235,threshold-control
40000.0,100.0,0.0025,48.70120852671373,100.0,0.6024292348212381,threshold-control
40000.0,100.0,0.0025,48.77138317876951,100.0,0.6018339832483585,threshold-control
40000.0,100.0,0.0025,48.841557830825295,100.0,0.6012382968804983,threshold-control
40000.0,100.0,0.0025,48.91173248288108,100.0,0.6006421767652205,threshold-control
40000.0,100.0,0.0025,48.98190713493686,100.0,0.6000456239538332,threshold-control
40000.0,100.0,0.0025,49.0,100.0,0.5998917469661513,threshold-control
40000.0,100.0,0.0025,49.052081786992645,100.0,0.5994486395013845,threshold-control
40000.0,100.0,0.0025,49.12225643904843,100.0,0.5988512244666577,threshold-control
40000.0,100.0,0.0025,49.19243109110421,100.0,0.5982533799121668,threshold-control
40000.0,100.0,0.0025,49.262605743159995,100.0,0.5976551069041507,threshold-control
40000.0,100.0,0.0025,49.33278039521578,100.0,0.5970564065125696,threshold-control
40000.0,100.0,0.0025,49.40295504727156,100.0,0.5964572798110985,threshold-control
40000.0,100.0,0.0025,49.473129699327345,100.0,0.5958577278771228,threshold-control
40000.0,100.0,0.0025,49.54330435138313,100.0,0.5952577517917329,threshold-control
40000.0,100.0,0.0025,49.61347900343891,100.0,0.5946573526397192,threshold-control
40000.0,100.0,0.0025,49.683653655494695,100.0,0.5940565315095664,threshold-control
40000.0,100.0,0.0025,49.75382830755048,100.0,0.5934552894934484,threshold-control
40000.0,100.0,0.0025,49.82400295960626,100.0,0.5928536276872224,threshold-control
40000.0,100.0,0.0025,49.894177611662045,100.0,0.5922515471904242,threshold-control
40000.0,100.0,0.0025,49.96435226371783,100.0,0.5916490491062616,threshold-control
40000.0,100.0,0.0025,50.0,100.0,0.591342828964137,threshold-control
40000.0,100.0,0.0025,50.03452691577361,100.0,0.5910461345416095,threshold-control
40000.0,100.0,0.0025,50.104701567829395,100.0,0.5904428046070042,threshold-control
40000.0,100.0,0.0025,50.17487621988518,100.0,0.589839060416637,threshold-control
40000.0,100.0,0.0025,50.24505087194096,100.0,0.5892349030883487,threshold-control
40000.0,100.0,0.0025,50.315225523996745,100.0,0.588630333743624,threshold-control
40000.0,100.0,0.0025,50.38540017605253,100.0,0.5880253535075852,threshold-control
40000.0,100.0,0.0025,50.45557482810831,100.0,0.587419963508986,threshold-control
40000.0,100.0,0.0025,50.525749480164095,100.0,0.5868141648802059,threshold-control
40000.0,100.0,0.0025,50.59592413221988,100.0,0.5862079587572433,threshold-control
40000.0,100.0,0.0025,50.66609878427566,100.0,0.5856013462797105,threshold-control
40000.0,100.0,0.0025,50.736273436331444,100.0,0.5849943285908261,threshold-control
40000.0,100.0,0.0025,50.80644808838723,100.0,0.584386906837409,threshold-control
40000.0,100.0,0.0025,50.87662274044301,100.0,0.5837790821698728,threshold-control
40000.0,100.0,0.0025,50.946797392498794,100.0,0.5831708557422182,threshold-control
40000.0,100.0,0.0025,51.0,100.0,0.5827094644692392,threshold-control
40000.0,100.0,0.0025,51.01697204455458,100.0,0.5825622287120271,threshold-control
40000.0,100.0,0.0025,51.08714669661036,100.0,0.581953202240456,threshold-control
40000.0,100.0,0.0025,51.157321348666144,100.0,0.5813437774922288,threshold-control
40000.0,100.0,0.0025,51.22749600072193,100.0,0.5807339556356304,threshold-control
40000.0,100.0,0.0025,51.29767065277771,100.0,0.5801237378425004,threshold-control
40000.0,100.0,0.0025,51.367845304833494,100.0,0.5795131252882254,threshold-control
40000.0,100.0,0.0025,51.43801995688928,100.0,0.5789021191517324,threshold-control
40000.0,100.0,0.0025,51.50819460894506,100.0,0.5782907206154819,threshold-control
40000.0,100.0,0.0025,51.578369261000844,100.0,0.5776789308654608,threshold-control
40000.0,100.0,0.0025,51.64854391305663,100.0,0.5770667510911752,threshold-control
40000.0,100.0,0.0025,51.71871856511241,100.0,0.5764541824856433,threshold-control
40000.0,100.0,0.0025,51.788893217168194,100.0,0.5758412262453877,threshold-control
40000.0,100.0,0.0025,51.85906786922398,100.0,0.5752278835704292,threshold-control
40000.0,100.0,0.0025,51.92924252127976,100.0,0.5746141556642781,threshold-control
40000.0,100.0,0.0025,51.999417173335544,100.0,0.5740000437339278,threshold-control
40000.0,100.0,0.0025,52.0,100.0,0.5739949417006611,threshold-control
40000.0,100.0,0.0025,52.06959182539133,100.0,0.5733855489898465,threshold-control
40000.0,100.0,0.0025,52.13976647744712,100.0,0.5727706726459704,threshold-control
40000.0,100.0,0.0025,52.2099411295029,100.0,0.5721554159196953,threshold-control
40000.0,100.0,0.0025,52.280115781558685,100.0,0.5715397800318694,threshold-control
40000.0,100.0,0.0025,52.35029043361447,100.0,0.5709237662067856,threshold-control
40000.0,100.0,0.0025,52.42046508567025,100.0,0.5703073756721732,threshold-control
40000.0,100.0,0.0025,52.490639737726035,100.0,0.5696906096591904,threshold-control
40000.0,100.0,0.0025,52.56081438978182,100.0,0.5690734694024161,threshold-control
40000.0,100.0,0.0025,52.6309890418376,100.0,0.5684559561398426,threshold-control
40000.0,100.0,0.0025,52.701163693893385,100.0,0.5678380711128663,threshold-control
40000.0,100.0,0.0025,52.77133834594917,100.0,0.5672198155662809,threshold-control
40000.0,100.0,0.0025,52.84151299800495,100.0,0.5666011907482675,threshold-control
40000.0,100.0,0.0025,52.911687650060735,100.0,0.5659821979103887,threshold-control
40000.0,100.0,0.0025,52.98186230211652,100.0,0.5653628383075778,threshold-control
40000.0,100.0,0.0025,53.0,100.0,0.5652026959762968,threshold-control
40000.0,100.0,0.0025,53.0520369541723,100.0,0.5647431131981322,threshold-control
40000.0,100.0,0.0025,53.122211606228085,100.0,0.564123023843704,threshold-control
40000.0,100.0,0.0025,53.19238625828387,100.0,0.5635025715092921,threshold-control
40000.0,100.0,0.0025,53.26256091033965,100.0,0.5628817574632328,threshold-control
40000.0,100.0,0.0025,53.332735562395435,100.0,0.5622605829771921,threshold-control
40000.0,100.0,0.0025,53.40291021445122,100.0,0.5616390493261564,threshold-control
40000.0,100.0,0.0025,53.473084866507,100.0,0.5610171577884239,threshold-control
40000.0,100.0,0.0025,53.543259518562785,100.0,0.5603949096455957,threshold-control
40000.0,100.0,0.0025,53.61343417061857,100.0,0.5597723061825671,threshold-control
40000.0,100.0,0.0025,53.68360882267435,100.0,0.5591493486875185,threshold-control
40000.0,100.0,0.0025,53.753783474730135,100.0,0.5585260384519065,threshold-control
40000.0,100.0,0.0025,53.82395812678592,100.0,0.5579023767704545,threshold-control
40000.0,100.0,0.0025,53.8941327788417,100.0,0.557278364941144,threshold-control
40000.0,100.0,0.0025,53.964307430897485,100.0,0.5566540042652051,threshold-control
40000.0,100.0,0.0025,54.0,100.0,0.5563363055139109,threshold-control
40000.0,100.0,0.0025,54.03448208295327,100.0,0.5560292960471072,threshold-control
40000.0,100.0,0.0025,54.10465673500905,100.0,0.5554042415945504,threshold-control
40000.0,100.0,0.0025,54.174831387064835,100.0,0.5547788422184547,threshold-control
40000.0,100.0,0.0025,54.24500603912062,100.0,0.5541530992329523,threshold-control
40000.0,100.0,0.0025,54.3151806911764,100.0,0.5535270139553763,threshold-control
40000.0,100.0,0.0025,54.385355343232185,100.0,0.5529005877062526,threshold-control
40000.0,100.0,0.0025,54.45552999528797,100.0,0.5522738218092895,threshold-control
40000.0,100.0,0.0025,54.52570464734375,100.0,0.5516467175913682,threshold-control
40000.0,100.0,0.0025,54.595879299399535,100.0,0.551019276382533,threshold-control
40000.0,100.0,0.0025,54.66605395145532,100.0,0.5503914995159818,threshold-control
40000.0,100.0,0.0025,54.7362286035111,100.0,0.5497633883280555,threshold-control
40000.0,100.0,0.0025,54.806403255566885,100.0,0.5491349441582289,threshold-control
40000.0,100.0,0.0025,54.87657790762267,100.0,0.5485061683491006,threshold-control
40000.0,100.0,0.0025,54.94675255967845,100.0,0.5478770622463818,threshold-control
40000.0,100.0,0.0025,55.0,100.0,0.5473994867012041,threshold-control
40000.0,100.0,0.0025,55.016927211734235,100.0,0.547247627198888,threshold-control
40000.0,100.0,0.0025,55.08710186379002,100.0,0.5466178645585275,threshold-control
40000.0,100.0,0.0025,55.1572765158458,100.0,0.5459877756802913,threshold-control
40000.0,100.0,0.0025,55.227451167901584,100.0,0.5453573619222438,threshold-control
40000.0,100.0,0.0025,55.29762581995737,100.0,0.5447266246455109,threshold-control
40000.0,100.0,0.0025,55.36780047201315,100.0,0.5440955652142714,threshold-control
40000.0,100.0,0.0025,55.437975124068934,100.0,0.5434641849957444,threshold-control
40000.0,100.0,0.0025,55.50814977612472,100.0,0.542832485360181,threshold-control
40000.0,100.0,0.0025,55.5783244281805,100.0,0.5422004676808518,threshold-control
40000.0,100.0,0.0025,55.648499080236284,100.0,0.5415681333340376,threshold-control
40000.0,100.0,0.0025,55.718673732292075,100.0,0.5409354836990181,threshold-control
40000.0,100.0,0.0025,55.78884838434786,100.0,0.540302520158061,threshold-control
40000.0,100.0,0.0025,55.85902303640364,100.0,0.5396692440964116,threshold-control
40000.0,100.0,0.0025,55.929197688459425,100.0,0.5390356569022816,threshold-control
40000.0,100.0,0.0025,55.99937234051521,100.0,0.5384017599668384,threshold-control
40000.0,100.0,0.0025,56.0,100.0,0.5383960888421191,threshold-control
40000.0,100.0,0.0025,56.06954699257099,100.0,0.5377675546841939,threshold-control
40000.0,100.0,0.0025,56.139721644626775,100.0,0.5371330424513935,threshold-control
40000.0,100.0,0.0025,56.20989629668256,100.0,0.5364982246684049,threshold-control
40000.0,100.0,0.0025,56.28007094873834,100.0,0.5358631027381073,threshold-control
40000.0,100.0,0.0025,56.350245600794125,100.0,0.5352276780662798,threshold-control
40000.0,100.0,0.0025,56.42042025284991,100.0,0.53459195206159,threshold-control
40000.0,100.0,0.0025,56.49059490490569,100.0,0.5339559261355833,threshold-control
40000.0,100.0,0.0025,56.560769556961475,100.0,0.5333196017026709,threshold-control
40000.0,100.0,0.0025,56.63094420901726,100.0,0.5326829801801181,threshold-control
40000.0,100.0,0.0025,56.70111886107304,100.0,0.5320460629880341,threshold-control
40000.0,100.0,0.0025,56.771293513128825,100.0,0.5314088515493588,threshold-control
40000.0,100.0,0.0025,56.84146816518461,100.0,0.5307713472898523,threshold-control
40000.0,100.0,0.0025,56.91164281724039,100.0,0.5301335516380826,threshold-control
40000.0,100.0,0.0025,56.981817469296175,100.0,0.5294954660254143,threshold-control
40000.0,100.0,0.0025,57.0,100.0,0.5293300883899765,threshold-control
40000.0,100.0,0.0025,57.05199212135196,100.0,0.5288570918859967,threshold-control
40000.0,100.0,0.0025,57.12216677340774,100.0,0.5282184306567514,threshold-control
40000.0,100.0,0.0025,57.192341425463525,100.0,0.5275794837773613,threshold-control
40000.0,100.0,0.0025,57.26251607751931,100.0,0.5269402526902582,threshold-control
40000.0,100.0,0.0025,57.33269072957509,100.0,0.5263007388406107,threshold-control
40000.0,100.0,0.0025,57.402865381630875,100.0,0.525660943676312,threshold-control
40000.0,100.0,0.0025,57.47304003368666,100.0,0.5250208686479683,threshold-control
40000.0,100.0,0.0025,57.54321468574244,100.0,0.5243805152088861,threshold-control
40000.0,100.0,0.0025,57.613389337798225,100.0,0.5237398848150605,threshold-control
40000.0,100.0,0.0025,57.68356398985401,100.0,0.5230989789251624,threshold-control
40000.0,100.0,0.0025,57.75373864190979,100.0,0.5224577990005264,threshold-control
40000.0,100.0,0.0025,57.823913293965575,100.0,0.5218163465051383,threshold-control
40000.0,100.0,0.0025,57.89408794602136,100.0,0.5211746229056229,threshold-control
40000.0,100.0,0.0025,57.96426259807714,100.0,0.5205326296712309,threshold-control
40000.0,100.0,0.0025,58.0,100.0,0.520205582681282,threshold-control
40000.0,100.0,0.0025,58.034437250132925,100.0,0.5198903682738276,threshold-control
40000.0,100.0,0.0025,58.10461190218871,100.0,0.5192478401878788,threshold-control
40000.0,100.0,0.0025,58.17478655424449,100.0,0.5186050468904391,threshold-control
40000.0,100.0,0.0025,58.244961206300275,100.0,0.5179619898611386,threshold-control
40000.0,100.0,0.0025,58.31513585835606,100.0,0.5173186705821708,threshold-control
40000.0,100.0,0.0025,58.38531051041184,100.0,0.5166750905382795,threshold-control
40000.0,100.0,0.0025,58.455485162467625,100.0,0.5160312512167455,threshold-control
40000.0,100.0,0.0025,58.52565981452341,100.0,0.5153871541073741,threshold-control
40000.0,100.0,0.0025,58.59583446657919,100.0,0.5147428007024824,threshold-control
40000.0,100.0,0.0025,58.666009118634975,100.0,0.5140981924968857,threshold-control
40000.0,100.0,0.0025,58.73618377069076,100.0,0.513453330987885,threshold-control
40000.0,100.0,0.0025,58.80635842274654,100.0,0.5128082176752531,threshold-control
40000.0,100.0,0.0025,58.876533074802325,100.0,0.5121628540612221,threshold-control
40000.0,100.0,0.0025,58.94670772685811,100.0,0.5115172416504703,threshold-control
40000.0,100.0,0.0025,59.0,100.0,0.5110267831872974,threshold-control
40000.0,100.0,0.0025,59.01688237891389,100.0,0.5108713819501081,threshold-control
40000.0,100.0,0.0025,59.087057030969675,100.0,0.5102252764696655,threshold-control
40000.0,100.0,0.0025,59.15723168302546,100.0,0.5095789267210786,threshold-control
40000.0,100.0,0.0025,59.22740633508124,100.0,0.5089323342186753,threshold-control
40000.0,100.0,0.0025,59.29758098713703,100.0,0.5082855004791633,threshold-control
40000.0,100.0,0.0025,59.367755639192815,100.0,0.5076384270216155,threshold-control
40000.0,100.0,0.0025,59.4379302912486,100.0,0.5069911153674567,threshold-control
40000.0,100.0,0.0025,59.50810494330438,100.0,0.5063435670404499,threshold-control
40000.0,100.0,0.0025,59.578279595360165,100.0,0.5056957835666833,threshold-control
40000.0,100.0,0.0025,59.64845424741595,100.0,0.5050477664745555,threshold-control
40000.0,100.0,0.0025,59.71862889947173,100.0,0.5043995172947624,threshold-control
40000.0,100.0,0.0025,59.788803551527515,100.0,0.5037510375602837,threshold-control
40000.0,100.0,0.0025,59.8589782035833,100.0,0.5031023288063682,threshold-control
40000.0,100.0,0.0025,59.92915285563908,100.0,0.5024533925705204,threshold-control
40000.0,100.0,0.0025,59.999327507694865,100.0,0.5018042303924868,threshold-control
40000.0,100.0,0.0025,60.0,100.0,0.5017980083036491,threshold-control
40000.0,100.0,0.0025,60.06950215975065,100.0,0.5011548438142412,threshold-control
40000.0,100.0,0.0025,60.13967681180643,100.0,0.5005052343799715,threshold-control
40000.0,100.0,0.0025,60.209851463862215,100.0,0.49985540363606495,threshold-control
40000.0,100.0,0.0025,60.280026115918,100.0,0.49920535313109426,threshold-control
40000.0,100.0,0.0025,60.35020076797378,100.0,0.4985550844158033,threshold-control
40000.0,100.0,0.0025,60.420375420029565,100.0,0.4979045990430935,threshold-control
40000.0,100.0,0.0025,60.49055007208535,100.0,0.4972538985680084,threshold-control
40000.0,100.0,0.0025,60.56072472414113,100.0,0.49660298454772056,threshold-control
40000.0,100.0,0.0025,60.630899376196915,100.0,0.49595185854151635,threshold-control
40000.0,100.0,0.0025,60.7010740282527,100.0,0.49530052211078235,threshold-control
40000.0,100.0,0.0025,60.77124868030848,100.0,0.4946489768189899,threshold-control
40000.0,100.0,0.0025,60.841423332364265,100.0,0.49399722423168135,threshold-control
40000.0,100.0,0.0025,60.91159798442005,100.0,0.49334526591645544,threshold-control
40000.0,100.0,0.0025,60.98177263647583,100.0,0.4926931034429527,threshold-control
40000.0,100.0,0.0025,61.0,100.0,0.4925236757013909,threshold-control
40000.0,100.0,0.0025,61.051947288531615,100.0,0.49204073838284035,threshold-control
40000.0,100.0,0.0025,61.1221219405874,100.0,0.4913881723097986,threshold-control
40000.0,100.0,0.0025,61.19229659264318,100.0,0.490735406799505,threshold-control
40000.0,100.0,0.0025,61.262471244698965,100.0,0.4900824434296204,threshold-control
40000.0,100.0,0.0025,61.33264589675475,100.0,0.4894292837797737,threshold-control
40000.0,100.0,0.0025,61.40282054881053,100.0,0.48877592943154735,threshold-control
40000.0,100.0,0.0025,61.472995200866315,100.0,0.48812238196846225,threshold-control
40000.0,100.0,0.0025,61.5431698529221,100.0,0.48746864297596315,threshold-control
40000.0,100.0,0.0025,61.61334450497788,100.0,0.4868147140414031,threshold-control
40000.0,100.0,0.0025,61.683519157033665,100.0,0.48616059675402923,threshold-control
40000.0,100.0,0.0025,61.75369380908945,100.0,0.48550629270496737,threshold-control
40000.0,100.0,0.0025,61.82386846114523,100.0,0.4848518034872068,threshold-control
40000.0,100.0,0.0025,61.894043113201015,100.0,0.48419713069558556,threshold-control
40000.0,100.0,0.0025,61.9642177652568,100.0,0.48354227592677457,threshold-control
40000.0,100.0,0.0025,62.0,100.0,0.48320829426594536,threshold-control
40000.0,100.0,0.0025,62.03439241731258,100.0,0.4828872407792637,threshold-control
40000.0,100.0,0.0025,62.104567069368365,100.0,0.48223202685334543,threshold-control
40000.0,100.0,0.0025,62.17474172142415,100.0,0.4815766357511001,threshold-control
40000.0,100.0,0.0025,62.24491637347993,100.0,0.4809210690763801,threshold-control
40000.0,100.0,0.0025,62.315091025535715,100.0,0.48026532843479564,threshold-control
40000.0,100.0,0.0025,62.3852656775915,100.0,0.47960941543369806,threshold-control
40000.0,100.0,0.0025,62.45544032964728,100.0,0.4789533316821656,threshold-control
40000.0,100.0,0.0025,62.525614981703065,100.0,0.4782970787909867,threshold-control
40000.0,100.0,0.0025,62.59578963375885,100.0,0.4776406583726459,threshold-control
40000.0,100.0,0.0025,62.66596428581463,100.0,0.4769840720413073,threshold-control
40000.0,100.0,0.0025,62.736138937870415,100.0,0.4763273214127999,threshold-control
40000.0,100.0,0.0025,62.8063135899262,100.0,0.4756704081046004,threshold-control
40000.0,100.0,0.0025,62.87648824198199,100.0,0.47501333373581955,threshold-control
40000.0,100.0,0.0025,62.94666289403777,100.0,0.47435609992718575,threshold-control
40000.0,100.0,0.0025,63.0,100.0,0.47385645565323664,threshold-control
40000.0,100.0,0.0025,63.016837546093555,100.0,0.47369870830102856,threshold-control
40000.0,100.0,0.0025,63.08701219814934,100.0,0.4730411604812639,threshold-control
40000.0,100.0,0.0025,63.15718685020512,100.0,0.47238345809337823,threshold-control
40000.0,100.0,0.0025,63.227361502260905,100.0,0.47172560276441255,threshold-control
40000.0,100.0,0.0025,63.29753615431669,100.0,0.47106759612294624,threshold-control
40000.0,100.0,0.0025,63.36771080637247,100.0,0.470409439799082,threshold-control
40000.0,100.0,0.0025,63.437885458428255,100.0,0.46975113542442937,threshold-control
40000.0,100.0,0.0025,63.50806011048404,100.0,0.46909268463208886,threshold-control
40000.0,100.0,0.0025,63.57823476253982,100.0,0.4684340890566362,threshold-control
40000.0,100.0,0.0025,63.648409414595605,100.0,0.46777535033410633,threshold-control
40000.0,100.0,0.0025,63.71858406665139,100.0,0.4671164701019773,threshold-control
40000.0,100.0,0.0025,63.78875871870717,100.0,0.4664574499991543,threshold-control
40000.0,100.0,0.0025,63.858933370762955,100.0,0.4657982916659532,threshold-control
40000.0,100.0,0.0025,63.92910802281874,100.0,0.4651389967440853,threshold-control
40000.0,100.0,0.0025,63.99928267487452,100.0,0.46447956687664027,threshold-control
40000.0,100.0,0.0025,64.0,100.0,0.46447282549504376,threshold-control
40000.0,100.0,0.0025,64.0694573269303,100.0,0.46382000370807064,threshold-control
40000.0,100.0,0.0025,64.13963197898609,100.0,0.46316030888417525,threshold-control
40000.0,100.0,0.0025,64.20980663104187,100.0,0.4625004840520832,threshold-control
40000.0,100.0,0.0025,64.27998128309765,100.0,0.4618405308602376,threshold-control
40000.0,100.0,0.0025,64.35015593515344,100.0,0.46118045095837923,threshold-control
40000.0,100.0,0.0025,64.42033058720922,100.0,0.46052024599752983,threshold-control
40000.0,100.0,0.0025,64.490505239265,100.0,0.4598599176299767,threshold-control
40000.0,100.0,0.0025,64.56067989132079,100.0,0.45919946750925567,threshold-control
40000.0,100.0,0.0025,64.63085454337657,100.0,0.45853889729013475,threshold-control
40000.0,100.0,0.0025,64.70102919543235,100.0,0.45787820862859796,threshold-control
40000.0,100.0,0.0025,64.77120384748814,100.0,0.4572174031818288,threshold-control
40000.0,100.0,0.0025,64.84137849954392,100.0,0.4565564826081935,threshold-control
40000.0,100.0,0.0025,64.9115531515997,100.0,0.45589544856722486,threshold-control
40000.0,100.0,0.0025,64.98172780365549,100.0,0.45523430271960585,threshold-control
40000.0,100.0,0.0025,65.0,100.0,0.4550621342881249,threshold-control
40000.0,100.0,0.0025,65.05190245571127,100.0,0.4545730467271526,threshold-control
40000.0,100.0,0.0025,65.12207710776705,100.0,0.4539116822527983,threshold-control
40000.0,100.0,0.0025,65.19225175982284,100.0,0.4532502109605764,threshold-control
40000.0,100.0,0.0025,65.26242641187862,100.0,0.4525886345156038,threshold-control
40000.0,100.0,0.0025,65.3326010639344,100.0,0.4519269545840646,threshold-control
40000.0,100.0,0.0025,65.40277571599019,100.0,0.45126517283319334,threshold-control
40000.0,100.0,0.0025,65.47295036804597,100.0,0.45060329093125806,threshold-control
40000.0,100.0,0.0025,65.54312502010175,100.0,0.4499413105475438,threshold-control
40000.0,100.0,0.0025,65.61329967215754,100.0,0.4492792333523362,threshold-control
40000.0,100.0,0.0025,65.68347432421332,100.0,0.4486170610169038,threshold-control
40000.0,100.0,0.0025,65.7536489762691,100.0,0.44795479521348247,threshold-control
40000.0,100.0,0.0025,65.82382362832489,100.0,0.4472924376152577,threshold-control
40000.0,100.0,0.0025,65.89399828038067,100.0,0.44662998989634817,threshold-control
40000.0,100.0,0.0025,65.96417293243645,100.0,0.4459674537317889,threshold-control
40000.0,100.0,0.0025,66.0,100.0,0.4456291680039616,threshold-control
40000.0,100.0,0.0025,66.03434758449224,100.0,0.4453048307975146,threshold-control
40000.0,100.0,0.0025,66.10452223654802,100.0,0.4446421227703421,threshold-control
40000.0,100.0,0.0025,66.1746968886038,100.0,0.44397933132795453,threshold-control
40000.0,100.0,0.0025,66.24487154065959,100.0,0.4433164581488831,threshold-control
40000.0,100.0,0.0025,66.31504619271537,100.0,0.4426535049124918,threshold-control
40000.0,100.0,0.0025,66.38522084477115,100.0,0.4419904732989588,threshold-control
40000.0,100.0,0.0025,66.45539549682694,100.0,0.4413273649892605,threshold-control
40000.0,100.0,0.0025,66.52557014888272,100.0,0.4406641816651544,threshold-control
40000.0,100.0,0.0025,66.5957448009385,100.0,0.4400009250091621,threshold-control
40000.0,100.0,0.0025,66.66591945299429,100.0,0.4393375967045515,threshold-control
40000.0,100.0,0.0025,66.73609410505007,100.0,0.4386741984353215,threshold-control
40000.0,100.0,0.0025,66.80626875710585,100.0,0.43801073188618345,threshold-control
40000.0,100.0,0.0025,66.87644340916164,100.0,0.43734719874254413,threshold-control
40000.0,100.0,0.0025,66.94661806121742,100.0,0.43668360069048984,threshold-control
40000.0,100.0,0.0025,67.0,100.0,0.43617875845802134,threshold-control
40000.0,100.0,0.0025,67.0167927132732,100.0,0.4360199394167682,threshold-control
40000.0,100.0,0.0025,67.08696736532899,100.0,0.43535621660877155,threshold-control
40000.0,100.0,0.0025,67.15714201738477,100.0,0.4346924339545195,threshold-control
40000.0,100.0,0.0025,67.22731666944055,100.0,0.43402859314264264,threshold-control
40000.0,100.0,0.0025,67.29749132149634,100.0,0.4333646958623638,threshold-control
40000.0,100.0,0.0025,67.36766597355212,100.0,0.43270074380348267,threshold-control
40000.0,100.0,0.0025,67.4378406256079,100.0,0.4320367386563576,threshold-control
40000.0,100.0,0.0025,67.50801527766369,100.0,0.43137268211188873,threshold-control
40000.0,100.0,0.0025,67.57818992971947,100.0,0.43070857586150035,threshold-control
40000.0,100.0,0.0025,67.64836458177525,100.0,0.4300444215971244,threshold-control
40000.0,100.0,0.0025,67.71853923383104,100.0,0.429380221011183,threshold-control
40000.0,100.0,0.0025,67.78871388588682,100.0,0.42871597579657095,threshold-control
40000.0,100.0,0.0025,67.8588885379426,100.0,0.4280516876466387,threshold-control
40000.0,100.0,0.0025,67.92906318999839,100.0,0.42738735825517526,threshold-control
40000.0,100.0,0.0025,67.99923784205417,100.0,0.4267229893163905,threshold-control
40000.0,100.0,0.0025,68.0,100.0,0.42671577347922407,threshold-control
40000.0,100.0,0.0025,68.06941249410995,100.0,0.4260585825248986,threshold-control
40000.0,100.0,0.0025,68.13958714616574,100.0,0.4253941395756998,threshold-control
40000.0,100.0,0.0025,68.20976179822152,100.0,0.4247296621641641,threshold-control
40000.0,100.0,0.0025,68.27993645027732,100.0,0.42406515198601324,threshold-control
40000.0,100.0,0.0025,68.3501111023331,100.0,0.4234006107373042,threshold-control
40000.0,100.0,0.0025,68.42028575438889,100.0,0.4227360401144109,threshold-control
40000.0,100.0,0.0025,68.49046040644467,100.0,0.42207144181400713,threshold-control
40000.0,100.0,0.0025,68.56063505850045,100.0,0.42140681753305054,threshold-control
40000.0,100.0,0.0025,68.63080971055624,100.0,0.42074216896876326,threshold-control
40000.0,100.0,0.0025,68.70098436261202,100.0,0.4200774978186159,threshold-control
40000.0,100.0,0.0025,68.7711590146678,100.0,0.41941280578031004,threshold-control
40000.0,100.0,0.0025,68.84133366672359,100.0,0.41874809455176076,threshold-control
40000.0,100.0,0.0025,68.91150831877937,100.0,0.41808336583107886,threshold-control
40000.0,100.0,0.0025,68.98168297083515,100.0,0.4174186213165544,threshold-control
40000.0,100.0,0.0025,69.0,100.0,0.41724510692177197,threshold-control
40000.0,100.0,0.0025,69.05185762289094,100.0,0.4167538627066385,threshold-control
40000.0,100.0,0.0025,69.12203227494672,100.0,0.4160890916999269,threshold-control
40000.0,100.0,0.0025,69.1922069270025,100.0,0.41542430999514124,threshold-control
40000.0,100.0,0.0025,69.26238157905829,100.0,0.41475951929111343,threshold-control
40000.0,100.0,0.0025,69.33255623111407,100.0,0.4140947212867666,threshold-control
40000.0,100.0,0.0025,69.40273088316985,100.0,0.41342991768109905,threshold-control
40000.0,100.0,0.0025,69.47290553522564,100.0,0.4127651101731662,threshold-control
40000.0,100.0,0.0025,69.54308018728142,100.0,0.41210030046206314,threshold-control
40000.0,100.0,0.0025,69.56389779968835,100.0,0.4119030816278523,threshold-control
40000.0,100.0,0.0025,69.6132548393372,100.0,0.41143549024690773,threshold-control
40000.0,100.0,0.0025,69.68342949139299,100.0,0.4107706812268228,threshold-control
40000.0,100.0,0.0025,69.75360414344877,100.0,0.4101058751009191,threshold-control
40000.0,100.0,0.0025,69.82377879550455,100.0,0.40944107356827786,threshold-control
40000.0,100.0,0.0025,69.89395344756034,100.0,0.4087762783279333,threshold-control
40000.0,100.0,0.0025,69.96412809961612,100.0,0.408111491078855,threshold-control
40000.0,100.0,0.0025,70.0,100.0,0.4077716685627021,threshold-control
40000.0,100.0,0.0025,70.0343027516719,100.0,0.40744671351993145,threshold-control
40000.0,100.0,0.0025,70.10447740372769,100.0,0.4067819473499513,threshold-control
40000.0,100.0,0.0025,70.17465205578347,100.0,0.40611719426758763,threshold-control
40000.0,100.0,0.0025,70.24482670783925,100.0,0.40545245597137913,threshold-control
40000.0,100.0,0.0025,70.31500135989504,100.0,0.4047877341597136,threshold-control
40000.0,100.0,0.0025,70.38517601195082,100.0,0.40412303053081033,threshold-control
40000.0,100.0,0.0025,70.4553506640066,100.0,0.40345834678270276,threshold-control
40000.0,100.0,0.0025,70.52552531606239,100.0,0.40279368461322074,threshold-control
40000.0,100.0,0.0025,70.59569996811817,100.0,0.40212904571997443,threshold-control
40000.0,100.0,0.0025,70.66587462017395,100.0,0.4014644318003354,threshold-control
40000.0,100.0,0.0025,70.73604927222974,100.0,0.40079984455142037,threshold-control
40000.0,100.0,0.0025,70.80622392428552,100.0,0.4001352856700734,threshold-control
40000.0,100.0,0.0025,70.8763985763413,100.0,0.3994707568528486,threshold-control
40000.0,100.0,0.0025,70.94657322839709,100.0,0.39880625979599316,threshold-control
40000.0,100.0,0.0025,71.0,100.0,0.3983003739293637,threshold-control
40000.0,100.0,0.0025,71.01674788045287,100.0,0.39814179619542955,threshold-control
40000.0,100.0,0.0025,71.08692253250865,100.0,0.3974773677467388,threshold-control
40000.0,100.0,0.0025,71.15709718456444,100.0,0.39681297614514244,threshold-control
40000.0,100.0,0.0025,71.22727183662022,100.0,0.3961486230854857,threshold-control
40000.0,100.0,0.0025,71.297446488676,100.0,0.39548431026222075,threshold-control
40000.0,100.0,0.0025,71.36762114073179,100.0,0.3948200393693879,threshold-control
40000.0,100.0,0.0025,71.43779579278757,100.0,0.3941558121006006,threshold-control
40000.0,100.0,0.0025,71.50797044484335,100.0,0.39349163014902544,threshold-control
40000.0,100.0,0.0025,71.57814509689914,100.0,0.39282749520736704,threshold-control
40000.0,100.0,0.0025,71.64831974895492,100.0,0.39216340896785085,threshold-control
40000.0,100.0,0.0025,71.7184944010107,100.0,0.39149937312220373,threshold-control
40000.0,100.0,0.0025,71.78866905306649,100.0,0.39083538936163953,threshold-control
40000.0,100.0,0.0025,71.85884370512227,100.0,0.3901714593768397,threshold-control
40000.0,100.0,0.0025,71.92901835717805,100.0,0.38950758485793746,threshold-control
40000.0,100.0,0.0025,71.99919300923384,100.0,0.3888437674945001,threshold-control
40000.0,100.0,0.0025,72.0,100.0,0.38883613410156403,threshold-control
40000.0,100.0,0.0025,72.06936766128962,100.0,0.3881800089755115,threshold-control
40000.0,100.0,0.0025,72.1395423133454,100.0,0.38751631098935624,threshold-control
40000.0,100.0,0.0025,72.20971696540119,100.0,0.3868526752238004,threshold-control
40000.0,100.0,0.0025,72.27989161745697,100.0,0.38618910336597645,threshold-control
40000.0,100.0,0.0025,72.35006626951275,100.0,0.3855255971023651,threshold-control
40000.0,100.0,0.0025,72.42024092156853,100.0,0.3848621581187782,threshold-control
40000.0,100.0,0.0025,72.49041557362432,100.0,0.38419878810034214,threshold-control
40000.0,100.0,0.0025,72.5605902256801,100.0,0.38353548873148025,threshold-control
40000.0,100.0,0.0025,72.63076487773588,100.0,0.38287226169589605,threshold-control
40000.0,100.0,0.0025,72.70093952979167,100.0,0.38220910867655633,threshold-control
40000.0,100.0,0.0025,72.77111418184745,100.0,0.38154603135567366,threshold-control
40000.0,100.0,0.0025,72.84128883390323,100.0,0.3808830314146904,threshold-control
40000.0,100.0,0.0025,72.91146348595902,100.0,0.38022011053425997,threshold-control
40000.0,100.0,0.0025,72.9816381380148,100.0,0.3795572703942316,threshold-control
40000.0,100.0,0.0025,73.0,100.0,0.37938384553330673,threshold-control
40000.0,100.0,0.0025,73.05181279007058,100.0,0.3788945126736325,threshold-control
40000.0,100.0,0.0025,73.12198744212637,100.0,0.3782318390506513,threshold-control
40000.0,100.0,0.0025,73.19216209418215,100.0,0.37756925120262064,threshold-control
40000.0,100.0,0.0025,73.26233674623793,100.0,0.37690675080600067,threshold-control
40000.0,100.0,0.0025,73.33251139829372,100.0,0.37624433953636216,threshold-control
40000.0,100.0,0.0025,73.4026860503495,100.0,0.3755820190683694,threshold-control
40000.0,100.0,0.0025,73.47286070240528,100.0,0.3749197910757641,threshold-control
40000.0,100.0,0.0025,73.54303535446107,100.0,0.3742576572313471,threshold-control
40000.0,100.0,0.0025,73.61321000651685,100.0,0.37359561920696294,threshold-control
40000.0,100.0,0.0025,73.68338465857263,100.0,0.3729336786734825,threshold-control
40000.0,100.0,0.0025,73.75355931062842,100.0,0.3722718373007866,threshold-control
40000.0,100.0,0.0025,73.8237339626842,100.0,0.3716100967577488,threshold-control
40000.0,100.0,0.0025,73.89390861473998,100.0,0.3709484587122184,threshold-control
40000.0,100.0,0.0025,73.96408326679577,100.0,0.3702869248310051,threshold-control
40000.0,100.0,0.0025,74.0,100.0,0.3699483799389123,threshold-control
40000.0,100.0,0.0025,74.03425791885155,100.0,0.3696254967798609,threshold-control
40000.0,100.0,0.0025,74.10443257090733,100.0,0.3689641762234641,threshold-control
40000.0,100.0,0.0025,74.17460722296312,100.0,0.3683029648254027,threshold-control
40000.0,100.0,0.0025,74.2447818750189,100.0,0.3676418642481575,threshold-control
40000.0,100.0,0.0025,74.31495652707468,100.0,0.36698087615308594,threshold-control
40000.0,100.0,0.0025,74.38513117913047,100.0,0.36632000220040484,threshold-control
40000.0,100.0,0.0025,74.45530583118625,100.0,0.36565924404917505,threshold-control
40000.0,100.0,0.0025,74.52548048324203,100.0,0.3649986033572835,threshold-control
40000.0,100.0,0.0025,74.59565513529782,100.0,0.3643380817814279,threshold-control
40000.0,100.0,0.0025,74.6658297873536,100.0,0.3636776809770996,threshold-control
40000.0,100.0,0.0025,74.73600443940938,100.0,0.36301740259856774,threshold-control
40000.0,100.0,0.0025,74.80617909146517,100.0,0.36235724829886207,threshold-control
40000.0,100.0,0.0025,74.87635374352095,100.0,0.36169721972975744,threshold-control
40000.0,100.0,0.0025,74.94652839557673,100.0,0.36103731854175647,threshold-control
40000.0,100.0,0.0025,75.0,100.0,0.36053457428780533,threshold-control
40000.0,100.0,0.0025,75.01670304763252,100.0,0.3603775463840738,threshold-control
40000.0,100.0,0.0025,75.0868776996883,100.0,0.3597179049046211,threshold-control
40000.0,100.0,0.0025,75.15705235174408,100.0,0.35905839574998766,threshold-control
40000.0,100.0,0.0025,75.22722700379987,100.0,0.3583990205654266,threshold-control
40000.0,100.0,0.0025,75.29740165585565,100.0,0.3577397809948385,threshold-control
40000.0,100.0,0.0025,75.36757630791143,100.0,0.35708067868075444,threshold-control
40000.0,100.0,0.0025,75.43775095996722,100.0,0.35642171526431976,threshold-control
40000.0,100.0,0.0025,75.50792561202302,100.0,0.35576289238527903,threshold-control
40000.0,100.0,0.0025,75.5781002640788,100.0,0.3551042116819588,threshold-control
40000.0,100.0,0.0025,75.64827491613458,100.0,0.354445674791252,threshold-control
40000.0,100.0,0.0025,75.71844956819037,100.0,0.3537872833486023,threshold-control
40000.0,100.0,0.0025,75.78862422024615,100.0,0.3531290389879872,threshold-control
40000.0,100.0,0.0025,75.85879887230193,100.0,0.3524709433419029,threshold-control
40000.0,100.0,0.0025,75.92897352435772,100.0,0.35181299804134825,threshold-control
40000.0,100.0,0.0025,75.9991481764135,100.0,0.35115520471580763,threshold-control
40000.0,100.0,0.0025,76.0,100.0,0.3511472209514589,threshold-control
40000.0,100.0,0.0025,76.06932282846928,100.0,0.3504975649932375,threshold-control
40000.0,100.0,0.0025,76.13949748052507,100.0,0.349840080500048,threshold-control
40000.0,100.0,0.0025,76.20967213258085,100.0,0.3491827528610888,threshold-control
40000.0,100.0,0.0025,76.27984678463663,100.0,0.34852558369963293,threshold-control
40000.0,100.0,0.0025,76.35002143669242,100.0,0.34786857463736065,threshold-control
40000.0,100.0,0.0025,76.4201960887482,100.0,0.3472117272943438,threshold-control
40000.0,100.0,0.0025,76.49037074080398,100.0,0.346555043289031,threshold-control
40000.0,100.0,0.0025,76.56054539285977,100.0,0.34589852423823053,threshold-control
40000.0,100.0,0.0025,76.63072004491555,100.0,0.34524217175709615,threshold-control
40000.0,100.0,0.0025,76.70089469697133,100.0,0.34458598745911084,threshold-control
40000.0,100.0,0.0025,76.77106934902712,100.0,0.3439299729560711,threshold-control
40000.0,100.0,0.0025,76.8412440010829,100.0,0.34327412985807204,threshold-control
40000.0,100.0,0.0025,76.91141865313868,100.0,0.34261845977349104,threshold-control
40000.0,100.0,0.0025,76.98159330519447,100.0,0.3419629643089733,threshold-control
40000.0,100.0,0.0025,77.0,100.0,0.3417910580448211,threshold-control
40000.0,100.0,0.0025,77.05176795725025,100.0,0.341307645069416,threshold-control
40000.0,100.0,0.0025,77.12194260930603,100.0,0.34065250365795297,threshold-control
40000.0,100.0,0.0025,77.19211726136182,100.0,0.3399975416759391,threshold-control
40000.0,100.0,0.0025,77.2622919134176,100.0,0.33934276072293534,threshold-control
40000.0,100.0,0.0025,77.33246656547338,100.0,0.3386881623966941,threshold-control
40000.0,100.0,0.0025,77.40264121752917,100.0,0.33803374829314237,threshold-control
40000.0,100.0,0.0025,77.47281586958495,100.0,0.3373795200063684,threshold-control
40000.0,100.0,0.0025,77.54299052164073,100.0,0.33672547912860507,threshold-control
40000.0,100.0,0.0025,77.61316517369652,100.0,0.33607162725021644,threshold-control
40000.0,100.0,0.0025,77.6833398257523,100.0,0.33541796595968065,threshold-control
40000.0,100.0,0.0025,77.75351447780808,100.0,0.3347644968435769,threshold-control
40000.0,100.0,0.0025,77.82368912986387,100.0,0.33411122148656935,threshold-control
40000.0,100.0,0.0025,77.89386378191965,100.0,0.33345814147139174,threshold-control
40000.0,100.0,0.0025,77.96403843397543,100.0,0.33280525837883457,threshold-control
40000.0,100.0,0.0025,78.0,100.0,0.3324707600031208,threshold-control
40000.0,100.0,0.0025,78.03421308603122,100.0,0.33215257378772767,threshold-control
40000.0,100.0,0.0025,78.104387738087,100.0,0.33150008927492713,threshold-control
40000.0,100.0,0.0025,78.17456239014278,100.0,0.3308478064153002,threshold-control
40000.0,100.0,0.0025,78.24473704219857,100.0,0.33019572678170983,threshold-control
40000.0,100.0,0.0025,78.31491169425435,100.0,0.32954385194500124,threshold-control
40000.0,100.0,0.0025,78.38508634631013,100.0,0.32889218347398574,threshold-control
40000.0,100.0,0.0025,78.45526099836592,100.0,0.32824072293542783,threshold-control
40000.0,100.0,0.0025,78.5254356504217,100.0,0.32758947189402976,threshold-control
40000.0,100.0,0.0025,78.59561030247748,100.0,0.3269384319124162,threshold-control
40000.0,100.0,0.0025,78.66578495453327,100.0,0.3262876045511214,threshold-control
40000.0,100.0,0.0025,78.73595960658905,100.0,0.32563699136857405,threshold-control
40000.0,100.0,0.0025,78.80613425864483,100.0,0.3249865939210823,threshold-control
40000.0,100.0,0.0025,78.87630891070062,100.0,0.3243364137628205,threshold-control
40000.0,100.0,0.0025,78.9464835627564,100.0,0.32368645244581407,threshold-control
40000.0,100.0,0.0025,79.0,100.0,0.323190928433188,threshold-control
40000.0,100.0,0.0025,79.01665821481218,100.0,0.32303671151992586,threshold-control
40000.0,100.0,0.0025,79.0206239216918,100.0,0.32300000000000006,threshold-control
40000.0,100.0,0.0025,79.08683286686797,99.98671135211788,0.323,post-control
40000.0,100.0,0.0025,79.15700751892375,99.97262675616278,0.323,post-control
40000.0,100.0,0.0025,79.22718217097953,99.95854216020767,0.323,post-control
40000.0,100.0,0.0025,79.29735682303532,99.94445756425257,0.323,post-control
40000.0,100.0,0.0025,79.3675314750911,99.93037296829748,0.323,post-control
40000.0,100.0,0.0025,79.43770612714688,99.91628837234236,0.323,post-control
40000.0,100.0,0.0025,79.50788077920267,99.90220377638727,0.323,post-control
40000.0,100.0,0.0025,79.57805543125845,99.88811918043217,0.323,post-control
40000.0,100.0,0.0025,79.64823008331423,99.87403458447707,0.323,post-control
40000.0,100.0,0.0025,79.71840473537002,99.85994998852196,0.323,post-control
40000.0,100.0,0.0025,79.7885793874258,99.84586539256686,0.323,post-control
40000.0,100.0,0.0025,79.85875403948158,99.83178079661177,0.323,post-control
40000.0,100.0,0.0025,79.92892869153737,99.81769620065666,0.323,post-control
40000.0,100.0,0.0025,79.99910334359315,99.80361160470156,0.323,post-control
40000.0,100.0,0.0025,80.0206239216918,99.79929225806627,0.323,post-control
40000.0,100.0,0.0025,80.06927799564893,99.7703278082464,0.323,post-control
40000.0,100.0,0.0025,80.13945264770472,99.72855185768806,0.323,post-control
40000.0,100.0,0.0025,80.2096272997605,99.6867759071297,0.323,post-control
40000.0,100.0,0.0025,80.27980195181628,99.64499995657135,0.323,post-control
40000.0,100.0,0.0025,80.34997660387207,99.603224006013,0.323,post-control
40000.0,100.0,0.0025,80.42015125592785,99.56144805545465,0.323,post-control
40000.0,100.0,0.0025,80.49032590798363,99.51967210489629,0.323,post-control
40000.0,100.0,0.0025,80.56050056003942,99.47789615433793,0.323,post-control
40000.0,100.0,0.0025,80.6306752120952,99.43612020377958,0.323,post-control
40000.0,100.0,0.0025,80.70084986415098,99.39434425322122,0.323,post-control
40000.0,100.0,0.0025,80.77102451620677,99.35256830266287,0.323,post-control
40000.0,100.0,0.0025,80.84119916826255,99.31079235210451,0.323,post-control
40000.0,100.0,0.0025,80.91137382031833,99.26901640154617,0.323,post-control
40000.0,100.0,0.0025,80.98154847237412,99.22724045098781,0.323,post-control
40000.0,100.0,0.0025,81.0206239216918,99.20397829020868,0.323,post-control
40000.0,100.0,0.0025,81.0517231244299,99.17364742650112,0.323,post-control
40000.0,100.0,0.0025,81.12189777648568,99.10520651420013,0.323,post-control
40000.0,100.0,0.0025,81.19207242854147,99.03676560189913,0.323,post-control
40000.0,100.0,0.0025,81.26224708059725,98.96832468959813,0.323,post-control
40000.0,100.0,0.0025,81.33242173265303,98.89988377729715,0.323,post-control
40000.0,100.0,0.0025,81.40259638470881,98.83144286499615,0.323,post-control
40000.0,100.0,0.0025,81.4727710367646,98.76300195269516,0.323,post-control
40000.0,100.0,0.0025,81.54294568882038,98.69456104039416,0.323,post-control
40000.0,100.0,0.0025,81.61312034087616,98.62612012809318,0.323,post-control
40000.0,100.0,0.0025,81.68329499293195,98.55767921579218,0.323,post-control
40000.0,100.0,0.0025,81.75346964498773,98.48923830349119,0.323,post-control
40000.0,100.0,0.0025,81.82364429704351,98.42079739119019,0.323,post-control
40000.0,100.0,0.0025,81.8938189490993,98.35235647888919,0.323,post-control
40000.0,100.0,0.0025,81.96399360115508,98.2839155665882,0.323,post-control
40000.0,100.0,0.0025,82.0206239216918,98.22868435862512,0.323,post-control
40000.0,100.0,0.0025,82.03416825321086,98.21059897973153,0.323,post-control
40000.0,100.0,0.0025,82.10434290526665,98.11689666822454,0.323,post-control
40000.0,100.0,0.0025,82.17451755732243,98.02319435671754,0.323,post-control
40000.0,100.0,0.0025,82.24469220937821,97.92949204521054,0.323,post-control
40000.0,100.0,0.0025,82.314866861434,97.83578973370354,0.323,post-control
40000.0,100.0,0.0025,82.38504151348978,97.74208742219653,0.323,post-control
40000.0,100.0,0.0025,82.45521616554556,97.64838511068953,0.323,post-control
40000.0,100.0,0.0025,82.52539081760135,97.55468279918253,0.323,post-control
40000.0,100.0,0.0025,82.59556546965713,97.46098048767553,0.323,post-control
40000.0,100.0,0.0025,82.66574012171293,97.36727817616851,0.323,post-control
40000.0,100.0,0.0025,82.73591477376871,97.27357586466151,0.323,post-control
40000.0,100.0,0.0025,82.8060894258245,97.17987355315451,0.323,post-control
40000.0,100.0,0.0025,82.87626407788028,97.08617124164752,0.323,post-control
40000.0,100.0,0.0025,82.94643872993606,96.99246893014052,0.323,post-control
40000.0,100.0,0.0025,83.01661338199185,96.89876661863352,0.323,post-control
40000.0,100.0,0.0025,83.0206239216918,96.8934114536378,0.323,post-control
40000.0,100.0,0.0025,83.08678803404763,96.78287614622103,0.323,post-control
40000.0,100.0,0.0025,83.15696268610341,96.66564073775467,0.323,post-control
40000.0,100.0,0.0025,83.2271373381592,96.54840532928831,0.323,post-control
40000.0,100.0,0.0025,83.29731199021498,96.43116992082196,0.323,post-control
40000.0,100.0,0.0025,83.36748664227076,96.3139345123556,0.323,post-control
40000.0,100.0,0.0025,83.43766129432655,96.19669910388923,0.323,post-control
40000.0,100.0,0.0025,83.50783594638233,96.07946369542287,0.323,post-control
40000.0,100.0,0.0025,83.57801059843811,95.96222828695652,0.323,post-control
40000.0,100.0,0.0025,83.6481852504939,95.84499287849016,0.323,post-control
40000.0,100.0,0.0025,83.71835990254968,95.7277574700238,0.323,post-control
40000.0,100.0,0.0025,83.78853455460546,95.61052206155743,0.323,post-control
40000.0,100.0,0.0025,83.85870920666125,95.49328665309108,0.323,post-control
40000.0,100.0,0.0025,83.92888385871703,95.37605124462472,0.323,post-control
40000.0,100.0,0.0025,83.99905851077281,95.25881583615836,0.323,post-control
40000.0,100.0,0.0025,84.0206239216918,95.22278815830366,0.323,post-control
40000.0,100.0,0.0025,84.0692331628286,95.12666039870541,0.323,post-control
40000.0,100.0,0.0025,84.13940781488438,94.98788571461347,0.323,post-control
40000.0,100.0,0.0025,84.20958246694016,94.84911103052153,0.323,post-control
40000.0,100.0,0.0025,84.27975711899595,94.71033634642957,0.323,post-control
40000.0,100.0,0.0025,84.34993177105173,94.57156166233763,0.323,post-control
40000.0,100.0,0.0025,84.42010642310751,94.43278697824569,0.323,post-control
40000.0,100.0,0.0025,84.4902810751633,94.29401229415375,0.323,post-control
40000.0,100.0,0.0025,84.56045572721908,94.1552376100618,0.323,post-control
40000.0,100.0,0.0025,84.63063037927486,94.01646292596985,0.323,post-control
40000.0,100.0,0.0025,84.70080503133065,93.8776882418779,0.323,post-control
40000.0,100.0,0.0025,84.77097968338643,93.73891355778596,0.323,post-control
40000.0,100.0,0.0025,84.84115433544221,93.60013887369402,0.323,post-control
40000.0,100.0,0.0025,84.911328987498,93.46136418960207,0.323,post-control
40000.0,100.0,0.0025,84.98150363955378,93.32258950551012,0.323,post-control
40000.0,100.0,0.0025,85.0206239216918,93.24522674507955,0.323,post-control
40000.0,100.0,0.0025,85.05167829160956,93.17525504463336,0.323,post-control
40000.0,100.0,0.0025,85.12185294366535,93.01713753184642,0.323,post-control
40000.0,100.0,0.0025,85.19202759572113,92.85902001905947,0.323,post-control
40000.0,100.0,0.0025,85.26220224777691,92.70090250627254,0.323,post-control
40000.0,100.0,0.0025,85.3323768998327,92.5427849934856,0.323,post-control
40000.0,100.0,0.0025,85.40255155188848,92.38466748069865,0.323,post-control
40000.0,100.0,0.0025,85.47272620394426,92.22654996791172,0.323,post-control
40000.0,100.0,0.0025,85.54290085600005,92.06843245512478,0.323,post-control
40000.0,100.0,0.0025,85.61307550805583,91.91031494233785,0.323,post-control
40000.0,100.0,0.0025,85.68325016011161,91.7521974295509,0.323,post-control
40000.0,100.0,0.0025,85.7534248121674,91.59407991676396,0.323,post-control
40000.0,100.0,0.0025,85.82359946422318,91.43596240397703,0.323,post-control
40000.0,100.0,0.0025,85.89377411627896,91.27784489119009,0.323,post-control
40000.0,100.0,0.0025,85.96394876833475,91.11972737840314,0.323,post-control
40000.0,100.0,0.0025,86.0206239216918,90.99202693354007,0.323,post-control
40000.0,100.0,0.0025,86.03412342039053,90.95833813467713,0.323,post-control
40000.0,100.0,0.0025,86.10429807244631,90.78321313254611,0.323,post-control
40000.0,100.0,0.0025,86.1744727245021,90.60808813041508,0.323,post-control
40000.0,100.0,0.0025,86.24464737655788,90.43296312828406,0.323,post-control
40000.0,100.0,0.0025,86.31482202861366,90.25783812615302,0.323,post-control
40000.0,100.0,0.0025,86.38499668066945,90.08271312402199,0.323,post-control
40000.0,100.0,0.0025,86.45517133272523,89.90758812189097,0.323,post-control
40000.0,100.0,0.0025,86.52534598478101,89.73246311975994,0.323,post-control
40000.0,100.0,0.0025,86.5955206368368,89.55733811762892,0.323,post-control
40000.0,100.0,0.0025,86.66569528889258,89.38221311549788,0.323,post-control
40000.0,100.0,0.0025,86.73586994094836,89.20708811336685,0.323,post-control
40000.0,100.0,0.0025,86.80604459300415,89.03196311123583,0.323,post-control
40000.0,100.0,0.0025,86.87621924505993,88.8568381091048,0.323,post-control
40000.0,100.0,0.0025,86.94639389711571,88.68171310697376,0.323,post-control
40000.0,100.0,0.0025,87.0165685491715,88.50658810484273,0.323,post-control
40000.0,100.0,0.0025,87.0206239216918,88.49646768243302,0.323,post-control
40000.0,100.0,0.0025,87.08674320122728,88.31771149743611,0.323,post-control
40000.0,100.0,0.0025,87.15691785328306,88.12799144644484,0.323,post-control
40000.0,100.0,0.0025,87.22709250533885,87.93827139545358,0.323,post-control
40000.0,100.0,0.0025,87.29726715739463,87.74855134446231,0.323,post-control
40000.0,100.0,0.0025,87.36744180945041,87.55883129347106,0.323,post-control
40000.0,100.0,0.0025,87.4376164615062,87.36911124247979,0.323,post-control
40000.0,100.0,0.0025,87.50779111356198,87.17939119148853,0.323,post-control
40000.0,100.0,0.0025,87.57796576561776,86.98967114049726,0.323,post-control
40000.0,100.0,0.0025,87.64814041767355,86.79995108950601,0.323,post-control
40000.0,100.0,0.0025,87.71831506972933,86.61023103851474,0.323,post-control
40000.0,100.0,0.0025,87.78848972178511,86.42051098752349,0.323,post-control
40000.0,100.0,0.0025,87.8586643738409,86.23079093653222,0.323,post-control
40000.0,100.0,0.0025,87.92883902589668,86.04107088554096,0.323,post-control
40000.0,100.0,0.0025,87.99901367795246,85.85135083454969,0.323,post-control
40000.0,100.0,0.0025,88.0206239216918,85.79292665396522,0.323,post-control
40000.0,100.0,0.0025,88.06918833000825,85.6532133668708,0.323,post-control
40000.0,100.0,0.0025,88.13936298206403,85.4513303078714,0.323,post-control
40000.0,100.0,0.0025,88.20953763411981,85.24944724887202,0.323,post-control
40000.0,100.0,0.0025,88.2797122861756,85.04756418987262,0.323,post-control
40000.0,100.0,0.0025,88.34988693823138,84.84568113087322,0.323,post-control
40000.0,100.0,0.0025,88.42006159028716,84.64379807187383,0.323,post-control
40000.0,100.0,0.0025,88.49023624234295,84.44191501287443,0.323,post-control
40000.0,100.0,0.0025,88.56041089439873,84.24003195387505,0.323,post-control
40000.0,100.0,0.0025,88.63058554645451,84.03814889487565,0.323,post-control
40000.0,100.0,0.0025,88.7007601985103,83.83626583587625,0.323,post-control
40000.0,100.0,0.0025,88.77093485056608,83.63438277687686,0.323,post-control
40000.0,100.0,0.0025,88.84110950262186,83.43249971787746,0.323,post-control
40000.0,100.0,0.0025,88.91128415467765,83.23061665887806,0.323,post-control
40000.0,100.0,0.0025,88.98145880673343,83.02873359987868,0.323,post-control
40000.0,100.0,0.0025,89.0206239216918,82.91606081872156,0.323,post-control
40000.0,100.0,0.0025,89.05163345878921,82.82253629885832,0.323,post-control
40000.0,100.0,0.0025,89.121808110845,82.61089010048174,0.323,post-control
40000.0,100.0,0.0025,89.19198276290078,82.39924390210514,0.323,post-control
40000.0,100.0,0.0025,89.26215741495656,82.18759770372854,0.323,post-control
40000.0,100.0,0.0025,89.33233206701235,81.97595150535194,0.323,post-control
40000.0,100.0,0.0025,89.40250671906813,81.76430530697536,0.323,post-control
40000.0,100.0,0.0025,89.47268137112391,81.55265910859876,0.323,post-control
40000.0,100.0,0.0025,89.5428560231797,81.34101291022216,0.323,post-control
40000.0,100.0,0.0025,89.61303067523548,81.12936671184556,0.323,post-control
40000.0,100.0,0.0025,89.68320532729126,80.91772051346898,0.323,post-control
40000.0,100.0,0.0025,89.75337997934705,80.70607431509238,0.323,post-control
40000.0,100.0,0.0025,89.82355463140283,80.49442811671578,0.323,post-control
40000.0,100.0,0.0025,89.89372928345863,80.28278191833914,0.323,post-control
40000.0,100.0,0.0025,89.96390393551441,80.07113571996254,0.323,post-control
40000.0,100.0,0.0025,90.0206239216918,79.90006868799674,0.323,post-control
40000.0,100.0,0.0025,90.03407858757019,79.85806291250522,0.323,post-control
40000.0,100.0,0.0025,90.10425323962598,79.63897603914162,0.323,post-control
40000.0,100.0,0.0025,90.17442789168176,79.41988916577802,0.323,post-control
40000.0,100.0,0.0025,90.24460254373754,79.20080229241442,0.323,post-control
40000.0,100.0,0.0025,90.31477719579333,78.98171541905081,0.323,post-control
40000.0,100.0,0.0025,90.38495184784911,78.7626285456872,0.323,post-control
40000.0,100.0,0.0025,90.45512649990489,78.54354167232361,0.323,post-control
40000.0,100.0,0.0025,90.52530115196068,78.32445479896,0.323,post-control
40000.0,100.0,0.0025,90.59547580401646,78.10536792559641,0.323,post-control
40000.0,100.0,0.0025,90.66565045607224,77.8862810522328,0.323,post-control
40000.0,100.0,0.0025,90.73582510812803,77.66719417886921,0.323,post-control
40000.0,100.0,0.0025,90.80599976018381,77.4481073055056,0.323,post-control
40000.0,100.0,0.0025,90.87617441223959,77.229020432142,0.323,post-control
40000.0,100.0,0.0025,90.94634906429538,77.0099335587784,0.323,post-control
40000.0,100.0,0.0025,91.01652371635116,76.79084668541479,0.323,post-control
40000.0,100.0,0.0025,91.0206239216918,76.77804575029204,0.323,post-control
40000.0,100.0,0.0025,91.08669836840694,76.56683353642384,0.323,post-control
40000.0,100.0,0.0025,91.15687302046273,76.34251469071289,0.323,post-control
40000.0,100.0,0.0025,91.22704767251851,76.11819584500192,0.323,post-control
40000.0,100.0,0.0025,91.29722232457429,75.89387699929097,0.323,post-control
40000.0,100.0,0.0025,91.36739697663008,75.66955815358001,0.323,post-control
40000.0,100.0,0.0025,91.43757162868586,75.44523930786904,0.323,post-control
40000.0,100.0,0.0025,91.50774628074164,75.22092046215809,0.323,post-control
40000.0,100.0,0.0025,91.57792093279743,74.99660161644714,0.323,post-control
40000.0,100.0,0.0025,91.64809558485321,74.77228277073618,0.323,post-control
40000.0,100.0,0.0025,91.71827023690899,74.54796392502521,0.323,post-control
40000.0,100.0,0.0025,91.78844488896478,74.32364507931426,0.323,post-control
40000.0,100.0,0.0025,91.85861954102056,74.0993262336033,0.323,post-control
40000.0,100.0,0.0025,91.92879419307634,73.87500738789234,0.323,post-control
40000.0,100.0,0.0025,91.99896884513213,73.65068854218138,0.323,post-control
40000.0,100.0,0.0025,92.0206239216918,73.58146637099362,0.323,post-control
40000.0,100.0,0.0025,92.06914349718791,73.42417987490388,0.323,post-control
40000.0,100.0,0.0025,92.13931814924369,73.19669385460564,0.323,post-control
40000.0,100.0,0.0025,92.20949280129948,72.96920783430741,0.323,post-control
40000.0,100.0,0.0025,92.27966745335526,72.74172181400918,0.323,post-control
40000.0,100.0,0.0025,92.34984210541104,72.51423579371094,0.323,post-control
40000.0,100.0,0.0025,92.42001675746683,72.28674977341271,0.323,post-control
40000.0,100.0,0.0025,92.49019140952261,72.05926375311446,0.323,post-control
40000.0,100.0,0.0025,92.56036606157839,71.83177773281624,0.323,post-control
40000.0,100.0,0.0025,92.63054071363418,71.604291712518,0.323,post-control
40000.0,100.0,0.0025,92.70071536568996,71.37680569221976,0.323,post-control
40000.0,100.0,0.0025,92.77089001774574,71.14931967192153,0.323,post-control
40000.0,100.0,0.0025,92.84106466980153,70.9218336516233,0.323,post-control
40000.0,100.0,0.0025,92.91123932185731,70.69434763132506,0.323,post-control
40000.0,100.0,0.0025,92.98141397391309,70.46686161102683,0.323,post-control
40000.0,100.0,0.0025,93.0206239216918,70.33975424796947,0.323,post-control
40000.0,100.0,0.0025,93.05158862596888,70.23881648692841,0.323,post-control
40000.0,100.0,0.0025,93.12176327802466,70.01006338155521,0.323,post-control
40000.0,100.0,0.0025,93.19193793008044,69.78131027618201,0.323,post-control
40000.0,100.0,0.0025,93.26211258213623,69.55255717080881,0.323,post-control
40000.0,100.0,0.0025,93.33228723419201,69.32380406543561,0.323,post-control
40000.0,100.0,0.0025,93.40246188624779,69.09505096006241,0.323,post-control
40000.0,100.0,0.0025,93.47263653830358,68.86629785468921,0.323,post-control
40000.0,100.0,0.0025,93.54281119035936,68.637544749316,0.323,post-control
40000.0,100.0,0.0025,93.61298584241514,68.4087916439428,0.323,post-control
40000.0,100.0,0.0025,93.68316049447093,68.1800385385696,0.323,post-control
40000.0,100.0,0.0025,93.75333514652671,67.9512854331964,0.323,post-control
40000.0,100.0,0.0025,93.82350979858249,67.7225323278232,0.323,post-control
40000.0,100.0,0.0025,93.89368445063828,67.49377922245,0.323,post-control
40000.0,100.0,0.0025,93.96385910269406,67.2650261170768,0.323,post-control
40000.0,100.0,0.0025,94.0206239216918,67.07998596024984,0.323,post-control
40000.0,100.0,0.0025,94.03403375474984,67.03635963837891,0.323,post-control
40000.0,100.0,0.0025,94.10420840680563,66.80805985682953,0.323,post-control
40000.0,100.0,0.0025,94.17438305886141,66.57976007528016,0.323,post-control
40000.0,100.0,0.0025,94.24455771091719,66.35146029373078,0.323,post-control
40000.0,100.0,0.0025,94.31473236297298,66.1231605121814,0.323,post-control
40000.0,100.0,0.0025,94.38490701502876,65.89486073063202,0.323,post-control
40000.0,100.0,0.0025,94.45508166708454,65.66656094908265,0.323,post-control
40000.0,100.0,0.0025,94.52525631914033,65.43826116753327,0.323,post-control
40000.0,100.0,0.0025,94.59543097119611,65.20996138598389,0.323,post-control
40000.0,100.0,0.0025,94.66560562325189,64.98166160443452,0.323,post-control
40000.0,100.0,0.0025,94.73578027530768,64.75336182288514,0.323,post-control
40000.0,100.0,0.0025,94.80595492736346,64.52506204133576,0.323,post-control
40000.0,100.0,0.0025,94.87612957941924,64.29676225978638,0.323,post-control
40000.0,100.0,0.0025,94.94630423147503,64.06846247823701,0.323,post-control
40000.0,100.0,0.0025,95.01647888353081,63.84016269668763,0.323,post-control
40000.0,100.0,0.0025,95.0206239216918,63.826677609424,0.323,post-control
40000.0,100.0,0.0025,95.08665353558659,63.61373211115167,0.323,post-control
40000.0,100.0,0.0025,95.15682818764238,63.38741886522061,0.323,post-control
40000.0,100.0,0.0025,95.22700283969816,63.16110561928955,0.323,post-control
40000.0,100.0,0.0025,95.29717749175394,62.93479237335849,0.323,post-control
40000.0,100.0,0.0025,95.36735214380973,62.70847912742743,0.323,post-control
40000.0,100.0,0.0025,95.43752679586551,62.48216588149637,0.323,post-control
40000.0,100.0,0.0025,95.50770144792129,62.25585263556531,0.323,post-control
40000.0,100.0,0.0025,95.57787609997708,62.02953938963425,0.323,post-control
40000.0,100.0,0.0025,95.64805075203286,61.80322614370319,0.323,post-control
40000.0,100.0,0.0025,95.71822540408864,61.57691289777213,0.323,post-control
40000.0,100.0,0.0025,95.78840005614443,61.35059965184107,0.323,post-control
40000.0,100.0,0.0025,95.85857470820021,61.12428640591001,0.323,post-control
40000.0,100.0,0.0025,95.92874936025599,60.89797315997895,0.323,post-control
40000.0,100.0,0.0025,95.99892401231178,60.67165991404789,0.323,post-control
40000.0,100.0,0.0025,96.0206239216918,60.601677708446104,0.323,post-control
40000.0,100.0,0.0025,96.06909866436756,60.447647180873936,0.323,post-control
40000.0,100.0,0.0025,96.13927331642334,60.224664281291695,0.323,post-control
40000.0,100.0,0.0025,96.20944796847913,60.001681381709446,0.323,post-control
40000.0,100.0,0.0025,96.27962262053491,59.7786984821272,0.323,post-control
40000.0,100.0,0.0025,96.34979727259069,59.55571558254495,0.323,post-control
40000.0,100.0,0.0025,96.41997192464648,59.3327326829627,0.323,post-control
40000.0,100.0,0.0025,96.49014657670226,59.10974978338045,0.323,post-control
40000.0,100.0,0.0025,96.56032122875804,58.88676688379821,0.323,post-control
40000.0,100.0,0.0025,96.63049588081383,58.66378398421596,0.323,post-control
40000.0,100.0,0.0025,96.70067053286961,58.44080108463371,0.323,post-control
40000.0,100.0,0.0025,96.77084518492539,58.21781818505146,0.323,post-control
40000.0,100.0,0.0025,96.84101983698118,57.994835285469215,0.323,post-control
40000.0,100.0,0.0025,96.91119448903696,57.77185238588697,0.323,post-control
40000.0,100.0,0.0025,96.98136914109274,57.548869486304724,0.323,post-control
40000.0,100.0,0.0025,97.0206239216918,57.42413577485741,0.323,post-control
40000.0,100.0,0.0025,97.05154379314854,57.327863479667336,0.323,post-control
40000.0,100.0,0.0025,97.12171844520432,57.109367266737536,0.323,post-control
40000.0,100.0,0.0025,97.1918930972601,56.890871053807736,0.323,post-control
40000.0,100.0,0.0025,97.26206774931589,56.672374840877936,0.323,post-control
40000.0,100.0,0.0025,97.33224240137167,56.453878627948136,0.323,post-control
40000.0,100.0,0.0025,97.40241705342746,56.235382415018336,0.323,post-control
40000.0,100.0,0.0025,97.47259170548324,56.016886202088536,0.323,post-control
40000.0,100.0,0.0025,97.54276635753902,55.798389989158736,0.323,post-control
40000.0,100.0,0.0025,97.6129410095948,55.579893776228936,0.323,post-control
40000.0,100.0,0.0025,97.68311566165059,55.361397563299136,0.323,post-control
40000.0,100.0,0.0025,97.75329031370637,55.14290135036934,0.323,post-control
40000.0,100.0,0.0025,97.82346496576216,54.92440513743954,0.323,post-control
40000.0,100.0,0.0025,97.89363961781794,54.70590892450974,0.323,post-control
40000.0,100.0,0.0025,97.96381426987372,54.48741271157994,0.323,post-control
40000.0,100.0,0.0025,98.0206239216918,54.310529842673915,0.323,post-control
40000.0,100.0,0.0025,98.0339889219295,54.26995697455011,0.323,post-control
40000.0,100.0,0.0025,98.10416357398529,54.05692391410474,0.323,post-control
40000.0,100.0,0.0025,98.17433822604107,53.843890853659374,0.323,post-control
40000.0,100.0,0.0025,98.24451287809686,53.630857793214005,0.323,post-control
40000.0,100.0,0.0025,98.31468753015264,53.41782473276863,0.323,post-control
40000.0,100.0,0.0025,98.38486218220842,53.20479167232326,0.323,post-control
40000.0,100.0,0.0025,98.4550368342642,52.99175861187789,0.323,post-control
40000.0,100.0,0.0025,98.52521148631999,52.77872555143252,0.323,post-control
40000.0,100.0,0.0025,98.59538613837577,52.56569249098715,0.323,post-control
40000.0,100.0,0.0025,98.66556079043156,52.352659430541785,0.323,post-control
40000.0,100.0,0.0025,98.73573544248734,52.13962637009641,0.323,post-control
40000.0,100.0,0.0025,98.80591009454312,51.92659330965104,0.323,post-control
40000.0,100.0,0.0025,98.8760847465989,51.71356024920567,0.323,post-control
40000.0,100.0,0.0025,98.94625939865469,51.5005271887603,0.323,post-control
40000.0,100.0,0.0025,99.01643405071047,51.28749412831493,0.323,post-control
40000.0,100.0,0.0025,99.0206239216918,51.27477470596122,0.323,post-control
40000.0,100.0,0.0025,99.08660870276626,51.08035498789829,0.323,post-control
40000.0,100.0,0.0025,99.15678335482204,50.87359009687814,0.323,post-control
40000.0,100.0,0.0025,99.22695800687782,50.66682520585799,0.323,post-control
40000.0,100.0,0.0025,99.2971326589336,50.46006031483785,0.323,post-control
40000.0,100.0,0.0025,99.36730731098939,50.2532954238177,0.323,post-control
40000.0,100.0,0.0025,99.43748196304517,50.04653053279755,0.323,post-control
40000.0,100.0,0.0025,99.50765661510096,49.8397656417774,0.323,post-control
40000.0,100.0,0.0025,99.57783126715674,49.63300075075725,0.323,post-control
40000.0,100.0,0.0025,99.64800591921252,49.4262358597371,0.323,post-control
40000.0,100.0,0.0025,99.7181805712683,49.21947096871695,0.323,post-control
40000.0,100.0,0.0025,99.78835522332409,49.0127060776968,0.323,post-control
40000.0,100.0,0.0025,99.85852987537987,48.80594118667665,0.323,post-control
40000.0,100.0,0.0025,99.92870452743566,48.5991762956565,0.323,post-control
40000.0,100.0,0.0025,99.99887917949144,48.392411404636356,0.323,post-control
40000.0,100.0,0.0025,100.0206239216918,48.32834198470188,0.323,post-control
40000.0,100.0,0.0025,100.06905383154722,48.19041694587872,0.323,post-control
40000.0,100.0,0.0025,100.139228483603,47.99056438290496,0.323,post-control
40000.0,100.0,0.0025,100.20940313565879,47.7907118199312,0.323,post-control
40000.0,100.0,0.0025,100.27957778771457,47.59085925695744,0.323,post-control
40000.0,100.0,0.0025,100.34975243977036,47.39100669398368,0.323,post-control
40000.0,100.0,0.0025,100.41992709182614,47.19115413100992,0.323,post-control
40000.0,100.0,0.0025,100.49010174388192,46.99130156803616,0.323,post-control
40000.0,100.0,0.0025,100.5602763959377,46.79144900506239,0.323,post-control
40000.0,100.0,0.0025,100.63045104799349,46.59159644208863,0.323,post-control
40000.0,100.0,0.0025,100.70062570004927,46.39174387911487,0.323,post-control
40000.0,100.0,0.0025,100.77080035210506,46.19189131614111,0.323,post-control
40000.0,100.0,0.0025,100.84097500416084,45.99203875316735,0.323,post-control
40000.0,100.0,0.0025,100.91114965621662,45.79218619019359,0.323,post-control
40000.0,100.0,0.0025,100.9813243082724,45.59233362721983,0.323,post-control
40000.0,100.0,0.0025,101.0206239216918,45.480411042131706,0.323,post-control
40000.0,100.0,0.0025,101.05149896032819,45.39574219903113,0.323,post-control
40000.0,100.0,0.0025,101.12167361238397,45.203301740105054,0.323,post-control
40000.0,100.0,0.0025,101.19184826443976,45.01086128117898,0.323,post-control
40000.0,100.0,0.0025,101.26202291649554,44.818420822252904,0.323,post-control
40000.0,100.0,0.0025,101.33219756855132,44.625980363326825,0.323,post-control
40000.0,100.0,0.0025,101.4023722206071,44.433539904400746,0.323,post-control
40000.0,100.0,0.0025,101.47254687266289,44.24109944547467,0.323,post-control
40000.0,100.0,0.0025,101.54272152471867,44.04865898654859,0.323,post-control
40000.0,100.0,0.0025,101.61289617677446,43.85621852762251,0.323,post-control
40000.0,100.0,0.0025,101.68307082883024,43.66377806869644,0.323,post-control
40000.0,100.0,0.0025,101.75324548088602,43.47133760977036,0.323,post-control
40000.0,100.0,0.0025,101.8234201329418,43.27889715084428,0.323,post-control
40000.0,100.0,0.0025,101.89359478499759,43.0864566919182,0.323,post-control
40000.0,100.0,0.0025,101.96376943705337,42.89401623299212,0.323,post-control
40000.0,100.0,0.0025,102.0206239216918,42.738103766092735,0.323,post-control
40000.0,100.0,0.0025,102.03394408910916,42.70305204131821,0.323,post-control
40000.0,100.0,0.0025,102.10411874116494,42.51838900271394,0.323,post-control
40000.0,100.0,0.0025,102.17429339322072,42.33372596410967,0.323,post-control
40000.0,100.0,0.0025,102.2444680452765,42.149062925505405,0.323,post-control
40000.0,100.0,0.0025,102.31464269733229,41.964399886901134,0.323,post-control
40000.0,100.0,0.0025,102.38481734938807,41.77973684829687,0.323,post-control
40000.0,100.0,0.0025,102.45499200144386,41.5950738096926,0.323,post-control
40000.0,100.0,0.0025,102.52516665349964,41.41041077108834,0.323,post-control
40000.0,100.0,0.0025,102.59534130555542,41.225747732484066,0.323,post-control
40000.0,100.0,0.0025,102.6655159576112,41.041084693879796,0.323,post-control
40000.0,100.0,0.0025,102.73569060966699,40.85642165527553,0.323,post-control
40000.0,100.0,0.0025,102.80586526172277,40.67175861667126,0.323,post-control
40000.0,100.0,0.0025,102.87603991377856,40.487095578067,0.323,post-control
40000.0,100.0,0.0025,102.94621456583434,40.30243253946273,0.323,post-control
40000.0,100.0,0.0025,103.01638921789012,40.117769500858465,0.323,post-control
40000.0,100.0,0.0025,103.0206239216918,40.10662597183912,0.323,post-control
40000.0,100.0,0.0025,103.0865638699459,39.9406449859595,0.323,post-control
40000.0,100.0,0.0025,103.15673852200169,39.76400459966298,0.323,post-control
40000.0,100.0,0.0025,103.22691317405747,39.58736421336647,0.323,post-control
40000.0,100.0,0.0025,103.29708782611326,39.41072382706996,0.323,post-control
40000.0,100.0,0.0025,103.36726247816904,39.23408344077344,0.323,post-control
40000.0,100.0,0.0025,103.43743713022482,39.05744305447693,0.323,post-control
40000.0,100.0,0.0025,103.5076117822806,38.88080266818041,0.323,post-control
40000.0,100.0,0.0025,103.57778643433639,38.704162281883896,0.323,post-control
40000.0,100.0,0.0025,103.64796108639217,38.527521895587384,0.323,post-control
40000.0,100.0,0.0025,103.71813573844796,38.350881509290865,0.323,post-control
40000.0,100.0,0.0025,103.78831039050374,38.17424112299435,0.323,post-control
40000.0,100.0,0.0025,103.85848504255952,37.99760073669784,0.323,post-control
40000.0,100.0,0.0025,103.9286596946153,37.82096035040132,0.323,post-control
40000.0,100.0,0.0025,103.99883434667109,37.64431996410481,0.323,post-control
40000.0,100.0,0.0025,104.0206239216918,37.58947225433869,0.323,post-control
40000.0,100.0,0.0025,104.06900899872687,37.4733102066475,0.323,post-control
40000.0,100.0,0.0025,104.13918365078266,37.30483612789576,0.323,post-control
40000.0,100.0,0.0025,104.20935830283845,37.13636204914399,0.323,post-control
40000.0,100.0,0.0025,104.27953295489424,36.967887970392255,0.323,post-control
40000.0,100.0,0.0025,104.34970760695002,36.79941389164052,0.323,post-control
40000.0,100.0,0.0025,104.4198822590058,36.63093981288878,0.323,post-control
40000.0,100.0,0.0025,104.49005691106159,36.46246573413705,0.323,post-control
40000.0,100.0,0.0025,104.56023156311737,36.29399165538531,0.323,post-control
40000.0,100.0,0.0025,104.63040621517315,36.12551757663358,0.323,post-control
40000.0,100.0,0.0025,104.70058086722894,35.95704349788184,0.323,post-control
40000.0,100.0,0.0025,104.77075551928472,35.788569419130106,0.323,post-control
40000.0,100.0,0.0025,104.8409301713405,35.62009534037837,0.323,post-control
40000.0,100.0,0.0025,104.91110482339629,35.451621261626634,0.323,post-control
40000.0,100.0,0.0025,104.98127947545207,35.2831471828749,0.323,post-control
40000.0,100.0,0.0025,105.0206239216918,35.18868972366348,0.323,post-control
40000.0,100.0,0.0025,105.05145412750785,35.118283212283224,0.323,post-control
40000.0,100.0,0.0025,105.12162877956364,34.95802633731947,0.323,post-control
40000.0,100.0,0.0025,105.19180343161942,34.79776946235571,0.323,post-control
40000.0,100.0,0.0025,105.2619780836752,34.63751258739195,0.323,post-control
40000.0,100.0,0.0025,105.33215273573099,34.477255712428196,0.323,post-control
40000.0,100.0,0.0025,105.40232738778677,34.31699883746444,0.323,post-control
40000.0,100.0,0.0025,105.47250203984255,34.15674196250068,0.323,post-control
40000.0,100.0,0.0025,105.54267669189834,33.996485087536925,0.323,post-control
40000.0,100.0,0.0025,105.61285134395412,33.836228212573175,0.323,post-control
40000.0,100.0,0.0025,105.6830259960099,33.67597133760942,0.323,post-control
40000.0,100.0,0.0025,105.75320064806569,33.51571446264566,0.323,post-control
40000.0,100.0,0.0025,105.82337530012147,33.355457587681904,0.323,post-control
40000.0,100.0,0.0025,105.89354995217725,33.19520071271815,0.323,post-control
40000.0,100.0,0.0025,105.96372460423304,33.03494383775439,0.323,post-control
40000.0,100.0,0.0025,106.0206239216918,32.90500365940819,0.323,post-control
40000.0,100.0,0.0025,106.03389925628882,32.87623597271553,0.323,post-control
40000.0,100.0,0.0025,106.1040739083446,32.72416730812912,0.323,post-control
40000.0,100.0,0.0025,106.17424856040039,32.57209864354271,0.323,post-control
40000.0,100.0,0.0025,106.24442321245617,32.4200299789563,0.323,post-control
40000.0,100.0,0.0025,106.31459786451195,32.26796131436989,0.323,post-control
40000.0,100.0,0.0025,106.38477251656774,32.11589264978348,0.323,post-control
40000.0,100.0,0.0025,106.45494716862352,31.96382398519707,0.323,post-control
40000.0,100.0,0.0025,106.5251218206793,31.81175532061066,0.323,post-control
40000.0,100.0,0.0025,106.59529647273509,31.659686656024252,0.323,post-control
40000.0,100.0,0.0025,106.66547112479087,31.507617991437844,0.323,post-control
40000.0,100.0,0.0025,106.73564577684665,31.355549326851435,0.323,post-control
40000.0,100.0,0.0025,106.80582042890244,31.203480662265026,0.323,post-control
40000.0,100.0,0.0025,106.87599508095822,31.051411997678617,0.323,post-control
40000.0,100.0,0.0025,106.946169733014,30.899343333092208,0.323,post-control
40000.0,100.0,0.0025,107.01634438506979,30.7472746685058,0.323,post-control
40000.0,100.0,0.0025,107.0206239216918,30.738000900840518,0.323,post-control
40000.0,100.0,0.0025,107.08651903712557,30.602806197986116,0.323,post-control
40000.0,100.0,0.0025,107.15669368918135,30.458831319573054,0.323,post-control
40000.0,100.0,0.0025,107.22686834123714,30.314856441159993,0.323,post-control
40000.0,100.0,0.0025,107.29704299329292,30.170881562746928,0.323,post-control
40000.0,100.0,0.0025,107.3672176453487,30.026906684333866,0.323,post-control
40000.0,100.0,0.0025,107.43739229740449,29.8829318059208,0.323,post-control
40000.0,100.0,0.0025,107.50756694946027,29.73895692750774,0.323,post-control
40000.0,100.0,0.0025,107.57774160151605,29.594982049094675,0.323,post-control
40000.0,100.0,0.0025,107.64791625357184,29.451007170681613,0.323,post-control
40000.0,100.0,0.0025,107.71809090562762,29.30703229226855,0.323,post-control
40000.0,100.0,0.0025,107.7882655576834,29.163057413855487,0.323,post-control
40000.0,100.0,0.0025,107.85844020973919,29.019082535442422,0.323,post-control
40000.0,100.0,0.0025,107.92861486179497,28.87510765702936,0.323,post-control
40000.0,100.0,0.0025,107.99878951385075,28.7311327786163,0.323,post-control
40000.0,100.0,0.0025,108.0206239216918,28.686335887972135,0.323,post-control
40000.0,100.0,0.0025,108.06896416590654,28.59263272433785,0.323,post-control
40000.0,100.0,0.0025,108.13913881796232,28.45660554840239,0.323,post-control
40000.0,100.0,0.0025,108.2093134700181,28.320578372466926,0.323,post-control
40000.0,100.0,0.0025,108.27948812207389,28.184551196531462,0.323,post-control
40000.0,100.0,0.0025,108.34966277412967,28.048524020596002,0.323,post-control
40000.0,100.0,0.0025,108.41983742618545,27.912496844660538,0.323,post-control
40000.0,100.0,0.0025,108.49001207824124,27.776469668725078,0.323,post-control
40000.0,100.0,0.0025,108.56018673029702,27.640442492789614,0.323,post-control
40000.0,100.0,0.0025,108.6303613823528,27.50441531685415,0.323,post-control
40000.0,100.0,0.0025,108.70053603440859,27.36838814091869,0.323,post-control
40000.0,100.0,0.0025,108.77071068646437,27.232360964983226,0.323,post-control
40000.0,100.0,0.0025,108.84088533852015,27.096333789047762,0.323,post-control
40000.0,100.0,0.0025,108.91105999057594,26.9603066131123,0.323,post-control
40000.0,100.0,0.0025,108.98123464263172,26.824279437176838,0.323,post-control
40000.0,100.0,0.0025,109.0206239216918,26.747926904806366,0.323,post-control
40000.0,100.0,0.0025,109.0514092946875,26.69165314728494,0.323,post-control
40000.0,100.0,0.0025,109.12158394674329,26.56337822417492,0.323,post-control
40000.0,100.0,0.0025,109.19175859879907,26.4351033010649,0.323,post-control
40000.0,100.0,0.0025,109.26193325085485,26.306828377954883,0.323,post-control
40000.0,100.0,0.0025,109.33210790291064,26.178553454844863,0.323,post-control
40000.0,100.0,0.0025,109.40228255496642,26.050278531734843,0.323,post-control
40000.0,100.0,0.0025,109.4724572070222,25.922003608624827,0.323,post-control
40000.0,100.0,0.0025,109.54263185907799,25.793728685514807,0.323,post-control
40000.0,100.0,0.0025,109.61280651113377,25.665453762404788,0.323,post-control
40000.0,100.0,0.0025,109.68298116318955,25.53717883929477,0.323,post-control
40000.0,100.0,0.0025,109.75315581524534,25.40890391618475,0.323,post-control
40000.0,100.0,0.0025,109.82333046730112,25.280628993074735,0.323,post-control
40000.0,100.0,0.0025,109.8935051193569,25.152354069964716,0.323,post-control
40000.0,100.0,0.0025,109.96367977141269,25.024079146854696,0.323,post-control
40000.0,100.0,0.0025,110.0206239216918,24.919988762583017,0.323,post-control
40000.0,100.0,0.0025,110.03385442346847,24.897222236790455,0.323,post-control
40000.0,100.0,0.0025,110.10402907552425,24.776468462445436,0.323,post-control
40000.0,100.0,0.0025,110.17420372758004,24.655714688100417,0.323,post-control
40000.0,100.0,0.0025,110.24437837963582,24.5349609137554,0.323,post-control
40000.0,100.0,0.0025,110.3145530316916,24.414207139410376,0.323,post-control
40000.0,100.0,0.0025,110.38472768374739,24.293453365065357,0.323,post-control
40000.0,100.0,0.0025,110.45490233580317,24.172699590720338,0.323,post-control
40000.0,100.0,0.0025,110.52507698785895,24.05194581637532,0.323,post-control
40000.0,100.0,0.0025,110.59525163991474,23.9311920420303,0.323,post-control
40000.0,100.0,0.0025,110.66542629197052,23.810438267685278,0.323,post-control
40000.0,100.0,0.0025,110.7356009440263,23.68968449334026,0.323,post-control
40000.0,100.0,0.0025,110.80577559608209,23.56893071899524,0.323,post-control
40000.0,100.0,0.0025,110.87595024813787,23.44817694465022,0.323,post-control
40000.0,100.0,0.0025,110.94612490019365,23.327423170305202,0.323,post-control
40000.0,100.0,0.0025,111.01629955224944,23.206669395960184,0.323,post-control
40000.0,100.0,0.0025,111.0206239216918,23.1992281915291,0.323,post-control
40000.0,100.0,0.0025,111.08647420430522,23.092731663522308,0.323,post-control
40000.0,100.0,0.0025,111.156648856361,22.979241538629477,0.323,post-control
40000.0,100.0,0.0025,111.22682350841679,22.865751413736646,0.323,post-control
40000.0,100.0,0.0025,111.29699816047257,22.75226128884382,0.323,post-control
40000.0,100.0,0.0025,111.36717281252835,22.638771163950988,0.323,post-control
40000.0,100.0,0.0025,111.43734746458415,22.525281039058136,0.323,post-control
40000.0,100.0,0.0025,111.50752211663993,22.411790914165305,0.323,post-control
40000.0,100.0,0.0025,111.57769676869572,22.298300789272478,0.323,post-control
40000.0,100.0,0.0025,111.6478714207515,22.184810664379647,0.323,post-control
40000.0,100.0,0.0025,111.71804607280728,22.071320539486816,0.323,post-control
40000.0,100.0,0.0025,111.78822072486307,21.957830414593985,0.323,post-control
40000.0,100.0,0.0025,111.85839537691885,21.844340289701158,0.323,post-control
40000.0,100.0,0.0025,111.92857002897463,21.730850164808327,0.323,post-control
40000.0,100.0,0.0025,111.99874468103042,21.617360039915496,0.323,post-control
40000.0,100.0,0.0025,112.0206239216918,21.58197578530963,0.323,post-control
40000.0,100.0,0.0025,112.0689193330862,21.50867824826202,0.323,post-control
40000.0,100.0,0.0025,112.13909398514198,21.402174772872677,0.323,post-control
40000.0,100.0,0.0025,112.20926863719777,21.295671297483338,0.323,post-control
40000.0,100.0,0.0025,112.27944328925355,21.189167822093996,0.323,post-control
40000.0,100.0,0.0025,112.34961794130933,21.082664346704657,0.323,post-control
40000.0,100.0,0.0025,112.41979259336512,20.97616087131532,0.323,post-control
40000.0,100.0,0.0025,112.4899672454209,20.869657395925977,0.323,post-control
40000.0,100.0,0.0025,112.56014189747668,20.763153920536638,0.323,post-control
40000.0,100.0,0.0025,112.63031654953247,20.656650445147296,0.323,post-control
40000.0,100.0,0.0025,112.70049120158825,20.550146969757957,0.323,post-control
40000.0,100.0,0.0025,112.77066585364403,20.44364349436862,0.323,post-control
40000.0,100.0,0.0025,112.84084050569982,20.337140018979277,0.323,post-control
40000.0,100.0,0.0025,112.9110151577556,20.230636543589938,0.323,post-control
40000.0,100.0,0.0025,112.98118980981138,20.1241330682006,0.323,post-control
40000.0,100.0,0.0025,113.0206239216918,20.064284250413554,0.323,post-control
40000.0,100.0,0.0025,113.05136446186717,20.02056101164703,0.323,post-control
40000.0,100.0,0.0025,113.12153911392295,19.920749393188522,0.323,post-control
40000.0,100.0,0.0025,113.19171376597873,19.820937774730016,0.323,post-control
40000.0,100.0,0.0025,113.26188841803452,19.72112615627151,0.323,post-control
40000.0,100.0,0.0025,113.3320630700903,19.621314537813003,0.323,post-control
40000.0,100.0,0.0025,113.40223772214608,19.521502919354496,0.323,post-control
40000.0,100.0,0.0025,113.47241237420187,19.42169130089599,0.323,post-control
40000.0,100.0,0.0025,113.54258702625765,19.321879682437483,0.323,post-control
40000.0,100.0,0.0025,113.61276167831343,19.222068063978977,0.323,post-control
40000.0,100.0,0.0025,113.68293633036922,19.12225644552047,0.323,post-control
40000.0,100.0,0.0025,113.753110982425,19.022444827061964,0.323,post-control
40000.0,100.0,0.0025,113.82328563448078,18.922633208603457,0.323,post-control
40000.0,100.0,0.0025,113.89346028653657,18.82282159014495,0.323,post-control
40000.0,100.0,0.0025,113.96363493859235,18.723009971686444,0.323,post-control
40000.0,100.0,0.0025,114.0206239216918,18.641952745596626,0.323,post-control
40000.0,100.0,0.0025,114.03380959064813,18.62439874743847,0.323,post-control
40000.0,100.0,0.0025,114.10398424270392,18.53097567447831,0.323,post-control
40000.0,100.0,0.0025,114.1741588947597,18.43755260151815,0.323,post-control
40000.0,100.0,0.0025,114.24433354681548,18.34412952855799,0.323,post-control
40000.0,100.0,0.0025,114.31450819887127,18.25070645559783,0.323,post-control
40000.0,100.0,0.0025,114.38468285092705,18.15728338263767,0.323,post-control
40000.0,100.0,0.0025,114.45485750298283,18.06386030967751,0.323,post-control
40000.0,100.0,0.0025,114.52503215503862,17.97043723671735,0.323,post-control
40000.0,100.0,0.0025,114.5952068070944,17.877014163757188,0.323,post-control
40000.0,100.0,0.0025,114.66538145915018,17.783591090797028,0.323,post-control
40000.0,100.0,0.0025,114.73555611120597,17.690168017836868,0.323,post-control
40000.0,100.0,0.0025,114.80573076326175,17.596744944876708,0.323,post-control
40000.0,100.0,0.0025,114.87590541531753,17.503321871916548,0.323,post-control
40000.0,100.0,0.0025,114.94608006737332,17.409898798956387,0.323,post-control
40000.0,100.0,0.0025,115.0162547194291,17.316475725996227,0.323,post-control
40000.0,100.0,0.0025,115.0206239216918,17.3106590345014,0.323,post-control
40000.0,100.0,0.0025,115.08642937148488,17.228755777879925,0.323,post-control
40000.0,100.0,0.0025,115.15660402354067,17.14141449302101,0.323,post-control
40000.0,100.0,0.0025,115.22677867559645,17.05407320816209,0.323,post-control
40000.0,100.0,0.0025,115.29695332765223,16.966731923303175,0.323,post-control
40000.0,100.0,0.0025,115.36712797970802,16.87939063844426,0.323,post-control
40000.0,100.0,0.0025,115.4373026317638,16.79204935358534,0.323,post-control
40000.0,100.0,0.0025,115.50747728381958,16.704708068726426,0.323,post-control
40000.0,100.0,0.0025,115.57765193587537,16.617366783867507,0.323,post-control
40000.0,100.0,0.0025,115.64782658793115,16.53002549900859,0.323,post-control
40000.0,100.0,0.0025,115.71800123998693,16.442684214149676,0.323,post-control
40000.0,100.0,0.0025,115.78817589204272,16.355342929290757,0.323,post-control
40000.0,100.0,0.0025,115.8583505440985,16.26800164443184,0.323,post-control
40000.0,100.0,0.0025,115.92852519615428,16.180660359572922,0.323,post-control
40000.0,100.0,0.0025,115.99869984821007,16.093319074714007,0.323,post-control
40000.0,100.0,0.0025,116.0206239216918,16.066031775224253,0.323,post-control
40000.0,100.0,0.0025,116.06887450026585,16.00994757208584,0.323,post-control
40000.0,100.0,0.0025,116.13904915232163,15.928379857099303,0.323,post-control
40000.0,100.0,0.0025,116.20922380437742,15.846812142112766,0.323,post-control
40000.0,100.0,0.0025,116.2793984564332,15.765244427126229,0.323,post-control
40000.0,100.0,0.0025,116.34957310848898,15.683676712139691,0.323,post-control
40000.0,100.0,0.0025,116.41974776054477,15.602108997153156,0.323,post-control
40000.0,100.0,0.0025,116.48992241260055,15.520541282166619,0.323,post-control
40000.0,100.0,0.0025,116.56009706465633,15.438973567180081,0.323,post-control
40000.0,100.0,0.0025,116.63027171671212,15.357405852193544,0.323,post-control
40000.0,100.0,0.0025,116.7004463687679,15.275838137207009,0.323,post-control
40000.0,100.0,0.0025,116.77062102082368,15.194270422220471,0.323,post-control
40000.0,100.0,0.0025,116.84079567287947,15.112702707233934,0.323,post-control
40000.0,100.0,0.0025,116.91097032493525,15.031134992247397,0.323,post-control
40000.0,100.0,0.0025,116.98114497699103,14.949567277260861,0.323,post-control
40000.0,100.0,0.0025,117.0206239216918,14.903678808775672,0.323,post-control
40000.0,100.0,0.0025,117.05131962904682,14.870390377584895,0.323,post-control
40000.0,100.0,0.0025,117.1214942811026,14.794288398592272,0.323,post-control
40000.0,100.0,0.0025,117.19166893315838,14.718186419599649,0.323,post-control
40000.0,100.0,0.0025,117.26184358521417,14.642084440607027,0.323,post-control
40000.0,100.0,0.0025,117.33201823726995,14.565982461614404,0.323,post-control
40000.0,100.0,0.0025,117.40219288932573,14.48988048262178,0.323,post-control
40000.0,100.0,0.0025,117.47236754138152,14.413778503629157,0.323,post-control
40000.0,100.0,0.0025,117.5425421934373,14.337676524636535,0.323,post-control
40000.0,100.0,0.0025,117.61271684549308,14.261574545643912,0.323,post-control
40000.0,100.0,0.0025,117.68289149754887,14.185472566651288,0.323,post-control
40000.0,100.0,0.0025,117.75306614960465,14.109370587658665,0.323,post-control
40000.0,100.0,0.0025,117.82324080166043,14.033268608666042,0.323,post-control
40000.0,100.0,0.0025,117.89341545371622,13.95716662967342,0.323,post-control
40000.0,100.0,0.0025,117.963590105772,13.881064650680797,0.323,post-control
40000.0,100.0,0.0025,118.0206239216918,13.819213453220678,0.323,post-control
40000.0,100.0,0.0025,118.03376475782778,13.805929728357322,0.323,post-control
40000.0,100.0,0.0025,118.10393940988357,13.734992022366317,0.323,post-control
40000.0,100.0,0.0025,118.17411406193935,13.664054316375314,0.323,post-control
40000.0,100.0,0.0025,118.24428871399513,13.593116610384309,0.323,post-control
40000.0,100.0,0.0025,118.31446336605092,13.522178904393304,0.323,post-control
40000.0,100.0,0.0025,118.3846380181067,13.451241198402299,0.323,post-control
40000.0,100.0,0.0025,118.45481267016248,13.380303492411294,0.323,post-control
40000.0,100.0,0.0025,118.52498732221827,13.309365786420289,0.323,post-control
40000.0,100.0,0.0025,118.59516197427406,13.23842808042927,0.323,post-control
40000.0,100.0,0.0025,118.66533662632985,13.167490374438264,0.323,post-control
40000.0,100.0,0.0025,118.73551127838563,13.09655266844726,0.323,post-control
40000.0,100.0,0.0025,118.80568593044141,13.025614962456254,0.323,post-control
40000.0,100.0,0.0025,118.8758605824972,12.95467725646525,0.323,post-control
40000.0,100.0,0.0025,118.94603523455298,12.883739550474244,0.323,post-control
40000.0,100.0,0.0025,119.01620988660876,12.81280184448324,0.323,post-control
40000.0,100.0,0.0025,119.0206239216918,12.808339812769779,0.323,post-control
40000.0,100.0,0.0025,119.08638453866455,12.746427532810369,0.323,post-control
40000.0,100.0,0.0025,119.15655919072033,12.680359528826587,0.323,post-control
40000.0,100.0,0.0025,119.22673384277611,12.614291524842805,0.323,post-control
40000.0,100.0,0.0025,119.2969084948319,12.548223520859022,0.323,post-control
40000.0,100.0,0.0025,119.36708314688768,12.48215551687524,0.323,post-control
40000.0,100.0,0.0025,119.43725779894346,12.416087512891458,0.323,post-control
40000.0,100.0,0.0025,119.50743245099925,12.350019508907677,0.323,post-control
40000.0,100.0,0.0025,119.57760710305503,12.283951504923893,0.323,post-control
40000.0,100.0,0.0025,119.64778175511081,12.217883500940111,0.323,post-control
40000.0,100.0,0.0025,119.7179564071666,12.15181549695633,0.323,post-control
40000.0,100.0,0.0025,119.78813105922238,12.085747492972548,0.323,post-control
40000.0,100.0,0.0025,119.85830571127816,12.019679488988764,0.323,post-control
40000.0,100.0,0.0025,119.92848036333395,11.953611485004982,0.323,post-control
40000.0,100.0,0.0025,119.99865501538973,11.8875434810212,0.323,post-control
40000.0,100.0,0.0025,120.0206239216918,11.866860203704338,0.323,post-control
40000.0,100.0,0.0025,120.06882966744551,11.824623305005904,0.323,post-control
40000.0,100.0,0.0025,120.1390043195013,11.76313769527754,0.323,post-control
40000.0,100.0,0.0025,120.20917897155708,11.701652085549178,0.323,post-control
40000.0,100.0,0.0025,120.27935362361286,11.640166475820815,0.323,post-control
40000.0,100.0,0.0025,120.34952827566865,11.578680866092451,0.323,post-control
40000.0,100.0,0.0025,120.41970292772443,11.517195256364086,0.323,post-control
40000.0,100.0,0.0025,120.48987757978021,11.455709646635723,0.323,post-control
40000.0,100.0,0.0025,120.560052231836,11.39422403690736,0.323,post-control
40000.0,100.0,0.0025,120.63022688389178,11.332738427178997,0.323,post-control
40000.0,100.0,0.0025,120.70040153594756,11.271252817450632,0.323,post-control
40000.0,100.0,0.0025,120.77057618800335,11.209767207722269,0.323,post-control
40000.0,100.0,0.0025,120.84075084005913,11.148281597993906,0.323,post-control
40000.0,100.0,0.0025,120.91092549211491,11.086795988265543,0.323,post-control
40000.0,100.0,0.0025,120.9811001441707,11.02531037853718,0.323,post-control
40000.0,100.0,0.0025,121.0206239216918,10.990680444672725,0.323,post-control
40000.0,100.0,0.0025,121.05127479622648,10.965704971603909,0.323,post-control
40000.0,100.0,0.0025,121.12144944828226,10.908524053958335,0.323,post-control
40000.0,100.0,0.0025,121.19162410033805,10.85134313631276,0.323,post-control
40000.0,100.0,0.0025,121.26179875239383,10.794162218667186,0.323,post-control
40000.0,100.0,0.0025,121.33197340444961,10.736981301021611,0.323,post-control
40000.0,100.0,0.0025,121.4021480565054,10.679800383376037,0.323,post-control
40000.0,100.0,0.0025,121.47232270856118,10.622619465730462,0.323,post-control
40000.0,100.0,0.0025,121.54249736061696,10.565438548084888,0.323,post-control
40000.0,100.0,0.0025,121.61267201267275,10.508257630439312,0.323,post-control
40000.0,100.0,0.0025,121.68284666472853,10.451076712793737,0.323,post-control
40000.0,100.0,0.0025,121.75302131678431,10.393895795148163,0.323,post-control
40000.0,100.0,0.0025,121.8231959688401,10.336714877502589,0.323,post-control
40000.0,100.0,0.0025,121.89337062089588,10.279533959857014,0.323,post-control
40000.0,100.0,0.0025,121.96354527295166,10.22235304221144,0.323,post-control
40000.0,100.0,0.0025,122.0206239216918,10.175843235360732,0.323,post-control
40000.0,100.0,0.0025,122.03371992500745,10.165925854305772,0.323,post-control
40000.0,100.0,0.0025,122.10389457706323,10.112783781257836,0.323,post-control
40000.0,100.0,0.0025,122.17406922911901,10.059641708209897,0.323,post-control
40000.0,100.0,0.0025,122.2442438811748,10.00649963516196,0.323,post-control
40000.0,100.0,0.0025,122.31441853323058,9.953357562114023,0.323,post-control
40000.0,100.0,0.0025,122.38459318528636,9.900215489066087,0.323,post-control
40000.0,100.0,0.0025,122.45476783734215,9.84707341601815,0.323,post-control
40000.0,100.0,0.0025,122.52494248939793,9.793931342970211,0.323,post-control
40000.0,100.0,0.0025,122.59511714145371,9.740789269922274,0.323,post-control
40000.0,100.0,0.0025,122.6652917935095,9.687647196874337,0.323,post-control
40000.0,100.0,0.0025,122.73546644556528,9.6345051238264,0.323,post-control
40000.0,100.0,0.0025,122.80564109762106,9.581363050778464,0.323,post-control
40000.0,100.0,0.0025,122.87581574967685,9.528220977730527,0.323,post-control
40000.0,100.0,0.0025,122.94599040173263,9.475078904682588,0.323,post-control
40000.0,100.0,0.0025,123.01616505378841,9.421936831634651,0.323,post-control
40000.0,100.0,0.0025,123.0206239216918,9.418560206644132,0.323,post-control
40000.0,100.0,0.0025,123.0863397058442,9.372337857461533,0.323,post-control
40000.0,100.0,0.0025,123.15651435789998,9.322979285347909,0.323,post-control
40000.0,100.0,0.0025,123.22668900995576,9.273620713234283,0.323,post-control
40000.0,100.0,0.0025,123.29686366201155,9.224262141120658,0.323,post-control
40000.0,100.0,0.0025,123.36703831406733,9.174903569007032,0.323,post-control
40000.0,100.0,0.0025,123.43721296612311,9.125544996893408,0.323,post-control
40000.0,100.0,0.0025,123.5073876181789,9.076186424779783,0.323,post-control
40000.0,100.0,0.0025,123.57756227023468,9.026827852666157,0.323,post-control
40000.0,100.0,0.0025,123.64773692229046,8.977469280552532,0.323,post-control
40000.0,100.0,0.0025,123.71791157434625,8.928110708438908,0.323,post-control
40000.0,100.0,0.0025,123.78808622640203,8.878752136325282,0.323,post-control
40000.0,100.0,0.0025,123.85826087845781,8.829393564211657,0.323,post-control
40000.0,100.0,0.0025,123.9284355305136,8.780034992098031,0.323,post-control
40000.0,100.0,0.0025,123.99861018256938,8.730676419984405,0.323,post-control
40000.0,100.0,0.0025,124.0206239216918,8.715192670537377,0.323,post-control
40000.0,100.0,0.0025,124.06878483462516,8.683746575991345,0.323,post-control
40000.0,100.0,0.0025,124.13895948668095,8.637926872649464,0.323,post-control
40000.0,100.0,0.0025,124.20913413873673,8.592107169307582,0.323,post-control
40000.0,100.0,0.0025,124.27930879079251,8.546287465965701,0.323,post-control
40000.0,100.0,0.0025,124.3494834428483,8.50046776262382,0.323,post-control
40000.0,100.0,0.0025,124.41965809490408,8.45464805928194,0.323,post-control
40000.0,100.0,0.0025,124.48983274695986,8.40882835594006,0.323,post-control
40000.0,100.0,0.0025,124.56000739901565,8.363008652598179,0.323,post-control
40000.0,100.0,0.0025,124.63018205107143,8.317188949256298,0.323,post-control
40000.0,100.0,0.0025,124.70035670312721,8.271369245914418,0.323,post-control
40000.0,100.0,0.0025,124.770531355183,8.225549542572537,0.323,post-control
40000.0,100.0,0.0025,124.84070600723878,8.179729839230657,0.323,post-control
40000.0,100.0,0.0025,124.91088065929456,8.133910135888774,0.323,post-control
40000.0,100.0,0.0025,124.98105531135035,8.088090432546894,0.323,post-control
40000.0,100.0,0.0025,125.0206239216918,8.062254579651544,0.323,post-control
40000.0,100.0,0.0025,125.05122996340613,8.043713141354061,0.323,post-control
40000.0,100.0,0.0025,125.12140461546191,8.001200653353036,0.323,post-control
40000.0,100.0,0.0025,125.1915792675177,7.9586881653520125,0.323,post-control
40000.0,100.0,0.0025,125.26175391957348,7.916175677350988,0.323,post-control
40000.0,100.0,0.0025,125.33192857162926,7.873663189349963,0.323,post-control
40000.0,100.0,0.0025,125.40210322368505,7.831150701348938,0.323,post-control
40000.0,100.0,0.0025,125.47227787574083,7.788638213347913,0.323,post-control
40000.0,100.0,0.0025,125.54245252779661,7.7461257253468885,0.323,post-control
40000.0,100.0,0.0025,125.6126271798524,7.703613237345863,0.323,post-control
40000.0,100.0,0.0025,125.68280183190818,7.661100749344838,0.323,post-control
40000.0,100.0,0.0025,125.75297648396398,7.618588261343805,0.323,post-control
40000.0,100.0,0.0025,125.82315113601976,7.57607577334278,0.323,post-control
40000.0,100.0,0.0025,125.89332578807554,7.533563285341756,0.323,post-control
40000.0,100.0,0.0025,125.96350044013133,7.49105079734073,0.323,post-control
40000.0,100.0,0.0025,126.0206239216918,7.456444835597084,0.323,post-control
40000.0,100.0,0.0025,126.03367509218711,7.449112561905505,0.323,post-control
40000.0,100.0,0.0025,126.1038497442429,7.409687764315971,0.323,post-control
40000.0,100.0,0.0025,126.17402439629868,7.370262966726438,0.323,post-control
40000.0,100.0,0.0025,126.24419904835446,7.3308381691369044,0.323,post-control
40000.0,100.0,0.0025,126.31437370041024,7.29141337154737,0.323,post-control
40000.0,100.0,0.0025,126.38454835246603,7.251988573957837,0.323,post-control
40000.0,100.0,0.0025,126.45472300452181,7.212563776368303,0.323,post-control
40000.0,100.0,0.0025,126.5248976565776,7.17313897877877,0.323,post-control
40000.0,100.0,0.0025,126.59507230863338,7.1337141811892355,0.323,post-control
40000.0,100.0,0.0025,126.66524696068916,7.094289383599702,0.323,post-control
40000.0,100.0,0.0025,126.73542161274494,7.054864586010169,0.323,post-control
40000.0,100.0,0.0025,126.80559626480073,7.015439788420634,0.323,post-control
40000.0,100.0,0.0025,126.87577091685651,6.976014990831101,0.323,post-control
40000.0,100.0,0.0025,126.9459455689123,6.9365901932415674,0.323,post-control
40000.0,100.0,0.0025,127.01612022096808,6.897165395652034,0.323,post-control
40000.0,100.0,0.0025,127.0206239216918,6.894635173068312,0.323,post-control
40000.0,100.0,0.0025,127.08629487302386,6.860434898097056,0.323,post-control
40000.0,100.0,0.0025,127.15646952507964,6.823889175100226,0.323,post-control
40000.0,100.0,0.0025,127.22664417713543,6.787343452103396,0.323,post-control
40000.0,100.0,0.0025,127.29681882919121,6.750797729106567,0.323,post-control
40000.0,100.0,0.0025,127.366993481247,6.714252006109737,0.323,post-control
40000.0,100.0,0.0025,127.43716813330278,6.677706283112908,0.323,post-control
40000.0,100.0,0.0025,127.50734278535856,6.641160560116078,0.323,post-control
40000.0,100.0,0.0025,127.57751743741434,6.604614837119248,0.323,post-control
40000.0,100.0,0.0025,127.64769208947013,6.568069114122419,0.323,post-control
40000.0,100.0,0.0025,127.71786674152591,6.531523391125589,0.323,post-control
40000.0,100.0,0.0025,127.7880413935817,6.494977668128759,0.323,post-control
40000.0,100.0,0.0025,127.85821604563748,6.458431945131929,0.323,post-control
40000.0,100.0,0.0025,127.92839069769326,6.421886222135099,0.323,post-control
40000.0,100.0,0.0025,127.99856534974904,6.38534049913827,0.323,post-control
40000.0,100.0,0.0025,128.0206239216918,6.373852783327658,0.323,post-control
40000.0,100.0,0.0025,128.06874000180483,6.350633621061247,0.323,post-control
40000.0,100.0,0.0025,128.1389146538606,6.316769752075151,0.323,post-control
40000.0,100.0,0.0025,128.2090893059164,6.2829058830890565,0.323,post-control
40000.0,100.0,0.0025,128.27926395797218,6.249042014102962,0.323,post-control
40000.0,100.0,0.0025,128.34943861002796,6.215178145116866,0.323,post-control
40000.0,100.0,0.0025,128.41961326208374,6.181314276130771,0.323,post-control
40000.0,100.0,0.0025,128.48978791413953,6.147450407144676,0.323,post-control
40000.0,100.0,0.0025,128.5599625661953,6.113586538158581,0.323,post-control
40000.0,100.0,0.0025,128.6301372182511,6.079722669172486,0.323,post-control
40000.0,100.0,0.0025,128.70031187030688,6.045858800186391,0.323,post-control
40000.0,100.0,0.0025,128.77048652236266,6.011994931200296,0.323,post-control
40000.0,100.0,0.0025,128.84066117441844,5.978131062214201,0.323,post-control
40000.0,100.0,0.0025,128.91083582647423,5.9442671932281055,0.323,post-control
40000.0,100.0,0.0025,128.98101047853,5.910403324242011,0.323,post-control
40000.0,100.0,0.0025,129.0206239216918,5.891287241582243,0.323,post-control
40000.0,100.0,0.0025,129.0511851305858,5.877627035015138,0.323,post-control
40000.0,100.0,0.0025,129.12135978264158,5.8462604668213976,0.323,post-control
40000.0,100.0,0.0025,129.19153443469736,5.814893898627657,0.323,post-control
40000.0,100.0,0.0025,129.26170908675314,5.783527330433917,0.323,post-control
40000.0,100.0,0.0025,129.33188373880893,5.752160762240177,0.323,post-control
40000.0,100.0,0.0025,129.4020583908647,5.720794194046437,0.323,post-control
40000.0,100.0,0.0025,129.4722330429205,5.689427625852697,0.323,post-control
40000.0,100.0,0.0025,129.54240769497628,5.658061057658957,0.323,post-control
40000.0,100.0,0.0025,129.61258234703206,5.626694489465216,0.323,post-control
40000.0,100.0,0.0025,129.68275699908784,5.595327921271476,0.323,post-control
40000.0,100.0,0.0025,129.75293165114363,5.563961353077737,0.323,post-control
40000.0,100.0,0.0025,129.8231063031994,5.5325947848839965,0.323,post-control
40000.0,100.0,0.0025,129.8932809552552,5.501228216690256,0.323,post-control
40000.0,100.0,0.0025,129.96345560731098,5.469861648496516,0.323,post-control
40000.0,100.0,0.0025,130.0206239216918,5.444308634993554,0.323,post-control
40000.0,100.0,0.0025,130.03363025936676,5.438925685874111,0.323,post-control
40000.0,100.0,0.0025,130.10380491142254,5.409882415513848,0.323,post-control
40000.0,100.0,0.0025,130.17397956347833,5.380839145153584,0.323,post-control
40000.0,100.0,0.0025,130.2441542155341,5.351795874793321,0.323,post-control
40000.0,100.0,0.0025,130.3143288675899,5.322752604433058,0.323,post-control
40000.0,100.0,0.0025,130.38450351964568,5.293709334072795,0.323,post-control
40000.0,100.0,0.0025,130.45467817170146,5.264666063712531,0.323,post-control
40000.0,100.0,0.0025,130.52485282375724,5.2356227933522685,0.323,post-control
40000.0,100.0,0.0025,130.59502747581303,5.206579522992005,0.323,post-control
40000.0,100.0,0.0025,130.6652021278688,5.177536252631742,0.323,post-control
40000.0,100.0,0.0025,130.7353767799246,5.1484929822714784,0.323,post-control
40000.0,100.0,0.0025,130.80555143198038,5.119449711911216,0.323,post-control
40000.0,100.0,0.0025,130.87572608403616,5.090406441550952,0.323,post-control
40000.0,100.0,0.0025,130.94590073609194,5.061363171190689,0.323,post-control
40000.0,100.0,0.0025,131.01607538814773,5.032319900830426,0.323,post-control
40000.0,100.0,0.0025,131.0206239216918,5.03043739360605,0.323,post-control
40000.0,100.0,0.0025,131.0862500402035,5.005295891700428,0.323,post-control
40000.0,100.0,0.0025,131.1564246922593,4.978411837174609,0.323,post-control
40000.0,100.0,0.0025,131.22659934431508,4.951527782648791,0.323,post-control
40000.0,100.0,0.0025,131.29677399637086,4.924643728122972,0.323,post-control
40000.0,100.0,0.0025,131.36694864842664,4.897759673597153,0.323,post-control
40000.0,100.0,0.0025,131.43712330048243,4.8708756190713345,0.323,post-control
40000.0,100.0,0.0025,131.5072979525382,4.843991564545515,0.323,post-control
40000.0,100.0,0.0025,131.577472604594,4.817107510019697,0.323,post-control
40000.0,100.0,0.0025,131.64764725664978,4.790223455493878,0.323,post-control
40000.0,100.0,0.0025,131.71782190870556,4.763339400968059,0.323,post-control
40000.0,100.0,0.0025,131.78799656076134,4.7364553464422405,0.323,post-control
40000.0,100.0,0.0025,131.85817121281713,4.709571291916421,0.323,post-control
40000.0,100.0,0.0025,131.9283458648729,4.682687237390603,0.323,post-control
40000.0,100.0,0.0025,131.9985205169287,4.6558031828647835,0.323,post-control
40000.0,100.0,0.0025,132.0206239216918,4.647335322726552,0.323,post-control
40000.0,100.0,0.0025,132.06869516898448,4.630293020419626,0.323,post-control
40000.0,100.0,0.0025,132.13886982104026,4.605414580562709,0.323,post-control
40000.0,100.0,0.0025,132.20904447309604,4.580536140705791,0.323,post-control
40000.0,100.0,0.0025,132.27921912515183,4.555657700848873,0.323,post-control
40000.0,100.0,0.0025,132.3493937772076,4.530779260991956,0.323,post-control
40000.0,100.0,0.0025,132.4195684292634,4.505900821135039,0.323,post-control
40000.0,100.0,0.0025,132.48974308131918,4.481022381278121,0.323,post-control
40000.0,100.0,0.0025,132.55991773337496,4.456143941421203,0.323,post-control
40000.0,100.0,0.0025,132.63009238543074,4.431265501564286,0.323,post-control
40000.0,100.0,0.0025,132.70026703748653,4.406387061707369,0.323,post-control
40000.0,100.0,0.0025,132.7704416895423,4.381508621850451,0.323,post-control
40000.0,100.0,0.0025,132.8406163415981,4.356630181993533,0.323,post-control
40000.0,100.0,0.0025,132.91079099365388,4.331751742136616,0.323,post-control
40000.0,100.0,0.0025,132.98096564570966,4.306873302279699,0.323,post-control
40000.0,100.0,0.0025,133.0206239216918,4.292813581213091,0.323,post-control
40000.0,100.0,0.0025,133.05114029776544,4.282804928616902,0.323,post-control
40000.0,100.0,0.0025,133.12131494982123,4.259789295574839,0.323,post-control
40000.0,100.0,0.0025,133.191489601877,4.236773662532775,0.323,post-control
40000.0,100.0,0.0025,133.2616642539328,4.2137580294907115,0.323,post-control
40000.0,100.0,0.0025,133.33183890598858,4.190742396448647,0.323,post-control
40000.0,100.0,0.0025,133.40201355804436,4.167726763406583,0.323,post-control
40000.0,100.0,0.0025,133.47218821010014,4.14471113036452,0.323,post-control
40000.0,100.0,0.0025,133.54236286215593,4.121695497322456,0.323,post-control
40000.0,100.0,0.0025,133.6125375142117,4.098679864280393,0.323,post-control
40000.0,100.0,0.0025,133.6827121662675,4.075664231238329,0.323,post-control
40000.0,100.0,0.0025,133.75288681832328,4.0526485981962646,0.323,post-control
40000.0,100.0,0.0025,133.82306147037906,4.029632965154201,0.323,post-control
40000.0,100.0,0.0025,133.89323612243484,4.006617332112137,0.323,post-control
40000.0,100.0,0.0025,133.96341077449063,3.9836016990700736,0.323,post-control
40000.0,100.0,0.0025,134.0206239216918,3.9648371343364017,0.323,post-control
40000.0,100.0,0.0025,134.0335854265464,3.960905354452638,0.323,post-control
40000.0,100.0,0.0025,134.1037600786022,3.9396183751706895,0.323,post-control
40000.0,100.0,0.0025,134.17393473065798,3.9183313958887416,0.323,post-control
40000.0,100.0,0.0025,134.24410938271376,3.8970444166067937,0.323,post-control
40000.0,100.0,0.0025,134.31428403476954,3.875757437324846,0.323,post-control
40000.0,100.0,0.0025,134.38445868682533,3.8544704580428975,0.323,post-control
40000.0,100.0,0.0025,134.4546333388811,3.8331834787609496,0.323,post-control
40000.0,100.0,0.0025,134.5248079909369,3.8118964994790017,0.323,post-control
40000.0,100.0,0.0025,134.59498264299268,3.7906095201970533,0.323,post-control
40000.0,100.0,0.0025,134.66515729504846,3.7693225409151054,0.323,post-control
40000.0,100.0,0.0025,134.73533194710424,3.7480355616331575,0.323,post-control
40000.0,100.0,0.0025,134.80550659916003,3.7267485823512096,0.323,post-control
40000.0,100.0,0.0025,134.8756812512158,3.7054616030692613,0.323,post-control
40000.0,100.0,0.0025,134.9458559032716,3.6841746237873134,0.323,post-control
40000.0,100.0,0.0025,135.01603055532738,3.6628876445053655,0.323,post-control
40000.0,100.0,0.0025,135.0206239216918,3.661494279639715,0.323,post-control
40000.0,100.0,0.0025,135.08620520738316,3.643098580252714,0.323,post-control
40000.0,100.0,0.0025,135.15637985943894,3.623414431181883,0.323,post-control
40000.0,100.0,0.0025,135.22655451149473,3.6037302821110515,0.323,post-control
40000.0,100.0,0.0025,135.2967291635505,3.5840461330402205,0.323,post-control
40000.0,100.0,0.0025,135.3669038156063,3.5643619839693894,0.323,post-control
40000.0,100.0,0.0025,135.43707846766208,3.5446778348985584,0.323,post-control
40000.0,100.0,0.0025,135.50725311971786,3.5249936858277273,0.323,post-control
40000.0,100.0,0.0025,135.57742777177364,3.5053095367568963,0.323,post-control
40000.0,100.0,0.0025,135.64760242382943,3.4856253876860652,0.323,post-control
40000.0,100.0,0.0025,135.7177770758852,3.465941238615234,0.323,post-control
40000.0,100.0,0.0025,135.787951727941,3.446257089544403,0.323,post-control
40000.0,100.0,0.0025,135.85812637999678,3.4265729404735716,0.323,post-control
40000.0,100.0,0.0025,135.92830103205256,3.4068887914027406,0.323,post-control
40000.0,100.0,0.0025,135.99847568410834,3.3872046423319095,0.323,post-control
40000.0,100.0,0.0025,136.0206239216918,3.3809920114534227,0.323,post-control
40000.0,100.0,0.0025,136.06865033616413,3.368537331626068,0.323,post-control
40000.0,100.0,0.0025,136.1388249882199,3.35033895406752,0.323,post-control
40000.0,100.0,0.0025,136.2089996402757,3.332140576508972,0.323,post-control
40000.0,100.0,0.0025,136.27917429233148,3.313942198950424,0.323,post-control
40000.0,100.0,0.0025,136.34934894438726,3.295743821391876,0.323,post-control
40000.0,100.0,0.0025,136.41952359644304,3.2775454438333282,0.323,post-control
40000.0,100.0,0.0025,136.48969824849883,3.2593470662747803,0.323,post-control
40000.0,100.0,0.0025,136.55987290055464,3.2411486887162253,0.323,post-control
40000.0,100.0,0.0025,136.63004755261042,3.2229503111576774,0.323,post-control
40000.0,100.0,0.0025,136.7002222046662,3.2047519335991295,0.323,post-control
40000.0,100.0,0.0025,136.770396856722,3.1865535560405815,0.323,post-control
40000.0,100.0,0.0025,136.84057150877777,3.1683551784820336,0.323,post-control
40000.0,100.0,0.0025,136.91074616083355,3.1501568009234857,0.323,post-control
40000.0,100.0,0.0025,136.98092081288934,3.131958423364938,0.323,post-control
40000.0,100.0,0.0025,137.0206239216918,3.121662224622679,0.323,post-control
40000.0,100.0,0.0025,137.05109546494512,3.114358181506109,0.323,post-control
40000.0,100.0,0.0025,137.1212701170009,3.097537284709234,0.323,post-control
40000.0,100.0,0.0025,137.1914447690567,3.0807163879123594,0.323,post-control
40000.0,100.0,0.0025,137.26161942111247,3.0638954911154843,0.323,post-control
40000.0,100.0,0.0025,137.33179407316825,3.0470745943186093,0.323,post-control
40000.0,100.0,0.0025,137.40196872522404,3.0302536975217342,0.323,post-control
40000.0,100.0,0.0025,137.47214337727982,3.013432800724859,0.323,post-control
40000.0,100.0,0.0025,137.5423180293356,2.9966119039279846,0.323,post-control
40000.0,100.0,0.0025,137.6124926813914,2.9797910071311096,0.323,post-control
40000.0,100.0,0.0025,137.68266733344717,2.9629701103342345,0.323,post-control
40000.0,100.0,0.0025,137.75284198550295,2.9461492135373595,0.323,post-control
40000.0,100.0,0.0025,137.82301663755874,2.929328316740485,0.323,post-control
40000.0,100.0,0.0025,137.89319128961452,2.91250741994361,0.323,post-control
40000.0,100.0,0.0025,137.9633659416703,2.895686523146735,0.323,post-control
40000.0,100.0,0.0025,138.0206239216918,2.881961758655229,0.323,post-control
40000.0,100.0,0.0025,138.0335405937261,2.879100500903764,0.323,post-control
40000.0,100.0,0.0025,138.10371524578187,2.863555647971224,0.323,post-control
40000.0,100.0,0.0025,138.17388989783765,2.848010795038684,0.323,post-control
40000.0,100.0,0.0025,138.24406454989344,2.832465942106144,0.323,post-control
40000.0,100.0,0.0025,138.31423920194922,2.8169210891736043,0.323,post-control
40000.0,100.0,0.0025,138.384413854005,2.8013762362410644,0.323,post-control
40000.0,100.0,0.0025,138.4545885060608,2.7858313833085244,0.323,post-control
40000.0,100.0,0.0025,138.52476315811657,2.7702865303759845,0.323,post-control
40000.0,100.0,0.0025,138.59493781017235,2.7547416774434446,0.323,post-control
40000.0,100.0,0.0025,138.66511246222814,2.7391968245109046,0.323,post-control
40000.0,100.0,0.0025,138.73528711428392,2.7236519715783647,0.323,post-control
40000.0,100.0,0.0025,138.8054617663397,2.7081071186458248,0.323,post-control
40000.0,100.0,0.0025,138.8756364183955,2.692562265713285,0.323,post-control
40000.0,100.0,0.0025,138.94581107045127,2.677017412780745,0.323,post-control
40000.0,100.0,0.0025,139.01598572250705,2.661472559848205,0.323,post-control
40000.0,100.0,0.0025,139.0206239216918,2.6604451215626357,0.323,post-control
40000.0,100.0,0.0025,139.08616037456284,2.6470308467816883,0.323,post-control
40000.0,100.0,0.0025,139.15633502661862,2.6326672060276497,0.323,post-control
40000.0,100.0,0.0025,139.2265096786744,2.618303565273611,0.323,post-control
40000.0,100.0,0.0025,139.2966843307302,2.6039399245195725,0.323,post-control
40000.0,100.0,0.0025,139.36685898278597,2.589576283765534,0.323,post-control
40000.0,100.0,0.0025,139.43703363484175,2.575212643011495,0.323,post-control
40000.0,100.0,0.0025,139.50720828689754,2.5608490022574566,0.323,post-control
40000.0,100.0,0.0025,139.57738293895332,2.546485361503418,0.323,post-control
40000.0,100.0,0.0025,139.6475575910091,2.5321217207493794,0.323,post-control
40000.0,100.0,0.0025,139.7177322430649,2.5177580799953407,0.323,post-control
40000.0,100.0,0.0025,139.78790689512067,2.503394439241302,0.323,post-control
40000.0,100.0,0.0025,139.85808154717645,2.4890307984872635,0.323,post-control
40000.0,100.0,0.0025,139.92825619923224,2.474667157733225,0.323,post-control
40000.0,100.0,0.0025,139.99843085128802,2.4603035169791863,0.323,post-control
40000.0,100.0,0.0025,140.0206239216918,2.455760946675375,0.323,post-control
40000.0,100.0,0.0025,140.0686055033438,2.4466873430615528,0.323,post-control
40000.0,100.0,0.0025,140.1387801553996,2.4334168973078043,0.323,post-control
40000.0,100.0,0.0025,140.20895480745537,2.4201464515540554,0.323,post-control
40000.0,100.0,0.0025,140.27912945951115,2.4068760058003065,0.323,post-control
40000.0,100.0,0.0025,140.34930411156694,2.393605560046558,0.323,post-control
40000.0,100.0,0.0025,140.41947876362272,2.380335114292809,0.323,post-control
40000.0,100.0,0.0025,140.4896534156785,2.36706466853906,0.323,post-control
40000.0,100.0,0.0025,140.5598280677343,2.3537942227853113,0.323,post-control
40000.0,100.0,0.0025,140.63000271979007,2.340523777031563,0.323,post-control
40000.0,100.0,0.0025,140.70017737184585,2.327253331277814,0.323,post-control
40000.0,100.0,0.0025,140.77035202390164,2.313982885524065,0.323,post-control
40000.0,100.0,0.0025,140.84052667595742,2.300712439770316,0.323,post-control
40000.0,100.0,0.0025,140.9107013280132,2.2874419940165676,0.323,post-control
40000.0,100.0,0.0025,140.980875980069,2.2741715482628186,0.323,post-control
40000.0,100.0,0.0025,141.0206239216918,2.2666549751459426,0.323,post-control
40000.0,100.0,0.0025,141.05105063212477,2.261339997015162,0.323,post-control
40000.0,100.0,0.0025,141.12122528418055,2.2490817957274083,0.323,post-control
40000.0,100.0,0.0025,141.19139993623634,2.2368235944396546,0.323,post-control
40000.0,100.0,0.0025,141.26157458829212,2.2245653931519005,0.323,post-control
40000.0,100.0,0.0025,141.3317492403479,2.212307191864147,0.323,post-control
40000.0,100.0,0.0025,141.4019238924037,2.200048990576393,0.323,post-control
40000.0,100.0,0.0025,141.47209854445947,2.1877907892886395,0.323,post-control
40000.0,100.0,0.0025,141.54227319651525,2.1755325880008853,0.323,post-control
40000.0,100.0,0.0025,141.61244784857104,2.1632743867131317,0.323,post-control
40000.0,100.0,0.0025,141.68262250062682,2.151016185425378,0.323,post-control
40000.0,100.0,0.0025,141.7527971526826,2.138757984137624,0.323,post-control
40000.0,100.0,0.0025,141.8229718047384,2.12649978284987,0.323,post-control
40000.0,100.0,0.0025,141.89314645679417,2.1142415815621165,0.323,post-control
40000.0,100.0,0.0025,141.96332110884995,2.101983380274363,0.323,post-control
40000.0,100.0,0.0025,142.0206239216918,2.091973648931322,0.323,post-control
40000.0,100.0,0.0025,142.03349576090574,2.089896983761209,0.323,post-control
40000.0,100.0,0.0025,142.10367041296152,2.078575427196769,0.323,post-control
40000.0,100.0,0.0025,142.1738450650173,2.067253870632329,0.323,post-control
40000.0,100.0,0.0025,142.2440197170731,2.055932314067889,0.323,post-control
40000.0,100.0,0.0025,142.31419436912887,2.044610757503449,0.323,post-control
40000.0,100.0,0.0025,142.38436902118465,2.033289200939009,0.323,post-control
40000.0,100.0,0.0025,142.45454367324044,2.021967644374569,0.323,post-control
40000.0,100.0,0.0025,142.52471832529622,2.0106460878101293,0.323,post-control
40000.0,100.0,0.0025,142.594892977352,1.999324531245689,0.323,post-control
40000.0,100.0,0.0025,142.6650676294078,1.988002974681249,0.323,post-control
40000.0,100.0,0.0025,142.73524228146357,1.976681418116809,0.323,post-control
40000.0,100.0,0.0025,142.80541693351935,1.9653598615523693,0.323,post-control
40000.0,100.0,0.0025,142.87559158557514,1.9540383049879293,0.323,post-control
40000.0,100.0,0.0025,142.94576623763092,1.9427167484234893,0.323,post-control
40000.0,100.0,0.0025,143.0159408896867,1.9313951918590493,0.323,post-control
40000.0,100.0,0.0025,143.0206239216918,1.9306396596236124,0.323,post-control
40000.0,100.0,0.0025,143.0861155417425,1.9208818877556664,0.323,post-control
40000.0,100.0,0.0025,143.15629019379827,1.9104263784074045,0.323,post-control
40000.0,100.0,0.0025,143.22646484585405,1.8999708690591428,0.323,post-control
40000.0,100.0,0.0025,143.29663949790984,1.889515359710881,0.323,post-control
40000.0,100.0,0.0025,143.36681414996562,1.8790598503626192,0.323,post-control
40000.0,100.0,0.0025,143.4369888020214,1.8686043410143576,0.323,post-control
40000.0,100.0,0.0025,143.5071634540772,1.8581488316660957,0.323,post-control
40000.0,100.0,0.0025,143.57733810613297,1.847693322317834,0.323,post-control
40000.0,100.0,0.0025,143.64751275818875,1.8372378129695721,0.323,post-control
40000.0,100.0,0.0025,143.71768741024454,1.8267823036213104,0.323,post-control
40000.0,100.0,0.0025,143.78786206230032,1.8163267942730488,0.323,post-control
40000.0,100.0,0.0025,143.8580367143561,1.8058712849247869,0.323,post-control
40000.0,100.0,0.0025,143.9282113664119,1.7954157755765252,0.323,post-control
40000.0,100.0,0.0025,143.99838601846767,1.7849602662282633,0.323,post-control
40000.0,100.0,0.0025,144.0206239216918,1.781646981470389,0.323,post-control
40000.0,100.0,0.0025,144.06856067052345,1.775051566254816,0.323,post-control
40000.0,100.0,0.0025,144.13873532257924,1.7653965316686873,0.323,post-control
40000.0,100.0,0.0025,144.20890997463502,1.7557414970825584,0.323,post-control
40000.0,100.0,0.0025,144.2790846266908,1.7460864624964294,0.323,post-control
40000.0,100.0,0.0025,144.3492592787466,1.7364314279103006,0.323,post-control
40000.0,100.0,0.0025,144.41943393080237,1.7267763933241718,0.323,post-control
40000.0,100.0,0.0025,144.48960858285815,1.717121358738043,0.323,post-control
40000.0,100.0,0.0025,144.55978323491394,1.707466324151914,0.323,post-control
40000.0,100.0,0.0025,144.62995788696972,1.697811289565785,0.323,post-control
40000.0,100.0,0.0025,144.7001325390255,1.6881562549796563,0.323,post-control
40000.0,100.0,0.0025,144.7703071910813,1.6785012203935274,0.323,post-control
40000.0,100.0,0.0025,144.84048184313707,1.6688461858073984,0.323,post-control
40000.0,100.0,0.0025,144.91065649519285,1.6591911512212696,0.323,post-control
40000.0,100.0,0.0025,144.98083114724864,1.6495361166351408,0.323,post-control
40000.0,100.0,0.0025,145.0206239216918,1.6440611965283578,0.323,post-control
40000.0,100.0,0.0025,145.05100579930442,1.6402016319304853,0.323,post-control
40000.0,100.0,0.0025,145.1211804513602,1.6312869885961985,0.323,post-control
40000.0,100.0,0.0025,145.191355103416,1.6223723452619114,0.323,post-control
40000.0,100.0,0.0025,145.26152975547177,1.6134577019276246,0.323,post-control
40000.0,100.0,0.0025,145.33170440752755,1.6045430585933378,0.323,post-control
40000.0,100.0,0.0025,145.40187905958334,1.5956284152590507,0.323,post-control
40000.0,100.0,0.0025,145.47205371163912,1.586713771924764,0.323,post-control
40000.0,100.0,0.0025,145.5422283636949,1.577799128590477,0.323,post-control
40000.0,100.0,0.0025,145.6124030157507,1.56888448525619,0.323,post-control
40000.0,100.0,0.0025,145.68257766780647,1.5599698419219032,0.323,post-control
40000.0,100.0,0.0025,145.75275231986225,1.5510551985876162,0.323,post-control
40000.0,100.0,0.0025,145.82292697191804,1.5421405552533294,0.323,post-control
40000.0,100.0,0.0025,145.89310162397382,1.5332259119190426,0.323,post-control
40000.0,100.0,0.0025,145.9632762760296,1.5243112685847555,0.323,post-control
40000.0,100.0,0.0025,146.0206239216918,1.5170261051794123,0.323,post-control
40000.0,100.0,0.0025,146.0334509280854,1.5155217828638257,0.323,post-control
40000.0,100.0,0.0025,146.10362558014117,1.5072918582939925,0.323,post-control
40000.0,100.0,0.0025,146.17380023219695,1.499061933724159,0.323,post-control
40000.0,100.0,0.0025,146.24397488425274,1.490832009154326,0.323,post-control
40000.0,100.0,0.0025,146.31414953630852,1.4826020845844925,0.323,post-control
40000.0,100.0,0.0025,146.3843241883643,1.4743721600146593,0.323,post-control
40000.0,100.0,0.0025,146.4544988404201,1.4661422354448261,0.323,post-control
40000.0,100.0,0.0025,146.52467349247587,1.4579123108749927,0.323,post-control
40000.0,100.0,0.0025,146.59484814453165,1.4496823863051596,0.323,post-control
40000.0,100.0,0.0025,146.66502279658744,1.4414524617353262,0.323,post-control
40000.0,100.0,0.0025,146.73519744864322,1.433222537165493,0.323,post-control
40000.0,100.0,0.0025,146.805372100699,1.4249926125956596,0.323,post-control
40000.0,100.0,0.0025,146.8755467527548,1.4167626880258264,0.323,post-control
40000.0,100.0,0.0025,146.94572140481057,1.4085327634559932,0.323,post-control
40000.0,100.0,0.0025,147.01589605686635,1.4003028388861598,0.323,post-control
40000.0,100.0,0.0025,147.0206239216918,1.3997483655863305,0.323,post-control
40000.0,100.0,0.0025,147.08607070892214,1.3926629741624383,0.323,post-control
40000.0,100.0,0.0025,147.15624536097792,1.3850657352620674,0.323,post-control
40000.0,100.0,0.0025,147.2264200130337,1.3774684963616965,0.323,post-control
40000.0,100.0,0.0025,147.2965946650895,1.3698712574613257,0.323,post-control
40000.0,100.0,0.0025,147.36676931714527,1.3622740185609548,0.323,post-control
40000.0,100.0,0.0025,147.43694396920105,1.3546767796605839,0.323,post-control
40000.0,100.0,0.0025,147.50711862125684,1.347079540760213,0.323,post-control
40000.0,100.0,0.0025,147.57729327331262,1.3394823018598419,0.323,post-control
40000.0,100.0,0.0025,147.6474679253684,1.331885062959471,0.323,post-control
40000.0,100.0,0.0025,147.7176425774242,1.3242878240591,0.323,post-control
40000.0,100.0,0.0025,147.78781722947997,1.3166905851587292,0.323,post-control
40000.0,100.0,0.0025,147.85799188153575,1.3090933462583583,0.323,post-control
40000.0,100.0,0.0025,147.92816653359154,1.3014961073579874,0.323,post-control
40000.0,100.0,0.0025,147.99834118564732,1.2938988684576165,0.323,post-control
40000.0,100.0,0.0025,148.0206239216918,1.291486497834828,0.323,post-control
40000.0,100.0,0.0025,148.0685158377031,1.2867003926362002,0.323,post-control
40000.0,100.0,0.0025,148.1386904897589,1.2796874498477602,0.323,post-control
40000.0,100.0,0.0025,148.20886514181467,1.2726745070593202,0.323,post-control
40000.0,100.0,0.0025,148.27903979387045,1.2656615642708802,0.323,post-control
40000.0,100.0,0.0025,148.34921444592624,1.2586486214824402,0.323,post-control
40000.0,100.0,0.0025,148.41938909798202,1.2516356786940002,0.323,post-control
40000.0,100.0,0.0025,148.4895637500378,1.2446227359055602,0.323,post-control
40000.0,100.0,0.0025,148.5597384020936,1.2376097931171202,0.323,post-control
40000.0,100.0,0.0025,148.62991305414937,1.2305968503286802,0.323,post-control
40000.0,100.0,0.0025,148.70008770620515,1.2235839075402402,0.323,post-control
40000.0,100.0,0.0025,148.77026235826094,1.2165709647518002,0.323,post-control
40000.0,100.0,0.0025,148.84043701031672,1.2095580219633602,0.323,post-control
40000.0,100.0,0.0025,148.9106116623725,1.2025450791749202,0.323,post-control
40000.0,100.0,0.0025,148.9807863144283,1.1955321363864801,0.323,post-control
40000.0,100.0,0.0025,149.0206239216918,1.191550943001364,0.323,post-control
40000.0,100.0,0.0025,149.05096096648407,1.1887525817189204,0.323,post-control
40000.0,100.0,0.0025,149.12113561853985,1.1822795046388532,0.323,post-control
40000.0,100.0,0.0025,149.19131027059564,1.175806427558786,0.323,post-control
40000.0,100.0,0.0025,149.26148492265142,1.169333350478719,0.323,post-control
40000.0,100.0,0.0025,149.3316595747072,1.1628602733986517,0.323,post-control
40000.0,100.0,0.0025,149.401834226763,1.1563871963185846,0.323,post-control
40000.0,100.0,0.0025,149.47200887881877,1.1499141192385176,0.323,post-control
40000.0,100.0,0.0025,149.54218353087455,1.1434410421584504,0.323,post-control
40000.0,100.0,0.0025,149.61235818293034,1.1369679650783833,0.323,post-control
40000.0,100.0,0.0025,149.68253283498612,1.130494887998316,0.323,post-control
40000.0,100.0,0.0025,149.7527074870419,1.124021810918249,0.323,post-control
40000.0,100.0,0.0025,149.8228821390977,1.1175487338381818,0.323,post-control
40000.0,100.0,0.0025,149.89305679115347,1.1110756567581146,0.323,post-control
40000.0,100.0,0.0025,149.96323144320925,1.1046025796780474,0.323,post-control
40000.0,100.0,0.0025,150.0206239216918,1.0993085607388688,0.323,post-control
40000.0,100.0,0.0025,150.03340609526504,1.0982203619021191,0.323,post-control
40000.0,100.0,0.0025,150.10358074732082,1.0922461060919586,0.323,post-control
40000.0,100.0,0.0025,150.1737553993766,1.086271850281798,0.323,post-control
40000.0,100.0,0.0025,150.2439300514324,1.0802975944716375,0.323,post-control
40000.0,100.0,0.0025,150.31410470348817,1.074323338661477,0.323,post-control
40000.0,100.0,0.0025,150.38427935554395,1.0683490828513165,0.323,post-control
40000.0,100.0,0.0025,150.45445400759974,1.062374827041156,0.323,post-control
40000.0,100.0,0.0025,150.52462865965552,1.0564005712309954,0.323,post-control
40000.0,100.0,0.0025,150.5948033117113,1.0504263154208346,0.323,post-control
40000.0,100.0,0.0025,150.6649779637671,1.044452059610674,0.323,post-control
40000.0,100.0,0.0025,150.73515261582287,1.0384778038005136,0.323,post-control
40000.0,100.0,0.0025,150.80532726787865,1.032503547990353,0.323,post-control
40000.0,100.0,0.0025,150.87550191993444,1.0265292921801925,0.323,post-control
40000.0,100.0,0.0025,150.94567657199025,1.0205550363700295,0.323,post-control
40000.0,100.0,0.0025,151.01585122404603,1.014580780559869,0.323,post-control
40000.0,100.0,0.0025,151.0206239216918,1.014174461243634,0.323,post-control
40000.0,100.0,0.0025,151.08602587610181,1.0088641736581143,0.323,post-control
40000.0,100.0,0.0025,151.1562005281576,1.0031663686461452,0.323,post-control
40000.0,100.0,0.0025,151.19515470460624,1.0000034986453112,0.323,post-control
40000.0,100.0,0.0025,151.22637518021338,,0.323,post-control
40000.0,100.0,0.0025,151.29654983226916,,0.323,post-control
40000.0,100.0,0.0025,151.36672448432495,,0.323,post-control
40000.0,100.0,0.0025,151.43689913638073,,0.323,post-control
40000.0,100.0,0.0025,151.50707378843651,,0.323,post-control
40000.0,100.0,0.0025,151.5772484404923,,0.323,post-control
40000.0,100.0,0.0025,151.64742309254808,,0.323,post-control
40000.0,100.0,0.0025,151.71759774460386,,0.323,post-control
40000.0,100.0,0.0025,151.78777239665965,,0.323,post-control
40000.0,100.0,0.0025,151.85794704871543,,0.323,post-control
40000.0,100.0,0.0025,151.92812170077121,,0.323,post-control
40000.0,100.0,0.0025,151.998296352827,,0.323,post-control
40000.0,100.0,0.0025,152.06847100488278,,0.323,post-control
40000.0,100.0,0.0025,152.13864565693856,,0.323,post-control
40000.0,100.0,0.0025,152.20882030899435,,0.323,post-control
40000.0,100.0,0.0025,152.27899496105013,,0.323,post-control
40000.0,100.0,0.0025,152.34916961310591,,0.323,post-control
40000.0,100.0,0.0025,152.4193442651617,,0.323,post-control
40000.0,100.0,0.0025,152.48951891721748,,0.323,post-control
40000.0,100.0,0.0025,152.55969356927326,,0.323,post-control
40000.0,100.0,0.0025,152.62986822132905,,0.323,post-control
40000.0,100.0,0.0025,152.70004287338483,,0.323,post-control
40000.0,100.0,0.0025,152.77021752544061,,0.323,post-control
40000.0,100.0,0.0025,152.8403921774964,,0.323,post-control
40000.0,100.0,0.0025,152.91056682955218,,0.323,post-control
40000.0,100.0,0.0025,152.98074148160796,,0.323,post-control
40000.0,100.0,0.0025,153.05091613366375,,0.323,post-control
40000.0,100.0,0.0025,153.12109078571953,,0.323,post-control
40000.0,100.0,0.0025,153.19126543777531,,0.323,post-control
40000.0,100.0,0.0025,153.2614400898311,,0.323,post-control
40000.0,100.0,0.0025,153.33161474188688,,0.323,post-control
40000.0,100.0,0.0025,153.40178939394266,,0.323,post-control
40000.0,100.0,0.0025,153.47196404599845,,0.323,post-control
40000.0,100.0,0.0025,153.54213869805423,,0.323,post-control
40000.0,100.0,0.0025,153.61231335011,,0.323,post-control
40000.0,100.0,0.0025,153.6824880021658,,0.323,post-control
40000.0,100.0,0.0025,153.75266265422158,,0.323,post-control
40000.0,100.0,0.0025,153.82283730627736,,0.323,post-control
40000.0,100.0,0.0025,153.89301195833315,,0.323,post-control
40000.0,100.0,0.0025,153.96318661038893,,0.323,post-control
40000.0,100.0,0.0025,154.0333612624447,,0.323,post-control
40000.0,100.0,0.0025,154.1035359145005,,0.323,post-control
40000.0,100.0,0.0025,154.17371056655628,,0.323,post-control
40000.0,100.0,0.0025,154.24388521861206,,0.323,post-control
40000.0,100.0,0.0025,154.31405987066785,,0.323,post-control
40000.0,100.0,0.0025,154.38423452272363,,0.323,post-control
40000.0,100.0,0.0025,154.4544091747794,,0.323,post-control
40000.0,100.0,0.0025,154.5245838268352,,0.323,post-control
40000.0,100.0,0.0025,154.59475847889098,,0.323,post-control
40000.0,100.0,0.0025,154.66493313094676,,0.323,post-control
40000.0,100.0,0.0025,154.73510778300255,,0.323,post-control
40000.0,100.0,0.0025,154.80528243505833,,0.323,post-control
40000.0,100.0,0.0025,154.8754570871141,,0.323,post-control
40000.0,100.0,0.0025,154.9456317391699,,0.323,post-control
40000.0,100.0,0.0025,155.01580639122568,,0.323,post-control
40000.0,100.0,0.0025,155.08598104328146,,0.323,post-control
40000.0,100.0,0.0025,155.15615569533725,,0.323,post-control
40000.0,100.0,0.0025,155.22633034739303,,0.323,post-control
40000.0,100.0,0.0025,155.2965049994488,,0.323,post-control
40000.0,100.0,0.0025,155.3666796515046,,0.323,post-control
40000.0,100.0,0.0025,155.43685430356038,,0.323,post-control
40000.0,100.0,0.0025,155.50702895561616,,0.323,post-control
40000.0,100.0,0.0025,155.57720360767195,,0.323,post-control
40000.0,100.0,0.0025,155.64737825972773,,0.323,post-control
40000.0,100.0,0.0025,155.7175529117835,,0.323,post-control
40000.0,100.0,0.0025,155.7877275638393,,0.323,post-control
40000.0,100.0,0.0025,155.85790221589508,,0.323,post-control
40000.0,100.0,0.0025,155.92807686795086,,0.323,post-control
40000.0,100.0,0.0025,155.99825152000665,,0.323,post-control
40000.0,100.0,0.0025,156.06842617206243,,0.323,post-control
40000.0,100.0,0.0025,156.1386008241182,,0.323,post-control
40000.0,100.0,0.0025,156.208775476174,,0.323,post-control
40000.0,100.0,0.0025,156.27895012822978,,0.323,post-control
40000.0,100.0,0.0025,156.34912478028556,,0.323,post-control
40000.0,100.0,0.0025,156.41929943234135,,0.323,post-control
40000.0,100.0,0.0025,156.48947408439713,,0.323,post-control
40000.0,100.0,0.0025,156.5596487364529,,0.323,post-control
40000.0,100.0,0.0025,156.6298233885087,,0.323,post-control
40000.0,100.0,0.0025,156.69999804056448,,0.323,post-control
40000.0,100.0,0.0025,156.77017269262026,,0.323,post-control
40000.0,100.0,0.0025,156.84034734467605,,0.323,post-control
40000.0,100.0,0.0025,156.91052199673183,,0.323,post-control
40000.0,100.0,0.0025,156.9806966487876,,0.323,post-control
40000.0,100.0,0.0025,157.0508713008434,,0.323,post-control
40000.0,100.0,0.0025,157.12104595289918,,0.323,post-control
40000.0,100.0,0.0025,157.19122060495496,,0.323,post-control
40000.0,100.0,0.0025,157.26139525701075,,0.323,post-control
40000.0,100.0,0.0025,157.33156990906653,,0.323,post-control
40000.0,100.0,0.0025,157.4017445611223,,0.323,post-control
40000.0,100.0,0.0025,157.4719192131781,,0.323,post-control
40000.0,100.0,0.0025,157.54209386523388,,0.323,post-control
40000.0,100.0,0.0025,157.61226851728966,,0.323,post-control
40000.0,100.0,0.0025,157.68244316934545,,0.323,post-control
40000.0,100.0,0.0025,157.75261782140123,,0.323,post-control
40000.0,100.0,0.0025,157.822792473457,,0.323,post-control
40000.0,100.0,0.0025,157.8929671255128,,0.323,post-control
40000.0,100.0,0.0025,157.96314177756858,,0.323,post-control
40000.0,100.0,0.0025,158.03331642962436,,0.323,post-control
40000.0,100.0,0.0025,158.10349108168015,,0.323,post-control
40000.0,100.0,0.0025,158.17366573373593,,0.323,post-control
40000.0,100.0,0.0025,158.2438403857917,,0.323,post-control
40000.0,100.0,0.0025,158.3140150378475,,0.323,post-control
40000.0,100.0,0.0025,158.38418968990328,,0.323,post-control
40000.0,100.0,0.0025,158.45436434195906,,0.323,post-control
40000.0,100.0,0.0025,158.52453899401485,,0.323,post-control
40000.0,100.0,0.0025,158.59471364607063,,0.323,post-control
40000.0,100.0,0.0025,158.6648882981264,,0.323,post-control
40000.0,100.0,0.0025,158.7350629501822,,0.323,post-control
40000.0,100.0,0.0025,158.80523760223798,,0.323,post-control
40000.0,100.0,0.0025,158.87541225429376,,0.323,post-control
40000.0,100.0,0.0025,158.94558690634955,,0.323,post-control
40000.0,100.0,0.0025,159.01576155840533,,0.323,post-control
40000.0,100.0,0.0025,159.0859362104611,,0.323,post-control
40000.0,100.0,0.0025,159.1561108625169,,0.323,post-control
40000.0,100.0,0.0025,159.22628551457268,,0.323,post-control
40000.0,100.0,0.0025,159.29646016662846,,0.323,post-control
40000.0,100.0,0.0025,159.36663481868425,,0.323,post-control
40000.0,100.0,0.0025,159.43680947074003,,0.323,post-control
40000.0,100.0,0.0025,159.5069841227958,,0.323,post-control
40000.0,100.0,0.0025,159.5771587748516,,0.323,post-control
40000.0,100.0,0.0025,159.64733342690738,,0.323,post-control
40000.0,100.0,0.0025,159.71750807896316,,0.323,post-control
40000.0,100.0,0.0025,159.78768273101895,,0.323,post-control
40000.0,100.0,0.0025,159.85785738307473,,0.323,post-control
40000.0,100.0,0.0025,159.9280320351305,,0.323,post-control
40000.0,100.0,0.0025,159.9982066871863,,0.323,post-control
40000.0,100.0,0.0025,160.06838133924208,,0.323,post-control
40000.0,100.0,0.0025,160.13855599129786,,0.323,post-control
40000.0,100.0,0.0025,160.20873064335365,,0.323,post-control
40000.0,100.0,0.0025,160.27890529540943,,0.323,post-control
40000.0,100.0,0.0025,160.3490799474652,,0.323,post-control
40000.0,100.0,0.0025,160.419254599521,,0.323,post-control
40000.0,100.0,0.0025,160.48942925157678,,0.323,post-control
40000.0,100.0,0.0025,160.55960390363256,,0.323,post-control
40000.0,100.0,0.0025,160.62977855568835,,0.323,post-control
40000.0,100.0,0.0025,160.69995320774413,,0.323,post-control
40000.0,100.0,0.0025,160.7701278597999,,0.323,post-control
40000.0,100.0,0.0025,160.8403025118557,,0.323,post-control
40000.0,100.0,0.0025,160.91047716391148,,0.323,post-control
40000.0,100.0,0.0025,160.98065181596726,,0.323,post-control
40000.0,100.0,0.0025,161.05082646802305,,0.323,post-control
40000.0,100.0,0.0025,161.12100112007883,,0.323,post-control
40000.0,100.0,0.0025,161.1911757721346,,0.323,post-control
40000.0,100.0,0.0025,161.2613504241904,,0.323,post-control
40000.0,100.0,0.0025,161.33152507624618,,0.323,post-control
40000.0,100.0,0.0025,161.40169972830196,,0.323,post-control
40000.0,100.0,0.0025,161.47187438035775,,0.323,post-control
40000.0,100.0,0.0025,161.54204903241353,,0.323,post-control
40000.0,100.0,0.0025,161.6122236844693,,0.323,post-control
40000.0,100.0,0.0025,161.6823983365251,,0.323,post-control
40000.0,100.0,0.0025,161.75257298858088,,0.323,post-control
40000.0,100.0,0.0025,161.82274764063666,,0.323,post-control
40000.0,100.0,0.0025,161.89292229269245,,0.323,post-control
40000.0,100.0,0.0025,161.96309694474823,,0.323,post-control
40000.0,100.0,0.0025,162.033271596804,,0.323,post-control
40000.0,100.0,0.0025,162.1034462488598,,0.323,post-control
40000.0,100.0,0.0025,162.17362090091558,,0.323,post-control
40000.0,100.0,0.0025,162.24379555297136,,0.323,post-control
40000.0,100.0,0.0025,162.31397020502715,,0.323,post-control
40000.0,100.0,0.0025,162.38414485708293,,0.323,post-control
40000.0,100.0,0.0025,162.4543195091387,,0.323,post-control
40000.0,100.0,0.0025,162.5244941611945,,0.323,post-control
40000.0,100.0,0.0025,162.59466881325028,,0.323,post-control
40000.0,100.0,0.0025,162.66484346530606,,0.323,post-control
40000.0,100.0,0.0025,162.73501811736185,,0.323,post-control
40000.0,100.0,0.0025,162.80519276941763,,0.323,post-control
40000.0,100.0,0.0025,162.8753674214734,,0.323,post-control
40000.0,100.0,0.0025,162.9455420735292,,0.323,post-control
40000.0,100.0,0.0025,163.01571672558498,,0.323,post-control
40000.0,100.0,0.0025,163.08589137764076,,0.323,post-control
40000.0,100.0,0.0025,163.15606602969655,,0.323,post-control
40000.0,100.0,0.0025,163.22624068175233,,0.323,post-control
40000.0,100.0,0.0025,163.2964153338081,,0.323,post-control
40000.0,100.0,0.0025,163.3665899858639,,0.323,post-control
40000.0,100.0,0.0025,163.43676463791968,,0.323,post-control
40000.0,100.0,0.0025,163.50693928997546,,0.323,post-control
40000.0,100.0,0.0025,163.57711394203125,,0.323,post-control
40000.0,100.0,0.0025,163.64728859408703,,0.323,post-control
40000.0,100.0,0.0025,163.7174632461428,,0.323,post-control
40000.0,100.0,0.0025,163.7876378981986,,0.323,post-control
40000.0,100.0,0.0025,163.85781255025438,,0.323,post-control
40000.0,100.0,0.0025,163.92798720231016,,0.323,post-control
40000.0,100.0,0.0025,163.99816185436595,,0.323,post-control
40000.0,100.0,0.0025,164.06833650642173,,0.323,post-control
40000.0,100.0,0.0025,164.1385111584775,,0.323,post-control
40000.0,100.0,0.0025,164.2086858105333,,0.323,post-control
40000.0,100.0,0.0025,164.27886046258908,,0.323,post-control
40000.0,100.0,0.0025,164.34903511464486,,0.323,post-control
40000.0,100.0,0.0025,164.41920976670065,,0.323,post-control
40000.0,100.0,0.0025,164.48938441875643,,0.323,post-control
40000.0,100.0,0.0025,164.5595590708122,,0.323,post-control
40000.0,100.0,0.0025,164.629733722868,,0.323,post-control
40000.0,100.0,0.0025,164.69990837492378,,0.323,post-control
40000.0,100.0,0.0025,164.77008302697956,,0.323,post-control
40000.0,100.0,0.0025,164.84025767903535,,0.323,post-control
40000.0,100.0,0.0025,164.91043233109113,,0.323,post-control
40000.0,100.0,0.0025,164.9806069831469,,0.323,post-control
40000.0,100.0,0.0025,165.0507816352027,,0.323,post-control
40000.0,100.0,0.0025,165.12095628725848,,0.323,post-control
40000.0,100.0,0.0025,165.19113093931426,,0.323,post-control
40000.0,100.0,0.0025,165.26130559137005,,0.323,post-control
40000.0,100.0,0.0025,165.33148024342586,,0.323,post-control
40000.0,100.0,0.0025,165.40165489548164,,0.323,post-control
40000.0,100.0,0.0025,165.47182954753742,,0.323,post-control
40000.0,100.0,0.0025,165.5420041995932,,0.323,post-control
40000.0,100.0,0.0025,165.612178851649,,0.323,post-control
40000.0,100.0,0.0025,165.68235350370477,,0.323,post-control
40000.0,100.0,0.0025,165.75252815576056,,0.323,post-control
40000.0,100.0,0.0025,165.82270280781634,,0.323,post-control
40000.0,100.0,0.0025,165.89287745987212,,0.323,post-control
40000.0,100.0,0.0025,165.9630521119279,,0.323,post-control
40000.0,100.0,0.0025,166.0332267639837,,0.323,post-control
40000.0,100.0,0.0025,166.10340141603947,,0.323,post-control
40000.0,100.0,0.0025,166.17357606809526,,0.323,post-control
40000.0,100.0,0.0025,166.24375072015104,,0.323,post-control
40000.0,100.0,0.0025,166.31392537220682,,0.323,post-control
40000.0,100.0,0.0025,166.3841000242626,,0.323,post-control
40000.0,100.0,0.0025,166.4542746763184,,0.323,post-control
40000.0,100.0,0.0025,166.52444932837417,,0.323,post-control
40000.0,100.0,0.0025,166.59462398042996,,0.323,post-control
40000.0,100.0,0.0025,166.66479863248574,,0.323,post-control
40000.0,100.0,0.0025,166.73497328454152,,0.323,post-control
40000.0,100.0,0.0025,166.8051479365973,,0.323,post-control
40000.0,100.0,0.0025,166.8753225886531,,0.323,post-control
40000.0,100.0,0.0025,166.94549724070887,,0.323,post-control
40000.0,100.0,0.0025,167.01567189276466,,0.323,post-control
40000.0,100.0,0.0025,167.08584654482044,,0.323,post-control
40000.0,100.0,0.0025,167.15602119687622,,0.323,post-control
40000.0,100.0,0.0025,167.226195848932,,0.323,post-control
40000.0,100.0,0.0025,167.2963705009878,,0.323,post-control
40000.0,100.0,0.0025,167.36654515304357,,0.323,post-control
40000.0,100.0,0.0025,167.43671980509936,,0.323,post-control
40000.0,100.0,0.0025,167.50689445715514,,0.323,post-control
40000.0,100.0,0.0025,167.57706910921092,,0.323,post-control
40000.0,100.0,0.0025,167.6472437612667,,0.323,post-control
40000.0,100.0,0.0025,167.7174184133225,,0.323,post-control
40000.0,100.0,0.0025,167.78759306537827,,0.323,post-control
40000.0,100.0,0.0025,167.85776771743406,,0.323,post-control
40000.0,100.0,0.0025,167.92794236948984,,0.323,post-control
40000.0,100.0,0.0025,167.99811702154562,,0.323,post-control
40000.0,100.0,0.0025,168.0682916736014,,0.323,post-control
40000.0,100.0,0.0025,168.1384663256572,,0.323,post-control
40000.0,100.0,0.0025,168.20864097771297,,0.323,post-control
40000.0,100.0,0.0025,168.27881562976876,,0.323,post-control
40000.0,100.0,0.0025,168.34899028182454,,0.323,post-control
40000.0,100.0,0.0025,168.41916493388032,,0.323,post-control
40000.0,100.0,0.0025,168.4893395859361,,0.323,post-control
40000.0,100.0,0.0025,168.5595142379919,,0.323,post-control
40000.0,100.0,0.0025,168.62968889004767,,0.323,post-control
40000.0,100.0,0.0025,168.69986354210346,,0.323,post-control
40000.0,100.0,0.0025,168.77003819415924,,0.323,post-control
40000.0,100.0,0.0025,168.84021284621502,,0.323,post-control
40000.0,100.0,0.0025,168.9103874982708,,0.323,post-control
40000.0,100.0,0.0025,168.9805621503266,,0.323,post-control
40000.0,100.0,0.0025,169.05073680238237,,0.323,post-control
40000.0,100.0,0.0025,169.12091145443816,,0.323,post-control
40000.0,100.0,0.0025,169.19108610649394,,0.323,post-control
40000.0,100.0,0.0025,169.26126075854972,,0.323,post-control
40000.0,100.0,0.0025,169.3314354106055,,0.323,post-control
40000.0,100.0,0.0025,169.4016100626613,,0.323,post-control
40000.0,100.0,0.0025,169.47178471471707,,0.323,post-control
40000.0,100.0,0.0025,169.54195936677286,,0.323,post-control
40000.0,100.0,0.0025,169.61213401882864,,0.323,post-control
40000.0,100.0,0.0025,169.68230867088442,,0.323,post-control
40000.0,100.0,0.0025,169.7524833229402,,0.323,post-control
40000.0,100.0,0.0025,169.822657974996,,0.323,post-control
40000.0,100.0,0.0025,169.89283262705177,,0.323,post-control
40000.0,100.0,0.0025,169.96300727910756,,0.323,post-control
40000.0,100.0,0.0025,170.03318193116334,,0.323,post-control
40000.0,100.0,0.0025,170.10335658321912,,0.323,post-control
40000.0,100.0,0.0025,170.1735312352749,,0.323,post-control
40000.0,100.0,0.0025,170.2437058873307,,0.323,post-control
40000.0,100.0,0.0025,170.31388053938647,,0.323,post-control
40000.0,100.0,0.0025,170.38405519144226,,0.323,post-control
40000.0,100.0,0.0025,170.45422984349804,,0.323,post-control
40000.0,100.0,0.0025,170.52440449555382,,0.323,post-control
40000.0,100.0,0.0025,170.5945791476096,,0.323,post-control
40000.0,100.0,0.0025,170.6647537996654,,0.323,post-control
40000.0,100.0,0.0025,170.73492845172117,,0.323,post-control
40000.0,100.0,0.0025,170.80510310377696,,0.323,post-control
40000.0,100.0,0.0025,170.87527775583274,,0.323,post-control
40000.0,100.0,0.0025,170.94545240788852,,0.323,post-control
40000.0,100.0,0.0025,171.0156270599443,,0.323,post-control
40000.0,100.0,0.0025,171.0858017120001,,0.323,post-control
40000.0,100.0,0.0025,171.15597636405587,,0.323,post-control
40000.0,100.0,0.0025,171.22615101611166,,0.323,post-control
40000.0,100.0,0.0025,171.29632566816744,,0.323,post-control
40000.0,100.0,0.0025,171.36650032022322,,0.323,post-control
40000.0,100.0,0.0025,171.436674972279,,0.323,post-control
40000.0,100.0,0.0025,171.5068496243348,,0.323,post-control
40000.0,100.0,0.0025,171.57702427639057,,0.323,post-control
40000.0,100.0,0.0025,171.64719892844636,,0.323,post-control
40000.0,100.0,0.0025,171.71737358050214,,0.323,post-control
40000.0,100.0,0.0025,171.78754823255792,,0.323,post-control
40000.0,100.0,0.0025,171.8577228846137,,0.323,post-control
40000.0,100.0,0.0025,171.9278975366695,,0.323,post-control
40000.0,100.0,0.0025,171.99807218872527,,0.323,post-control
40000.0,100.0,0.0025,172.06824684078106,,0.323,post-control
40000.0,100.0,0.0025,172.13842149283684,,0.323,post-control
40000.0,100.0,0.0025,172.20859614489262,,0.323,post-control
40000.0,100.0,0.0025,172.2787707969484,,0.323,post-control
40000.0,100.0,0.0025,172.3489454490042,,0.323,post-control
40000.0,100.0,0.0025,172.41912010105997,,0.323,post-control
40000.0,100.0,0.0025,172.48929475311576,,0.323,post-control
40000.0,100.0,0.0025,172.55946940517154,,0.323,post-control
40000.0,100.0,0.0025,172.62964405722732,,0.323,post-control
40000.0,100.0,0.0025,172.6998187092831,,0.323,post-control
40000.0,100.0,0.0025,172.7699933613389,,0.323,post-control
40000.0,100.0,0.0025,172.84016801339467,,0.323,post-control
40000.0,100.0,0.0025,172.91034266545046,,0.323,post-control
40000.0,100.0,0.0025,172.98051731750624,,0.323,post-control
40000.0,100.0,0.0025,173.05069196956202,,0.323,post-control
40000.0,100.0,0.0025,173.1208666216178,,0.323,post-control
40000.0,100.0,0.0025,173.1910412736736,,0.323,post-control
40000.0,100.0,0.0025,173.26121592572937,,0.323,post-control
40000.0,100.0,0.0025,173.33139057778516,,0.323,post-control
40000.0,100.0,0.0025,173.40156522984094,,0.323,post-control
40000.0,100.0,0.0025,173.47173988189672,,0.323,post-control
40000.0,100.0,0.0025,173.5419145339525,,0.323,post-control
40000.0,100.0,0.0025,173.6120891860083,,0.323,post-control
40000.0,100.0,0.0025,173.68226383806407,,0.323,post-control
40000.0,100.0,0.0025,173.75243849011986,,0.323,post-control
40000.0,100.0,0.0025,173.82261314217564,,0.323,post-control
40000.0,100.0,0.0025,173.89278779423142,,0.323,post-control
40000.0,100.0,0.0025,173.9629624462872,,0.323,post-control
40000.0,100.0,0.0025,174.033137098343,,0.323,post-control
40000.0,100.0,0.0025,174.10331175039877,,0.323,post-control
40000.0,100.0,0.0025,174.17348640245456,,0.323,post-control
40000.0,100.0,0.0025,174.24366105451034,,0.323,post-control
40000.0,100.0,0.0025,174.31383570656612,,0.323,post-control
40000.0,100.0,0.0025,174.3840103586219,,0.323,post-control
40000.0,100.0,0.0025,174.4541850106777,,0.323,post-control
40000.0,100.0,0.0025,174.52435966273347,,0.323,post-control
40000.0,100.0,0.0025,174.59453431478926,,0.323,post-control
40000.0,100.0,0.0025,174.66470896684504,,0.323,post-control
40000.0,100.0,0.0025,174.73488361890082,,0.323,post-control
40000.0,100.0,0.0025,174.8050582709566,,0.323,post-control
40000.0,100.0,0.0025,174.8752329230124,,0.323,post-control
40000.0,100.0,0.0025,174.94540757506817,,0.323,post-control
40000.0,100.0,0.0025,175.01558222712396,,0.323,post-control
40000.0,100.0,0.0025,175.08575687917974,,0.323,post-control
40000.0,100.0,0.0025,175.15593153123552,,0.323,post-control
40000.0,100.0,0.0025,175.2261061832913,,0.323,post-control
40000.0,100.0,0.0025,175.2962808353471,,0.323,post-control
40000.0,100.0,0.0025,175.36645548740287,,0.323,post-control
40000.0,100.0,0.0025,175.43663013945866,,0.323,post-control
40000.0,100.0,0.0025,175.50680479151444,,0.323,post-control
40000.0,100.0,0.0025,175.57697944357022,,0.323,post-control
40000.0,100.0,0.0025,175.647154095626,,0.323,post-control
40000.0,100.0,0.0025,175.7173287476818,,0.323,post-control
40000.0,100.0,0.0025,175.78750339973757,,0.323,post-control
40000.0,100.0,0.0025,175.85767805179336,,0.323,post-control
40000.0,100.0,0.0025,175.92785270384914,,0.323,post-control
40000.0,100.0,0.0025,175.99802735590492,,0.323,post-control
40000.0,100.0,0.0025,176.0682020079607,,0.323,post-control
40000.0,100.0,0.0025,176.1383766600165,,0.323,post-control
40000.0,100.0,0.0025,176.20855131207227,,0.323,post-control
40000.0,100.0,0.0025,176.27872596412806,,0.323,post-control
40000.0,100.0,0.0025,176.34890061618384,,0.323,post-control
40000.0,100.0,0.0025,176.41907526823962,,0.323,post-control
40000.0,100.0,0.0025,176.4892499202954,,0.323,post-control
40000.0,100.0,0.0025,176.5594245723512,,0.323,post-control
40000.0,100.0,0.0025,176.62959922440697,,0.323,post-control
40000.0,100.0,0.0025,176.69977387646276,,0.323,post-control
40000.0,100.0,0.0025,176.76994852851854,,0.323,post-control
40000.0,100.0,0.0025,176.84012318057432,,0.323,post-control
40000.0,100.0,0.0025,176.9102978326301,,0.323,post-control
40000.0,100.0,0.0025,176.9804724846859,,0.323,post-control
40000.0,100.0,0.0025,177.05064713674167,,0.323,post-control
40000.0,100.0,0.0025,177.12082178879746,,0.323,post-control
40000.0,100.0,0.0025,177.19099644085324,,0.323,post-control
40000.0,100.0,0.0025,177.26117109290902,,0.323,post-control
40000.0,100.0,0.0025,177.3313457449648,,0.323,post-control
40000.0,100.0,0.0025,177.4015203970206,,0.323,post-control
40000.0,100.0,0.0025,177.47169504907637,,0.323,post-control
40000.0,100.0,0.0025,177.54186970113216,,0.323,post-control
40000.0,100.0,0.0025,177.61204435318794,,0.323,post-control
40000.0,100.0,0.0025,177.68221900524372,,0.323,post-control
40000.0,100.0,0.0025,177.7523936572995,,0.323,post-control
40000.0,100.0,0.0025,177.8225683093553,,0.323,post-control
40000.0,100.0,0.0025,177.89274296141107,,0.323,post-control
40000.0,100.0,0.0025,177.96291761346686,,0.323,post-control
40000.0,100.0,0.0025,178.03309226552264,,0.323,post-control
40000.0,100.0,0.0025,178.10326691757842,,0.323,post-control
40000.0,100.0,0.0025,178.1734415696342,,0.323,post-control
40000.0,100.0,0.0025,178.24361622169,,0.323,post-control
40000.0,100.0,0.0025,178.31379087374577,,0.323,post-control
40000.0,100.0,0.0025,178.38396552580156,,0.323,post-control
40000.0,100.0,0.0025,178.45414017785734,,0.323,post-control
40000.0,100.0,0.0025,178.52431482991312,,0.323,post-control
40000.0,100.0,0.0025,178.5944894819689,,0.323,post-control
40000.0,100.0,0.0025,178.6646641340247,,0.323,post-control
40000.0,100.0,0.0025,178.73483878608047,,0.323,post-control
40000.0,100.0,0.0025,178.80501343813626,,0.323,post-control
40000.0,100.0,0.0025,178.87518809019204,,0.323,post-control
40000.0,100.0,0.0025,178.94536274224782,,0.323,post-control
40000.0,100.0,0.0025,179.0155373943036,,0.323,post-control
40000.0,100.0,0.0025,179.0857120463594,,0.323,post-control
40000.0,100.0,0.0025,179.15588669841517,,0.323,post-control
40000.0,100.0,0.0025,179.22606135047096,,0.323,post-control
40000.0,100.0,0.0025,179.29623600252674,,0.323,post-control
40000.0,100.0,0.0025,179.36641065458252,,0.323,post-control
40000.0,100.0,0.0025,179.4365853066383,,0.323,post-control
40000.0,100.0,0.0025,179.5067599586941,,0.323,post-control
40000.0,100.0,0.0025,179.57693461074987,,0.323,post-control
40000.0,100.0,0.0025,179.64710926280566,,0.323,post-control
40000.0,100.0,0.0025,179.71728391486147,,0.323,post-control
40000.0,100.0,0.0025,179.78745856691725,,0.323,post-control
40000.0,100.0,0.0025,179.85763321897304,,0.323,post-control
40000.0,100.0,0.0025,179.92780787102882,,0.323,post-control
40000.0,100.0,0.0025,179.9979825230846,,0.323,post-control
40000.0,100.0,0.0025,180.06815717514039,,0.323,post-control
40000.0,100.0,0.0025,180.13833182719617,,0.323,post-control
40000.0,100.0,0.0025,180.20850647925195,,0.323,post-control
40000.0,100.0,0.0025,180.27868113130774,,0.323,post-control
40000.0,100.0,0.0025,180.34885578336352,,0.323,post-control
40000.0,100.0,0.0025,180.4190304354193,,0.323,post-control
40000.0,100.0,0.0025,180.48920508747509,,0.323,post-control
40000.0,100.0,0.0025,180.55937973953087,,0.323,post-control
40000.0,100.0,0.0025,180.62955439158665,,0.323,post-control
40000.0,100.0,0.0025,180.69972904364244,,0.323,post-control
40000.0,100.0,0.0025,180.76990369569822,,0.323,post-control
40000.0,100.0,0.0025,180.840078347754,,0.323,post-control
40000.0,100.0,0.0025,180.91025299980979,,0.323,post-control
40000.0,100.0,0.0025,180.98042765186557,,0.323,post-control
40000.0,100.0,0.0025,181.05060230392135,,0.323,post-control
40000.0,100.0,0.0025,181.12077695597714,,0.323,post-control
40000.0,100.0,0.0025,181.19095160803292,,0.323,post-control
40000.0,100.0,0.0025,181.2611262600887,,0.323,post-control
40000.0,100.0,0.0025,181.33130091214448,,0.323,post-control
40000.0,100.0,0.0025,181.40147556420027,,0.323,post-control
40000.0,100.0,0.0025,181.47165021625605,,0.323,post-control
40000.0,100.0,0.0025,181.54182486831183,,0.323,post-control
40000.0,100.0,0.0025,181.61199952036762,,0.323,post-control
40000.0,100.0,0.0025,181.6821741724234,,0.323,post-control
40000.0,100.0,0.0025,181.75234882447918,,0.323,post-control
40000.0,100.0,0.0025,181.82252347653497,,0.323,post-control
40000.0,100.0,0.0025,181.89269812859075,,0.323,post-control
40000.0,100.0,0.0025,181.96287278064653,,0.323,post-control
40000.0,100.0,0.0025,182.03304743270232,,0.323,post-control
40000.0,100.0,0.0025,182.1032220847581,,0.323,post-control
40000.0,100.0,0.0025,182.17339673681388,,0.323,post-control
40000.0,100.0,0.0025,182.24357138886967,,0.323,post-control
40000.0,100.0,0.0025,182.31374604092545,,0.323,post-control
40000.0,100.0,0.0025,182.38392069298123,,0.323,post-control
40000.0,100.0,0.0025,182.45409534503702,,0.323,post-control
40000.0,100.0,0.0025,182.5242699970928,,0.323,post-control
40000.0,100.0,0.0025,182.59444464914858,,0.323,post-control
40000.0,100.0,0.0025,182.66461930120437,,0.323,post-control
40000.0,100.0,0.0025,182.73479395326015,,0.323,post-control
40000.0,100.0,0.0025,182.80496860531593,,0.323,post-control
40000.0,100.0,0.0025,182.87514325737172,,0.323,post-control
40000.0,100.0,0.0025,182.9453179094275,,0.323,post-control
40000.0,100.0,0.0025,183.01549256148328,,0.323,post-control
40000.0,100.0,0.0025,183.08566721353907,,0.323,post-control
40000.0,100.0,0.0025,183.15584186559485,,0.323,post-control
40000.0,100.0,0.0025,183.22601651765063,,0.323,post-control
40000.0,100.0,0.0025,183.29619116970642,,0.323,post-control
40000.0,100.0,0.0025,183.3663658217622,,0.323,post-control
40000.0,100.0,0.0025,183.43654047381798,,0.323,post-control
40000.0,100.0,0.0025,183.50671512587377,,0.323,post-control
40000.0,100.0,0.0025,183.57688977792955,,0.323,post-control
40000.0,100.0,0.0025,183.64706442998533,,0.323,post-control
40000.0,100.0,0.0025,183.71723908204112,,0.323,post-control
40000.0,100.0,0.0025,183.7874137340969,,0.323,post-control
40000.0,100.0,0.0025,183.85758838615268,,0.323,post-control
40000.0,100.0,0.0025,183.92776303820847,,0.323,post-control
40000.0,100.0,0.0025,183.99793769026425,,0.323,post-control
40000.0,100.0,0.0025,184.06811234232003,,0.323,post-control
40000.0,100.0,0.0025,184.13828699437582,,0.323,post-control
40000.0,100.0,0.0025,184.2084616464316,,0.323,post-control
40000.0,100.0,0.0025,184.27863629848738,,0.323,post-control
40000.0,100.0,0.0025,184.34881095054317,,0.323,post-control
40000.0,100.0,0.0025,184.41898560259895,,0.323,post-control
40000.0,100.0,0.0025,184.48916025465473,,0.323,post-control
40000.0,100.0,0.0025,184.55933490671052,,0.323,post-control
40000.0,100.0,0.0025,184.6295095587663,,0.323,post-control
40000.0,100.0,0.0025,184.69968421082208,,0.323,post-control
40000.0,100.0,0.0025,184.76985886287787,,0.323,post-control
40000.0,100.0,0.0025,184.84003351493365,,0.323,post-control
40000.0,100.0,0.0025,184.91020816698943,,0.323,post-control
40000.0,100.0,0.0025,184.98038281904522,,0.323,post-control
40000.0,100.0,0.0025,185.050557471101,,0.323,post-control
40000.0,100.0,0.0025,185.12073212315678,,0.323,post-control
40000.0,100.0,0.0025,185.19090677521257,,0.323,post-control
40000.0,100.0,0.0025,185.26108142726835,,0.323,post-control
40000.0,100.0,0.0025,185.33125607932413,,0.323,post-control
40000.0,100.0,0.0025,185.40143073137992,,0.323,post-control
40000.0,100.0,0.0025,185.4716053834357,,0.323,post-control
40000.0,100.0,0.0025,185.54178003549148,,0.323,post-control
40000.0,100.0,0.0025,185.61195468754727,,0.323,post-control
40000.0,100.0,0.0025,185.68212933960305,,0.323,post-control
40000.0,100.0,0.0025,185.75230399165883,,0.323,post-control
40000.0,100.0,0.0025,185.82247864371462,,0.323,post-control
40000.0,100.0,0.0025,185.8926532957704,,0.323,post-control
40000.0,100.0,0.0025,185.96282794782618,,0.323,post-control
40000.0,100.0,0.0025,186.03300259988197,,0.323,post-control
40000.0,100.0,0.0025,186.10317725193775,,0.323,post-control
40000.0,100.0,0.0025,186.17335190399353,,0.323,post-control
40000.0,100.0,0.0025,186.24352655604932,,0.323,post-control
40000.0,100.0,0.0025,186.3137012081051,,0.323,post-control
40000.0,100.0,0.0025,186.38387586016088,,0.323,post-control
40000.0,100.0,0.0025,186.45405051221667,,0.323,post-control
40000.0,100.0,0.0025,186.52422516427245,,0.323,post-control
40000.0,100.0,0.0025,186.59439981632823,,0.323,post-control
40000.0,100.0,0.0025,186.66457446838402,,0.323,post-control
40000.0,100.0,0.0025,186.7347491204398,,0.323,post-control
40000.0,100.0,0.0025,186.80492377249558,,0.323,post-control
40000.0,100.0,0.0025,186.87509842455137,,0.323,post-control
40000.0,100.0,0.0025,186.94527307660715,,0.323,post-control
40000.0,100.0,0.0025,187.01544772866293,,0.323,post-control
40000.0,100.0,0.0025,187.08562238071872,,0.323,post-control
40000.0,100.0,0.0025,187.1557970327745,,0.323,post-control
40000.0,100.0,0.0025,187.22597168483028,,0.323,post-control
40000.0,100.0,0.0025,187.29614633688607,,0.323,post-control
40000.0,100.0,0.0025,187.36632098894185,,0.323,post-control
40000.0,100.0,0.0025,187.43649564099763,,0.323,post-control
40000.0,100.0,0.0025,187.50667029305342,,0.323,post-control
40000.0,100.0,0.0025,187.5768449451092,,0.323,post-control
40000.0,100.0,0.0025,187.64701959716498,,0.323,post-control
40000.0,100.0,0.0025,187.71719424922077,,0.323,post-control
40000.0,100.0,0.0025,187.78736890127655,,0.323,post-control
40000.0,100.0,0.0025,187.85754355333233,,0.323,post-control
40000.0,100.0,0.0025,187.92771820538812,,0.323,post-control
40000.0,100.0,0.0025,187.9978928574439,,0.323,post-control
40000.0,100.0,0.0025,188.06806750949968,,0.323,post-control
40000.0,100.0,0.0025,188.13824216155547,,0.323,post-control
40000.0,100.0,0.0025,188.20841681361125,,0.323,post-control
40000.0,100.0,0.0025,188.27859146566703,,0.323,post-control
40000.0,100.0,0.0025,188.34876611772282,,0.323,post-control
40000.0,100.0,0.0025,188.4189407697786,,0.323,post-control
40000.0,100.0,0.0025,188.48911542183438,,0.323,post-control
40000.0,100.0,0.0025,188.55929007389017,,0.323,post-control
40000.0,100.0,0.0025,188.62946472594595,,0.323,post-control
40000.0,100.0,0.0025,188.69963937800173,,0.323,post-control
40000.0,100.0,0.0025,188.76981403005752,,0.323,post-control
40000.0,100.0,0.0025,188.8399886821133,,0.323,post-control
40000.0,100.0,0.0025,188.91016333416908,,0.323,post-control
40000.0,100.0,0.0025,188.98033798622487,,0.323,post-control
40000.0,100.0,0.0025,189.05051263828065,,0.323,post-control
40000.0,100.0,0.0025,189.12068729033643,,0.323,post-control
40000.0,100.0,0.0025,189.19086194239222,,0.323,post-control
40000.0,100.0,0.0025,189.261036594448,,0.323,post-control
40000.0,100.0,0.0025,189.33121124650378,,0.323,post-control
40000.0,100.0,0.0025,189.40138589855957,,0.323,post-control
40000.0,100.0,0.0025,189.47156055061535,,0.323,post-control
40000.0,100.0,0.0025,189.54173520267113,,0.323,post-control
40000.0,100.0,0.0025,189.61190985472692,,0.323,post-control
40000.0,100.0,0.0025,189.6820845067827,,0.323,post-control
40000.0,100.0,0.0025,189.75225915883848,,0.323,post-control
40000.0,100.0,0.0025,189.82243381089427,,0.323,post-control
40000.0,100.0,0.0025,189.89260846295005,,0.323,post-control
40000.0,100.0,0.0025,189.96278311500583,,0.323,post-control
40000.0,100.0,0.0025,190.03295776706162,,0.323,post-control
40000.0,100.0,0.0025,190.1031324191174,,0.323,post-control
40000.0,100.0,0.0025,190.17330707117318,,0.323,post-control
40000.0,100.0,0.0025,190.24348172322897,,0.323,post-control
40000.0,100.0,0.0025,190.31365637528475,,0.323,post-control
40000.0,100.0,0.0025,190.38383102734053,,0.323,post-control
40000.0,100.0,0.0025,190.45400567939632,,0.323,post-control
40000.0,100.0,0.0025,190.5241803314521,,0.323,post-control
40000.0,100.0,0.0025,190.59435498350788,,0.323,post-control
40000.0,100.0,0.0025,190.66452963556367,,0.323,post-control
40000.0,100.0,0.0025,190.73470428761945,,0.323,post-control
40000.0,100.0,0.0025,190.80487893967523,,0.323,post-control
40000.0,100.0,0.0025,190.87505359173102,,0.323,post-control
40000.0,100.0,0.0025,190.9452282437868,,0.323,post-control
40000.0,100.0,0.0025,191.01540289584258,,0.323,post-control
40000.0,100.0,0.0025,191.08557754789837,,0.323,post-control
40000.0,100.0,0.0025,191.15575219995415,,0.323,post-control
40000.0,100.0,0.0025,191.22592685200993,,0.323,post-control
40000.0,100.0,0.0025,191.29610150406572,,0.323,post-control
40000.0,100.0,0.0025,191.3662761561215,,0.323,post-control
40000.0,100.0,0.0025,191.43645080817728,,0.323,post-control
40000.0,100.0,0.0025,191.50662546023307,,0.323,post-control
40000.0,100.0,0.0025,191.57680011228885,,0.323,post-control
40000.0,100.0,0.0025,191.64697476434463,,0.323,post-control
40000.0,100.0,0.0025,191.71714941640042,,0.323,post-control
40000.0,100.0,0.0025,191.7873240684562,,0.323,post-control
40000.0,100.0,0.0025,191.85749872051198,,0.323,post-control
40000.0,100.0,0.0025,191.92767337256777,,0.323,post-control
40000.0,100.0,0.0025,191.99784802462355,,0.323,post-control
40000.0,100.0,0.0025,192.06802267667933,,0.323,post-control
40000.0,100.0,0.0025,192.13819732873512,,0.323,post-control
40000.0,100.0,0.0025,192.2083719807909,,0.323,post-control
40000.0,100.0,0.0025,192.27854663284668,,0.323,post-control
40000.0,100.0,0.0025,192.34872128490247,,0.323,post-control
40000.0,100.0,0.0025,192.41889593695825,,0.323,post-control
40000.0,100.0,0.0025,192.48907058901403,,0.323,post-control
40000.0,100.0,0.0025,192.55924524106982,,0.323,post-control
40000.0,100.0,0.0025,192.6294198931256,,0.323,post-control
40000.0,100.0,0.0025,192.69959454518138,,0.323,post-control
40000.0,100.0,0.0025,192.76976919723717,,0.323,post-control
40000.0,100.0,0.0025,192.83994384929295,,0.323,post-control
40000.0,100.0,0.0025,192.91011850134873,,0.323,post-control
40000.0,100.0,0.0025,192.98029315340452,,0.323,post-control
40000.0,100.0,0.0025,193.0504678054603,,0.323,post-control
40000.0,100.0,0.0025,193.12064245751608,,0.323,post-control
40000.0,100.0,0.0025,193.19081710957187,,0.323,post-control
40000.0,100.0,0.0025,193.26099176162765,,0.323,post-control
40000.0,100.0,0.0025,193.33116641368343,,0.323,post-control
40000.0,100.0,0.0025,193.40134106573922,,0.323,post-control
40000.0,100.0,0.0025,193.471515717795,,0.323,post-control
40000.0,100.0,0.0025,193.54169036985078,,0.323,post-control
40000.0,100.0,0.0025,193.61186502190657,,0.323,post-control
40000.0,100.0,0.0025,193.68203967396235,,0.323,post-control
40000.0,100.0,0.0025,193.75221432601813,,0.323,post-control
40000.0,100.0,0.0025,193.82238897807392,,0.323,post-control
40000.0,100.0,0.0025,193.8925636301297,,0.323,post-control
40000.0,100.0,0.0025,193.96273828218548,,0.323,post-control
40000.0,100.0,0.0025,194.0329129342413,,0.323,post-control
40000.0,100.0,0.0025,194.10308758629708,,0.323,post-control
40000.0,100.0,0.0025,194.17326223835286,,0.323,post-control
40000.0,100.0,0.0025,194.24343689040865,,0.323,post-control
40000.0,100.0,0.0025,194.31361154246443,,0.323,post-control
40000.0,100.0,0.0025,194.3837861945202,,0.323,post-control
40000.0,100.0,0.0025,194.453960846576,,0.323,post-control
40000.0,100.0,0.0025,194.52413549863178,,0.323,post-control
40000.0,100.0,0.0025,194.59431015068756,,0.323,post-control
40000.0,100.0,0.0025,194.66448480274335,,0.323,post-control
40000.0,100.0,0.0025,194.73465945479913,,0.323,post-control
40000.0,100.0,0.0025,194.8048341068549,,0.323,post-control
40000.0,100.0,0.0025,194.8750087589107,,0.323,post-control
40000.0,100.0,0.0025,194.94518341096648,,0.323,post-control
40000.0,100.0,0.0025,195.01535806302226,,0.323,post-control
40000.0,100.0,0.0025,195.08553271507805,,0.323,post-control
40000.0,100.0,0.0025,195.15570736713383,,0.323,post-control
40000.0,100.0,0.0025,195.2258820191896,,0.323,post-control
40000.0,100.0,0.0025,195.2960566712454,,0.323,post-control
40000.0,100.0,0.0025,195.36623132330118,,0.323,post-control
40000.0,100.0,0.0025,195.43640597535696,,0.323,post-control
40000.0,100.0,0.0025,195.50658062741275,,0.323,post-control
40000.0,100.0,0.0025,195.57675527946853,,0.323,post-control
40000.0,100.0,0.0025,195.6469299315243,,0.323,post-control
40000.0,100.0,0.0025,195.7171045835801,,0.323,post-control
40000.0,100.0,0.0025,195.78727923563588,,0.323,post-control
40000.0,100.0,0.0025,195.85745388769166,,0.323,post-control
40000.0,100.0,0.0025,195.92762853974745,,0.323,post-control
40000.0,100.0,0.0025,195.99780319180323,,0.323,post-control
40000.0,100.0,0.0025,196.067977843859,,0.323,post-control
40000.0,100.0,0.0025,196.1381524959148,,0.323,post-control
40000.0,100.0,0.0025,196.20832714797058,,0.323,post-control
40000.0,100.0,0.0025,196.27850180002636,,0.323,post-control
40000.0,100.0,0.0025,196.34867645208215,,0.323,post-control
40000.0,100.0,0.0025,196.41885110413793,,0.323,post-control
40000.0,100.0,0.0025,196.4890257561937,,0.323,post-control
40000.0,100.0,0.0025,196.5592004082495,,0.323,post-control
40000.0,100.0,0.0025,196.62937506030528,,0.323,post-control
40000.0,100.0,0.0025,196.69954971236106,,0.323,post-control
40000.0,100.0,0.0025,196.76972436441685,,0.323,post-control
40000.0,100.0,0.0025,196.83989901647263,,0.323,post-control
40000.0,100.0,0.0025,196.9100736685284,,0.323,post-control
40000.0,100.0,0.0025,196.9802483205842,,0.323,post-control
40000.0,100.0,0.0025,197.05042297263998,,0.323,post-control
40000.0,100.0,0.0025,197.12059762469576,,0.323,post-control
40000.0,100.0,0.0025,197.19077227675155,,0.323,post-control
40000.0,100.0,0.0025,197.26094692880733,,0.323,post-control
40000.0,100.0,0.0025,197.3311215808631,,0.323,post-control
40000.0,100.0,0.0025,197.4012962329189,,0.323,post-control
40000.0,100.0,0.0025,197.47147088497468,,0.323,post-control
40000.0,100.0,0.0025,197.54164553703046,,0.323,post-control
40000.0,100.0,0.0025,197.61182018908625,,0.323,post-control
40000.0,100.0,0.0025,197.68199484114203,,0.323,post-control
40000.0,100.0,0.0025,197.7521694931978,,0.323,post-control
40000.0,100.0,0.0025,197.8223441452536,,0.323,post-control
40000.0,100.0,0.0025,197.89251879730938,,0.323,post-control
40000.0,100.0,0.0025,197.96269344936516,,0.323,post-control
40000.0,100.0,0.0025,198.03286810142095,,0.323,post-control
40000.0,100.0,0.0025,198.10304275347673,,0.323,post-control
40000.0,100.0,0.0025,198.1732174055325,,0.323,post-control
40000.0,100.0,0.0025,198.2433920575883,,0.323,post-control
40000.0,100.0,0.0025,198.31356670964408,,0.323,post-control
40000.0,100.0,0.0025,198.38374136169986,,0.323,post-control
40000.0,100.0,0.0025,198.45391601375565,,0.323,post-control
40000.0,100.0,0.0025,198.52409066581143,,0.323,post-control
40000.0,100.0,0.0025,198.5942653178672,,0.323,post-control
40000.0,100.0,0.0025,198.664439969923,,0.323,post-control
40000.0,100.0,0.0025,198.73461462197878,,0.323,post-control
40000.0,100.0,0.0025,198.80478927403456,,0.323,post-control
40000.0,100.0,0.0025,198.87496392609035,,0.323,post-control
40000.0,100.0,0.0025,198.94513857814613,,0.323,post-control
40000.0,100.0,0.0025,199.0153132302019,,0.323,post-control
40000.0,100.0,0.0025,199.0854878822577,,0.323,post-control
40000.0,100.0,0.0025,199.15566253431348,,0.323,post-control
40000.0,100.0,0.0025,199.22583718636926,,0.323,post-control
40000.0,100.0,0.0025,199.29601183842504,,0.323,post-control
40000.0,100.0,0.0025,199.36618649048083,,0.323,post-control
40000.0,100.0,0.0025,199.4363611425366,,0.323,post-control
40000.0,100.0,0.0025,199.5065357945924,,0.323,post-control
40000.0,100.0,0.0025,199.57671044664818,,0.323,post-control
40000.0,100.0,0.0025,199.64688509870396,,0.323,post-control
40000.0,100.0,0.0025,199.71705975075974,,0.323,post-control
40000.0,100.0,0.0025,199.78723440281553,,0.323,post-control
40000.0,100.0,0.0025,199.8574090548713,,0.323,post-control
40000.0,100.0,0.0025,199.9275837069271,,0.323,post-control
40000.0,100.0,0.0025,199.99775835898288,,0.323,post-control
40000.0,100.0,0.0025,200.06793301103866,,0.323,post-control
40000.0,100.0,0.0025,200.13810766309444,,0.323,post-control
40000.0,100.0,0.0025,200.20828231515023,,0.323,post-control
40000.0,100.0,0.0025,200.278456967206,,0.323,post-control
40000.0,100.0,0.0025,200.3486316192618,,0.323,post-control
40000.0,100.0,0.0025,200.41880627131758,,0.323,post-control
40000.0,100.0,0.0025,200.48898092337336,,0.323,post-control
40000.0,100.0,0.0025,200.55915557542914,,0.323,post-control
40000.0,100.0,0.0025,200.62933022748493,,0.323,post-control
40000.0,100.0,0.0025,200.6995048795407,,0.323,post-control
40000.0,100.0,0.0025,200.7696795315965,,0.323,post-control
40000.0,100.0,0.0025,200.83985418365228,,0.323,post-control
40000.0,100.0,0.0025,200.91002883570806,,0.323,post-control
40000.0,100.0,0.0025,200.98020348776384,,0.323,post-control
40000.0,100.0,0.0025,201.05037813981963,,0.323,post-control
40000.0,100.0,0.0025,201.1205527918754,,0.323,post-control
40000.0,100.0,0.0025,201.1907274439312,,0.323,post-control
40000.0,100.0,0.0025,201.26090209598698,,0.323,post-control
40000.0,100.0,0.0025,201.33107674804276,,0.323,post-control
40000.0,100.0,0.0025,201.40125140009854,,0.323,post-control
40000.0,100.0,0.0025,201.47142605215433,,0.323,post-control
40000.0,100.0,0.0025,201.5416007042101,,0.323,post-control
40000.0,100.0,0.0025,201.6117753562659,,0.323,post-control
40000.0,100.0,0.0025,201.68195000832168,,0.323,post-control
40000.0,100.0,0.0025,201.75212466037746,,0.323,post-control
40000.0,100.0,0.0025,201.82229931243324,,0.323,post-control
40000.0,100.0,0.0025,201.89247396448903,,0.323,post-control
40000.0,100.0,0.0025,201.9626486165448,,0.323,post-control
40000.0,100.0,0.0025,202.0328232686006,,0.323,post-control
40000.0,100.0,0.0025,202.10299792065638,,0.323,post-control
40000.0,100.0,0.0025,202.17317257271216,,0.323,post-control
40000.0,100.0,0.0025,202.24334722476794,,0.323,post-control
40000.0,100.0,0.0025,202.31352187682373,,0.323,post-control
40000.0,100.0,0.0025,202.3836965288795,,0.323,post-control
40000.0,100.0,0.0025,202.4538711809353,,0.323,post-control
40000.0,100.0,0.0025,202.52404583299108,,0.323,post-control
40000.0,100.0,0.0025,202.59422048504686,,0.323,post-control
40000.0,100.0,0.0025,202.66439513710264,,0.323,post-control
40000.0,100.0,0.0025,202.73456978915843,,0.323,post-control
40000.0,100.0,0.0025,202.8047444412142,,0.323,post-control
40000.0,100.0,0.0025,202.87491909327,,0.323,post-control
40000.0,100.0,0.0025,202.94509374532578,,0.323,post-control
40000.0,100.0,0.0025,203.01526839738156,,0.323,post-control
40000.0,100.0,0.0025,203.08544304943734,,0.323,post-control
40000.0,100.0,0.0025,203.15561770149313,,0.323,post-control
40000.0,100.0,0.0025,203.2257923535489,,0.323,post-control
40000.0,100.0,0.0025,203.2959670056047,,0.323,post-control
40000.0,100.0,0.0025,203.36614165766048,,0.323,post-control
40000.0,100.0,0.0025,203.43631630971626,,0.323,post-control
40000.0,100.0,0.0025,203.50649096177204,,0.323,post-control
40000.0,100.0,0.0025,203.57666561382783,,0.323,post-control
40000.0,100.0,0.0025,203.6468402658836,,0.323,post-control
40000.0,100.0,0.0025,203.7170149179394,,0.323,post-control
40000.0,100.0,0.0025,203.78718956999518,,0.323,post-control
40000.0,100.0,0.0025,203.85736422205096,,0.323,post-control
40000.0,100.0,0.0025,203.92753887410674,,0.323,post-control
40000.0,100.0,0.0025,203.99771352616253,,0.323,post-control
40000.0,100.0,0.0025,204.0678881782183,,0.323,post-control
40000.0,100.0,0.0025,204.1380628302741,,0.323,post-control
40000.0,100.0,0.0025,204.20823748232988,,0.323,post-control
40000.0,100.0,0.0025,204.27841213438566,,0.323,post-control
40000.0,100.0,0.0025,204.34858678644144,,0.323,post-control
40000.0,100.0,0.0025,204.41876143849723,,0.323,post-control
40000.0,100.0,0.0025,204.488936090553,,0.323,post-control
40000.0,100.0,0.0025,204.5591107426088,,0.323,post-control
40000.0,100.0,0.0025,204.62928539466458,,0.323,post-control
40000.0,100.0,0.0025,204.69946004672036,,0.323,post-control
40000.0,100.0,0.0025,204.76963469877614,,0.323,post-control
40000.0,100.0,0.0025,204.83980935083193,,0.323,post-control
40000.0,100.0,0.0025,204.9099840028877,,0.323,post-control
40000.0,100.0,0.0025,204.9801586549435,,0.323,post-control
40000.0,100.0,0.0025,205.05033330699928,,0.323,post-control
40000.0,100.0,0.0025,205.12050795905506,,0.323,post-control
40000.0,100.0,0.0025,205.19068261111084,,0.323,post-control
40000.0,100.0,0.0025,205.26085726316663,,0.323,post-control
40000.0,100.0,0.0025,205.3310319152224,,0.323,post-control
40000.0,100.0,0.0025,205.4012065672782,,0.323,post-control
40000.0,100.0,0.0025,205.47138121933398,,0.323,post-control
40000.0,100.0,0.0025,205.54155587138976,,0.323,post-control
40000.0,100.0,0.0025,205.61173052344554,,0.323,post-control
40000.0,100.0,0.0025,205.68190517550133,,0.323,post-control
40000.0,100.0,0.0025,205.7520798275571,,0.323,post-control
40000.0,100.0,0.0025,205.8222544796129,,0.323,post-control
40000.0,100.0,0.0025,205.89242913166868,,0.323,post-control
40000.0,100.0,0.0025,205.96260378372446,,0.323,post-control
40000.0,100.0,0.0025,206.03277843578024,,0.323,post-control
40000.0,100.0,0.0025,206.10295308783603,,0.323,post-control
40000.0,100.0,0.0025,206.1731277398918,,0.323,post-control
40000.0,100.0,0.0025,206.2433023919476,,0.323,post-control
40000.0,100.0,0.0025,206.31347704400338,,0.323,post-control
40000.0,100.0,0.0025,206.38365169605916,,0.323,post-control
40000.0,100.0,0.0025,206.45382634811494,,0.323,post-control
40000.0,100.0,0.0025,206.52400100017073,,0.323,post-control
40000.0,100.0,0.0025,206.5941756522265,,0.323,post-control
40000.0,100.0,0.0025,206.6643503042823,,0.323,post-control
40000.0,100.0,0.0025,206.73452495633808,,0.323,post-control
40000.0,100.0,0.0025,206.80469960839386,,0.323,post-control
40000.0,100.0,0.0025,206.87487426044964,,0.323,post-control
40000.0,100.0,0.0025,206.94504891250543,,0.323,post-control
40000.0,100.0,0.0025,207.0152235645612,,0.323,post-control
40000.0,100.0,0.0025,207.085398216617,,0.323,post-control
40000.0,100.0,0.0025,207.15557286867278,,0.323,post-control
40000.0,100.0,0.0025,207.22574752072856,,0.323,post-control
40000.0,100.0,0.0025,207.29592217278434,,0.323,post-control
40000.0,100.0,0.0025,207.36609682484013,,0.323,post-control
40000.0,100.0,0.0025,207.4362714768959,,0.323,post-control
40000.0,100.0,0.0025,207.5064461289517,,0.323,post-control
40000.0,100.0,0.0025,207.57662078100748,,0.323,post-control
40000.0,100.0,0.0025,207.64679543306326,,0.323,post-control
40000.0,100.0,0.0025,207.71697008511904,,0.323,post-control
40000.0,100.0,0.0025,207.78714473717483,,0.323,post-control
40000.0,100.0,0.0025,207.8573193892306,,0.323,post-control
40000.0,100.0,0.0025,207.9274940412864,,0.323,post-control
40000.0,100.0,0.0025,207.99766869334218,,0.323,post-control
40000.0,100.0,0.0025,208.06784334539796,,0.323,post-control
40000.0,100.0,0.0025,208.13801799745374,,0.323,post-control
40000.0,100.0,0.0025,208.20819264950953,,0.323,post-control
40000.0,100.0,0.0025,208.2783673015653,,0.323,post-control
40000.0,100.0,0.0025,208.3485419536211,,0.323,post-control
40000.0,100.0,0.0025,208.4187166056769,,0.323,post-control
40000.0,100.0,0.0025,208.4888912577327,,0.323,post-control
40000.0,100.0,0.0025,208.55906590978847,,0.323,post-control
40000.0,100.0,0.0025,208.62924056184426,,0.323,post-control
40000.0,100.0,0.0025,208.69941521390004,,0.323,post-control
40000.0,100.0,0.0025,208.76958986595582,,0.323,post-control
40000.0,100.0,0.0025,208.8397645180116,,0.323,post-control
40000.0,100.0,0.0025,208.9099391700674,,0.323,post-control
40000.0,100.0,0.0025,208.98011382212317,,0.323,post-control
40000.0,100.0,0.0025,209.05028847417896,,0.323,post-control
40000.0,100.0,0.0025,209.12046312623474,,0.323,post-control
40000.0,100.0,0.0025,209.19063777829052,,0.323,post-control
40000.0,100.0,0.0025,209.2608124303463,,0.323,post-control
40000.0,100.0,0.0025,209.3309870824021,,0.323,post-control
40000.0,100.0,0.0025,209.40116173445787,,0.323,post-control
40000.0,100.0,0.0025,209.47133638651366,,0.323,post-control
40000.0,100.0,0.0025,209.54151103856944,,0.323,post-control
40000.0,100.0,0.0025,209.61168569062522,,0.323,post-control
40000.0,100.0,0.0025,209.681860342681,,0.323,post-control
40000.0,100.0,0.0025,209.7520349947368,,0.323,post-control
40000.0,100.0,0.0025,209.82220964679257,,0.323,post-control
40000.0,100.0,0.0025,209.89238429884836,,0.323,post-control
40000.0,100.0,0.0025,209.96255895090414,,0.323,post-control
40000.0,100.0,0.0025,210.03273360295992,,0.323,post-control
40000.0,100.0,0.0025,210.1029082550157,,0.323,post-control
40000.0,100.0,0.0025,210.1730829070715,,0.323,post-control
40000.0,100.0,0.0025,210.24325755912727,,0.323,post-control
40000.0,100.0,0.0025,210.31343221118306,,0.323,post-control
40000.0,100.0,0.0025,210.38360686323884,,0.323,post-control
40000.0,100.0,0.0025,210.4537815152946,,0.323,post-control
50000.0,100.0,0.002,0.0,0.0013085564730700168,0.323,pre-control
50000.0,100.0,0.002,0.024952525736663757,0.0013420091122977075,0.323,pre-control
50000.0,100.0,0.002,0.049905051473327515,0.0013763170004508533,0.323,pre-control
50000.0,100.0,0.002,0.07017465205578347,0.0014048986859902188,0.323,pre-control
50000.0,100.0,0.002,0.07485757720999127,0.0014115019682610001,0.323,pre-control
50000.0,100.0,0.002,0.09981010294665503,0.0014475863872306382,0.323,pre-control
50000.0,100.0,0.002,0.12476262868331879,0.0014845932426396655,0.323,pre-control
50000.0,100.0,0.002,0.14034930411156693,0.0015083006379692687,0.323,pre-control
50000.0,100.0,0.002,0.14971515441998254,0.0015225461335453868,0.323,pre-control
50000.0,100.0,0.002,0.1746676801566463,0.0015614692727825156,0.323,pre-control
50000.0,100.0,0.002,0.19962020589331006,0.0016013874869631722,0.323,pre-control
50000.0,100.0,0.002,0.2105239561673504,0.0016192768857304527,0.323,pre-control
50000.0,100.0,0.002,0.22457273162997382,0.001642326216476885,0.323,pre-control
50000.0,100.0,0.002,0.24952525736663758,0.0016843115455435784,0.323,pre-control
50000.0,100.0,0.002,0.27447778310330134,0.0017273702699369905,0.323,pre-control
50000.0,100.0,0.002,0.28069860822313386,0.0017383795124049706,0.323,pre-control
50000.0,100.0,0.002,0.2994303088399651,0.0017715297505093753,0.323,pre-control
50000.0,100.0,0.002,0.32438283457662886,0.0018168180905776717,0.323,pre-control
50000.0,100.0,0.002,0.3493353603132926,0.0018632641553755827,0.323,pre-control
50000.0,100.0,0.002,0.3508732602789173,0.0018661999475532874,0.323,pre-control
50000.0,100.0,0.002,0.3742878860499564,0.0019108975720535765,0.323,pre-control
50000.0,100.0,0.002,0.3992404117866201,0.0019597487296788853,0.323,pre-control
50000.0,100.0,0.002,0.4210479123347008,0.0020035341512308017,0.323,pre-control
50000.0,100.0,0.002,0.42419293752328385,0.0020098487792355054,0.323,pre-control
50000.0,100.0,0.002,0.44914546325994764,0.0020612296336241977,0.323,pre-control
50000.0,100.0,0.002,0.4740979889966114,0.002113924062825989,0.323,pre-control
50000.0,100.0,0.002,0.4912225643904843,0.0021510120486743266,0.323,pre-control
50000.0,100.0,0.002,0.49905051473327516,0.0021679656317476212,0.323,pre-control
50000.0,100.0,0.002,0.524003040469939,0.0022233887000492523,0.323,pre-control
50000.0,100.0,0.002,0.5489555662066027,0.002280228569595024,0.323,pre-control
50000.0,100.0,0.002,0.5613972164462677,0.0023092941667061492,0.323,pre-control
50000.0,100.0,0.002,0.5739080919432664,0.002338521484601963,0.323,pre-control
50000.0,100.0,0.002,0.5988606176799302,0.002398304631639979,0.323,pre-control
50000.0,100.0,0.002,0.6238131434165939,0.002459616139631867,0.323,pre-control
50000.0,100.0,0.002,0.6315718685020512,0.0024791676838719834,0.323,pre-control
50000.0,100.0,0.002,0.6487656691532577,0.0025224950798533037,0.323,pre-control
50000.0,100.0,0.002,0.6737181948899215,0.002586981522618366,0.323,pre-control
50000.0,100.0,0.002,0.6986707206265852,0.0026531165859628083,0.323,pre-control
50000.0,100.0,0.002,0.7017465205578346,0.002661477197916907,0.323,pre-control
50000.0,100.0,0.002,0.7236232463632489,0.002720942318982501,0.323,pre-control
50000.0,100.0,0.002,0.7485757720999128,0.0027905019153915546,0.323,pre-control
50000.0,100.0,0.002,0.7719211726136181,0.002857245047085786,0.323,pre-control
50000.0,100.0,0.002,0.7735282978365765,0.002861839723897694,0.323,pre-control
50000.0,100.0,0.002,0.7984808235732402,0.002935001248202262,0.323,pre-control
50000.0,100.0,0.002,0.823433349309904,0.003010033147000219,0.323,pre-control
50000.0,100.0,0.002,0.8420958246694016,0.0030675856015024046,0.323,pre-control
50000.0,100.0,0.002,0.8483858750465677,0.003086983233980139,0.323,pre-control
50000.0,100.0,0.002,0.8733384007832315,0.0031659005572125393,0.323,pre-control
50000.0,100.0,0.002,0.8982909265198953,0.003246835409001051,0.323,pre-control
50000.0,100.0,0.002,0.912270476725185,0.0032933379795070943,0.323,pre-control
50000.0,100.0,0.002,0.923243452256559,0.0033298392660875255,0.323,pre-control
50000.0,100.0,0.002,0.9481959779932227,0.0034149650044016395,0.323,pre-control
50000.0,100.0,0.002,0.9731485037298866,0.0035022669033209124,0.323,pre-control
50000.0,100.0,0.002,0.9824451287809686,0.0035356247141024957,0.323,pre-control
50000.0,100.0,0.002,0.9981010294665503,0.003591800645670707,0.323,pre-control
50000.0,100.0,0.002,1.023053555203214,0.0036836233177242306,0.323,pre-control
50000.0,100.0,0.002,1.048006080939878,0.0037777934178538897,0.323,pre-control
50000.0,100.0,0.002,1.052619780836752,0.003795650529090217,0.323,pre-control
50000.0,100.0,0.002,1.0729586066765415,0.0038743710101695117,0.323,pre-control
50000.0,100.0,0.002,1.0979111324132054,0.003973417547156434,0.323,pre-control
50000.0,100.0,0.002,1.1227944328925354,0.004074714275569175,0.323,pre-control
50000.0,100.0,0.002,1.122863658149869,0.004074996082723224,0.323,pre-control
50000.0,100.0,0.002,1.1478161838865328,0.0041791713626760305,0.323,pre-control
50000.0,100.0,0.002,1.1727687096231967,0.004286009824718578,0.323,pre-control
50000.0,100.0,0.002,1.192969084948319,0.004374712290235129,0.323,pre-control
50000.0,100.0,0.002,1.1977212353598603,0.004395579598452168,0.323,pre-control
50000.0,100.0,0.002,1.2226737610965241,0.004507950505375685,0.323,pre-control
50000.0,100.0,0.002,1.2476262868331878,0.004623194188437842,0.323,pre-control
50000.0,100.0,0.002,1.2631437370041023,0.004696693966051555,0.323,pre-control
50000.0,100.0,0.002,1.2725788125698516,0.004741384037436542,0.323,pre-control
50000.0,100.0,0.002,1.2975313383065155,0.004862595273625786,0.323,pre-control
50000.0,100.0,0.002,1.322483864043179,0.0049869051430984045,0.323,pre-control
50000.0,100.0,0.002,1.3333183890598859,0.005042261041257013,0.323,pre-control
50000.0,100.0,0.002,1.347436389779843,0.005114392916798581,0.323,pre-control
50000.0,100.0,0.002,1.3723889155165068,0.0052451398905218405,0.323,pre-control
50000.0,100.0,0.002,1.3973414412531704,0.005379229384915695,0.323,pre-control
50000.0,100.0,0.002,1.4034930411156692,0.005413131870315702,0.323,pre-control
50000.0,100.0,0.002,1.4222939669898342,0.0055167468857917875,0.323,pre-control
50000.0,100.0,0.002,1.4472464927264979,0.005657779965202543,0.323,pre-control
50000.0,100.0,0.002,1.4721990184631617,0.005802418399037145,0.323,pre-control
50000.0,100.0,0.002,1.4736676931714527,0.0058111492702784436,0.323,pre-control
50000.0,100.0,0.002,1.4971515441998255,0.005950754370319387,0.323,pre-control
50000.0,100.0,0.002,1.5221040699364892,0.006102882469207678,0.323,pre-control
50000.0,100.0,0.002,1.5438423452272363,0.00623880239156666,0.323,pre-control
50000.0,100.0,0.002,1.547056595673153,0.006258899692995043,0.323,pre-control
50000.0,100.0,0.002,1.5720091214098166,0.006418905457451303,0.323,pre-control
50000.0,100.0,0.002,1.5969616471464805,0.0065830017801567125,0.323,pre-control
50000.0,100.0,0.002,1.6140169972830196,0.00669803091733708,0.323,pre-control
50000.0,100.0,0.002,1.6219141728831443,0.006751293107099931,0.323,pre-control
50000.0,100.0,0.002,1.646866698619808,0.006923886620255077,0.323,pre-control
50000.0,100.0,0.002,1.6718192243564718,0.007100892345494907,0.323,pre-control
50000.0,100.0,0.002,1.6841916493388032,0.007190902323501896,0.323,pre-control
50000.0,100.0,0.002,1.6967717500931354,0.007282423152590794,0.323,pre-control
50000.0,100.0,0.002,1.7217242758297993,0.0074685947552127485,0.323,pre-control
50000.0,100.0,0.002,1.746676801566463,0.007659525804300427,0.323,pre-control
50000.0,100.0,0.002,1.7543663013945867,0.007719868292143696,0.323,pre-control
50000.0,100.0,0.002,1.7716293273031267,0.007855337952629831,0.323,pre-control
50000.0,100.0,0.002,1.7965818530397906,0.008056155846189945,0.323,pre-control
50000.0,100.0,0.002,1.8215343787764542,0.008262107461925306,0.323,pre-control
50000.0,100.0,0.002,1.82454095345037,0.008287557336370677,0.323,pre-control
50000.0,100.0,0.002,1.846486904513118,0.008473324117411165,0.323,pre-control
50000.0,100.0,0.002,1.8714394302497819,0.008689940470853466,0.323,pre-control
50000.0,100.0,0.002,1.8947156055061536,0.008897169896285306,0.323,pre-control
50000.0,100.0,0.002,1.8963919559864455,0.008912094562517065,0.323,pre-control
50000.0,100.0,0.002,1.9213444817231093,0.009139927990512553,0.323,pre-control
50000.0,100.0,0.002,1.9462970074597732,0.009373585782236427,0.323,pre-control
50000.0,100.0,0.002,1.9648902575619371,0.009552145650123906,0.323,pre-control
50000.0,100.0,0.002,1.9712495331964368,0.009613216813633085,0.323,pre-control
50000.0,100.0,0.002,1.9962020589331007,0.009858973863811585,0.323,pre-control
50000.0,100.0,0.002,2.0211545846697643,0.010111013615045635,0.323,pre-control
50000.0,100.0,0.002,2.0350649096177205,0.010255110590773789,0.323,pre-control
50000.0,100.0,0.002,2.046107110406428,0.010369496684915292,0.323,pre-control
50000.0,100.0,0.002,2.071059636143092,0.010634587828917323,0.323,pre-control
50000.0,100.0,0.002,2.096012161879756,0.010906455807168943,0.323,pre-control
50000.0,100.0,0.002,2.105239561673504,0.011009562221495177,0.323,pre-control
50000.0,100.0,0.002,2.120964687616419,0.01118527383983223,0.323,pre-control
50000.0,100.0,0.002,2.145917213353083,0.011471219684760663,0.323,pre-control
50000.0,100.0,0.002,2.170869739089747,0.011764475637499088,0.323,pre-control
50000.0,100.0,0.002,2.1754142137292876,0.011819250218696573,0.323,pre-control
50000.0,100.0,0.002,2.1958222648264107,0.012065228585959454,0.323,pre-control
50000.0,100.0,0.002,2.2207747905630746,0.012373670197934413,0.323,pre-control
50000.0,100.0,0.002,2.245588865785071,0.01268824169397637,0.323,pre-control
50000.0,100.0,0.002,2.245727316299738,0.012689996850480773,0.323,pre-control
50000.0,100.0,0.002,2.270679842036402,0.013014410121672804,0.323,pre-control
50000.0,100.0,0.002,2.2956323677730657,0.013347116840354261,0.323,pre-control
50000.0,100.0,0.002,2.315763517840854,0.013622399390799836,0.323,pre-control
50000.0,100.0,0.002,2.3205848935097295,0.013688329086138401,0.323,pre-control
50000.0,100.0,0.002,2.3455374192463934,0.014038264324589553,0.323,pre-control
50000.0,100.0,0.002,2.3704899449830568,0.014397145480276388,0.323,pre-control
50000.0,100.0,0.002,2.385938169896638,0.014625010432416792,0.323,pre-control
50000.0,100.0,0.002,2.3954424707197206,0.014765201105733296,0.323,pre-control
50000.0,100.0,0.002,2.4203949964563845,0.015142665797088454,0.323,pre-control
50000.0,100.0,0.002,2.4453475221930483,0.015529780199806206,0.323,pre-control
50000.0,100.0,0.002,2.4561128219524213,0.01570106308425963,0.323,pre-control
50000.0,100.0,0.002,2.470300047929712,0.01592679102886862,0.323,pre-control
50000.0,100.0,0.002,2.4952525736663755,0.016333951322652803,0.323,pre-control
50000.0,100.0,0.002,2.5202050994030394,0.016751520344883693,0.323,pre-control
50000.0,100.0,0.002,2.5262874740082046,0.016855908146645945,0.323,pre-control
50000.0,100.0,0.002,2.5451576251397032,0.017179764160687856,0.323,pre-control
50000.0,100.0,0.002,2.570110150876367,0.017618955775909863,0.323,pre-control
50000.0,100.0,0.002,2.595062676613031,0.01806937513711228,0.323,pre-control
50000.0,100.0,0.002,2.5964621260639884,0.01809528247563627,0.323,pre-control
50000.0,100.0,0.002,2.6200152023496943,0.01853130931476053,0.323,pre-control
50000.0,100.0,0.002,2.644967728086358,0.01900505255099699,0.323,pre-control
50000.0,100.0,0.002,2.6666367781197717,0.01942697360565286,0.323,pre-control
50000.0,100.0,0.002,2.669920253823022,0.019490906612845887,0.323,pre-control
50000.0,100.0,0.002,2.694872779559686,0.019989181198908107,0.323,pre-control
50000.0,100.0,0.002,2.7198253052963497,0.02050019394042679,0.323,pre-control
50000.0,100.0,0.002,2.736811430175555,0.020856952618249974,0.323,pre-control
50000.0,100.0,0.002,2.7447778310330135,0.021024270511950126,0.323,pre-control
50000.0,100.0,0.002,2.769730356769677,0.021561744819676057,0.323,pre-control
50000.0,100.0,0.002,2.794682882506341,0.022112959184038317,0.323,pre-control
50000.0,100.0,0.002,2.8069860822313384,0.022391691270514873,0.323,pre-control
50000.0,100.0,0.002,2.8196354082430046,0.022678264935135646,0.323,pre-control
50000.0,100.0,0.002,2.8445879339796685,0.023258022436314828,0.323,pre-control
50000.0,100.0,0.002,2.8695404597163323,0.02385260117442291,0.323,pre-control
50000.0,100.0,0.002,2.877160734287122,0.024038822085400625,0.323,pre-control
50000.0,100.0,0.002,2.8944929854529957,0.024462379999412764,0.323,pre-control
50000.0,100.0,0.002,2.9194455111896596,0.025087747284050096,0.323,pre-control
50000.0,100.0,0.002,2.9443980369263234,0.02572910160954638,0.323,pre-control
50000.0,100.0,0.002,2.9473353863429055,0.02580653033089884,0.323,pre-control
50000.0,100.0,0.002,2.9693505626629872,0.026386851808210997,0.323,pre-control
50000.0,100.0,0.002,2.994303088399651,0.02706141707251879,0.323,pre-control
50000.0,100.0,0.002,3.017510038398689,0.027704831015658772,0.323,pre-control
50000.0,100.0,0.002,3.0192556141363145,0.027753227197338907,0.323,pre-control
50000.0,100.0,0.002,3.0442081398729783,0.028462722834334243,0.323,pre-control
50000.0,100.0,0.002,3.069160665609642,0.029190356197080686,0.323,pre-control
50000.0,100.0,0.002,3.0876846904544726,0.02974433914545486,0.323,pre-control
50000.0,100.0,0.002,3.094113191346306,0.0299365910943437,0.323,pre-control
50000.0,100.0,0.002,3.11906571708297,0.03070190311002212,0.323,pre-control
50000.0,100.0,0.002,3.1440182428196333,0.03148677979068246,0.323,pre-control
50000.0,100.0,0.002,3.157859342510256,0.03193327861973285,0.323,pre-control
50000.0,100.0,0.002,3.168970768556297,0.03229172114449832,0.323,pre-control
50000.0,100.0,0.002,3.193923294292961,0.033117240247587665,0.323,pre-control
50000.0,100.0,0.002,3.218875820029625,0.03396386325691427,0.323,pre-control
50000.0,100.0,0.002,3.2280339945660392,0.03428253784774561,0.323,pre-control
50000.0,100.0,0.002,3.2438283457662886,0.03483212973269746,0.323,pre-control
50000.0,100.0,0.002,3.268780871502952,0.03572259271102406,0.323,pre-control
50000.0,100.0,0.002,3.293733397239616,0.03663581960341,0.323,pre-control
50000.0,100.0,0.002,3.298208646621823,0.03680379447770692,0.323,pre-control
50000.0,100.0,0.002,3.3186859229762797,0.0375723925217084,0.323,pre-control
50000.0,100.0,0.002,3.3436384487129436,0.03853290836152797,0.323,pre-control
50000.0,100.0,0.002,3.3683832986776063,0.03950978056514381,0.323,pre-control
50000.0,100.0,0.002,3.3685909744496074,0.03951797914744768,0.323,pre-control
50000.0,100.0,0.002,3.393543500186271,0.040528232357925444,0.323,pre-control
50000.0,100.0,0.002,3.4184960259229347,0.041564311876253056,0.323,pre-control
50000.0,100.0,0.002,3.4385579507333897,0.04241861910297611,0.323,pre-control
50000.0,100.0,0.002,3.4434485516595985,0.04262687806884071,0.323,pre-control
50000.0,100.0,0.002,3.4684010773962624,0.04371660810859861,0.323,pre-control
50000.0,100.0,0.002,3.493353603132926,0.0448341961409468,0.323,pre-control
50000.0,100.0,0.002,3.5087326027891734,0.04554060823059555,0.323,pre-control
50000.0,100.0,0.002,3.5183061288695896,0.04598035429437977,0.323,pre-control
50000.0,100.0,0.002,3.5432586546062534,0.04715581312723145,0.323,pre-control
50000.0,100.0,0.002,3.5682111803429173,0.04836132176602948,0.323,pre-control
50000.0,100.0,0.002,3.5789072548449568,0.0488912817617161,0.323,pre-control
50000.0,100.0,0.002,3.593163706079581,0.04959764827340854,0.323,pre-control
50000.0,100.0,0.002,3.618116231816245,0.05086558026983059,0.323,pre-control
50000.0,100.0,0.002,3.6430687575529084,0.05216592589329115,0.323,pre-control
50000.0,100.0,0.002,3.64908190690074,0.0524872987223438,0.323,pre-control
50000.0,100.0,0.002,3.668021283289572,0.05349951388922081,0.323,pre-control
50000.0,100.0,0.002,3.692973809026236,0.05486719404140925,0.323,pre-control
50000.0,100.0,0.002,3.7179263347629,0.056269837573281384,0.323,pre-control
50000.0,100.0,0.002,3.719256558956524,0.056346524343909216,0.323,pre-control
50000.0,100.0,0.002,3.7428788604995638,0.05770833841165472,0.323,pre-control
50000.0,100.0,0.002,3.7678313862362276,0.059183613371618184,0.323,pre-control
50000.0,100.0,0.002,3.789431211012307,0.06049331252596449,0.323,pre-control
50000.0,100.0,0.002,3.792783911972891,0.0606966025831003,0.323,pre-control
50000.0,100.0,0.002,3.817736437709555,0.062248269827878504,0.323,pre-control
50000.0,100.0,0.002,3.8426889634462187,0.06383960393642667,0.323,pre-control
50000.0,100.0,0.002,3.8596058630680905,0.06494605053804056,0.323,pre-control
50000.0,100.0,0.002,3.8676414891828825,0.06547161913543628,0.323,pre-control
50000.0,100.0,0.002,3.8925940149195464,0.06714535545539561,0.323,pre-control
50000.0,100.0,0.002,3.9175465406562098,0.06886187909953938,0.323,pre-control
50000.0,100.0,0.002,3.9297805151238743,0.0697249880186788,0.323,pre-control
50000.0,100.0,0.002,3.9424990663928736,0.07062228391118044,0.323,pre-control
50000.0,100.0,0.002,3.9674515921295375,0.07242769186311819,0.323,pre-control
50000.0,100.0,0.002,3.9924041178662013,0.0742792534751039,0.323,pre-control
50000.0,100.0,0.002,3.9999551671796576,0.07485389061619319,0.323,pre-control
50000.0,100.0,0.002,4.017356643602865,0.0761781482454931,0.323,pre-control
50000.0,100.0,0.002,4.0423091693395286,0.07812558622874033,0.323,pre-control
50000.0,100.0,0.002,4.067261695076192,0.08012280857887202,0.323,pre-control
50000.0,100.0,0.002,4.070129819235441,0.08035824445452855,0.323,pre-control
50000.0,100.0,0.002,4.092214220812856,0.08217108801883626,0.323,pre-control
50000.0,100.0,0.002,4.11716674654952,0.08427172936855289,0.323,pre-control
50000.0,100.0,0.002,4.140304471291224,0.08626938566685088,0.323,pre-control
50000.0,100.0,0.002,4.142119272286184,0.08642607128214841,0.323,pre-control
50000.0,100.0,0.002,4.167071798022848,0.08863548674596677,0.323,pre-control
50000.0,100.0,0.002,4.192024323759512,0.09090138362305632,0.323,pre-control
50000.0,100.0,0.002,4.210479123347008,0.09262007396957134,0.323,pre-control
50000.0,100.0,0.002,4.216976849496175,0.09322520539643539,0.323,pre-control
50000.0,100.0,0.002,4.241929375232838,0.09560843300634761,0.323,pre-control
50000.0,100.0,0.002,4.266881900969502,0.09805258525950708,0.323,pre-control
50000.0,100.0,0.002,4.280653775402792,0.099436054482403,0.323,pre-control
50000.0,100.0,0.002,4.291834426706166,0.10055921945497638,0.323,pre-control
50000.0,100.0,0.002,4.31678695244283,0.10312993255013275,0.323,pre-control
50000.0,100.0,0.002,4.341739478179494,0.10576636287021396,0.323,pre-control
50000.0,100.0,0.002,4.350828427458575,0.10675123119549591,0.323,pre-control
50000.0,100.0,0.002,4.366692003916158,0.10847019050520619,0.323,pre-control
50000.0,100.0,0.002,4.3916445296528215,0.11124313803164762,0.323,pre-control
50000.0,100.0,0.002,4.416597055389485,0.11408697228789107,0.323,pre-control
50000.0,100.0,0.002,4.4210030795143584,0.1146019628909053,0.323,pre-control
50000.0,100.0,0.002,4.441549581126149,0.11700350563216151,0.323,pre-control
50000.0,100.0,0.002,4.466502106862813,0.11999459652716433,0.323,pre-control
50000.0,100.0,0.002,4.491177731570142,0.1230281094570478,0.323,pre-control
50000.0,100.0,0.002,4.491454632599476,0.12306215045348644,0.323,pre-control
50000.0,100.0,0.002,4.51640715833614,0.12620812221672187,0.323,pre-control
50000.0,100.0,0.002,4.541359684072804,0.12943451663123612,0.323,pre-control
50000.0,100.0,0.002,4.561352383625925,0.13208568300851342,0.323,pre-control
50000.0,100.0,0.002,4.5663122098094675,0.1327433893067554,0.323,pre-control
50000.0,100.0,0.002,4.591264735546131,0.13613684839455997,0.323,pre-control
50000.0,100.0,0.002,4.616217261282795,0.13961705646173111,0.323,pre-control
50000.0,100.0,0.002,4.631527035681708,0.14180694536429994,0.323,pre-control
50000.0,100.0,0.002,4.641169787019459,0.14318623114569393,0.323,pre-control
50000.0,100.0,0.002,4.666122312756123,0.14684664620533036,0.323,pre-control
50000.0,100.0,0.002,4.691074838492787,0.1506006341601443,0.323,pre-control
50000.0,100.0,0.002,4.701701687737492,0.1522402625972959,0.323,pre-control
50000.0,100.0,0.002,4.716027364229451,0.15445058722097055,0.323,pre-control
50000.0,100.0,0.002,4.7409798899661135,0.15839895821520503,0.323,pre-control
50000.0,100.0,0.002,4.765932415702777,0.16244826277052668,0.323,pre-control
50000.0,100.0,0.002,4.771876339793276,0.16343750283767428,0.323,pre-control
50000.0,100.0,0.002,4.790884941439441,0.16660108132261703,0.323,pre-control
50000.0,100.0,0.002,4.815837467176105,0.1708600599290679,0.323,pre-control
50000.0,100.0,0.002,4.840789992912769,0.1752279118267434,0.323,pre-control
50000.0,100.0,0.002,4.842050991849059,0.17545428792783593,0.323,pre-control
50000.0,100.0,0.002,4.865742518649433,0.17970742035455697,0.323,pre-control
50000.0,100.0,0.002,4.890695044386097,0.18430143987774053,0.323,pre-control
50000.0,100.0,0.002,4.912225643904843,0.18836677975425814,0.323,pre-control
50000.0,100.0,0.002,4.91564757012276,0.18901289706725216,0.323,pre-control
50000.0,100.0,0.002,4.940600095859424,0.19384479397199222,0.323,pre-control
50000.0,100.0,0.002,4.965552621596088,0.19880020956403474,0.323,pre-control
50000.0,100.0,0.002,4.982400295960626,0.20223158242410808,0.323,pre-control
50000.0,100.0,0.002,4.990505147332751,0.20388230088123688,0.323,pre-control
50000.0,100.0,0.002,5.015457673069415,0.20909430584038657,0.323,pre-control
50000.0,100.0,0.002,5.040410198806079,0.21443954562948386,0.323,pre-control
50000.0,100.0,0.002,5.052574948016409,0.21711204852751928,0.323,pre-control
50000.0,100.0,0.002,5.065362724542743,0.21992142578924145,0.323,pre-control
50000.0,100.0,0.002,5.0903152502794065,0.225543438709641,0.323,pre-control
50000.0,100.0,0.002,5.11526777601607,0.23130916678115887,0.323,pre-control
50000.0,100.0,0.002,5.122749600072193,0.23308216963575248,0.323,pre-control
50000.0,100.0,0.002,5.140220301752734,0.23722228355971017,0.323,pre-control
50000.0,100.0,0.002,5.165172827489398,0.24328655600528673,0.323,pre-control
50000.0,100.0,0.002,5.190125353226062,0.24950584821129151,0.323,pre-control
50000.0,100.0,0.002,5.192924252127977,0.2502212926451646,0.323,pre-control
50000.0,100.0,0.002,5.215077878962726,0.2558841227667447,0.323,pre-control
50000.0,100.0,0.002,5.240030404699389,0.26242544286917335,0.323,pre-control
50000.0,100.0,0.002,5.26309890418376,0.2686274524431264,0.323,pre-control
50000.0,100.0,0.002,5.2649829304360525,0.26913397645272713,0.323,pre-control
50000.0,100.0,0.002,5.289935456172716,0.2760139978102324,0.323,pre-control
50000.0,100.0,0.002,5.31488798190938,0.2830698897149912,0.323,pre-control
50000.0,100.0,0.002,5.3332735562395435,0.28840172517985757,0.323,pre-control
50000.0,100.0,0.002,5.339840507646044,0.29030614784169356,0.323,pre-control
50000.0,100.0,0.002,5.364793033382708,0.2977273826537398,0.323,pre-control
50000.0,100.0,0.002,5.389745559119372,0.305338321639257,0.323,pre-control
50000.0,100.0,0.002,5.403448208295327,0.3096246982847499,0.323,pre-control
50000.0,100.0,0.002,5.4146980848560355,0.31314381400721303,0.323,pre-control
50000.0,100.0,0.002,5.439650610592699,0.32114883278938694,0.323,pre-control
50000.0,100.0,0.002,5.464603136329363,0.3293584772882595,0.323,pre-control
50000.0,100.0,0.002,5.47362286035111,0.3324019196354556,0.323,pre-control
50000.0,100.0,0.002,5.489555662066027,0.3377779780749095,0.323,pre-control
50000.0,100.0,0.002,5.51450818780269,0.3464126992135627,0.323,pre-control
50000.0,100.0,0.002,5.539460713539354,0.3552681410623628,0.323,pre-control
50000.0,100.0,0.002,5.5437975124068934,0.3568465768443763,0.323,pre-control
50000.0,100.0,0.002,5.564413239276018,0.36434994556318073,0.323,pre-control
50000.0,100.0,0.002,5.589365765012682,0.3736638984940175,0.323,pre-control
50000.0,100.0,0.002,5.613972164462677,0.3830834328214661,0.323,pre-control
50000.0,100.0,0.002,5.614318290749345,0.3832159328422649,0.323,pre-control
50000.0,100.0,0.002,5.639270816486009,0.393012134262966,0.323,pre-control
50000.0,100.0,0.002,5.664223342222673,0.4030587433288404,0.323,pre-control
50000.0,100.0,0.002,5.684146816518461,0.41128555989897353,0.323,pre-control
50000.0,100.0,0.002,5.689175867959337,0.41336215974855883,0.323,pre-control
50000.0,100.0,0.002,5.714128393696001,0.4239289477299017,0.323,pre-control
50000.0,100.0,0.002,5.739080919432665,0.43476583834239463,0.323,pre-control
50000.0,100.0,0.002,5.754321468574244,0.4415540042726477,0.323,pre-control
50000.0,100.0,0.002,5.764033445169328,0.4458797347975601,0.323,pre-control
50000.0,100.0,0.002,5.788985970905991,0.4572777173808379,0.323,pre-control
50000.0,100.0,0.002,5.813938496642655,0.46896704623372587,0.323,pre-control
50000.0,100.0,0.002,5.824496120630028,0.474039321482733,0.323,pre-control
50000.0,100.0,0.002,5.838891022379319,0.4809551676941675,0.323,pre-control
50000.0,100.0,0.002,5.863843548115983,0.4932497185768088,0.323,pre-control
50000.0,100.0,0.002,5.888796073852647,0.5058585297906855,0.323,pre-control
50000.0,100.0,0.002,5.894670772685811,0.5089029646690705,0.323,pre-control
50000.0,100.0,0.002,5.913748599589311,0.518789633463209,0.323,pre-control
50000.0,100.0,0.002,5.9387011253259745,0.5320512664930248,0.323,pre-control
50000.0,100.0,0.002,5.963653651062638,0.5456518757094053,0.323,pre-control
50000.0,100.0,0.002,5.964845424741594,0.5463180670360276,0.323,pre-control
50000.0,100.0,0.002,5.988606176799302,0.5596001248750087,0.323,pre-control
50000.0,100.0,0.002,6.013558702535965,0.5739048980247533,0.323,pre-control
50000.0,100.0,0.002,6.035020076797378,0.5865227441158962,0.323,pre-control
50000.0,100.0,0.002,6.038511228272629,0.588575306615344,0.323,pre-control
50000.0,100.0,0.002,6.063463754009293,0.60362069533779,0.323,pre-control
50000.0,100.0,0.002,6.088416279745957,0.6190506464575775,0.323,pre-control
50000.0,100.0,0.002,6.105194728853162,0.6296911690378333,0.323,pre-control
50000.0,100.0,0.002,6.1133688054826205,0.6348749882569259,0.323,pre-control
50000.0,100.0,0.002,6.138321331219284,0.6511037995144723,0.323,pre-control
50000.0,100.0,0.002,6.163273856955948,0.6677474161430977,0.323,pre-control
50000.0,100.0,0.002,6.175369380908945,0.6760214794100877,0.323,pre-control
50000.0,100.0,0.002,6.188226382692612,0.6848164391485209,0.323,pre-control
50000.0,100.0,0.002,6.213178908429276,0.7023217390483999,0.323,pre-control
50000.0,100.0,0.002,6.23813143416594,0.7202744649999469,0.323,pre-control
50000.0,100.0,0.002,6.2455440329647285,0.7257439593712753,0.323,pre-control
50000.0,100.0,0.002,6.263083959902603,0.7386860508380214,0.323,pre-control
50000.0,100.0,0.002,6.2880364856392665,0.7575682216589347,0.323,pre-control
50000.0,100.0,0.002,6.31298901137593,0.7769330033817117,0.323,pre-control
50000.0,100.0,0.002,6.315718685020512,0.779105551637822,0.323,pre-control
50000.0,100.0,0.002,6.337941537112594,0.7967927277785638,0.323,pre-control
50000.0,100.0,0.002,6.362894062849258,0.817160042434352,0.323,pre-control
50000.0,100.0,0.002,6.385893337076295,0.8364128420565445,0.323,pre-control
50000.0,100.0,0.002,6.387846588585922,0.8380479179965662,0.323,pre-control
50000.0,100.0,0.002,6.412799114322586,0.8594696554917458,0.323,pre-control
50000.0,100.0,0.002,6.43775164005925,0.8814388970565802,0.323,pre-control
50000.0,100.0,0.002,6.4560679891320785,0.8979775355584632,0.323,pre-control
50000.0,100.0,0.002,6.4627041657959134,0.9039696318240127,0.323,pre-control
50000.0,100.0,0.002,6.487656691532577,0.9270762072101685,0.323,pre-control
50000.0,100.0,0.002,6.512609217269241,0.9507733367975472,0.323,pre-control
50000.0,100.0,0.002,6.526242641187863,0.9640517521139933,0.323,pre-control
50000.0,100.0,0.002,6.537561743005904,0.975076109300144,0.323,pre-control
50000.0,100.0,0.002,6.562514268742568,1.0,0.323,pre-control
50000.0,100.0,0.002,6.587513619520475,1.0256094540088248,0.323,pre-control
50000.0,100.0,0.002,6.596417293243646,1.0349639812970788,0.323,pre-control
50000.0,100.0,0.002,6.612512970298382,1.051874691966947,0.323,pre-control
50000.0,100.0,0.002,6.637512321076289,1.0788124747975631,0.323,pre-control
50000.0,100.0,0.002,6.662511671854196,1.10643998028065,0.323,pre-control
50000.0,100.0,0.002,6.666591945299429,1.1110646622348552,0.323,pre-control
50000.0,100.0,0.002,6.687511022632103,1.1347748573326986,0.323,pre-control
50000.0,100.0,0.002,6.7125103734100104,1.1638352260067057,0.323,pre-control
50000.0,100.0,0.002,6.736766597355213,1.1927537149794045,0.323,pre-control
50000.0,100.0,0.002,6.737509724187917,1.1936396774921776,0.323,pre-control
50000.0,100.0,0.002,6.762509074965824,1.2242072741151329,0.323,pre-control
50000.0,100.0,0.002,6.787508425743731,1.255557549338095,0.323,pre-control
50000.0,100.0,0.002,6.806941249410996,1.2805511307006698,0.323,pre-control
50000.0,100.0,0.002,6.812507776521638,1.2877105353568843,0.323,pre-control
50000.0,100.0,0.002,6.837507127299546,1.320686802502478,0.323,pre-control
50000.0,100.0,0.002,6.862506478077452,1.3545073609394438,0.323,pre-control
50000.0,100.0,0.002,6.877115901466779,1.3747778389321912,0.323,pre-control
50000.0,100.0,0.002,6.8875058288553594,1.3891937942278887,0.323,pre-control
50000.0,100.0,0.002,6.912505179633266,1.4247682698097954,0.323,pre-control
50000.0,100.0,0.002,6.937504530411173,1.4612535390090318,0.323,pre-control
50000.0,100.0,0.002,6.947290553522563,1.4759014031521362,0.323,pre-control
50000.0,100.0,0.002,6.962503881189081,1.4986729370313419,0.323,pre-control
50000.0,100.0,0.002,6.987503231966987,1.5370503829643494,0.323,pre-control
50000.0,100.0,0.002,7.012502582744895,1.5764103803676068,0.323,pre-control
50000.0,100.0,0.002,7.017465205578347,1.584423780017119,0.323,pre-control
50000.0,100.0,0.002,7.037501933522801,1.6167781043484255,0.323,pre-control
50000.0,100.0,0.002,7.0625012843007084,1.6581793119103199,0.323,pre-control
50000.0,100.0,0.002,7.087500635078616,1.7006403965090535,0.323,pre-control
50000.0,100.0,0.002,7.08763985763413,1.700882917784127,0.323,pre-control
50000.0,100.0,0.002,7.112499985856522,1.7441884724962107,0.323,pre-control
50000.0,100.0,0.002,7.13749933663443,1.788851375119201,0.323,pre-control
50000.0,100.0,0.002,7.1578145096899135,1.8260748463700573,0.323,pre-control
50000.0,100.0,0.002,7.162498687412336,1.8346576605212483,0.323,pre-control
50000.0,100.0,0.002,7.187498038190244,1.8816366057414027,0.323,pre-control
50000.0,100.0,0.002,7.212497388968151,1.9298182087145308,0.323,pre-control
50000.0,100.0,0.002,7.227989161745697,1.960440069580214,0.323,pre-control
50000.0,100.0,0.002,7.2374967397460575,1.979233253218865,0.323,pre-control
50000.0,100.0,0.002,7.262496090523965,2.029913291182991,0.323,pre-control
50000.0,100.0,0.002,7.287495441301871,2.0818906188432083,0.323,pre-control
50000.0,100.0,0.002,7.29816381380148,2.104639505932231,0.323,pre-control
50000.0,100.0,0.002,7.312494792079779,2.1351984132763646,0.323,pre-control
50000.0,100.0,0.002,7.337494142857686,2.189870733553713,0.323,pre-control
50000.0,100.0,0.002,7.362493493635593,2.245942520740914,0.323,pre-control
50000.0,100.0,0.002,7.3683384658572635,2.2593879606452956,0.323,pre-control
50000.0,100.0,0.002,7.3874928444135,2.303449597898044,0.323,pre-control
50000.0,100.0,0.002,7.412492195191407,2.36242867026267,0.323,pre-control
50000.0,100.0,0.002,7.437491545969314,2.422917419398297,0.323,pre-control
50000.0,100.0,0.002,7.438513117913048,2.425452495780434,0.323,pre-control
50000.0,100.0,0.002,7.462490896747221,2.4849544243440174,0.323,pre-control
50000.0,100.0,0.002,7.487490247525128,2.5485792243819385,0.323,pre-control
50000.0,100.0,0.002,7.508687769968831,2.6039089116325314,0.323,pre-control
50000.0,100.0,0.002,7.512489598303035,2.6138324285562953,0.323,pre-control
50000.0,100.0,0.002,7.5374889490809425,2.680755715673433,0.323,pre-control
50000.0,100.0,0.002,7.562488299858849,2.7493918343018158,0.323,pre-control
50000.0,100.0,0.002,7.578862422024614,2.795497823243592,0.323,pre-control
50000.0,100.0,0.002,7.587487650636756,2.8197846027720335,0.323,pre-control
50000.0,100.0,0.002,7.612487001414664,2.89197893517212,0.323,pre-control
50000.0,100.0,0.002,7.63748635219257,2.9660209304435408,0.323,pre-control
50000.0,100.0,0.002,7.649037074080398,3.0011068446255385,0.323,pre-control
50000.0,100.0,0.002,7.662485702970478,3.041957749329611,0.323,pre-control
50000.0,100.0,0.002,7.687485053748384,3.1198378137838936,0.323,pre-control
50000.0,100.0,0.002,7.7124844045262915,3.199710832929465,0.323,pre-control
50000.0,100.0,0.002,7.719211726136181,3.2217546775182355,0.323,pre-control
50000.0,100.0,0.002,7.737483755304199,3.281627803058889,0.323,pre-control
50000.0,100.0,0.002,7.762483106082105,3.365641007634232,0.323,pre-control
50000.0,100.0,0.002,7.787482456860013,3.4518040264941914,0.323,pre-control
50000.0,100.0,0.002,7.789386378191964,3.4585340170926395,0.323,pre-control
50000.0,100.0,0.002,7.812481807637919,3.5401718560253395,0.323,pre-control
50000.0,100.0,0.002,7.837481158415827,3.630800774881507,0.323,pre-control
50000.0,100.0,0.002,7.8595610302477485,3.7128938922320027,0.323,pre-control
50000.0,100.0,0.002,7.862480509193734,3.723748535299658,0.323,pre-control
50000.0,100.0,0.002,7.8874798599716405,3.819074426893182,0.323,pre-control
50000.0,100.0,0.002,7.912479210749548,3.9168392766519067,0.323,pre-control
50000.0,100.0,0.002,7.929735682303532,3.9860506879930844,0.323,pre-control
50000.0,100.0,0.002,7.937478561527454,4.017105448942071,0.323,pre-control
50000.0,100.0,0.002,7.962477912305362,4.11993685855135,0.323,pre-control
50000.0,100.0,0.002,7.987477263083269,4.225399095253396,0.323,pre-control
50000.0,100.0,0.002,7.999910334359315,4.279191028972098,0.323,pre-control
50000.0,100.0,0.002,8.012476613861175,4.333559290767317,0.323,pre-control
50000.0,100.0,0.002,8.037475964639082,4.444486342119315,0.323,pre-control
50000.0,100.0,0.002,8.06247531541699,4.558250970047217,0.323,pre-control
50000.0,100.0,0.002,8.070084986415099,4.593766150469669,0.323,pre-control
50000.0,100.0,0.002,8.087474666194897,4.674925719000514,0.323,pre-control
50000.0,100.0,0.002,8.112474016972804,4.794584957140348,0.323,pre-control
50000.0,100.0,0.002,8.137473367750712,4.917304922586917,0.323,pre-control
50000.0,100.0,0.002,8.140259638470882,4.931332363417863,0.323,pre-control
50000.0,100.0,0.002,8.162472718528617,5.043163803172549,0.323,pre-control
50000.0,100.0,0.002,8.187472069306525,5.172241666265883,0.323,pre-control
50000.0,100.0,0.002,8.210434290526665,5.293833501376838,0.323,pre-control
50000.0,100.0,0.002,8.212471420084432,5.304620712200779,0.323,pre-control
50000.0,100.0,0.002,8.23747077086234,5.440385290974766,0.323,pre-control
50000.0,100.0,0.002,8.262470121640247,5.579621902249031,0.323,pre-control
50000.0,100.0,0.002,8.280608942582449,5.683231577033645,0.323,pre-control
50000.0,100.0,0.002,8.287469472418152,5.722419199393025,0.323,pre-control
50000.0,100.0,0.002,8.31246882319606,5.868868129771219,0.323,pre-control
50000.0,100.0,0.002,8.337468173973967,6.0190618231976165,0.323,pre-control
50000.0,100.0,0.002,8.350783594638232,6.101105051279146,0.323,pre-control
50000.0,100.0,0.002,8.362467524751874,6.17309581802787,0.323,pre-control
50000.0,100.0,0.002,8.387466875529782,6.331068171487388,0.323,pre-control
50000.0,100.0,0.002,8.412466226307687,6.493079459671317,0.323,pre-control
50000.0,100.0,0.002,8.420958246694015,6.5495200198750965,0.323,pre-control
50000.0,100.0,0.002,8.437465577085595,6.659232777544598,0.323,pre-control
50000.0,100.0,0.002,8.462464927863502,6.829633843180761,0.323,pre-control
50000.0,100.0,0.002,8.48746427864141,7.00439098604093,0.323,pre-control
50000.0,100.0,0.002,8.491132898749798,7.0306918992518534,0.323,pre-control
50000.0,100.0,0.002,8.512463629419317,7.18361525448881,0.323,pre-control
50000.0,100.0,0.002,8.537462980197223,7.36742063133257,0.323,pre-control
50000.0,100.0,0.002,8.561307550805584,7.547216608686424,0.323,pre-control
50000.0,100.0,0.002,8.56246233097513,7.555924034482535,0.323,pre-control
50000.0,100.0,0.002,8.587461681753037,7.749245316951109,0.323,pre-control
50000.0,100.0,0.002,8.612461032530945,7.947507365285658,0.323,pre-control
50000.0,100.0,0.002,8.631482202861367,8.102213414574406,0.323,pre-control
50000.0,100.0,0.002,8.637460383308852,8.150836115643775,0.323,pre-control
50000.0,100.0,0.002,8.66245973408676,8.35936065493698,0.323,pre-control
50000.0,100.0,0.002,8.687459084864665,8.57321347033921,0.323,pre-control
50000.0,100.0,0.002,8.70165685491715,8.697769187469298,0.323,pre-control
50000.0,100.0,0.002,8.712458435642572,8.792530451274807,0.323,pre-control
50000.0,100.0,0.002,8.73745778642048,9.01745088951637,0.323,pre-control
50000.0,100.0,0.002,8.762457137198387,9.24811761734426,0.323,pre-control
50000.0,100.0,0.002,8.771831506972934,9.336823712238267,0.323,pre-control
50000.0,100.0,0.002,8.787456487976293,9.484676963276483,0.323,pre-control
50000.0,100.0,0.002,8.8124558387542,9.727278980675965,0.323,pre-control
50000.0,100.0,0.002,8.837455189532108,9.976077647205699,0.323,pre-control
50000.0,100.0,0.002,8.842006159028717,10.022526633848607,0.323,pre-control
50000.0,100.0,0.002,8.862454540310015,10.231230864828786,0.323,pre-control
50000.0,100.0,0.002,8.887453891087922,10.492900476964174,0.323,pre-control
50000.0,100.0,0.002,8.9121808110845,10.758328069531522,0.323,pre-control
50000.0,100.0,0.002,8.91245324186583,10.761252438860154,0.323,pre-control
50000.0,100.0,0.002,8.937452592643735,11.03645673600508,0.323,pre-control
50000.0,100.0,0.002,8.962451943421643,11.318687774567957,0.323,pre-control
50000.0,100.0,0.002,8.982355463140284,11.549126114623009,0.323,pre-control
50000.0,100.0,0.002,8.98745129419955,11.608124466025078,0.323,pre-control
50000.0,100.0,0.002,9.012450644977458,11.90495022716008,0.323,pre-control
50000.0,100.0,0.002,9.037449995755363,12.209353078105197,0.323,pre-control
50000.0,100.0,0.002,9.052530115196067,12.397661989796543,0.323,pre-control
50000.0,100.0,0.002,9.06244934653327,12.521525707538844,0.323,pre-control
50000.0,100.0,0.002,9.087448697311178,12.841665620182882,0.323,pre-control
50000.0,100.0,0.002,9.112448048089085,13.169975464994568,0.323,pre-control
50000.0,100.0,0.002,9.12270476725185,13.308111448451388,0.323,pre-control
50000.0,100.0,0.002,9.137447398866993,13.506663040298848,0.323,pre-control
50000.0,100.0,0.002,9.1624467496449,13.851941327378118,0.323,pre-control
50000.0,100.0,0.002,9.187446100422806,14.206028664175003,0.323,pre-control
50000.0,100.0,0.002,9.192879419307634,14.284948598185752,0.323,pre-control
50000.0,100.0,0.002,9.212445451200713,14.569148730477993,0.323,pre-control
50000.0,100.0,0.002,9.23744480197862,14.941531007804459,0.323,pre-control
50000.0,100.0,0.002,9.262444152756528,15.323410838252325,0.323,pre-control
50000.0,100.0,0.002,9.263054071363417,15.332965305135195,0.323,pre-control
50000.0,100.0,0.002,9.287443503534433,15.715029435230406,0.323,pre-control
50000.0,100.0,0.002,9.31244285431234,16.116634079379555,0.323,pre-control
50000.0,100.0,0.002,9.3332287234192,16.459064389132664,0.323,pre-control
50000.0,100.0,0.002,9.337442205090248,16.5284780771694,0.323,pre-control
50000.0,100.0,0.002,9.362441555868156,16.950821245074838,0.323,pre-control
50000.0,100.0,0.002,9.387440906646063,17.383930042577823,0.323,pre-control
50000.0,100.0,0.002,9.403403375474984,17.66752505466061,0.323,pre-control
50000.0,100.0,0.002,9.41244025742397,17.828077577768465,0.323,pre-control
50000.0,100.0,0.002,9.437439608201876,18.283543805537008,0.323,pre-control
50000.0,100.0,0.002,9.462438958979783,18.750615503588513,0.323,pre-control
50000.0,100.0,0.002,9.473578027530769,18.964032798731793,0.323,pre-control
50000.0,100.0,0.002,9.48743830975769,19.229586774744494,0.323,pre-control
50000.0,100.0,0.002,9.512437660535598,19.720759222448404,0.323,pre-control
50000.0,100.0,0.002,9.537437011313504,20.22444196052754,0.323,pre-control
50000.0,100.0,0.002,9.543752679586552,20.35492954724456,0.323,pre-control
50000.0,100.0,0.002,9.562436362091411,20.74095182321653,0.323,pre-control
50000.0,100.0,0.002,9.587435712869318,21.270613361844198,0.323,pre-control
50000.0,100.0,0.002,9.612435063647226,21.813759408628766,0.323,pre-control
50000.0,100.0,0.002,9.613927331642335,21.8470063211242,0.323,pre-control
50000.0,100.0,0.002,9.637434414425133,22.370731233046158,0.323,pre-control
50000.0,100.0,0.002,9.66243376520304,22.94187857183952,0.323,pre-control
50000.0,100.0,0.002,9.684101983698119,23.44951854566432,0.323,pre-control
50000.0,100.0,0.002,9.687433115980946,23.527559844040816,0.323,pre-control
50000.0,100.0,0.002,9.712432466758854,24.12814222103297,0.323,pre-control
50000.0,100.0,0.002,9.737431817536761,24.744002242222287,0.323,pre-control
50000.0,100.0,0.002,9.754276635753902,25.169529343686303,0.323,pre-control
50000.0,100.0,0.002,9.762431168314668,25.375525903556913,0.323,pre-control
50000.0,100.0,0.002,9.787430519092574,26.023108744749948,0.323,pre-control
50000.0,100.0,0.002,9.812429869870481,26.68715602261547,0.323,pre-control
50000.0,100.0,0.002,9.824451287809685,27.014592835684482,0.323,pre-control
50000.0,100.0,0.002,9.837429220648389,27.368082997196176,0.323,pre-control
50000.0,100.0,0.002,9.862428571426296,28.06631547040076,0.323,pre-control
50000.0,100.0,0.002,9.887427922204203,28.782289808534674,0.323,pre-control
50000.0,100.0,0.002,9.894625939865469,28.993676127400207,0.323,pre-control
50000.0,100.0,0.002,9.91242727298211,29.516453155119343,0.323,pre-control
50000.0,100.0,0.002,9.937426623760016,30.269263492089195,0.323,pre-control
50000.0,100.0,0.002,9.962425974537924,31.041190302222933,0.323,pre-control
50000.0,100.0,0.002,9.964800591921252,31.116374970272474,0.323,pre-control
50000.0,100.0,0.002,9.987425325315831,31.832714824399524,0.323,pre-control
50000.0,100.0,0.002,10.012424676093739,32.644330125114585,0.323,pre-control
50000.0,100.0,0.002,10.034975243977035,33.39502301448217,0.323,pre-control
50000.0,100.0,0.002,10.037424026871644,33.476541312207594,0.323,pre-control
50000.0,100.0,0.002,10.062423377649552,34.329865847551986,0.323,pre-control
50000.0,100.0,0.002,10.087422728427459,35.20483419817772,0.323,pre-control
50000.0,100.0,0.002,10.105149896032819,35.84101188756792,0.323,pre-control
50000.0,100.0,0.002,10.112422079205366,36.101989884195824,0.323,pre-control
50000.0,100.0,0.002,10.137421429983274,37.02188972080386,0.323,pre-control
50000.0,100.0,0.002,10.162420780761181,37.965103944573976,0.323,pre-control
50000.0,100.0,0.002,10.175324548088602,38.4642929920606,0.323,pre-control
50000.0,100.0,0.002,10.187420131539088,38.9322170198453,0.323,pre-control
50000.0,100.0,0.002,10.212419482316994,39.92382783222098,0.323,pre-control
50000.0,100.0,0.002,10.237418833094901,40.94054985558192,0.323,pre-control
50000.0,100.0,0.002,10.245499200144385,41.27749745624731,0.323,pre-control
50000.0,100.0,0.002,10.262418183872809,41.98301131942675,0.323,pre-control
50000.0,100.0,0.002,10.287417534650714,43.05185589702788,0.323,pre-control
50000.0,100.0,0.002,10.312416885428622,44.147743156252574,0.323,pre-control
50000.0,100.0,0.002,10.315673852200169,44.29412878977413,0.323,pre-control
50000.0,100.0,0.002,10.33741623620653,45.27134866344468,0.323,pre-control
50000.0,100.0,0.002,10.362415586984437,46.42336421061159,0.323,pre-control
50000.0,100.0,0.002,10.385848504255954,47.53048972537119,0.323,pre-control
50000.0,100.0,0.002,10.387414937762344,47.604498372352886,0.323,pre-control
50000.0,100.0,0.002,10.412414288540251,48.81547716946839,0.323,pre-control
50000.0,100.0,0.002,10.437413639318159,50.05704416163733,0.323,pre-control
50000.0,100.0,0.002,10.456023156311737,51.0046032455812,0.323,pre-control
50000.0,100.0,0.002,10.462412990096064,51.32996069840065,0.323,pre-control
50000.0,100.0,0.002,10.487412340873972,52.635006421293376,0.323,pre-control
50000.0,100.0,0.002,10.512411691651879,53.97298005832364,0.323,pre-control
50000.0,100.0,0.002,10.52619780836752,54.72942709364203,0.323,pre-control
50000.0,100.0,0.002,10.537411042429786,55.344699533132456,0.323,pre-control
50000.0,100.0,0.002,10.562410393207692,56.75100222475563,0.323,pre-control
50000.0,100.0,0.002,10.5874097439856,58.192745486505686,0.323,pre-control
50000.0,100.0,0.002,10.596372460423304,58.722657277782325,0.323,pre-control
50000.0,100.0,0.002,10.612409094763507,59.67080750526428,0.323,pre-control
50000.0,100.0,0.002,10.637408445541414,61.18608743103415,0.323,pre-control
50000.0,100.0,0.002,10.662407796319322,62.73950563905693,0.323,pre-control
50000.0,100.0,0.002,10.666547112479087,63.00318671066492,0.323,pre-control
50000.0,100.0,0.002,10.687407147097229,64.33200433888959,0.323,pre-control
50000.0,100.0,0.002,10.712406497875136,65.96454843305493,0.323,pre-control
50000.0,100.0,0.002,10.73672176453487,67.59232977163113,0.323,pre-control
50000.0,100.0,0.002,10.737405848653042,67.63812566509834,0.323,pre-control
50000.0,100.0,0.002,10.76240519943095,69.35374688136957,0.323,pre-control
50000.0,100.0,0.002,10.787404550208855,71.11244680905212,0.323,pre-control
50000.0,100.0,0.002,10.806896416590654,72.51811042377123,0.323,pre-control
50000.0,100.0,0.002,10.812403900986762,72.91528482834607,0.323,pre-control
50000.0,100.0,0.002,10.83740325176467,74.76334515397254,0.323,pre-control
50000.0,100.0,0.002,10.862402602542577,76.65773709813934,0.323,pre-control
50000.0,100.0,0.002,10.877071068646437,77.79713039746652,0.323,pre-control
50000.0,100.0,0.002,10.887401953320484,78.59959608749762,0.323,pre-control
50000.0,100.0,0.002,10.912401304098392,80.59008424465713,0.323,pre-control
50000.0,100.0,0.002,10.9374006548763,82.63039062659364,0.323,pre-control
50000.0,100.0,0.002,10.94724572070222,83.45398757731347,0.323,pre-control
50000.0,100.0,0.002,10.962400005654207,84.72173155155222,0.323,pre-control
50000.0,100.0,0.002,10.987399356432112,86.86535182342394,0.323,pre-control
50000.0,100.0,0.002,11.01239870721002,89.06252507460852,0.323,pre-control
50000.0,100.0,0.002,11.017420372758004,89.51489426858573,0.323,pre-control
50000.0,100.0,0.002,11.037398057987925,91.31455401864979,0.323,pre-control
50000.0,100.0,0.002,11.062397408765833,93.62277110590266,0.323,pre-control
50000.0,100.0,0.002,11.08739675954374,95.98853963239063,0.323,pre-control
50000.0,100.0,0.002,11.087595024813787,96.00776959743801,0.323,pre-control
50000.0,100.0,0.002,11.112396110321647,98.413253963613,0.323,pre-control
50000.0,100.0,0.002,11.128358384182485,100.0,0.8453598686198525,threshold-control
50000.0,100.0,0.002,11.15776967686957,100.0,0.845258026246084,threshold-control
50000.0,100.0,0.002,11.227944328925354,100.0,0.8450148028430071,threshold-control
50000.0,100.0,0.002,11.298118980981139,100.0,0.8447712552388522,threshold-control
50000.0,100.0,0.002,11.368293633036922,100.0,0.8445273831841498,threshold-control
50000.0,100.0,0.002,11.438468285092705,100.0,0.8442831864298277,threshold-control
50000.0,100.0,0.002,11.508642937148489,100.0,0.8440386647272144,threshold-control
50000.0,100.0,0.002,11.578817589204272,100.0,0.84379381782804,threshold-control
50000.0,100.0,0.002,11.648992241260055,100.0,0.8435486454844393,threshold-control
50000.0,100.0,0.002,11.719166893315839,100.0,0.8433031474489538,threshold-control
50000.0,100.0,0.002,11.789341545371622,100.0,0.8430573234745341,threshold-control
50000.0,100.0,0.002,11.859516197427405,100.0,0.8428111733145418,threshold-control
50000.0,100.0,0.002,11.929690849483189,100.0,0.8425646967227524,threshold-control
50000.0,100.0,0.002,11.999865501538972,100.0,0.842317893453357,threshold-control
50000.0,100.0,0.002,12.0,100.0,0.842317420110335,threshold-control
50000.0,100.0,0.002,12.070040153594755,100.0,0.8420707632609646,threshold-control
50000.0,100.0,0.002,12.14021480565054,100.0,0.8418233059006053,threshold-control
50000.0,100.0,0.002,12.210389457706324,100.0,0.841575521127731,threshold-control
50000.0,100.0,0.002,12.280564109762107,100.0,0.8413274086982192,threshold-control
50000.0,100.0,0.002,12.35073876181789,100.0,0.8410789683683743,threshold-control
50000.0,100.0,0.002,12.420913413873674,100.0,0.8408301998949306,threshold-control
50000.0,100.0,0.002,12.491088065929457,100.0,0.8405811030350538,threshold-control
50000.0,100.0,0.002,12.56126271798524,100.0,0.8403316775463444,threshold-control
50000.0,100.0,0.002,12.631437370041024,100.0,0.8400819231868388,threshold-control
50000.0,100.0,0.002,12.701612022096807,100.0,0.8398318397150127,threshold-control
50000.0,100.0,0.002,12.77178667415259,100.0,0.8395814268897825,threshold-control
50000.0,100.0,0.002,12.841961326208374,100.0,0.8393306844705085,threshold-control
50000.0,100.0,0.002,12.912135978264157,100.0,0.8390796122169963,threshold-control
50000.0,100.0,0.002,12.98231063031994,100.0,0.8388282098895001,threshold-control
50000.0,100.0,0.002,13.0,100.0,0.8387647851929567,threshold-control
50000.0,100.0,0.002,13.052485282375725,100.0,0.8385764772487243,threshold-control
50000.0,100.0,0.002,13.122659934431509,100.0,0.8383244140558259,threshold-control
50000.0,100.0,0.002,13.192834586487292,100.0,0.8380720200724173,threshold-control
50000.0,100.0,0.002,13.263009238543075,100.0,0.8378192950605685,threshold-control
50000.0,100.0,0.002,13.333183890598859,100.0,0.837566238782809,threshold-control
50000.0,100.0,0.002,13.403358542654642,100.0,0.8373128510021306,threshold-control
50000.0,100.0,0.002,13.473533194710425,100.0,0.8370591314819898,threshold-control
50000.0,100.0,0.002,13.543707846766209,100.0,0.8368050799863099,threshold-control
50000.0,100.0,0.002,13.613882498821992,100.0,0.8365506962794833,threshold-control
50000.0,100.0,0.002,13.684057150877775,100.0,0.8362959801263744,threshold-control
50000.0,100.0,0.002,13.754231802933559,100.0,0.8360409312923212,threshold-control
50000.0,100.0,0.002,13.824406454989342,100.0,0.8357855495431383,threshold-control
50000.0,100.0,0.002,13.894581107045125,100.0,0.8355298346451193,threshold-control
50000.0,100.0,0.002,13.96475575910091,100.0,0.8352737863650385,threshold-control
50000.0,100.0,0.002,14.0,100.0,0.8351450638473547,threshold-control
50000.0,100.0,0.002,14.034930411156694,100.0,0.8350174044701539,threshold-control
50000.0,100.0,0.002,14.105105063212477,100.0,0.8347606887282095,threshold-control
50000.0,100.0,0.002,14.17527971526826,100.0,0.8345036389074377,threshold-control
50000.0,100.0,0.002,14.245454367324044,100.0,0.8342462547765614,threshold-control
50000.0,100.0,0.002,14.315629019379827,100.0,0.833988536104797,threshold-control
50000.0,100.0,0.002,14.38580367143561,100.0,0.8337304826618557,threshold-control
50000.0,100.0,0.002,14.455978323491394,100.0,0.8334720942179474,threshold-control
50000.0,100.0,0.002,14.526152975547177,100.0,0.8332133705437821,threshold-control
50000.0,100.0,0.002,14.59632762760296,100.0,0.8329543114105722,threshold-control
50000.0,100.0,0.002,14.666502279658744,100.0,0.8326949165900358,threshold-control
50000.0,100.0,0.002,14.736676931714527,100.0,0.8324351858543985,threshold-control
50000.0,100.0,0.002,14.80685158377031,100.0,0.8321751189763955,threshold-control
50000.0,100.0,0.002,14.877026235826095,100.0,0.831914715729275,threshold-control
50000.0,100.0,0.002,14.947200887881879,100.0,0.8316539758867999,threshold-control
50000.0,100.0,0.002,15.0,100.0,0.8314575742932426,threshold-control
50000.0,100.0,0.002,15.017375539937662,100.0,0.8313928992232503,threshold-control
50000.0,100.0,0.002,15.087550191993445,100.0,0.8311314855134262,threshold-control
50000.0,100.0,0.002,15.157724844049229,100.0,0.8308697345326497,threshold-control
50000.0,100.0,0.002,15.227899496105012,100.0,0.8306076460567677,threshold-control
50000.0,100.0,0.002,15.298074148160795,100.0,0.8303452198621541,threshold-control
50000.0,100.0,0.002,15.368248800216579,100.0,0.8300824557257127,threshold-control
50000.0,100.0,0.002,15.438423452272362,100.0,0.8298193534248784,threshold-control
50000.0,100.0,0.002,15.508598104328145,100.0,0.8295559127376219,threshold-control
50000.0,100.0,0.002,15.578772756383929,100.0,0.8292921334424496,threshold-control
50000.0,100.0,0.002,15.648947408439712,100.0,0.8290280153184081,threshold-control
50000.0,100.0,0.002,15.719122060495497,100.0,0.8287635581450855,threshold-control
50000.0,100.0,0.002,15.78929671255128,100.0,0.8284987617026145,threshold-control
50000.0,100.0,0.002,15.859471364607064,100.0,0.8282336257716744,threshold-control
50000.0,100.0,0.002,15.929646016662847,100.0,0.8279681501334938,threshold-control
50000.0,100.0,0.002,15.99982066871863,100.0,0.8277023345698535,threshold-control
50000.0,100.0,0.002,16.0,100.0,0.8277016548427036,threshold-control
50000.0,100.0,0.002,16.069995320774414,100.0,0.827436178863088,threshold-control
50000.0,100.0,0.002,16.140169972830197,100.0,0.8271696827960889,threshold-control
50000.0,100.0,0.002,16.21034462488598,100.0,0.8269028461523071,threshold-control
50000.0,100.0,0.002,16.280519276941764,100.0,0.826635668715755,threshold-control
50000.0,100.0,0.002,16.350693928997547,100.0,0.8263681502710094,threshold-control
50000.0,100.0,0.002,16.42086858105333,100.0,0.8261002906032138,threshold-control
50000.0,100.0,0.002,16.491043233109114,100.0,0.8258320894980811,threshold-control
50000.0,100.0,0.002,16.561217885164897,100.0,0.8255635467418959,threshold-control
50000.0,100.0,0.002,16.63139253722068,100.0,0.8252946621215169,threshold-control
50000.0,100.0,0.002,16.701567189276464,100.0,0.8250254354243798,threshold-control
50000.0,100.0,0.002,16.771741841332247,100.0,0.8247558664384994,threshold-control
50000.0,100.0,0.002,16.84191649338803,100.0,0.8244859549524727,threshold-control
50000.0,100.0,0.002,16.912091145443814,100.0,0.8242157007554807,threshold-control
50000.0,100.0,0.002,16.982265797499597,100.0,0.8239451036372913,threshold-control
50000.0,100.0,0.002,17.0,100.0,0.823876665321585,threshold-control
50000.0,100.0,0.002,17.05244044955538,100.0,0.8236741633882622,threshold-control
50000.0,100.0,0.002,17.122615101611167,100.0,0.8234028797993423,threshold-control
50000.0,100.0,0.002,17.19278975366695,100.0,0.8231312526620759,threshold-control
50000.0,100.0,0.002,17.262964405722734,100.0,0.8228592817686035,threshold-control
50000.0,100.0,0.002,17.333139057778517,100.0,0.8225869669116654,threshold-control
50000.0,100.0,0.002,17.4033137098343,100.0,0.8223143078846045,threshold-control
50000.0,100.0,0.002,17.473488361890084,100.0,0.8220413044813676,threshold-control
50000.0,100.0,0.002,17.543663013945867,100.0,0.821767956496509,threshold-control
50000.0,100.0,0.002,17.61383766600165,100.0,0.821494263725193,threshold-control
50000.0,100.0,0.002,17.684012318057434,100.0,0.8212202259631958,threshold-control
50000.0,100.0,0.002,17.754186970113217,100.0,0.8209458430069088,threshold-control
50000.0,100.0,0.002,17.824361622169,100.0,0.8206711146533403,threshold-control
50000.0,100.0,0.002,17.894536274224784,100.0,0.8203960407001194,threshold-control
50000.0,100.0,0.002,17.964710926280567,100.0,0.820120620945497,threshold-control
50000.0,100.0,0.002,18.0,100.0,0.8199819885192473,threshold-control
50000.0,100.0,0.002,18.03488557833635,100.0,0.8198448551883495,threshold-control
50000.0,100.0,0.002,18.105060230392134,100.0,0.8195687432281809,threshold-control
50000.0,100.0,0.002,18.175234882447917,100.0,0.8192922848651254,threshold-control
50000.0,100.0,0.002,18.2454095345037,100.0,0.8190154798999505,threshold-control
50000.0,100.0,0.002,18.315584186559484,100.0,0.8187383281340582,threshold-control
50000.0,100.0,0.002,18.385758838615267,100.0,0.8184608293694896,threshold-control
50000.0,100.0,0.002,18.45593349067105,100.0,0.8181829834089255,threshold-control
50000.0,100.0,0.002,18.526108142726834,100.0,0.8179047900556904,threshold-control
50000.0,100.0,0.002,18.596282794782617,100.0,0.8176262491137544,threshold-control
50000.0,100.0,0.002,18.6664574468384,100.0,0.8173473603877359,threshold-control
50000.0,100.0,0.002,18.736632098894184,100.0,0.8170681236829045,threshold-control
50000.0,100.0,0.002,18.806806750949967,100.0,0.8167885388051831,threshold-control
50000.0,100.0,0.002,18.876981403005754,100.0,0.8165086055611509,threshold-control
50000.0,100.0,0.002,18.947156055061537,100.0,0.8162283237580459,threshold-control
50000.0,100.0,0.002,19.0,100.0,0.8160170316649157,threshold-control
50000.0,100.0,0.002,19.01733070711732,100.0,0.8159476932037674,threshold-control
50000.0,100.0,0.002,19.087505359173104,100.0,0.8156667137068785,threshold-control
50000.0,100.0,0.002,19.157680011228887,100.0,0.8153853850766094,threshold-control
50000.0,100.0,0.002,19.22785466328467,100.0,0.815103707122859,threshold-control
50000.0,100.0,0.002,19.298029315340454,100.0,0.8148216796561982,threshold-control
50000.0,100.0,0.002,19.368203967396237,100.0,0.8145393024878724,threshold-control
50000.0,100.0,0.002,19.43837861945202,100.0,0.8142565754298039,threshold-control
50000.0,100.0,0.002,19.508553271507804,100.0,0.813973498294595,threshold-control
50000.0,100.0,0.002,19.578727923563587,100.0,0.8136900708955299,threshold-control
50000.0,100.0,0.002,19.64890257561937,100.0,0.813406293046578,threshold-control
50000.0,100.0,0.002,19.719077227675154,100.0,0.813122164562396,threshold-control
50000.0,100.0,0.002,19.789251879730937,100.0,0.8128376852583312,threshold-control
50000.0,100.0,0.002,19.85942653178672,100.0,0.8125528549504235,threshold-control
50000.0,100.0,0.002,19.929601183842504,100.0,0.8122676734554081,threshold-control
50000.0,100.0,0.002,19.999775835898287,100.0,0.8119821405907186,threshold-control
50000.0,100.0,0.002,20.0,100.0,0.8119812279286968,threshold-control
50000.0,100.0,0.002,20.06995048795407,100.0,0.8116962561744892,threshold-control
50000.0,100.0,0.002,20.140125140009854,100.0,0.8114100200255573,threshold-control
50000.0,100.0,0.002,20.210299792065637,100.0,0.8111234319634667,threshold-control
50000.0,100.0,0.002,20.28047444412142,100.0,0.8108364918084697,threshold-control
50000.0,100.0,0.002,20.350649096177204,100.0,0.8105491993815299,threshold-control
50000.0,100.0,0.002,20.420823748232987,100.0,0.810261554504325,threshold-control
50000.0,100.0,0.002,20.49099840028877,100.0,0.8099735569992492,threshold-control
50000.0,100.0,0.002,20.561173052344554,100.0,0.8096852066894159,threshold-control
50000.0,100.0,0.002,20.631347704400337,100.0,0.8093965033986606,threshold-control
50000.0,100.0,0.002,20.701522356456124,100.0,0.8091074469515435,threshold-control
50000.0,100.0,0.002,20.771697008511907,100.0,0.8088180371733518,threshold-control
50000.0,100.0,0.002,20.84187166056769,100.0,0.8085282738901026,threshold-control
50000.0,100.0,0.002,20.912046312623474,100.0,0.8082381569285462,threshold-control
50000.0,100.0,0.002,20.982220964679257,100.0,0.8079476861161673,threshold-control
50000.0,100.0,0.002,21.0,100.0,0.8078740379451445,threshold-control
50000.0,100.0,0.002,21.05239561673504,100.0,0.8076568612811891,threshold-control
50000.0,100.0,0.002,21.122570268790824,100.0,0.8073656822525752,threshold-control
50000.0,100.0,0.002,21.192744920846607,100.0,0.8070741488600324,threshold-control
50000.0,100.0,0.002,21.26291957290239,100.0,0.8067822609340136,threshold-control
50000.0,100.0,0.002,21.333094224958174,100.0,0.8064900183057203,threshold-control
50000.0,100.0,0.002,21.403268877013957,100.0,0.8061974208071053,threshold-control
50000.0,100.0,0.002,21.47344352906974,100.0,0.8059044682708751,threshold-control
50000.0,100.0,0.002,21.543618181125524,100.0,0.8056111605304934,threshold-control
50000.0,100.0,0.002,21.613792833181307,100.0,0.8053174974201827,threshold-control
50000.0,100.0,0.002,21.68396748523709,100.0,0.8050234787749277,threshold-control
50000.0,100.0,0.002,21.754142137292874,100.0,0.8047291044304781,threshold-control
50000.0,100.0,0.002,21.824316789348657,100.0,0.8044343742233505,threshold-control
50000.0,100.0,0.002,21.89449144140444,100.0,0.8041392879908319,threshold-control
50000.0,100.0,0.002,21.964666093460224,100.0,0.8038438455709821,threshold-control
50000.0,100.0,0.002,22.0,100.0,0.8036949513570701,threshold-control
50000.0,100.0,0.002,22.034840745516007,100.0,0.8035480468026361,threshold-control
50000.0,100.0,0.002,22.10501539757179,100.0,0.8032518915254074,threshold-control
50000.0,100.0,0.002,22.175190049627574,100.0,0.8029553795796902,threshold-control
50000.0,100.0,0.002,22.245364701683357,100.0,0.8026585108066622,threshold-control
50000.0,100.0,0.002,22.31553935373914,100.0,0.8023612850482873,threshold-control
50000.0,100.0,0.002,22.385714005794924,100.0,0.8020637021473187,threshold-control
50000.0,100.0,0.002,22.455888657850707,100.0,0.8017657619473009,threshold-control
50000.0,100.0,0.002,22.526063309906494,100.0,0.8014674642925725,threshold-control
50000.0,100.0,0.002,22.596237961962277,100.0,0.80116880902827,threshold-control
50000.0,100.0,0.002,22.66641261401806,100.0,0.8008697960003291,threshold-control
50000.0,100.0,0.002,22.736587266073844,100.0,0.8005704250554879,threshold-control
50000.0,100.0,0.002,22.806761918129627,100.0,0.8002706960412899,threshold-control
50000.0,100.0,0.002,22.87693657018541,100.0,0.7999706088060863,threshold-control
50000.0,100.0,0.002,22.947111222241194,100.0,0.799670163199039,threshold-control
50000.0,100.0,0.002,23.0,100.0,0.7994434883770991,threshold-control
50000.0,100.0,0.002,23.017285874296977,100.0,0.7993693590701233,threshold-control
50000.0,100.0,0.002,23.08746052635276,100.0,0.7990681962701305,threshold-control
50000.0,100.0,0.002,23.157635178408544,100.0,0.7987666746506702,threshold-control
50000.0,100.0,0.002,23.227809830464327,100.0,0.798464794064174,threshold-control
50000.0,100.0,0.002,23.29798448252011,100.0,0.7981625543638976,threshold-control
50000.0,100.0,0.002,23.368159134575894,100.0,0.7978599554039232,threshold-control
50000.0,100.0,0.002,23.438333786631677,100.0,0.7975569970391627,threshold-control
50000.0,100.0,0.002,23.50850843868746,100.0,0.7972536791253606,threshold-control
50000.0,100.0,0.002,23.578683090743244,100.0,0.7969500015190962,threshold-control
50000.0,100.0,0.002,23.648857742799027,100.0,0.7966459640777868,threshold-control
50000.0,100.0,0.002,23.71903239485481,100.0,0.7963415666596896,threshold-control
50000.0,100.0,0.002,23.789207046910594,100.0,0.7960368091239054,threshold-control
50000.0,100.0,0.002,23.859381698966377,100.0,0.7957316913303811,threshold-control
50000.0,100.0,0.002,23.92955635102216,100.0,0.7954262131399119,threshold-control
50000.0,100.0,0.002,23.999731003077944,100.0,0.7951203744141443,threshold-control
50000.0,100.0,0.002,24.0,100.0,0.7951192013642865,threshold-control
50000.0,100.0,0.002,24.069905655133727,100.0,0.7948141750155793,threshold-control
50000.0,100.0,0.002,24.14008030718951,100.0,0.7945076148075743,threshold-control
50000.0,100.0,0.002,24.210254959245294,100.0,0.7942006936543464,threshold-control
50000.0,100.0,0.002,24.28042961130108,100.0,0.7938934114209751,threshold-control
50000.0,100.0,0.002,24.350604263356864,100.0,0.7935857679734046,threshold-control
50000.0,100.0,0.002,24.420778915412647,100.0,0.7932777631784472,threshold-control
50000.0,100.0,0.002,24.49095356746843,100.0,0.7929693969037852,threshold-control
50000.0,100.0,0.002,24.561128219524214,100.0,0.7926606690179745,threshold-control
50000.0,100.0,0.002,24.631302871579997,100.0,0.7923515793904465,threshold-control
50000.0,100.0,0.002,24.70147752363578,100.0,0.7920421278915117,threshold-control
50000.0,100.0,0.002,24.771652175691564,100.0,0.7917323143923616,threshold-control
50000.0,100.0,0.002,24.841826827747347,100.0,0.791422138765072,threshold-control
50000.0,100.0,0.002,24.91200147980313,100.0,0.7911116008826055,threshold-control
50000.0,100.0,0.002,24.982176131858914,100.0,0.790800700618814,threshold-control
50000.0,100.0,0.002,25.0,100.0,0.7907216764129086,threshold-control
50000.0,100.0,0.002,25.052350783914697,100.0,0.7904894378484424,threshold-control
50000.0,100.0,0.002,25.12252543597048,100.0,0.7901778124471299,threshold-control
50000.0,100.0,0.002,25.192700088026264,100.0,0.7898658242914137,threshold-control
50000.0,100.0,0.002,25.262874740082047,100.0,0.7895534732587316,threshold-control
50000.0,100.0,0.002,25.33304939213783,100.0,0.7892407592274246,threshold-control
50000.0,100.0,0.002,25.403224044193614,100.0,0.7889276820767397,threshold-control
50000.0,100.0,0.002,25.473398696249397,100.0,0.7886142416868325,threshold-control
50000.0,100.0,0.002,25.54357334830518,100.0,0.78830043793877,threshold-control
50000.0,100.0,0.002,25.613748000360964,100.0,0.7879862707145336,threshold-control
50000.0,100.0,0.002,25.683922652416747,100.0,0.7876717398970214,threshold-control
50000.0,100.0,0.002,25.75409730447253,100.0,0.7873568453700512,threshold-control
50000.0,100.0,0.002,25.824271956528314,100.0,0.7870415870183632,threshold-control
50000.0,100.0,0.002,25.894446608584097,100.0,0.7867259647276227,threshold-control
50000.0,100.0,0.002,25.96462126063988,100.0,0.7864099783844227,threshold-control
50000.0,100.0,0.002,26.0,100.0,0.7862505349503506,threshold-control
50000.0,100.0,0.002,26.034795912695664,100.0,0.7860936278762871,threshold-control
50000.0,100.0,0.002,26.10497056475145,100.0,0.7857769130916726,threshold-control
50000.0,100.0,0.002,26.175145216807234,100.0,0.7854598339199728,threshold-control
50000.0,100.0,0.002,26.245319868863017,100.0,0.7851423902515189,threshold-control
50000.0,100.0,0.002,26.3154945209188,100.0,0.7848245819775846,threshold-control
50000.0,100.0,0.002,26.385669172974584,100.0,0.7845064089903876,threshold-control
50000.0,100.0,0.002,26.455843825030367,100.0,0.7841878711830923,threshold-control
50000.0,100.0,0.002,26.52601847708615,100.0,0.783868968449813,threshold-control
50000.0,100.0,0.002,26.596193129141934,100.0,0.7835497006856166,threshold-control
50000.0,100.0,0.002,26.666367781197717,100.0,0.7832300677865248,threshold-control
50000.0,100.0,0.002,26.7365424332535,100.0,0.7829100696495177,threshold-control
50000.0,100.0,0.002,26.806717085309284,100.0,0.7825897061725355,threshold-control
50000.0,100.0,0.002,26.876891737365067,100.0,0.7822689772544822,threshold-control
50000.0,100.0,0.002,26.94706638942085,100.0,0.7819478827952278,threshold-control
50000.0,100.0,0.002,27.0,100.0,0.7817054353408205,threshold-control
50000.0,100.0,0.002,27.017241041476634,100.0,0.7816264226956109,threshold-control
50000.0,100.0,0.002,27.087415693532417,100.0,0.7813045968574421,threshold-control
50000.0,100.0,0.002,27.1575903455882,100.0,0.7809824051835059,threshold-control
50000.0,100.0,0.002,27.227764997643984,100.0,0.780659847577564,threshold-control
50000.0,100.0,0.002,27.297939649699767,100.0,0.7803369239443577,threshold-control
50000.0,100.0,0.002,27.36811430175555,100.0,0.7800136341896111,threshold-control
50000.0,100.0,0.002,27.438288953811334,100.0,0.7796899782200332,threshold-control
50000.0,100.0,0.002,27.508463605867117,100.0,0.7793659559433209,threshold-control
50000.0,100.0,0.002,27.5786382579229,100.0,0.7790415672681621,threshold-control
50000.0,100.0,0.002,27.648812909978684,100.0,0.7787168121042376,threshold-control
50000.0,100.0,0.002,27.718987562034467,100.0,0.7783916903622248,threshold-control
50000.0,100.0,0.002,27.78916221409025,100.0,0.7780662019537994,threshold-control
50000.0,100.0,0.002,27.859336866146037,100.0,0.7777403467916391,threshold-control
50000.0,100.0,0.002,27.92951151820182,100.0,0.7774141247894256,threshold-control
50000.0,100.0,0.002,27.999686170257604,100.0,0.7770875358618478,threshold-control
50000.0,100.0,0.002,28.0,100.0,0.7770860744914178,threshold-control
50000.0,100.0,0.002,28.069860822313387,100.0,0.776760579924604,threshold-control
50000.0,100.0,0.002,28.14003547436917,100.0,0.776433256894405,threshold-control
50000.0,100.0,0.002,28.210210126424954,100.0,0.7761055666889771,threshold-control
50000.0,100.0,0.002,28.280384778480737,100.0,0.7757775092270639,threshold-control
50000.0,100.0,0.002,28.35055943053652,100.0,0.77544908442843,threshold-control
50000.0,100.0,0.002,28.420734082592304,100.0,0.7751202922138628,threshold-control
50000.0,100.0,0.002,28.490908734648087,100.0,0.7747911325051764,threshold-control
50000.0,100.0,0.002,28.56108338670387,100.0,0.7744616052252129,threshold-control
50000.0,100.0,0.002,28.631258038759654,100.0,0.7741317102978462,threshold-control
50000.0,100.0,0.002,28.701432690815437,100.0,0.7738014476479843,threshold-control
50000.0,100.0,0.002,28.77160734287122,100.0,0.7734708172015716,threshold-control
50000.0,100.0,0.002,28.841781994927004,100.0,0.7731398188855927,threshold-control
50000.0,100.0,0.002,28.911956646982787,100.0,0.7728084526280738,threshold-control
50000.0,100.0,0.002,28.98213129903857,100.0,0.7724767183580865,threshold-control
50000.0,100.0,0.002,29.0,100.0,0.7723921894569039,threshold-control
50000.0,100.0,0.002,29.052305951094354,100.0,0.7721446160057499,threshold-control
50000.0,100.0,0.002,29.122480603150137,100.0,0.7718121455022331,threshold-control
50000.0,100.0,0.002,29.19265525520592,100.0,0.7714793067797587,threshold-control
50000.0,100.0,0.002,29.262829907261704,100.0,0.7711460997716046,threshold-control
50000.0,100.0,0.002,29.333004559317487,100.0,0.7708125244121077,threshold-control
50000.0,100.0,0.002,29.40317921137327,100.0,0.7704785806366653,threshold-control
50000.0,100.0,0.002,29.473353863429054,100.0,0.770144268381739,threshold-control
50000.0,100.0,0.002,29.543528515484837,100.0,0.7698095875848567,threshold-control
50000.0,100.0,0.002,29.61370316754062,100.0,0.7694745381846155,threshold-control
50000.0,100.0,0.002,29.683877819596407,100.0,0.7691391201206843,threshold-control
50000.0,100.0,0.002,29.75405247165219,100.0,0.7688033333338068,threshold-control
50000.0,100.0,0.002,29.824227123707974,100.0,0.7684671777658035,threshold-control
50000.0,100.0,0.002,29.894401775763757,100.0,0.7681306533595751,threshold-control
50000.0,100.0,0.002,29.96457642781954,100.0,0.7677937600591049,threshold-control
50000.0,100.0,0.002,30.0,100.0,0.7676235590393257,threshold-control
50000.0,100.0,0.002,30.034751079875324,100.0,0.7674564978094612,threshold-control
50000.0,100.0,0.002,30.104925731931107,100.0,0.7671188665568007,threshold-control
50000.0,100.0,0.002,30.17510038398689,100.0,0.7667808662483702,threshold-control
50000.0,100.0,0.002,30.245275036042674,100.0,0.7664424968325099,threshold-control
50000.0,100.0,0.002,30.315449688098457,100.0,0.766103758258656,threshold-control
50000.0,100.0,0.002,30.38562434015424,100.0,0.7657646504773434,threshold-control
50000.0,100.0,0.002,30.455798992210024,100.0,0.7654251734402083,threshold-control
50000.0,100.0,0.002,30.525973644265807,100.0,0.7650853270999907,threshold-control
50000.0,100.0,0.002,30.59614829632159,100.0,0.7647451114105369,threshold-control
50000.0,100.0,0.002,30.666322948377374,100.0,0.7644045263268029,threshold-control
50000.0,100.0,0.002,30.736497600433157,100.0,0.7640635718048564,threshold-control
50000.0,100.0,0.002,30.80667225248894,100.0,0.7637222478018797,threshold-control
50000.0,100.0,0.002,30.876846904544724,100.0,0.7633805542761721,threshold-control
50000.0,100.0,0.002,30.947021556600507,100.0,0.7630384911871531,threshold-control
50000.0,100.0,0.002,31.0,100.0,0.7627800053784626,threshold-control
50000.0,100.0,0.002,31.01719620865629,100.0,0.7626960584953641,threshold-control
50000.0,100.0,0.002,31.087370860712074,100.0,0.7623532561624724,threshold-control
50000.0,100.0,0.002,31.157545512767857,100.0,0.7620100841512725,threshold-control
50000.0,100.0,0.002,31.22772016482364,100.0,0.7616665424256892,threshold-control
50000.0,100.0,0.002,31.297894816879424,100.0,0.7613226309507808,threshold-control
50000.0,100.0,0.002,31.368069468935207,100.0,0.7609783496927408,threshold-control
50000.0,100.0,0.002,31.438244120990994,100.0,0.7606336986189013,threshold-control
50000.0,100.0,0.002,31.508418773046778,100.0,0.7602886776977352,threshold-control
50000.0,100.0,0.002,31.57859342510256,100.0,0.7599432868988589,threshold-control
50000.0,100.0,0.002,31.648768077158344,100.0,0.7595975261930351,threshold-control
50000.0,100.0,0.002,31.718942729214127,100.0,0.7592513955521749,threshold-control
50000.0,100.0,0.002,31.78911738126991,100.0,0.7589048949493412,threshold-control
50000.0,100.0,0.002,31.859292033325694,100.0,0.7585580243587504,threshold-control
50000.0,100.0,0.002,31.929466685381477,100.0,0.7582107837557761,threshold-control
50000.0,100.0,0.002,31.99964133743726,100.0,0.7578631731169505,threshold-control
50000.0,100.0,0.002,32.0,100.0,0.7578613955288929,threshold-control
50000.0,100.0,0.002,32.069815989493044,100.0,0.757515192419968,threshold-control
50000.0,100.0,0.002,32.13999064154883,100.0,0.7571668416436872,threshold-control
50000.0,100.0,0.002,32.21016529360461,100.0,0.7568181207681338,threshold-control
50000.0,100.0,0.002,32.280339945660394,100.0,0.7564690297745029,threshold-control
50000.0,100.0,0.002,32.35051459771618,100.0,0.7561195686451618,threshold-control
50000.0,100.0,0.002,32.42068924977196,100.0,0.7557697373636529,threshold-control
50000.0,100.0,0.002,32.490863901827744,100.0,0.7554195359146954,threshold-control
50000.0,100.0,0.002,32.56103855388353,100.0,0.7550689642841886,threshold-control
50000.0,100.0,0.002,32.63121320593931,100.0,0.7547180224592143,threshold-control
50000.0,100.0,0.002,32.701387857995094,100.0,0.7543667104280396,threshold-control
50000.0,100.0,0.002,32.77156251005088,100.0,0.7540150281801188,threshold-control
50000.0,100.0,0.002,32.84173716210666,100.0,0.7536629757060965,threshold-control
50000.0,100.0,0.002,32.911911814162444,100.0,0.7533105529978101,threshold-control
50000.0,100.0,0.002,32.98208646621823,100.0,0.7529577600482925,threshold-control
50000.0,100.0,0.002,33.0,100.0,0.7528676430192996,threshold-control
50000.0,100.0,0.002,33.05226111827401,100.0,0.752604596851774,threshold-control
50000.0,100.0,0.002,33.122435770329794,100.0,0.7522510634036855,threshold-control
50000.0,100.0,0.002,33.19261042238558,100.0,0.751897159700661,threshold-control
50000.0,100.0,0.002,33.26278507444136,100.0,0.7515428857405395,threshold-control
50000.0,100.0,0.002,33.332959726497144,100.0,0.7511882415223687,threshold-control
50000.0,100.0,0.002,33.40313437855293,100.0,0.7508332270464064,threshold-control
50000.0,100.0,0.002,33.47330903060871,100.0,0.7504778423141234,threshold-control
50000.0,100.0,0.002,33.543483682664494,100.0,0.7501220873282064,threshold-control
50000.0,100.0,0.002,33.61365833472028,100.0,0.7497659620925599,threshold-control
50000.0,100.0,0.002,33.68383298677606,100.0,0.7494094666123094,threshold-control
50000.0,100.0,0.002,33.754007638831844,100.0,0.7490526008938033,threshold-control
50000.0,100.0,0.002,33.82418229088763,100.0,0.7486953649446156,threshold-control
50000.0,100.0,0.002,33.89435694294341,100.0,0.7483377587735489,threshold-control
50000.0,100.0,0.002,33.964531594999194,100.0,0.7479797823906358,threshold-control
50000.0,100.0,0.002,34.0,100.0,0.7477987093894782,threshold-control
50000.0,100.0,0.002,34.03470624705498,100.0,0.7476214358071425,threshold-control
50000.0,100.0,0.002,34.10488089911076,100.0,0.7472627190355708,threshold-control
50000.0,100.0,0.002,34.17505555116655,100.0,0.7469036320896607,threshold-control
50000.0,100.0,0.002,34.245230203222334,100.0,0.7465441749843926,threshold-control
50000.0,100.0,0.002,34.31540485527812,100.0,0.7461843477359901,threshold-control
50000.0,100.0,0.002,34.3855795073339,100.0,0.7458241503619224,threshold-control
50000.0,100.0,0.002,34.455754159389684,100.0,0.7454635828809067,threshold-control
50000.0,100.0,0.002,34.52592881144547,100.0,0.7451026453129108,threshold-control
50000.0,100.0,0.002,34.59610346350125,100.0,0.7447413376791555,threshold-control
50000.0,100.0,0.002,34.666278115557034,100.0,0.7443796600021167,threshold-control
50000.0,100.0,0.002,34.73645276761282,100.0,0.7440176123055285,threshold-control
50000.0,100.0,0.002,34.8066274196686,100.0,0.7436551946143852,threshold-control
50000.0,100.0,0.002,34.876802071724384,100.0,0.7432924069549438,threshold-control
50000.0,100.0,0.002,34.94697672378017,100.0,0.7429292493547268,threshold-control
50000.0,100.0,0.002,35.0,100.0,0.7426546057003554,threshold-control
50000.0,100.0,0.002,35.01715137583595,100.0,0.7425657218425239,threshold-control
50000.0,100.0,0.002,35.087326027891734,100.0,0.742201824448395,threshold-control
50000.0,100.0,0.002,35.15750067994752,100.0,0.7418375572036726,threshold-control
50000.0,100.0,0.002,35.2276753320033,100.0,0.741472920140964,threshold-control
50000.0,100.0,0.002,35.297849984059084,100.0,0.7411079132941538,threshold-control
50000.0,100.0,0.002,35.36802463611487,100.0,0.7407425366984065,threshold-control
50000.0,100.0,0.002,35.43819928817065,100.0,0.7403767903901683,threshold-control
50000.0,100.0,0.002,35.508373940226434,100.0,0.7400106744071704,threshold-control
50000.0,100.0,0.002,35.57854859228222,100.0,0.7396441887884302,threshold-control
50000.0,100.0,0.002,35.648723244338,100.0,0.7392773335742553,threshold-control
50000.0,100.0,0.002,35.718897896393784,100.0,0.7389101088062442,threshold-control
50000.0,100.0,0.002,35.78907254844957,100.0,0.7385425145272899,threshold-control
50000.0,100.0,0.002,35.85924720050535,100.0,0.7381745507815813,threshold-control
50000.0,100.0,0.002,35.929421852561134,100.0,0.737806217614607,threshold-control
50000.0,100.0,0.002,35.99959650461692,100.0,0.7374375150731556,threshold-control
50000.0,100.0,0.002,36.0,100.0,0.7374353940121842,threshold-control
50000.0,100.0,0.002,36.0697711566727,100.0,0.7370684432053198,threshold-control
50000.0,100.0,0.002,36.139945808728484,100.0,0.7366990020604984,threshold-control
50000.0,100.0,0.002,36.21012046078427,100.0,0.7363291916893976,threshold-control
50000.0,100.0,0.002,36.28029511284005,100.0,0.7359590121440347,threshold-control
50000.0,100.0,0.002,36.350469764895834,100.0,0.7355884634777398,threshold-control
50000.0,100.0,0.002,36.42064441695162,100.0,0.7352175457451577,threshold-control
50000.0,100.0,0.002,36.4908190690074,100.0,0.7348462590022513,threshold-control
50000.0,100.0,0.002,36.560993721063184,100.0,0.734474603306303,threshold-control
50000.0,100.0,0.002,36.63116837311897,100.0,0.7341025787159172,threshold-control
50000.0,100.0,0.002,36.70134302517475,100.0,0.733730185291023,threshold-control
50000.0,100.0,0.002,36.771517677230534,100.0,0.7333574230928759,threshold-control
50000.0,100.0,0.002,36.84169232928632,100.0,0.7329842921840604,threshold-control
50000.0,100.0,0.002,36.9118669813421,100.0,0.7326107926284926,threshold-control
50000.0,100.0,0.002,36.982041633397884,100.0,0.7322369244914217,threshold-control
50000.0,100.0,0.002,37.0,100.0,0.7321411888259602,threshold-control
50000.0,100.0,0.002,37.05221628545367,100.0,0.7318626878394332,threshold-control
50000.0,100.0,0.002,37.12239093750945,100.0,0.7314880827404504,threshold-control
50000.0,100.0,0.002,37.192565589565234,100.0,0.7311131092637368,threshold-control
50000.0,100.0,0.002,37.26274024162102,100.0,0.7307377674798989,threshold-control
50000.0,100.0,0.002,37.3329148936768,100.0,0.7303620574608878,threshold-control
50000.0,100.0,0.002,37.403089545732584,100.0,0.7299859792800016,threshold-control
50000.0,100.0,0.002,37.47326419778837,100.0,0.7296095330118879,threshold-control
50000.0,100.0,0.002,37.54343884984415,100.0,0.7292327187325458,threshold-control
50000.0,100.0,0.002,37.613613501899934,100.0,0.7288555365193281,threshold-control
50000.0,100.0,0.002,37.68378815395572,100.0,0.7284779864509436,threshold-control
50000.0,100.0,0.002,37.75396280601151,100.0,0.7281000686074593,threshold-control
50000.0,100.0,0.002,37.82413745806729,100.0,0.7277217830703029,threshold-control
50000.0,100.0,0.002,37.894312110123074,100.0,0.7273431299222638,threshold-control
50000.0,100.0,0.002,37.96448676217886,100.0,0.726964109247497,threshold-control
50000.0,100.0,0.002,38.0,100.0,0.7267721584829783,threshold-control
50000.0,100.0,0.002,38.03466141423464,100.0,0.7265847211315244,threshold-control
50000.0,100.0,0.002,38.104836066290424,100.0,0.7262049656612364,threshold-control
50000.0,100.0,0.002,38.17501071834621,100.0,0.7258248429248954,threshold-control
50000.0,100.0,0.002,38.24518537040199,100.0,0.7254443530121367,threshold-control
50000.0,100.0,0.002,38.315360022457774,100.0,0.7250634960139717,threshold-control
50000.0,100.0,0.002,38.38553467451356,100.0,0.724682272022789,threshold-control
50000.0,100.0,0.002,38.45570932656934,100.0,0.7243006811323576,threshold-control
50000.0,100.0,0.002,38.525883978625124,100.0,0.7239187234378281,threshold-control
50000.0,100.0,0.002,38.59605863068091,100.0,0.7235363990357355,threshold-control
50000.0,100.0,0.002,38.66623328273669,100.0,0.7231537080240011,threshold-control
50000.0,100.0,0.002,38.736407934792474,100.0,0.7227706505019342,threshold-control
50000.0,100.0,0.002,38.80658258684826,100.0,0.7223872265702351,threshold-control
50000.0,100.0,0.002,38.87675723890404,100.0,0.7220034363309962,threshold-control
50000.0,100.0,0.002,38.946931890959824,100.0,0.7216192798877048,threshold-control
50000.0,100.0,0.002,39.0,100.0,0.7213285265173595,threshold-control
50000.0,100.0,0.002,39.01710654301561,100.0,0.721234757345245,threshold-control
50000.0,100.0,0.002,39.08728119507139,100.0,0.7208498688098994,threshold-control
50000.0,100.0,0.002,39.157455847127174,100.0,0.7204646143893517,threshold-control
50000.0,100.0,0.002,39.22763049918296,100.0,0.7200789941926887,threshold-control
50000.0,100.0,0.002,39.29780515123874,100.0,0.7196930083304018,threshold-control
50000.0,100.0,0.002,39.367979803294524,100.0,0.7193066569143898,threshold-control
50000.0,100.0,0.002,39.43815445535031,100.0,0.7189199400579602,threshold-control
50000.0,100.0,0.002,39.50832910740609,100.0,0.718532857875832,threshold-control
50000.0,100.0,0.002,39.578503759461874,100.0,0.7181454104841369,threshold-control
50000.0,100.0,0.002,39.64867841151766,100.0,0.717757598000422,threshold-control
50000.0,100.0,0.002,39.71885306357344,100.0,0.7173694205436516,threshold-control
50000.0,100.0,0.002,39.789027715629224,100.0,0.7169808782342089,threshold-control
50000.0,100.0,0.002,39.85920236768501,100.0,0.7165919711938982,threshold-control
50000.0,100.0,0.002,39.92937701974079,100.0,0.716202699545947,threshold-control
50000.0,100.0,0.002,39.999551671796574,100.0,0.7158130634150079,threshold-control
50000.0,100.0,0.002,40.0,100.0,0.7158105729562958,threshold-control
50000.0,100.0,0.002,40.06972632385236,100.0,0.7154230629271607,threshold-control
50000.0,100.0,0.002,40.13990097590814,100.0,0.7150326982099138,threshold-control
50000.0,100.0,0.002,40.210075627963924,100.0,0.7146419693922068,threshold-control
50000.0,100.0,0.002,40.28025028001971,100.0,0.7142508766044122,threshold-control
50000.0,100.0,0.002,40.35042493207549,100.0,0.713859419978337,threshold-control
50000.0,100.0,0.002,40.420599584131274,100.0,0.7134675996472253,threshold-control
50000.0,100.0,0.002,40.49077423618706,100.0,0.7130754157457596,threshold-control
50000.0,100.0,0.002,40.56094888824284,100.0,0.7126828684100632,threshold-control
50000.0,100.0,0.002,40.631123540298624,100.0,0.7122899577777019,threshold-control
50000.0,100.0,0.002,40.70129819235441,100.0,0.7118966839876854,threshold-control
50000.0,100.0,0.002,40.77147284441019,100.0,0.71150304718047,threshold-control
50000.0,100.0,0.002,40.841647496465974,100.0,0.7111090474979598,threshold-control
50000.0,100.0,0.002,40.91182214852176,100.0,0.7107146850835093,threshold-control
50000.0,100.0,0.002,40.98199680057754,100.0,0.7103199600819246,threshold-control
50000.0,100.0,0.002,41.0,100.0,0.7102186355626886,threshold-control
50000.0,100.0,0.002,41.052171452633324,100.0,0.7099248726394654,threshold-control
50000.0,100.0,0.002,41.12234610468911,100.0,0.7095294229038469,threshold-control
50000.0,100.0,0.002,41.19252075674489,100.0,0.7091336110242419,threshold-control
50000.0,100.0,0.002,41.262695408800674,100.0,0.7087374371512818,threshold-control
50000.0,100.0,0.002,41.332870060856465,100.0,0.7083409014370594,threshold-control
50000.0,100.0,0.002,41.40304471291225,100.0,0.7079440040351306,threshold-control
50000.0,100.0,0.002,41.47321936496803,100.0,0.7075467451005149,threshold-control
50000.0,100.0,0.002,41.543394017023815,100.0,0.707149124789699,threshold-control
50000.0,100.0,0.002,41.6135686690796,100.0,0.7067511432606373,threshold-control
50000.0,100.0,0.002,41.68374332113538,100.0,0.7063528006727544,threshold-control
50000.0,100.0,0.002,41.753917973191164,100.0,0.7059540971869462,threshold-control
50000.0,100.0,0.002,41.82409262524695,100.0,0.7055550329655822,threshold-control
50000.0,100.0,0.002,41.89426727730273,100.0,0.7051556081725069,threshold-control
50000.0,100.0,0.002,41.964441929358514,100.0,0.704755822973042,threshold-control
50000.0,100.0,0.002,42.0,100.0,0.7045531110148255,threshold-control
50000.0,100.0,0.002,42.0346165814143,100.0,0.7043556775339872,threshold-control
50000.0,100.0,0.002,42.10479123347008,100.0,0.703955172023623,threshold-control
50000.0,100.0,0.002,42.174965885525864,100.0,0.7035543066117119,threshold-control
50000.0,100.0,0.002,42.24514053758165,100.0,0.7031530814694997,threshold-control
50000.0,100.0,0.002,42.31531518963743,100.0,0.7027514967697179,threshold-control
50000.0,100.0,0.002,42.385489841693214,100.0,0.7023495526865848,threshold-control
50000.0,100.0,0.002,42.455664493749,100.0,0.7019472493958079,threshold-control
50000.0,100.0,0.002,42.52583914580478,100.0,0.7015445870745842,threshold-control
50000.0,100.0,0.002,42.596013797860564,100.0,0.7011415659016037,threshold-control
50000.0,100.0,0.002,42.66618844991635,100.0,0.7007381860570493,threshold-control
50000.0,100.0,0.002,42.73636310197213,100.0,0.7003344477225995,threshold-control
50000.0,100.0,0.002,42.806537754027914,100.0,0.6999303510814294,threshold-control
50000.0,100.0,0.002,42.8767124060837,100.0,0.6995258963182133,threshold-control
50000.0,100.0,0.002,42.94688705813948,100.0,0.6991210836191245,threshold-control
50000.0,100.0,0.002,43.0,100.0,0.698814456017707,threshold-control
50000.0,100.0,0.002,43.017061710195264,100.0,0.6987159131718389,threshold-control
50000.0,100.0,0.002,43.08723636225105,100.0,0.6983103851655351,threshold-control
50000.0,100.0,0.002,43.15741101430683,100.0,0.6979044997908967,threshold-control
50000.0,100.0,0.002,43.227585666362614,100.0,0.6974982572401138,threshold-control
50000.0,100.0,0.002,43.2977603184184,100.0,0.6970916577068841,threshold-control
50000.0,100.0,0.002,43.36793497047418,100.0,0.6966847013864148,threshold-control
50000.0,100.0,0.002,43.438109622529964,100.0,0.6962773884754243,threshold-control
50000.0,100.0,0.002,43.50828427458575,100.0,0.6958697191721432,threshold-control
50000.0,100.0,0.002,43.57845892664153,100.0,0.6954616936763163,threshold-control
50000.0,100.0,0.002,43.648633578697314,100.0,0.6950533121892037,threshold-control
50000.0,100.0,0.002,43.7188082307531,100.0,0.6946445749135826,threshold-control
50000.0,100.0,0.002,43.78898288280888,100.0,0.6942354820537485,threshold-control
50000.0,100.0,0.002,43.859157534864664,100.0,0.6938260338155169,threshold-control
50000.0,100.0,0.002,43.92933218692045,100.0,0.6934162304062246,threshold-control
50000.0,100.0,0.002,43.99950683897623,100.0,0.6930060720347311,threshold-control
50000.0,100.0,0.002,44.0,100.0,0.6930031883406416,threshold-control
50000.0,100.0,0.002,44.069681491032014,100.0,0.6925955589114203,threshold-control
50000.0,100.0,0.002,44.1398561430878,100.0,0.6921846912482015,threshold-control
50000.0,100.0,0.002,44.21003079514358,100.0,0.6917734692585111,threshold-control
50000.0,100.0,0.002,44.280205447199364,100.0,0.6913618931573144,threshold-control
50000.0,100.0,0.002,44.35038009925515,100.0,0.6909499631611058,threshold-control
50000.0,100.0,0.002,44.42055475131093,100.0,0.6905376794879112,threshold-control
50000.0,100.0,0.002,44.490729403366714,100.0,0.6901250423572893,threshold-control
50000.0,100.0,0.002,44.5609040554225,100.0,0.6897120519903326,threshold-control
50000.0,100.0,0.002,44.63107870747828,100.0,0.6892987086096686,threshold-control
50000.0,100.0,0.002,44.701253359534064,100.0,0.6888850124394615,threshold-control
50000.0,100.0,0.002,44.77142801158985,100.0,0.6884709637054139,threshold-control
50000.0,100.0,0.002,44.84160266364563,100.0,0.688056562634767,threshold-control
50000.0,100.0,0.002,44.911777315701414,100.0,0.6876418094563028,threshold-control
50000.0,100.0,0.002,44.981951967757205,100.0,0.6872267044003453,threshold-control
50000.0,100.0,0.002,45.0,100.0,0.6871198877757483,threshold-control
50000.0,100.0,0.002,45.05212661981299,100.0,0.6868112476987611,threshold-control
50000.0,100.0,0.002,45.12230127186877,100.0,0.6863954395849619,threshold-control
50000.0,100.0,0.002,45.192475923924555,100.0,0.6859792802939041,threshold-control
50000.0,100.0,0.002,45.26265057598034,100.0,0.6855627700620919,threshold-control
50000.0,100.0,0.002,45.33282522803612,100.0,0.6851459091275769,threshold-control
50000.0,100.0,0.002,45.402999880091905,100.0,0.6847286977299603,threshold-control
50000.0,100.0,0.002,45.47317453214769,100.0,0.6843111361103937,threshold-control
50000.0,100.0,0.002,45.54334918420347,100.0,0.6838932245115807,threshold-control
50000.0,100.0,0.002,45.613523836259255,100.0,0.6834749631777777,threshold-control
50000.0,100.0,0.002,45.68369848831504,100.0,0.6830563523547948,threshold-control
50000.0,100.0,0.002,45.75387314037082,100.0,0.6826373922899978,threshold-control
50000.0,100.0,0.002,45.824047792426605,100.0,0.6822180832323086,threshold-control
50000.0,100.0,0.002,45.89422244448239,100.0,0.6817984254322068,threshold-control
50000.0,100.0,0.002,45.96439709653817,100.0,0.6813784191417307,threshold-control
50000.0,100.0,0.002,46.0,100.0,0.6811651970120559,threshold-control
50000.0,100.0,0.002,46.034571748593955,100.0,0.6809580646144782,threshold-control
50000.0,100.0,0.002,46.10474640064974,100.0,0.6805373621056081,threshold-control
50000.0,100.0,0.002,46.17492105270552,100.0,0.6801163118718414,threshold-control
50000.0,100.0,0.002,46.245095704761304,100.0,0.679694914171462,threshold-control
50000.0,100.0,0.002,46.31527035681709,100.0,0.6792731692643177,threshold-control
50000.0,100.0,0.002,46.38544500887287,100.0,0.6788510774118217,threshold-control
50000.0,100.0,0.002,46.455619660928654,100.0,0.6784286388769536,threshold-control
50000.0,100.0,0.002,46.52579431298444,100.0,0.6780058539242598,threshold-control
50000.0,100.0,0.002,46.59596896504022,100.0,0.6775827228198554,threshold-control
50000.0,100.0,0.002,46.666143617096004,100.0,0.6771592458314244,threshold-control
50000.0,100.0,0.002,46.73631826915179,100.0,0.6767354232282213,threshold-control
50000.0,100.0,0.002,46.80649292120757,100.0,0.6763112552810719,threshold-control
50000.0,100.0,0.002,46.876667573263354,100.0,0.675886742262374,threshold-control
50000.0,100.0,0.002,46.94684222531914,100.0,0.6754618844460987,threshold-control
50000.0,100.0,0.002,47.0,100.0,0.6751398224199605,threshold-control
50000.0,100.0,0.002,47.01701687737492,100.0,0.6750366821077913,threshold-control
50000.0,100.0,0.002,47.087191529430704,100.0,0.674611135524572,threshold-control
50000.0,100.0,0.002,47.15736618148649,100.0,0.6741852449751371,threshold-control
50000.0,100.0,0.002,47.22754083354227,100.0,0.6737590107397597,threshold-control
50000.0,100.0,0.002,47.297715485598054,100.0,0.673332433100291,threshold-control
50000.0,100.0,0.002,47.36789013765384,100.0,0.6729055123401602,threshold-control
50000.0,100.0,0.002,47.43806478970962,100.0,0.6724782487443766,threshold-control
50000.0,100.0,0.002,47.508239441765404,100.0,0.6720506425995298,threshold-control
50000.0,100.0,0.002,47.57841409382119,100.0,0.6716226941937906,threshold-control
50000.0,100.0,0.002,47.64858874587697,100.0,0.6711944038169118,threshold-control
50000.0,100.0,0.002,47.718763397932754,100.0,0.6707657717602291,threshold-control
50000.0,100.0,0.002,47.78893804998854,100.0,0.6703367983166619,threshold-control
50000.0,100.0,0.002,47.85911270204432,100.0,0.6699074837807142,threshold-control
50000.0,100.0,0.002,47.929287354100104,100.0,0.6694778284484753,threshold-control
50000.0,100.0,0.002,47.99946200615589,100.0,0.6690478326176201,threshold-control
50000.0,100.0,0.002,48.0,100.0,0.6690445347409043,threshold-control
50000.0,100.0,0.002,48.06963665821167,100.0,0.668617496587411,threshold-control
50000.0,100.0,0.002,48.139811310267454,100.0,0.6681868206586975,threshold-control
50000.0,100.0,0.002,48.20998596232324,100.0,0.6677558051339174,threshold-control
50000.0,100.0,0.002,48.28016061437902,100.0,0.6673244503170974,threshold-control
50000.0,100.0,0.002,48.350335266434804,100.0,0.6668927565138543,threshold-control
50000.0,100.0,0.002,48.42050991849059,100.0,0.6664607240313948,threshold-control
50000.0,100.0,0.002,48.49068457054637,100.0,0.6660283531785168,threshold-control
50000.0,100.0,0.002,48.56085922260216,100.0,0.66559564426561,threshold-control
50000.0,100.0,0.002,48.631033874657945,100.0,0.6651625976046567,threshold-control
50000.0,100.0,0.002,48.70120852671373,100.0,0.6647292135092314,threshold-control
50000.0,100.0,0.002,48.77138317876951,100.0,0.6642954922945032,threshold-control
50000.0,100.0,0.002,48.841557830825295,100.0,0.6638614342772349,threshold-control
50000.0,100.0,0.002,48.91173248288108,100.0,0.663427039775784,threshold-control
50000.0,100.0,0.002,48.98190713493686,100.0,0.6629923091101038,threshold-control
50000.0,100.0,0.002,49.0,100.0,0.6628801696772706,threshold-control
50000.0,100.0,0.002,49.052081786992645,100.0,0.6625572426017432,threshold-control
50000.0,100.0,0.002,49.12225643904843,100.0,0.6621218405738482,threshold-control
50000.0,100.0,0.002,49.19243109110421,100.0,0.6616861033511612,threshold-control
50000.0,100.0,0.002,49.262605743159995,100.0,0.6612500312600227,threshold-control
50000.0,100.0,0.002,49.33278039521578,100.0,0.6608136246283713,threshold-control
50000.0,100.0,0.002,49.40295504727156,100.0,0.6603768837857438,threshold-control
50000.0,100.0,0.002,49.473129699327345,100.0,0.6599398090632764,threshold-control
50000.0,100.0,0.002,49.54330435138313,100.0,0.659502400793705,threshold-control
50000.0,100.0,0.002,49.61347900343891,100.0,0.6590646593113656,threshold-control
50000.0,100.0,0.002,49.683653655494695,100.0,0.6586265849521942,threshold-control
50000.0,100.0,0.002,49.75382830755048,100.0,0.6581881780537282,threshold-control
50000.0,100.0,0.002,49.82400295960626,100.0,0.6577494389551062,threshold-control
50000.0,100.0,0.002,49.894177611662045,100.0,0.6573103679970683,threshold-control
50000.0,100.0,0.002,49.96435226371783,100.0,0.6568709655219573,threshold-control
50000.0,100.0,0.002,50.0,100.0,0.65664762837764,threshold-control
50000.0,100.0,0.002,50.03452691577361,100.0,0.6564312318737181,threshold-control
50000.0,100.0,0.002,50.104701567829395,100.0,0.6559911673978984,threshold-control
50000.0,100.0,0.002,50.17487621988518,100.0,0.6555507724416495,threshold-control
50000.0,100.0,0.002,50.24505087194096,100.0,0.6551100473537259,threshold-control
50000.0,100.0,0.002,50.315225523996745,100.0,0.6546689924844861,threshold-control
50000.0,100.0,0.002,50.38540017605253,100.0,0.6542276081858929,threshold-control
50000.0,100.0,0.002,50.45557482810831,100.0,0.6537858948115134,threshold-control
50000.0,100.0,0.002,50.525749480164095,100.0,0.6533438527165194,threshold-control
50000.0,100.0,0.002,50.59592413221988,100.0,0.6529014822576882,threshold-control
50000.0,100.0,0.002,50.66609878427566,100.0,0.6524587837934017,threshold-control
50000.0,100.0,0.002,50.736273436331444,100.0,0.6520157576836478,threshold-control
50000.0,100.0,0.002,50.80644808838723,100.0,0.65157240429002,threshold-control
50000.0,100.0,0.002,50.87662274044301,100.0,0.6511287239757173,threshold-control
50000.0,100.0,0.002,50.946797392498794,100.0,0.6506847171055454,threshold-control
50000.0,100.0,0.002,51.0,100.0,0.6503478778127427,threshold-control
50000.0,100.0,0.002,51.01697204455458,100.0,0.6502403840459161,threshold-control
50000.0,100.0,0.002,51.08714669661036,100.0,0.6497957251648474,threshold-control
50000.0,100.0,0.002,51.157321348666144,100.0,0.6493507408319645,threshold-control
50000.0,100.0,0.002,51.22749600072193,100.0,0.6489054314184988,threshold-control
50000.0,100.0,0.002,51.29767065277771,100.0,0.6484597972972884,threshold-control
50000.0,100.0,0.002,51.367845304833494,100.0,0.648013838842779,threshold-control
50000.0,100.0,0.002,51.43801995688928,100.0,0.647567556431023,threshold-control
50000.0,100.0,0.002,51.50819460894506,100.0,0.6471209504396798,threshold-control
50000.0,100.0,0.002,51.578369261000844,100.0,0.6466740212480163,threshold-control
50000.0,100.0,0.002,51.64854391305663,100.0,0.6462267692369061,threshold-control
50000.0,100.0,0.002,51.71871856511241,100.0,0.6457791947888308,threshold-control
50000.0,100.0,0.002,51.788893217168194,100.0,0.6453312982878787,threshold-control
50000.0,100.0,0.002,51.85906786922398,100.0,0.6448830801197456,threshold-control
50000.0,100.0,0.002,51.92924252127976,100.0,0.6444345406717342,threshold-control
50000.0,100.0,0.002,51.999417173335544,100.0,0.6439856803327552,threshold-control
50000.0,100.0,0.002,52.0,100.0,0.6439819510376561,threshold-control
50000.0,100.0,0.002,52.06959182539133,100.0,0.6435364994933256,threshold-control
50000.0,100.0,0.002,52.13976647744712,100.0,0.64308699854557,threshold-control
50000.0,100.0,0.002,52.2099411295029,100.0,0.6426371778832203,threshold-control
50000.0,100.0,0.002,52.280115781558685,100.0,0.6421870379016148,threshold-control
50000.0,100.0,0.002,52.35029043361447,100.0,0.641736578997699,threshold-control
50000.0,100.0,0.002,52.42046508567025,100.0,0.6412858015700247,threshold-control
50000.0,100.0,0.002,52.490639737726035,100.0,0.6408347060187511,threshold-control
50000.0,100.0,0.002,52.56081438978182,100.0,0.6403832927456434,threshold-control
50000.0,100.0,0.002,52.6309890418376,100.0,0.6399315621540727,threshold-control
50000.0,100.0,0.002,52.701163693893385,100.0,0.6394795146490169,threshold-control
50000.0,100.0,0.002,52.77133834594917,100.0,0.6390271506370593,threshold-control
50000.0,100.0,0.002,52.84151299800495,100.0,0.6385744705263892,threshold-control
50000.0,100.0,0.002,52.911687650060735,100.0,0.6381214747268014,threshold-control
50000.0,100.0,0.002,52.98186230211652,100.0,0.6376681636496956,threshold-control
50000.0,100.0,0.002,53.0,100.0,0.637550947336033,threshold-control
50000.0,100.0,0.002,53.0520369541723,100.0,0.6372145377080769,threshold-control
50000.0,100.0,0.002,53.122211606228085,100.0,0.6367605973165548,threshold-control
50000.0,100.0,0.002,53.19238625828387,100.0,0.6363063428913434,threshold-control
50000.0,100.0,0.002,53.26256091033965,100.0,0.6358517748502606,threshold-control
50000.0,100.0,0.002,53.332735562395435,100.0,0.6353968936127286,threshold-control
50000.0,100.0,0.002,53.40291021445122,100.0,0.634941699599773,threshold-control
50000.0,100.0,0.002,53.473084866507,100.0,0.6344861932340218,threshold-control
50000.0,100.0,0.002,53.543259518562785,100.0,0.6340303749397065,threshold-control
50000.0,100.0,0.002,53.61343417061857,100.0,0.6335742451426609,threshold-control
50000.0,100.0,0.002,53.68360882267435,100.0,0.6331178042703205,threshold-control
50000.0,100.0,0.002,53.753783474730135,100.0,0.6326610527517227,threshold-control
50000.0,100.0,0.002,53.82395812678592,100.0,0.6322039910175054,threshold-control
50000.0,100.0,0.002,53.8941327788417,100.0,0.631746619499908,threshold-control
50000.0,100.0,0.002,53.964307430897485,100.0,0.6312889386327695,threshold-control
50000.0,100.0,0.002,54.0,100.0,0.63105603224243,threshold-control
50000.0,100.0,0.002,54.03448208295327,100.0,0.6308309488515289,threshold-control
50000.0,100.0,0.002,54.10465673500905,100.0,0.6303726505932248,threshold-control
50000.0,100.0,0.002,54.174831387064835,100.0,0.6299140442964941,threshold-control
50000.0,100.0,0.002,54.24500603912062,100.0,0.6294551304015721,threshold-control
50000.0,100.0,0.002,54.3151806911764,100.0,0.6289959093502917,threshold-control
50000.0,100.0,0.002,54.385355343232185,100.0,0.6285363815860834,threshold-control
50000.0,100.0,0.002,54.45552999528797,100.0,0.6280765475539738,threshold-control
50000.0,100.0,0.002,54.52570464734375,100.0,0.6276164077005855,threshold-control
50000.0,100.0,0.002,54.595879299399535,100.0,0.6271559624741369,threshold-control
50000.0,100.0,0.002,54.66605395145532,100.0,0.6266952123244408,threshold-control
50000.0,100.0,0.002,54.7362286035111,100.0,0.6262341577029045,threshold-control
50000.0,100.0,0.002,54.806403255566885,100.0,0.6257727990625285,threshold-control
50000.0,100.0,0.002,54.87657790762267,100.0,0.6253111368579063,threshold-control
50000.0,100.0,0.002,54.94675255967845,100.0,0.6248491715452235,threshold-control
50000.0,100.0,0.002,55.0,100.0,0.6244984374390894,threshold-control
50000.0,100.0,0.002,55.016927211734235,100.0,0.6243869035822573,threshold-control
50000.0,100.0,0.002,55.08710186379002,100.0,0.6239243334283755,threshold-control
50000.0,100.0,0.002,55.1572765158458,100.0,0.623461461544536,threshold-control
50000.0,100.0,0.002,55.227451167901584,100.0,0.6229982883932859,threshold-control
50000.0,100.0,0.002,55.29762581995737,100.0,0.622534814438761,threshold-control
50000.0,100.0,0.002,55.36780047201315,100.0,0.6220710401466847,threshold-control
50000.0,100.0,0.002,55.437975124068934,100.0,0.6216069659843673,threshold-control
50000.0,100.0,0.002,55.50814977612472,100.0,0.6211425924207056,threshold-control
50000.0,100.0,0.002,55.5783244281805,100.0,0.6206779199261812,threshold-control
50000.0,100.0,0.002,55.648499080236284,100.0,0.6202129489728605,threshold-control
50000.0,100.0,0.002,55.718673732292075,100.0,0.6197476800343934,threshold-control
50000.0,100.0,0.002,55.78884838434786,100.0,0.6192821135860128,threshold-control
50000.0,100.0,0.002,55.85902303640364,100.0,0.6188162501045332,threshold-control
50000.0,100.0,0.002,55.929197688459425,100.0,0.6183500900683501,threshold-control
50000.0,100.0,0.002,55.99937234051521,100.0,0.6178836339574392,threshold-control
50000.0,100.0,0.002,56.0,100.0,0.6178794605238733,threshold-control
50000.0,100.0,0.002,56.06954699257099,100.0,0.6174168822533548,threshold-control
50000.0,100.0,0.002,56.139721644626775,100.0,0.6169498354392301,threshold-control
50000.0,100.0,0.002,56.20989629668256,100.0,0.6164824939997748,threshold-control
50000.0,100.0,0.002,56.28007094873834,100.0,0.6160148584212753,threshold-control
50000.0,100.0,0.002,56.350245600794125,100.0,0.6155469291915927,threshold-control
50000.0,100.0,0.002,56.42042025284991,100.0,0.6150787068001625,threshold-control
50000.0,100.0,0.002,56.49059490490569,100.0,0.6146101917379934,threshold-control
50000.0,100.0,0.002,56.560769556961475,100.0,0.614141384497666,threshold-control
50000.0,100.0,0.002,56.63094420901726,100.0,0.6136722855733319,threshold-control
50000.0,100.0,0.002,56.70111886107304,100.0,0.6132028954607127,threshold-control
50000.0,100.0,0.002,56.771293513128825,100.0,0.6127332146570991,threshold-control
50000.0,100.0,0.002,56.84146816518461,100.0,0.6122632436613487,threshold-control
50000.0,100.0,0.002,56.91164281724039,100.0,0.6117929829738864,threshold-control
50000.0,100.0,0.002,56.981817469296175,100.0,0.6113224330967022,threshold-control
50000.0,100.0,0.002,57.0,100.0,0.6112004646463911,threshold-control
50000.0,100.0,0.002,57.05199212135196,100.0,0.6108515945333504,threshold-control
50000.0,100.0,0.002,57.12216677340774,100.0,0.6103804677889485,threshold-control
50000.0,100.0,0.002,57.192341425463525,100.0,0.6099090533701754,threshold-control
50000.0,100.0,0.002,57.26251607751931,100.0,0.609437351785271,threshold-control
50000.0,100.0,0.002,57.33269072957509,100.0,0.6089653635440346,threshold-control
50000.0,100.0,0.002,57.402865381630875,100.0,0.6084930891578237,threshold-control
50000.0,100.0,0.002,57.47304003368666,100.0,0.6080205291395524,threshold-control
50000.0,100.0,0.002,57.54321468574244,100.0,0.6075476840036904,threshold-control
50000.0,100.0,0.002,57.613389337798225,100.0,0.6070745542662621,threshold-control
50000.0,100.0,0.002,57.68356398985401,100.0,0.6066011404448445,threshold-control
50000.0,100.0,0.002,57.75373864190979,100.0,0.6061274430585666,threshold-control
50000.0,100.0,0.002,57.823913293965575,100.0,0.6056534626281072,threshold-control
50000.0,100.0,0.002,57.89408794602136,100.0,0.6051791996756944,threshold-control
50000.0,100.0,0.002,57.96426259807714,100.0,0.6047046547251038,threshold-control
50000.0,100.0,0.002,58.0,100.0,0.6044628780097507,threshold-control
50000.0,100.0,0.002,58.034437250132925,100.0,0.6042298283016574,threshold-control
50000.0,100.0,0.002,58.10461190218871,100.0,0.6037547209322209,threshold-control
50000.0,100.0,0.002,58.17478655424449,100.0,0.6032793331452047,threshold-control
50000.0,100.0,0.002,58.244961206300275,100.0,0.60280366547056,threshold-control
50000.0,100.0,0.002,58.31513585835606,100.0,0.6023277184397791,threshold-control
50000.0,100.0,0.002,58.38531051041184,100.0,0.6018514925858924,threshold-control
50000.0,100.0,0.002,58.455485162467625,100.0,0.6013749884434686,threshold-control
50000.0,100.0,0.002,58.52565981452341,100.0,0.6008982065486115,threshold-control
50000.0,100.0,0.002,58.59583446657919,100.0,0.6004211474389596,threshold-control
50000.0,100.0,0.002,58.666009118634975,100.0,0.5999438116536844,threshold-control
50000.0,100.0,0.002,58.73618377069076,100.0,0.5994661997334881,threshold-control
50000.0,100.0,0.002,58.80635842274654,100.0,0.5989883122206031,threshold-control
50000.0,100.0,0.002,58.876533074802325,100.0,0.5985101496587895,threshold-control
50000.0,100.0,0.002,58.94670772685811,100.0,0.5980317125933335,threshold-control
50000.0,100.0,0.002,59.0,100.0,0.597668193235771,threshold-control
50000.0,100.0,0.002,59.01688237891389,100.0,0.597553001571047,threshold-control
50000.0,100.0,0.002,59.087057030969675,100.0,0.5970740171402643,threshold-control
50000.0,100.0,0.002,59.15723168302546,100.0,0.5965947598508414,threshold-control
50000.0,100.0,0.002,59.22740633508124,100.0,0.5961152302541542,threshold-control
50000.0,100.0,0.002,59.29758098713703,100.0,0.5956354289030964,threshold-control
50000.0,100.0,0.002,59.367755639192815,100.0,0.5951553563520784,threshold-control
50000.0,100.0,0.002,59.4379302912486,100.0,0.5946750131570249,threshold-control
50000.0,100.0,0.002,59.50810494330438,100.0,0.5941943998753734,threshold-control
50000.0,100.0,0.002,59.578279595360165,100.0,0.5937135170660734,threshold-control
50000.0,100.0,0.002,59.64845424741595,100.0,0.5932323652895828,threshold-control
50000.0,100.0,0.002,59.71862889947173,100.0,0.5927509451078671,threshold-control
50000.0,100.0,0.002,59.788803551527515,100.0,0.5922692570843979,threshold-control
50000.0,100.0,0.002,59.8589782035833,100.0,0.5917873017841504,threshold-control
50000.0,100.0,0.002,59.92915285563908,100.0,0.5913050797736019,threshold-control
50000.0,100.0,0.002,59.999327507694865,100.0,0.59082259162073,threshold-control
50000.0,100.0,0.002,60.0,100.0,0.590817966591918,threshold-control
50000.0,100.0,0.002,60.06950215975065,100.0,0.5903398378950102,threshold-control
50000.0,100.0,0.002,60.13967681180643,100.0,0.5898568191674146,threshold-control
50000.0,100.0,0.002,60.209851463862215,100.0,0.5893735360104098,threshold-control
50000.0,100.0,0.002,60.280026115918,100.0,0.5888899889979546,threshold-control
50000.0,100.0,0.002,60.35020076797378,100.0,0.5884061787054988,threshold-control
50000.0,100.0,0.002,60.420375420029565,100.0,0.5879221057099805,threshold-control
50000.0,100.0,0.002,60.49055007208535,100.0,0.5874377705898242,threshold-control
50000.0,100.0,0.002,60.56072472414113,100.0,0.5869531739249394,threshold-control
50000.0,100.0,0.002,60.630899376196915,100.0,0.5864683162967177,threshold-control
50000.0,100.0,0.002,60.7010740282527,100.0,0.5859831982880319,threshold-control
50000.0,100.0,0.002,60.77124868030848,100.0,0.5854978204832326,threshold-control
50000.0,100.0,0.002,60.841423332364265,100.0,0.5850121834681472,threshold-control
50000.0,100.0,0.002,60.91159798442005,100.0,0.5845262878300771,threshold-control
50000.0,100.0,0.002,60.98177263647583,100.0,0.5840401341577963,threshold-control
50000.0,100.0,0.002,61.0,100.0,0.5839138170786901,threshold-control
50000.0,100.0,0.002,61.051947288531615,100.0,0.5835537230415487,threshold-control
50000.0,100.0,0.002,61.1221219405874,100.0,0.5830670550730461,threshold-control
50000.0,100.0,0.002,61.19229659264318,100.0,0.582580130845466,threshold-control
50000.0,100.0,0.002,61.262471244698965,100.0,0.5820929509534498,threshold-control
50000.0,100.0,0.002,61.33264589675475,100.0,0.5816055159931002,threshold-control
50000.0,100.0,0.002,61.40282054881053,100.0,0.581117826561979,threshold-control
50000.0,100.0,0.002,61.472995200866315,100.0,0.5806298832591051,threshold-control
50000.0,100.0,0.002,61.5431698529221,100.0,0.5801416866849525,threshold-control
50000.0,100.0,0.002,61.61334450497788,100.0,0.5796532374414471,threshold-control
50000.0,100.0,0.002,61.683519157033665,100.0,0.5791645361319656,threshold-control
50000.0,100.0,0.002,61.75369380908945,100.0,0.5786755833613322,threshold-control
50000.0,100.0,0.002,61.82386846114523,100.0,0.578186379735817,threshold-control
50000.0,100.0,0.002,61.894043113201015,100.0,0.5776969258631333,threshold-control
50000.0,100.0,0.002,61.9642177652568,100.0,0.5772072223524356,threshold-control
50000.0,100.0,0.002,62.0,100.0,0.5769574253766426,threshold-control
50000.0,100.0,0.002,62.03439241731258,100.0,0.5767172698143167,threshold-control
50000.0,100.0,0.002,62.104567069368365,100.0,0.576227068860806,threshold-control
50000.0,100.0,0.002,62.17474172142415,100.0,0.5757366201053664,threshold-control
50000.0,100.0,0.002,62.24491637347993,100.0,0.5752459241628926,threshold-control
50000.0,100.0,0.002,62.315091025535715,100.0,0.5747549816497082,threshold-control
50000.0,100.0,0.002,62.3852656775915,100.0,0.5742637931835631,threshold-control
50000.0,100.0,0.002,62.45544032964728,100.0,0.5737723593836319,threshold-control
50000.0,100.0,0.002,62.525614981703065,100.0,0.5732806808705104,threshold-control
50000.0,100.0,0.002,62.59578963375885,100.0,0.572788758266214,threshold-control
50000.0,100.0,0.002,62.66596428581463,100.0,0.5722965921941742,threshold-control
50000.0,100.0,0.002,62.736138937870415,100.0,0.5718041832792371,threshold-control
50000.0,100.0,0.002,62.8063135899262,100.0,0.5713115321476603,threshold-control
50000.0,100.0,0.002,62.87648824198199,100.0,0.5708186394271101,threshold-control
50000.0,100.0,0.002,62.94666289403777,100.0,0.5703255057466601,threshold-control
50000.0,100.0,0.002,63.0,100.0,0.5699505326527394,threshold-control
50000.0,100.0,0.002,63.016837546093555,100.0,0.5698321317367869,threshold-control
50000.0,100.0,0.002,63.08701219814934,100.0,0.5693385180293689,threshold-control
50000.0,100.0,0.002,63.15718685020512,100.0,0.5688446652576828,threshold-control
50000.0,100.0,0.002,63.227361502260905,100.0,0.568350574056402,threshold-control
50000.0,100.0,0.002,63.29753615431669,100.0,0.5678562450615924,threshold-control
50000.0,100.0,0.002,63.36771080637247,100.0,0.5673616789107111,threshold-control
50000.0,100.0,0.002,63.437885458428255,100.0,0.566866876242603,threshold-control
50000.0,100.0,0.002,63.50806011048404,100.0,0.5663718376974985,threshold-control
50000.0,100.0,0.002,63.57823476253982,100.0,0.5658765639170102,threshold-control
50000.0,100.0,0.002,63.648409414595605,100.0,0.5653810555441313,threshold-control
50000.0,100.0,0.002,63.71858406665139,100.0,0.5648853132232311,threshold-control
50000.0,100.0,0.002,63.78875871870717,100.0,0.5643893376000539,threshold-control
50000.0,100.0,0.002,63.858933370762955,100.0,0.5638931293217153,threshold-control
50000.0,100.0,0.002,63.92910802281874,100.0,0.5633966890366995,threshold-control
50000.0,100.0,0.002,63.99928267487452,100.0,0.5629000173948566,threshold-control
50000.0,100.0,0.002,64.0,100.0,0.5628949392262219,threshold-control
50000.0,100.0,0.002,64.0694573269303,100.0,0.5624031150474003,threshold-control
50000.0,100.0,0.002,64.13963197898609,100.0,0.5619059826469038,threshold-control
50000.0,100.0,0.002,64.20980663104187,100.0,0.5614086208472981,threshold-control
50000.0,100.0,0.002,64.27998128309765,100.0,0.5609110303038682,threshold-control
50000.0,100.0,0.002,64.35015593515344,100.0,0.5604132116732513,threshold-control
50000.0,100.0,0.002,64.42033058720922,100.0,0.5599151656134326,threshold-control
50000.0,100.0,0.002,64.490505239265,100.0,0.5594168927837433,threshold-control
50000.0,100.0,0.002,64.56067989132079,100.0,0.5589183938448574,threshold-control
50000.0,100.0,0.002,64.63085454337657,100.0,0.5584196694587886,threshold-control
50000.0,100.0,0.002,64.70102919543235,100.0,0.5579207202888873,threshold-control
50000.0,100.0,0.002,64.77120384748814,100.0,0.5574215469998378,threshold-control
50000.0,100.0,0.002,64.84137849954392,100.0,0.5569221502576551,threshold-control
50000.0,100.0,0.002,64.9115531515997,100.0,0.5564225307296823,threshold-control
50000.0,100.0,0.002,64.98172780365549,100.0,0.5559226890845868,threshold-control
50000.0,100.0,0.002,65.0,100.0,0.5557925030947143,threshold-control
50000.0,100.0,0.002,65.05190245571127,100.0,0.5554226259923575,threshold-control
50000.0,100.0,0.002,65.12207710776705,100.0,0.5549223421243024,threshold-control
50000.0,100.0,0.002,65.19225175982284,100.0,0.5544218381530445,threshold-control
50000.0,100.0,0.002,65.26242641187862,100.0,0.5539211147525194,threshold-control
50000.0,100.0,0.002,65.3326010639344,100.0,0.5534201725979717,threshold-control
50000.0,100.0,0.002,65.40277571599019,100.0,0.5529190123659524,threshold-control
50000.0,100.0,0.002,65.47295036804597,100.0,0.5524176347343153,threshold-control
50000.0,100.0,0.002,65.54312502010175,100.0,0.5519160403822136,threshold-control
50000.0,100.0,0.002,65.61329967215754,100.0,0.5514142299900974,threshold-control
50000.0,100.0,0.002,65.68347432421332,100.0,0.5509122042397101,threshold-control
50000.0,100.0,0.002,65.7536489762691,100.0,0.5504099638140854,threshold-control
50000.0,100.0,0.002,65.82382362832489,100.0,0.5499075093975432,threshold-control
50000.0,100.0,0.002,65.89399828038067,100.0,0.5494048416756876,threshold-control
50000.0,100.0,0.002,65.96417293243645,100.0,0.5489019613354029,threshold-control
50000.0,100.0,0.002,66.0,100.0,0.5486451383218058,threshold-control
50000.0,100.0,0.002,66.03434758449224,100.0,0.5483988690648507,threshold-control
50000.0,100.0,0.002,66.10452223654802,100.0,0.5478955655534657,threshold-control
50000.0,100.0,0.002,66.1746968886038,100.0,0.5473920514919539,threshold-control
50000.0,100.0,0.002,66.24487154065959,100.0,0.5468883275722876,threshold-control
50000.0,100.0,0.002,66.31504619271537,100.0,0.5463843944877034,threshold-control
50000.0,100.0,0.002,66.38522084477115,100.0,0.545880252932698,threshold-control
50000.0,100.0,0.002,66.45539549682694,100.0,0.5453759036030252,threshold-control
50000.0,100.0,0.002,66.52557014888272,100.0,0.5448713471956924,threshold-control
50000.0,100.0,0.002,66.5957448009385,100.0,0.5443665844089574,threshold-control
50000.0,100.0,0.002,66.66591945299429,100.0,0.5438616159423242,threshold-control
50000.0,100.0,0.002,66.73609410505007,100.0,0.5433564424965409,threshold-control
50000.0,100.0,0.002,66.80626875710585,100.0,0.5428510647735947,threshold-control
50000.0,100.0,0.002,66.87644340916164,100.0,0.5423454834767096,threshold-control
50000.0,100.0,0.002,66.94661806121742,100.0,0.5418396993103428,threshold-control
50000.0,100.0,0.002,67.0,100.0,0.5414548132879003,threshold-control
50000.0,100.0,0.002,67.0167927132732,100.0,0.5413337129801801,threshold-control
50000.0,100.0,0.002,67.08696736532899,100.0,0.5408275251931336,threshold-control
50000.0,100.0,0.002,67.15714201738477,100.0,0.5403211366573379,threshold-control
50000.0,100.0,0.002,67.22731666944055,100.0,0.5398145480821464,threshold-control
50000.0,100.0,0.002,67.29749132149634,100.0,0.5393077601781271,threshold-control
50000.0,100.0,0.002,67.36766597355212,100.0,0.5388007736570604,threshold-control
50000.0,100.0,0.002,67.4378406256079,100.0,0.538293589231934,threshold-control
50000.0,100.0,0.002,67.50801527766369,100.0,0.5377862076169411,threshold-control
50000.0,100.0,0.002,67.57818992971947,100.0,0.5372786295274746,threshold-control
50000.0,100.0,0.002,67.64836458177525,100.0,0.536770855680125,threshold-control
50000.0,100.0,0.002,67.71853923383104,100.0,0.5362628867926763,threshold-control
50000.0,100.0,0.002,67.78871388588682,100.0,0.5357547235841023,threshold-control
50000.0,100.0,0.002,67.8588885379426,100.0,0.535246366774563,threshold-control
50000.0,100.0,0.002,67.92906318999839,100.0,0.5347378170854007,threshold-control
50000.0,100.0,0.002,67.99923784205417,100.0,0.5342290752391364,threshold-control
50000.0,100.0,0.002,68.0,100.0,0.5342235488066611,threshold-control
50000.0,100.0,0.002,68.06941249410995,100.0,0.5337201419594664,threshold-control
50000.0,100.0,0.002,68.13958714616574,100.0,0.5332110179712578,threshold-control
50000.0,100.0,0.002,68.20976179822152,100.0,0.5327017040005454,threshold-control
50000.0,100.0,0.002,68.27993645027732,100.0,0.5321922007745277,threshold-control
50000.0,100.0,0.002,68.3501111023331,100.0,0.5316825090215631,threshold-control
50000.0,100.0,0.002,68.42028575438889,100.0,0.5311726294711661,threshold-control
50000.0,100.0,0.002,68.49046040644467,100.0,0.5306625628540033,threshold-control
50000.0,100.0,0.002,68.56063505850045,100.0,0.5301523099018899,threshold-control
50000.0,100.0,0.002,68.63080971055624,100.0,0.5296418713477857,threshold-control
50000.0,100.0,0.002,68.70098436261202,100.0,0.5291312479257912,threshold-control
50000.0,100.0,0.002,68.7711590146678,100.0,0.5286204403711439,threshold-control
50000.0,100.0,0.002,68.84133366672359,100.0,0.5281094494202135,threshold-control
50000.0,100.0,0.002,68.91150831877937,100.0,0.5275982758105,threshold-control
50000.0,100.0,0.002,68.98168297083515,100.0,0.5270869202806274,threshold-control
50000.0,100.0,0.002,69.0,100.0,0.5269534161099282,threshold-control
50000.0,100.0,0.002,69.05185762289094,100.0,0.5265753835703413,threshold-control
50000.0,100.0,0.002,69.12203227494672,100.0,0.526063666420505,threshold-control
50000.0,100.0,0.002,69.1922069270025,100.0,0.5255517695730938,threshold-control
50000.0,100.0,0.002,69.26238157905829,100.0,0.5250396937711936,threshold-control
50000.0,100.0,0.002,69.33255623111407,100.0,0.524527439758995,threshold-control
50000.0,100.0,0.002,69.40273088316985,100.0,0.5240150082817899,threshold-control
50000.0,100.0,0.002,69.47290553522564,100.0,0.5235024000859674,threshold-control
50000.0,100.0,0.002,69.54308018728142,100.0,0.5229896159190099,threshold-control
50000.0,100.0,0.002,69.6132548393372,100.0,0.5224766565294889,threshold-control
50000.0,100.0,0.002,69.68342949139299,100.0,0.5219635226670611,threshold-control
50000.0,100.0,0.002,69.75360414344877,100.0,0.5214502150824644,threshold-control
50000.0,100.0,0.002,69.82377879550455,100.0,0.5209367345275129,threshold-control
50000.0,100.0,0.002,69.89395344756034,100.0,0.5204230817550943,threshold-control
50000.0,100.0,0.002,69.96412809961612,100.0,0.5199092575191648,threshold-control
50000.0,100.0,0.002,70.0,100.0,0.5196465347045307,threshold-control
50000.0,100.0,0.002,70.0343027516719,100.0,0.5193952625747449,threshold-control
50000.0,100.0,0.002,70.10447740372769,100.0,0.5188810976779155,threshold-control
50000.0,100.0,0.002,70.17465205578347,100.0,0.5183667635858142,threshold-control
50000.0,100.0,0.002,70.24482670783925,100.0,0.5178522610566302,threshold-control
50000.0,100.0,0.002,70.31500135989504,100.0,0.517337590849601,threshold-control
50000.0,100.0,0.002,70.38517601195082,100.0,0.5168227537250072,threshold-control
50000.0,100.0,0.002,70.4553506640066,100.0,0.5163077504441697,threshold-control
50000.0,100.0,0.002,70.52552531606239,100.0,0.5157925817694438,threshold-control
50000.0,100.0,0.002,70.59569996811817,100.0,0.5152772484642161,threshold-control
50000.0,100.0,0.002,70.66587462017395,100.0,0.5147617512929001,threshold-control
50000.0,100.0,0.002,70.73604927222974,100.0,0.5142460910209319,threshold-control
50000.0,100.0,0.002,70.80622392428552,100.0,0.5137302684147651,threshold-control
50000.0,100.0,0.002,70.8763985763413,100.0,0.5132142842418677,threshold-control
50000.0,100.0,0.002,70.94657322839709,100.0,0.512698139270717,threshold-control
50000.0,100.0,0.002,71.0,100.0,0.5123050701049565,threshold-control
50000.0,100.0,0.002,71.01674788045287,100.0,0.512181834270796,threshold-control
50000.0,100.0,0.002,71.08692253250865,100.0,0.5116653700125882,threshold-control
50000.0,100.0,0.002,71.15709718456444,100.0,0.5111487472675738,threshold-control
50000.0,100.0,0.002,71.22727183662022,100.0,0.510631966808225,threshold-control
50000.0,100.0,0.002,71.297446488676,100.0,0.5101150294080021,threshold-control
50000.0,100.0,0.002,71.36762114073179,100.0,0.5095979358413489,threshold-control
50000.0,100.0,0.002,71.43779579278757,100.0,0.5090806868836876,threshold-control
50000.0,100.0,0.002,71.50797044484335,100.0,0.5085632833114159,threshold-control
50000.0,100.0,0.002,71.57814509689914,100.0,0.5080457259019009,threshold-control
50000.0,100.0,0.002,71.64831974895492,100.0,0.5075280154334761,threshold-control
50000.0,100.0,0.002,71.7184944010107,100.0,0.5070101526854359,threshold-control
50000.0,100.0,0.002,71.78866905306649,100.0,0.5064921384380314,threshold-control
50000.0,100.0,0.002,71.85884370512227,100.0,0.5059739734724664,threshold-control
50000.0,100.0,0.002,71.92901835717805,100.0,0.5054556585708927,threshold-control
50000.0,100.0,0.002,71.99919300923384,100.0,0.5049371945164048,threshold-control
50000.0,100.0,0.002,72.0,100.0,0.504931231446373,threshold-control
50000.0,100.0,0.002,72.06936766128962,100.0,0.5044185820930367,threshold-control
50000.0,100.0,0.002,72.1395423133454,100.0,0.503899822085756,threshold-control
50000.0,100.0,0.002,72.20971696540119,100.0,0.5033809152804611,threshold-control
50000.0,100.0,0.002,72.27989161745697,100.0,0.5028618624639748,threshold-control
50000.0,100.0,0.002,72.35006626951275,100.0,0.5023426644240406,threshold-control
50000.0,100.0,0.002,72.42024092156853,100.0,0.5018233219493187,threshold-control
50000.0,100.0,0.002,72.49041557362432,100.0,0.50130383582938,threshold-control
50000.0,100.0,0.002,72.5605902256801,100.0,0.5007842068547027,threshold-control
50000.0,100.0,0.002,72.63076487773588,100.0,0.5002644358166674,threshold-control
50000.0,100.0,0.002,72.70093952979167,100.0,0.49974452350755205,threshold-control
50000.0,100.0,0.002,72.77111418184745,100.0,0.4992244707205278,threshold-control
50000.0,100.0,0.002,72.84128883390323,100.0,0.49870427824965424,threshold-control
50000.0,100.0,0.002,72.91146348595902,100.0,0.49818394688987444,threshold-control
50000.0,100.0,0.002,72.9816381380148,100.0,0.49766347743701056,threshold-control
50000.0,100.0,0.002,73.0,100.0,0.4975272689830136,threshold-control
50000.0,100.0,0.002,73.05181279007058,100.0,0.4971428706877593,threshold-control
50000.0,100.0,0.002,73.12198744212637,100.0,0.4966221274396868,threshold-control
50000.0,100.0,0.002,73.19216209418215,100.0,0.4961012484912243,threshold-control
50000.0,100.0,0.002,73.26233674623793,100.0,0.495580234641663,threshold-control
50000.0,100.0,0.002,73.33251139829372,100.0,0.49505908669114995,threshold-control
50000.0,100.0,0.002,73.4026860503495,100.0,0.49453780544068293,threshold-control
50000.0,100.0,0.002,73.47286070240528,100.0,0.4940163916921053,threshold-control
50000.0,100.0,0.002,73.54303535446107,100.0,0.49349484624810214,threshold-control
50000.0,100.0,0.002,73.61321000651685,100.0,0.49297316991219486,threshold-control
50000.0,100.0,0.002,73.68338465857263,100.0,0.4924513634887364,threshold-control
50000.0,100.0,0.002,73.75355931062842,100.0,0.4919294277829067,threshold-control
50000.0,100.0,0.002,73.8237339626842,100.0,0.4914073636007079,threshold-control
50000.0,100.0,0.002,73.89390861473998,100.0,0.49088517174895907,threshold-control
50000.0,100.0,0.002,73.96408326679577,100.0,0.49036285303529203,threshold-control
50000.0,100.0,0.002,74.0,100.0,0.4900954714774539,threshold-control
50000.0,100.0,0.002,74.03425791885155,100.0,0.489840408268146,threshold-control
50000.0,100.0,0.002,74.10443257090733,100.0,0.4893178382567629,threshold-control
50000.0,100.0,0.002,74.17460722296312,100.0,0.4887951438111824,threshold-control
50000.0,100.0,0.002,74.2447818750189,100.0,0.4882723257422379,threshold-control
50000.0,100.0,0.002,74.31495652707468,100.0,0.48774938486154995,threshold-control
50000.0,100.0,0.002,74.38513117913047,100.0,0.4872263219815227,threshold-control
50000.0,100.0,0.002,74.45530583118625,100.0,0.4867031379153387,threshold-control
50000.0,100.0,0.002,74.52548048324203,100.0,0.48617983347695404,threshold-control
50000.0,100.0,0.002,74.59565513529782,100.0,0.4856564094810928,threshold-control
50000.0,100.0,0.002,74.6658297873536,100.0,0.48513286674324285,threshold-control
50000.0,100.0,0.002,74.73600443940938,100.0,0.48460920607965063,threshold-control
50000.0,100.0,0.002,74.80617909146517,100.0,0.4840854283073164,threshold-control
50000.0,100.0,0.002,74.87635374352095,100.0,0.48356153424398873,threshold-control
50000.0,100.0,0.002,74.94652839557673,100.0,0.4830375247081601,threshold-control
50000.0,100.0,0.002,75.0,100.0,0.48263816348678346,threshold-control
50000.0,100.0,0.002,75.01670304763252,100.0,0.48251340051906155,threshold-control
50000.0,100.0,0.002,75.0868776996883,100.0,0.4819891624966579,threshold-control
50000.0,100.0,0.002,75.15705235174408,100.0,0.48146481146164266,threshold-control
50000.0,100.0,0.002,75.22722700379987,100.0,0.4809403482354331,threshold-control
50000.0,100.0,0.002,75.29740165585565,100.0,0.48041577364016463,threshold-control
50000.0,100.0,0.002,75.36757630791143,100.0,0.4798910884986872,threshold-control
50000.0,100.0,0.002,75.43775095996722,100.0,0.4793662936345585,threshold-control
50000.0,100.0,0.002,75.50792561202302,100.0,0.47884138987203984,threshold-control
50000.0,100.0,0.002,75.5781002640788,100.0,0.4783163780360915,threshold-control
50000.0,100.0,0.002,75.64827491613458,100.0,0.4777912589523666,threshold-control
50000.0,100.0,0.002,75.71844956819037,100.0,0.47726603344720675,threshold-control
50000.0,100.0,0.002,75.78862422024615,100.0,0.47674070234763677,threshold-control
50000.0,100.0,0.002,75.85879887230193,100.0,0.4762152664813595,threshold-control
50000.0,100.0,0.002,75.92897352435772,100.0,0.4756897266767506,threshold-control
50000.0,100.0,0.002,75.9991481764135,100.0,0.475164083762854,threshold-control
50000.0,100.0,0.002,76.0,100.0,0.4751577025521503,threshold-control
50000.0,100.0,0.002,76.06932282846928,100.0,0.4746383385693759,threshold-control
50000.0,100.0,0.002,76.13949748052507,100.0,0.47411249192668026,threshold-control
50000.0,100.0,0.002,76.20967213258085,100.0,0.47358654466578376,threshold-control
50000.0,100.0,0.002,76.27984678463663,100.0,0.4730604976183499,threshold-control
50000.0,100.0,0.002,76.35002143669242,100.0,0.47253435161668444,threshold-control
50000.0,100.0,0.002,76.4201960887482,100.0,0.47200810749373034,threshold-control
50000.0,100.0,0.002,76.49037074080398,100.0,0.47148176608306214,threshold-control
50000.0,100.0,0.002,76.56054539285977,100.0,0.47095532821888075,threshold-control
50000.0,100.0,0.002,76.63072004491555,100.0,0.4704287947360086,threshold-control
50000.0,100.0,0.002,76.70089469697133,100.0,0.4699021664698845,threshold-control
50000.0,100.0,0.002,76.77106934902712,100.0,0.46937544425655775,threshold-control
50000.0,100.0,0.002,76.8412440010829,100.0,0.468848628932684,threshold-control
50000.0,100.0,0.002,76.91141865313868,100.0,0.4683217213355184,threshold-control
50000.0,100.0,0.002,76.98159330519447,100.0,0.4677947223029124,threshold-control
50000.0,100.0,0.002,77.0,100.0,0.46765647629859597,threshold-control
50000.0,100.0,0.002,77.05176795725025,100.0,0.46726763267330684,threshold-control
50000.0,100.0,0.002,77.12194260930603,100.0,0.46674045328572744,threshold-control
50000.0,100.0,0.002,77.19211726136182,100.0,0.46621318497977915,threshold-control
50000.0,100.0,0.002,77.2622919134176,100.0,0.46568582859564167,threshold-control
50000.0,100.0,0.002,77.33246656547338,100.0,0.46515838497406314,threshold-control
50000.0,100.0,0.002,77.40264121752917,100.0,0.46463085495635537,threshold-control
50000.0,100.0,0.002,77.47281586958495,100.0,0.4641032393843886,threshold-control
50000.0,100.0,0.002,77.54299052164073,100.0,0.46357553910058613,threshold-control
50000.0,100.0,0.002,77.61316517369652,100.0,0.46304775494791883,threshold-control
50000.0,100.0,0.002,77.6833398257523,100.0,0.46251988776990005,threshold-control
50000.0,100.0,0.002,77.75351447780808,100.0,0.46199193841058017,threshold-control
50000.0,100.0,0.002,77.82368912986387,100.0,0.4614639077145414,threshold-control
50000.0,100.0,0.002,77.89386378191965,100.0,0.460935796526892,threshold-control
50000.0,100.0,0.002,77.96403843397543,100.0,0.46040760569326167,threshold-control
50000.0,100.0,0.002,78.0,100.0,0.460136899452512,threshold-control
50000.0,100.0,0.002,78.03421308603122,100.0,0.4598793360597957,threshold-control
50000.0,100.0,0.002,78.104387738087,100.0,0.45935098847314937,threshold-control
50000.0,100.0,0.002,78.17456239014278,100.0,0.45882256378048336,threshold-control
50000.0,100.0,0.002,78.24473704219857,100.0,0.4582940628294575,threshold-control
50000.0,100.0,0.002,78.31491169425435,100.0,0.4577654864682261,threshold-control
50000.0,100.0,0.002,78.38508634631013,100.0,0.4572368355454324,threshold-control
50000.0,100.0,0.002,78.45526099836592,100.0,0.45670811091020247,threshold-control
50000.0,100.0,0.002,78.5254356504217,100.0,0.4561793134121407,threshold-control
50000.0,100.0,0.002,78.59561030247748,100.0,0.45565044390132436,threshold-control
50000.0,100.0,0.002,78.66578495453327,100.0,0.45512150322829736,threshold-control
50000.0,100.0,0.002,78.73595960658905,100.0,0.4545924922440656,threshold-control
50000.0,100.0,0.002,78.80613425864483,100.0,0.45406341180009135,threshold-control
50000.0,100.0,0.002,78.87630891070062,100.0,0.45353426274828745,threshold-control
50000.0,100.0,0.002,78.9464835627564,100.0,0.45300504594101265,threshold-control
50000.0,100.0,0.002,79.0,100.0,0.45260141078443317,threshold-control
50000.0,100.0,0.002,79.01665821481218,100.0,0.45247576223106534,threshold-control
50000.0,100.0,0.002,79.08683286686797,100.0,0.45194641247167844,threshold-control
50000.0,100.0,0.002,79.15700751892375,100.0,0.451416997516514,threshold-control
50000.0,100.0,0.002,79.22718217097953,100.0,0.4508875182196578,threshold-control
50000.0,100.0,0.002,79.29735682303532,100.0,0.4503579754356135,threshold-control
50000.0,100.0,0.002,79.3675314750911,100.0,0.44982837001929765,threshold-control
50000.0,100.0,0.002,79.43770612714688,100.0,0.4492987028260338,threshold-control
50000.0,100.0,0.002,79.50788077920267,100.0,0.4487689747115472,threshold-control
50000.0,100.0,0.002,79.57805543125845,100.0,0.44823918653195927,threshold-control
50000.0,100.0,0.002,79.64823008331423,100.0,0.4477093391437822,threshold-control
50000.0,100.0,0.002,79.71840473537002,100.0,0.4471794334039134,threshold-control
50000.0,100.0,0.002,79.7885793874258,100.0,0.44664947016962964,threshold-control
50000.0,100.0,0.002,79.85875403948158,100.0,0.44611945029858224,threshold-control
50000.0,100.0,0.002,79.92892869153737,100.0,0.4455893746487909,threshold-control
50000.0,100.0,0.002,79.99910334359315,100.0,0.4450592440786385,threshold-control
50000.0,100.0,0.002,80.0,100.0,0.44505246998523507,threshold-control
50000.0,100.0,0.002,80.06927799564893,100.0,0.44452905944686527,threshold-control
50000.0,100.0,0.002,80.13945264770472,100.0,0.4439988216125639,threshold-control
50000.0,100.0,0.002,80.2096272997605,100.0,0.44346853143517306,threshold-control
50000.0,100.0,0.002,80.27980195181628,100.0,0.44293818977447297,threshold-control
50000.0,100.0,0.002,80.34997660387207,100.0,0.44240779749057846,threshold-control
50000.0,100.0,0.002,80.42015125592785,100.0,0.441877355443935,threshold-control
50000.0,100.0,0.002,80.49032590798363,100.0,0.4413468644953118,threshold-control
50000.0,100.0,0.002,80.56050056003942,100.0,0.4408163255057971,threshold-control
50000.0,100.0,0.002,80.6306752120952,100.0,0.44028573933679194,threshold-control
50000.0,100.0,0.002,80.70084986415098,100.0,0.4397551068500053,threshold-control
50000.0,100.0,0.002,80.77102451620677,100.0,0.43922442890744795,threshold-control
50000.0,100.0,0.002,80.84119916826255,100.0,0.4386937063714269,threshold-control
50000.0,100.0,0.002,80.91137382031833,100.0,0.4381629401045404,threshold-control
50000.0,100.0,0.002,80.98154847237412,100.0,0.4376321309696717,threshold-control
50000.0,100.0,0.002,81.0,100.0,0.43749255448411417,threshold-control
50000.0,100.0,0.002,81.0517231244299,100.0,0.4371012798299835,threshold-control
50000.0,100.0,0.002,81.12189777648568,100.0,0.436570387548913,threshold-control
50000.0,100.0,0.002,81.19207242854147,100.0,0.4360394549901656,threshold-control
50000.0,100.0,0.002,81.26224708059725,100.0,0.43550848301770917,threshold-control
50000.0,100.0,0.002,81.33242173265303,100.0,0.43497747249576946,threshold-control
50000.0,100.0,0.002,81.40259638470881,100.0,0.4344464242888235,threshold-control
50000.0,100.0,0.002,81.4727710367646,100.0,0.4339153392615942,threshold-control
50000.0,100.0,0.002,81.54294568882038,100.0,0.43338421827904516,threshold-control
50000.0,100.0,0.002,81.61312034087616,100.0,0.43285306220637465,threshold-control
50000.0,100.0,0.002,81.68329499293195,100.0,0.4323218719090096,threshold-control
50000.0,100.0,0.002,81.75346964498773,100.0,0.4317906482526013,threshold-control
50000.0,100.0,0.002,81.82364429704351,100.0,0.4312593921030182,threshold-control
50000.0,100.0,0.002,81.8938189490993,100.0,0.43072810432634123,threshold-control
50000.0,100.0,0.002,81.96399360115508,100.0,0.430196785788858,threshold-control
50000.0,100.0,0.002,82.0,100.0,0.42992415621701074,threshold-control
50000.0,100.0,0.002,82.03416825321086,100.0,0.42966543735705687,threshold-control
50000.0,100.0,0.002,82.10434290526665,100.0,0.4291340598976219,threshold-control
50000.0,100.0,0.002,82.17451755732243,100.0,0.42860265427742605,threshold-control
50000.0,100.0,0.002,82.24469220937821,100.0,0.42807122136352727,threshold-control
50000.0,100.0,0.002,82.314866861434,100.0,0.427539762023161,threshold-control
50000.0,100.0,0.002,82.38504151348978,100.0,0.4270082771237359,threshold-control
50000.0,100.0,0.002,82.45521616554556,100.0,0.4264767675328278,threshold-control
50000.0,100.0,0.002,82.52539081760135,100.0,0.4259452341181734,threshold-control
50000.0,100.0,0.002,82.59556546965713,100.0,0.4254136777476656,threshold-control
50000.0,100.0,0.002,82.66574012171293,100.0,0.42488209928934695,threshold-control
50000.0,100.0,0.002,82.73591477376871,100.0,0.4243504996114048,threshold-control
50000.0,100.0,0.002,82.8060894258245,100.0,0.423818879582165,threshold-control
50000.0,100.0,0.002,82.87626407788028,100.0,0.42328724007008667,threshold-control
50000.0,100.0,0.002,82.94643872993606,100.0,0.42275558194375606,threshold-control
50000.0,100.0,0.002,83.0,100.0,0.4223497783543684,threshold-control
50000.0,100.0,0.002,83.01661338199185,100.0,0.4222239060718812,threshold-control
50000.0,100.0,0.002,83.08678803404763,100.0,0.42169221332328644,threshold-control
50000.0,100.0,0.002,83.15696268610341,100.0,0.421160504566906,threshold-control
50000.0,100.0,0.002,83.2271373381592,100.0,0.42062878067177956,threshold-control
50000.0,100.0,0.002,83.29731199021498,100.0,0.4200970425070447,threshold-control
50000.0,100.0,0.002,83.36748664227076,100.0,0.4195652909419336,threshold-control
50000.0,100.0,0.002,83.43766129432655,100.0,0.4190335268457651,threshold-control
50000.0,100.0,0.002,83.50783594638233,100.0,0.4185017510879405,threshold-control
50000.0,100.0,0.002,83.57801059843811,100.0,0.4179699645379372,threshold-control
50000.0,100.0,0.002,83.6481852504939,100.0,0.4174381680653034,threshold-control
50000.0,100.0,0.002,83.71835990254968,100.0,0.41690636253965196,threshold-control
50000.0,100.0,0.002,83.78853455460546,100.0,0.41637454883065494,threshold-control
50000.0,100.0,0.002,83.85870920666125,100.0,0.4158427278080383,threshold-control
50000.0,100.0,0.002,83.92888385871703,100.0,0.4153109003415755,threshold-control
50000.0,100.0,0.002,83.99905851077281,100.0,0.4147790673010824,threshold-control
50000.0,100.0,0.002,84.0,100.0,0.41477193199731865,threshold-control
50000.0,100.0,0.002,84.0692331628286,100.0,0.414247229556411,threshold-control
50000.0,100.0,0.002,84.13940781488438,100.0,0.41371538797744445,threshold-control
50000.0,100.0,0.002,84.20958246694016,100.0,0.4131835434340908,threshold-control
50000.0,100.0,0.002,84.27975711899595,100.0,0.41265169679627733,threshold-control
50000.0,100.0,0.002,84.34993177105173,100.0,0.4121198489339454,threshold-control
50000.0,100.0,0.002,84.37853310756961,100.0,0.4119030816278524,threshold-control
50000.0,100.0,0.002,84.42010642310751,100.0,0.41158800071704427,threshold-control
50000.0,100.0,0.002,84.4902810751633,100.0,0.41105615301552534,threshold-control
50000.0,100.0,0.002,84.56045572721908,100.0,0.4105243066993366,threshold-control
50000.0,100.0,0.002,84.63063037927486,100.0,0.40999246263841727,threshold-control
50000.0,100.0,0.002,84.70080503133065,100.0,0.4094606217026918,threshold-control
50000.0,100.0,0.002,84.77097968338643,100.0,0.4089287847620636,threshold-control
50000.0,100.0,0.002,84.84115433544221,100.0,0.40839695268641085,threshold-control
50000.0,100.0,0.002,84.911328987498,100.0,0.40786512634557925,threshold-control
50000.0,100.0,0.002,84.98150363955378,100.0,0.40733330660937705,threshold-control
50000.0,100.0,0.002,85.0,100.0,0.40719313285153413,threshold-control
50000.0,100.0,0.002,85.05167829160956,100.0,0.4068014943475696,threshold-control
50000.0,100.0,0.002,85.12185294366535,100.0,0.40626969042987315,threshold-control
50000.0,100.0,0.002,85.19202759572113,100.0,0.4057378957259492,threshold-control
50000.0,100.0,0.002,85.26220224777691,100.0,0.4052061111053994,threshold-control
50000.0,100.0,0.002,85.3323768998327,100.0,0.40467433743775916,threshold-control
50000.0,100.0,0.002,85.40255155188848,100.0,0.4041425755924921,threshold-control
50000.0,100.0,0.002,85.47272620394426,100.0,0.4036108264389847,threshold-control
50000.0,100.0,0.002,85.54290085600005,100.0,0.4030790908465405,threshold-control
50000.0,100.0,0.002,85.61307550805583,100.0,0.4025473696843742,threshold-control
50000.0,100.0,0.002,85.68325016011161,100.0,0.40201566382160603,threshold-control
50000.0,100.0,0.002,85.7534248121674,100.0,0.40148397412725645,threshold-control
50000.0,100.0,0.002,85.82359946422318,100.0,0.40095230147023975,threshold-control
50000.0,100.0,0.002,85.89377411627896,100.0,0.4004206467193595,threshold-control
50000.0,100.0,0.002,85.96394876833475,100.0,0.3998890107433013,threshold-control
50000.0,100.0,0.002,86.0,100.0,0.3996158978880998,threshold-control
50000.0,100.0,0.002,86.03412342039053,100.0,0.39935739441062845,threshold-control
50000.0,100.0,0.002,86.10429807244631,100.0,0.39882579858977607,threshold-control
50000.0,100.0,0.002,86.1744727245021,100.0,0.3982942241490445,threshold-control
50000.0,100.0,0.002,86.24464737655788,100.0,0.39776267195659487,threshold-control
50000.0,100.0,0.002,86.31482202861366,100.0,0.3972311428804427,threshold-control
50000.0,100.0,0.002,86.38499668066945,100.0,0.3966996377884521,threshold-control
50000.0,100.0,0.002,86.45517133272523,100.0,0.3961681575483308,threshold-control
50000.0,100.0,0.002,86.52534598478101,100.0,0.3956367030276239,threshold-control
50000.0,100.0,0.002,86.5955206368368,100.0,0.39510527509370863,threshold-control
50000.0,100.0,0.002,86.66569528889258,100.0,0.3945738746137878,threshold-control
50000.0,100.0,0.002,86.73586994094836,100.0,0.3940425024548857,threshold-control
50000.0,100.0,0.002,86.80604459300415,100.0,0.39351115948384086,threshold-control
50000.0,100.0,0.002,86.87621924505993,100.0,0.39297984656730167,threshold-control
50000.0,100.0,0.002,86.94639389711571,100.0,0.3924485645717197,threshold-control
50000.0,100.0,0.002,87.0,100.0,0.3920427420008137,threshold-control
50000.0,100.0,0.002,87.0165685491715,100.0,0.39191731436334476,threshold-control
50000.0,100.0,0.002,87.08674320122728,100.0,0.3913860968082191,threshold-control
50000.0,100.0,0.002,87.15691785328306,100.0,0.3908549127721713,threshold-control
50000.0,100.0,0.002,87.22709250533885,100.0,0.3903237631208113,threshold-control
50000.0,100.0,0.002,87.29726715739463,100.0,0.3897926487195249,threshold-control
50000.0,100.0,0.002,87.36744180945041,100.0,0.3892615704334669,threshold-control
50000.0,100.0,0.002,87.4376164615062,100.0,0.3887305291275569,threshold-control
50000.0,100.0,0.002,87.50779111356198,100.0,0.38819952566647276,threshold-control
50000.0,100.0,0.002,87.57796576561776,100.0,0.38766856091464563,threshold-control
50000.0,100.0,0.002,87.64814041767355,100.0,0.3871376357362538,threshold-control
50000.0,100.0,0.002,87.71831506972933,100.0,0.38660675099521724,threshold-control
50000.0,100.0,0.002,87.78848972178511,100.0,0.38607590755519217,threshold-control
50000.0,100.0,0.002,87.8586643738409,100.0,0.3855451062795655,threshold-control
50000.0,100.0,0.002,87.92883902589668,100.0,0.3850143480314485,threshold-control
50000.0,100.0,0.002,87.99901367795246,100.0,0.38448363367367244,threshold-control
50000.0,100.0,0.002,88.0,100.0,0.3844761746693476,threshold-control
50000.0,100.0,0.002,88.06918833000825,100.0,0.38395296406878177,threshold-control
50000.0,100.0,0.002,88.13936298206403,100.0,0.38342234007902964,threshold-control
50000.0,100.0,0.002,88.20953763411981,100.0,0.38289176256637114,threshold-control
50000.0,100.0,0.002,88.2797122861756,100.0,0.38236123239245867,threshold-control
50000.0,100.0,0.002,88.34988693823138,100.0,0.3818307504186361,threshold-control
50000.0,100.0,0.002,88.42006159028716,100.0,0.3813003175059332,threshold-control
50000.0,100.0,0.002,88.49023624234295,100.0,0.38076993451505947,threshold-control
50000.0,100.0,0.002,88.56041089439873,100.0,0.3802396023063995,threshold-control
50000.0,100.0,0.002,88.63058554645451,100.0,0.37970932174000727,threshold-control
50000.0,100.0,0.002,88.7007601985103,100.0,0.37917909367559977,threshold-control
50000.0,100.0,0.002,88.77093485056608,100.0,0.3786489189725525,threshold-control
50000.0,100.0,0.002,88.84110950262186,100.0,0.37811879848989327,threshold-control
50000.0,100.0,0.002,88.91128415467765,100.0,0.3775887330862966,threshold-control
50000.0,100.0,0.002,88.98145880673343,100.0,0.37705872362007886,threshold-control
50000.0,100.0,0.002,89.0,100.0,0.3769186966376693,threshold-control
50000.0,100.0,0.002,89.05163345878921,100.0,0.3765287709491917,threshold-control
50000.0,100.0,0.002,89.121808110845,100.0,0.37599887593121795,threshold-control
50000.0,100.0,0.002,89.19198276290078,100.0,0.3754690394233646,threshold-control
50000.0,100.0,0.002,89.26215741495656,100.0,0.37493926228245833,threshold-control
50000.0,100.0,0.002,89.33233206701235,100.0,0.3744095453649392,threshold-control
50000.0,100.0,0.002,89.40250671906813,100.0,0.37387988952685614,threshold-control
50000.0,100.0,0.002,89.47268137112391,100.0,0.37335029562386024,threshold-control
50000.0,100.0,0.002,89.5428560231797,100.0,0.3728207645112006,threshold-control
50000.0,100.0,0.002,89.61303067523548,100.0,0.37229129704371755,threshold-control
50000.0,100.0,0.002,89.68320532729126,100.0,0.37176189407583826,threshold-control
50000.0,100.0,0.002,89.75337997934705,100.0,0.37123255646157005,threshold-control
50000.0,100.0,0.002,89.82355463140283,100.0,0.37070328505449657,threshold-control
50000.0,100.0,0.002,89.89372928345863,100.0,0.3701740807077706,threshold-control
50000.0,100.0,0.002,89.96390393551441,100.0,0.3696449442741099,threshold-control
50000.0,100.0,0.002,90.0,100.0,0.3693727966170526,threshold-control
50000.0,100.0,0.002,90.03407858757019,100.0,0.3691158766057909,threshold-control
50000.0,100.0,0.002,90.10425323962598,100.0,0.3685868785546438,threshold-control
50000.0,100.0,0.002,90.17442789168176,100.0,0.3680579509720464,threshold-control
50000.0,100.0,0.002,90.24460254373754,100.0,0.36752909470892037,threshold-control
50000.0,100.0,0.002,90.31477719579333,100.0,0.36700031061572347,threshold-control
50000.0,100.0,0.002,90.38495184784911,100.0,0.3664715995424458,threshold-control
50000.0,100.0,0.002,90.45512649990489,100.0,0.3659429623386037,threshold-control
50000.0,100.0,0.002,90.52530115196068,100.0,0.36541439985323476,threshold-control
50000.0,100.0,0.002,90.59547580401646,100.0,0.3648859129348919,threshold-control
50000.0,100.0,0.002,90.66565045607224,100.0,0.36435750243163856,threshold-control
50000.0,100.0,0.002,90.73582510812803,100.0,0.3638291691910428,threshold-control
50000.0,100.0,0.002,90.80599976018381,100.0,0.36330091406017206,threshold-control
50000.0,100.0,0.002,90.87617441223959,100.0,0.36277273788558795,threshold-control
50000.0,100.0,0.002,90.94634906429538,100.0,0.3622446415133408,threshold-control
50000.0,100.0,0.002,91.0,100.0,0.3618409480228866,threshold-control
50000.0,100.0,0.002,91.01652371635116,100.0,0.36171662578896413,threshold-control
50000.0,100.0,0.002,91.08669836840694,100.0,0.3611886915574698,threshold-control
50000.0,100.0,0.002,91.15687302046273,100.0,0.3606608396633417,threshold-control
50000.0,100.0,0.002,91.22704767251851,100.0,0.36013307095053126,threshold-control
50000.0,100.0,0.002,91.29722232457429,100.0,0.3596053862624524,threshold-control
50000.0,100.0,0.002,91.36739697663008,100.0,0.3590777864419751,threshold-control
50000.0,100.0,0.002,91.43757162868586,100.0,0.35855027233142045,threshold-control
50000.0,100.0,0.002,91.50774628074164,100.0,0.35802284477255597,threshold-control
50000.0,100.0,0.002,91.57792093279743,100.0,0.35749550460658985,threshold-control
50000.0,100.0,0.002,91.64809558485321,100.0,0.3569682526741659,threshold-control
50000.0,100.0,0.002,91.71827023690899,100.0,0.35644108981535716,threshold-control
50000.0,100.0,0.002,91.78844488896478,100.0,0.3559140168696623,threshold-control
50000.0,100.0,0.002,91.85861954102056,100.0,0.3553870346759993,threshold-control
50000.0,100.0,0.002,91.92879419307634,100.0,0.3548601440727007,threshold-control
50000.0,100.0,0.002,91.99896884513213,100.0,0.35433334589750765,threshold-control
50000.0,100.0,0.002,92.0,100.0,0.35432560575432814,threshold-control
50000.0,100.0,0.002,92.06914349718791,100.0,0.3538066409875652,threshold-control
50000.0,100.0,0.002,92.13931814924369,100.0,0.35328003017941734,threshold-control
50000.0,100.0,0.002,92.20949280129948,100.0,0.3527535143090007,threshold-control
50000.0,100.0,0.002,92.27966745335526,100.0,0.35222709421164067,threshold-control
50000.0,100.0,0.002,92.34984210541104,100.0,0.3517007707220451,threshold-control
50000.0,100.0,0.002,92.42001675746683,100.0,0.35117454467429965,threshold-control
50000.0,100.0,0.002,92.49019140952261,100.0,0.35064841690186244,threshold-control
50000.0,100.0,0.002,92.56036606157839,100.0,0.3501223882375588,threshold-control
50000.0,100.0,0.002,92.63054071363418,100.0,0.34959645951357643,threshold-control
50000.0,100.0,0.002,92.70071536568996,100.0,0.3490706315614598,threshold-control
50000.0,100.0,0.002,92.77089001774574,100.0,0.3485449052121047,threshold-control
50000.0,100.0,0.002,92.84106466980153,100.0,0.34801928129575443,threshold-control
50000.0,100.0,0.002,92.91123932185731,100.0,0.347493760641993,threshold-control
50000.0,100.0,0.002,92.98141397391309,100.0,0.3469683440797414,threshold-control
50000.0,100.0,0.002,93.0,100.0,0.3468292030256377,threshold-control
50000.0,100.0,0.002,93.05158862596888,100.0,0.34644303243725094,threshold-control
50000.0,100.0,0.002,93.12176327802466,100.0,0.3459178265420998,threshold-control
50000.0,100.0,0.002,93.19193793008044,100.0,0.34539272722118675,threshold-control
50000.0,100.0,0.002,93.26211258213623,100.0,0.34486773530072656,threshold-control
50000.0,100.0,0.002,93.33228723419201,100.0,0.34434285160624456,threshold-control
50000.0,100.0,0.002,93.40246188624779,100.0,0.34381807696257227,threshold-control
50000.0,100.0,0.002,93.47263653830358,100.0,0.34329341219384135,threshold-control
50000.0,100.0,0.002,93.54281119035936,100.0,0.3427688581234789,threshold-control
50000.0,100.0,0.002,93.61298584241514,100.0,0.3422444155742035,threshold-control
50000.0,100.0,0.002,93.68316049447093,100.0,0.3417200853680178,threshold-control
50000.0,100.0,0.002,93.75333514652671,100.0,0.34119586832620585,threshold-control
50000.0,100.0,0.002,93.82350979858249,100.0,0.34067176526932685,threshold-control
50000.0,100.0,0.002,93.89368445063828,100.0,0.34014777701721033,threshold-control
50000.0,100.0,0.002,93.96385910269406,100.0,0.3396239043889512,threshold-control
50000.0,100.0,0.002,94.0,100.0,0.33935414825779764,threshold-control
50000.0,100.0,0.002,94.03403375474984,100.0,0.3391001482029048,threshold-control
50000.0,100.0,0.002,94.10420840680563,100.0,0.3385765092766817,threshold-control
50000.0,100.0,0.002,94.17438305886141,100.0,0.33805298842714326,threshold-control
50000.0,100.0,0.002,94.24455771091719,100.0,0.337529586470396,threshold-control
50000.0,100.0,0.002,94.31473236297298,100.0,0.337006304221787,threshold-control
50000.0,100.0,0.002,94.38490701502876,100.0,0.3364831424958987,threshold-control
50000.0,100.0,0.002,94.45508166708454,100.0,0.3359601021065448,threshold-control
50000.0,100.0,0.002,94.52525631914033,100.0,0.3354371838667638,threshold-control
50000.0,100.0,0.002,94.59543097119611,100.0,0.33491438858881584,threshold-control
50000.0,100.0,0.002,94.66560562325189,100.0,0.33439171708417637,threshold-control
50000.0,100.0,0.002,94.73578027530768,100.0,0.3338691701635321,threshold-control
50000.0,100.0,0.002,94.80595492736346,100.0,0.3333467486367757,threshold-control
50000.0,100.0,0.002,94.87612957941924,100.0,0.33282445331300137,threshold-control
50000.0,100.0,0.002,94.94630423147503,100.0,0.3323022850004991,threshold-control
50000.0,100.0,0.002,95.0,100.0,0.33190282203871324,threshold-control
50000.0,100.0,0.002,95.01647888353081,100.0,0.3317802445067509,threshold-control
50000.0,100.0,0.002,95.08665353558659,100.0,0.3312583326384254,threshold-control
50000.0,100.0,0.002,95.15682818764238,100.0,0.33073655020137294,threshold-control
50000.0,100.0,0.002,95.22700283969816,100.0,0.33021489800062087,threshold-control
50000.0,100.0,0.002,95.29717749175394,100.0,0.3296933768403689,threshold-control
50000.0,100.0,0.002,95.36735214380973,100.0,0.32917198752398424,threshold-control
50000.0,100.0,0.002,95.43752679586551,100.0,0.32865073085399665,threshold-control
50000.0,100.0,0.002,95.50770144792129,100.0,0.32812960763209353,threshold-control
50000.0,100.0,0.002,95.57787609997708,100.0,0.32760861865911584,threshold-control
50000.0,100.0,0.002,95.64805075203286,100.0,0.32708776473505274,threshold-control
50000.0,100.0,0.002,95.71822540408864,100.0,0.3265670466590368,threshold-control
50000.0,100.0,0.002,95.78840005614443,100.0,0.3260464652293398,threshold-control
50000.0,100.0,0.002,95.85857470820021,100.0,0.3255260212433674,threshold-control
50000.0,100.0,0.002,95.92874936025599,100.0,0.325005715497655,threshold-control
50000.0,100.0,0.002,95.99892401231178,100.0,0.3244855487878626,threshold-control
50000.0,100.0,0.002,96.0,100.0,0.324477574159987,threshold-control
50000.0,100.0,0.002,96.06909866436756,100.0,0.3239655219087705,threshold-control
50000.0,100.0,0.002,96.13927331642334,100.0,0.3234456356542742,threshold-control
50000.0,100.0,0.002,96.1994407600739,100.0,0.32299999999999984,threshold-control
50000.0,100.0,0.002,96.20944796847913,99.99839128995615,0.323,post-control
50000.0,100.0,0.002,96.27962262053491,99.98711035495262,0.323,post-control
50000.0,100.0,0.002,96.34979727259069,99.97582941994911,0.323,post-control
50000.0,100.0,0.002,96.41997192464648,99.96454848494558,0.323,post-control
50000.0,100.0,0.002,96.49014657670226,99.95326754994205,0.323,post-control
50000.0,100.0,0.002,96.56032122875804,99.94198661493854,0.323,post-control
50000.0,100.0,0.002,96.63049588081383,99.93070567993502,0.323,post-control
50000.0,100.0,0.002,96.70067053286961,99.91942474493149,0.323,post-control
50000.0,100.0,0.002,96.77084518492539,99.90814380992798,0.323,post-control
50000.0,100.0,0.002,96.84101983698118,99.89686287492445,0.323,post-control
50000.0,100.0,0.002,96.91119448903696,99.88558193992093,0.323,post-control
50000.0,100.0,0.002,96.98136914109274,99.87430100491741,0.323,post-control
50000.0,100.0,0.002,97.05154379314854,99.86302006991389,0.323,post-control
50000.0,100.0,0.002,97.12171844520432,99.85173913491036,0.323,post-control
50000.0,100.0,0.002,97.1918930972601,99.84045819990683,0.323,post-control
50000.0,100.0,0.002,97.1994407600739,99.8392448744234,0.323,post-control
50000.0,100.0,0.002,97.26206774931589,99.80931601904979,0.323,post-control
50000.0,100.0,0.002,97.33224240137167,99.77578020585342,0.323,post-control
50000.0,100.0,0.002,97.40241705342746,99.74224439265704,0.323,post-control
50000.0,100.0,0.002,97.47259170548324,99.70870857946068,0.323,post-control
50000.0,100.0,0.002,97.54276635753902,99.6751727662643,0.323,post-control
50000.0,100.0,0.002,97.6129410095948,99.64163695306793,0.323,post-control
50000.0,100.0,0.002,97.68311566165059,99.60810113987155,0.323,post-control
50000.0,100.0,0.002,97.75329031370637,99.57456532667518,0.323,post-control
50000.0,100.0,0.002,97.82346496576216,99.5410295134788,0.323,post-control
50000.0,100.0,0.002,97.89363961781794,99.50749370028244,0.323,post-control
50000.0,100.0,0.002,97.96381426987372,99.47395788708606,0.323,post-control
50000.0,100.0,0.002,98.0339889219295,99.44042207388968,0.323,post-control
50000.0,100.0,0.002,98.10416357398529,99.40688626069331,0.323,post-control
50000.0,100.0,0.002,98.17433822604107,99.37335044749693,0.323,post-control
50000.0,100.0,0.002,98.1994407600739,99.36135418007817,0.323,post-control
50000.0,100.0,0.002,98.24451287809686,99.32594638672612,0.323,post-control
50000.0,100.0,0.002,98.31468753015264,99.27081852303715,0.323,post-control
50000.0,100.0,0.002,98.38486218220842,99.21569065934817,0.323,post-control
50000.0,100.0,0.002,98.4550368342642,99.1605627956592,0.323,post-control
50000.0,100.0,0.002,98.52521148631999,99.10543493197022,0.323,post-control
50000.0,100.0,0.002,98.59538613837577,99.05030706828126,0.323,post-control
50000.0,100.0,0.002,98.66556079043156,98.99517920459229,0.323,post-control
50000.0,100.0,0.002,98.73573544248734,98.94005134090331,0.323,post-control
50000.0,100.0,0.002,98.80591009454312,98.88492347721434,0.323,post-control
50000.0,100.0,0.002,98.8760847465989,98.82979561352536,0.323,post-control
50000.0,100.0,0.002,98.94625939865469,98.7746677498364,0.323,post-control
50000.0,100.0,0.002,99.01643405071047,98.71953988614742,0.323,post-control
50000.0,100.0,0.002,99.08660870276626,98.66441202245845,0.323,post-control
50000.0,100.0,0.002,99.15678335482204,98.60928415876947,0.323,post-control
50000.0,100.0,0.002,99.1994407600739,98.57577331755888,0.323,post-control
50000.0,100.0,0.002,99.22695800687782,98.54604789218932,0.323,post-control
50000.0,100.0,0.002,99.2971326589336,98.47024192957313,0.323,post-control
50000.0,100.0,0.002,99.36730731098939,98.39443596695693,0.323,post-control
50000.0,100.0,0.002,99.43748196304517,98.31863000434075,0.323,post-control
50000.0,100.0,0.002,99.50765661510096,98.24282404172455,0.323,post-control
50000.0,100.0,0.002,99.57783126715674,98.16701807910835,0.323,post-control
50000.0,100.0,0.002,99.64800591921252,98.09121211649216,0.323,post-control
50000.0,100.0,0.002,99.7181805712683,98.01540615387596,0.323,post-control
50000.0,100.0,0.002,99.78835522332409,97.93960019125977,0.323,post-control
50000.0,100.0,0.002,99.85852987537987,97.86379422864357,0.323,post-control
50000.0,100.0,0.002,99.92870452743566,97.78798826602737,0.323,post-control
50000.0,100.0,0.002,99.99887917949144,97.71218230341118,0.323,post-control
50000.0,100.0,0.002,100.06905383154722,97.63637634079498,0.323,post-control
50000.0,100.0,0.002,100.139228483603,97.5605703781788,0.323,post-control
50000.0,100.0,0.002,100.1994407600739,97.49552624264734,0.323,post-control
50000.0,100.0,0.002,100.20940313565879,97.48199029106743,0.323,post-control
50000.0,100.0,0.002,100.27957778771457,97.38664348505007,0.323,post-control
50000.0,100.0,0.002,100.34975243977036,97.29129667903273,0.323,post-control
50000.0,100.0,0.002,100.41992709182614,97.19594987301538,0.323,post-control
50000.0,100.0,0.002,100.49010174388192,97.10060306699802,0.323,post-control
50000.0,100.0,0.002,100.5602763959377,97.00525626098067,0.323,post-control
50000.0,100.0,0.002,100.63045104799349,96.90990945496331,0.323,post-control
50000.0,100.0,0.002,100.70062570004927,96.81456264894597,0.323,post-control
50000.0,100.0,0.002,100.77080035210506,96.71921584292862,0.323,post-control
50000.0,100.0,0.002,100.84097500416084,96.62386903691126,0.323,post-control
50000.0,100.0,0.002,100.91114965621662,96.52852223089391,0.323,post-control
50000.0,100.0,0.002,100.9813243082724,96.43317542487657,0.323,post-control
50000.0,100.0,0.002,101.05149896032819,96.3378286188592,0.323,post-control
50000.0,100.0,0.002,101.12167361238397,96.24248181284186,0.323,post-control
50000.0,100.0,0.002,101.19184826443976,96.14713500682451,0.323,post-control
50000.0,100.0,0.002,101.1994407600739,96.13681902823097,0.323,post-control
50000.0,100.0,0.002,101.26202291649554,96.0355463229755,0.323,post-control
50000.0,100.0,0.002,101.33219756855132,95.92198716713291,0.323,post-control
50000.0,100.0,0.002,101.4023722206071,95.80842801129033,0.323,post-control
50000.0,100.0,0.002,101.47254687266289,95.69486885544774,0.323,post-control
50000.0,100.0,0.002,101.54272152471867,95.58130969960516,0.323,post-control
50000.0,100.0,0.002,101.61289617677446,95.46775054376256,0.323,post-control
50000.0,100.0,0.002,101.68307082883024,95.35419138791998,0.323,post-control
50000.0,100.0,0.002,101.75324548088602,95.24063223207739,0.323,post-control
50000.0,100.0,0.002,101.8234201329418,95.1270730762348,0.323,post-control
50000.0,100.0,0.002,101.89359478499759,95.01351392039221,0.323,post-control
50000.0,100.0,0.002,101.96376943705337,94.89995476454962,0.323,post-control
50000.0,100.0,0.002,102.03394408910916,94.78639560870704,0.323,post-control
50000.0,100.0,0.002,102.10411874116494,94.67283645286444,0.323,post-control
50000.0,100.0,0.002,102.17429339322072,94.55927729702186,0.323,post-control
50000.0,100.0,0.002,102.1994407600739,94.51858291995191,0.323,post-control
50000.0,100.0,0.002,102.2444680452765,94.43498499935012,0.323,post-control
50000.0,100.0,0.002,102.31464269733229,94.30469833062423,0.323,post-control
50000.0,100.0,0.002,102.38481734938807,94.17441166189835,0.323,post-control
50000.0,100.0,0.002,102.45499200144386,94.04412499317246,0.323,post-control
50000.0,100.0,0.002,102.52516665349964,93.91383832444659,0.323,post-control
50000.0,100.0,0.002,102.59534130555542,93.7835516557207,0.323,post-control
50000.0,100.0,0.002,102.6655159576112,93.65326498699481,0.323,post-control
50000.0,100.0,0.002,102.73569060966699,93.52297831826893,0.323,post-control
50000.0,100.0,0.002,102.80586526172277,93.39269164954305,0.323,post-control
50000.0,100.0,0.002,102.87603991377856,93.26240498081717,0.323,post-control
50000.0,100.0,0.002,102.94621456583434,93.13211831209128,0.323,post-control
50000.0,100.0,0.002,103.01638921789012,93.00183164336539,0.323,post-control
50000.0,100.0,0.002,103.0865638699459,92.87154497463952,0.323,post-control
50000.0,100.0,0.002,103.15673852200169,92.74125830591363,0.323,post-control
50000.0,100.0,0.002,103.1994407600739,92.66197708138907,0.323,post-control
50000.0,100.0,0.002,103.22691317405747,92.60505129659387,0.323,post-control
50000.0,100.0,0.002,103.29708782611326,92.45964189997535,0.323,post-control
50000.0,100.0,0.002,103.36726247816904,92.31423250335683,0.323,post-control
50000.0,100.0,0.002,103.43743713022482,92.16882310673832,0.323,post-control
50000.0,100.0,0.002,103.5076117822806,92.0234137101198,0.323,post-control
50000.0,100.0,0.002,103.57778643433639,91.87800431350128,0.323,post-control
50000.0,100.0,0.002,103.64796108639217,91.73259491688276,0.323,post-control
50000.0,100.0,0.002,103.71813573844796,91.58718552026424,0.323,post-control
50000.0,100.0,0.002,103.78831039050374,91.44177612364572,0.323,post-control
50000.0,100.0,0.002,103.85848504255952,91.2963667270272,0.323,post-control
50000.0,100.0,0.002,103.9286596946153,91.15095733040869,0.323,post-control
50000.0,100.0,0.002,103.99883434667109,91.00554793379017,0.323,post-control
50000.0,100.0,0.002,104.06900899872687,90.86013853717165,0.323,post-control
50000.0,100.0,0.002,104.13918365078266,90.71472914055313,0.323,post-control
50000.0,100.0,0.002,104.1994407600739,90.58986995497355,0.323,post-control
50000.0,100.0,0.002,104.20935830283845,90.56742109380676,0.323,post-control
50000.0,100.0,0.002,104.27953295489424,90.40857720890232,0.323,post-control
50000.0,100.0,0.002,104.34970760695002,90.24973332399786,0.323,post-control
50000.0,100.0,0.002,104.4198822590058,90.0908894390934,0.323,post-control
50000.0,100.0,0.002,104.49005691106159,89.93204555418895,0.323,post-control
50000.0,100.0,0.002,104.56023156311737,89.7732016692845,0.323,post-control
50000.0,100.0,0.002,104.63040621517315,89.61435778438005,0.323,post-control
50000.0,100.0,0.002,104.70058086722894,89.45551389947559,0.323,post-control
50000.0,100.0,0.002,104.77075551928472,89.29667001457113,0.323,post-control
50000.0,100.0,0.002,104.8409301713405,89.13782612966668,0.323,post-control
50000.0,100.0,0.002,104.91110482339629,88.97898224476224,0.323,post-control
50000.0,100.0,0.002,104.98127947545207,88.82013835985778,0.323,post-control
50000.0,100.0,0.002,105.05145412750785,88.66129447495332,0.323,post-control
50000.0,100.0,0.002,105.12162877956364,88.50245059004887,0.323,post-control
50000.0,100.0,0.002,105.19180343161942,88.34360670514442,0.323,post-control
50000.0,100.0,0.002,105.1994407600739,88.32631922474428,0.323,post-control
50000.0,100.0,0.002,105.2619780836752,88.17433786168253,0.323,post-control
50000.0,100.0,0.002,105.33215273573099,88.00379587718993,0.323,post-control
50000.0,100.0,0.002,105.40232738778677,87.83325389269733,0.323,post-control
50000.0,100.0,0.002,105.47250203984255,87.66271190820473,0.323,post-control
50000.0,100.0,0.002,105.54267669189834,87.49216992371214,0.323,post-control
50000.0,100.0,0.002,105.61285134395412,87.32162793921954,0.323,post-control
50000.0,100.0,0.002,105.6830259960099,87.15108595472694,0.323,post-control
50000.0,100.0,0.002,105.75320064806569,86.98054397023434,0.323,post-control
50000.0,100.0,0.002,105.82337530012147,86.81000198574174,0.323,post-control
50000.0,100.0,0.002,105.89354995217725,86.63946000124915,0.323,post-control
50000.0,100.0,0.002,105.96372460423304,86.46891801675655,0.323,post-control
50000.0,100.0,0.002,106.03389925628882,86.29837603226395,0.323,post-control
50000.0,100.0,0.002,106.1040739083446,86.12783404777134,0.323,post-control
50000.0,100.0,0.002,106.17424856040039,85.95729206327874,0.323,post-control
50000.0,100.0,0.002,106.1994407600739,85.89606870697854,0.323,post-control
50000.0,100.0,0.002,106.24442321245617,85.78037409559327,0.323,post-control
50000.0,100.0,0.002,106.31459786451195,85.59988529009877,0.323,post-control
50000.0,100.0,0.002,106.38477251656774,85.41939648460425,0.323,post-control
50000.0,100.0,0.002,106.45494716862352,85.23890767910974,0.323,post-control
50000.0,100.0,0.002,106.5251218206793,85.05841887361522,0.323,post-control
50000.0,100.0,0.002,106.59529647273509,84.87793006812072,0.323,post-control
50000.0,100.0,0.002,106.66547112479087,84.6974412626262,0.323,post-control
50000.0,100.0,0.002,106.73564577684665,84.5169524571317,0.323,post-control
50000.0,100.0,0.002,106.80582042890244,84.33646365163717,0.323,post-control
50000.0,100.0,0.002,106.87599508095822,84.15597484614267,0.323,post-control
50000.0,100.0,0.002,106.946169733014,83.97548604064815,0.323,post-control
50000.0,100.0,0.002,107.01634438506979,83.79499723515363,0.323,post-control
50000.0,100.0,0.002,107.08651903712557,83.61450842965912,0.323,post-control
50000.0,100.0,0.002,107.15669368918135,83.4340196241646,0.323,post-control
50000.0,100.0,0.002,107.1994407600739,83.32407440124207,0.323,post-control
50000.0,100.0,0.002,107.22686834123714,83.25032143135687,0.323,post-control
50000.0,100.0,0.002,107.29704299329292,83.06162126968488,0.323,post-control
50000.0,100.0,0.002,107.3672176453487,82.87292110801287,0.323,post-control
50000.0,100.0,0.002,107.43739229740449,82.68422094634089,0.323,post-control
50000.0,100.0,0.002,107.50756694946027,82.49552078466888,0.323,post-control
50000.0,100.0,0.002,107.57774160151605,82.3068206229969,0.323,post-control
50000.0,100.0,0.002,107.64791625357184,82.11812046132489,0.323,post-control
50000.0,100.0,0.002,107.71809090562762,81.9294202996529,0.323,post-control
50000.0,100.0,0.002,107.7882655576834,81.7407201379809,0.323,post-control
50000.0,100.0,0.002,107.85844020973919,81.55201997630891,0.323,post-control
50000.0,100.0,0.002,107.92861486179497,81.36331981463691,0.323,post-control
50000.0,100.0,0.002,107.99878951385075,81.17461965296492,0.323,post-control
50000.0,100.0,0.002,108.06896416590654,80.98591949129293,0.323,post-control
50000.0,100.0,0.002,108.13913881796232,80.79721932962093,0.323,post-control
50000.0,100.0,0.002,108.1994407600739,80.63506695846924,0.323,post-control
50000.0,100.0,0.002,108.2093134700181,80.60760216435304,0.323,post-control
50000.0,100.0,0.002,108.27948812207389,80.41238399408566,0.323,post-control
50000.0,100.0,0.002,108.34966277412967,80.21716582381829,0.323,post-control
50000.0,100.0,0.002,108.41983742618545,80.02194765355091,0.323,post-control
50000.0,100.0,0.002,108.49001207824124,79.82672948328353,0.323,post-control
50000.0,100.0,0.002,108.56018673029702,79.63151131301616,0.323,post-control
50000.0,100.0,0.002,108.6303613823528,79.43629314274878,0.323,post-control
50000.0,100.0,0.002,108.70053603440859,79.2410749724814,0.323,post-control
50000.0,100.0,0.002,108.77071068646437,79.04585680221403,0.323,post-control
50000.0,100.0,0.002,108.84088533852015,78.85063863194665,0.323,post-control
50000.0,100.0,0.002,108.91105999057594,78.65542046167927,0.323,post-control
50000.0,100.0,0.002,108.98123464263172,78.4602022914119,0.323,post-control
50000.0,100.0,0.002,109.0514092946875,78.26498412114452,0.323,post-control
50000.0,100.0,0.002,109.12158394674329,78.06976595087714,0.323,post-control
50000.0,100.0,0.002,109.19175859879907,77.87454778060977,0.323,post-control
50000.0,100.0,0.002,109.1994407600739,77.85317685216428,0.323,post-control
50000.0,100.0,0.002,109.26193325085485,77.67497447025816,0.323,post-control
50000.0,100.0,0.002,109.33210790291064,77.47486578536663,0.323,post-control
50000.0,100.0,0.002,109.40228255496642,77.2747571004751,0.323,post-control
50000.0,100.0,0.002,109.4724572070222,77.07464841558357,0.323,post-control
50000.0,100.0,0.002,109.54263185907799,76.87453973069202,0.323,post-control
50000.0,100.0,0.002,109.61280651113377,76.67443104580049,0.323,post-control
50000.0,100.0,0.002,109.68298116318955,76.47432236090896,0.323,post-control
50000.0,100.0,0.002,109.75315581524534,76.27421367601742,0.323,post-control
50000.0,100.0,0.002,109.82333046730112,76.07410499112588,0.323,post-control
50000.0,100.0,0.002,109.8935051193569,75.87399630623435,0.323,post-control
50000.0,100.0,0.002,109.96367977141269,75.67388762134281,0.323,post-control
50000.0,100.0,0.002,110.03385442346847,75.47377893645128,0.323,post-control
50000.0,100.0,0.002,110.10402907552425,75.27367025155974,0.323,post-control
50000.0,100.0,0.002,110.17420372758004,75.0735615666682,0.323,post-control
50000.0,100.0,0.002,110.1994407600739,75.00159613135835,0.323,post-control
50000.0,100.0,0.002,110.24437837963582,74.87130947334207,0.323,post-control
50000.0,100.0,0.002,110.3145530316916,74.66785363872212,0.323,post-control
50000.0,100.0,0.002,110.38472768374739,74.46439780410218,0.323,post-control
50000.0,100.0,0.002,110.45490233580317,74.26094196948223,0.323,post-control
50000.0,100.0,0.002,110.52507698785895,74.0574861348623,0.323,post-control
50000.0,100.0,0.002,110.59525163991474,73.85403030024236,0.323,post-control
50000.0,100.0,0.002,110.66542629197052,73.65057446562241,0.323,post-control
50000.0,100.0,0.002,110.7356009440263,73.44711863100247,0.323,post-control
50000.0,100.0,0.002,110.80577559608209,73.24366279638252,0.323,post-control
50000.0,100.0,0.002,110.87595024813787,73.04020696176259,0.323,post-control
50000.0,100.0,0.002,110.94612490019365,72.83675112714265,0.323,post-control
50000.0,100.0,0.002,111.01629955224944,72.6332952925227,0.323,post-control
50000.0,100.0,0.002,111.08647420430522,72.42983945790276,0.323,post-control
50000.0,100.0,0.002,111.156648856361,72.22638362328281,0.323,post-control
50000.0,100.0,0.002,111.1994407600739,72.1023179923202,0.323,post-control
50000.0,100.0,0.002,111.22682350841679,72.02218502612796,0.323,post-control
50000.0,100.0,0.002,111.29699816047257,71.81682569001153,0.323,post-control
50000.0,100.0,0.002,111.36717281252835,71.6114663538951,0.323,post-control
50000.0,100.0,0.002,111.43734746458415,71.40610701777862,0.323,post-control
50000.0,100.0,0.002,111.50752211663993,71.2007476816622,0.323,post-control
50000.0,100.0,0.002,111.57769676869572,70.99538834554578,0.323,post-control
50000.0,100.0,0.002,111.6478714207515,70.79002900942935,0.323,post-control
50000.0,100.0,0.002,111.71804607280728,70.58466967331292,0.323,post-control
50000.0,100.0,0.002,111.78822072486307,70.37931033719649,0.323,post-control
50000.0,100.0,0.002,111.85839537691885,70.17395100108006,0.323,post-control
50000.0,100.0,0.002,111.92857002897463,69.96859166496364,0.323,post-control
50000.0,100.0,0.002,111.99874468103042,69.76323232884721,0.323,post-control
50000.0,100.0,0.002,112.0689193330862,69.55787299273078,0.323,post-control
50000.0,100.0,0.002,112.13909398514198,69.35251365661435,0.323,post-control
50000.0,100.0,0.002,112.1994407600739,69.1759146529323,0.323,post-control
50000.0,100.0,0.002,112.20926863719777,69.1470744987506,0.323,post-control
50000.0,100.0,0.002,112.27944328925355,68.94114520604293,0.323,post-control
50000.0,100.0,0.002,112.34961794130933,68.73521591333527,0.323,post-control
50000.0,100.0,0.002,112.41979259336512,68.52928662062759,0.323,post-control
50000.0,100.0,0.002,112.4899672454209,68.32335732791992,0.323,post-control
50000.0,100.0,0.002,112.56014189747668,68.11742803521224,0.323,post-control
50000.0,100.0,0.002,112.63031654953247,67.91149874250458,0.323,post-control
50000.0,100.0,0.002,112.70049120158825,67.70556944979691,0.323,post-control
50000.0,100.0,0.002,112.77066585364403,67.49964015708923,0.323,post-control
50000.0,100.0,0.002,112.84084050569982,67.29371086438157,0.323,post-control
50000.0,100.0,0.002,112.9110151577556,67.08778157167389,0.323,post-control
50000.0,100.0,0.002,112.98118980981138,66.88185227896622,0.323,post-control
50000.0,100.0,0.002,113.05136446186717,66.67592298625854,0.323,post-control
50000.0,100.0,0.002,113.12153911392295,66.46999369355088,0.323,post-control
50000.0,100.0,0.002,113.19171376597873,66.26406440084321,0.323,post-control
50000.0,100.0,0.002,113.1994407600739,66.24138934108646,0.323,post-control
50000.0,100.0,0.002,113.26188841803452,66.05870953698211,0.323,post-control
50000.0,100.0,0.002,113.3320630700903,65.85342575037915,0.323,post-control
50000.0,100.0,0.002,113.40223772214608,65.64814196377618,0.323,post-control
50000.0,100.0,0.002,113.47241237420187,65.44285817717324,0.323,post-control
50000.0,100.0,0.002,113.54258702625765,65.23757439057027,0.323,post-control
50000.0,100.0,0.002,113.61276167831343,65.03229060396731,0.323,post-control
50000.0,100.0,0.002,113.68293633036922,64.82700681736436,0.323,post-control
50000.0,100.0,0.002,113.753110982425,64.6217230307614,0.323,post-control
50000.0,100.0,0.002,113.82328563448078,64.41643924415844,0.323,post-control
50000.0,100.0,0.002,113.89346028653657,64.21115545755549,0.323,post-control
50000.0,100.0,0.002,113.96363493859235,64.00587167095253,0.323,post-control
50000.0,100.0,0.002,114.03380959064813,63.800587884349575,0.323,post-control
50000.0,100.0,0.002,114.10398424270392,63.59530409774661,0.323,post-control
50000.0,100.0,0.002,114.1741588947597,63.39002031114366,0.323,post-control
50000.0,100.0,0.002,114.1994407600739,63.316062594332195,0.323,post-control
50000.0,100.0,0.002,114.24433354681548,63.18584915916681,0.323,post-control
50000.0,100.0,0.002,114.31450819887127,62.98230459958492,0.323,post-control
50000.0,100.0,0.002,114.38468285092705,62.778760040003036,0.323,post-control
50000.0,100.0,0.002,114.45485750298283,62.57521548042114,0.323,post-control
50000.0,100.0,0.002,114.52503215503862,62.37167092083926,0.323,post-control
50000.0,100.0,0.002,114.5952068070944,62.16812636125737,0.323,post-control
50000.0,100.0,0.002,114.66538145915018,61.964581801675486,0.323,post-control
50000.0,100.0,0.002,114.73555611120597,61.7610372420936,0.323,post-control
50000.0,100.0,0.002,114.80573076326175,61.55749268251171,0.323,post-control
50000.0,100.0,0.002,114.87590541531753,61.35394812292982,0.323,post-control
50000.0,100.0,0.002,114.94608006737332,61.150403563347936,0.323,post-control
50000.0,100.0,0.002,115.0162547194291,60.94685900376605,0.323,post-control
50000.0,100.0,0.002,115.08642937148488,60.743314444184165,0.323,post-control
50000.0,100.0,0.002,115.15660402354067,60.53976988460227,0.323,post-control
50000.0,100.0,0.002,115.1994407600739,60.41552011041528,0.323,post-control
50000.0,100.0,0.002,115.22677867559645,60.33728104819954,0.323,post-control
50000.0,100.0,0.002,115.29695332765223,60.13644646139168,0.323,post-control
50000.0,100.0,0.002,115.36712797970802,59.935611874583806,0.323,post-control
50000.0,100.0,0.002,115.4373026317638,59.734777287775934,0.323,post-control
50000.0,100.0,0.002,115.50747728381958,59.53394270096807,0.323,post-control
50000.0,100.0,0.002,115.57765193587537,59.3331081141602,0.323,post-control
50000.0,100.0,0.002,115.64782658793115,59.132273527352325,0.323,post-control
50000.0,100.0,0.002,115.71800123998693,58.93143894054446,0.323,post-control
50000.0,100.0,0.002,115.78817589204272,58.73060435373659,0.323,post-control
50000.0,100.0,0.002,115.8583505440985,58.52976976692872,0.323,post-control
50000.0,100.0,0.002,115.92852519615428,58.32893518012085,0.323,post-control
50000.0,100.0,0.002,115.99869984821007,58.12810059331298,0.323,post-control
50000.0,100.0,0.002,116.06887450026585,57.927266006505114,0.323,post-control
50000.0,100.0,0.002,116.13904915232163,57.72643141969724,0.323,post-control
50000.0,100.0,0.002,116.1994407600739,57.55359517136148,0.323,post-control
50000.0,100.0,0.002,116.20922380437742,57.52609300779009,0.323,post-control
50000.0,100.0,0.002,116.2793984564332,57.328817527936664,0.323,post-control
50000.0,100.0,0.002,116.34957310848898,57.13154204808324,0.323,post-control
50000.0,100.0,0.002,116.41974776054477,56.934266568229816,0.323,post-control
50000.0,100.0,0.002,116.48992241260055,56.73699108837639,0.323,post-control
50000.0,100.0,0.002,116.56009706465633,56.53971560852297,0.323,post-control
50000.0,100.0,0.002,116.63027171671212,56.342440128669544,0.323,post-control
50000.0,100.0,0.002,116.7004463687679,56.14516464881612,0.323,post-control
50000.0,100.0,0.002,116.77062102082368,55.947889168962696,0.323,post-control
50000.0,100.0,0.002,116.84079567287947,55.75061368910927,0.323,post-control
50000.0,100.0,0.002,116.91097032493525,55.553338209255855,0.323,post-control
50000.0,100.0,0.002,116.98114497699103,55.35606272940243,0.323,post-control
50000.0,100.0,0.002,117.05131962904682,55.15878724954901,0.323,post-control
50000.0,100.0,0.002,117.1214942811026,54.96151176969558,0.323,post-control
50000.0,100.0,0.002,117.19166893315838,54.76423628984216,0.323,post-control
50000.0,100.0,0.002,117.1994407600739,54.742388074864515,0.323,post-control
50000.0,100.0,0.002,117.26184358521417,54.57077507279417,0.323,post-control
50000.0,100.0,0.002,117.33201823726995,54.377788894981464,0.323,post-control
50000.0,100.0,0.002,117.40219288932573,54.18480271716876,0.323,post-control
50000.0,100.0,0.002,117.47236754138152,53.991816539356044,0.323,post-control
50000.0,100.0,0.002,117.5425421934373,53.79883036154334,0.323,post-control
50000.0,100.0,0.002,117.61271684549308,53.60584418373063,0.323,post-control
50000.0,100.0,0.002,117.68289149754887,53.412858005917926,0.323,post-control
50000.0,100.0,0.002,117.75306614960465,53.21987182810522,0.323,post-control
50000.0,100.0,0.002,117.82324080166043,53.02688565029251,0.323,post-control
50000.0,100.0,0.002,117.89341545371622,52.83389947247981,0.323,post-control
50000.0,100.0,0.002,117.963590105772,52.6409132946671,0.323,post-control
50000.0,100.0,0.002,118.03376475782778,52.44792711685439,0.323,post-control
50000.0,100.0,0.002,118.10393940988357,52.25494093904168,0.323,post-control
50000.0,100.0,0.002,118.17411406193935,52.061954761228975,0.323,post-control
50000.0,100.0,0.002,118.1994407600739,51.99230421752956,0.323,post-control
50000.0,100.0,0.002,118.24428871399513,51.87210488446467,0.323,post-control
50000.0,100.0,0.002,118.31446336605092,51.68402615092914,0.323,post-control
50000.0,100.0,0.002,118.3846380181067,51.49594741739361,0.323,post-control
50000.0,100.0,0.002,118.45481267016248,51.307868683858075,0.323,post-control
50000.0,100.0,0.002,118.52498732221827,51.11978995032255,0.323,post-control
50000.0,100.0,0.002,118.59516197427406,50.93171121678698,0.323,post-control
50000.0,100.0,0.002,118.66533662632985,50.743632483251446,0.323,post-control
50000.0,100.0,0.002,118.73551127838563,50.55555374971592,0.323,post-control
50000.0,100.0,0.002,118.80568593044141,50.367475016180386,0.323,post-control
50000.0,100.0,0.002,118.8758605824972,50.17939628264485,0.323,post-control
50000.0,100.0,0.002,118.94603523455298,49.991317549109326,0.323,post-control
50000.0,100.0,0.002,119.01620988660876,49.80323881557379,0.323,post-control
50000.0,100.0,0.002,119.08638453866455,49.61516008203826,0.323,post-control
50000.0,100.0,0.002,119.15655919072033,49.42708134850273,0.323,post-control
50000.0,100.0,0.002,119.1994407600739,49.31215222495504,0.323,post-control
50000.0,100.0,0.002,119.22673384277611,49.2411099071749,0.323,post-control
50000.0,100.0,0.002,119.2969084948319,49.058449341278006,0.323,post-control
50000.0,100.0,0.002,119.36708314688768,48.8757887753811,0.323,post-control
50000.0,100.0,0.002,119.43725779894346,48.69312820948421,0.323,post-control
50000.0,100.0,0.002,119.50743245099925,48.510467643587305,0.323,post-control
50000.0,100.0,0.002,119.57760710305503,48.32780707769041,0.323,post-control
50000.0,100.0,0.002,119.64778175511081,48.145146511793506,0.323,post-control
50000.0,100.0,0.002,119.7179564071666,47.96248594589661,0.323,post-control
50000.0,100.0,0.002,119.78813105922238,47.77982537999971,0.323,post-control
50000.0,100.0,0.002,119.85830571127816,47.59716481410281,0.323,post-control
50000.0,100.0,0.002,119.92848036333395,47.41450424820591,0.323,post-control
50000.0,100.0,0.002,119.99865501538973,47.23184368230901,0.323,post-control
50000.0,100.0,0.002,120.06882966744551,47.04918311641211,0.323,post-control
50000.0,100.0,0.002,120.1390043195013,46.866522550515214,0.323,post-control
50000.0,100.0,0.002,120.1994407600739,46.709209986613786,0.323,post-control
50000.0,100.0,0.002,120.20917897155708,46.68467077245907,0.323,post-control
50000.0,100.0,0.002,120.27935362361286,46.50783842310994,0.323,post-control
50000.0,100.0,0.002,120.34952827566865,46.33100607376081,0.323,post-control
50000.0,100.0,0.002,120.41970292772443,46.154173724411685,0.323,post-control
50000.0,100.0,0.002,120.48987757978021,45.97734137506255,0.323,post-control
50000.0,100.0,0.002,120.560052231836,45.800509025713424,0.323,post-control
50000.0,100.0,0.002,120.63022688389178,45.6236766763643,0.323,post-control
50000.0,100.0,0.002,120.70040153594756,45.446844327015164,0.323,post-control
50000.0,100.0,0.002,120.77057618800335,45.27001197766604,0.323,post-control
50000.0,100.0,0.002,120.84075084005913,45.09317962831691,0.323,post-control
50000.0,100.0,0.002,120.91092549211491,44.916347278967784,0.323,post-control
50000.0,100.0,0.002,120.9811001441707,44.73951492961865,0.323,post-control
50000.0,100.0,0.002,121.05127479622648,44.562682580269524,0.323,post-control
50000.0,100.0,0.002,121.12144944828226,44.3858502309204,0.323,post-control
50000.0,100.0,0.002,121.19162410033805,44.20901788157126,0.323,post-control
50000.0,100.0,0.002,121.1994407600739,44.18932076495351,0.323,post-control
50000.0,100.0,0.002,121.26179875239383,44.03764888074688,0.323,post-control
50000.0,100.0,0.002,121.33197340444961,43.86696471814206,0.323,post-control
50000.0,100.0,0.002,121.4021480565054,43.696280555537236,0.323,post-control
50000.0,100.0,0.002,121.47232270856118,43.525596392932414,0.323,post-control
50000.0,100.0,0.002,121.54249736061696,43.35491223032759,0.323,post-control
50000.0,100.0,0.002,121.61267201267275,43.18422806772277,0.323,post-control
50000.0,100.0,0.002,121.68284666472853,43.01354390511795,0.323,post-control
50000.0,100.0,0.002,121.75302131678431,42.84285974251313,0.323,post-control
50000.0,100.0,0.002,121.8231959688401,42.672175579908306,0.323,post-control
50000.0,100.0,0.002,121.89337062089588,42.501491417303484,0.323,post-control
50000.0,100.0,0.002,121.96354527295166,42.33080725469867,0.323,post-control
50000.0,100.0,0.002,122.03371992500745,42.16012309209385,0.323,post-control
50000.0,100.0,0.002,122.10389457706323,41.989438929489026,0.323,post-control
50000.0,100.0,0.002,122.17406922911901,41.818754766884204,0.323,post-control
50000.0,100.0,0.002,122.1994407600739,41.757044186380085,0.323,post-control
50000.0,100.0,0.002,122.2442438811748,41.65214671864833,0.323,post-control
50000.0,100.0,0.002,122.31441853323058,41.48784693062618,0.323,post-control
50000.0,100.0,0.002,122.38459318528636,41.32354714260403,0.323,post-control
50000.0,100.0,0.002,122.45476783734215,41.15924735458187,0.323,post-control
50000.0,100.0,0.002,122.52494248939793,40.99494756655972,0.323,post-control
50000.0,100.0,0.002,122.59511714145371,40.83064777853757,0.323,post-control
50000.0,100.0,0.002,122.6652917935095,40.66634799051541,0.323,post-control
50000.0,100.0,0.002,122.73546644556528,40.50204820249326,0.323,post-control
50000.0,100.0,0.002,122.80564109762106,40.33774841447111,0.323,post-control
50000.0,100.0,0.002,122.87581574967685,40.17344862644895,0.323,post-control
50000.0,100.0,0.002,122.94599040173263,40.0091488384268,0.323,post-control
50000.0,100.0,0.002,123.01616505378841,39.84484905040465,0.323,post-control
50000.0,100.0,0.002,123.0863397058442,39.68054926238249,0.323,post-control
50000.0,100.0,0.002,123.15651435789998,39.51624947436034,0.323,post-control
50000.0,100.0,0.002,123.1994407600739,39.41574596531377,0.323,post-control
50000.0,100.0,0.002,123.22668900995576,39.354490646333346,0.323,post-control
50000.0,100.0,0.002,123.29686366201155,39.1967348009248,0.323,post-control
50000.0,100.0,0.002,123.36703831406733,39.03897895551626,0.323,post-control
50000.0,100.0,0.002,123.43721296612311,38.88122311010771,0.323,post-control
50000.0,100.0,0.002,123.5073876181789,38.72346726469916,0.323,post-control
50000.0,100.0,0.002,123.57756227023468,38.565711419290615,0.323,post-control
50000.0,100.0,0.002,123.64773692229046,38.40795557388207,0.323,post-control
50000.0,100.0,0.002,123.71791157434625,38.250199728473525,0.323,post-control
50000.0,100.0,0.002,123.78808622640203,38.09244388306497,0.323,post-control
50000.0,100.0,0.002,123.85826087845781,37.93468803765643,0.323,post-control
50000.0,100.0,0.002,123.9284355305136,37.776932192247884,0.323,post-control
50000.0,100.0,0.002,123.99861018256938,37.61917634683934,0.323,post-control
50000.0,100.0,0.002,124.06878483462516,37.461420501430794,0.323,post-control
50000.0,100.0,0.002,124.13895948668095,37.30366465602224,0.323,post-control
50000.0,100.0,0.002,124.1994407600739,37.16769997168144,0.323,post-control
50000.0,100.0,0.002,124.20913413873673,37.146825485829034,0.323,post-control
50000.0,100.0,0.002,124.27930879079251,36.995705857421996,0.323,post-control
50000.0,100.0,0.002,124.3494834428483,36.844586229014965,0.323,post-control
50000.0,100.0,0.002,124.41965809490408,36.69346660060793,0.323,post-control
50000.0,100.0,0.002,124.48983274695986,36.54234697220089,0.323,post-control
50000.0,100.0,0.002,124.56000739901565,36.39122734379386,0.323,post-control
50000.0,100.0,0.002,124.63018205107143,36.24010771538682,0.323,post-control
50000.0,100.0,0.002,124.70035670312721,36.08898808697978,0.323,post-control
50000.0,100.0,0.002,124.770531355183,35.93786845857275,0.323,post-control
50000.0,100.0,0.002,124.84070600723878,35.78674883016571,0.323,post-control
50000.0,100.0,0.002,124.91088065929456,35.635629201758675,0.323,post-control
50000.0,100.0,0.002,124.98105531135035,35.484509573351644,0.323,post-control
50000.0,100.0,0.002,125.05122996340613,35.33338994494461,0.323,post-control
50000.0,100.0,0.002,125.12140461546191,35.18227031653757,0.323,post-control
50000.0,100.0,0.002,125.1915792675177,35.03115068813054,0.323,post-control
50000.0,100.0,0.002,125.1994407600739,35.01422113024867,0.323,post-control
50000.0,100.0,0.002,125.26175391957348,34.885955636422,0.323,post-control
50000.0,100.0,0.002,125.33192857162926,34.74150803542834,0.323,post-control
50000.0,100.0,0.002,125.40210322368505,34.597060434434674,0.323,post-control
50000.0,100.0,0.002,125.47227787574083,34.452612833441016,0.323,post-control
50000.0,100.0,0.002,125.54245252779661,34.30816523244735,0.323,post-control
50000.0,100.0,0.002,125.6126271798524,34.16371763145369,0.323,post-control
50000.0,100.0,0.002,125.68280183190818,34.01927003046003,0.323,post-control
50000.0,100.0,0.002,125.75297648396398,33.87482242946634,0.323,post-control
50000.0,100.0,0.002,125.82315113601976,33.73037482847268,0.323,post-control
50000.0,100.0,0.002,125.89332578807554,33.58592722747902,0.323,post-control
50000.0,100.0,0.002,125.96350044013133,33.44147962648535,0.323,post-control
50000.0,100.0,0.002,126.03367509218711,33.297032025491696,0.323,post-control
50000.0,100.0,0.002,126.1038497442429,33.15258442449803,0.323,post-control
50000.0,100.0,0.002,126.17402439629868,33.00813682350437,0.323,post-control
50000.0,100.0,0.002,126.1994407600739,32.955819745104115,0.323,post-control
50000.0,100.0,0.002,126.24419904835446,32.86793318044031,0.323,post-control
50000.0,100.0,0.002,126.31437370041024,32.730139503948465,0.323,post-control
50000.0,100.0,0.002,126.38454835246603,32.59234582745662,0.323,post-control
50000.0,100.0,0.002,126.45472300452181,32.45455215096477,0.323,post-control
50000.0,100.0,0.002,126.5248976565776,32.316758474472934,0.323,post-control
50000.0,100.0,0.002,126.59507230863338,32.17896479798109,0.323,post-control
50000.0,100.0,0.002,126.66524696068916,32.04117112148924,0.323,post-control
50000.0,100.0,0.002,126.73542161274494,31.903377444997396,0.323,post-control
50000.0,100.0,0.002,126.80559626480073,31.76558376850555,0.323,post-control
50000.0,100.0,0.002,126.87577091685651,31.627790092013704,0.323,post-control
50000.0,100.0,0.002,126.9459455689123,31.48999641552186,0.323,post-control
50000.0,100.0,0.002,127.01612022096808,31.352202739030012,0.323,post-control
50000.0,100.0,0.002,127.08629487302386,31.214409062538166,0.323,post-control
50000.0,100.0,0.002,127.15646952507964,31.07661538604632,0.323,post-control
50000.0,100.0,0.002,127.1994407600739,30.992237846866697,0.323,post-control
50000.0,100.0,0.002,127.22664417713543,30.941376718635123,0.323,post-control
50000.0,100.0,0.002,127.29681882919121,30.810174010947982,0.323,post-control
50000.0,100.0,0.002,127.366993481247,30.678971303260838,0.323,post-control
50000.0,100.0,0.002,127.43716813330278,30.547768595573693,0.323,post-control
50000.0,100.0,0.002,127.50734278535856,30.41656588788655,0.323,post-control
50000.0,100.0,0.002,127.57751743741434,30.285363180199404,0.323,post-control
50000.0,100.0,0.002,127.64769208947013,30.15416047251226,0.323,post-control
50000.0,100.0,0.002,127.71786674152591,30.02295776482512,0.323,post-control
50000.0,100.0,0.002,127.7880413935817,29.891755057137974,0.323,post-control
50000.0,100.0,0.002,127.85821604563748,29.76055234945083,0.323,post-control
50000.0,100.0,0.002,127.92839069769326,29.629349641763685,0.323,post-control
50000.0,100.0,0.002,127.99856534974904,29.49814693407654,0.323,post-control
50000.0,100.0,0.002,128.06874000180483,29.3669442263894,0.323,post-control
50000.0,100.0,0.002,128.1389146538606,29.235741518702255,0.323,post-control
50000.0,100.0,0.002,128.1994407600739,29.1225783067973,0.323,post-control
50000.0,100.0,0.002,128.2090893059164,29.1054312137298,0.323,post-control
50000.0,100.0,0.002,128.27926395797218,28.9807190229578,0.323,post-control
50000.0,100.0,0.002,128.34943861002796,28.856006832185802,0.323,post-control
50000.0,100.0,0.002,128.41961326208374,28.7312946414138,0.323,post-control
50000.0,100.0,0.002,128.48978791413953,28.6065824506418,0.323,post-control
50000.0,100.0,0.002,128.5599625661953,28.481870259869797,0.323,post-control
50000.0,100.0,0.002,128.6301372182511,28.357158069097796,0.323,post-control
50000.0,100.0,0.002,128.70031187030688,28.232445878325798,0.323,post-control
50000.0,100.0,0.002,128.77048652236266,28.107733687553797,0.323,post-control
50000.0,100.0,0.002,128.84066117441844,27.983021496781795,0.323,post-control
50000.0,100.0,0.002,128.91083582647423,27.858309306009794,0.323,post-control
50000.0,100.0,0.002,128.98101047853,27.733597115237792,0.323,post-control
50000.0,100.0,0.002,129.0511851305858,27.608884924465794,0.323,post-control
50000.0,100.0,0.002,129.12135978264158,27.484172733693793,0.323,post-control
50000.0,100.0,0.002,129.19153443469736,27.35946054292179,0.323,post-control
50000.0,100.0,0.002,129.1994407600739,27.345409669425727,0.323,post-control
50000.0,100.0,0.002,129.26170908675314,27.2403925823889,0.323,post-control
50000.0,100.0,0.002,129.33188373880893,27.122041280278523,0.323,post-control
50000.0,100.0,0.002,129.4020583908647,27.003689978168147,0.323,post-control
50000.0,100.0,0.002,129.4722330429205,26.88533867605777,0.323,post-control
50000.0,100.0,0.002,129.54240769497628,26.766987373947394,0.323,post-control
50000.0,100.0,0.002,129.61258234703206,26.648636071837018,0.323,post-control
50000.0,100.0,0.002,129.68275699908784,26.53028476972664,0.323,post-control
50000.0,100.0,0.002,129.75293165114363,26.411933467616265,0.323,post-control
50000.0,100.0,0.002,129.8231063031994,26.293582165505885,0.323,post-control
50000.0,100.0,0.002,129.8932809552552,26.17523086339551,0.323,post-control
50000.0,100.0,0.002,129.96345560731098,26.056879561285132,0.323,post-control
50000.0,100.0,0.002,130.03363025936676,25.938528259174756,0.323,post-control
50000.0,100.0,0.002,130.10380491142254,25.82017695706438,0.323,post-control
50000.0,100.0,0.002,130.17397956347833,25.701825654954003,0.323,post-control
50000.0,100.0,0.002,130.1994407600739,25.658884711435245,0.323,post-control
50000.0,100.0,0.002,130.2441542155341,25.5874267597054,0.323,post-control
50000.0,100.0,0.002,130.3143288675899,25.475278484702933,0.323,post-control
50000.0,100.0,0.002,130.38450351964568,25.36313020970047,0.323,post-control
50000.0,100.0,0.002,130.45467817170146,25.250981934698,0.323,post-control
50000.0,100.0,0.002,130.52485282375724,25.138833659695536,0.323,post-control
50000.0,100.0,0.002,130.59502747581303,25.026685384693067,0.323,post-control
50000.0,100.0,0.002,130.6652021278688,24.914537109690603,0.323,post-control
50000.0,100.0,0.002,130.7353767799246,24.802388834688134,0.323,post-control
50000.0,100.0,0.002,130.80555143198038,24.69024055968567,0.323,post-control
50000.0,100.0,0.002,130.87572608403616,24.5780922846832,0.323,post-control
50000.0,100.0,0.002,130.94590073609194,24.465944009680733,0.323,post-control
50000.0,100.0,0.002,131.01607538814773,24.35379573467827,0.323,post-control
50000.0,100.0,0.002,131.0862500402035,24.2416474596758,0.323,post-control
50000.0,100.0,0.002,131.1564246922593,24.129499184673335,0.323,post-control
50000.0,100.0,0.002,131.1994407600739,24.060753880471985,0.323,post-control
50000.0,100.0,0.002,131.22659934431508,24.019681935662128,0.323,post-control
50000.0,100.0,0.002,131.29677399637086,23.91355676320496,0.323,post-control
50000.0,100.0,0.002,131.36694864842664,23.807431590747786,0.323,post-control
50000.0,100.0,0.002,131.43712330048243,23.701306418290617,0.323,post-control
50000.0,100.0,0.002,131.5072979525382,23.595181245833448,0.323,post-control
50000.0,100.0,0.002,131.577472604594,23.489056073376275,0.323,post-control
50000.0,100.0,0.002,131.64764725664978,23.382930900919106,0.323,post-control
50000.0,100.0,0.002,131.71782190870556,23.276805728461937,0.323,post-control
50000.0,100.0,0.002,131.78799656076134,23.17068055600477,0.323,post-control
50000.0,100.0,0.002,131.85817121281713,23.064555383547596,0.323,post-control
50000.0,100.0,0.002,131.9283458648729,22.958430211090427,0.323,post-control
50000.0,100.0,0.002,131.9985205169287,22.852305038633258,0.323,post-control
50000.0,100.0,0.002,132.06869516898448,22.746179866176085,0.323,post-control
50000.0,100.0,0.002,132.13886982104026,22.640054693718916,0.323,post-control
50000.0,100.0,0.002,132.1994407600739,22.548453222781387,0.323,post-control
50000.0,100.0,0.002,132.20904447309604,22.53472712932323,0.323,post-control
50000.0,100.0,0.002,132.27921912515183,22.434430105631264,0.323,post-control
50000.0,100.0,0.002,132.3493937772076,22.334133081939303,0.323,post-control
50000.0,100.0,0.002,132.4195684292634,22.23383605824734,0.323,post-control
50000.0,100.0,0.002,132.48974308131918,22.133539034555376,0.323,post-control
50000.0,100.0,0.002,132.55991773337496,22.033242010863415,0.323,post-control
50000.0,100.0,0.002,132.63009238543074,21.932944987171453,0.323,post-control
50000.0,100.0,0.002,132.70026703748653,21.832647963479488,0.323,post-control
50000.0,100.0,0.002,132.7704416895423,21.732350939787526,0.323,post-control
50000.0,100.0,0.002,132.8406163415981,21.632053916095565,0.323,post-control
50000.0,100.0,0.002,132.91079099365388,21.5317568924036,0.323,post-control
50000.0,100.0,0.002,132.98096564570966,21.431459868711638,0.323,post-control
50000.0,100.0,0.002,133.05114029776544,21.331162845019676,0.323,post-control
50000.0,100.0,0.002,133.12131494982123,21.23086582132771,0.323,post-control
50000.0,100.0,0.002,133.191489601877,21.13056879763575,0.323,post-control
50000.0,100.0,0.002,133.1994407600739,21.11920461585941,0.323,post-control
50000.0,100.0,0.002,133.2616642539328,21.03525645312367,0.323,post-control
50000.0,100.0,0.002,133.33183890598858,20.940581070155563,0.323,post-control
50000.0,100.0,0.002,133.40201355804436,20.845905687187457,0.323,post-control
50000.0,100.0,0.002,133.47218821010014,20.751230304219355,0.323,post-control
50000.0,100.0,0.002,133.54236286215593,20.65655492125125,0.323,post-control
50000.0,100.0,0.002,133.6125375142117,20.561879538283144,0.323,post-control
50000.0,100.0,0.002,133.6827121662675,20.46720415531504,0.323,post-control
50000.0,100.0,0.002,133.75288681832328,20.372528772346936,0.323,post-control
50000.0,100.0,0.002,133.82306147037906,20.27785338937883,0.323,post-control
50000.0,100.0,0.002,133.89323612243484,20.183178006410728,0.323,post-control
50000.0,100.0,0.002,133.96341077449063,20.088502623442622,0.323,post-control
50000.0,100.0,0.002,134.0335854265464,19.99382724047452,0.323,post-control
50000.0,100.0,0.002,134.1037600786022,19.899151857506414,0.323,post-control
50000.0,100.0,0.002,134.17393473065798,19.80447647453831,0.323,post-control
50000.0,100.0,0.002,134.1994407600739,19.770065287133633,0.323,post-control
50000.0,100.0,0.002,134.24410938271376,19.71324174788164,0.323,post-control
50000.0,100.0,0.002,134.31428403476954,19.623971654918673,0.323,post-control
50000.0,100.0,0.002,134.38445868682533,19.534701561955703,0.323,post-control
50000.0,100.0,0.002,134.4546333388811,19.445431468992737,0.323,post-control
50000.0,100.0,0.002,134.5248079909369,19.35616137602977,0.323,post-control
50000.0,100.0,0.002,134.59498264299268,19.266891283066805,0.323,post-control
50000.0,100.0,0.002,134.66515729504846,19.177621190103835,0.323,post-control
50000.0,100.0,0.002,134.73533194710424,19.08835109714087,0.323,post-control
50000.0,100.0,0.002,134.80550659916003,18.999081004177903,0.323,post-control
50000.0,100.0,0.002,134.8756812512158,18.909810911214937,0.323,post-control
50000.0,100.0,0.002,134.9458559032716,18.82054081825197,0.323,post-control
50000.0,100.0,0.002,135.01603055532738,18.731270725289,0.323,post-control
50000.0,100.0,0.002,135.08620520738316,18.642000632326035,0.323,post-control
50000.0,100.0,0.002,135.15637985943894,18.55273053936307,0.323,post-control
50000.0,100.0,0.002,135.1994407600739,18.497952204307026,0.323,post-control
50000.0,100.0,0.002,135.22655451149473,18.465462543660955,0.323,post-control
50000.0,100.0,0.002,135.2967291635505,18.381374193219777,0.323,post-control
50000.0,100.0,0.002,135.3669038156063,18.297285842778596,0.323,post-control
50000.0,100.0,0.002,135.43707846766208,18.213197492337414,0.323,post-control
50000.0,100.0,0.002,135.50725311971786,18.129109141896237,0.323,post-control
50000.0,100.0,0.002,135.57742777177364,18.045020791455055,0.323,post-control
50000.0,100.0,0.002,135.64760242382943,17.960932441013874,0.323,post-control
50000.0,100.0,0.002,135.7177770758852,17.876844090572693,0.323,post-control
50000.0,100.0,0.002,135.787951727941,17.792755740131515,0.323,post-control
50000.0,100.0,0.002,135.85812637999678,17.708667389690333,0.323,post-control
50000.0,100.0,0.002,135.92830103205256,17.624579039249152,0.323,post-control
50000.0,100.0,0.002,135.99847568410834,17.54049068880797,0.323,post-control
50000.0,100.0,0.002,136.06865033616413,17.456402338366793,0.323,post-control
50000.0,100.0,0.002,136.1388249882199,17.37231398792561,0.323,post-control
50000.0,100.0,0.002,136.1994407600739,17.299679780037124,0.323,post-control
50000.0,100.0,0.002,136.2089996402757,17.288900822708033,0.323,post-control
50000.0,100.0,0.002,136.27917429233148,17.209769212715447,0.323,post-control
50000.0,100.0,0.002,136.34934894438726,17.130637602722857,0.323,post-control
50000.0,100.0,0.002,136.41952359644304,17.05150599273027,0.323,post-control
50000.0,100.0,0.002,136.48969824849883,16.972374382737684,0.323,post-control
50000.0,100.0,0.002,136.55987290055464,16.89324277274506,0.323,post-control
50000.0,100.0,0.002,136.63004755261042,16.814111162752475,0.323,post-control
50000.0,100.0,0.002,136.7002222046662,16.73497955275989,0.323,post-control
50000.0,100.0,0.002,136.770396856722,16.655847942767302,0.323,post-control
50000.0,100.0,0.002,136.84057150877777,16.576716332774712,0.323,post-control
50000.0,100.0,0.002,136.91074616083355,16.497584722782126,0.323,post-control
50000.0,100.0,0.002,136.98092081288934,16.41845311278954,0.323,post-control
50000.0,100.0,0.002,137.05109546494512,16.33932150279695,0.323,post-control
50000.0,100.0,0.002,137.1212701170009,16.260189892804362,0.323,post-control
50000.0,100.0,0.002,137.1914447690567,16.181058282811776,0.323,post-control
50000.0,100.0,0.002,137.1994407600739,16.172041698843874,0.323,post-control
50000.0,100.0,0.002,137.26161942111247,16.106118569251283,0.323,post-control
50000.0,100.0,0.002,137.33179407316825,16.031717921113824,0.323,post-control
50000.0,100.0,0.002,137.40196872522404,15.957317272976361,0.323,post-control
50000.0,100.0,0.002,137.47214337727982,15.8829166248389,0.323,post-control
50000.0,100.0,0.002,137.5423180293356,15.808515976701438,0.323,post-control
50000.0,100.0,0.002,137.6124926813914,15.734115328563977,0.323,post-control
50000.0,100.0,0.002,137.68266733344717,15.659714680426516,0.323,post-control
50000.0,100.0,0.002,137.75284198550295,15.585314032289054,0.323,post-control
50000.0,100.0,0.002,137.82301663755874,15.510913384151593,0.323,post-control
50000.0,100.0,0.002,137.89319128961452,15.43651273601413,0.323,post-control
50000.0,100.0,0.002,137.9633659416703,15.36211208787667,0.323,post-control
50000.0,100.0,0.002,138.0335405937261,15.287711439739208,0.323,post-control
50000.0,100.0,0.002,138.10371524578187,15.213310791601746,0.323,post-control
50000.0,100.0,0.002,138.17388989783765,15.138910143464285,0.323,post-control
50000.0,100.0,0.002,138.1994407600739,15.111820579709306,0.323,post-control
50000.0,100.0,0.002,138.24406454989344,15.067374504847269,0.323,post-control
50000.0,100.0,0.002,138.31423920194922,14.997479324466957,0.323,post-control
50000.0,100.0,0.002,138.384413854005,14.927584144086646,0.323,post-control
50000.0,100.0,0.002,138.4545885060608,14.857688963706334,0.323,post-control
50000.0,100.0,0.002,138.52476315811657,14.787793783326023,0.323,post-control
50000.0,100.0,0.002,138.59493781017235,14.717898602945711,0.323,post-control
50000.0,100.0,0.002,138.66511246222814,14.648003422565399,0.323,post-control
50000.0,100.0,0.002,138.73528711428392,14.578108242185088,0.323,post-control
50000.0,100.0,0.002,138.8054617663397,14.508213061804776,0.323,post-control
50000.0,100.0,0.002,138.8756364183955,14.438317881424465,0.323,post-control
50000.0,100.0,0.002,138.94581107045127,14.368422701044153,0.323,post-control
50000.0,100.0,0.002,139.01598572250705,14.298527520663843,0.323,post-control
50000.0,100.0,0.002,139.08616037456284,14.22863234028353,0.323,post-control
50000.0,100.0,0.002,139.15633502661862,14.15873715990322,0.323,post-control
50000.0,100.0,0.002,139.1994407600739,14.115803095721636,0.323,post-control
50000.0,100.0,0.002,139.2265096786744,14.09049369434799,0.323,post-control
50000.0,100.0,0.002,139.2966843307302,14.024880491938651,0.323,post-control
50000.0,100.0,0.002,139.36685898278597,13.959267289529315,0.323,post-control
50000.0,100.0,0.002,139.43703363484175,13.893654087119977,0.323,post-control
50000.0,100.0,0.002,139.50720828689754,13.82804088471064,0.323,post-control
50000.0,100.0,0.002,139.57738293895332,13.762427682301304,0.323,post-control
50000.0,100.0,0.002,139.6475575910091,13.696814479891966,0.323,post-control
50000.0,100.0,0.002,139.7177322430649,13.63120127748263,0.323,post-control
50000.0,100.0,0.002,139.78790689512067,13.565588075073293,0.323,post-control
50000.0,100.0,0.002,139.85808154717645,13.499974872663955,0.323,post-control
50000.0,100.0,0.002,139.92825619923224,13.434361670254619,0.323,post-control
50000.0,100.0,0.002,139.99843085128802,13.368748467845283,0.323,post-control
50000.0,100.0,0.002,140.0686055033438,13.303135265435944,0.323,post-control
50000.0,100.0,0.002,140.1387801553996,13.237522063026608,0.323,post-control
50000.0,100.0,0.002,140.1994407600739,13.180804481732363,0.323,post-control
50000.0,100.0,0.002,140.20895480745537,13.172459815177355,0.323,post-control
50000.0,100.0,0.002,140.27912945951115,13.110910397927192,0.323,post-control
50000.0,100.0,0.002,140.34930411156694,13.04936098067703,0.323,post-control
50000.0,100.0,0.002,140.41947876362272,12.987811563426867,0.323,post-control
50000.0,100.0,0.002,140.4896534156785,12.926262146176704,0.323,post-control
50000.0,100.0,0.002,140.5598280677343,12.86471272892654,0.323,post-control
50000.0,100.0,0.002,140.63000271979007,12.803163311676377,0.323,post-control
50000.0,100.0,0.002,140.70017737184585,12.741613894426214,0.323,post-control
50000.0,100.0,0.002,140.77035202390164,12.680064477176051,0.323,post-control
50000.0,100.0,0.002,140.84052667595742,12.618515059925889,0.323,post-control
50000.0,100.0,0.002,140.9107013280132,12.556965642675726,0.323,post-control
50000.0,100.0,0.002,140.980875980069,12.495416225425561,0.323,post-control
50000.0,100.0,0.002,141.05105063212477,12.433866808175399,0.323,post-control
50000.0,100.0,0.002,141.12122528418055,12.372317390925236,0.323,post-control
50000.0,100.0,0.002,141.19139993623634,12.310767973675073,0.323,post-control
50000.0,100.0,0.002,141.1994407600739,12.303715455323852,0.323,post-control
50000.0,100.0,0.002,141.26157458829212,12.252627875961416,0.323,post-control
50000.0,100.0,0.002,141.3317492403479,12.194928982959993,0.323,post-control
50000.0,100.0,0.002,141.4019238924037,12.137230089958571,0.323,post-control
50000.0,100.0,0.002,141.47209854445947,12.079531196957149,0.323,post-control
50000.0,100.0,0.002,141.54227319651525,12.021832303955726,0.323,post-control
50000.0,100.0,0.002,141.61244784857104,11.964133410954304,0.323,post-control
50000.0,100.0,0.002,141.68262250062682,11.906434517952881,0.323,post-control
50000.0,100.0,0.002,141.7527971526826,11.848735624951459,0.323,post-control
50000.0,100.0,0.002,141.8229718047384,11.791036731950037,0.323,post-control
50000.0,100.0,0.002,141.89314645679417,11.733337838948614,0.323,post-control
50000.0,100.0,0.002,141.96332110884995,11.675638945947192,0.323,post-control
50000.0,100.0,0.002,142.03349576090574,11.61794005294577,0.323,post-control
50000.0,100.0,0.002,142.10367041296152,11.560241159944347,0.323,post-control
50000.0,100.0,0.002,142.1738450650173,11.502542266942925,0.323,post-control
50000.0,100.0,0.002,142.1994407600739,11.48149701446067,0.323,post-control
50000.0,100.0,0.002,142.2440197170731,11.44715724886091,0.323,post-control
50000.0,100.0,0.002,142.31419436912887,11.39310077771725,0.323,post-control
50000.0,100.0,0.002,142.38436902118465,11.33904430657359,0.323,post-control
50000.0,100.0,0.002,142.45454367324044,11.28498783542993,0.323,post-control
50000.0,100.0,0.002,142.52471832529622,11.23093136428627,0.323,post-control
50000.0,100.0,0.002,142.594892977352,11.17687489314261,0.323,post-control
50000.0,100.0,0.002,142.6650676294078,11.122818421998952,0.323,post-control
50000.0,100.0,0.002,142.73524228146357,11.068761950855292,0.323,post-control
50000.0,100.0,0.002,142.80541693351935,11.014705479711631,0.323,post-control
50000.0,100.0,0.002,142.87559158557514,10.960649008567971,0.323,post-control
50000.0,100.0,0.002,142.94576623763092,10.906592537424311,0.323,post-control
50000.0,100.0,0.002,143.0159408896867,10.852536066280653,0.323,post-control
50000.0,100.0,0.002,143.0861155417425,10.798479595136993,0.323,post-control
50000.0,100.0,0.002,143.15629019379827,10.744423123993332,0.323,post-control
50000.0,100.0,0.002,143.1994407600739,10.711183666833536,0.323,post-control
50000.0,100.0,0.002,143.22646484585405,10.691691697681085,0.323,post-control
50000.0,100.0,0.002,143.29663949790984,10.641076029706836,0.323,post-control
50000.0,100.0,0.002,143.36681414996562,10.590460361732585,0.323,post-control
50000.0,100.0,0.002,143.4369888020214,10.539844693758337,0.323,post-control
50000.0,100.0,0.002,143.5071634540772,10.489229025784086,0.323,post-control
50000.0,100.0,0.002,143.57733810613297,10.438613357809837,0.323,post-control
50000.0,100.0,0.002,143.64751275818875,10.387997689835586,0.323,post-control
50000.0,100.0,0.002,143.71768741024454,10.337382021861337,0.323,post-control
50000.0,100.0,0.002,143.78786206230032,10.286766353887087,0.323,post-control
50000.0,100.0,0.002,143.8580367143561,10.236150685912838,0.323,post-control
50000.0,100.0,0.002,143.9282113664119,10.185535017938587,0.323,post-control
50000.0,100.0,0.002,143.99838601846767,10.134919349964337,0.323,post-control
50000.0,100.0,0.002,144.06856067052345,10.084303681990088,0.323,post-control
50000.0,100.0,0.002,144.13873532257924,10.033688014015837,0.323,post-control
50000.0,100.0,0.002,144.1994407600739,9.989902313931147,0.323,post-control
50000.0,100.0,0.002,144.20890997463502,9.983510539502761,0.323,post-control
50000.0,100.0,0.002,144.2790846266908,9.936142244736976,0.323,post-control
50000.0,100.0,0.002,144.3492592787466,9.88877394997119,0.323,post-control
50000.0,100.0,0.002,144.41943393080237,9.841405655205406,0.323,post-control
50000.0,100.0,0.002,144.48960858285815,9.79403736043962,0.323,post-control
50000.0,100.0,0.002,144.55978323491394,9.746669065673835,0.323,post-control
50000.0,100.0,0.002,144.62995788696972,9.699300770908051,0.323,post-control
50000.0,100.0,0.002,144.7001325390255,9.651932476142266,0.323,post-control
50000.0,100.0,0.002,144.7703071910813,9.60456418137648,0.323,post-control
50000.0,100.0,0.002,144.84048184313707,9.557195886610694,0.323,post-control
50000.0,100.0,0.002,144.91065649519285,9.50982759184491,0.323,post-control
50000.0,100.0,0.002,144.98083114724864,9.462459297079125,0.323,post-control
50000.0,100.0,0.002,145.05100579930442,9.41509100231334,0.323,post-control
50000.0,100.0,0.002,145.1211804513602,9.367722707547555,0.323,post-control
50000.0,100.0,0.002,145.191355103416,9.32035441278177,0.323,post-control
50000.0,100.0,0.002,145.1994407600739,9.314896547915648,0.323,post-control
50000.0,100.0,0.002,145.26152975547177,9.275694458527658,0.323,post-control
50000.0,100.0,0.002,145.33170440752755,9.231387203030383,0.323,post-control
50000.0,100.0,0.002,145.40187905958334,9.18707994753311,0.323,post-control
50000.0,100.0,0.002,145.47205371163912,9.142772692035837,0.323,post-control
50000.0,100.0,0.002,145.5422283636949,9.098465436538563,0.323,post-control
50000.0,100.0,0.002,145.6124030157507,9.05415818104129,0.323,post-control
50000.0,100.0,0.002,145.68257766780647,9.009850925544015,0.323,post-control
50000.0,100.0,0.002,145.75275231986225,8.965543670046742,0.323,post-control
50000.0,100.0,0.002,145.82292697191804,8.921236414549469,0.323,post-control
50000.0,100.0,0.002,145.89310162397382,8.876929159052194,0.323,post-control
50000.0,100.0,0.002,145.9632762760296,8.832621903554921,0.323,post-control
50000.0,100.0,0.002,146.0334509280854,8.788314648057646,0.323,post-control
50000.0,100.0,0.002,146.10362558014117,8.744007392560373,0.323,post-control
50000.0,100.0,0.002,146.17380023219695,8.6997001370631,0.323,post-control
50000.0,100.0,0.002,146.1994407600739,8.683511080381688,0.323,post-control
50000.0,100.0,0.002,146.24397488425274,8.657221682404963,0.323,post-control
50000.0,100.0,0.002,146.31414953630852,8.615796160071461,0.323,post-control
50000.0,100.0,0.002,146.3843241883643,8.574370637737962,0.323,post-control
50000.0,100.0,0.002,146.4544988404201,8.53294511540446,0.323,post-control
50000.0,100.0,0.002,146.52467349247587,8.491519593070961,0.323,post-control
50000.0,100.0,0.002,146.59484814453165,8.45009407073746,0.323,post-control
50000.0,100.0,0.002,146.66502279658744,8.408668548403961,0.323,post-control
50000.0,100.0,0.002,146.73519744864322,8.36724302607046,0.323,post-control
50000.0,100.0,0.002,146.805372100699,8.32581750373696,0.323,post-control
50000.0,100.0,0.002,146.8755467527548,8.28439198140346,0.323,post-control
50000.0,100.0,0.002,146.94572140481057,8.24296645906996,0.323,post-control
50000.0,100.0,0.002,147.01589605686635,8.201540936736459,0.323,post-control
50000.0,100.0,0.002,147.08607070892214,8.16011541440296,0.323,post-control
50000.0,100.0,0.002,147.15624536097792,8.118689892069458,0.323,post-control
50000.0,100.0,0.002,147.1994407600739,8.093190770698211,0.323,post-control
50000.0,100.0,0.002,147.2264200130337,8.078306413357701,0.323,post-control
50000.0,100.0,0.002,147.2965946650895,8.03959130886608,0.323,post-control
50000.0,100.0,0.002,147.36676931714527,8.000876204374459,0.323,post-control
50000.0,100.0,0.002,147.43694396920105,7.962161099882838,0.323,post-control
50000.0,100.0,0.002,147.50711862125684,7.923445995391217,0.323,post-control
50000.0,100.0,0.002,147.57729327331262,7.884730890899595,0.323,post-control
50000.0,100.0,0.002,147.6474679253684,7.846015786407974,0.323,post-control
50000.0,100.0,0.002,147.7176425774242,7.807300681916353,0.323,post-control
50000.0,100.0,0.002,147.78781722947997,7.768585577424732,0.323,post-control
50000.0,100.0,0.002,147.85799188153575,7.7298704729331105,0.323,post-control
50000.0,100.0,0.002,147.92816653359154,7.691155368441489,0.323,post-control
50000.0,100.0,0.002,147.99834118564732,7.652440263949868,0.323,post-control
50000.0,100.0,0.002,148.0685158377031,7.613725159458247,0.323,post-control
50000.0,100.0,0.002,148.1386904897589,7.575010054966626,0.323,post-control
50000.0,100.0,0.002,148.1994407600739,7.541494348165958,0.323,post-control
50000.0,100.0,0.002,148.20886514181467,7.536637129319384,0.323,post-control
50000.0,100.0,0.002,148.27903979387045,7.5004699141223306,0.323,post-control
50000.0,100.0,0.002,148.34921444592624,7.464302698925277,0.323,post-control
50000.0,100.0,0.002,148.41938909798202,7.428135483728223,0.323,post-control
50000.0,100.0,0.002,148.4895637500378,7.391968268531169,0.323,post-control
50000.0,100.0,0.002,148.5597384020936,7.355801053334115,0.323,post-control
50000.0,100.0,0.002,148.62991305414937,7.319633838137062,0.323,post-control
50000.0,100.0,0.002,148.70008770620515,7.283466622940009,0.323,post-control
50000.0,100.0,0.002,148.77026235826094,7.247299407742955,0.323,post-control
50000.0,100.0,0.002,148.84043701031672,7.211132192545901,0.323,post-control
50000.0,100.0,0.002,148.9106116623725,7.174964977348847,0.323,post-control
50000.0,100.0,0.002,148.9807863144283,7.1387977621517935,0.323,post-control
50000.0,100.0,0.002,149.05096096648407,7.10263054695474,0.323,post-control
50000.0,100.0,0.002,149.12113561853985,7.066463331757686,0.323,post-control
50000.0,100.0,0.002,149.19131027059564,7.030296116560633,0.323,post-control
50000.0,100.0,0.002,149.1994407600739,7.026105755026892,0.323,post-control
50000.0,100.0,0.002,149.26148492265142,6.996244400981829,0.323,post-control
50000.0,100.0,0.002,149.3316595747072,6.962469908056582,0.323,post-control
50000.0,100.0,0.002,149.401834226763,6.928695415131335,0.323,post-control
50000.0,100.0,0.002,149.47200887881877,6.894920922206088,0.323,post-control
50000.0,100.0,0.002,149.54218353087455,6.861146429280842,0.323,post-control
50000.0,100.0,0.002,149.61235818293034,6.827371936355595,0.323,post-control
50000.0,100.0,0.002,149.68253283498612,6.7935974434303485,0.323,post-control
50000.0,100.0,0.002,149.7527074870419,6.759822950505102,0.323,post-control
50000.0,100.0,0.002,149.8228821390977,6.726048457579855,0.323,post-control
50000.0,100.0,0.002,149.89305679115347,6.692273964654609,0.323,post-control
50000.0,100.0,0.002,149.96323144320925,6.658499471729361,0.323,post-control
50000.0,100.0,0.002,150.03340609526504,6.624724978804115,0.323,post-control
50000.0,100.0,0.002,150.10358074732082,6.590950485878868,0.323,post-control
50000.0,100.0,0.002,150.1737553993766,6.5571759929536215,0.323,post-control
50000.0,100.0,0.002,150.1994407600739,6.544813836423596,0.323,post-control
50000.0,100.0,0.002,150.2439300514324,6.5248246333426465,0.323,post-control
50000.0,100.0,0.002,150.31410470348817,6.493294902743536,0.323,post-control
50000.0,100.0,0.002,150.38427935554395,6.461765172144425,0.323,post-control
50000.0,100.0,0.002,150.45445400759974,6.430235441545314,0.323,post-control
50000.0,100.0,0.002,150.52462865965552,6.398705710946203,0.323,post-control
50000.0,100.0,0.002,150.5948033117113,6.367175980347092,0.323,post-control
50000.0,100.0,0.002,150.6649779637671,6.335646249747981,0.323,post-control
50000.0,100.0,0.002,150.73515261582287,6.30411651914887,0.323,post-control
50000.0,100.0,0.002,150.80532726787865,6.272586788549759,0.323,post-control
50000.0,100.0,0.002,150.87550191993444,6.241057057950648,0.323,post-control
50000.0,100.0,0.002,150.94567657199025,6.209527327351525,0.323,post-control
50000.0,100.0,0.002,151.01585122404603,6.177997596752414,0.323,post-control
50000.0,100.0,0.002,151.08602587610181,6.146467866153303,0.323,post-control
50000.0,100.0,0.002,151.1562005281576,6.114938135554192,0.323,post-control
50000.0,100.0,0.002,151.1994407600739,6.095510139498284,0.323,post-control
50000.0,100.0,0.002,151.22637518021338,6.084216194910973,0.323,post-control
50000.0,100.0,0.002,151.29654983226916,6.054791071680253,0.323,post-control
50000.0,100.0,0.002,151.36672448432495,6.025365948449533,0.323,post-control
50000.0,100.0,0.002,151.43689913638073,5.995940825218812,0.323,post-control
50000.0,100.0,0.002,151.50707378843651,5.966515701988093,0.323,post-control
50000.0,100.0,0.002,151.5772484404923,5.937090578757372,0.323,post-control
50000.0,100.0,0.002,151.64742309254808,5.907665455526653,0.323,post-control
50000.0,100.0,0.002,151.71759774460386,5.878240332295932,0.323,post-control
50000.0,100.0,0.002,151.78777239665965,5.848815209065212,0.323,post-control
50000.0,100.0,0.002,151.85794704871543,5.819390085834492,0.323,post-control
50000.0,100.0,0.002,151.92812170077121,5.789964962603772,0.323,post-control
50000.0,100.0,0.002,151.998296352827,5.760539839373052,0.323,post-control
50000.0,100.0,0.002,152.06847100488278,5.731114716142332,0.323,post-control
50000.0,100.0,0.002,152.13864565693856,5.701689592911611,0.323,post-control
50000.0,100.0,0.002,152.1994407600739,5.676197433717721,0.323,post-control
50000.0,100.0,0.002,152.20882030899435,5.672528144941095,0.323,post-control
50000.0,100.0,0.002,152.27899496105013,5.6450757519341295,0.323,post-control
50000.0,100.0,0.002,152.34916961310591,5.617623358927164,0.323,post-control
50000.0,100.0,0.002,152.4193442651617,5.590170965920198,0.323,post-control
50000.0,100.0,0.002,152.48951891721748,5.562718572913232,0.323,post-control
50000.0,100.0,0.002,152.55969356927326,5.535266179906266,0.323,post-control
50000.0,100.0,0.002,152.62986822132905,5.5078137868993,0.323,post-control
50000.0,100.0,0.002,152.70004287338483,5.480361393892334,0.323,post-control
50000.0,100.0,0.002,152.77021752544061,5.452909000885368,0.323,post-control
50000.0,100.0,0.002,152.8403921774964,5.425456607878402,0.323,post-control
50000.0,100.0,0.002,152.91056682955218,5.3980042148714364,0.323,post-control
50000.0,100.0,0.002,152.98074148160796,5.3705518218644706,0.323,post-control
50000.0,100.0,0.002,153.05091613366375,5.343099428857505,0.323,post-control
50000.0,100.0,0.002,153.12109078571953,5.315647035850539,0.323,post-control
50000.0,100.0,0.002,153.19126543777531,5.288194642843573,0.323,post-control
50000.0,100.0,0.002,153.1994407600739,5.284996448707586,0.323,post-control
50000.0,100.0,0.002,153.2614400898311,5.2623745998715945,0.323,post-control
50000.0,100.0,0.002,153.33161474188688,5.236769800962614,0.323,post-control
50000.0,100.0,0.002,153.40178939394266,5.211165002053635,0.323,post-control
50000.0,100.0,0.002,153.47196404599845,5.185560203144655,0.323,post-control
50000.0,100.0,0.002,153.54213869805423,5.159955404235675,0.323,post-control
50000.0,100.0,0.002,153.61231335011,5.134350605326695,0.323,post-control
50000.0,100.0,0.002,153.6824880021658,5.108745806417716,0.323,post-control
50000.0,100.0,0.002,153.75266265422158,5.083141007508735,0.323,post-control
50000.0,100.0,0.002,153.82283730627736,5.057536208599756,0.323,post-control
50000.0,100.0,0.002,153.89301195833315,5.031931409690776,0.323,post-control
50000.0,100.0,0.002,153.96318661038893,5.006326610781796,0.323,post-control
50000.0,100.0,0.002,154.0333612624447,4.980721811872816,0.323,post-control
50000.0,100.0,0.002,154.1035359145005,4.955117012963837,0.323,post-control
50000.0,100.0,0.002,154.17371056655628,4.929512214054856,0.323,post-control
50000.0,100.0,0.002,154.1994407600739,4.920123974689104,0.323,post-control
50000.0,100.0,0.002,154.24388521861206,4.905002448949972,0.323,post-control
50000.0,100.0,0.002,154.31405987066785,4.881126630857031,0.323,post-control
50000.0,100.0,0.002,154.38423452272363,4.85725081276409,0.323,post-control
50000.0,100.0,0.002,154.4544091747794,4.833374994671149,0.323,post-control
50000.0,100.0,0.002,154.5245838268352,4.809499176578209,0.323,post-control
50000.0,100.0,0.002,154.59475847889098,4.785623358485267,0.323,post-control
50000.0,100.0,0.002,154.66493313094676,4.761747540392327,0.323,post-control
50000.0,100.0,0.002,154.73510778300255,4.737871722299386,0.323,post-control
50000.0,100.0,0.002,154.80528243505833,4.7139959042064445,0.323,post-control
50000.0,100.0,0.002,154.8754570871141,4.690120086113504,0.323,post-control
50000.0,100.0,0.002,154.9456317391699,4.666244268020563,0.323,post-control
50000.0,100.0,0.002,155.01580639122568,4.6423684499276225,0.323,post-control
50000.0,100.0,0.002,155.08598104328146,4.618492631834681,0.323,post-control
50000.0,100.0,0.002,155.15615569533725,4.594616813741741,0.323,post-control
50000.0,100.0,0.002,155.1994407600739,4.579889753449767,0.323,post-control
50000.0,100.0,0.002,155.22633034739303,4.571360654815602,0.323,post-control
50000.0,100.0,0.002,155.2965049994488,4.549101981898875,0.323,post-control
50000.0,100.0,0.002,155.3666796515046,4.52684330898215,0.323,post-control
50000.0,100.0,0.002,155.43685430356038,4.504584636065424,0.323,post-control
50000.0,100.0,0.002,155.50702895561616,4.482325963148697,0.323,post-control
50000.0,100.0,0.002,155.57720360767195,4.460067290231971,0.323,post-control
50000.0,100.0,0.002,155.64737825972773,4.437808617315245,0.323,post-control
50000.0,100.0,0.002,155.7175529117835,4.415549944398519,0.323,post-control
50000.0,100.0,0.002,155.7877275638393,4.393291271481792,0.323,post-control
50000.0,100.0,0.002,155.85790221589508,4.371032598565066,0.323,post-control
50000.0,100.0,0.002,155.92807686795086,4.348773925648341,0.323,post-control
50000.0,100.0,0.002,155.99825152000665,4.326515252731614,0.323,post-control
50000.0,100.0,0.002,156.06842617206243,4.304256579814888,0.323,post-control
50000.0,100.0,0.002,156.1386008241182,4.2819979068981615,0.323,post-control
50000.0,100.0,0.002,156.1994407600739,4.262700109259836,0.323,post-control
50000.0,100.0,0.002,156.208775476174,4.259940446690102,0.323,post-control
50000.0,100.0,0.002,156.27895012822978,4.239194410222999,0.323,post-control
50000.0,100.0,0.002,156.34912478028556,4.218448373755896,0.323,post-control
50000.0,100.0,0.002,156.41929943234135,4.197702337288792,0.323,post-control
50000.0,100.0,0.002,156.48947408439713,4.176956300821689,0.323,post-control
50000.0,100.0,0.002,156.5596487364529,4.156210264354586,0.323,post-control
50000.0,100.0,0.002,156.6298233885087,4.135464227887483,0.323,post-control
50000.0,100.0,0.002,156.69999804056448,4.114718191420379,0.323,post-control
50000.0,100.0,0.002,156.77017269262026,4.093972154953276,0.323,post-control
50000.0,100.0,0.002,156.84034734467605,4.073226118486173,0.323,post-control
50000.0,100.0,0.002,156.91052199673183,4.05248008201907,0.323,post-control
50000.0,100.0,0.002,156.9806966487876,4.031734045551966,0.323,post-control
50000.0,100.0,0.002,157.0508713008434,4.010988009084863,0.323,post-control
50000.0,100.0,0.002,157.12104595289918,3.99024197261776,0.323,post-control
50000.0,100.0,0.002,157.19122060495496,3.9694959361506568,0.323,post-control
50000.0,100.0,0.002,157.1994407600739,3.967065776073377,0.323,post-control
50000.0,100.0,0.002,157.26139525701075,3.9499982465926187,0.323,post-control
50000.0,100.0,0.002,157.33156990906653,3.930666188356634,0.323,post-control
50000.0,100.0,0.002,157.4017445611223,3.911334130120649,0.323,post-control
50000.0,100.0,0.002,157.4719192131781,3.892002071884664,0.323,post-control
50000.0,100.0,0.002,157.54209386523388,3.8726700136486794,0.323,post-control
50000.0,100.0,0.002,157.61226851728966,3.8533379554126945,0.323,post-control
50000.0,100.0,0.002,157.68244316934545,3.8340058971767097,0.323,post-control
50000.0,100.0,0.002,157.75261782140123,3.814673838940725,0.323,post-control
50000.0,100.0,0.002,157.822792473457,3.7953417807047405,0.323,post-control
50000.0,100.0,0.002,157.8929671255128,3.7760097224687557,0.323,post-control
50000.0,100.0,0.002,157.96314177756858,3.756677664232771,0.323,post-control
50000.0,100.0,0.002,158.03331642962436,3.737345605996786,0.323,post-control
50000.0,100.0,0.002,158.10349108168015,3.718013547760801,0.323,post-control
50000.0,100.0,0.002,158.17366573373593,3.6986814895248163,0.323,post-control
50000.0,100.0,0.002,158.1994407600739,3.691580858519139,0.323,post-control
50000.0,100.0,0.002,158.2438403857917,3.680185098194179,0.323,post-control
50000.0,100.0,0.002,158.3140150378475,3.662173831144363,0.323,post-control
50000.0,100.0,0.002,158.38418968990328,3.644162564094547,0.323,post-control
50000.0,100.0,0.002,158.45436434195906,3.6261512970447316,0.323,post-control
50000.0,100.0,0.002,158.52453899401485,3.6081400299949156,0.323,post-control
50000.0,100.0,0.002,158.59471364607063,3.5901287629451,0.323,post-control
50000.0,100.0,0.002,158.6648882981264,3.572117495895284,0.323,post-control
50000.0,100.0,0.002,158.7350629501822,3.5541062288454683,0.323,post-control
50000.0,100.0,0.002,158.80523760223798,3.5360949617956527,0.323,post-control
50000.0,100.0,0.002,158.87541225429376,3.5180836947458367,0.323,post-control
50000.0,100.0,0.002,158.94558690634955,3.500072427696021,0.323,post-control
50000.0,100.0,0.002,159.01576155840533,3.4820611606462055,0.323,post-control
50000.0,100.0,0.002,159.0859362104611,3.4640498935963895,0.323,post-control
50000.0,100.0,0.002,159.1561108625169,3.446038626546574,0.323,post-control
50000.0,100.0,0.002,159.1994407600739,3.434917426322878,0.323,post-control
50000.0,100.0,0.002,159.22628551457268,3.428499077023767,0.323,post-control
50000.0,100.0,0.002,159.29646016662846,3.411720922883514,0.323,post-control
50000.0,100.0,0.002,159.36663481868425,3.394942768743261,0.323,post-control
50000.0,100.0,0.002,159.43680947074003,3.378164614603008,0.323,post-control
50000.0,100.0,0.002,159.5069841227958,3.361386460462755,0.323,post-control
50000.0,100.0,0.002,159.5771587748516,3.3446083063225016,0.323,post-control
50000.0,100.0,0.002,159.64733342690738,3.3278301521822486,0.323,post-control
50000.0,100.0,0.002,159.71750807896316,3.3110519980419957,0.323,post-control
50000.0,100.0,0.002,159.78768273101895,3.2942738439017427,0.323,post-control
50000.0,100.0,0.002,159.85785738307473,3.2774956897614897,0.323,post-control
50000.0,100.0,0.002,159.9280320351305,3.260717535621237,0.323,post-control
50000.0,100.0,0.002,159.9982066871863,3.2439393814809834,0.323,post-control
50000.0,100.0,0.002,160.06838133924208,3.2271612273407304,0.323,post-control
50000.0,100.0,0.002,160.13855599129786,3.2103830732004774,0.323,post-control
50000.0,100.0,0.002,160.1994407600739,3.195826050039092,0.323,post-control
50000.0,100.0,0.002,160.20873064335365,3.1937573567348214,0.323,post-control
50000.0,100.0,0.002,160.27890529540943,3.178130698308017,0.323,post-control
50000.0,100.0,0.002,160.3490799474652,3.1625040398812128,0.323,post-control
50000.0,100.0,0.002,160.419254599521,3.1468773814544084,0.323,post-control
50000.0,100.0,0.002,160.48942925157678,3.131250723027604,0.323,post-control
50000.0,100.0,0.002,160.55960390363256,3.1156240646007998,0.323,post-control
50000.0,100.0,0.002,160.62977855568835,3.099997406173995,0.323,post-control
50000.0,100.0,0.002,160.69995320774413,3.0843707477471907,0.323,post-control
50000.0,100.0,0.002,160.7701278597999,3.0687440893203863,0.323,post-control
50000.0,100.0,0.002,160.8403025118557,3.053117430893582,0.323,post-control
50000.0,100.0,0.002,160.91047716391148,3.0374907724667777,0.323,post-control
50000.0,100.0,0.002,160.98065181596726,3.0218641140399733,0.323,post-control
50000.0,100.0,0.002,161.05082646802305,3.0062374556131686,0.323,post-control
50000.0,100.0,0.002,161.12100112007883,2.9906107971863642,0.323,post-control
50000.0,100.0,0.002,161.1911757721346,2.97498413875956,0.323,post-control
50000.0,100.0,0.002,161.1994407600739,2.973143671587362,0.323,post-control
50000.0,100.0,0.002,161.2613504241904,2.960305889977595,0.323,post-control
50000.0,100.0,0.002,161.33152507624618,2.9457542546151667,0.323,post-control
50000.0,100.0,0.002,161.40169972830196,2.9312026192527383,0.323,post-control
50000.0,100.0,0.002,161.47187438035775,2.9166509838903094,0.323,post-control
50000.0,100.0,0.002,161.54204903241353,2.902099348527881,0.323,post-control
50000.0,100.0,0.002,161.6122236844693,2.887547713165452,0.323,post-control
50000.0,100.0,0.002,161.6823983365251,2.8729960778030237,0.323,post-control
50000.0,100.0,0.002,161.75257298858088,2.8584444424405953,0.323,post-control
50000.0,100.0,0.002,161.82274764063666,2.8438928070781664,0.323,post-control
50000.0,100.0,0.002,161.89292229269245,2.829341171715738,0.323,post-control
50000.0,100.0,0.002,161.96309694474823,2.814789536353309,0.323,post-control
50000.0,100.0,0.002,162.033271596804,2.8002379009908807,0.323,post-control
50000.0,100.0,0.002,162.1034462488598,2.7856862656284522,0.323,post-control
50000.0,100.0,0.002,162.17362090091558,2.7711346302660234,0.323,post-control
50000.0,100.0,0.002,162.1994407600739,2.7657805435042873,0.323,post-control
50000.0,100.0,0.002,162.24379555297136,2.7572168916395148,0.323,post-control
50000.0,100.0,0.002,162.31397020502715,2.7436681576542914,0.323,post-control
50000.0,100.0,0.002,162.38414485708293,2.7301194236690676,0.323,post-control
50000.0,100.0,0.002,162.4543195091387,2.7165706896838437,0.323,post-control
50000.0,100.0,0.002,162.5244941611945,2.70302195569862,0.323,post-control
50000.0,100.0,0.002,162.59466881325028,2.689473221713396,0.323,post-control
50000.0,100.0,0.002,162.66484346530606,2.6759244877281723,0.323,post-control
50000.0,100.0,0.002,162.73501811736185,2.6623757537429484,0.323,post-control
50000.0,100.0,0.002,162.80519276941763,2.6488270197577246,0.323,post-control
50000.0,100.0,0.002,162.8753674214734,2.6352782857725012,0.323,post-control
50000.0,100.0,0.002,162.9455420735292,2.6217295517872774,0.323,post-control
50000.0,100.0,0.002,163.01571672558498,2.6081808178020536,0.323,post-control
50000.0,100.0,0.002,163.08589137764076,2.5946320838168297,0.323,post-control
50000.0,100.0,0.002,163.15606602969655,2.581083349831606,0.323,post-control
50000.0,100.0,0.002,163.1994407600739,2.5727089202284983,0.323,post-control
50000.0,100.0,0.002,163.22624068175233,2.5678917392610776,0.323,post-control
50000.0,100.0,0.002,163.2964153338081,2.555278120373127,0.323,post-control
50000.0,100.0,0.002,163.3665899858639,2.5426645014851763,0.323,post-control
50000.0,100.0,0.002,163.43676463791968,2.5300508825972257,0.323,post-control
50000.0,100.0,0.002,163.50693928997546,2.5174372637092755,0.323,post-control
50000.0,100.0,0.002,163.57711394203125,2.504823644821325,0.323,post-control
50000.0,100.0,0.002,163.64728859408703,2.492210025933374,0.323,post-control
50000.0,100.0,0.002,163.7174632461428,2.4795964070454235,0.323,post-control
50000.0,100.0,0.002,163.7876378981986,2.466982788157473,0.323,post-control
50000.0,100.0,0.002,163.85781255025438,2.454369169269522,0.323,post-control
50000.0,100.0,0.002,163.92798720231016,2.4417555503815715,0.323,post-control
50000.0,100.0,0.002,163.99816185436595,2.429141931493621,0.323,post-control
50000.0,100.0,0.002,164.06833650642173,2.4165283126056702,0.323,post-control
50000.0,100.0,0.002,164.1385111584775,2.40391469371772,0.323,post-control
50000.0,100.0,0.002,164.1994407600739,2.3929628364442315,0.323,post-control
50000.0,100.0,0.002,164.2086858105333,2.391415935419568,0.323,post-control
50000.0,100.0,0.002,164.27886046258908,2.3796741670379467,0.323,post-control
50000.0,100.0,0.002,164.34903511464486,2.3679323986563254,0.323,post-control
50000.0,100.0,0.002,164.41920976670065,2.3561906302747038,0.323,post-control
50000.0,100.0,0.002,164.48938441875643,2.3444488618930825,0.323,post-control
50000.0,100.0,0.002,164.5595590708122,2.332707093511461,0.323,post-control
50000.0,100.0,0.002,164.629733722868,2.3209653251298397,0.323,post-control
50000.0,100.0,0.002,164.69990837492378,2.3092235567482184,0.323,post-control
50000.0,100.0,0.002,164.77008302697956,2.2974817883665968,0.323,post-control
50000.0,100.0,0.002,164.84025767903535,2.2857400199849756,0.323,post-control
50000.0,100.0,0.002,164.91043233109113,2.273998251603354,0.323,post-control
50000.0,100.0,0.002,164.9806069831469,2.2622564832217327,0.323,post-control
50000.0,100.0,0.002,165.0507816352027,2.2505147148401115,0.323,post-control
50000.0,100.0,0.002,165.12095628725848,2.23877294645849,0.323,post-control
50000.0,100.0,0.002,165.19113093931426,2.2270311780768686,0.323,post-control
50000.0,100.0,0.002,165.1994407600739,2.2256407616259963,0.323,post-control
50000.0,100.0,0.002,165.26130559137005,2.21600635383798,0.323,post-control
50000.0,100.0,0.002,165.33148024342586,2.205077831119611,0.323,post-control
50000.0,100.0,0.002,165.40165489548164,2.1941493084012467,0.323,post-control
50000.0,100.0,0.002,165.47182954753742,2.1832207856828822,0.323,post-control
50000.0,100.0,0.002,165.5420041995932,2.1722922629645174,0.323,post-control
50000.0,100.0,0.002,165.612178851649,2.161363740246153,0.323,post-control
50000.0,100.0,0.002,165.68235350370477,2.1504352175277885,0.323,post-control
50000.0,100.0,0.002,165.75252815576056,2.139506694809424,0.323,post-control
50000.0,100.0,0.002,165.82270280781634,2.1285781720910597,0.323,post-control
50000.0,100.0,0.002,165.89287745987212,2.1176496493726953,0.323,post-control
50000.0,100.0,0.002,165.9630521119279,2.106721126654331,0.323,post-control
50000.0,100.0,0.002,166.0332267639837,2.0957926039359664,0.323,post-control
50000.0,100.0,0.002,166.10340141603947,2.084864081217602,0.323,post-control
50000.0,100.0,0.002,166.17357606809526,2.0739355584992376,0.323,post-control
50000.0,100.0,0.002,166.1994407600739,2.069907567399723,0.323,post-control
50000.0,100.0,0.002,166.24375072015104,2.063485733068089,0.323,post-control
50000.0,100.0,0.002,166.31392537220682,2.053315333704201,0.323,post-control
50000.0,100.0,0.002,166.3841000242626,2.043144934340314,0.323,post-control
50000.0,100.0,0.002,166.4542746763184,2.032974534976426,0.323,post-control
50000.0,100.0,0.002,166.52444932837417,2.022804135612539,0.323,post-control
50000.0,100.0,0.002,166.59462398042996,2.0126337362486515,0.323,post-control
50000.0,100.0,0.002,166.66479863248574,2.0024633368847637,0.323,post-control
50000.0,100.0,0.002,166.73497328454152,1.9922929375208762,0.323,post-control
50000.0,100.0,0.002,166.8051479365973,1.9821225381569887,0.323,post-control
50000.0,100.0,0.002,166.8753225886531,1.9719521387931014,0.323,post-control
50000.0,100.0,0.002,166.94549724070887,1.9617817394292139,0.323,post-control
50000.0,100.0,0.002,167.01567189276466,1.9516113400653263,0.323,post-control
50000.0,100.0,0.002,167.08584654482044,1.9414409407014388,0.323,post-control
50000.0,100.0,0.002,167.15602119687622,1.9312705413375513,0.323,post-control
50000.0,100.0,0.002,167.1994407600739,1.9249777520612326,0.323,post-control
50000.0,100.0,0.002,167.226195848932,1.9213694261524945,0.323,post-control
50000.0,100.0,0.002,167.2963705009878,1.9119053194738527,0.323,post-control
50000.0,100.0,0.002,167.36654515304357,1.9024412127952108,0.323,post-control
50000.0,100.0,0.002,167.43671980509936,1.892977106116569,0.323,post-control
50000.0,100.0,0.002,167.50689445715514,1.8835129994379272,0.323,post-control
50000.0,100.0,0.002,167.57706910921092,1.8740488927592853,0.323,post-control
50000.0,100.0,0.002,167.6472437612667,1.8645847860806435,0.323,post-control
50000.0,100.0,0.002,167.7174184133225,1.8551206794020016,0.323,post-control
50000.0,100.0,0.002,167.78759306537827,1.8456565727233598,0.323,post-control
50000.0,100.0,0.002,167.85776771743406,1.836192466044718,0.323,post-control
50000.0,100.0,0.002,167.92794236948984,1.8267283593660761,0.323,post-control
50000.0,100.0,0.002,167.99811702154562,1.8172642526874343,0.323,post-control
50000.0,100.0,0.002,168.0682916736014,1.8078001460087925,0.323,post-control
50000.0,100.0,0.002,168.1384663256572,1.7983360393301506,0.323,post-control
50000.0,100.0,0.002,168.1994407600739,1.790112720295651,0.323,post-control
50000.0,100.0,0.002,168.20864097771297,1.788958165863091,0.323,post-control
50000.0,100.0,0.002,168.27881562976876,1.7801518029309407,0.323,post-control
50000.0,100.0,0.002,168.34899028182454,1.7713454399987905,0.323,post-control
50000.0,100.0,0.002,168.41916493388032,1.76253907706664,0.323,post-control
50000.0,100.0,0.002,168.4893395859361,1.7537327141344896,0.323,post-control
50000.0,100.0,0.002,168.5595142379919,1.7449263512023392,0.323,post-control
50000.0,100.0,0.002,168.62968889004767,1.736119988270189,0.323,post-control
50000.0,100.0,0.002,168.69986354210346,1.7273136253380386,0.323,post-control
50000.0,100.0,0.002,168.77003819415924,1.7185072624058881,0.323,post-control
50000.0,100.0,0.002,168.84021284621502,1.7097008994737377,0.323,post-control
50000.0,100.0,0.002,168.9103874982708,1.7008945365415873,0.323,post-control
50000.0,100.0,0.002,168.9805621503266,1.692088173609437,0.323,post-control
50000.0,100.0,0.002,169.05073680238237,1.6832818106772867,0.323,post-control
50000.0,100.0,0.002,169.12091145443816,1.6744754477451362,0.323,post-control
50000.0,100.0,0.002,169.19108610649394,1.6656690848129858,0.323,post-control
50000.0,100.0,0.002,169.1994407600739,1.6646206419715575,0.323,post-control
50000.0,100.0,0.002,169.26126075854972,1.6574025073005796,0.323,post-control
50000.0,100.0,0.002,169.3314354106055,1.649208879000413,0.323,post-control
50000.0,100.0,0.002,169.4016100626613,1.6410152507002465,0.323,post-control
50000.0,100.0,0.002,169.47178471471707,1.63282162240008,0.323,post-control
50000.0,100.0,0.002,169.54195936677286,1.6246279940999133,0.323,post-control
50000.0,100.0,0.002,169.61213401882864,1.6164343657997469,0.323,post-control
50000.0,100.0,0.002,169.68230867088442,1.6082407374995804,0.323,post-control
50000.0,100.0,0.002,169.7524833229402,1.600047109199414,0.323,post-control
50000.0,100.0,0.002,169.822657974996,1.5918534808992473,0.323,post-control
50000.0,100.0,0.002,169.89283262705177,1.5836598525990808,0.323,post-control
50000.0,100.0,0.002,169.96300727910756,1.5754662242989144,0.323,post-control
50000.0,100.0,0.002,170.03318193116334,1.5672725959987477,0.323,post-control
50000.0,100.0,0.002,170.10335658321912,1.5590789676985812,0.323,post-control
50000.0,100.0,0.002,170.1735312352749,1.5508853393984148,0.323,post-control
50000.0,100.0,0.002,170.1994407600739,1.5478601300184205,0.323,post-control
50000.0,100.0,0.002,170.2437058873307,1.5430519282690105,0.323,post-control
50000.0,100.0,0.002,170.31388053938647,1.535429361573979,0.323,post-control
50000.0,100.0,0.002,170.38405519144226,1.5278067948789475,0.323,post-control
50000.0,100.0,0.002,170.45422984349804,1.520184228183916,0.323,post-control
50000.0,100.0,0.002,170.52440449555382,1.5125616614888844,0.323,post-control
50000.0,100.0,0.002,170.5945791476096,1.5049390947938528,0.323,post-control
50000.0,100.0,0.002,170.6647537996654,1.4973165280988212,0.323,post-control
50000.0,100.0,0.002,170.73492845172117,1.4896939614037898,0.323,post-control
50000.0,100.0,0.002,170.80510310377696,1.4820713947087583,0.323,post-control
50000.0,100.0,0.002,170.87527775583274,1.4744488280137267,0.323,post-control
50000.0,100.0,0.002,170.94545240788852,1.466826261318695,0.323,post-control
50000.0,100.0,0.002,171.0156270599443,1.4592036946236637,0.323,post-control
50000.0,100.0,0.002,171.0858017120001,1.4515811279286321,0.323,post-control
50000.0,100.0,0.002,171.15597636405587,1.4439585612336006,0.323,post-control
50000.0,100.0,0.002,171.1994407600739,1.4392373371476814,0.323,post-control
50000.0,100.0,0.002,171.22615101611166,1.4365384290963146,0.323,post-control
50000.0,100.0,0.002,171.29632566816744,1.4294477095926308,0.323,post-control
50000.0,100.0,0.002,171.36650032022322,1.4223569900889472,0.323,post-control
50000.0,100.0,0.002,171.436674972279,1.4152662705852634,0.323,post-control
50000.0,100.0,0.002,171.5068496243348,1.4081755510815799,0.323,post-control
50000.0,100.0,0.002,171.57702427639057,1.401084831577896,0.323,post-control
50000.0,100.0,0.002,171.64719892844636,1.3939941120742125,0.323,post-control
50000.0,100.0,0.002,171.71737358050214,1.3869033925705287,0.323,post-control
50000.0,100.0,0.002,171.78754823255792,1.3798126730668452,0.323,post-control
50000.0,100.0,0.002,171.8577228846137,1.3727219535631614,0.323,post-control
50000.0,100.0,0.002,171.9278975366695,1.3656312340594778,0.323,post-control
50000.0,100.0,0.002,171.99807218872527,1.358540514555794,0.323,post-control
50000.0,100.0,0.002,172.06824684078106,1.3514497950521105,0.323,post-control
50000.0,100.0,0.002,172.13842149283684,1.3443590755484267,0.323,post-control
50000.0,100.0,0.002,172.1994407600739,1.3381934516995981,0.323,post-control
50000.0,100.0,0.002,172.20859614489262,1.3373329405145928,0.323,post-control
50000.0,100.0,0.002,172.2787707969484,1.330737251289774,0.323,post-control
50000.0,100.0,0.002,172.3489454490042,1.3241415620649548,0.323,post-control
50000.0,100.0,0.002,172.41912010105997,1.3175458728401357,0.323,post-control
50000.0,100.0,0.002,172.48929475311576,1.3109501836153166,0.323,post-control
50000.0,100.0,0.002,172.55946940517154,1.3043544943904974,0.323,post-control
50000.0,100.0,0.002,172.62964405722732,1.2977588051656785,0.323,post-control
50000.0,100.0,0.002,172.6998187092831,1.2911631159408594,0.323,post-control
50000.0,100.0,0.002,172.7699933613389,1.2845674267160403,0.323,post-control
50000.0,100.0,0.002,172.84016801339467,1.2779717374912212,0.323,post-control
50000.0,100.0,0.002,172.91034266545046,1.271376048266402,0.323,post-control
50000.0,100.0,0.002,172.98051731750624,1.264780359041583,0.323,post-control
50000.0,100.0,0.002,173.05069196956202,1.258184669816764,0.323,post-control
50000.0,100.0,0.002,173.1208666216178,1.251588980591945,0.323,post-control
50000.0,100.0,0.002,173.1910412736736,1.2449932913671258,0.323,post-control
50000.0,100.0,0.002,173.1994407600739,1.244203826790934,0.323,post-control
50000.0,100.0,0.002,173.26121592572937,1.2388031121290635,0.323,post-control
50000.0,100.0,0.002,173.33139057778516,1.2326680695398928,0.323,post-control
50000.0,100.0,0.002,173.40156522984094,1.226533026950722,0.323,post-control
50000.0,100.0,0.002,173.47173988189672,1.2203979843615513,0.323,post-control
50000.0,100.0,0.002,173.5419145339525,1.2142629417723805,0.323,post-control
50000.0,100.0,0.002,173.6120891860083,1.2081278991832098,0.323,post-control
50000.0,100.0,0.002,173.68226383806407,1.201992856594039,0.323,post-control
50000.0,100.0,0.002,173.75243849011986,1.1958578140048683,0.323,post-control
50000.0,100.0,0.002,173.82261314217564,1.1897227714156975,0.323,post-control
50000.0,100.0,0.002,173.89278779423142,1.1835877288265269,0.323,post-control
50000.0,100.0,0.002,173.9629624462872,1.177452686237356,0.323,post-control
50000.0,100.0,0.002,174.033137098343,1.1713176436481854,0.323,post-control
50000.0,100.0,0.002,174.10331175039877,1.1651826010590145,0.323,post-control
50000.0,100.0,0.002,174.17348640245456,1.1590475584698439,0.323,post-control
50000.0,100.0,0.002,174.1994407600739,1.1567784900141465,0.323,post-control
50000.0,100.0,0.002,174.24366105451034,1.1531828003263465,0.323,post-control
50000.0,100.0,0.002,174.31383570656612,1.1474766810895176,0.323,post-control
50000.0,100.0,0.002,174.3840103586219,1.1417705618526888,0.323,post-control
50000.0,100.0,0.002,174.4541850106777,1.13606444261586,0.323,post-control
50000.0,100.0,0.002,174.52435966273347,1.1303583233790313,0.323,post-control
50000.0,100.0,0.002,174.59453431478926,1.1246522041422025,0.323,post-control
50000.0,100.0,0.002,174.66470896684504,1.1189460849053736,0.323,post-control
50000.0,100.0,0.002,174.73488361890082,1.1132399656685448,0.323,post-control
50000.0,100.0,0.002,174.8050582709566,1.107533846431716,0.323,post-control
50000.0,100.0,0.002,174.8752329230124,1.1018277271948873,0.323,post-control
50000.0,100.0,0.002,174.94540757506817,1.0961216079580585,0.323,post-control
50000.0,100.0,0.002,175.01558222712396,1.0904154887212296,0.323,post-control
50000.0,100.0,0.002,175.08575687917974,1.0847093694844008,0.323,post-control
50000.0,100.0,0.002,175.15593153123552,1.079003250247572,0.323,post-control
50000.0,100.0,0.002,175.1994407600739,1.0754653795153173,0.323,post-control
50000.0,100.0,0.002,175.2261061832913,1.073448687624328,0.323,post-control
50000.0,100.0,0.002,175.2962808353471,1.0681414157089297,0.323,post-control
50000.0,100.0,0.002,175.36645548740287,1.0628341437935314,0.323,post-control
50000.0,100.0,0.002,175.43663013945866,1.057526871878133,0.323,post-control
50000.0,100.0,0.002,175.50680479151444,1.0522195999627346,0.323,post-control
50000.0,100.0,0.002,175.57697944357022,1.0469123280473362,0.323,post-control
50000.0,100.0,0.002,175.647154095626,1.0416050561319379,0.323,post-control
50000.0,100.0,0.002,175.7173287476818,1.0362977842165395,0.323,post-control
50000.0,100.0,0.002,175.78750339973757,1.0309905123011411,0.323,post-control
50000.0,100.0,0.002,175.85767805179336,1.0256832403857428,0.323,post-control
50000.0,100.0,0.002,175.92785270384914,1.0203759684703444,0.323,post-control
50000.0,100.0,0.002,175.99802735590492,1.015068696554946,0.323,post-control
50000.0,100.0,0.002,176.0682020079607,1.0097614246395477,0.323,post-control
50000.0,100.0,0.002,176.1383766600165,1.0044541527241493,0.323,post-control
50000.0,100.0,0.002,176.1972273830857,1.000003303584237,0.323,post-control
50000.0,100.0,0.002,176.20855131207227,,0.323,post-control
50000.0,100.0,0.002,176.27872596412806,,0.323,post-control
50000.0,100.0,0.002,176.34890061618384,,0.323,post-control
50000.0,100.0,0.002,176.41907526823962,,0.323,post-control
50000.0,100.0,0.002,176.4892499202954,,0.323,post-control
50000.0,100.0,0.002,176.5594245723512,,0.323,post-control
50000.0,100.0,0.002,176.62959922440697,,0.323,post-control
50000.0,100.0,0.002,176.69977387646276,,0.323,post-control
50000.0,100.0,0.002,176.76994852851854,,0.323,post-control
50000.0,100.0,0.002,176.84012318057432,,0.323,post-control
50000.0,100.0,0.002,176.9102978326301,,0.323,post-control
50000.0,100.0,0.002,176.9804724846859,,0.323,post-control
50000.0,100.0,0.002,177.05064713674167,,0.323,post-control
50000.0,100.0,0.002,177.12082178879746,,0.323,post-control
50000.0,100.0,0.002,177.19099644085324,,0.323,post-control
50000.0,100.0,0.002,177.26117109290902,,0.323,post-control
50000.0,100.0,0.002,177.3313457449648,,0.323,post-control
50000.0,100.0,0.002,177.4015203970206,,0.323,post-control
50000.0,100.0,0.002,177.47169504907637,,0.323,post-control
50000.0,100.0,0.002,177.54186970113216,,0.323,post-control
50000.0,100.0,0.002,177.61204435318794,,0.323,post-control
50000.0,100.0,0.002,177.68221900524372,,0.323,post-control
50000.0,100.0,0.002,177.7523936572995,,0.323,post-control
50000.0,100.0,0.002,177.8225683093553,,0.323,post-control
50000.0,100.0,0.002,177.89274296141107,,0.323,post-control
50000.0,100.0,0.002,177.96291761346686,,0.323,post-control
50000.0,100.0,0.002,178.03309226552264,,0.323,post-control
50000.0,100.0,0.002,178.10326691757842,,0.323,post-control
50000.0,100.0,0.002,178.1734415696342,,0.323,post-control
50000.0,100.0,0.002,178.24361622169,,0.323,post-control
50000.0,100.0,0.002,178.31379087374577,,0.323,post-control
50000.0,100.0,0.002,178.38396552580156,,0.323,post-control
50000.0,100.0,0.002,178.45414017785734,,0.323,post-control
50000.0,100.0,0.002,178.52431482991312,,0.323,post-control
50000.0,100.0,0.002,178.5944894819689,,0.323,post-control
50000.0,100.0,0.002,178.6646641340247,,0.323,post-control
50000.0,100.0,0.002,178.73483878608047,,0.323,post-control
50000.0,100.0,0.002,178.80501343813626,,0.323,post-control
50000.0,100.0,0.002,178.87518809019204,,0.323,post-control
50000.0,100.0,0.002,178.94536274224782,,0.323,post-control
50000.0,100.0,0.002,179.0155373943036,,0.323,post-control
50000.0,100.0,0.002,179.0857120463594,,0.323,post-control
50000.0,100.0,0.002,179.15588669841517,,0.323,post-control
50000.0,100.0,0.002,179.22606135047096,,0.323,post-control
50000.0,100.0,0.002,179.29623600252674,,0.323,post-control
50000.0,100.0,0.002,179.36641065458252,,0.323,post-control
50000.0,100.0,0.002,179.4365853066383,,0.323,post-control
50000.0,100.0,0.002,179.5067599586941,,0.323,post-control
50000.0,100.0,0.002,179.57693461074987,,0.323,post-control
50000.0,100.0,0.002,179.64710926280566,,0.323,post-control
50000.0,100.0,0.002,179.71728391486147,,0.323,post-control
50000.0,100.0,0.002,179.78745856691725,,0.323,post-control
50000.0,100.0,0.002,179.85763321897304,,0.323,post-control
50000.0,100.0,0.002,179.92780787102882,,0.323,post-control
50000.0,100.0,0.002,179.9979825230846,,0.323,post-control
50000.0,100.0,0.002,180.06815717514039,,0.323,post-control
50000.0,100.0,0.002,180.13833182719617,,0.323,post-control
50000.0,100.0,0.002,180.20850647925195,,0.323,post-control
50000.0,100.0,0.002,180.27868113130774,,0.323,post-control
50000.0,100.0,0.002,180.34885578336352,,0.323,post-control
50000.0,100.0,0.002,180.4190304354193,,0.323,post-control
50000.0,100.0,0.002,180.48920508747509,,0.323,post-control
50000.0,100.0,0.002,180.55937973953087,,0.323,post-control
50000.0,100.0,0.002,180.62955439158665,,0.323,post-control
50000.0,100.0,0.002,180.69972904364244,,0.323,post-control
50000.0,100.0,0.002,180.76990369569822,,0.323,post-control
50000.0,100.0,0.002,180.840078347754,,0.323,post-control
50000.0,100.0,0.002,180.91025299980979,,0.323,post-control
50000.0,100.0,0.002,180.98042765186557,,0.323,post-control
50000.0,100.0,0.002,181.05060230392135,,0.323,post-control
50000.0,100.0,0.002,181.12077695597714,,0.323,post-control
50000.0,100.0,0.002,181.19095160803292,,0.323,post-control
50000.0,100.0,0.002,181.2611262600887,,0.323,post-control
50000.0,100.0,0.002,181.33130091214448,,0.323,post-control
50000.0,100.0,0.002,181.40147556420027,,0.323,post-control
50000.0,100.0,0.002,181.47165021625605,,0.323,post-control
50000.0,100.0,0.002,181.54182486831183,,0.323,post-control
50000.0,100.0,0.002,181.61199952036762,,0.323,post-control
50000.0,100.0,0.002,181.6821741724234,,0.323,post-control
50000.0,100.0,0.002,181.75234882447918,,0.323,post-control
50000.0,100.0,0.002,181.82252347653497,,0.323,post-control
50000.0,100.0,0.002,181.89269812859075,,0.323,post-control
50000.0,100.0,0.002,181.96287278064653,,0.323,post-control
50000.0,100.0,0.002,182.03304743270232,,0.323,post-control
50000.0,100.0,0.002,182.1032220847581,,0.323,post-control
50000.0,100.0,0.002,182.17339673681388,,0.323,post-control
50000.0,100.0,0.002,182.24357138886967,,0.323,post-control
50000.0,100.0,0.002,182.31374604092545,,0.323,post-control
50000.0,100.0,0.002,182.38392069298123,,0.323,post-control
50000.0,100.0,0.002,182.45409534503702,,0.323,post-control
50000.0,100.0,0.002,182.5242699970928,,0.323,post-control
50000.0,100.0,0.002,182.59444464914858,,0.323,post-control
50000.0,100.0,0.002,182.66461930120437,,0.323,post-control
50000.0,100.0,0.002,182.73479395326015,,0.323,post-control
50000.0,100.0,0.002,182.80496860531593,,0.323,post-control
50000.0,100.0,0.002,182.87514325737172,,0.323,post-control
50000.0,100.0,0.002,182.9453179094275,,0.323,post-control
50000.0,100.0,0.002,183.01549256148328,,0.323,post-control
50000.0,100.0,0.002,183.08566721353907,,0.323,post-control
50000.0,100.0,0.002,183.15584186559485,,0.323,post-control
50000.0,100.0,0.002,183.22601651765063,,0.323,post-control
50000.0,100.0,0.002,183.29619116970642,,0.323,post-control
50000.0,100.0,0.002,183.3663658217622,,0.323,post-control
50000.0,100.0,0.002,183.43654047381798,,0.323,post-control
50000.0,100.0,0.002,183.50671512587377,,0.323,post-control
50000.0,100.0,0.002,183.57688977792955,,0.323,post-control
50000.0,100.0,0.002,183.64706442998533,,0.323,post-control
50000.0,100.0,0.002,183.71723908204112,,0.323,post-control
50000.0,100.0,0.002,183.7874137340969,,0.323,post-control
50000.0,100.0,0.002,183.85758838615268,,0.323,post-control
50000.0,100.0,0.002,183.92776303820847,,0.323,post-control
50000.0,100.0,0.002,183.99793769026425,,0.323,post-control
50000.0,100.0,0.002,184.06811234232003,,0.323,post-control
50000.0,100.0,0.002,184.13828699437582,,0.323,post-control
50000.0,100.0,0.002,184.2084616464316,,0.323,post-control
50000.0,100.0,0.002,184.27863629848738,,0.323,post-control
50000.0,100.0,0.002,184.34881095054317,,0.323,post-control
50000.0,100.0,0.002,184.41898560259895,,0.323,post-control
50000.0,100.0,0.002,184.48916025465473,,0.323,post-control
50000.0,100.0,0.002,184.55933490671052,,0.323,post-control
50000.0,100.0,0.002,184.6295095587663,,0.323,post-control
50000.0,100.0,0.002,184.69968421082208,,0.323,post-control
50000.0,100.0,0.002,184.76985886287787,,0.323,post-control
50000.0,100.0,0.002,184.84003351493365,,0.323,post-control
50000.0,100.0,0.002,184.91020816698943,,0.323,post-control
50000.0,100.0,0.002,184.98038281904522,,0.323,post-control
50000.0,100.0,0.002,185.050557471101,,0.323,post-control
50000.0,100.0,0.002,185.12073212315678,,0.323,post-control
50000.0,100.0,0.002,185.19090677521257,,0.323,post-control
50000.0,100.0,0.002,185.26108142726835,,0.323,post-control
50000.0,100.0,0.002,185.33125607932413,,0.323,post-control
50000.0,100.0,0.002,185.40143073137992,,0.323,post-control
50000.0,100.0,0.002,185.4716053834357,,0.323,post-control
50000.0,100.0,0.002,185.54178003549148,,0.323,post-control
50000.0,100.0,0.002,185.61195468754727,,0.323,post-control
50000.0,100.0,0.002,185.68212933960305,,0.323,post-control
50000.0,100.0,0.002,185.75230399165883,,0.323,post-control
50000.0,100.0,0.002,185.82247864371462,,0.323,post-control
50000.0,100.0,0.002,185.8926532957704,,0.323,post-control
50000.0,100.0,0.002,185.96282794782618,,0.323,post-control
50000.0,100.0,0.002,186.03300259988197,,0.323,post-control
50000.0,100.0,0.002,186.10317725193775,,0.323,post-control
50000.0,100.0,0.002,186.17335190399353,,0.323,post-control
50000.0,100.0,0.002,186.24352655604932,,0.323,post-control
50000.0,100.0,0.002,186.3137012081051,,0.323,post-control
50000.0,100.0,0.002,186.38387586016088,,0.323,post-control
50000.0,100.0,0.002,186.45405051221667,,0.323,post-control
50000.0,100.0,0.002,186.52422516427245,,0.323,post-control
50000.0,100.0,0.002,186.59439981632823,,0.323,post-control
50000.0,100.0,0.002,186.66457446838402,,0.323,post-control
50000.0,100.0,0.002,186.7347491204398,,0.323,post-control
50000.0,100.0,0.002,186.80492377249558,,0.323,post-control
50000.0,100.0,0.002,186.87509842455137,,0.323,post-control
50000.0,100.0,0.002,186.94527307660715,,0.323,post-control
50000.0,100.0,0.002,187.01544772866293,,0.323,post-control
50000.0,100.0,0.002,187.08562238071872,,0.323,post-control
50000.0,100.0,0.002,187.1557970327745,,0.323,post-control
50000.0,100.0,0.002,187.22597168483028,,0.323,post-control
50000.0,100.0,0.002,187.29614633688607,,0.323,post-control
50000.0,100.0,0.002,187.36632098894185,,0.323,post-control
50000.0,100.0,0.002,187.43649564099763,,0.323,post-control
50000.0,100.0,0.002,187.50667029305342,,0.323,post-control
50000.0,100.0,0.002,187.5768449451092,,0.323,post-control
50000.0,100.0,0.002,187.64701959716498,,0.323,post-control
50000.0,100.0,0.002,187.71719424922077,,0.323,post-control
50000.0,100.0,0.002,187.78736890127655,,0.323,post-control
50000.0,100.0,0.002,187.85754355333233,,0.323,post-control
50000.0,100.0,0.002,187.92771820538812,,0.323,post-control
50000.0,100.0,0.002,187.9978928574439,,0.323,post-control
50000.0,100.0,0.002,188.06806750949968,,0.323,post-control
50000.0,100.0,0.002,188.13824216155547,,0.323,post-control
50000.0,100.0,0.002,188.20841681361125,,0.323,post-control
50000.0,100.0,0.002,188.27859146566703,,0.323,post-control
50000.0,100.0,0.002,188.34876611772282,,0.323,post-control
50000.0,100.0,0.002,188.4189407697786,,0.323,post-control
50000.0,100.0,0.002,188.48911542183438,,0.323,post-control
50000.0,100.0,0.002,188.55929007389017,,0.323,post-control
50000.0,100.0,0.002,188.62946472594595,,0.323,post-control
50000.0,100.0,0.002,188.69963937800173,,0.323,post-control
50000.0,100.0,0.002,188.76981403005752,,0.323,post-control
50000.0,100.0,0.002,188.8399886821133,,0.323,post-control
50000.0,100.0,0.002,188.91016333416908,,0.323,post-control
50000.0,100.0,0.002,188.98033798622487,,0.323,post-control
50000.0,100.0,0.002,189.05051263828065,,0.323,post-control
50000.0,100.0,0.002,189.12068729033643,,0.323,post-control
50000.0,100.0,0.002,189.19086194239222,,0.323,post-control
50000.0,100.0,0.002,189.261036594448,,0.323,post-control
50000.0,100.0,0.002,189.33121124650378,,0.323,post-control
50000.0,100.0,0.002,189.40138589855957,,0.323,post-control
50000.0,100.0,0.002,189.47156055061535,,0.323,post-control
50000.0,100.0,0.002,189.54173520267113,,0.323,post-control
50000.0,100.0,0.002,189.61190985472692,,0.323,post-control
50000.0,100.0,0.002,189.6820845067827,,0.323,post-control
50000.0,100.0,0.002,189.75225915883848,,0.323,post-control
50000.0,100.0,0.002,189.82243381089427,,0.323,post-control
50000.0,100.0,0.002,189.89260846295005,,0.323,post-control
50000.0,100.0,0.002,189.96278311500583,,0.323,post-control
50000.0,100.0,0.002,190.03295776706162,,0.323,post-control
50000.0,100.0,0.002,190.1031324191174,,0.323,post-control
50000.0,100.0,0.002,190.17330707117318,,0.323,post-control
50000.0,100.0,0.002,190.24348172322897,,0.323,post-control
50000.0,100.0,0.002,190.31365637528475,,0.323,post-control
50000.0,100.0,0.002,190.38383102734053,,0.323,post-control
50000.0,100.0,0.002,190.45400567939632,,0.323,post-control
50000.0,100.0,0.002,190.5241803314521,,0.323,post-control
50000.0,100.0,0.002,190.59435498350788,,0.323,post-control
50000.0,100.0,0.002,190.66452963556367,,0.323,post-control
50000.0,100.0,0.002,190.73470428761945,,0.323,post-control
50000.0,100.0,0.002,190.80487893967523,,0.323,post-control
50000.0,100.0,0.002,190.87505359173102,,0.323,post-control
50000.0,100.0,0.002,190.9452282437868,,0.323,post-control
50000.0,100.0,0.002,191.01540289584258,,0.323,post-control
50000.0,100.0,0.002,191.08557754789837,,0.323,post-control
50000.0,100.0,0.002,191.15575219995415,,0.323,post-control
50000.0,100.0,0.002,191.22592685200993,,0.323,post-control
50000.0,100.0,0.002,191.29610150406572,,0.323,post-control
50000.0,100.0,0.002,191.3662761561215,,0.323,post-control
50000.0,100.0,0.002,191.43645080817728,,0.323,post-control
50000.0,100.0,0.002,191.50662546023307,,0.323,post-control
50000.0,100.0,0.002,191.57680011228885,,0.323,post-control
50000.0,100.0,0.002,191.64697476434463,,0.323,post-control
50000.0,100.0,0.002,191.71714941640042,,0.323,post-control
50000.0,100.0,0.002,191.7873240684562,,0.323,post-control
50000.0,100.0,0.002,191.85749872051198,,0.323,post-control
50000.0,100.0,0.002,191.92767337256777,,0.323,post-control
50000.0,100.0,0.002,191.99784802462355,,0.323,post-control
50000.0,100.0,0.002,192.06802267667933,,0.323,post-control
50000.0,100.0,0.002,192.13819732873512,,0.323,post-control
50000.0,100.0,0.002,192.2083719807909,,0.323,post-control
50000.0,100.0,0.002,192.27854663284668,,0.323,post-control
50000.0,100.0,0.002,192.34872128490247,,0.323,post-control
50000.0,100.0,0.002,192.41889593695825,,0.323,post-control
50000.0,100.0,0.002,192.48907058901403,,0.323,post-control
50000.0,100.0,0.002,192.55924524106982,,0.323,post-control
50000.0,100.0,0.002,192.6294198931256,,0.323,post-control
50000.0,100.0,0.002,192.69959454518138,,0.323,post-control
50000.0,100.0,0.002,192.76976919723717,,0.323,post-control
50000.0,100.0,0.002,192.83994384929295,,0.323,post-control
50000.0,100.0,0.002,192.91011850134873,,0.323,post-control
50000.0,100.0,0.002,192.98029315340452,,0.323,post-control
50000.0,100.0,0.002,193.0504678054603,,0.323,post-control
50000.0,100.0,0.002,193.12064245751608,,0.323,post-control
50000.0,100.0,0.002,193.19081710957187,,0.323,post-control
50000.0,100.0,0.002,193.26099176162765,,0.323,post-control
50000.0,100.0,0.002,193.33116641368343,,0.323,post-control
50000.0,100.0,0.002,193.40134106573922,,0.323,post-control
50000.0,100.0,0.002,193.471515717795,,0.323,post-control
50000.0,100.0,0.002,193.54169036985078,,0.323,post-control
50000.0,100.0,0.002,193.61186502190657,,0.323,post-control
50000.0,100.0,0.002,193.68203967396235,,0.323,post-control
50000.0,100.0,0.002,193.75221432601813,,0.323,post-control
50000.0,100.0,0.002,193.82238897807392,,0.323,post-control
50000.0,100.0,0.002,193.8925636301297,,0.323,post-control
50000.0,100.0,0.002,193.96273828218548,,0.323,post-control
50000.0,100.0,0.002,194.0329129342413,,0.323,post-control
50000.0,100.0,0.002,194.10308758629708,,0.323,post-control
50000.0,100.0,0.002,194.17326223835286,,0.323,post-control
50000.0,100.0,0.002,194.24343689040865,,0.323,post-control
50000.0,100.0,0.002,194.31361154246443,,0.323,post-control
50000.0,100.0,0.002,194.3837861945202,,0.323,post-control
50000.0,100.0,0.002,194.453960846576,,0.323,post-control
50000.0,100.0,0.002,194.52413549863178,,0.323,post-control
50000.0,100.0,0.002,194.59431015068756,,0.323,post-control
50000.0,100.0,0.002,194.66448480274335,,0.323,post-control
50000.0,100.0,0.002,194.73465945479913,,0.323,post-control
50000.0,100.0,0.002,194.8048341068549,,0.323,post-control
50000.0,100.0,0.002,194.8750087589107,,0.323,post-control
50000.0,100.0,0.002,194.94518341096648,,0.323,post-control
50000.0,100.0,0.002,195.01535806302226,,0.323,post-control
50000.0,100.0,0.002,195.08553271507805,,0.323,post-control
50000.0,100.0,0.002,195.15570736713383,,0.323,post-control
50000.0,100.0,0.002,195.2258820191896,,0.323,post-control
50000.0,100.0,0.002,195.2960566712454,,0.323,post-control
50000.0,100.0,0.002,195.36623132330118,,0.323,post-control
50000.0,100.0,0.002,195.43640597535696,,0.323,post-control
50000.0,100.0,0.002,195.50658062741275,,0.323,post-control
50000.0,100.0,0.002,195.57675527946853,,0.323,post-control
50000.0,100.0,0.002,195.6469299315243,,0.323,post-control
50000.0,100.0,0.002,195.7171045835801,,0.323,post-control
50000.0,100.0,0.002,195.78727923563588,,0.323,post-control
50000.0,100.0,0.002,195.85745388769166,,0.323,post-control
50000.0,100.0,0.002,195.92762853974745,,0.323,post-control
50000.0,100.0,0.002,195.99780319180323,,0.323,post-control
50000.0,100.0,0.002,196.067977843859,,0.323,post-control
50000.0,100.0,0.002,196.1381524959148,,0.323,post-control
50000.0,100.0,0.002,196.20832714797058,,0.323,post-control
50000.0,100.0,0.002,196.27850180002636,,0.323,post-control
50000.0,100.0,0.002,196.34867645208215,,0.323,post-control
50000.0,100.0,0.002,196.41885110413793,,0.323,post-control
50000.0,100.0,0.002,196.4890257561937,,0.323,post-control
50000.0,100.0,0.002,196.5592004082495,,0.323,post-control
50000.0,100.0,0.002,196.62937506030528,,0.323,post-control
50000.0,100.0,0.002,196.69954971236106,,0.323,post-control
50000.0,100.0,0.002,196.76972436441685,,0.323,post-control
50000.0,100.0,0.002,196.83989901647263,,0.323,post-control
50000.0,100.0,0.002,196.9100736685284,,0.323,post-control
50000.0,100.0,0.002,196.9802483205842,,0.323,post-control
50000.0,100.0,0.002,197.05042297263998,,0.323,post-control
50000.0,100.0,0.002,197.12059762469576,,0.323,post-control
50000.0,100.0,0.002,197.19077227675155,,0.323,post-control
50000.0,100.0,0.002,197.26094692880733,,0.323,post-control
50000.0,100.0,0.002,197.3311215808631,,0.323,post-control
50000.0,100.0,0.002,197.4012962329189,,0.323,post-control
50000.0,100.0,0.002,197.47147088497468,,0.323,post-control
50000.0,100.0,0.002,197.54164553703046,,0.323,post-control
50000.0,100.0,0.002,197.61182018908625,,0.323,post-control
50000.0,100.0,0.002,197.68199484114203,,0.323,post-control
50000.0,100.0,0.002,197.7521694931978,,0.323,post-control
50000.0,100.0,0.002,197.8223441452536,,0.323,post-control
50000.0,100.0,0.002,197.89251879730938,,0.323,post-control
50000.0,100.0,0.002,197.96269344936516,,0.323,post-control
50000.0,100.0,0.002,198.03286810142095,,0.323,post-control
50000.0,100.0,0.002,198.10304275347673,,0.323,post-control
50000.0,100.0,0.002,198.1732174055325,,0.323,post-control
50000.0,100.0,0.002,198.2433920575883,,0.323,post-control
50000.0,100.0,0.002,198.31356670964408,,0.323,post-control
50000.0,100.0,0.002,198.38374136169986,,0.323,post-control
50000.0,100.0,0.002,198.45391601375565,,0.323,post-control
50000.0,100.0,0.002,198.52409066581143,,0.323,post-control
50000.0,100.0,0.002,198.5942653178672,,0.323,post-control
50000.0,100.0,0.002,198.664439969923,,0.323,post-control
50000.0,100.0,0.002,198.73461462197878,,0.323,post-control
50000.0,100.0,0.002,198.80478927403456,,0.323,post-control
50000.0,100.0,0.002,198.87496392609035,,0.323,post-control
50000.0,100.0,0.002,198.94513857814613,,0.323,post-control
50000.0,100.0,0.002,199.0153132302019,,0.323,post-control
50000.0,100.0,0.002,199.0854878822577,,0.323,post-control
50000.0,100.0,0.002,199.15566253431348,,0.323,post-control
50000.0,100.0,0.002,199.22583718636926,,0.323,post-control
50000.0,100.0,0.002,199.29601183842504,,0.323,post-control
50000.0,100.0,0.002,199.36618649048083,,0.323,post-control
50000.0,100.0,0.002,199.4363611425366,,0.323,post-control
50000.0,100.0,0.002,199.5065357945924,,0.323,post-control
50000.0,100.0,0.002,199.57671044664818,,0.323,post-control
50000.0,100.0,0.002,199.64688509870396,,0.323,post-control
50000.0,100.0,0.002,199.71705975075974,,0.323,post-control
50000.0,100.0,0.002,199.78723440281553,,0.323,post-control
50000.0,100.0,0.002,199.8574090548713,,0.323,post-control
50000.0,100.0,0.002,199.9275837069271,,0.323,post-control
50000.0,100.0,0.002,199.99775835898288,,0.323,post-control
50000.0,100.0,0.002,200.06793301103866,,0.323,post-control
50000.0,100.0,0.002,200.13810766309444,,0.323,post-control
50000.0,100.0,0.002,200.20828231515023,,0.323,post-control
50000.0,100.0,0.002,200.278456967206,,0.323,post-control
50000.0,100.0,0.002,200.3486316192618,,0.323,post-control
50000.0,100.0,0.002,200.41880627131758,,0.323,post-control
50000.0,100.0,0.002,200.48898092337336,,0.323,post-control
50000.0,100.0,0.002,200.55915557542914,,0.323,post-control
50000.0,100.0,0.002,200.62933022748493,,0.323,post-control
50000.0,100.0,0.002,200.6995048795407,,0.323,post-control
50000.0,100.0,0.002,200.7696795315965,,0.323,post-control
50000.0,100.0,0.002,200.83985418365228,,0.323,post-control
50000.0,100.0,0.002,200.91002883570806,,0.323,post-control
50000.0,100.0,0.002,200.98020348776384,,0.323,post-control
50000.0,100.0,0.002,201.05037813981963,,0.323,post-control
50000.0,100.0,0.002,201.1205527918754,,0.323,post-control
50000.0,100.0,0.002,201.1907274439312,,0.323,post-control
50000.0,100.0,0.002,201.26090209598698,,0.323,post-control
50000.0,100.0,0.002,201.33107674804276,,0.323,post-control
50000.0,100.0,0.002,201.40125140009854,,0.323,post-control
50000.0,100.0,0.002,201.47142605215433,,0.323,post-control
50000.0,100.0,0.002,201.5416007042101,,0.323,post-control
50000.0,100.0,0.002,201.6117753562659,,0.323,post-control
50000.0,100.0,0.002,201.68195000832168,,0.323,post-control
50000.0,100.0,0.002,201.75212466037746,,0.323,post-control
50000.0,100.0,0.002,201.82229931243324,,0.323,post-control
50000.0,100.0,0.002,201.89247396448903,,0.323,post-control
50000.0,100.0,0.002,201.9626486165448,,0.323,post-control
50000.0,100.0,0.002,202.0328232686006,,0.323,post-control
50000.0,100.0,0.002,202.10299792065638,,0.323,post-control
50000.0,100.0,0.002,202.17317257271216,,0.323,post-control
50000.0,100.0,0.002,202.24334722476794,,0.323,post-control
50000.0,100.0,0.002,202.31352187682373,,0.323,post-control
50000.0,100.0,0.002,202.3836965288795,,0.323,post-control
50000.0,100.0,0.002,202.4538711809353,,0.323,post-control
50000.0,100.0,0.002,202.52404583299108,,0.323,post-control
50000.0,100.0,0.002,202.59422048504686,,0.323,post-control
50000.0,100.0,0.002,202.66439513710264,,0.323,post-control
50000.0,100.0,0.002,202.73456978915843,,0.323,post-control
50000.0,100.0,0.002,202.8047444412142,,0.323,post-control
50000.0,100.0,0.002,202.87491909327,,0.323,post-control
50000.0,100.0,0.002,202.94509374532578,,0.323,post-control
50000.0,100.0,0.002,203.01526839738156,,0.323,post-control
50000.0,100.0,0.002,203.08544304943734,,0.323,post-control
50000.0,100.0,0.002,203.15561770149313,,0.323,post-control
50000.0,100.0,0.002,203.2257923535489,,0.323,post-control
50000.0,100.0,0.002,203.2959670056047,,0.323,post-control
50000.0,100.0,0.002,203.36614165766048,,0.323,post-control
50000.0,100.0,0.002,203.43631630971626,,0.323,post-control
50000.0,100.0,0.002,203.50649096177204,,0.323,post-control
50000.0,100.0,0.002,203.57666561382783,,0.323,post-control
50000.0,100.0,0.002,203.6468402658836,,0.323,post-control
50000.0,100.0,0.002,203.7170149179394,,0.323,post-control
50000.0,100.0,0.002,203.78718956999518,,0.323,post-control
50000.0,100.0,0.002,203.85736422205096,,0.323,post-control
50000.0,100.0,0.002,203.92753887410674,,0.323,post-control
50000.0,100.0,0.002,203.99771352616253,,0.323,post-control
50000.0,100.0,0.002,204.0678881782183,,0.323,post-control
50000.0,100.0,0.002,204.1380628302741,,0.323,post-control
50000.0,100.0,0.002,204.20823748232988,,0.323,post-control
50000.0,100.0,0.002,204.27841213438566,,0.323,post-control
50000.0,100.0,0.002,204.34858678644144,,0.323,post-control
50000.0,100.0,0.002,204.41876143849723,,0.323,post-control
50000.0,100.0,0.002,204.488936090553,,0.323,post-control
50000.0,100.0,0.002,204.5591107426088,,0.323,post-control
50000.0,100.0,0.002,204.62928539466458,,0.323,post-control
50000.0,100.0,0.002,204.69946004672036,,0.323,post-control
50000.0,100.0,0.002,204.76963469877614,,0.323,post-control
50000.0,100.0,0.002,204.83980935083193,,0.323,post-control
50000.0,100.0,0.002,204.9099840028877,,0.323,post-control
50000.0,100.0,0.002,204.9801586549435,,0.323,post-control
50000.0,100.0,0.002,205.05033330699928,,0.323,post-control
50000.0,100.0,0.002,205.12050795905506,,0.323,post-control
50000.0,100.0,0.002,205.19068261111084,,0.323,post-control
50000.0,100.0,0.002,205.26085726316663,,0.323,post-control
50000.0,100.0,0.002,205.3310319152224,,0.323,post-control
50000.0,100.0,0.002,205.4012065672782,,0.323,post-control
50000.0,100.0,0.002,205.47138121933398,,0.323,post-control
50000.0,100.0,0.002,205.54155587138976,,0.323,post-control
50000.0,100.0,0.002,205.61173052344554,,0.323,post-control
50000.0,100.0,0.002,205.68190517550133,,0.323,post-control
50000.0,100.0,0.002,205.7520798275571,,0.323,post-control
50000.0,100.0,0.002,205.8222544796129,,0.323,post-control
50000.0,100.0,0.002,205.89242913166868,,0.323,post-control
50000.0,100.0,0.002,205.96260378372446,,0.323,post-control
50000.0,100.0,0.002,206.03277843578024,,0.323,post-control
50000.0,100.0,0.002,206.10295308783603,,0.323,post-control
50000.0,100.0,0.002,206.1731277398918,,0.323,post-control
50000.0,100.0,0.002,206.2433023919476,,0.323,post-control
50000.0,100.0,0.002,206.31347704400338,,0.323,post-control
50000.0,100.0,0.002,206.38365169605916,,0.323,post-control
50000.0,100.0,0.002,206.45382634811494,,0.323,post-control
50000.0,100.0,0.002,206.52400100017073,,0.323,post-control
50000.0,100.0,0.002,206.5941756522265,,0.323,post-control
50000.0,100.0,0.002,206.6643503042823,,0.323,post-control
50000.0,100.0,0.002,206.73452495633808,,0.323,post-control
50000.0,100.0,0.002,206.80469960839386,,0.323,post-control
50000.0,100.0,0.002,206.87487426044964,,0.323,post-control
50000.0,100.0,0.002,206.94504891250543,,0.323,post-control
50000.0,100.0,0.002,207.0152235645612,,0.323,post-control
50000.0,100.0,0.002,207.085398216617,,0.323,post-control
50000.0,100.0,0.002,207.15557286867278,,0.323,post-control
50000.0,100.0,0.002,207.22574752072856,,0.323,post-control
50000.0,100.0,0.002,207.29592217278434,,0.323,post-control
50000.0,100.0,0.002,207.36609682484013,,0.323,post-control
50000.0,100.0,0.002,207.4362714768959,,0.323,post-control
50000.0,100.0,0.002,207.5064461289517,,0.323,post-control
50000.0,100.0,0.002,207.57662078100748,,0.323,post-control
50000.0,100.0,0.002,207.64679543306326,,0.323,post-control
50000.0,100.0,0.002,207.71697008511904,,0.323,post-control
50000.0,100.0,0.002,207.78714473717483,,0.323,post-control
50000.0,100.0,0.002,207.8573193892306,,0.323,post-control
50000.0,100.0,0.002,207.9274940412864,,0.323,post-control
50000.0,100.0,0.002,207.99766869334218,,0.323,post-control
50000.0,100.0,0.002,208.06784334539796,,0.323,post-control
50000.0,100.0,0.002,208.13801799745374,,0.323,post-control
50000.0,100.0,0.002,208.20819264950953,,0.323,post-control
50000.0,100.0,0.002,208.2783673015653,,0.323,post-control
50000.0,100.0,0.002,208.3485419536211,,0.323,post-control
50000.0,100.0,0.002,208.4187166056769,,0.323,post-control
50000.0,100.0,0.002,208.4888912577327,,0.323,post-control
50000.0,100.0,0.002,208.55906590978847,,0.323,post-control
50000.0,100.0,0.002,208.62924056184426,,0.323,post-control
50000.0,100.0,0.002,208.69941521390004,,0.323,post-control
50000.0,100.0,0.002,208.76958986595582,,0.323,post-control
50000.0,100.0,0.002,208.8397645180116,,0.323,post-control
50000.0,100.0,0.002,208.9099391700674,,0.323,post-control
50000.0,100.0,0.002,208.98011382212317,,0.323,post-control
50000.0,100.0,0.002,209.05028847417896,,0.323,post-control
50000.0,100.0,0.002,209.12046312623474,,0.323,post-control
50000.0,100.0,0.002,209.19063777829052,,0.323,post-control
50000.0,100.0,0.002,209.2608124303463,,0.323,post-control
50000.0,100.0,0.002,209.3309870824021,,0.323,post-control
50000.0,100.0,0.002,209.40116173445787,,0.323,post-control
50000.0,100.0,0.002,209.47133638651366,,0.323,post-control
50000.0,100.0,0.002,209.54151103856944,,0.323,post-control
50000.0,100.0,0.002,209.61168569062522,,0.323,post-control
50000.0,100.0,0.002,209.681860342681,,0.323,post-control
50000.0,100.0,0.002,209.7520349947368,,0.323,post-control
50000.0,100.0,0.002,209.82220964679257,,0.323,post-control
50000.0,100.0,0.002,209.89238429884836,,0.323,post-control
50000.0,100.0,0.002,209.96255895090414,,0.323,post-control
50000.0,100.0,0.002,210.03273360295992,,0.323,post-control
50000.0,100.0,0.002,210.1029082550157,,0.323,post-control
50000.0,100.0,0.002,210.1730829070715,,0.323,post-control
50000.0,100.0,0.002,210.24325755912727,,0.323,post-control
50000.0,100.0,0.002,210.31343221118306,,0.323,post-control
50000.0,100.0,0.002,210.38360686323884,,0.323,post-control
50000.0,100.0,0.002,210.4537815152946,,0.323,post-control
60000.0,100.0,0.0016666666666666668,0.0,0.0012495375783158943,0.323,pre-control
60000.0,100.0,0.0016666666666666668,0.024936268147578225,0.0012814603507655992,0.323,pre-control
60000.0,100.0,0.0016666666666666668,0.04987253629515645,0.00131419872116874,0.323,pre-control
60000.0,100.0,0.0016666666666666668,0.07017465205578347,0.0013415339635777985,0.323,pre-control
60000.0,100.0,0.0016666666666666668,0.07480880444273467,0.0013477734944893254,0.323,pre-control
60000.0,100.0,0.0016666666666666668,0.0997450725903129,0.0013822059905466018,0.323,pre-control
60000.0,100.0,0.0016666666666666668,0.12468134073789112,0.0014175181137287877,0.323,pre-control
60000.0,100.0,0.0016666666666666668,0.14034930411156693,0.0014402722552482945,0.323,pre-control
60000.0,100.0,0.0016666666666666668,0.14961760888546935,0.0014537323529930737,0.323,pre-control
60000.0,100.0,0.0016666666666666668,0.1745538770330476,0.001490871781865623,0.323,pre-control
60000.0,100.0,0.0016666666666666668,0.1994901451806258,0.0015289600584415708,0.323,pre-control
60000.0,100.0,0.0016666666666666668,0.2105239561673504,0.0015462439494065873,0.323,pre-control
60000.0,100.0,0.0016666666666666668,0.224426413328204,0.001568021425385024,0.323,pre-control
60000.0,100.0,0.0016666666666666668,0.24936268147578225,0.0016080807379974893,0.323,pre-control
60000.0,100.0,0.0016666666666666668,0.2742989496233605,0.0016491635300935662,0.323,pre-control
60000.0,100.0,0.0016666666666666668,0.28069860822313386,0.0016599763995027693,0.323,pre-control
60000.0,100.0,0.0016666666666666668,0.2992352177709387,0.0016912958730660778,0.323,pre-control
60000.0,100.0,0.0016666666666666668,0.3241714859185169,0.0017345045448546284,0.323,pre-control
60000.0,100.0,0.0016666666666666668,0.3491077540660952,0.0017788170490576065,0.323,pre-control
60000.0,100.0,0.0016666666666666668,0.3508732602789173,0.0017820345579051908,0.323,pre-control
60000.0,100.0,0.0016666666666666668,0.3740440222136734,0.0018242616149321828,0.323,pre-control
60000.0,100.0,0.0016666666666666668,0.3989802903612516,0.0018708671973943118,0.323,pre-control
60000.0,100.0,0.0016666666666666668,0.4210479123347008,0.001913165035396643,0.323,pre-control
60000.0,100.0,0.0016666666666666668,0.4239165585088298,0.0019186634770187309,0.323,pre-control
60000.0,100.0,0.0016666666666666668,0.448852826656408,0.0019676808600389605,0.323,pre-control
60000.0,100.0,0.0016666666666666668,0.4737890948039863,0.0020179505669293326,0.323,pre-control
60000.0,100.0,0.0016666666666666668,0.4912225643904843,0.002053993060974926,0.323,pre-control
60000.0,100.0,0.0016666666666666668,0.4987253629515645,0.0020695045786978503,0.323,pre-control
60000.0,100.0,0.0016666666666666668,0.5236616310991428,0.002122375629924231,0.323,pre-control
60000.0,100.0,0.0016666666666666668,0.548597899246721,0.0021765973524474967,0.323,pre-control
60000.0,100.0,0.0016666666666666668,0.5613972164462677,0.0022051393397208817,0.323,pre-control
60000.0,100.0,0.0016666666666666668,0.5735341673942992,0.002232204275615171,0.323,pre-control
60000.0,100.0,0.0016666666666666668,0.5984704355418774,0.0022892318262832797,0.323,pre-control
60000.0,100.0,0.0016666666666666668,0.6234067036894556,0.0023477163288163493,0.323,pre-control
60000.0,100.0,0.0016666666666666668,0.6315718685020512,0.0023673558263584897,0.323,pre-control
60000.0,100.0,0.0016666666666666668,0.6483429718370338,0.0024076950050874084,0.323,pre-control
60000.0,100.0,0.0016666666666666668,0.673279239984612,0.00246920602603141,0.323,pre-control
60000.0,100.0,0.0016666666666666668,0.6982155081321904,0.002532288563766623,0.323,pre-control
60000.0,100.0,0.0016666666666666668,0.7017465205578346,0.002541449345394927,0.323,pre-control
60000.0,100.0,0.0016666666666666668,0.7231517762797686,0.0025969826740070085,0.323,pre-control
60000.0,100.0,0.0016666666666666668,0.7480880444273468,0.002663329501343632,0.323,pre-control
60000.0,100.0,0.0016666666666666668,0.7719211726136181,0.0027283612322729625,0.323,pre-control
60000.0,100.0,0.0016666666666666668,0.773024312574925,0.002731371290397956,0.323,pre-control
60000.0,100.0,0.0016666666666666668,0.7979605807225032,0.002801151385821839,0.323,pre-control
60000.0,100.0,0.0016666666666666668,0.8228968488700814,0.002872714232297535,0.323,pre-control
60000.0,100.0,0.0016666666666666668,0.8420958246694016,0.002929219670698114,0.323,pre-control
60000.0,100.0,0.0016666666666666668,0.8478331170176596,0.002946105374537695,0.323,pre-control
60000.0,100.0,0.0016666666666666668,0.8727693851652378,0.0030213715290208034,0.323,pre-control
60000.0,100.0,0.0016666666666666668,0.897705653312816,0.003098560602730837,0.323,pre-control
60000.0,100.0,0.0016666666666666668,0.912270476725185,0.003144797124640634,0.323,pre-control
60000.0,100.0,0.0016666666666666668,0.9226419214603944,0.003177721624866879,0.323,pre-control
60000.0,100.0,0.0016666666666666668,0.9475781896079726,0.003258904956128149,0.323,pre-control
60000.0,100.0,0.0016666666666666668,0.9725144577555508,0.0033421622938755247,0.323,pre-control
60000.0,100.0,0.0016666666666666668,0.9824451287809686,0.0033761659453502403,0.323,pre-control
60000.0,100.0,0.0016666666666666668,0.997450725903129,0.0034275466721315384,0.323,pre-control
60000.0,100.0,0.0016666666666666668,1.0223869940507073,0.003515112461580378,0.323,pre-control
60000.0,100.0,0.0016666666666666668,1.0473232621982855,0.003604915376183695,0.323,pre-control
60000.0,100.0,0.0016666666666666668,1.052619780836752,0.003624477034875207,0.323,pre-control
60000.0,100.0,0.0016666666666666668,1.0722595303458637,0.003697012619644767,0.323,pre-control
60000.0,100.0,0.0016666666666666668,1.097195798493442,0.003791462720713825,0.323,pre-control
60000.0,100.0,0.0016666666666666668,1.1221320666410202,0.00388832572615705,0.323,pre-control
60000.0,100.0,0.0016666666666666668,1.1227944328925354,0.0038909643668766964,0.323,pre-control
60000.0,100.0,0.0016666666666666668,1.1470683347885984,0.003987663294125966,0.323,pre-control
60000.0,100.0,0.0016666666666666668,1.1720046029361766,0.004089538694157438,0.323,pre-control
60000.0,100.0,0.0016666666666666668,1.192969084948319,0.004177375795845178,0.323,pre-control
60000.0,100.0,0.0016666666666666668,1.1969408710837548,0.004194016807173679,0.323,pre-control
60000.0,100.0,0.0016666666666666668,1.221877139231333,0.004301164125482241,0.323,pre-control
60000.0,100.0,0.0016666666666666668,1.2468134073789112,0.004411048868532866,0.323,pre-control
60000.0,100.0,0.0016666666666666668,1.2631437370041023,0.004484848945658858,0.323,pre-control
60000.0,100.0,0.0016666666666666668,1.2717496755264894,0.00452374093016075,0.323,pre-control
60000.0,100.0,0.0016666666666666668,1.2966859436740676,0.0046393119354606405,0.323,pre-control
60000.0,100.0,0.0016666666666666668,1.3216222118216459,0.004757835437783485,0.323,pre-control
60000.0,100.0,0.0016666666666666668,1.3333183890598859,0.004814848285864098,0.323,pre-control
60000.0,100.0,0.0016666666666666668,1.346558479969224,0.004879386918975748,0.323,pre-control
60000.0,100.0,0.0016666666666666668,1.3714947481168023,0.005004043789379412,0.323,pre-control
60000.0,100.0,0.0016666666666666668,1.3964310162643807,0.0051318853878319776,0.323,pre-control
60000.0,100.0,0.0016666666666666668,1.4034930411156692,0.005169015481155378,0.323,pre-control
60000.0,100.0,0.0016666666666666668,1.421367284411959,0.005262993105937497,0.323,pre-control
60000.0,100.0,0.0016666666666666668,1.4463035525595371,0.005397450334742052,0.323,pre-control
60000.0,100.0,0.0016666666666666668,1.4712398207071153,0.0055353425479106,0.323,pre-control
60000.0,100.0,0.0016666666666666668,1.4736676931714527,0.00554911114769288,0.323,pre-control
60000.0,100.0,0.0016666666666666668,1.4961760888546936,0.005676757511517978,0.323,pre-control
60000.0,100.0,0.0016666666666666668,1.5211123570022718,0.0058217852842271335,0.323,pre-control
60000.0,100.0,0.0016666666666666668,1.5438423452272363,0.005957358810993677,0.323,pre-control
60000.0,100.0,0.0016666666666666668,1.54604862514985,0.00597051821728912,0.323,pre-control
60000.0,100.0,0.0016666666666666668,1.5709848932974282,0.006123050962371413,0.323,pre-control
60000.0,100.0,0.0016666666666666668,1.5959211614450064,0.006279480646255041,0.323,pre-control
60000.0,100.0,0.0016666666666666668,1.6140169972830196,0.006395899178061151,0.323,pre-control
60000.0,100.0,0.0016666666666666668,1.6208574295925846,0.0064399067107071845,0.323,pre-control
60000.0,100.0,0.0016666666666666668,1.6457936977401628,0.0066044311898661445,0.323,pre-control
60000.0,100.0,0.0016666666666666668,1.670729965887741,0.0067731588264395935,0.323,pre-control
60000.0,100.0,0.0016666666666666668,1.6841916493388032,0.006866572406567086,0.323,pre-control
60000.0,100.0,0.0016666666666666668,1.6956662340353192,0.006946197071704576,0.323,pre-control
60000.0,100.0,0.0016666666666666668,1.7206025021828975,0.007123656085507506,0.323,pre-control
60000.0,100.0,0.0016666666666666668,1.7455387703304757,0.007305648815408304,0.323,pre-control
60000.0,100.0,0.0016666666666666668,1.7543663013945867,0.007371720866020685,0.323,pre-control
60000.0,100.0,0.0016666666666666668,1.7704750384780539,0.0074922910780256605,0.323,pre-control
60000.0,100.0,0.0016666666666666668,1.795411306625632,0.007683701523158448,0.323,pre-control
60000.0,100.0,0.0016666666666666668,1.8203475747732105,0.007880001968874017,0.323,pre-control
60000.0,100.0,0.0016666666666666668,1.82454095345037,0.007913855947896642,0.323,pre-control
60000.0,100.0,0.0016666666666666668,1.8452838429207887,0.008081317414905361,0.323,pre-control
60000.0,100.0,0.0016666666666666668,1.870220111068367,0.00828777604265114,0.323,pre-control
60000.0,100.0,0.0016666666666666668,1.8947156055061536,0.008495766649310506,0.323,pre-control
60000.0,100.0,0.0016666666666666668,1.8951563792159452,0.008499509247425107,0.323,pre-control
60000.0,100.0,0.0016666666666666668,1.9200926473635234,0.008716651816299423,0.323,pre-control
60000.0,100.0,0.0016666666666666668,1.9450289155111016,0.008939341791611839,0.323,pre-control
60000.0,100.0,0.0016666666666666668,1.9648902575619371,0.009121242104626108,0.323,pre-control
60000.0,100.0,0.0016666666666666668,1.9699651836586798,0.009167720869412446,0.323,pre-control
60000.0,100.0,0.0016666666666666668,1.994901451806258,0.009401934463184708,0.323,pre-control
60000.0,100.0,0.0016666666666666668,2.0198377199538364,0.009642131703845463,0.323,pre-control
60000.0,100.0,0.0016666666666666668,2.0350649096177205,0.00979255400659997,0.323,pre-control
60000.0,100.0,0.0016666666666666668,2.0447739881014146,0.009888465463367692,0.323,pre-control
60000.0,100.0,0.0016666666666666668,2.069710256248993,0.010141092555349453,0.323,pre-control
60000.0,100.0,0.0016666666666666668,2.094646524396571,0.010400173597502275,0.323,pre-control
60000.0,100.0,0.0016666666666666668,2.105239561673504,0.010513044068443674,0.323,pre-control
60000.0,100.0,0.0016666666666666668,2.1195827925441493,0.010665873439366053,0.323,pre-control
60000.0,100.0,0.0016666666666666668,2.1445190606917275,0.010938361252249751,0.323,pre-control
60000.0,100.0,0.0016666666666666668,2.1694553288393057,0.011217810529231407,0.323,pre-control
60000.0,100.0,0.0016666666666666668,2.1754142137292876,0.01128629505370292,0.323,pre-control
60000.0,100.0,0.0016666666666666668,2.194391596986884,0.011504399127217605,0.323,pre-control
60000.0,100.0,0.0016666666666666668,2.219327865134462,0.011798309459920029,0.323,pre-control
60000.0,100.0,0.0016666666666666668,2.2442641332820403,0.01209972840676271,0.323,pre-control
60000.0,100.0,0.0016666666666666668,2.245588865785071,0.01211615029025227,0.323,pre-control
60000.0,100.0,0.0016666666666666668,2.2692004014296185,0.01240884778689956,0.323,pre-control
60000.0,100.0,0.0016666666666666668,2.2941366695771968,0.012725864420404093,0.323,pre-control
60000.0,100.0,0.0016666666666666668,2.315763517840854,0.013007832357247017,0.323,pre-control
60000.0,100.0,0.0016666666666666668,2.319072937724775,0.013050980128269399,0.323,pre-control
60000.0,100.0,0.0016666666666666668,2.344009205872353,0.013384401843578824,0.323,pre-control
60000.0,100.0,0.0016666666666666668,2.3689454740199314,0.013726341712145424,0.323,pre-control
60000.0,100.0,0.0016666666666666668,2.385938169896638,0.01396530778074749,0.323,pre-control
60000.0,100.0,0.0016666666666666668,2.3938817421675096,0.014077017202842702,0.323,pre-control
60000.0,100.0,0.0016666666666666668,2.418818010315088,0.014436651535371508,0.323,pre-control
60000.0,100.0,0.0016666666666666668,2.443754278462666,0.014805473690925046,0.323,pre-control
60000.0,100.0,0.0016666666666666668,2.4561128219524213,0.014992933737506632,0.323,pre-control
60000.0,100.0,0.0016666666666666668,2.4686905466102442,0.015183718424407671,0.323,pre-control
60000.0,100.0,0.0016666666666666668,2.4936268147578224,0.01557162650637075,0.323,pre-control
60000.0,100.0,0.0016666666666666668,2.5185630829054007,0.015969444625680965,0.323,pre-control
60000.0,100.0,0.0016666666666666668,2.5262874740082046,0.016095823081837702,0.323,pre-control
60000.0,100.0,0.0016666666666666668,2.543499351052979,0.016377425918815823,0.323,pre-control
60000.0,100.0,0.0016666666666666668,2.568435619200557,0.01679583013271867,0.323,pre-control
60000.0,100.0,0.0016666666666666668,2.5933718873481353,0.01722492362479869,0.323,pre-control
60000.0,100.0,0.0016666666666666668,2.5964621260639884,0.017279457756964368,0.323,pre-control
60000.0,100.0,0.0016666666666666668,2.6183081554957135,0.017664979513006447,0.323,pre-control
60000.0,100.0,0.0016666666666666668,2.6432444236432917,0.01811627776142178,0.323,pre-control
60000.0,100.0,0.0016666666666666668,2.6666367781197717,0.01855044975763127,0.323,pre-control
60000.0,100.0,0.0016666666666666668,2.66818069179087,0.018579105448584904,0.323,pre-control
60000.0,100.0,0.0016666666666666668,2.693116959938448,0.019053757203963656,0.323,pre-control
60000.0,100.0,0.0016666666666666668,2.7180532280860263,0.019540535212226012,0.323,pre-control
60000.0,100.0,0.0016666666666666668,2.736811430175555,0.019916066894486984,0.323,pre-control
60000.0,100.0,0.0016666666666666668,2.7429894962336046,0.02003974929905996,0.323,pre-control
60000.0,100.0,0.0016666666666666668,2.7679257643811828,0.02055171713753423,0.323,pre-control
60000.0,100.0,0.0016666666666666668,2.7928620325287614,0.021076764365165153,0.323,pre-control
60000.0,100.0,0.0016666666666666668,2.8069860822313384,0.02138175175811518,0.323,pre-control
60000.0,100.0,0.0016666666666666668,2.8177983006763396,0.02161522518712368,0.323,pre-control
60000.0,100.0,0.0016666666666666668,2.842734568823918,0.02216744241202858,0.323,pre-control
60000.0,100.0,0.0016666666666666668,2.867670836971496,0.02273376751921936,0.323,pre-control
60000.0,100.0,0.0016666666666666668,2.877160734287122,0.022954797771063646,0.323,pre-control
60000.0,100.0,0.0016666666666666668,2.8926071051190743,0.023314560908800117,0.323,pre-control
60000.0,100.0,0.0016666666666666668,2.9175433732666525,0.023910191998974942,0.323,pre-control
60000.0,100.0,0.0016666666666666668,2.9424796414142307,0.024521039911082752,0.323,pre-control
60000.0,100.0,0.0016666666666666668,2.9473353863429055,0.024643026848513227,0.323,pre-control
60000.0,100.0,0.0016666666666666668,2.967415909561809,0.02514749352982717,0.323,pre-control
60000.0,100.0,0.0016666666666666668,2.992352177709387,0.025789951585173984,0.323,pre-control
60000.0,100.0,0.0016666666666666668,3.0172884458569653,0.026448822908104054,0.323,pre-control
60000.0,100.0,0.0016666666666666668,3.017510038398689,0.026454827451337967,0.323,pre-control
60000.0,100.0,0.0016666666666666668,3.0422247140045435,0.027124526607425554,0.323,pre-control
60000.0,100.0,0.0016666666666666668,3.0671609821521217,0.027817492785233856,0.323,pre-control
60000.0,100.0,0.0016666666666666668,3.0876846904544726,0.02840240708064523,0.323,pre-control
60000.0,100.0,0.0016666666666666668,3.0920972502997,0.028528162587145783,0.323,pre-control
60000.0,100.0,0.0016666666666666668,3.117033518447278,0.029256988342665817,0.323,pre-control
60000.0,100.0,0.0016666666666666668,3.1419697865948564,0.03000443378095558,0.323,pre-control
60000.0,100.0,0.0016666666666666668,3.157859342510256,0.030492878574416862,0.323,pre-control
60000.0,100.0,0.0016666666666666668,3.1669060547424346,0.03077097441996958,0.323,pre-control
60000.0,100.0,0.0016666666666666668,3.191842322890013,0.03155709821432254,0.323,pre-control
60000.0,100.0,0.0016666666666666668,3.216778591037591,0.032363305572521775,0.323,pre-control
60000.0,100.0,0.0016666666666666668,3.2280339945660392,0.03273649747599014,0.323,pre-control
60000.0,100.0,0.0016666666666666668,3.241714859185169,0.03319010963617628,0.323,pre-control
60000.0,100.0,0.0016666666666666668,3.2666511273327474,0.03403803636848151,0.323,pre-control
60000.0,100.0,0.0016666666666666668,3.2915873954803256,0.03490762534405551,0.323,pre-control
60000.0,100.0,0.0016666666666666668,3.298208646621823,0.03514442354811033,0.323,pre-control
60000.0,100.0,0.0016666666666666668,3.316523663627904,0.035799430138495084,0.323,pre-control
60000.0,100.0,0.0016666666666666668,3.341459931775482,0.0367140183854932,0.323,pre-control
60000.0,100.0,0.0016666666666666668,3.3663961999230603,0.03765197211929221,0.323,pre-control
60000.0,100.0,0.0016666666666666668,3.3683832986776063,0.03772862440182999,0.323,pre-control
60000.0,100.0,0.0016666666666666668,3.3913324680706385,0.038613888011551266,0.323,pre-control
60000.0,100.0,0.0016666666666666668,3.4162687362182167,0.03960037832268053,0.323,pre-control
60000.0,100.0,0.0016666666666666668,3.4385579507333897,0.04050467704183847,0.323,pre-control
60000.0,100.0,0.0016666666666666668,3.441205004365795,0.04061207101068816,0.323,pre-control
60000.0,100.0,0.0016666666666666668,3.466141272513373,0.041649609992020484,0.323,pre-control
60000.0,100.0,0.0016666666666666668,3.4910775406609513,0.04271365534205656,0.323,pre-control
60000.0,100.0,0.0016666666666666668,3.5087326027891734,0.04348625340428703,0.323,pre-control
60000.0,100.0,0.0016666666666666668,3.5160138088085295,0.043804884152816824,0.323,pre-control
60000.0,100.0,0.0016666666666666668,3.5409500769561078,0.04492399106927719,0.323,pre-control
60000.0,100.0,0.0016666666666666668,3.565886345103686,0.04607168838879006,0.323,pre-control
60000.0,100.0,0.0016666666666666668,3.5789072548449568,0.0466862890019791,0.323,pre-control
60000.0,100.0,0.0016666666666666668,3.590822613251264,0.04724870643120621,0.323,pre-control
60000.0,100.0,0.0016666666666666668,3.615758881398843,0.04845579402881928,0.323,pre-control
60000.0,100.0,0.0016666666666666668,3.640695149546421,0.04969371952757587,0.323,pre-control
60000.0,100.0,0.0016666666666666668,3.64908190690074,0.05012070479601483,0.323,pre-control
60000.0,100.0,0.0016666666666666668,3.6656314176939992,0.05096327088086218,0.323,pre-control
60000.0,100.0,0.0016666666666666668,3.6905676858415775,0.05226525605428313,0.323,pre-control
60000.0,100.0,0.0016666666666666668,3.7155039539891557,0.05360050333464844,0.323,pre-control
60000.0,100.0,0.0016666666666666668,3.719256558956524,0.053806575238372886,0.323,pre-control
60000.0,100.0,0.0016666666666666668,3.740440222136734,0.054969862564740415,0.323,pre-control
60000.0,100.0,0.0016666666666666668,3.765376490284312,0.056374205376481974,0.323,pre-control
60000.0,100.0,0.0016666666666666668,3.789431211012307,0.057763510873032775,0.323,pre-control
60000.0,100.0,0.0016666666666666668,3.7903127584318903,0.057814425564138364,0.323,pre-control
60000.0,100.0,0.0016666666666666668,3.8152490265794685,0.05929143937747351,0.323,pre-control
60000.0,100.0,0.0016666666666666668,3.8401852947270467,0.060806186812596974,0.323,pre-control
60000.0,100.0,0.0016666666666666668,3.8596058630680905,0.06201602259105263,0.323,pre-control
60000.0,100.0,0.0016666666666666668,3.865121562874625,0.062359632049436155,0.323,pre-control
60000.0,100.0,0.0016666666666666668,3.890057831022203,0.063952763783512,0.323,pre-control
60000.0,100.0,0.0016666666666666668,3.9149940991697814,0.06558659558715012,0.323,pre-control
60000.0,100.0,0.0016666666666666668,3.9297805151238743,0.0665801564058054,0.323,pre-control
60000.0,100.0,0.0016666666666666668,3.9399303673173596,0.06726216721125673,0.323,pre-control
60000.0,100.0,0.0016666666666666668,3.964866635464938,0.0689805451947912,0.323,pre-control
60000.0,100.0,0.0016666666666666668,3.989802903612516,0.07074282319748829,0.323,pre-control
60000.0,100.0,0.0016666666666666668,3.9999551671796576,0.07147862608403502,0.323,pre-control
60000.0,100.0,0.0016666666666666668,4.014739171760095,0.07255012242305967,0.323,pre-control
60000.0,100.0,0.0016666666666666668,4.039675439907673,0.07440359301382303,0.323,pre-control
60000.0,100.0,0.0016666666666666668,4.064611708055251,0.0763044147238231,0.323,pre-control
60000.0,100.0,0.0016666666666666668,4.070129819235441,0.07673579081362439,0.323,pre-control
60000.0,100.0,0.0016666666666666668,4.089547976202829,0.07825379731081343,0.323,pre-control
60000.0,100.0,0.0016666666666666668,4.1144842443504075,0.08025298100792781,0.323,pre-control
60000.0,100.0,0.0016666666666666668,4.139420512497986,0.0823032381168092,0.323,pre-control
60000.0,100.0,0.0016666666666666668,4.140304471291224,0.08237777385447072,0.323,pre-control
60000.0,100.0,0.0016666666666666668,4.164356780645564,0.08440587361873753,0.323,pre-control
60000.0,100.0,0.0016666666666666668,4.189293048793142,0.08656222565770574,0.323,pre-control
60000.0,100.0,0.0016666666666666668,4.210479123347008,0.08844108510704346,0.323,pre-control
60000.0,100.0,0.0016666666666666668,4.21422931694072,0.08877366614523807,0.323,pre-control
60000.0,100.0,0.0016666666666666668,4.2391655850882985,0.09104160254403057,0.323,pre-control
60000.0,100.0,0.0016666666666666668,4.264101853235877,0.09336747834538477,0.323,pre-control
60000.0,100.0,0.0016666666666666668,4.280653775402792,0.09495076345783869,0.323,pre-control
60000.0,100.0,0.0016666666666666668,4.289038121383455,0.09575277364342193,0.323,pre-control
60000.0,100.0,0.0016666666666666668,4.313974389531033,0.09819900608310696,0.323,pre-control
60000.0,100.0,0.0016666666666666668,4.338910657678611,0.10070773263265799,0.323,pre-control
60000.0,100.0,0.0016666666666666668,4.350828427458575,0.10193735707161904,0.323,pre-control
60000.0,100.0,0.0016666666666666668,4.36384692582619,0.10328054997154447,0.323,pre-control
60000.0,100.0,0.0016666666666666668,4.388783193973768,0.10591909516197044,0.323,pre-control
60000.0,100.0,0.0016666666666666668,4.413719462121346,0.10862504716776336,0.323,pre-control
60000.0,100.0,0.0016666666666666668,4.4210030795143584,0.10943561869541772,0.323,pre-control
60000.0,100.0,0.0016666666666666668,4.438655730268924,0.11140012826768117,0.323,pre-control
60000.0,100.0,0.0016666666666666668,4.4635919984165024,0.11424610456661088,0.323,pre-control
60000.0,100.0,0.0016666666666666668,4.488528266564081,0.11716478677770999,0.323,pre-control
60000.0,100.0,0.0016666666666666668,4.491177731570142,0.11748281750525189,0.323,pre-control
60000.0,100.0,0.0016666666666666668,4.513464534711659,0.12015803238880945,0.323,pre-control
60000.0,100.0,0.0016666666666666668,4.538400802859237,0.12322774646781029,0.323,pre-control
60000.0,100.0,0.0016666666666666668,4.561352383625925,0.12612532099491086,0.323,pre-control
60000.0,100.0,0.0016666666666666668,4.563337071006815,0.12637588236833364,0.323,pre-control
60000.0,100.0,0.0016666666666666668,4.5882733391543935,0.12960444318484174,0.323,pre-control
60000.0,100.0,0.0016666666666666668,4.613209607301972,0.13291548376096202,0.323,pre-control
60000.0,100.0,0.0016666666666666668,4.631527035681708,0.13540980903422656,0.323,pre-control
60000.0,100.0,0.0016666666666666668,4.63814587544955,0.13631111127875337,0.323,pre-control
60000.0,100.0,0.0016666666666666668,4.663082143597128,0.1397934861995073,0.323,pre-control
60000.0,100.0,0.0016666666666666668,4.688018411744706,0.14336482467272452,0.323,pre-control
60000.0,100.0,0.0016666666666666668,4.701701687737492,0.14537458907792528,0.323,pre-control
60000.0,100.0,0.0016666666666666668,4.712954679892285,0.14702739964000341,0.323,pre-control
60000.0,100.0,0.0016666666666666668,4.737890948039863,0.15078354165042068,0.323,pre-control
60000.0,100.0,0.0016666666666666668,4.762827216187441,0.15463564070646735,0.323,pre-control
60000.0,100.0,0.0016666666666666668,4.771876339793276,0.1560692406576336,0.323,pre-control
60000.0,100.0,0.0016666666666666668,4.787763484335019,0.15858614844133634,0.323,pre-control
60000.0,100.0,0.0016666666666666668,4.812699752482597,0.16263757887923083,0.323,pre-control
60000.0,100.0,0.0016666666666666668,4.837636020630176,0.16679250971257442,0.323,pre-control
60000.0,100.0,0.0016666666666666668,4.842050991849059,0.16754693396823783,0.323,pre-control
60000.0,100.0,0.0016666666666666668,4.862572288777754,0.17105358517684807,0.323,pre-control
60000.0,100.0,0.0016666666666666668,4.887508556925332,0.1754235170408171,0.323,pre-control
60000.0,100.0,0.0016666666666666668,4.912225643904843,0.17986569429716487,0.323,pre-control
60000.0,100.0,0.0016666666666666668,4.91244482507291,0.17990508573518574,0.323,pre-control
60000.0,100.0,0.0016666666666666668,4.9373810932204885,0.18450114309079635,0.323,pre-control
60000.0,100.0,0.0016666666666666668,4.962317361368067,0.1892146141144782,0.323,pre-control
60000.0,100.0,0.0016666666666666668,4.982400295960626,0.19310768155603594,0.323,pre-control
60000.0,100.0,0.0016666666666666668,4.987253629515645,0.19404849798697052,0.323,pre-control
60000.0,100.0,0.0016666666666666668,5.012189897663223,0.19900587046249557,0.323,pre-control
60000.0,100.0,0.0016666666666666668,5.037126165810801,0.20408988647650367,0.323,pre-control
60000.0,100.0,0.0016666666666666668,5.052574948016409,0.20732005399001052,0.323,pre-control
60000.0,100.0,0.0016666666666666668,5.0620624339583795,0.20930378115159096,0.323,pre-control
60000.0,100.0,0.0016666666666666668,5.086998702105958,0.21465087184830453,0.323,pre-control
60000.0,100.0,0.0016666666666666668,5.111934970253536,0.22013456144170898,0.323,pre-control
60000.0,100.0,0.0016666666666666668,5.122749600072193,0.2225735421810509,0.323,pre-control
60000.0,100.0,0.0016666666666666668,5.136871238401114,0.2257583394852337,0.323,pre-control
60000.0,100.0,0.0016666666666666668,5.161807506548692,0.2315257840369598,0.323,pre-control
60000.0,100.0,0.0016666666666666668,5.186743774696271,0.2374405653646931,0.323,pre-control
60000.0,100.0,0.0016666666666666668,5.192924252127977,0.23894399990661097,0.323,pre-control
60000.0,100.0,0.0016666666666666668,5.211680042843849,0.24350644737686078,0.323,pre-control
60000.0,100.0,0.0016666666666666668,5.236616310991427,0.2497272893961098,0.323,pre-control
60000.0,100.0,0.0016666666666666668,5.261552579139005,0.256107050087319,0.323,pre-control
60000.0,100.0,0.0016666666666666668,5.26309890418376,0.256512772440799,0.323,pre-control
60000.0,100.0,0.0016666666666666668,5.286488847286583,0.2626497892314344,0.323,pre-control
60000.0,100.0,0.0016666666666666668,5.311425115434162,0.2693596695396646,0.323,pre-control
60000.0,100.0,0.0016666666666666668,5.3332735562395435,0.275388858948449,0.323,pre-control
60000.0,100.0,0.0016666666666666668,5.33636138358174,0.27624096075624205,0.323,pre-control
60000.0,100.0,0.0016666666666666668,5.361297651729318,0.28329804176245843,0.323,pre-control
60000.0,100.0,0.0016666666666666668,5.386233919876896,0.29053540248326154,0.323,pre-control
60000.0,100.0,0.0016666666666666668,5.403448208295327,0.2956592116340947,0.323,pre-control
60000.0,100.0,0.0016666666666666668,5.4111701880244745,0.2979576482256644,0.323,pre-control
60000.0,100.0,0.0016666666666666668,5.436106456172053,0.30556950202090827,0.323,pre-control
60000.0,100.0,0.0016666666666666668,5.461042724319631,0.3133758067016295,0.323,pre-control
60000.0,100.0,0.0016666666666666668,5.47362286035111,0.3174146260552989,0.323,pre-control
60000.0,100.0,0.0016666666666666668,5.485978992467209,0.3213815295452232,0.323,pre-control
60000.0,100.0,0.0016666666666666668,5.510915260614787,0.32959176474815954,0.323,pre-control
60000.0,100.0,0.0016666666666666668,5.5358515287623655,0.3380117357681518,0.323,pre-control
60000.0,100.0,0.0016666666666666668,5.5437975124068934,0.3407633135649583,0.323,pre-control
60000.0,100.0,0.0016666666666666668,5.560787796909944,0.34664680032901846,0.323,pre-control
60000.0,100.0,0.0016666666666666668,5.585724065057523,0.3555024529220509,0.323,pre-control
60000.0,100.0,0.0016666666666666668,5.610660333205101,0.3645843275446726,0.323,pre-control
60000.0,100.0,0.0016666666666666668,5.613972164462677,0.3658213203425932,0.323,pre-control
60000.0,100.0,0.0016666666666666668,5.635596601352679,0.37389820307350885,0.323,pre-control
60000.0,100.0,0.0016666666666666668,5.6605328695002575,0.3834500056689362,0.323,pre-control
60000.0,100.0,0.0016666666666666668,5.684146816518461,0.3927263598952756,0.323,pre-control
60000.0,100.0,0.0016666666666666668,5.685469137647836,0.3932458121997801,0.323,pre-control
60000.0,100.0,0.0016666666666666668,5.710405405795414,0.40329185577012516,0.323,pre-control
60000.0,100.0,0.0016666666666666668,5.735341673942992,0.4135945280417325,0.323,pre-control
60000.0,100.0,0.0016666666666666668,5.754321468574244,0.42163654013020213,0.323,pre-control
60000.0,100.0,0.0016666666666666668,5.76027794209057,0.4241603836676905,0.323,pre-control
60000.0,100.0,0.0016666666666666668,5.7852142102381485,0.4349961455908238,0.323,pre-control
60000.0,100.0,0.0016666666666666668,5.810150478385727,0.4461087075158014,0.323,pre-control
60000.0,100.0,0.0016666666666666668,5.824496120630028,0.45266498672356936,0.323,pre-control
60000.0,100.0,0.0016666666666666668,5.835086746533305,0.4575051395187146,0.323,pre-control
60000.0,100.0,0.0016666666666666668,5.860023014680883,0.46919269273735986,0.323,pre-control
60000.0,100.0,0.0016666666666666668,5.884959282828461,0.48117880243236494,0.323,pre-control
60000.0,100.0,0.0016666666666666668,5.894670772685811,0.4859660653090697,0.323,pre-control
60000.0,100.0,0.0016666666666666668,5.90989555097604,0.49347109460791755,0.323,pre-control
60000.0,100.0,0.0016666666666666668,5.934831819123618,0.5060773899558251,0.323,pre-control
60000.0,100.0,0.0016666666666666668,5.959768087271196,0.519005708024385,0.323,pre-control
60000.0,100.0,0.0016666666666666668,5.964845424741594,0.5217053186929076,0.323,pre-control
60000.0,100.0,0.0016666666666666668,5.984704355418774,0.5322642743333647,0.323,pre-control
60000.0,100.0,0.0016666666666666668,6.009640623566352,0.5458615236461831,0.323,pre-control
60000.0,100.0,0.0016666666666666668,6.034576891713931,0.5598061060938837,0.323,pre-control
60000.0,100.0,0.0016666666666666668,6.035020076797378,0.5600602698528923,0.323,pre-control
60000.0,100.0,0.0016666666666666668,6.059513159861509,0.5741068934731424,0.323,pre-control
60000.0,100.0,0.0016666666666666668,6.084449428009087,0.588772982951562,0.323,pre-control
60000.0,100.0,0.0016666666666666668,6.105194728853162,0.6012858537559626,0.323,pre-control
60000.0,100.0,0.0016666666666666668,6.109385696156665,0.6038137048972094,0.323,pre-control
60000.0,100.0,0.0016666666666666668,6.1343219643042435,0.6192386278064195,0.323,pre-control
60000.0,100.0,0.0016666666666666668,6.159258232451822,0.6350575636996354,0.323,pre-control
60000.0,100.0,0.0016666666666666668,6.175369380908945,0.6455391387306395,0.323,pre-control
60000.0,100.0,0.0016666666666666668,6.1841945005994,0.6512805763717404,0.323,pre-control
60000.0,100.0,0.0016666666666666668,6.209130768746978,0.667917985462798,0.323,pre-control
60000.0,100.0,0.0016666666666666668,6.234067036894556,0.6849803745897052,0.323,pre-control
60000.0,100.0,0.0016666666666666668,6.2455440329647285,0.6930339870901837,0.323,pre-control
60000.0,100.0,0.0016666666666666668,6.2590033050421345,0.7024785979611112,0.323,pre-control
60000.0,100.0,0.0016666666666666668,6.283939573189713,0.7204237857824806,0.323,pre-control
60000.0,100.0,0.0016666666666666668,6.308875841337291,0.7388273537750308,0.323,pre-control
60000.0,100.0,0.0016666666666666668,6.315718685020512,0.744006535580413,0.323,pre-control
60000.0,100.0,0.0016666666666666668,6.333812109484869,0.757701008101046,0.323,pre-control
60000.0,100.0,0.0016666666666666668,6.358748377632447,0.7770567540710156,0.323,pre-control
60000.0,100.0,0.0016666666666666668,6.383684645780026,0.7969069040336394,0.323,pre-control
60000.0,100.0,0.0016666666666666668,6.385893337076295,0.798710009643073,0.323,pre-control
60000.0,100.0,0.0016666666666666668,6.408620913927604,0.8172640834417261,0.323,pre-control
60000.0,100.0,0.0016666666666666668,6.433557182075182,0.838141241469998,0.323,pre-control
60000.0,100.0,0.0016666666666666668,6.4560679891320785,0.8574691426888903,0.323,pre-control
60000.0,100.0,0.0016666666666666668,6.45849345022276,0.8595516567565769,0.323,pre-control
60000.0,100.0,0.0016666666666666668,6.483429718370338,0.881508947354209,0.323,pre-control
60000.0,100.0,0.0016666666666666668,6.508365986517917,0.9040270793349066,0.323,pre-control
60000.0,100.0,0.0016666666666666668,6.526242641187863,0.9205825179471272,0.323,pre-control
60000.0,100.0,0.0016666666666666668,6.533302254665495,0.9271203741463316,0.323,pre-control
60000.0,100.0,0.0016666666666666668,6.558238522813073,0.9508035202739482,0.323,pre-control
60000.0,100.0,0.0016666666666666668,6.583174790960651,0.9750915797432398,0.323,pre-control
60000.0,100.0,0.0016666666666666668,6.596417293243646,0.9883192932953965,0.323,pre-control
60000.0,100.0,0.0016666666666666668,6.6081110591082295,0.9999999999999996,0.323,pre-control
60000.0,100.0,0.0016666666666666668,6.633101520101496,1.0256008422972556,0.323,pre-control
60000.0,100.0,0.0016666666666666668,6.6580919810947625,1.051857043765238,0.323,pre-control
60000.0,100.0,0.0016666666666666668,6.666591945299429,1.0610161241214364,0.323,pre-control
60000.0,100.0,0.0016666666666666668,6.683082442088029,1.0787853501515285,0.323,pre-control
60000.0,100.0,0.0016666666666666668,6.708072903081296,1.106402923286102,0.323,pre-control
60000.0,100.0,0.0016666666666666668,6.733063364074562,1.1347273957366064,0.323,pre-control
60000.0,100.0,0.0016666666666666668,6.736766597355213,1.139032117562272,0.323,pre-control
60000.0,100.0,0.0016666666666666668,6.758053825067829,1.1637768708083631,0.323,pre-control
60000.0,100.0,0.0016666666666666668,6.783044286061095,1.1935699225443666,0.323,pre-control
60000.0,100.0,0.0016666666666666668,6.806941249410996,1.222788583309876,0.323,pre-control
60000.0,100.0,0.0016666666666666668,6.808034747054361,1.2241255957252835,0.323,pre-control
60000.0,100.0,0.0016666666666666668,6.833025208047627,1.2554634058694567,0.323,pre-control
60000.0,100.0,0.0016666666666666668,6.858015669040894,1.2876033656689172,0.323,pre-control
60000.0,100.0,0.0016666666666666668,6.877115901466779,1.312796758594525,0.323,pre-control
60000.0,100.0,0.0016666666666666668,6.88300613003416,1.320566027544287,0.323,pre-control
60000.0,100.0,0.0016666666666666668,6.907996591027427,1.354372381752429,0.323,pre-control
60000.0,100.0,0.0016666666666666668,6.932987052020693,1.389043990679344,0.323,pre-control
60000.0,100.0,0.0016666666666666668,6.947290553522563,1.4093964902972356,0.323,pre-control
60000.0,100.0,0.0016666666666666668,6.95797751301396,1.4246030003211383,0.323,pre-control
60000.0,100.0,0.0016666666666666668,6.982967974007226,1.4610721402840245,0.323,pre-control
60000.0,100.0,0.0016666666666666668,7.007958435000493,1.49847472378432,0.323,pre-control
60000.0,100.0,0.0016666666666666668,7.017465205578347,1.5130674516118887,0.323,pre-control
60000.0,100.0,0.0016666666666666668,7.032948895993759,1.5368346476484482,0.323,pre-control
60000.0,100.0,0.0016666666666666668,7.057939356987026,1.576176392563154,0.323,pre-control
60000.0,100.0,0.0016666666666666668,7.082929817980292,1.6165251074514648,0.323,pre-control
60000.0,100.0,0.0016666666666666668,7.08763985763413,1.6243244087574396,0.323,pre-control
60000.0,100.0,0.0016666666666666668,7.107920278973559,1.6579065287103882,0.323,pre-control
60000.0,100.0,0.0016666666666666668,7.1329107399668255,1.7003470225491588,0.323,pre-control
60000.0,100.0,0.0016666666666666668,7.1578145096899135,1.7437226831728336,0.323,pre-control
60000.0,100.0,0.0016666666666666668,7.157901200960092,1.743873676020748,0.323,pre-control
60000.0,100.0,0.0016666666666666668,7.182891661953358,1.7885142970218628,0.323,pre-control
60000.0,100.0,0.0016666666666666668,7.207882122946624,1.8342974142929518,0.323,pre-control
60000.0,100.0,0.0016666666666666668,7.227989161745697,1.8720767595766907,0.323,pre-control
60000.0,100.0,0.0016666666666666668,7.232872583939891,1.8812522774181955,0.323,pre-control
60000.0,100.0,0.0016666666666666668,7.257863044933157,1.9294088568255132,0.323,pre-control
60000.0,100.0,0.0016666666666666668,7.282853505926424,1.9787979030453111,0.323,pre-control
60000.0,100.0,0.0016666666666666668,7.29816381380148,2.0098302896856945,0.323,pre-control
60000.0,100.0,0.0016666666666666668,7.30784396691969,2.0294509437413724,0.323,pre-control
60000.0,100.0,0.0016666666666666668,7.332834427912957,2.081400241896158,0.323,pre-control
60000.0,100.0,0.0016666666666666668,7.357824888906223,2.134678940534323,0.323,pre-control
60000.0,100.0,0.0016666666666666668,7.3683384658572635,2.1576670790892574,0.323,pre-control
60000.0,100.0,0.0016666666666666668,7.38281534989949,2.1893210649549797,0.323,pre-control
60000.0,100.0,0.0016666666666666668,7.407805810892756,2.2453615227316996,0.323,pre-control
60000.0,100.0,0.0016666666666666668,7.432796271886023,2.302836103712513,0.323,pre-control
60000.0,100.0,0.0016666666666666668,7.438513117913048,2.3163205144420793,0.323,pre-control
60000.0,100.0,0.0016666666666666668,7.457786732879289,2.3617814800199066,0.323,pre-control
60000.0,100.0,0.0016666666666666668,7.482777193872556,2.4222352919507246,0.323,pre-control
60000.0,100.0,0.0016666666666666668,7.507767654865822,2.4842360911266472,0.323,pre-control
60000.0,100.0,0.0016666666666666668,7.508687769968831,2.4865772892408398,0.323,pre-control
60000.0,100.0,0.0016666666666666668,7.532758115859089,2.5478233748902994,0.323,pre-control
60000.0,100.0,0.0016666666666666668,7.5577485768523545,2.6130377110917116,0.323,pre-control
60000.0,100.0,0.0016666666666666668,7.578862422024614,2.669545587328491,0.323,pre-control
60000.0,100.0,0.0016666666666666668,7.582739037845621,2.679920738100118,0.323,pre-control
60000.0,100.0,0.0016666666666666668,7.6077294988388875,2.7485151648039414,0.323,pre-control
60000.0,100.0,0.0016666666666666668,7.632719959832154,2.818864770610804,0.323,pre-control
60000.0,100.0,0.0016666666666666668,7.649037074080398,2.8659737120351885,0.323,pre-control
60000.0,100.0,0.0016666666666666668,7.6577104208254205,2.891014425579781,0.323,pre-control
60000.0,100.0,0.0016666666666666668,7.682700881818687,2.965010190463733,0.323,pre-control
60000.0,100.0,0.0016666666666666668,7.707691342811954,3.0408991837197554,0.323,pre-control
60000.0,100.0,0.0016666666666666668,7.719211726136181,3.076778405047929,0.323,pre-control
60000.0,100.0,0.0016666666666666668,7.73268180380522,3.1187297780529195,0.323,pre-control
60000.0,100.0,0.0016666666666666668,7.757672264798487,3.1985516347584406,0.323,pre-control
60000.0,100.0,0.0016666666666666668,7.782662725791753,3.280415703721681,0.323,pre-control
60000.0,100.0,0.0016666666666666668,7.789386378191964,3.30300463886087,0.323,pre-control
60000.0,100.0,0.0016666666666666668,7.80765318678502,3.3643742234181473,0.323,pre-control
60000.0,100.0,0.0016666666666666668,7.832643647778286,3.4504807261281076,0.323,pre-control
60000.0,100.0,0.0016666666666666668,7.857634108771553,3.538790159680141,0.323,pre-control
60000.0,100.0,0.0016666666666666668,7.8595610302477485,3.545773567506273,0.323,pre-control
60000.0,100.0,0.0016666666666666668,7.882624569764818,3.629358759924062,0.323,pre-control
60000.0,100.0,0.0016666666666666668,7.907615030758086,3.7222442219335514,0.323,pre-control
60000.0,100.0,0.0016666666666666668,7.929735682303532,3.8065663055829373,0.323,pre-control
60000.0,100.0,0.0016666666666666668,7.932605491751351,3.8175057804812997,0.323,pre-control
60000.0,100.0,0.0016666666666666668,7.957595952744619,3.9152042100390596,0.323,pre-control
60000.0,100.0,0.0016666666666666668,7.982586413737884,4.015401824777592,0.323,pre-control
60000.0,100.0,0.0016666666666666668,7.999910334359315,4.086637707181035,0.323,pre-control
60000.0,100.0,0.0016666666666666668,8.007576874731152,4.118162486144395,0.323,pre-control
60000.0,100.0,0.0016666666666666668,8.032567335724417,4.223551731814951,0.323,pre-control
60000.0,100.0,0.0016666666666666668,8.057557796717685,4.33163664485491,0.323,pre-control
60000.0,100.0,0.0016666666666666668,8.070084986415099,4.387203112169567,0.323,pre-control
60000.0,100.0,0.0016666666666666668,8.08254825771095,4.442486058610271,0.323,pre-control
60000.0,100.0,0.0016666666666666668,8.107538718704216,4.556170633665813,0.323,pre-control
60000.0,100.0,0.0016666666666666668,8.132529179697483,4.672762857845081,0.323,pre-control
60000.0,100.0,0.0016666666666666668,8.140259638470882,4.709751504583907,0.323,pre-control
60000.0,100.0,0.0016666666666666668,8.15751964069075,4.792337046210362,0.323,pre-control
60000.0,100.0,0.0016666666666666668,8.182510101684016,4.914969375472948,0.323,pre-control
60000.0,100.0,0.0016666666666666668,8.207500562677282,5.040737987043499,0.323,pre-control
60000.0,100.0,0.0016666666666666668,8.210434290526665,5.055880028394241,0.323,pre-control
60000.0,100.0,0.0016666666666666668,8.23249102367055,5.1697228871983425,0.323,pre-control
60000.0,100.0,0.0016666666666666668,8.257481484663815,5.302006209391173,0.323,pre-control
60000.0,100.0,0.0016666666666666668,8.280608942582449,5.427558533439252,0.323,pre-control
60000.0,100.0,0.0016666666666666668,8.282471945657083,5.437672241852513,0.323,pre-control
60000.0,100.0,0.0016666666666666668,8.307462406650348,5.576807427589629,0.323,pre-control
60000.0,100.0,0.0016666666666666668,8.332452867643616,5.719500365187736,0.323,pre-control
60000.0,100.0,0.0016666666666666668,8.350783594638232,5.826843220851469,0.323,pre-control
60000.0,100.0,0.0016666666666666668,8.357443328636881,5.8658419395376304,0.323,pre-control
60000.0,100.0,0.0016666666666666668,8.382433789630149,6.015925236988232,0.323,pre-control
60000.0,100.0,0.0016666666666666668,8.407424250623414,6.169845724755935,0.323,pre-control
60000.0,100.0,0.0016666666666666668,8.420958246694015,6.25533506552191,0.323,pre-control
60000.0,100.0,0.0016666666666666668,8.432414711616682,6.327701396104405,0.323,pre-control
60000.0,100.0,0.0016666666666666668,8.457405172609947,6.489592770344493,0.323,pre-control
60000.0,100.0,0.0016666666666666668,8.482395633603215,6.655622892834327,0.323,pre-control
60000.0,100.0,0.0016666666666666668,8.491132898749798,6.715154954630895,0.323,pre-control
60000.0,100.0,0.0016666666666666668,8.50738609459648,6.825897417324123,0.323,pre-control
60000.0,100.0,0.0016666666666666668,8.532376555589746,7.00052464076899,0.323,pre-control
60000.0,100.0,0.0016666666666666668,8.557367016583013,7.179615544756396,0.323,pre-control
60000.0,100.0,0.0016666666666666668,8.561307550805584,7.208576676598794,0.323,pre-control
60000.0,100.0,0.0016666666666666668,8.582357477576279,7.363284051296153,0.323,pre-control
60000.0,100.0,0.0016666666666666668,8.607347938569546,7.551647027338514,0.323,pre-control
60000.0,100.0,0.0016666666666666668,8.631482202861367,7.73820585021796,0.323,pre-control
60000.0,100.0,0.0016666666666666668,8.632338399562812,7.744824284774053,0.323,pre-control
60000.0,100.0,0.0016666666666666668,8.65732886055608,7.942938656002945,0.323,pre-control
60000.0,100.0,0.0016666666666666668,8.682319321549345,8.146116056337405,0.323,pre-control
60000.0,100.0,0.0016666666666666668,8.70165685491715,8.307351633208722,0.323,pre-control
60000.0,100.0,0.0016666666666666668,8.707309782542612,8.354485516800136,0.323,pre-control
60000.0,100.0,0.0016666666666666668,8.732300243535878,8.568179475692876,0.323,pre-control
60000.0,100.0,0.0016666666666666668,8.757290704529145,8.787333786806728,0.323,pre-control
60000.0,100.0,0.0016666666666666668,8.771831506972934,8.918107786274136,0.323,pre-control
60000.0,100.0,0.0016666666666666668,8.782281165522411,9.012087719422034,0.323,pre-control
60000.0,100.0,0.0016666666666666668,8.807271626515679,9.242584067255248,0.323,pre-control
60000.0,100.0,0.0016666666666666668,8.832262087508944,9.47896916322859,0.323,pre-control
60000.0,100.0,0.0016666666666666668,8.842006159028717,9.573493046144373,0.323,pre-control
60000.0,100.0,0.0016666666666666668,8.85725254850221,9.72139302107338,0.323,pre-control
60000.0,100.0,0.0016666666666666668,8.882243009495477,9.970009594964612,0.323,pre-control
60000.0,100.0,0.0016666666666666668,8.907233470488745,10.224976780930314,0.323,pre-control
60000.0,100.0,0.0016666666666666668,8.9121808110845,10.276741686486181,0.323,pre-control
60000.0,100.0,0.0016666666666666668,8.93222393148201,10.486456423998309,0.323,pre-control
60000.0,100.0,0.0016666666666666668,8.957214392475276,10.754614492033745,0.323,pre-control
60000.0,100.0,0.0016666666666666668,8.982204853468543,11.029620989269132,0.323,pre-control
60000.0,100.0,0.0016666666666666668,8.982355463140284,11.031320691608498,0.323,pre-control
60000.0,100.0,0.0016666666666666668,9.007195314461809,11.311650320594662,0.323,pre-control
60000.0,100.0,0.0016666666666666668,9.032185775455076,11.600881419196975,0.323,pre-control
60000.0,100.0,0.0016666666666666668,9.052530115196067,11.842352088273628,0.323,pre-control
60000.0,100.0,0.0016666666666666668,9.057176236448342,11.897497746558997,0.323,pre-control
60000.0,100.0,0.0016666666666666668,9.08216669744161,12.20168736334072,0.323,pre-control
60000.0,100.0,0.0016666666666666668,9.107157158434875,12.513643042677275,0.323,pre-control
60000.0,100.0,0.0016666666666666668,9.12270476725185,12.712678187974111,0.323,pre-control
60000.0,100.0,0.0016666666666666668,9.132147619428142,12.833562336594625,0.323,pre-control
60000.0,100.0,0.0016666666666666668,9.157138080421408,13.16164795944886,0.323,pre-control
60000.0,100.0,0.0016666666666666668,9.182128541414674,13.498107804761073,0.323,pre-control
60000.0,100.0,0.0016666666666666668,9.192879419307634,13.646546837766639,0.323,pre-control
60000.0,100.0,0.0016666666666666668,9.207119002407941,13.843154962875769,0.323,pre-control
60000.0,100.0,0.0016666666666666668,9.232109463401208,14.19700791121603,0.323,pre-control
60000.0,100.0,0.0016666666666666668,9.257099924394474,14.559890463006909,0.323,pre-control
60000.0,100.0,0.0016666666666666668,9.263054071363417,14.648555765439252,0.323,pre-control
60000.0,100.0,0.0016666666666666668,9.28209038538774,14.932032231332286,0.323,pre-control
60000.0,100.0,0.0016666666666666668,9.307080846381007,15.313668728132455,0.323,pre-control
60000.0,100.0,0.0016666666666666668,9.332071307374274,15.705041366528684,0.323,pre-control
60000.0,100.0,0.0016666666666666668,9.3332287234192,15.723629907096667,0.323,pre-control
60000.0,100.0,0.0016666666666666668,9.35706176836754,16.10639764634051,0.323,pre-control
60000.0,100.0,0.0016666666666666668,9.382052229360806,16.517991122553912,0.323,pre-control
60000.0,100.0,0.0016666666666666668,9.403403375474984,16.878613545251092,0.323,pre-control
60000.0,100.0,0.0016666666666666668,9.407042690354073,16.94008184028485,0.323,pre-control
60000.0,100.0,0.0016666666666666668,9.432033151347339,17.37293653643548,0.323,pre-control
60000.0,100.0,0.0016666666666666668,9.457023612340606,17.81682863994318,0.323,pre-control
60000.0,100.0,0.0016666666666666668,9.473578027530769,18.118372982437247,0.323,pre-control
60000.0,100.0,0.0016666666666666668,9.482014073333872,18.272038446044704,0.323,pre-control
60000.0,100.0,0.0016666666666666668,9.50700453432714,18.738853124364915,0.323,pre-control
60000.0,100.0,0.0016666666666666668,9.531994995320405,19.217567145270948,0.323,pre-control
60000.0,100.0,0.0016666666666666668,9.543752679586552,19.448536403162972,0.323,pre-control
60000.0,100.0,0.0016666666666666668,9.556985456313672,19.708482541478133,0.323,pre-control
60000.0,100.0,0.0016666666666666668,9.581975917306938,20.211908909550473,0.323,pre-control
60000.0,100.0,0.0016666666666666668,9.606966378300204,20.728163604084987,0.323,pre-control
60000.0,100.0,0.0016666666666666668,9.613927331642335,20.875627285148067,0.323,pre-control
60000.0,100.0,0.0016666666666666668,9.631956839293471,21.257571745240828,0.323,pre-control
60000.0,100.0,0.0016666666666666668,9.656947300286738,21.800466727541483,0.323,pre-control
60000.0,100.0,0.0016666666666666668,9.681937761280004,22.35719046037813,0.323,pre-control
60000.0,100.0,0.0016666666666666668,9.684101983698119,22.406631761201417,0.323,pre-control
60000.0,100.0,0.0016666666666666668,9.70692822227327,22.928093381140314,0.323,pre-control
60000.0,100.0,0.0016666666666666668,9.731918683266537,23.513534679582122,0.323,pre-control
60000.0,100.0,0.0016666666666666668,9.754276635753902,24.050641381887463,0.323,pre-control
60000.0,100.0,0.0016666666666666668,9.756909144259803,24.113882323256945,0.323,pre-control
60000.0,100.0,0.0016666666666666668,9.78189960525307,24.729513682345832,0.323,pre-control
60000.0,100.0,0.0016666666666666668,9.806890066246336,25.36081568058063,0.323,pre-control
60000.0,100.0,0.0016666666666666668,9.824451287809685,25.815732996970258,0.323,pre-control
60000.0,100.0,0.0016666666666666668,9.831880527239603,26.00818485187582,0.323,pre-control
60000.0,100.0,0.0016666666666666668,9.856870988232869,26.67202755216689,0.323,pre-control
60000.0,100.0,0.0016666666666666668,9.881861449226136,27.352760145874324,0.323,pre-control
60000.0,100.0,0.0016666666666666668,9.894625939865469,27.709306034065914,0.323,pre-control
60000.0,100.0,0.0016666666666666668,9.906851910219402,28.050809630411152,0.323,pre-control
60000.0,100.0,0.0016666666666666668,9.931842371212667,28.766613685614782,0.323,pre-control
60000.0,100.0,0.0016666666666666668,9.956832832205935,29.50062084480639,0.323,pre-control
60000.0,100.0,0.0016666666666666668,9.964800591921252,29.74059608160863,0.323,pre-control
60000.0,100.0,0.0016666666666666668,9.981823293199202,30.25329060505627,0.323,pre-control
60000.0,100.0,0.0016666666666666668,10.006813754192468,31.025093985044833,0.323,pre-control
60000.0,100.0,0.0016666666666666668,10.031804215185733,31.81651390841827,0.323,pre-control
60000.0,100.0,0.0016666666666666668,10.034975243977035,31.919488769191616,0.323,pre-control
60000.0,100.0,0.0016666666666666668,10.056794676179,32.628045247554105,0.323,pre-control
60000.0,100.0,0.0016666666666666668,10.081785137172268,33.46019506724929,0.323,pre-control
60000.0,100.0,0.0016666666666666668,10.105149896032819,34.25797398852629,0.323,pre-control
60000.0,100.0,0.0016666666666666668,10.106775598165534,34.3134828384783,0.323,pre-control
60000.0,100.0,0.0016666666666666668,10.1317660591588,35.18844117841233,0.323,pre-control
60000.0,100.0,0.0016666666666666668,10.156756520152067,36.0856159313129,0.323,pre-control
60000.0,100.0,0.0016666666666666668,10.175324548088602,36.7691433725087,0.323,pre-control
60000.0,100.0,0.0016666666666666668,10.181746981145332,37.00556639214886,0.323,pre-control
60000.0,100.0,0.0016666666666666668,10.2067374421386,37.94886542312204,0.323,pre-control
60000.0,100.0,0.0016666666666666668,10.231727903131866,38.916100224566605,0.323,pre-control
60000.0,100.0,0.0016666666666666668,10.245499200144385,39.462628459802,0.323,pre-control
60000.0,100.0,0.0016666666666666668,10.256718364125133,39.90787264309426,0.323,pre-control
60000.0,100.0,0.0016666666666666668,10.281708825118399,40.924799293867494,0.323,pre-control
60000.0,100.0,0.0016666666666666668,10.306699286111666,41.96751177830204,0.323,pre-control
60000.0,100.0,0.0016666666666666668,10.315673852200169,42.35146294719795,0.323,pre-control
60000.0,100.0,0.0016666666666666668,10.331689747104932,43.0366572517422,0.323,pre-control
60000.0,100.0,0.0016666666666666668,10.356680208098197,44.13289902799906,0.323,pre-control
60000.0,100.0,0.0016666666666666668,10.381670669091465,45.256916660427265,0.323,pre-control
60000.0,100.0,0.0016666666666666668,10.385848504255954,45.4495866293403,0.323,pre-control
60000.0,100.0,0.0016666666666666668,10.406661130084732,46.40940620420377,0.323,pre-control
60000.0,100.0,0.0016666666666666668,10.431651591077998,47.59108065794369,0.323,pre-control
60000.0,100.0,0.0016666666666666668,10.456023156311737,48.77266539967239,0.323,pre-control
60000.0,100.0,0.0016666666666666668,10.456642052071263,48.802670767779176,0.323,pre-control
60000.0,100.0,0.0016666666666666668,10.48163251306453,50.044925124709586,0.323,pre-control
60000.0,100.0,0.0016666666666666668,10.506622974057796,51.31861044306132,0.323,pre-control
60000.0,100.0,0.0016666666666666668,10.52619780836752,52.34151296987021,0.323,pre-control
60000.0,100.0,0.0016666666666666668,10.531613435051064,52.62451195372871,0.323,pre-control
60000.0,100.0,0.0016666666666666668,10.55660389604433,53.963434328355,0.323,pre-control
60000.0,100.0,0.0016666666666666668,10.581594357037597,55.336201812577556,0.323,pre-control
60000.0,100.0,0.0016666666666666668,10.596372460423304,56.16850100910173,0.323,pre-control
60000.0,100.0,0.0016666666666666668,10.606584818030862,56.74365851135669,0.323,pre-control
60000.0,100.0,0.0016666666666666668,10.63157527902413,58.1866688018391,0.323,pre-control
60000.0,100.0,0.0016666666666666668,10.656565740017395,59.666118325300445,0.323,pre-control
60000.0,100.0,0.0016666666666666668,10.666547112479087,60.27193764363905,0.323,pre-control
60000.0,100.0,0.0016666666666666668,10.681556201010661,61.18291414691855,0.323,pre-control
60000.0,100.0,0.0016666666666666668,10.706546662003928,62.73798504655865,0.323,pre-control
60000.0,100.0,0.0016666666666666668,10.731537122997196,64.3322820207535,0.323,pre-control
60000.0,100.0,0.0016666666666666668,10.73672176453487,64.671382706311,0.323,pre-control
60000.0,100.0,0.0016666666666666668,10.756527583990461,65.96677929383118,0.323,pre-control
60000.0,100.0,0.0016666666666666668,10.781518044983727,67.64247448725615,0.323,pre-control
60000.0,100.0,0.0016666666666666668,10.806508505976995,69.3603889153996,0.323,pre-control
60000.0,100.0,0.0016666666666666668,10.806896416590654,69.38772655278332,0.323,pre-control
60000.0,100.0,0.0016666666666666668,10.831498966970262,71.12156826092371,0.323,pre-control
60000.0,100.0,0.0016666666666666668,10.856489427963528,72.92708352653287,0.323,pre-control
60000.0,100.0,0.0016666666666666668,10.877071068646437,74.45148678954908,0.323,pre-control
60000.0,100.0,0.0016666666666666668,10.881479888956793,74.77803121672588,0.323,pre-control
60000.0,100.0,0.0016666666666666668,10.90647034995006,76.67553364056369,0.323,pre-control
60000.0,100.0,0.0016666666666666668,10.931460810943328,78.62073984899328,0.323,pre-control
60000.0,100.0,0.0016666666666666668,10.94724572070222,79.88027949356822,0.323,pre-control
60000.0,100.0,0.0016666666666666668,10.956451271936594,80.61482640621861,0.323,pre-control
60000.0,100.0,0.0016666666666666668,10.98144173292986,82.65899763152355,0.323,pre-control
60000.0,100.0,0.0016666666666666668,11.006432193923125,84.75448591816881,0.323,pre-control
60000.0,100.0,0.0016666666666666668,11.017420372758004,85.69898010141439,0.323,pre-control
60000.0,100.0,0.0016666666666666668,11.031422654916392,86.90255298182498,0.323,pre-control
60000.0,100.0,0.0016666666666666668,11.05641311590966,89.10449034368862,0.323,pre-control
60000.0,100.0,0.0016666666666666668,11.081403576902925,91.36161961857043,0.323,pre-control
60000.0,100.0,0.0016666666666666668,11.087595024813787,91.93483788837095,0.323,pre-control
60000.0,100.0,0.0016666666666666668,11.106394037896191,93.67529309500344,0.323,pre-control
60000.0,100.0,0.0016666666666666668,11.131384498889458,96.04689501340347,0.323,pre-control
60000.0,100.0,0.0016666666666666668,11.156374959882726,98.47784184254063,0.323,pre-control
60000.0,100.0,0.0016666666666666668,11.15776967686957,98.61690583013106,0.323,pre-control
60000.0,100.0,0.0016666666666666668,11.171641168450863,100.0,0.8456419165943363,threshold-control
60000.0,100.0,0.0016666666666666668,11.227944328925354,100.0,0.8454796738328386,threshold-control
60000.0,100.0,0.0016666666666666668,11.298118980981139,100.0,0.8452772564888821,threshold-control
60000.0,100.0,0.0016666666666666668,11.368293633036922,100.0,0.8450746141925389,threshold-control
60000.0,100.0,0.0016666666666666668,11.438468285092705,100.0,0.8448717467991744,threshold-control
60000.0,100.0,0.0016666666666666668,11.508642937148489,100.0,0.844668654164344,threshold-control
60000.0,100.0,0.0016666666666666668,11.578817589204272,100.0,0.8444653361437944,threshold-control
60000.0,100.0,0.0016666666666666668,11.648992241260055,100.0,0.844261792593465,threshold-control
60000.0,100.0,0.0016666666666666668,11.719166893315839,100.0,0.8440580233694878,threshold-control
60000.0,100.0,0.0016666666666666668,11.789341545371622,100.0,0.8438540283281892,threshold-control
60000.0,100.0,0.0016666666666666668,11.859516197427405,100.0,0.8436498073260907,threshold-control
60000.0,100.0,0.0016666666666666668,11.929690849483189,100.0,0.8434453602199093,threshold-control
60000.0,100.0,0.0016666666666666668,11.999865501538972,100.0,0.8432406868665591,threshold-control
60000.0,100.0,0.0016666666666666668,12.0,100.0,0.8432402943672624,threshold-control
60000.0,100.0,0.0016666666666666668,12.070040153594755,100.0,0.8430357871231517,threshold-control
60000.0,100.0,0.0016666666666666668,12.14021480565054,100.0,0.8428306608469974,threshold-control
60000.0,100.0,0.0016666666666666668,12.210389457706324,100.0,0.8426253078956062,threshold-control
60000.0,100.0,0.0016666666666666668,12.280564109762107,100.0,0.8424197281266881,threshold-control
60000.0,100.0,0.0016666666666666668,12.35073876181789,100.0,0.8422139213981549,threshold-control
60000.0,100.0,0.0016666666666666668,12.420913413873674,100.0,0.8420078875681205,threshold-control
60000.0,100.0,0.0016666666666666668,12.491088065929457,100.0,0.8418016264949019,threshold-control
60000.0,100.0,0.0016666666666666668,12.56126271798524,100.0,0.8415951380370205,threshold-control
60000.0,100.0,0.0016666666666666668,12.631437370041024,100.0,0.8413884220532023,threshold-control
60000.0,100.0,0.0016666666666666668,12.701612022096807,100.0,0.8411814784023799,threshold-control
60000.0,100.0,0.0016666666666666668,12.77178667415259,100.0,0.8409743069436921,threshold-control
60000.0,100.0,0.0016666666666666668,12.841961326208374,100.0,0.8407669075364859,threshold-control
60000.0,100.0,0.0016666666666666668,12.912135978264157,100.0,0.8405592800403171,threshold-control
60000.0,100.0,0.0016666666666666668,12.98231063031994,100.0,0.8403514243149509,threshold-control
60000.0,100.0,0.0016666666666666668,13.0,100.0,0.8402989927704656,threshold-control
60000.0,100.0,0.0016666666666666668,13.052485282375725,100.0,0.8401433402203633,threshold-control
60000.0,100.0,0.0016666666666666668,13.122659934431509,100.0,0.8399350276167418,threshold-control
60000.0,100.0,0.0016666666666666668,13.192834586487292,100.0,0.8397264863644862,threshold-control
60000.0,100.0,0.0016666666666666668,13.263009238543075,100.0,0.83951771632421,threshold-control
60000.0,100.0,0.0016666666666666668,13.333183890598859,100.0,0.8393087173567407,threshold-control
60000.0,100.0,0.0016666666666666668,13.403358542654642,100.0,0.8390994893231214,threshold-control
60000.0,100.0,0.0016666666666666668,13.473533194710425,100.0,0.8388900320846111,threshold-control
60000.0,100.0,0.0016666666666666668,13.543707846766209,100.0,0.838680345502686,threshold-control
60000.0,100.0,0.0016666666666666668,13.613882498821992,100.0,0.8384704294390406,threshold-control
60000.0,100.0,0.0016666666666666668,13.684057150877775,100.0,0.8382602837555883,threshold-control
60000.0,100.0,0.0016666666666666668,13.754231802933559,100.0,0.8380499083144622,threshold-control
60000.0,100.0,0.0016666666666666668,13.824406454989342,100.0,0.8378393029780168,threshold-control
60000.0,100.0,0.0016666666666666668,13.894581107045125,100.0,0.837628467608828,threshold-control
60000.0,100.0,0.0016666666666666668,13.96475575910091,100.0,0.837417402069695,threshold-control
60000.0,100.0,0.0016666666666666668,14.0,100.0,0.8373113104724146,threshold-control
60000.0,100.0,0.0016666666666666668,14.034930411156694,100.0,0.8372061062236401,threshold-control
60000.0,100.0,0.0016666666666666668,14.105105063212477,100.0,0.8369945799339108,threshold-control
60000.0,100.0,0.0016666666666666668,14.17527971526826,100.0,0.8367828230639802,threshold-control
60000.0,100.0,0.0016666666666666668,14.245454367324044,100.0,0.8365708354775476,threshold-control
60000.0,100.0,0.0016666666666666668,14.315629019379827,100.0,0.8363586170385405,threshold-control
60000.0,100.0,0.0016666666666666668,14.38580367143561,100.0,0.8361461676111144,threshold-control
60000.0,100.0,0.0016666666666666668,14.455978323491394,100.0,0.8359334870596542,threshold-control
60000.0,100.0,0.0016666666666666668,14.526152975547177,100.0,0.8357205752487755,threshold-control
60000.0,100.0,0.0016666666666666668,14.59632762760296,100.0,0.8355074320433254,threshold-control
60000.0,100.0,0.0016666666666666668,14.666502279658744,100.0,0.8352940573083829,threshold-control
60000.0,100.0,0.0016666666666666668,14.736676931714527,100.0,0.8350804509092605,threshold-control
60000.0,100.0,0.0016666666666666668,14.80685158377031,100.0,0.8348666127115051,threshold-control
60000.0,100.0,0.0016666666666666668,14.877026235826095,100.0,0.8346525425808984,threshold-control
60000.0,100.0,0.0016666666666666668,14.947200887881879,100.0,0.8344382403834588,threshold-control
60000.0,100.0,0.0016666666666666668,15.0,100.0,0.8342768472439084,threshold-control
60000.0,100.0,0.0016666666666666668,15.017375539937662,100.0,0.8342237059854414,threshold-control
60000.0,100.0,0.0016666666666666668,15.087550191993445,100.0,0.8340089392533396,threshold-control
60000.0,100.0,0.0016666666666666668,15.157724844049229,100.0,0.8337939400538859,threshold-control
60000.0,100.0,0.0016666666666666668,15.227899496105012,100.0,0.8335787082540527,threshold-control
60000.0,100.0,0.0016666666666666668,15.298074148160795,100.0,0.8333632437210534,threshold-control
60000.0,100.0,0.0016666666666666668,15.368248800216579,100.0,0.8331475463223438,threshold-control
60000.0,100.0,0.0016666666666666668,15.438423452272362,100.0,0.832931615925622,threshold-control
60000.0,100.0,0.0016666666666666668,15.508598104328145,100.0,0.8327154523988305,threshold-control
60000.0,100.0,0.0016666666666666668,15.578772756383929,100.0,0.8324990556101565,threshold-control
60000.0,100.0,0.0016666666666666668,15.648947408439712,100.0,0.832282425428033,threshold-control
60000.0,100.0,0.0016666666666666668,15.719122060495497,100.0,0.8320655617211401,threshold-control
60000.0,100.0,0.0016666666666666668,15.78929671255128,100.0,0.8318484643584054,threshold-control
60000.0,100.0,0.0016666666666666668,15.859471364607064,100.0,0.8316311332090057,threshold-control
60000.0,100.0,0.0016666666666666668,15.929646016662847,100.0,0.8314135681423672,threshold-control
60000.0,100.0,0.0016666666666666668,15.99982066871863,100.0,0.8311957690281672,threshold-control
60000.0,100.0,0.0016666666666666668,16.0,100.0,0.8311952121427313,threshold-control
60000.0,100.0,0.0016666666666666668,16.069995320774414,100.0,0.8309777357363343,threshold-control
60000.0,100.0,0.0016666666666666668,16.140169972830197,100.0,0.8307594681370503,threshold-control
60000.0,100.0,0.0016666666666666668,16.21034462488598,100.0,0.8305409661007503,threshold-control
60000.0,100.0,0.0016666666666666668,16.280519276941764,100.0,0.8303222294981245,threshold-control
60000.0,100.0,0.0016666666666666668,16.350693928997547,100.0,0.8301032582001187,threshold-control
60000.0,100.0,0.0016666666666666668,16.42086858105333,100.0,0.8298840520779348,threshold-control
60000.0,100.0,0.0016666666666666668,16.491043233109114,100.0,0.8296646110030332,threshold-control
60000.0,100.0,0.0016666666666666668,16.561217885164897,100.0,0.8294449348471326,threshold-control
60000.0,100.0,0.0016666666666666668,16.63139253722068,100.0,0.8292250234822109,threshold-control
60000.0,100.0,0.0016666666666666668,16.701567189276464,100.0,0.8290048767805076,threshold-control
60000.0,100.0,0.0016666666666666668,16.771741841332247,100.0,0.8287844946145229,threshold-control
60000.0,100.0,0.0016666666666666668,16.84191649338803,100.0,0.8285638768570198,threshold-control
60000.0,100.0,0.0016666666666666668,16.912091145443814,100.0,0.8283430233810256,threshold-control
60000.0,100.0,0.0016666666666666668,16.982265797499597,100.0,0.8281219340598313,threshold-control
60000.0,100.0,0.0016666666666666668,17.0,100.0,0.8280660240768076,threshold-control
60000.0,100.0,0.0016666666666666668,17.05244044955538,100.0,0.8279006087669941,threshold-control
60000.0,100.0,0.0016666666666666668,17.122615101611167,100.0,0.8276790473763375,threshold-control
60000.0,100.0,0.0016666666666666668,17.19278975366695,100.0,0.8274572497619529,threshold-control
60000.0,100.0,0.0016666666666666668,17.262964405722734,100.0,0.8272352157981999,threshold-control
60000.0,100.0,0.0016666666666666668,17.333139057778517,100.0,0.8270129453597082,threshold-control
60000.0,100.0,0.0016666666666666668,17.4033137098343,100.0,0.8267904383213776,threshold-control
60000.0,100.0,0.0016666666666666668,17.473488361890084,100.0,0.8265676945583799,threshold-control
60000.0,100.0,0.0016666666666666668,17.543663013945867,100.0,0.8263447139461593,threshold-control
60000.0,100.0,0.0016666666666666668,17.61383766600165,100.0,0.8261214963604337,threshold-control
60000.0,100.0,0.0016666666666666668,17.684012318057434,100.0,0.8258980416771957,threshold-control
60000.0,100.0,0.0016666666666666668,17.754186970113217,100.0,0.8256743497727136,threshold-control
60000.0,100.0,0.0016666666666666668,17.824361622169,100.0,0.825450420523532,threshold-control
60000.0,100.0,0.0016666666666666668,17.894536274224784,100.0,0.8252262538064734,threshold-control
60000.0,100.0,0.0016666666666666668,17.964710926280567,100.0,0.8250018494986391,threshold-control
60000.0,100.0,0.0016666666666666668,18.0,100.0,0.8248889123772638,threshold-control
60000.0,100.0,0.0016666666666666668,18.03488557833635,100.0,0.8247772074774099,threshold-control
60000.0,100.0,0.0016666666666666668,18.105060230392134,100.0,0.8245523276204473,threshold-control
60000.0,100.0,0.0016666666666666668,18.175234882447917,100.0,0.8243272098056944,threshold-control
60000.0,100.0,0.0016666666666666668,18.2454095345037,100.0,0.8241018539113774,threshold-control
60000.0,100.0,0.0016666666666666668,18.315584186559484,100.0,0.8238762598160059,threshold-control
60000.0,100.0,0.0016666666666666668,18.385758838615267,100.0,0.8236504273983742,threshold-control
60000.0,100.0,0.0016666666666666668,18.45593349067105,100.0,0.8234243565375629,threshold-control
60000.0,100.0,0.0016666666666666668,18.526108142726834,100.0,0.8231980471129388,threshold-control
60000.0,100.0,0.0016666666666666668,18.596282794782617,100.0,0.8229714990041566,threshold-control
60000.0,100.0,0.0016666666666666668,18.6664574468384,100.0,0.8227447120911603,threshold-control
60000.0,100.0,0.0016666666666666668,18.736632098894184,100.0,0.8225176862541832,threshold-control
60000.0,100.0,0.0016666666666666668,18.806806750949967,100.0,0.8222904213737499,threshold-control
60000.0,100.0,0.0016666666666666668,18.876981403005754,100.0,0.8220629173306766,threshold-control
60000.0,100.0,0.0016666666666666668,18.947156055061537,100.0,0.8218351740060725,threshold-control
60000.0,100.0,0.0016666666666666668,19.0,100.0,0.8216635173809538,threshold-control
60000.0,100.0,0.0016666666666666668,19.01733070711732,100.0,0.8216071912813411,threshold-control
60000.0,100.0,0.0016666666666666668,19.087505359173104,100.0,0.8213789690381802,threshold-control
60000.0,100.0,0.0016666666666666668,19.157680011228887,100.0,0.8211505071585842,threshold-control
60000.0,100.0,0.0016666666666666668,19.22785466328467,100.0,0.8209218055248444,threshold-control
60000.0,100.0,0.0016666666666666668,19.298029315340454,100.0,0.8206928640195499,threshold-control
60000.0,100.0,0.0016666666666666668,19.368203967396237,100.0,0.8204636825255893,threshold-control
60000.0,100.0,0.0016666666666666668,19.43837861945202,100.0,0.820234260926151,threshold-control
60000.0,100.0,0.0016666666666666668,19.508553271507804,100.0,0.8200045991047249,threshold-control
60000.0,100.0,0.0016666666666666668,19.578727923563587,100.0,0.8197746969451027,threshold-control
60000.0,100.0,0.0016666666666666668,19.64890257561937,100.0,0.8195445543313795,threshold-control
60000.0,100.0,0.0016666666666666668,19.719077227675154,100.0,0.8193141711479549,threshold-control
60000.0,100.0,0.0016666666666666668,19.789251879730937,100.0,0.8190835472795334,threshold-control
60000.0,100.0,0.0016666666666666668,19.85942653178672,100.0,0.818852682611126,threshold-control
60000.0,100.0,0.0016666666666666668,19.929601183842504,100.0,0.8186215770280513,threshold-control
60000.0,100.0,0.0016666666666666668,19.999775835898287,100.0,0.818390230415936,threshold-control
60000.0,100.0,0.0016666666666666668,20.0,100.0,0.8183894910219545,threshold-control
60000.0,100.0,0.0016666666666666668,20.06995048795407,100.0,0.8181586426607163,threshold-control
60000.0,100.0,0.0016666666666666668,20.140125140009854,100.0,0.8179268136486391,threshold-control
60000.0,100.0,0.0016666666666666668,20.210299792065637,100.0,0.8176947432662625,threshold-control
60000.0,100.0,0.0016666666666666668,20.28047444412142,100.0,0.8174624314004577,threshold-control
60000.0,100.0,0.0016666666666666668,20.350649096177204,100.0,0.817229877938409,threshold-control
60000.0,100.0,0.0016666666666666668,20.420823748232987,100.0,0.8169970827676155,threshold-control
60000.0,100.0,0.0016666666666666668,20.49099840028877,100.0,0.8167640457758922,threshold-control
60000.0,100.0,0.0016666666666666668,20.561173052344554,100.0,0.8165307668513708,threshold-control
60000.0,100.0,0.0016666666666666668,20.631347704400337,100.0,0.8162972458825006,threshold-control
60000.0,100.0,0.0016666666666666668,20.701522356456124,100.0,0.8160634827580499,threshold-control
60000.0,100.0,0.0016666666666666668,20.771697008511907,100.0,0.8158294773671069,threshold-control
60000.0,100.0,0.0016666666666666668,20.84187166056769,100.0,0.8155952295990807,threshold-control
60000.0,100.0,0.0016666666666666668,20.912046312623474,100.0,0.8153607393437026,threshold-control
60000.0,100.0,0.0016666666666666668,20.982220964679257,100.0,0.8151260064910264,threshold-control
60000.0,100.0,0.0016666666666666668,21.0,100.0,0.8150664974315045,threshold-control
60000.0,100.0,0.0016666666666666668,21.05239561673504,100.0,0.8148910309314307,threshold-control
60000.0,100.0,0.0016666666666666668,21.122570268790824,100.0,0.8146558125556188,threshold-control
60000.0,100.0,0.0016666666666666668,21.192744920846607,100.0,0.8144203512546203,threshold-control
60000.0,100.0,0.0016666666666666668,21.26291957290239,100.0,0.814184646919792,threshold-control
60000.0,100.0,0.0016666666666666668,21.333094224958174,100.0,0.8139486994428193,threshold-control
60000.0,100.0,0.0016666666666666668,21.403268877013957,100.0,0.8137125087157165,threshold-control
60000.0,100.0,0.0016666666666666668,21.47344352906974,100.0,0.8134760746308288,threshold-control
60000.0,100.0,0.0016666666666666668,21.543618181125524,100.0,0.8132393970808325,threshold-control
60000.0,100.0,0.0016666666666666668,21.613792833181307,100.0,0.8130024759587365,threshold-control
60000.0,100.0,0.0016666666666666668,21.68396748523709,100.0,0.8127653111578836,threshold-control
60000.0,100.0,0.0016666666666666668,21.754142137292874,100.0,0.812527902571951,threshold-control
60000.0,100.0,0.0016666666666666668,21.824316789348657,100.0,0.8122902500949515,threshold-control
60000.0,100.0,0.0016666666666666668,21.89449144140444,100.0,0.812052353621235,threshold-control
60000.0,100.0,0.0016666666666666668,21.964666093460224,100.0,0.8118142130454887,threshold-control
60000.0,100.0,0.0016666666666666668,22.0,100.0,0.811694213545811,threshold-control
60000.0,100.0,0.0016666666666666668,22.034840745516007,100.0,0.8115758282627394,threshold-control
60000.0,100.0,0.0016666666666666668,22.10501539757179,100.0,0.8113371991683535,threshold-control
60000.0,100.0,0.0016666666666666668,22.175190049627574,100.0,0.8110983256580382,threshold-control
60000.0,100.0,0.0016666666666666668,22.245364701683357,100.0,0.8108592076278432,threshold-control
60000.0,100.0,0.0016666666666666668,22.31553935373914,100.0,0.8106198449741611,threshold-control
60000.0,100.0,0.0016666666666666668,22.385714005794924,100.0,0.8103802375937289,threshold-control
60000.0,100.0,0.0016666666666666668,22.455888657850707,100.0,0.8101403853836285,threshold-control
60000.0,100.0,0.0016666666666666668,22.526063309906494,100.0,0.8099002882412887,threshold-control
60000.0,100.0,0.0016666666666666668,22.596237961962277,100.0,0.8096599460644852,threshold-control
60000.0,100.0,0.0016666666666666668,22.66641261401806,100.0,0.8094193587513425,threshold-control
60000.0,100.0,0.0016666666666666668,22.736587266073844,100.0,0.8091785262003348,threshold-control
60000.0,100.0,0.0016666666666666668,22.806761918129627,100.0,0.8089374483102864,threshold-control
60000.0,100.0,0.0016666666666666668,22.87693657018541,100.0,0.8086961249803737,threshold-control
60000.0,100.0,0.0016666666666666668,22.947111222241194,100.0,0.8084545561101256,threshold-control
60000.0,100.0,0.0016666666666666668,23.0,100.0,0.8082723297211087,threshold-control
60000.0,100.0,0.0016666666666666668,23.017285874296977,100.0,0.8082127415994254,threshold-control
60000.0,100.0,0.0016666666666666668,23.08746052635276,100.0,0.8079706813485104,threshold-control
60000.0,100.0,0.0016666666666666668,23.157635178408544,100.0,0.8077283752579745,threshold-control
60000.0,100.0,0.0016666666666666668,23.227809830464327,100.0,0.8074858232287687,threshold-control
60000.0,100.0,0.0016666666666666668,23.29798448252011,100.0,0.8072430251622019,threshold-control
60000.0,100.0,0.0016666666666666668,23.368159134575894,100.0,0.8069999809599423,threshold-control
60000.0,100.0,0.0016666666666666668,23.438333786631677,100.0,0.8067566905240181,threshold-control
60000.0,100.0,0.0016666666666666668,23.50850843868746,100.0,0.8065131537568193,threshold-control
60000.0,100.0,0.0016666666666666668,23.578683090743244,100.0,0.8062693705610982,threshold-control
60000.0,100.0,0.0016666666666666668,23.648857742799027,100.0,0.80602534083997,threshold-control
60000.0,100.0,0.0016666666666666668,23.71903239485481,100.0,0.8057810644969156,threshold-control
60000.0,100.0,0.0016666666666666668,23.789207046910594,100.0,0.8055365414357807,threshold-control
60000.0,100.0,0.0016666666666666668,23.859381698966377,100.0,0.8052917715607779,threshold-control
60000.0,100.0,0.0016666666666666668,23.92955635102216,100.0,0.8050467547764879,threshold-control
60000.0,100.0,0.0016666666666666668,23.999731003077944,100.0,0.8048014909878599,threshold-control
60000.0,100.0,0.0016666666666666668,24.0,100.0,0.8048005503553111,threshold-control
60000.0,100.0,0.0016666666666666668,24.069905655133727,100.0,0.8045559801002136,threshold-control
60000.0,100.0,0.0016666666666666668,24.14008030718951,100.0,0.8043102220192391,threshold-control
60000.0,100.0,0.0016666666666666668,24.210254959245294,100.0,0.8040642166509991,threshold-control
60000.0,100.0,0.0016666666666666668,24.28042961130108,100.0,0.8038179639019295,threshold-control
60000.0,100.0,0.0016666666666666668,24.350604263356864,100.0,0.8035714636788402,threshold-control
60000.0,100.0,0.0016666666666666668,24.420778915412647,100.0,0.803324715888917,threshold-control
60000.0,100.0,0.0016666666666666668,24.49095356746843,100.0,0.8030777204397216,threshold-control
60000.0,100.0,0.0016666666666666668,24.561128219524214,100.0,0.8028304772391935,threshold-control
60000.0,100.0,0.0016666666666666668,24.631302871579997,100.0,0.802582986195651,threshold-control
60000.0,100.0,0.0016666666666666668,24.70147752363578,100.0,0.8023352472177918,threshold-control
60000.0,100.0,0.0016666666666666668,24.771652175691564,100.0,0.8020872602146947,threshold-control
60000.0,100.0,0.0016666666666666668,24.841826827747347,100.0,0.8018390250958203,threshold-control
60000.0,100.0,0.0016666666666666668,24.91200147980313,100.0,0.8015905417710119,threshold-control
60000.0,100.0,0.0016666666666666668,24.982176131858914,100.0,0.8013418101504972,threshold-control
60000.0,100.0,0.0016666666666666668,25.0,100.0,0.8012785945155481,threshold-control
60000.0,100.0,0.0016666666666666668,25.052350783914697,100.0,0.8010928301448891,threshold-control
60000.0,100.0,0.0016666666666666668,25.12252543597048,100.0,0.8008436016651863,threshold-control
60000.0,100.0,0.0016666666666666668,25.192700088026264,100.0,0.8005941246227752,threshold-control
60000.0,100.0,0.0016666666666666668,25.262874740082047,100.0,0.8003443989294308,threshold-control
60000.0,100.0,0.0016666666666666668,25.33304939213783,100.0,0.8000944244973169,threshold-control
60000.0,100.0,0.0016666666666666668,25.403224044193614,100.0,0.7998442012389886,threshold-control
60000.0,100.0,0.0016666666666666668,25.473398696249397,100.0,0.7995937290673922,threshold-control
60000.0,100.0,0.0016666666666666668,25.54357334830518,100.0,0.7993430078958671,threshold-control
60000.0,100.0,0.0016666666666666668,25.613748000360964,100.0,0.7990920376381463,threshold-control
60000.0,100.0,0.0016666666666666668,25.683922652416747,100.0,0.798840818208358,threshold-control
60000.0,100.0,0.0016666666666666668,25.75409730447253,100.0,0.7985893495210261,threshold-control
60000.0,100.0,0.0016666666666666668,25.824271956528314,100.0,0.798337631491072,threshold-control
60000.0,100.0,0.0016666666666666668,25.894446608584097,100.0,0.7980856640338151,threshold-control
60000.0,100.0,0.0016666666666666668,25.96462126063988,100.0,0.7978334470649742,threshold-control
60000.0,100.0,0.0016666666666666668,26.0,100.0,0.7977061965708427,threshold-control
60000.0,100.0,0.0016666666666666668,26.034795912695664,100.0,0.7975809805006684,threshold-control
60000.0,100.0,0.0016666666666666668,26.10497056475145,100.0,0.7973282642574184,threshold-control
60000.0,100.0,0.0016666666666666668,26.175145216807234,100.0,0.7970752982521474,threshold-control
60000.0,100.0,0.0016666666666666668,26.245319868863017,100.0,0.7968220824021826,threshold-control
60000.0,100.0,0.0016666666666666668,26.3154945209188,100.0,0.7965686166252555,threshold-control
60000.0,100.0,0.0016666666666666668,26.385669172974584,100.0,0.7963149008395036,threshold-control
60000.0,100.0,0.0016666666666666668,26.455843825030367,100.0,0.7960609349634717,threshold-control
60000.0,100.0,0.0016666666666666668,26.52601847708615,100.0,0.7958067189161124,threshold-control
60000.0,100.0,0.0016666666666666668,26.596193129141934,100.0,0.7955522526167873,threshold-control
60000.0,100.0,0.0016666666666666668,26.666367781197717,100.0,0.7952975359852686,threshold-control
60000.0,100.0,0.0016666666666666668,26.7365424332535,100.0,0.7950425689417396,threshold-control
60000.0,100.0,0.0016666666666666668,26.806717085309284,100.0,0.7947873514067961,threshold-control
60000.0,100.0,0.0016666666666666668,26.876891737365067,100.0,0.7945318833014474,threshold-control
60000.0,100.0,0.0016666666666666668,26.94706638942085,100.0,0.7942761645471176,threshold-control
60000.0,100.0,0.0016666666666666668,27.0,100.0,0.7940831068291292,threshold-control
60000.0,100.0,0.0016666666666666668,27.017241041476634,100.0,0.7940201950656463,threshold-control
60000.0,100.0,0.0016666666666666668,27.087415693532417,100.0,0.7937639747792901,threshold-control
60000.0,100.0,0.0016666666666666668,27.1575903455882,100.0,0.7935075036107232,threshold-control
60000.0,100.0,0.0016666666666666668,27.227764997643984,100.0,0.7932507814830393,threshold-control
60000.0,100.0,0.0016666666666666668,27.297939649699767,100.0,0.792993808319752,threshold-control
60000.0,100.0,0.0016666666666666668,27.36811430175555,100.0,0.7927365840447959,threshold-control
60000.0,100.0,0.0016666666666666668,27.438288953811334,100.0,0.7924791085825281,threshold-control
60000.0,100.0,0.0016666666666666668,27.508463605867117,100.0,0.7922213818577293,threshold-control
60000.0,100.0,0.0016666666666666668,27.5786382579229,100.0,0.7919634037956043,threshold-control
60000.0,100.0,0.0016666666666666668,27.648812909978684,100.0,0.7917051743217836,threshold-control
60000.0,100.0,0.0016666666666666668,27.718987562034467,100.0,0.7914466933623246,threshold-control
60000.0,100.0,0.0016666666666666668,27.78916221409025,100.0,0.7911879608437125,threshold-control
60000.0,100.0,0.0016666666666666668,27.859336866146037,100.0,0.7909289766928611,threshold-control
60000.0,100.0,0.0016666666666666668,27.92951151820182,100.0,0.7906697408371144,threshold-control
60000.0,100.0,0.0016666666666666668,27.999686170257604,100.0,0.7904102532042476,threshold-control
60000.0,100.0,0.0016666666666666668,28.0,100.0,0.790409092177774,threshold-control
60000.0,100.0,0.0016666666666666668,28.069860822313387,100.0,0.7901505137224677,threshold-control
60000.0,100.0,0.0016666666666666668,28.14003547436917,100.0,0.7898905223204153,threshold-control
60000.0,100.0,0.0016666666666666668,28.210210126424954,100.0,0.7896302789271654,threshold-control
60000.0,100.0,0.0016666666666666668,28.280384778480737,100.0,0.7893697834722282,threshold-control
60000.0,100.0,0.0016666666666666668,28.35055943053652,100.0,0.7891090358855509,threshold-control
60000.0,100.0,0.0016666666666666668,28.420734082592304,100.0,0.7888480360975181,threshold-control
60000.0,100.0,0.0016666666666666668,28.490908734648087,100.0,0.7885867840389531,threshold-control
60000.0,100.0,0.0016666666666666668,28.56108338670387,100.0,0.7883252796411193,threshold-control
60000.0,100.0,0.0016666666666666668,28.631258038759654,100.0,0.788063522835721,threshold-control
60000.0,100.0,0.0016666666666666668,28.701432690815437,100.0,0.7878015135549045,threshold-control
60000.0,100.0,0.0016666666666666668,28.77160734287122,100.0,0.7875392517312594,threshold-control
60000.0,100.0,0.0016666666666666668,28.841781994927004,100.0,0.7872767372978196,threshold-control
60000.0,100.0,0.0016666666666666668,28.911956646982787,100.0,0.787013970188064,threshold-control
60000.0,100.0,0.0016666666666666668,28.98213129903857,100.0,0.7867509503359185,threshold-control
60000.0,100.0,0.0016666666666666668,29.0,100.0,0.7866839367267137,threshold-control
60000.0,100.0,0.0016666666666666668,29.052305951094354,100.0,0.7864876776757563,threshold-control
60000.0,100.0,0.0016666666666666668,29.122480603150137,100.0,0.7862241521423993,threshold-control
60000.0,100.0,0.0016666666666666668,29.19265525520592,100.0,0.7859603736711189,threshold-control
60000.0,100.0,0.0016666666666666668,29.262829907261704,100.0,0.7856963421976382,threshold-control
60000.0,100.0,0.0016666666666666668,29.333004559317487,100.0,0.7854320576581311,threshold-control
60000.0,100.0,0.0016666666666666668,29.40317921137327,100.0,0.7851675199892254,threshold-control
60000.0,100.0,0.0016666666666666668,29.473353863429054,100.0,0.784902729128003,threshold-control
60000.0,100.0,0.0016666666666666668,29.543528515484837,100.0,0.7846376850120006,threshold-control
60000.0,100.0,0.0016666666666666668,29.61370316754062,100.0,0.7843723875792117,threshold-control
60000.0,100.0,0.0016666666666666668,29.683877819596407,100.0,0.7841068367680871,threshold-control
60000.0,100.0,0.0016666666666666668,29.75405247165219,100.0,0.7838410325175362,threshold-control
60000.0,100.0,0.0016666666666666668,29.824227123707974,100.0,0.783574974766928,threshold-control
60000.0,100.0,0.0016666666666666668,29.894401775763757,100.0,0.7833086634560922,threshold-control
60000.0,100.0,0.0016666666666666668,29.96457642781954,100.0,0.7830420985253204,threshold-control
60000.0,100.0,0.0016666666666666668,30.0,100.0,0.7829074424532789,threshold-control
60000.0,100.0,0.0016666666666666668,30.034751079875324,100.0,0.7827752799153673,threshold-control
60000.0,100.0,0.0016666666666666668,30.104925731931107,100.0,0.7825082075674514,threshold-control
60000.0,100.0,0.0016666666666666668,30.17510038398689,100.0,0.7822408814232567,threshold-control
60000.0,100.0,0.0016666666666666668,30.245275036042674,100.0,0.7819733014249328,threshold-control
60000.0,100.0,0.0016666666666666668,30.315449688098457,100.0,0.7817054675150975,threshold-control
60000.0,100.0,0.0016666666666666668,30.38562434015424,100.0,0.7814373796368362,threshold-control
60000.0,100.0,0.0016666666666666668,30.455798992210024,100.0,0.7811690377337044,threshold-control
60000.0,100.0,0.0016666666666666668,30.525973644265807,100.0,0.7809004417497281,threshold-control
60000.0,100.0,0.0016666666666666668,30.59614829632159,100.0,0.7806315916294048,threshold-control
60000.0,100.0,0.0016666666666666668,30.666322948377374,100.0,0.7803624873177051,threshold-control
60000.0,100.0,0.0016666666666666668,30.736497600433157,100.0,0.7800931287600733,threshold-control
60000.0,100.0,0.0016666666666666668,30.80667225248894,100.0,0.7798235159024289,threshold-control
60000.0,100.0,0.0016666666666666668,30.876846904544724,100.0,0.7795536486911675,threshold-control
60000.0,100.0,0.0016666666666666668,30.947021556600507,100.0,0.7792835270731616,threshold-control
60000.0,100.0,0.0016666666666666668,31.0,100.0,0.7790794298477282,threshold-control
60000.0,100.0,0.0016666666666666668,31.01719620865629,100.0,0.7790131509957625,threshold-control
60000.0,100.0,0.0016666666666666668,31.087370860712074,100.0,0.7787425204068005,threshold-control
60000.0,100.0,0.0016666666666666668,31.157545512767857,100.0,0.7784716352545864,threshold-control
60000.0,100.0,0.0016666666666666668,31.22772016482364,100.0,0.7782004954879127,threshold-control
60000.0,100.0,0.0016666666666666668,31.297894816879424,100.0,0.7779291010560548,threshold-control
60000.0,100.0,0.0016666666666666668,31.368069468935207,100.0,0.7776574519087714,threshold-control
60000.0,100.0,0.0016666666666666668,31.438244120990994,100.0,0.7773855479963063,threshold-control
60000.0,100.0,0.0016666666666666668,31.508418773046778,100.0,0.7771133892693893,threshold-control
60000.0,100.0,0.0016666666666666668,31.57859342510256,100.0,0.7768409756792373,threshold-control
60000.0,100.0,0.0016666666666666668,31.648768077158344,100.0,0.7765683071775551,threshold-control
60000.0,100.0,0.0016666666666666668,31.718942729214127,100.0,0.7762953837165368,threshold-control
60000.0,100.0,0.0016666666666666668,31.78911738126991,100.0,0.776022205248867,threshold-control
60000.0,100.0,0.0016666666666666668,31.859292033325694,100.0,0.7757487717277216,threshold-control
60000.0,100.0,0.0016666666666666668,31.929466685381477,100.0,0.7754750831067689,threshold-control
60000.0,100.0,0.0016666666666666668,31.99964133743726,100.0,0.775201139340171,threshold-control
60000.0,100.0,0.0016666666666666668,32.0,100.0,0.7751997385584724,threshold-control
60000.0,100.0,0.0016666666666666668,32.069815989493044,100.0,0.7749269403825844,threshold-control
60000.0,100.0,0.0016666666666666668,32.13999064154883,100.0,0.7746524861891616,threshold-control
60000.0,100.0,0.0016666666666666668,32.21016529360461,100.0,0.774377776715552,threshold-control
60000.0,100.0,0.0016666666666666668,32.280339945660394,100.0,0.7741028119179028,threshold-control
60000.0,100.0,0.0016666666666666668,32.35051459771618,100.0,0.7738275917528603,threshold-control
60000.0,100.0,0.0016666666666666668,32.42068924977196,100.0,0.7735521161775708,threshold-control
60000.0,100.0,0.0016666666666666668,32.490863901827744,100.0,0.773276385149682,threshold-control
60000.0,100.0,0.0016666666666666668,32.56103855388353,100.0,0.7730003986273439,threshold-control
60000.0,100.0,0.0016666666666666668,32.63121320593931,100.0,0.7727241565692097,threshold-control
60000.0,100.0,0.0016666666666666668,32.701387857995094,100.0,0.772447658934437,threshold-control
60000.0,100.0,0.0016666666666666668,32.77156251005088,100.0,0.7721709056826895,threshold-control
60000.0,100.0,0.0016666666666666668,32.84173716210666,100.0,0.7718938967741369,threshold-control
60000.0,100.0,0.0016666666666666668,32.911911814162444,100.0,0.771616632169457,threshold-control
60000.0,100.0,0.0016666666666666668,32.98208646621823,100.0,0.7713391118298362,threshold-control
60000.0,100.0,0.0016666666666666668,33.0,100.0,0.7712682280359241,threshold-control
60000.0,100.0,0.0016666666666666668,33.05226111827401,100.0,0.7710613357169709,threshold-control
60000.0,100.0,0.0016666666666666668,33.122435770329794,100.0,0.7707833037930685,threshold-control
60000.0,100.0,0.0016666666666666668,33.19261042238558,100.0,0.7705050160208484,threshold-control
60000.0,100.0,0.0016666666666666668,33.26278507444136,100.0,0.770226472363543,threshold-control
60000.0,100.0,0.0016666666666666668,33.332959726497144,100.0,0.7699476727848993,threshold-control
60000.0,100.0,0.0016666666666666668,33.40313437855293,100.0,0.7696686172491792,threshold-control
60000.0,100.0,0.0016666666666666668,33.47330903060871,100.0,0.7693893057211612,threshold-control
60000.0,100.0,0.0016666666666666668,33.543483682664494,100.0,0.7691097381661409,threshold-control
60000.0,100.0,0.0016666666666666668,33.61365833472028,100.0,0.768829914549933,threshold-control
60000.0,100.0,0.0016666666666666668,33.68383298677606,100.0,0.7685498348388715,threshold-control
60000.0,100.0,0.0016666666666666668,33.754007638831844,100.0,0.7682694989998109,threshold-control
60000.0,100.0,0.0016666666666666668,33.82418229088763,100.0,0.7679889070001278,threshold-control
60000.0,100.0,0.0016666666666666668,33.89435694294341,100.0,0.7677080588077215,threshold-control
60000.0,100.0,0.0016666666666666668,33.964531594999194,100.0,0.7674269543910152,threshold-control
60000.0,100.0,0.0016666666666666668,34.0,100.0,0.7672847781738663,threshold-control
60000.0,100.0,0.0016666666666666668,34.03470624705498,100.0,0.767145593718957,threshold-control
60000.0,100.0,0.0016666666666666668,34.10488089911076,100.0,0.7668639767610211,threshold-control
60000.0,100.0,0.0016666666666666668,34.17505555116655,100.0,0.7665821034872091,threshold-control
60000.0,100.0,0.0016666666666666668,34.245230203222334,100.0,0.7662999738680504,threshold-control
60000.0,100.0,0.0016666666666666668,34.31540485527812,100.0,0.766017587874604,threshold-control
60000.0,100.0,0.0016666666666666668,34.3855795073339,100.0,0.7657349454784589,threshold-control
60000.0,100.0,0.0016666666666666668,34.455754159389684,100.0,0.7654520466517359,threshold-control
60000.0,100.0,0.0016666666666666668,34.52592881144547,100.0,0.7651688913670881,threshold-control
60000.0,100.0,0.0016666666666666668,34.59610346350125,100.0,0.764885479597702,threshold-control
60000.0,100.0,0.0016666666666666668,34.666278115557034,100.0,0.764601811317299,threshold-control
60000.0,100.0,0.0016666666666666668,34.73645276761282,100.0,0.7643178865001359,threshold-control
60000.0,100.0,0.0016666666666666668,34.8066274196686,100.0,0.7640337051210067,threshold-control
60000.0,100.0,0.0016666666666666668,34.876802071724384,100.0,0.7637492671552425,threshold-control
60000.0,100.0,0.0016666666666666668,34.94697672378017,100.0,0.7634645725787141,threshold-control
60000.0,100.0,0.0016666666666666668,35.0,100.0,0.7632492899471913,threshold-control
60000.0,100.0,0.0016666666666666668,35.01715137583595,100.0,0.7631796213678317,threshold-control
60000.0,100.0,0.0016666666666666668,35.087326027891734,100.0,0.7628944134995465,threshold-control
60000.0,100.0,0.0016666666666666668,35.15750067994752,100.0,0.762608948951352,threshold-control
60000.0,100.0,0.0016666666666666668,35.2276753320033,100.0,0.7623232277012849,threshold-control
60000.0,100.0,0.0016666666666666668,35.297849984059084,100.0,0.7620372497279257,threshold-control
60000.0,100.0,0.0016666666666666668,35.36802463611487,100.0,0.7617510150104008,threshold-control
60000.0,100.0,0.0016666666666666668,35.43819928817065,100.0,0.7614645235283819,threshold-control
60000.0,100.0,0.0016666666666666668,35.508373940226434,100.0,0.761177775262089,threshold-control
60000.0,100.0,0.0016666666666666668,35.57854859228222,100.0,0.7608907701922901,threshold-control
60000.0,100.0,0.0016666666666666668,35.648723244338,100.0,0.7606035083003028,threshold-control
60000.0,100.0,0.0016666666666666668,35.718897896393784,100.0,0.760315989567995,threshold-control
60000.0,100.0,0.0016666666666666668,35.78907254844957,100.0,0.7600282139777864,threshold-control
60000.0,100.0,0.0016666666666666668,35.85924720050535,100.0,0.7597401815126493,threshold-control
60000.0,100.0,0.0016666666666666668,35.929421852561134,100.0,0.7594518921561098,threshold-control
60000.0,100.0,0.0016666666666666668,35.99959650461692,100.0,0.7591633458922483,threshold-control
60000.0,100.0,0.0016666666666666668,36.0,100.0,0.7591616860448185,threshold-control
60000.0,100.0,0.0016666666666666668,36.0697711566727,100.0,0.7588745427057015,threshold-control
60000.0,100.0,0.0016666666666666668,36.139945808728484,100.0,0.7585854825816626,threshold-control
60000.0,100.0,0.0016666666666666668,36.21012046078427,100.0,0.7582961655058829,threshold-control
60000.0,100.0,0.0016666666666666668,36.28029511284005,100.0,0.7580065914646723,threshold-control
60000.0,100.0,0.0016666666666666668,36.350469764895834,100.0,0.757716760444901,threshold-control
60000.0,100.0,0.0016666666666666668,36.42064441695162,100.0,0.7574266724340002,threshold-control
60000.0,100.0,0.0016666666666666668,36.4908190690074,100.0,0.7571363274199628,threshold-control
60000.0,100.0,0.0016666666666666668,36.560993721063184,100.0,0.7568457253913454,threshold-control
60000.0,100.0,0.0016666666666666668,36.63116837311897,100.0,0.7565548663372681,threshold-control
60000.0,100.0,0.0016666666666666668,36.70134302517475,100.0,0.7562637502474165,threshold-control
60000.0,100.0,0.0016666666666666668,36.771517677230534,100.0,0.7559723771120426,threshold-control
60000.0,100.0,0.0016666666666666668,36.84169232928632,100.0,0.7556807469219653,threshold-control
60000.0,100.0,0.0016666666666666668,36.9118669813421,100.0,0.7553888596685718,threshold-control
60000.0,100.0,0.0016666666666666668,36.982041633397884,100.0,0.755096715343819,threshold-control
60000.0,100.0,0.0016666666666666668,37.0,100.0,0.7550219114965642,threshold-control
60000.0,100.0,0.0016666666666666668,37.05221628545367,100.0,0.7548043139402338,threshold-control
60000.0,100.0,0.0016666666666666668,37.12239093750945,100.0,0.7545116554509147,threshold-control
60000.0,100.0,0.0016666666666666668,37.192565589565234,100.0,0.7542187398695324,threshold-control
60000.0,100.0,0.0016666666666666668,37.26274024162102,100.0,0.7539255671903313,threshold-control
60000.0,100.0,0.0016666666666666668,37.3329148936768,100.0,0.7536321374081303,threshold-control
60000.0,100.0,0.0016666666666666668,37.403089545732584,100.0,0.7533384505183235,threshold-control
60000.0,100.0,0.0016666666666666668,37.47326419778837,100.0,0.7530445065168818,threshold-control
60000.0,100.0,0.0016666666666666668,37.54343884984415,100.0,0.7527503054003537,threshold-control
60000.0,100.0,0.0016666666666666668,37.613613501899934,100.0,0.7524558471658661,threshold-control
60000.0,100.0,0.0016666666666666668,37.68378815395572,100.0,0.7521611318111256,threshold-control
60000.0,100.0,0.0016666666666666668,37.75396280601151,100.0,0.7518661593344196,threshold-control
60000.0,100.0,0.0016666666666666668,37.82413745806729,100.0,0.7515709297346169,threshold-control
60000.0,100.0,0.0016666666666666668,37.894312110123074,100.0,0.7512754430111691,threshold-control
60000.0,100.0,0.0016666666666666668,37.96448676217886,100.0,0.7509796991641114,threshold-control
60000.0,100.0,0.0016666666666666668,38.0,100.0,0.7508299342926966,threshold-control
60000.0,100.0,0.0016666666666666668,38.03466141423464,100.0,0.750683698194064,threshold-control
60000.0,100.0,0.0016666666666666668,38.104836066290424,100.0,0.7503874401022324,threshold-control
60000.0,100.0,0.0016666666666666668,38.17501071834621,100.0,0.7500909248904088,threshold-control
60000.0,100.0,0.0016666666666666668,38.24518537040199,100.0,0.7497941525609741,threshold-control
60000.0,100.0,0.0016666666666666668,38.315360022457774,100.0,0.7494971231168966,threshold-control
60000.0,100.0,0.0016666666666666668,38.38553467451356,100.0,0.7491998365617355,threshold-control
60000.0,100.0,0.0016666666666666668,38.45570932656934,100.0,0.7489022928996399,threshold-control
60000.0,100.0,0.0016666666666666668,38.525883978625124,100.0,0.7486044921353514,threshold-control
60000.0,100.0,0.0016666666666666668,38.59605863068091,100.0,0.7483064342742041,threshold-control
60000.0,100.0,0.0016666666666666668,38.66623328273669,100.0,0.7480081193221256,threshold-control
60000.0,100.0,0.0016666666666666668,38.736407934792474,100.0,0.7477095472856389,threshold-control
60000.0,100.0,0.0016666666666666668,38.80658258684826,100.0,0.7474107181718623,threshold-control
60000.0,100.0,0.0016666666666666668,38.87675723890404,100.0,0.7471116319885112,threshold-control
60000.0,100.0,0.0016666666666666668,38.946931890959824,100.0,0.7468122887438988,threshold-control
60000.0,100.0,0.0016666666666666668,39.0,100.0,0.7465857459948725,threshold-control
60000.0,100.0,0.0016666666666666668,39.01710654301561,100.0,0.7465126884469366,threshold-control
60000.0,100.0,0.0016666666666666668,39.08728119507139,100.0,0.7462128311071367,threshold-control
60000.0,100.0,0.0016666666666666668,39.157455847127174,100.0,0.7459127167346113,threshold-control
60000.0,100.0,0.0016666666666666668,39.22763049918296,100.0,0.7456123453400748,threshold-control
60000.0,100.0,0.0016666666666666668,39.29780515123874,100.0,0.7453117169348442,threshold-control
60000.0,100.0,0.0016666666666666668,39.367979803294524,100.0,0.7450108315308401,threshold-control
60000.0,100.0,0.0016666666666666668,39.43815445535031,100.0,0.7447096891405884,threshold-control
60000.0,100.0,0.0016666666666666668,39.50832910740609,100.0,0.74440828977722,threshold-control
60000.0,100.0,0.0016666666666666668,39.578503759461874,100.0,0.7441066334544728,threshold-control
60000.0,100.0,0.0016666666666666668,39.64867841151766,100.0,0.7438047201866926,threshold-control
60000.0,100.0,0.0016666666666666668,39.71885306357344,100.0,0.743502549988834,threshold-control
60000.0,100.0,0.0016666666666666668,39.789027715629224,100.0,0.7432001228764606,threshold-control
60000.0,100.0,0.0016666666666666668,39.85920236768501,100.0,0.7428974388657474,threshold-control
60000.0,100.0,0.0016666666666666668,39.92937701974079,100.0,0.7425944979734804,threshold-control
60000.0,100.0,0.0016666666666666668,39.999551671796574,100.0,0.7422913002170586,threshold-control
60000.0,100.0,0.0016666666666666668,40.0,100.0,0.7422893623371215,threshold-control
60000.0,100.0,0.0016666666666666668,40.06972632385236,100.0,0.7419878456144942,threshold-control
60000.0,100.0,0.0016666666666666668,40.13990097590814,100.0,0.7416841341844143,threshold-control
60000.0,100.0,0.0016666666666666668,40.210075627963924,100.0,0.7413801659460615,threshold-control
60000.0,100.0,0.0016666666666666668,40.28025028001971,100.0,0.7410759409192944,threshold-control
60000.0,100.0,0.0016666666666666668,40.35042493207549,100.0,0.7407714591245895,threshold-control
60000.0,100.0,0.0016666666666666668,40.420599584131274,100.0,0.7404667205830415,threshold-control
60000.0,100.0,0.0016666666666666668,40.49077423618706,100.0,0.7401617253163649,threshold-control
60000.0,100.0,0.0016666666666666668,40.56094888824284,100.0,0.7398564733468938,threshold-control
60000.0,100.0,0.0016666666666666668,40.631123540298624,100.0,0.7395509646975837,threshold-control
60000.0,100.0,0.0016666666666666668,40.70129819235441,100.0,0.7392451993920132,threshold-control
60000.0,100.0,0.0016666666666666668,40.77147284441019,100.0,0.738939177454383,threshold-control
60000.0,100.0,0.0016666666666666668,40.841647496465974,100.0,0.7386328989095188,threshold-control
60000.0,100.0,0.0016666666666666668,40.91182214852176,100.0,0.7383263637828708,threshold-control
60000.0,100.0,0.0016666666666666668,40.98199680057754,100.0,0.7380195721005155,threshold-control
60000.0,100.0,0.0016666666666666668,41.0,100.0,0.7379408238155104,threshold-control
60000.0,100.0,0.0016666666666666668,41.052171452633324,100.0,0.7377125238891566,threshold-control
60000.0,100.0,0.0016666666666666668,41.12234610468911,100.0,0.7374052191761253,threshold-control
60000.0,100.0,0.0016666666666666668,41.19252075674489,100.0,0.7370976579893822,threshold-control
60000.0,100.0,0.0016666666666666668,41.262695408800674,100.0,0.7367898403575175,threshold-control
60000.0,100.0,0.0016666666666666668,41.332870060856465,100.0,0.7364817663097519,threshold-control
60000.0,100.0,0.0016666666666666668,41.40304471291225,100.0,0.7361734358759384,threshold-control
60000.0,100.0,0.0016666666666666668,41.47321936496803,100.0,0.7358648490865622,threshold-control
60000.0,100.0,0.0016666666666666668,41.543394017023815,100.0,0.7355560059727424,threshold-control
60000.0,100.0,0.0016666666666666668,41.6135686690796,100.0,0.7352469065662324,threshold-control
60000.0,100.0,0.0016666666666666668,41.68374332113538,100.0,0.734937550899421,threshold-control
60000.0,100.0,0.0016666666666666668,41.753917973191164,100.0,0.7346279390053336,threshold-control
60000.0,100.0,0.0016666666666666668,41.82409262524695,100.0,0.7343180709176331,threshold-control
60000.0,100.0,0.0016666666666666668,41.89426727730273,100.0,0.73400794667062,threshold-control
60000.0,100.0,0.0016666666666666668,41.964441929358514,100.0,0.7336975662992347,threshold-control
60000.0,100.0,0.0016666666666666668,42.0,100.0,0.7335401962650926,threshold-control
60000.0,100.0,0.0016666666666666668,42.0346165814143,100.0,0.733386929839057,threshold-control
60000.0,100.0,0.0016666666666666668,42.10479123347008,100.0,0.7330760373263081,threshold-control
60000.0,100.0,0.0016666666666666668,42.174965885525864,100.0,0.7327648887978513,threshold-control
60000.0,100.0,0.0016666666666666668,42.24514053758165,100.0,0.7324534842911923,threshold-control
60000.0,100.0,0.0016666666666666668,42.31531518963743,100.0,0.7321418238444808,threshold-control
60000.0,100.0,0.0016666666666666668,42.385489841693214,100.0,0.7318299074965111,threshold-control
60000.0,100.0,0.0016666666666666668,42.455664493749,100.0,0.7315177352867233,threshold-control
60000.0,100.0,0.0016666666666666668,42.52583914580478,100.0,0.7312053072552033,threshold-control
60000.0,100.0,0.0016666666666666668,42.596013797860564,100.0,0.7308926234426854,threshold-control
60000.0,100.0,0.0016666666666666668,42.66618844991635,100.0,0.7305796838905513,threshold-control
60000.0,100.0,0.0016666666666666668,42.73636310197213,100.0,0.7302664886408323,threshold-control
60000.0,100.0,0.0016666666666666668,42.806537754027914,100.0,0.7299530377362098,threshold-control
60000.0,100.0,0.0016666666666666668,42.8767124060837,100.0,0.7296393312200162,threshold-control
60000.0,100.0,0.0016666666666666668,42.94688705813948,100.0,0.7293253691362356,threshold-control
60000.0,100.0,0.0016666666666666668,43.0,100.0,0.7290875714227214,threshold-control
60000.0,100.0,0.0016666666666666668,43.017061710195264,100.0,0.7290111515295048,threshold-control
60000.0,100.0,0.0016666666666666668,43.08723636225105,100.0,0.7286966784451148,threshold-control
60000.0,100.0,0.0016666666666666668,43.15741101430683,100.0,0.7283819499290103,threshold-control
60000.0,100.0,0.0016666666666666668,43.227585666362614,100.0,0.7280669660277923,threshold-control
60000.0,100.0,0.0016666666666666668,43.2977603184184,100.0,0.7277517267887177,threshold-control
60000.0,100.0,0.0016666666666666668,43.36793497047418,100.0,0.7274362322597003,threshold-control
60000.0,100.0,0.0016666666666666668,43.438109622529964,100.0,0.7271204824893128,threshold-control
60000.0,100.0,0.0016666666666666668,43.50828427458575,100.0,0.726804477526786,threshold-control
60000.0,100.0,0.0016666666666666668,43.57845892664153,100.0,0.7264882174220111,threshold-control
60000.0,100.0,0.0016666666666666668,43.648633578697314,100.0,0.7261717022255397,threshold-control
60000.0,100.0,0.0016666666666666668,43.7188082307531,100.0,0.7258549319885852,threshold-control
60000.0,100.0,0.0016666666666666668,43.78898288280888,100.0,0.7255379067630232,threshold-control
60000.0,100.0,0.0016666666666666668,43.859157534864664,100.0,0.7252206266013927,threshold-control
60000.0,100.0,0.0016666666666666668,43.92933218692045,100.0,0.724903091556897,threshold-control
60000.0,100.0,0.0016666666666666668,43.99950683897623,100.0,0.7245853016834043,threshold-control
60000.0,100.0,0.0016666666666666668,44.0,100.0,0.724583067474282,threshold-control
60000.0,100.0,0.0016666666666666668,44.069681491032014,100.0,0.7242672570354486,threshold-control
60000.0,100.0,0.0016666666666666668,44.1398561430878,100.0,0.723948957668231,threshold-control
60000.0,100.0,0.0016666666666666668,44.21003079514358,100.0,0.7236304036376197,threshold-control
60000.0,100.0,0.0016666666666666668,44.280205447199364,100.0,0.7233115950001516,threshold-control
60000.0,100.0,0.0016666666666666668,44.35038009925515,100.0,0.7229925318130331,threshold-control
60000.0,100.0,0.0016666666666666668,44.42055475131093,100.0,0.7226732141341403,threshold-control
60000.0,100.0,0.0016666666666666668,44.490729403366714,100.0,0.7223536420220207,threshold-control
60000.0,100.0,0.0016666666666666668,44.5609040554225,100.0,0.7220338155358934,threshold-control
60000.0,100.0,0.0016666666666666668,44.63107870747828,100.0,0.7217137347356501,threshold-control
60000.0,100.0,0.0016666666666666668,44.701253359534064,100.0,0.7213933996818562,threshold-control
60000.0,100.0,0.0016666666666666668,44.77142801158985,100.0,0.7210728104357516,threshold-control
60000.0,100.0,0.0016666666666666668,44.84160266364563,100.0,0.7207519670592506,threshold-control
60000.0,100.0,0.0016666666666666668,44.911777315701414,100.0,0.7204308696149442,threshold-control
60000.0,100.0,0.0016666666666666668,44.981951967757205,100.0,0.7201095181661002,threshold-control
60000.0,100.0,0.0016666666666666668,45.0,100.0,0.7200268295848822,threshold-control
60000.0,100.0,0.0016666666666666668,45.05212661981299,100.0,0.7197879127766638,threshold-control
60000.0,100.0,0.0016666666666666668,45.12230127186877,100.0,0.7194660535112587,threshold-control
60000.0,100.0,0.0016666666666666668,45.192475923924555,100.0,0.719143940435188,threshold-control
60000.0,100.0,0.0016666666666666668,45.26265057598034,100.0,0.7188215736144349,threshold-control
60000.0,100.0,0.0016666666666666668,45.33282522803612,100.0,0.7184989531156633,threshold-control
60000.0,100.0,0.0016666666666666668,45.402999880091905,100.0,0.7181760790062188,threshold-control
60000.0,100.0,0.0016666666666666668,45.47317453214769,100.0,0.7178529513541302,threshold-control
60000.0,100.0,0.0016666666666666668,45.54334918420347,100.0,0.7175295702281087,threshold-control
60000.0,100.0,0.0016666666666666668,45.613523836259255,100.0,0.7172059356975504,threshold-control
60000.0,100.0,0.0016666666666666668,45.68369848831504,100.0,0.7168820478325357,threshold-control
60000.0,100.0,0.0016666666666666668,45.75387314037082,100.0,0.7165579067038315,threshold-control
60000.0,100.0,0.0016666666666666668,45.824047792426605,100.0,0.7162335123828905,threshold-control
60000.0,100.0,0.0016666666666666668,45.89422244448239,100.0,0.7159088649418531,threshold-control
60000.0,100.0,0.0016666666666666668,45.96439709653817,100.0,0.7155839644535478,threshold-control
60000.0,100.0,0.0016666666666666668,46.0,100.0,0.7154190304105187,threshold-control
60000.0,100.0,0.0016666666666666668,46.034571748593955,100.0,0.7152588109914919,threshold-control
60000.0,100.0,0.0016666666666666668,46.10474640064974,100.0,0.7149334046298925,threshold-control
60000.0,100.0,0.0016666666666666668,46.17492105270552,100.0,0.7146077454436472,threshold-control
60000.0,100.0,0.0016666666666666668,46.245095704761304,100.0,0.7142818335083445,threshold-control
60000.0,100.0,0.0016666666666666668,46.31527035681709,100.0,0.7139556689002654,threshold-control
60000.0,100.0,0.0016666666666666668,46.38544500887287,100.0,0.7136292516963836,threshold-control
60000.0,100.0,0.0016666666666666668,46.455619660928654,100.0,0.7133025819743659,threshold-control
60000.0,100.0,0.0016666666666666668,46.52579431298444,100.0,0.712975659812574,threshold-control
60000.0,100.0,0.0016666666666666668,46.59596896504022,100.0,0.7126484852900645,threshold-control
60000.0,100.0,0.0016666666666666668,46.666143617096004,100.0,0.7123210584865898,threshold-control
60000.0,100.0,0.0016666666666666668,46.73631826915179,100.0,0.711993379482599,threshold-control
60000.0,100.0,0.0016666666666666668,46.80649292120757,100.0,0.7116654483592384,threshold-control
60000.0,100.0,0.0016666666666666668,46.876667573263354,100.0,0.7113372651983528,threshold-control
60000.0,100.0,0.0016666666666666668,46.94684222531914,100.0,0.7110088300824856,threshold-control
60000.0,100.0,0.0016666666666666668,47.0,100.0,0.7107598705897302,threshold-control
60000.0,100.0,0.0016666666666666668,47.01701687737492,100.0,0.7106801430948797,threshold-control
60000.0,100.0,0.0016666666666666668,47.087191529430704,100.0,0.7103512043194788,threshold-control
60000.0,100.0,0.0016666666666666668,47.15736618148649,100.0,0.7100220138409273,threshold-control
60000.0,100.0,0.0016666666666666668,47.22754083354227,100.0,0.7096925717445717,threshold-control
60000.0,100.0,0.0016666666666666668,47.297715485598054,100.0,0.709362878116461,threshold-control
60000.0,100.0,0.0016666666666666668,47.36789013765384,100.0,0.7090329330433475,threshold-control
60000.0,100.0,0.0016666666666666668,47.43806478970962,100.0,0.7087027366126875,threshold-control
60000.0,100.0,0.0016666666666666668,47.508239441765404,100.0,0.7083722889126423,threshold-control
60000.0,100.0,0.0016666666666666668,47.57841409382119,100.0,0.7080415900320784,threshold-control
60000.0,100.0,0.0016666666666666668,47.64858874587697,100.0,0.7077106400605689,threshold-control
60000.0,100.0,0.0016666666666666668,47.718763397932754,100.0,0.7073794390883936,threshold-control
60000.0,100.0,0.0016666666666666668,47.78893804998854,100.0,0.7070479872065396,threshold-control
60000.0,100.0,0.0016666666666666668,47.85911270204432,100.0,0.7067162845067032,threshold-control
60000.0,100.0,0.0016666666666666668,47.929287354100104,100.0,0.706384331081289,threshold-control
60000.0,100.0,0.0016666666666666668,47.99946200615589,100.0,0.7060521270234119,threshold-control
60000.0,100.0,0.0016666666666666668,48.0,100.0,0.706049579213738,threshold-control
60000.0,100.0,0.0016666666666666668,48.06963665821167,100.0,0.7057196724268969,threshold-control
60000.0,100.0,0.0016666666666666668,48.139811310267454,100.0,0.7053869673862807,threshold-control
60000.0,100.0,0.0016666666666666668,48.20998596232324,100.0,0.7050540119968111,threshold-control
60000.0,100.0,0.0016666666666666668,48.28016061437902,100.0,0.7047208063544491,threshold-control
60000.0,100.0,0.0016666666666666668,48.350335266434804,100.0,0.7043873505558689,threshold-control
60000.0,100.0,0.0016666666666666668,48.42050991849059,100.0,0.7040536446984584,threshold-control
60000.0,100.0,0.0016666666666666668,48.49068457054637,100.0,0.7037196888803203,threshold-control
60000.0,100.0,0.0016666666666666668,48.56085922260216,100.0,0.7033854832002726,threshold-control
60000.0,100.0,0.0016666666666666668,48.631033874657945,100.0,0.7030510277578491,threshold-control
60000.0,100.0,0.0016666666666666668,48.70120852671373,100.0,0.7027163226533006,threshold-control
60000.0,100.0,0.0016666666666666668,48.77138317876951,100.0,0.7023813679875951,threshold-control
60000.0,100.0,0.0016666666666666668,48.841557830825295,100.0,0.7020461638624185,threshold-control
60000.0,100.0,0.0016666666666666668,48.91173248288108,100.0,0.7017107103801754,threshold-control
60000.0,100.0,0.0016666666666666668,48.98190713493686,100.0,0.70137500764399,threshold-control
60000.0,100.0,0.0016666666666666668,49.0,100.0,0.7012884142735678,threshold-control
60000.0,100.0,0.0016666666666666668,49.052081786992645,100.0,0.7010390557577058,threshold-control
60000.0,100.0,0.0016666666666666668,49.12225643904843,100.0,0.7007028548258878,threshold-control
60000.0,100.0,0.0016666666666666668,49.19243109110421,100.0,0.7003664049538219,threshold-control
60000.0,100.0,0.0016666666666666668,49.262605743159995,100.0,0.7000297062475157,threshold-control
60000.0,100.0,0.0016666666666666668,49.33278039521578,100.0,0.6996927588136997,threshold-control
60000.0,100.0,0.0016666666666666668,49.40295504727156,100.0,0.6993555627598278,threshold-control
60000.0,100.0,0.0016666666666666668,49.473129699327345,100.0,0.6990181181940772,threshold-control
60000.0,100.0,0.0016666666666666668,49.54330435138313,100.0,0.6986804252253502,threshold-control
60000.0,100.0,0.0016666666666666668,49.61347900343891,100.0,0.6983424839632738,threshold-control
60000.0,100.0,0.0016666666666666668,49.683653655494695,100.0,0.698004294518201,threshold-control
60000.0,100.0,0.0016666666666666668,49.75382830755048,100.0,0.6976658570012111,threshold-control
60000.0,100.0,0.0016666666666666668,49.82400295960626,100.0,0.6973271715241103,threshold-control
60000.0,100.0,0.0016666666666666668,49.894177611662045,100.0,0.6969882381994328,threshold-control
60000.0,100.0,0.0016666666666666668,49.96435226371783,100.0,0.6966490571404407,threshold-control
60000.0,100.0,0.0016666666666666668,50.0,100.0,0.6964766630826533,threshold-control
60000.0,100.0,0.0016666666666666668,50.03452691577361,100.0,0.6963096284611249,threshold-control
60000.0,100.0,0.0016666666666666668,50.104701567829395,100.0,0.6959699522762061,threshold-control
60000.0,100.0,0.0016666666666666668,50.17487621988518,100.0,0.6956300287011347,threshold-control
60000.0,100.0,0.0016666666666666668,50.24505087194096,100.0,0.6952898578520921,threshold-control
60000.0,100.0,0.0016666666666666668,50.315225523996745,100.0,0.6949494398459907,threshold-control
60000.0,100.0,0.0016666666666666668,50.38540017605253,100.0,0.6946087748004748,threshold-control
60000.0,100.0,0.0016666666666666668,50.45557482810831,100.0,0.6942678628339214,threshold-control
60000.0,100.0,0.0016666666666666668,50.525749480164095,100.0,0.6939267040654402,threshold-control
60000.0,100.0,0.0016666666666666668,50.59592413221988,100.0,0.6935852986148748,threshold-control
60000.0,100.0,0.0016666666666666668,50.66609878427566,100.0,0.6932436466028027,threshold-control
60000.0,100.0,0.0016666666666666668,50.736273436331444,100.0,0.6929017481505363,threshold-control
60000.0,100.0,0.0016666666666666668,50.80644808838723,100.0,0.6925596033801235,threshold-control
60000.0,100.0,0.0016666666666666668,50.87662274044301,100.0,0.6922172124143479,threshold-control
60000.0,100.0,0.0016666666666666668,50.946797392498794,100.0,0.6918745753767297,threshold-control
60000.0,100.0,0.0016666666666666668,51.0,100.0,0.6916146426734211,threshold-control
60000.0,100.0,0.0016666666666666668,51.01697204455458,100.0,0.6915316923915261,threshold-control
60000.0,100.0,0.0016666666666666668,51.08714669661036,100.0,0.6911885635837319,threshold-control
60000.0,100.0,0.0016666666666666668,51.157321348666144,100.0,0.6908451890790801,threshold-control
60000.0,100.0,0.0016666666666666668,51.22749600072193,100.0,0.6905015690040424,threshold-control
60000.0,100.0,0.0016666666666666668,51.29767065277771,100.0,0.6901577034858296,threshold-control
60000.0,100.0,0.0016666666666666668,51.367845304833494,100.0,0.6898135926523925,threshold-control
60000.0,100.0,0.0016666666666666668,51.43801995688928,100.0,0.6894692366324222,threshold-control
60000.0,100.0,0.0016666666666666668,51.50819460894506,100.0,0.6891246355553506,threshold-control
60000.0,100.0,0.0016666666666666668,51.578369261000844,100.0,0.688779789551351,threshold-control
60000.0,100.0,0.0016666666666666668,51.64854391305663,100.0,0.6884346987513388,threshold-control
60000.0,100.0,0.0016666666666666668,51.71871856511241,100.0,0.6880893632869716,threshold-control
60000.0,100.0,0.0016666666666666668,51.788893217168194,100.0,0.6877437832906501,threshold-control
60000.0,100.0,0.0016666666666666668,51.85906786922398,100.0,0.6873979588955186,threshold-control
60000.0,100.0,0.0016666666666666668,51.92924252127976,100.0,0.6870518902354653,threshold-control
60000.0,100.0,0.0016666666666666668,51.999417173335544,100.0,0.686705577445123,threshold-control
60000.0,100.0,0.0016666666666666668,52.0,100.0,0.6867027001663673,threshold-control
60000.0,100.0,0.0016666666666666668,52.06959182539133,100.0,0.6863590206598693,threshold-control
60000.0,100.0,0.0016666666666666668,52.13976647744712,100.0,0.6860122200158276,threshold-control
60000.0,100.0,0.0016666666666666668,52.2099411295029,100.0,0.6856651756498675,threshold-control
60000.0,100.0,0.0016666666666666668,52.280115781558685,100.0,0.6853178876996047,threshold-control
60000.0,100.0,0.0016666666666666668,52.35029043361447,100.0,0.6849703563034019,threshold-control
60000.0,100.0,0.0016666666666666668,52.42046508567025,100.0,0.6846225816003697,threshold-control
60000.0,100.0,0.0016666666666666668,52.490639737726035,100.0,0.6842745637303663,threshold-control
60000.0,100.0,0.0016666666666666668,52.56081438978182,100.0,0.6839263028339988,threshold-control
60000.0,100.0,0.0016666666666666668,52.6309890418376,100.0,0.6835777990526228,threshold-control
60000.0,100.0,0.0016666666666666668,52.701163693893385,100.0,0.6832290525283438,threshold-control
60000.0,100.0,0.0016666666666666668,52.77133834594917,100.0,0.6828800634040164,threshold-control
60000.0,100.0,0.0016666666666666668,52.84151299800495,100.0,0.6825308318232464,threshold-control
60000.0,100.0,0.0016666666666666668,52.911687650060735,100.0,0.6821813579303899,threshold-control
60000.0,100.0,0.0016666666666666668,52.98186230211652,100.0,0.6818316418705546,threshold-control
60000.0,100.0,0.0016666666666666668,53.0,100.0,0.6817412131101559,threshold-control
60000.0,100.0,0.0016666666666666668,53.0520369541723,100.0,0.6814816837895994,threshold-control
60000.0,100.0,0.0016666666666666668,53.122211606228085,100.0,0.681131483834136,threshold-control
60000.0,100.0,0.0016666666666666668,53.19238625828387,100.0,0.6807810421515281,threshold-control
60000.0,100.0,0.0016666666666666668,53.26256091033965,100.0,0.680430358889893,threshold-control
60000.0,100.0,0.0016666666666666668,53.332735562395435,100.0,0.6800794341981011,threshold-control
60000.0,100.0,0.0016666666666666668,53.40291021445122,100.0,0.679728268225777,threshold-control
60000.0,100.0,0.0016666666666666668,53.473084866507,100.0,0.6793768611232993,threshold-control
60000.0,100.0,0.0016666666666666668,53.543259518562785,100.0,0.6790252130418016,threshold-control
60000.0,100.0,0.0016666666666666668,53.61343417061857,100.0,0.6786733241331727,threshold-control
60000.0,100.0,0.0016666666666666668,53.68360882267435,100.0,0.678321194550057,threshold-control
60000.0,100.0,0.0016666666666666668,53.753783474730135,100.0,0.6779688244458547,threshold-control
60000.0,100.0,0.0016666666666666668,53.82395812678592,100.0,0.6776162139747227,threshold-control
60000.0,100.0,0.0016666666666666668,53.8941327788417,100.0,0.6772633632915748,threshold-control
60000.0,100.0,0.0016666666666666668,53.964307430897485,100.0,0.6769102725520815,threshold-control
60000.0,100.0,0.0016666666666666668,54.0,100.0,0.676730589791281,threshold-control
60000.0,100.0,0.0016666666666666668,54.03448208295327,100.0,0.6765569419126716,threshold-control
60000.0,100.0,0.0016666666666666668,54.10465673500905,100.0,0.6762033715305313,threshold-control
60000.0,100.0,0.0016666666666666668,54.174831387064835,100.0,0.6758495615636058,threshold-control
60000.0,100.0,0.0016666666666666668,54.24500603912062,100.0,0.6754955121705988,threshold-control
60000.0,100.0,0.0016666666666666668,54.3151806911764,100.0,0.6751412235109728,threshold-control
60000.0,100.0,0.0016666666666666668,54.385355343232185,100.0,0.6747866957449504,threshold-control
60000.0,100.0,0.0016666666666666668,54.45552999528797,100.0,0.6744319290335141,threshold-control
60000.0,100.0,0.0016666666666666668,54.52570464734375,100.0,0.6740769235384063,threshold-control
60000.0,100.0,0.0016666666666666668,54.595879299399535,100.0,0.6737216794221303,threshold-control
60000.0,100.0,0.0016666666666666668,54.66605395145532,100.0,0.6733661968479504,threshold-control
60000.0,100.0,0.0016666666666666668,54.7362286035111,100.0,0.673010475979892,threshold-control
60000.0,100.0,0.0016666666666666668,54.806403255566885,100.0,0.6726545169827425,threshold-control
60000.0,100.0,0.0016666666666666668,54.87657790762267,100.0,0.6722983200220513,threshold-control
60000.0,100.0,0.0016666666666666668,54.94675255967845,100.0,0.6719418852641299,threshold-control
60000.0,100.0,0.0016666666666666668,55.0,100.0,0.6716712695118654,threshold-control
60000.0,100.0,0.0016666666666666668,55.016927211734235,100.0,0.6715852128760531,threshold-control
60000.0,100.0,0.0016666666666666668,55.08710186379002,100.0,0.6712283030256583,threshold-control
60000.0,100.0,0.0016666666666666668,55.1572765158458,100.0,0.6708711558815463,threshold-control
60000.0,100.0,0.0016666666666666668,55.227451167901584,100.0,0.6705137716130818,threshold-control
60000.0,100.0,0.0016666666666666668,55.29762581995737,100.0,0.6701561503903934,threshold-control
60000.0,100.0,0.0016666666666666668,55.36780047201315,100.0,0.6697982923843744,threshold-control
60000.0,100.0,0.0016666666666666668,55.437975124068934,100.0,0.669440197766682,threshold-control
60000.0,100.0,0.0016666666666666668,55.50814977612472,100.0,0.6690818667097391,threshold-control
60000.0,100.0,0.0016666666666666668,55.5783244281805,100.0,0.6687232993867337,threshold-control
60000.0,100.0,0.0016666666666666668,55.648499080236284,100.0,0.6683644959716191,threshold-control
60000.0,100.0,0.0016666666666666668,55.718673732292075,100.0,0.6680054566391145,threshold-control
60000.0,100.0,0.0016666666666666668,55.78884838434786,100.0,0.6676461815647058,threshold-control
60000.0,100.0,0.0016666666666666668,55.85902303640364,100.0,0.6672866709246446,threshold-control
60000.0,100.0,0.0016666666666666668,55.929197688459425,100.0,0.6669269248959495,threshold-control
60000.0,100.0,0.0016666666666666668,55.99937234051521,100.0,0.6665669436564063,threshold-control
60000.0,100.0,0.0016666666666666668,56.0,100.0,0.6665637228341964,threshold-control
60000.0,100.0,0.0016666666666666668,56.06954699257099,100.0,0.666206727384568,threshold-control
60000.0,100.0,0.0016666666666666668,56.139721644626775,100.0,0.6658462762597547,threshold-control
60000.0,100.0,0.0016666666666666668,56.20989629668256,100.0,0.6654855904620548,threshold-control
60000.0,100.0,0.0016666666666666668,56.28007094873834,100.0,0.6651246701723246,threshold-control
60000.0,100.0,0.0016666666666666668,56.350245600794125,100.0,0.6647635155721887,threshold-control
60000.0,100.0,0.0016666666666666668,56.42042025284991,100.0,0.6644021268440401,threshold-control
60000.0,100.0,0.0016666666666666668,56.49059490490569,100.0,0.6640405041710409,threshold-control
60000.0,100.0,0.0016666666666666668,56.560769556961475,100.0,0.6636786477371217,threshold-control
60000.0,100.0,0.0016666666666666668,56.63094420901726,100.0,0.6633165577269833,threshold-control
60000.0,100.0,0.0016666666666666668,56.70111886107304,100.0,0.6629542343260951,threshold-control
60000.0,100.0,0.0016666666666666668,56.771293513128825,100.0,0.6625916777206968,threshold-control
60000.0,100.0,0.0016666666666666668,56.84146816518461,100.0,0.6622288880977978,threshold-control
60000.0,100.0,0.0016666666666666668,56.91164281724039,100.0,0.6618658656451777,threshold-control
60000.0,100.0,0.0016666666666666668,56.981817469296175,100.0,0.6615026105513866,threshold-control
60000.0,100.0,0.0016666666666666668,57.0,100.0,0.661408451790636,threshold-control
60000.0,100.0,0.0016666666666666668,57.05199212135196,100.0,0.661139123005745,threshold-control
60000.0,100.0,0.0016666666666666668,57.12216677340774,100.0,0.6607754031983444,threshold-control
60000.0,100.0,0.0016666666666666668,57.192341425463525,100.0,0.6604114513200472,threshold-control
60000.0,100.0,0.0016666666666666668,57.26251607751931,100.0,0.6600472675624871,threshold-control
60000.0,100.0,0.0016666666666666668,57.33269072957509,100.0,0.6596828521180692,threshold-control
60000.0,100.0,0.0016666666666666668,57.402865381630875,100.0,0.65931820517997,threshold-control
60000.0,100.0,0.0016666666666666668,57.47304003368666,100.0,0.6589533269421377,threshold-control
60000.0,100.0,0.0016666666666666668,57.54321468574244,100.0,0.6585882175992928,threshold-control
60000.0,100.0,0.0016666666666666668,57.613389337798225,100.0,0.6582228773469274,threshold-control
60000.0,100.0,0.0016666666666666668,57.68356398985401,100.0,0.6578573063813065,threshold-control
60000.0,100.0,0.0016666666666666668,57.75373864190979,100.0,0.657491504899467,threshold-control
60000.0,100.0,0.0016666666666666668,57.823913293965575,100.0,0.6571254730992186,threshold-control
60000.0,100.0,0.0016666666666666668,57.89408794602136,100.0,0.6567592111791438,threshold-control
60000.0,100.0,0.0016666666666666668,57.96426259807714,100.0,0.6563927193385977,threshold-control
60000.0,100.0,0.0016666666666666668,58.0,100.0,0.6562059900575831,threshold-control
60000.0,100.0,0.0016666666666666668,58.034437250132925,100.0,0.6560259977777088,threshold-control
60000.0,100.0,0.0016666666666666668,58.10461190218871,100.0,0.6556590466973785,threshold-control
60000.0,100.0,0.0016666666666666668,58.17478655424449,100.0,0.6552918662992818,threshold-control
60000.0,100.0,0.0016666666666666668,58.244961206300275,100.0,0.6549244567858669,threshold-control
60000.0,100.0,0.0016666666666666668,58.31513585835606,100.0,0.6545568183603555,threshold-control
60000.0,100.0,0.0016666666666666668,58.38531051041184,100.0,0.6541889512267434,threshold-control
60000.0,100.0,0.0016666666666666668,58.455485162467625,100.0,0.6538208555897995,threshold-control
60000.0,100.0,0.0016666666666666668,58.52565981452341,100.0,0.6534525316550674,threshold-control
60000.0,100.0,0.0016666666666666668,58.59583446657919,100.0,0.6530839796288641,threshold-control
60000.0,100.0,0.0016666666666666668,58.666009118634975,100.0,0.6527151997182812,threshold-control
60000.0,100.0,0.0016666666666666668,58.73618377069076,100.0,0.6523461921311838,threshold-control
60000.0,100.0,0.0016666666666666668,58.80635842274654,100.0,0.6519769570762122,threshold-control
60000.0,100.0,0.0016666666666666668,58.876533074802325,100.0,0.6516074947627806,threshold-control
60000.0,100.0,0.0016666666666666668,58.94670772685811,100.0,0.6512378054010775,threshold-control
60000.0,100.0,0.0016666666666666668,59.0,100.0,0.6509569030922131,threshold-control
60000.0,100.0,0.0016666666666666668,59.01688237891389,100.0,0.6508678892020663,threshold-control
60000.0,100.0,0.0016666666666666668,59.087057030969675,100.0,0.6504977463774848,threshold-control
60000.0,100.0,0.0016666666666666668,59.15723168302546,100.0,0.6501273771398457,threshold-control
60000.0,100.0,0.0016666666666666668,59.22740633508124,100.0,0.6497567817024364,threshold-control
60000.0,100.0,0.0016666666666666668,59.29758098713703,100.0,0.6493859602793188,threshold-control
60000.0,100.0,0.0016666666666666668,59.367755639192815,100.0,0.64901491308533,threshold-control
60000.0,100.0,0.0016666666666666668,59.4379302912486,100.0,0.648643640336082,threshold-control
60000.0,100.0,0.0016666666666666668,59.50810494330438,100.0,0.6482721422479615,threshold-control
60000.0,100.0,0.0016666666666666668,59.578279595360165,100.0,0.6479004190381303,threshold-control
60000.0,100.0,0.0016666666666666668,59.64845424741595,100.0,0.6475284709245255,threshold-control
60000.0,100.0,0.0016666666666666668,59.71862889947173,100.0,0.6471562981258588,threshold-control
60000.0,100.0,0.0016666666666666668,59.788803551527515,100.0,0.6467839008616172,threshold-control
60000.0,100.0,0.0016666666666666668,59.8589782035833,100.0,0.6464112793520627,threshold-control
60000.0,100.0,0.0016666666666666668,59.92915285563908,100.0,0.6460384338182326,threshold-control
60000.0,100.0,0.0016666666666666668,59.999327507694865,100.0,0.6456653644819389,threshold-control
60000.0,100.0,0.0016666666666666668,60.0,100.0,0.6456617882307729,threshold-control
60000.0,100.0,0.0016666666666666668,60.06950215975065,100.0,0.6452920715657693,threshold-control
60000.0,100.0,0.0016666666666666668,60.13967681180643,100.0,0.6449185552930861,threshold-control
60000.0,100.0,0.0016666666666666668,60.209851463862215,100.0,0.6445448158880271,threshold-control
60000.0,100.0,0.0016666666666666668,60.280026115918,100.0,0.6441708535755049,threshold-control
60000.0,100.0,0.0016666666666666668,60.35020076797378,100.0,0.6437966685812071,threshold-control
60000.0,100.0,0.0016666666666666668,60.420375420029565,100.0,0.6434222611315966,threshold-control
60000.0,100.0,0.0016666666666666668,60.49055007208535,100.0,0.6430476314539114,threshold-control
60000.0,100.0,0.0016666666666666668,60.56072472414113,100.0,0.6426727797761642,threshold-control
60000.0,100.0,0.0016666666666666668,60.630899376196915,100.0,0.6422977063271429,threshold-control
60000.0,100.0,0.0016666666666666668,60.7010740282527,100.0,0.64192241133641,threshold-control
60000.0,100.0,0.0016666666666666668,60.77124868030848,100.0,0.6415468950343033,threshold-control
60000.0,100.0,0.0016666666666666668,60.841423332364265,100.0,0.6411711576519352,threshold-control
60000.0,100.0,0.0016666666666666668,60.91159798442005,100.0,0.6407951994211928,threshold-control
60000.0,100.0,0.0016666666666666668,60.98177263647583,100.0,0.640419020574738,threshold-control
60000.0,100.0,0.0016666666666666668,61.0,100.0,0.6403212747472649,threshold-control
60000.0,100.0,0.0016666666666666668,61.051947288531615,100.0,0.6400426213460071,threshold-control
60000.0,100.0,0.0016666666666666668,61.1221219405874,100.0,0.6396660019692115,threshold-control
60000.0,100.0,0.0016666666666666668,61.19229659264318,100.0,0.6392891626793364,threshold-control
60000.0,100.0,0.0016666666666666668,61.262471244698965,100.0,0.6389121037121419,threshold-control
60000.0,100.0,0.0016666666666666668,61.33264589675475,100.0,0.6385348253041623,threshold-control
60000.0,100.0,0.0016666666666666668,61.40282054881053,100.0,0.6381573276927058,threshold-control
60000.0,100.0,0.0016666666666666668,61.472995200866315,100.0,0.6377796111158552,threshold-control
60000.0,100.0,0.0016666666666666668,61.5431698529221,100.0,0.6374016758124672,threshold-control
60000.0,100.0,0.0016666666666666668,61.61334450497788,100.0,0.6370235220221718,threshold-control
60000.0,100.0,0.0016666666666666668,61.683519157033665,100.0,0.6366451499853739,threshold-control
60000.0,100.0,0.0016666666666666668,61.75369380908945,100.0,0.6362665599432511,threshold-control
60000.0,100.0,0.0016666666666666668,61.82386846114523,100.0,0.6358877521377551,threshold-control
60000.0,100.0,0.0016666666666666668,61.894043113201015,100.0,0.6355087268116106,threshold-control
60000.0,100.0,0.0016666666666666668,61.9642177652568,100.0,0.6351294842083162,threshold-control
60000.0,100.0,0.0016666666666666668,62.0,100.0,0.6349360238714217,threshold-control
60000.0,100.0,0.0016666666666666668,62.03439241731258,100.0,0.634750024572143,threshold-control
60000.0,100.0,0.0016666666666666668,62.104567069368365,100.0,0.6343703481481354,threshold-control
60000.0,100.0,0.0016666666666666668,62.17474172142415,100.0,0.6339904551821108,threshold-control
60000.0,100.0,0.0016666666666666668,62.24491637347993,100.0,0.6336103459206592,threshold-control
60000.0,100.0,0.0016666666666666668,62.315091025535715,100.0,0.6332300206111429,threshold-control
60000.0,100.0,0.0016666666666666668,62.3852656775915,100.0,0.6328494795016969,threshold-control
60000.0,100.0,0.0016666666666666668,62.45544032964728,100.0,0.6324687228412282,threshold-control
60000.0,100.0,0.0016666666666666668,62.525614981703065,100.0,0.6320877508794159,threshold-control
60000.0,100.0,0.0016666666666666668,62.59578963375885,100.0,0.631706563866711,threshold-control
60000.0,100.0,0.0016666666666666668,62.66596428581463,100.0,0.6313251620543361,threshold-control
60000.0,100.0,0.0016666666666666668,62.736138937870415,100.0,0.6309435456942853,threshold-control
60000.0,100.0,0.0016666666666666668,62.8063135899262,100.0,0.6305617150393239,threshold-control
60000.0,100.0,0.0016666666666666668,62.87648824198199,100.0,0.6301796703429883,threshold-control
60000.0,100.0,0.0016666666666666668,62.94666289403777,100.0,0.6297974118595859,threshold-control
60000.0,100.0,0.0016666666666666668,63.0,100.0,0.6295067287649392,threshold-control
60000.0,100.0,0.0016666666666666668,63.016837546093555,100.0,0.6294149398441948,threshold-control
60000.0,100.0,0.0016666666666666668,63.08701219814934,100.0,0.6290322545526631,threshold-control
60000.0,100.0,0.0016666666666666668,63.15718685020512,100.0,0.6286493562416093,threshold-control
60000.0,100.0,0.0016666666666666668,63.227361502260905,100.0,0.6282662451684224,threshold-control
60000.0,100.0,0.0016666666666666668,63.29753615431669,100.0,0.6278829215912605,threshold-control
60000.0,100.0,0.0016666666666666668,63.36771080637247,100.0,0.6274993857690514,threshold-control
60000.0,100.0,0.0016666666666666668,63.437885458428255,100.0,0.627115637961492,threshold-control
60000.0,100.0,0.0016666666666666668,63.50806011048404,100.0,0.6267316784290488,threshold-control
60000.0,100.0,0.0016666666666666668,63.57823476253982,100.0,0.6263475074329564,threshold-control
60000.0,100.0,0.0016666666666666668,63.648409414595605,100.0,0.6259631252352184,threshold-control
60000.0,100.0,0.0016666666666666668,63.71858406665139,100.0,0.6255785320986063,threshold-control
60000.0,100.0,0.0016666666666666668,63.78875871870717,100.0,0.6251937282866593,threshold-control
60000.0,100.0,0.0016666666666666668,63.858933370762955,100.0,0.6248087140636853,threshold-control
60000.0,100.0,0.0016666666666666668,63.92910802281874,100.0,0.6244234896947587,threshold-control
60000.0,100.0,0.0016666666666666668,63.99928267487452,100.0,0.624038055445721,threshold-control
60000.0,100.0,0.0016666666666666668,64.0,100.0,0.6240341144550088,threshold-control
60000.0,100.0,0.0016666666666666668,64.0694573269303,100.0,0.6236524115831812,threshold-control
60000.0,100.0,0.0016666666666666668,64.13963197898609,100.0,0.6232665583745142,threshold-control
60000.0,100.0,0.0016666666666666668,64.20980663104187,100.0,0.6228804960878613,threshold-control
60000.0,100.0,0.0016666666666666668,64.27998128309765,100.0,0.62249422499213,threshold-control
60000.0,100.0,0.0016666666666666668,64.35015593515344,100.0,0.622107745356993,threshold-control
60000.0,100.0,0.0016666666666666668,64.42033058720922,100.0,0.6217210574528884,threshold-control
60000.0,100.0,0.0016666666666666668,64.490505239265,100.0,0.6213341615510194,threshold-control
60000.0,100.0,0.0016666666666666668,64.56067989132079,100.0,0.6209470579233536,threshold-control
60000.0,100.0,0.0016666666666666668,64.63085454337657,100.0,0.6205597468426232,threshold-control
60000.0,100.0,0.0016666666666666668,64.70102919543235,100.0,0.6201722285823239,threshold-control
60000.0,100.0,0.0016666666666666668,64.77120384748814,100.0,0.6197845034167155,threshold-control
60000.0,100.0,0.0016666666666666668,64.84137849954392,100.0,0.6193965716208207,threshold-control
60000.0,100.0,0.0016666666666666668,64.9115531515997,100.0,0.6190084334704253,threshold-control
60000.0,100.0,0.0016666666666666668,64.98172780365549,100.0,0.6186200892420775,threshold-control
60000.0,100.0,0.0016666666666666668,65.0,100.0,0.618518937724277,threshold-control
60000.0,100.0,0.0016666666666666668,65.05190245571127,100.0,0.6182315392130874,threshold-control
60000.0,100.0,0.0016666666666666668,65.12207710776705,100.0,0.6178427836615276,threshold-control
60000.0,100.0,0.0016666666666666668,65.19225175982284,100.0,0.6174538228662314,threshold-control
60000.0,100.0,0.0016666666666666668,65.26242641187862,100.0,0.6170646571067936,threshold-control
60000.0,100.0,0.0016666666666666668,65.3326010639344,100.0,0.6166752866635692,threshold-control
60000.0,100.0,0.0016666666666666668,65.40277571599019,100.0,0.616285711817674,threshold-control
60000.0,100.0,0.0016666666666666668,65.47295036804597,100.0,0.615895932850983,threshold-control
60000.0,100.0,0.0016666666666666668,65.54312502010175,100.0,0.6155059500461311,threshold-control
60000.0,100.0,0.0016666666666666668,65.61329967215754,100.0,0.6151157636865119,threshold-control
60000.0,100.0,0.0016666666666666668,65.68347432421332,100.0,0.6147253740562779,threshold-control
60000.0,100.0,0.0016666666666666668,65.7536489762691,100.0,0.6143347814403397,threshold-control
60000.0,100.0,0.0016666666666666668,65.82382362832489,100.0,0.6139439861243654,threshold-control
60000.0,100.0,0.0016666666666666668,65.89399828038067,100.0,0.6135529883947807,threshold-control
60000.0,100.0,0.0016666666666666668,65.96417293243645,100.0,0.613161788538768,threshold-control
60000.0,100.0,0.0016666666666666668,66.0,100.0,0.6129619869564349,threshold-control
60000.0,100.0,0.0016666666666666668,66.03434758449224,100.0,0.6127703868442662,threshold-control
60000.0,100.0,0.0016666666666666668,66.10452223654802,100.0,0.6123787835999701,threshold-control
60000.0,100.0,0.0016666666666666668,66.1746968886038,100.0,0.6119869790953303,threshold-control
60000.0,100.0,0.0016666666666666668,66.24487154065959,100.0,0.611594973620552,threshold-control
60000.0,100.0,0.0016666666666666668,66.31504619271537,100.0,0.6112027674665954,threshold-control
60000.0,100.0,0.0016666666666666668,66.38522084477115,100.0,0.6108103609251745,threshold-control
60000.0,100.0,0.0016666666666666668,66.45539549682694,100.0,0.6104177542887573,threshold-control
60000.0,100.0,0.0016666666666666668,66.52557014888272,100.0,0.6100249478505646,threshold-control
60000.0,100.0,0.0016666666666666668,66.5957448009385,100.0,0.6096319419045702,threshold-control
60000.0,100.0,0.0016666666666666668,66.66591945299429,100.0,0.6092387367454996,threshold-control
60000.0,100.0,0.0016666666666666668,66.73609410505007,100.0,0.6088453326688306,threshold-control
60000.0,100.0,0.0016666666666666668,66.80626875710585,100.0,0.6084517299707914,threshold-control
60000.0,100.0,0.0016666666666666668,66.87644340916164,100.0,0.6080579289483619,threshold-control
60000.0,100.0,0.0016666666666666668,66.94661806121742,100.0,0.6076639298992711,threshold-control
60000.0,100.0,0.0016666666666666668,67.0,100.0,0.6073640819367403,threshold-control
60000.0,100.0,0.0016666666666666668,67.0167927132732,100.0,0.6072697331219982,threshold-control
60000.0,100.0,0.0016666666666666668,67.08696736532899,100.0,0.6068753389157711,threshold-control
60000.0,100.0,0.0016666666666666668,67.15714201738477,100.0,0.6064807475805669,threshold-control
60000.0,100.0,0.0016666666666666668,67.22731666944055,100.0,0.60608595941711,threshold-control
60000.0,100.0,0.0016666666666666668,67.29749132149634,100.0,0.6056909747268726,threshold-control
60000.0,100.0,0.0016666666666666668,67.36766597355212,100.0,0.6052957938120738,threshold-control
60000.0,100.0,0.0016666666666666668,67.4378406256079,100.0,0.6049004169756791,threshold-control
60000.0,100.0,0.0016666666666666668,67.50801527766369,100.0,0.6045048445213999,threshold-control
60000.0,100.0,0.0016666666666666668,67.57818992971947,100.0,0.6041090767536924,threshold-control
60000.0,100.0,0.0016666666666666668,67.64836458177525,100.0,0.6037131139777578,threshold-control
60000.0,100.0,0.0016666666666666668,67.71853923383104,100.0,0.6033169564995415,threshold-control
60000.0,100.0,0.0016666666666666668,67.78871388588682,100.0,0.6029206046257323,threshold-control
60000.0,100.0,0.0016666666666666668,67.8588885379426,100.0,0.6025240586637615,threshold-control
60000.0,100.0,0.0016666666666666668,67.92906318999839,100.0,0.6021273189218032,threshold-control
60000.0,100.0,0.0016666666666666668,67.99923784205417,100.0,0.601730385708773,threshold-control
60000.0,100.0,0.0016666666666666668,68.0,100.0,0.6017260736068673,threshold-control
60000.0,100.0,0.0016666666666666668,68.06941249410995,100.0,0.6013332593343279,threshold-control
60000.0,100.0,0.0016666666666666668,68.13958714616574,100.0,0.600935940108865,threshold-control
60000.0,100.0,0.0016666666666666668,68.20976179822152,100.0,0.6005384283435216,threshold-control
60000.0,100.0,0.0016666666666666668,68.27993645027732,100.0,0.6001407243501737,threshold-control
60000.0,100.0,0.0016666666666666668,68.3501111023331,100.0,0.5997428284414368,threshold-control
60000.0,100.0,0.0016666666666666668,68.42028575438889,100.0,0.5993447409306637,threshold-control
60000.0,100.0,0.0016666666666666668,68.49046040644467,100.0,0.5989464621319448,threshold-control
60000.0,100.0,0.0016666666666666668,68.56063505850045,100.0,0.5985479923601071,threshold-control
60000.0,100.0,0.0016666666666666668,68.63080971055624,100.0,0.5981493319307137,threshold-control
60000.0,100.0,0.0016666666666666668,68.70098436261202,100.0,0.5977504811600634,threshold-control
60000.0,100.0,0.0016666666666666668,68.7711590146678,100.0,0.5973514403651892,threshold-control
60000.0,100.0,0.0016666666666666668,68.84133366672359,100.0,0.5969522098638584,threshold-control
60000.0,100.0,0.0016666666666666668,68.91150831877937,100.0,0.5965527899745718,threshold-control
60000.0,100.0,0.0016666666666666668,68.98168297083515,100.0,0.596153181016563,threshold-control
60000.0,100.0,0.0016666666666666668,69.0,100.0,0.5960488437735707,threshold-control
60000.0,100.0,0.0016666666666666668,69.05185762289094,100.0,0.5957533833097972,threshold-control
60000.0,100.0,0.0016666666666666668,69.12203227494672,100.0,0.5953533971749714,threshold-control
60000.0,100.0,0.0016666666666666668,69.1922069270025,100.0,0.5949532229335129,threshold-control
60000.0,100.0,0.0016666666666666668,69.26238157905829,100.0,0.5945528609075792,threshold-control
60000.0,100.0,0.0016666666666666668,69.33255623111407,100.0,0.5941523114200568,threshold-control
60000.0,100.0,0.0016666666666666668,69.40273088316985,100.0,0.593751574794561,threshold-control
60000.0,100.0,0.0016666666666666668,69.47290553522564,100.0,0.5933506513554345,threshold-control
60000.0,100.0,0.0016666666666666668,69.54308018728142,100.0,0.5929495414277476,threshold-control
60000.0,100.0,0.0016666666666666668,69.6132548393372,100.0,0.5925482453372963,threshold-control
60000.0,100.0,0.0016666666666666668,69.68342949139299,100.0,0.592146763410603,threshold-control
60000.0,100.0,0.0016666666666666668,69.75360414344877,100.0,0.5917450959749144,threshold-control
60000.0,100.0,0.0016666666666666668,69.82377879550455,100.0,0.5913432433582013,threshold-control
60000.0,100.0,0.0016666666666666668,69.89395344756034,100.0,0.5909412058891584,threshold-control
60000.0,100.0,0.0016666666666666668,69.96412809961612,100.0,0.5905389838972023,threshold-control
60000.0,100.0,0.0016666666666666668,70.0,100.0,0.5903333047707718,threshold-control
60000.0,100.0,0.0016666666666666668,70.0343027516719,100.0,0.590136577712472,threshold-control
60000.0,100.0,0.0016666666666666668,70.10447740372769,100.0,0.5897339876658273,threshold-control
60000.0,100.0,0.0016666666666666668,70.17465205578347,100.0,0.5893312140888484,threshold-control
60000.0,100.0,0.0016666666666666668,70.24482670783925,100.0,0.588928257313835,threshold-control
60000.0,100.0,0.0016666666666666668,70.31500135989504,100.0,0.5885251176738058,threshold-control
60000.0,100.0,0.0016666666666666668,70.38517601195082,100.0,0.5881217955024969,threshold-control
60000.0,100.0,0.0016666666666666668,70.4553506640066,100.0,0.5877182911343621,threshold-control
60000.0,100.0,0.0016666666666666668,70.52552531606239,100.0,0.587314604904571,threshold-control
60000.0,100.0,0.0016666666666666668,70.59569996811817,100.0,0.5869107371490094,threshold-control
60000.0,100.0,0.0016666666666666668,70.66587462017395,100.0,0.5865066882042771,threshold-control
60000.0,100.0,0.0016666666666666668,70.73604927222974,100.0,0.5861024584076885,threshold-control
60000.0,100.0,0.0016666666666666668,70.80622392428552,100.0,0.5856980480972706,threshold-control
60000.0,100.0,0.0016666666666666668,70.8763985763413,100.0,0.5852934576117628,threshold-control
60000.0,100.0,0.0016666666666666668,70.94657322839709,100.0,0.5848886872906158,threshold-control
60000.0,100.0,0.0016666666666666668,71.0,100.0,0.5845803990747651,threshold-control
60000.0,100.0,0.0016666666666666668,71.01674788045287,100.0,0.5844837374739911,threshold-control
60000.0,100.0,0.0016666666666666668,71.08692253250865,100.0,0.5840786085027597,threshold-control
60000.0,100.0,0.0016666666666666668,71.15709718456444,100.0,0.5836733007185018,threshold-control
60000.0,100.0,0.0016666666666666668,71.22727183662022,100.0,0.5832678144635048,threshold-control
60000.0,100.0,0.0016666666666666668,71.297446488676,100.0,0.5828621500807645,threshold-control
60000.0,100.0,0.0016666666666666668,71.36762114073179,100.0,0.5824563079139818,threshold-control
60000.0,100.0,0.0016666666666666668,71.43779579278757,100.0,0.5820502883075637,threshold-control
60000.0,100.0,0.0016666666666666668,71.50797044484335,100.0,0.5816440916066212,threshold-control
60000.0,100.0,0.0016666666666666668,71.57814509689914,100.0,0.5812377181569696,threshold-control
60000.0,100.0,0.0016666666666666668,71.64831974895492,100.0,0.5808311683051262,threshold-control
60000.0,100.0,0.0016666666666666668,71.7184944010107,100.0,0.5804244423983105,threshold-control
60000.0,100.0,0.0016666666666666668,71.78866905306649,100.0,0.580017540784443,threshold-control
60000.0,100.0,0.0016666666666666668,71.85884370512227,100.0,0.5796104638121442,threshold-control
60000.0,100.0,0.0016666666666666668,71.92901835717805,100.0,0.5792032118307334,threshold-control
60000.0,100.0,0.0016666666666666668,71.99919300923384,100.0,0.5787957851902283,threshold-control
60000.0,100.0,0.0016666666666666668,72.0,100.0,0.5787910988723659,threshold-control
60000.0,100.0,0.0016666666666666668,72.06936766128962,100.0,0.5783881842413442,threshold-control
60000.0,100.0,0.0016666666666666668,72.1395423133454,100.0,0.577980409335492,threshold-control
60000.0,100.0,0.0016666666666666668,72.20971696540119,100.0,0.5775724608247784,threshold-control
60000.0,100.0,0.0016666666666666668,72.27989161745697,100.0,0.5771643390620047,threshold-control
60000.0,100.0,0.0016666666666666668,72.35006626951275,100.0,0.5767560444006654,threshold-control
60000.0,100.0,0.0016666666666666668,72.42024092156853,100.0,0.5763475771949476,threshold-control
60000.0,100.0,0.0016666666666666668,72.49041557362432,100.0,0.5759389377997299,threshold-control
60000.0,100.0,0.0016666666666666668,72.5605902256801,100.0,0.5755301265705817,threshold-control
60000.0,100.0,0.0016666666666666668,72.63076487773588,100.0,0.5751211438637621,threshold-control
60000.0,100.0,0.0016666666666666668,72.70093952979167,100.0,0.5747119900362186,threshold-control
60000.0,100.0,0.0016666666666666668,72.77111418184745,100.0,0.5743026654455865,threshold-control
60000.0,100.0,0.0016666666666666668,72.84128883390323,100.0,0.5738931704501877,threshold-control
60000.0,100.0,0.0016666666666666668,72.91146348595902,100.0,0.5734835054090301,threshold-control
60000.0,100.0,0.0016666666666666668,72.9816381380148,100.0,0.573073670681806,threshold-control
60000.0,100.0,0.0016666666666666668,73.0,100.0,0.5729664055819337,threshold-control
60000.0,100.0,0.0016666666666666668,73.05181279007058,100.0,0.5726636666288913,threshold-control
60000.0,100.0,0.0016666666666666668,73.12198744212637,100.0,0.572253493611345,threshold-control
60000.0,100.0,0.0016666666666666668,73.19216209418215,100.0,0.5718431519909073,threshold-control
60000.0,100.0,0.0016666666666666668,73.26233674623793,100.0,0.5714326421299994,threshold-control
60000.0,100.0,0.0016666666666666668,73.33251139829372,100.0,0.571021964391722,threshold-control
60000.0,100.0,0.0016666666666666668,73.4026860503495,100.0,0.5706111191398542,threshold-control
60000.0,100.0,0.0016666666666666668,73.47286070240528,100.0,0.5702001067388531,threshold-control
60000.0,100.0,0.0016666666666666668,73.54303535446107,100.0,0.5697889275538519,threshold-control
60000.0,100.0,0.0016666666666666668,73.61321000651685,100.0,0.5693775819506591,threshold-control
60000.0,100.0,0.0016666666666666668,73.68338465857263,100.0,0.5689660702957582,threshold-control
60000.0,100.0,0.0016666666666666668,73.75355931062842,100.0,0.5685543929563055,threshold-control
60000.0,100.0,0.0016666666666666668,73.8237339626842,100.0,0.5681425503001298,threshold-control
60000.0,100.0,0.0016666666666666668,73.89390861473998,100.0,0.5677305426957311,threshold-control
60000.0,100.0,0.0016666666666666668,73.96408326679577,100.0,0.5673183705122795,threshold-control
60000.0,100.0,0.0016666666666666668,74.0,100.0,0.5671073493273208,threshold-control
60000.0,100.0,0.0016666666666666668,74.03425791885155,100.0,0.566906034119614,threshold-control
60000.0,100.0,0.0016666666666666668,74.10443257090733,100.0,0.5664935338882418,threshold-control
60000.0,100.0,0.0016666666666666668,74.17460722296312,100.0,0.5660808701893368,threshold-control
60000.0,100.0,0.0016666666666666668,74.2447818750189,100.0,0.5656680433947388,threshold-control
60000.0,100.0,0.0016666666666666668,74.31495652707468,100.0,0.5652550538769516,threshold-control
60000.0,100.0,0.0016666666666666668,74.38513117913047,100.0,0.5648419020091437,threshold-control
60000.0,100.0,0.0016666666666666668,74.45530583118625,100.0,0.5644285881651451,threshold-control
60000.0,100.0,0.0016666666666666668,74.52548048324203,100.0,0.5640151127194475,threshold-control
60000.0,100.0,0.0016666666666666668,74.59565513529782,100.0,0.5636014760472026,threshold-control
60000.0,100.0,0.0016666666666666668,74.6658297873536,100.0,0.5631876785242211,threshold-control
60000.0,100.0,0.0016666666666666668,74.73600443940938,100.0,0.562773720526972,threshold-control
60000.0,100.0,0.0016666666666666668,74.80617909146517,100.0,0.5623596024325808,threshold-control
60000.0,100.0,0.0016666666666666668,74.87635374352095,100.0,0.5619453246188282,threshold-control
60000.0,100.0,0.0016666666666666668,74.94652839557673,100.0,0.5615308874641503,threshold-control
60000.0,100.0,0.0016666666666666668,75.0,100.0,0.5612149883649202,threshold-control
60000.0,100.0,0.0016666666666666668,75.01670304763252,100.0,0.5611162913476353,threshold-control
60000.0,100.0,0.0016666666666666668,75.0868776996883,100.0,0.5607015366490249,threshold-control
60000.0,100.0,0.0016666666666666668,75.15705235174408,100.0,0.5602866237487106,threshold-control
60000.0,100.0,0.0016666666666666668,75.22722700379987,100.0,0.5598715530277344,threshold-control
60000.0,100.0,0.0016666666666666668,75.29740165585565,100.0,0.5594563248677864,threshold-control
60000.0,100.0,0.0016666666666666668,75.36757630791143,100.0,0.5590409396512048,threshold-control
60000.0,100.0,0.0016666666666666668,75.43775095996722,100.0,0.558625397760973,threshold-control
60000.0,100.0,0.0016666666666666668,75.50792561202302,100.0,0.5582096995807204,threshold-control
60000.0,100.0,0.0016666666666666668,75.5781002640788,100.0,0.55779384549472,threshold-control
60000.0,100.0,0.0016666666666666668,75.64827491613458,100.0,0.5573778358878869,threshold-control
60000.0,100.0,0.0016666666666666668,75.71844956819037,100.0,0.5569616711457783,threshold-control
60000.0,100.0,0.0016666666666666668,75.78862422024615,100.0,0.5565453516545912,threshold-control
60000.0,100.0,0.0016666666666666668,75.85879887230193,100.0,0.5561288778011614,threshold-control
60000.0,100.0,0.0016666666666666668,75.92897352435772,100.0,0.5557122499729628,threshold-control
60000.0,100.0,0.0016666666666666668,75.9991481764135,100.0,0.5552954685581057,threshold-control
60000.0,100.0,0.0016666666666666668,76.0,100.0,0.5552904084641082,threshold-control
60000.0,100.0,0.0016666666666666668,76.06932282846928,100.0,0.5548785339453355,threshold-control
60000.0,100.0,0.0016666666666666668,76.13949748052507,100.0,0.5544614465240316,threshold-control
60000.0,100.0,0.0016666666666666668,76.20967213258085,100.0,0.5540442066842065,threshold-control
60000.0,100.0,0.0016666666666666668,76.27984678463663,100.0,0.5536268148165038,threshold-control
60000.0,100.0,0.0016666666666666668,76.35002143669242,100.0,0.5532092713121972,threshold-control
60000.0,100.0,0.0016666666666666668,76.4201960887482,100.0,0.5527915765631901,threshold-control
60000.0,100.0,0.0016666666666666668,76.49037074080398,100.0,0.5523737309620129,threshold-control
60000.0,100.0,0.0016666666666666668,76.56054539285977,100.0,0.5519557349018227,threshold-control
60000.0,100.0,0.0016666666666666668,76.63072004491555,100.0,0.5515375887764018,threshold-control
60000.0,100.0,0.0016666666666666668,76.70089469697133,100.0,0.5511192929801557,threshold-control
60000.0,100.0,0.0016666666666666668,76.77106934902712,100.0,0.5507008479081137,threshold-control
60000.0,100.0,0.0016666666666666668,76.8412440010829,100.0,0.5502822539559249,threshold-control
60000.0,100.0,0.0016666666666666668,76.91141865313868,100.0,0.5498635115198593,threshold-control
60000.0,100.0,0.0016666666666666668,76.98159330519447,100.0,0.5494446209968056,threshold-control
60000.0,100.0,0.0016666666666666668,77.0,100.0,0.5493347222415028,threshold-control
60000.0,100.0,0.0016666666666666668,77.05176795725025,100.0,0.5490255827842689,threshold-control
60000.0,100.0,0.0016666666666666668,77.12194260930603,100.0,0.5486063972803714,threshold-control
60000.0,100.0,0.0016666666666666668,77.19211726136182,100.0,0.548187064883849,threshold-control
60000.0,100.0,0.0016666666666666668,77.2622919134176,100.0,0.5477675859940517,threshold-control
60000.0,100.0,0.0016666666666666668,77.33246656547338,100.0,0.5473479610109411,threshold-control
60000.0,100.0,0.0016666666666666668,77.40264121752917,100.0,0.5469281903350892,threshold-control
60000.0,100.0,0.0016666666666666668,77.47281586958495,100.0,0.5465082743676781,threshold-control
60000.0,100.0,0.0016666666666666668,77.54299052164073,100.0,0.546088213510497,threshold-control
60000.0,100.0,0.0016666666666666668,77.61316517369652,100.0,0.5456680081659422,threshold-control
60000.0,100.0,0.0016666666666666668,77.6833398257523,100.0,0.5452476587370153,threshold-control
60000.0,100.0,0.0016666666666666668,77.75351447780808,100.0,0.5448271656273214,threshold-control
60000.0,100.0,0.0016666666666666668,77.82368912986387,100.0,0.5444065292410682,threshold-control
60000.0,100.0,0.0016666666666666668,77.89386378191965,100.0,0.5439857499830647,threshold-control
60000.0,100.0,0.0016666666666666668,77.96403843397543,100.0,0.5435648282587195,threshold-control
60000.0,100.0,0.0016666666666666668,78.0,100.0,0.5433490684495847,threshold-control
60000.0,100.0,0.0016666666666666668,78.03421308603122,100.0,0.5431437644740394,threshold-control
60000.0,100.0,0.0016666666666666668,78.104387738087,100.0,0.5427225590356286,threshold-control
60000.0,100.0,0.0016666666666666668,78.17456239014278,100.0,0.5423012123506863,threshold-control
60000.0,100.0,0.0016666666666666668,78.24473704219857,100.0,0.541879724827006,threshold-control
60000.0,100.0,0.0016666666666666668,78.31491169425435,100.0,0.5414580968729741,threshold-control
60000.0,100.0,0.0016666666666666668,78.38508634631013,100.0,0.5410363288975684,threshold-control
60000.0,100.0,0.0016666666666666668,78.45526099836592,100.0,0.5406144213103561,threshold-control
60000.0,100.0,0.0016666666666666668,78.5254356504217,100.0,0.5401923745214934,threshold-control
60000.0,100.0,0.0016666666666666668,78.59561030247748,100.0,0.5397701889417232,threshold-control
60000.0,100.0,0.0016666666666666668,78.66578495453327,100.0,0.5393478649823744,threshold-control
60000.0,100.0,0.0016666666666666668,78.73595960658905,100.0,0.5389254030553593,threshold-control
60000.0,100.0,0.0016666666666666668,78.80613425864483,100.0,0.5385028035731738,threshold-control
60000.0,100.0,0.0016666666666666668,78.87630891070062,100.0,0.5380800669488947,threshold-control
60000.0,100.0,0.0016666666666666668,78.9464835627564,100.0,0.5376571935961783,threshold-control
60000.0,100.0,0.0016666666666666668,79.0,100.0,0.537334611220353,threshold-control
60000.0,100.0,0.0016666666666666668,79.01665821481218,100.0,0.5372341839292596,threshold-control
60000.0,100.0,0.0016666666666666668,79.08683286686797,100.0,0.5368110383629505,threshold-control
60000.0,100.0,0.0016666666666666668,79.15700751892375,100.0,0.5363877573126384,threshold-control
60000.0,100.0,0.0016666666666666668,79.22718217097953,100.0,0.5359643411942843,threshold-control
60000.0,100.0,0.0016666666666666668,79.29735682303532,100.0,0.5355407904244216,threshold-control
60000.0,100.0,0.0016666666666666668,79.3675314750911,100.0,0.5351171054201553,threshold-control
60000.0,100.0,0.0016666666666666668,79.43770612714688,100.0,0.5346932865991594,threshold-control
60000.0,100.0,0.0016666666666666668,79.50788077920267,100.0,0.5342693343796756,threshold-control
60000.0,100.0,0.0016666666666666668,79.57805543125845,100.0,0.5338452491805128,threshold-control
60000.0,100.0,0.0016666666666666668,79.64823008331423,100.0,0.5334210314210444,threshold-control
60000.0,100.0,0.0016666666666666668,79.71840473537002,100.0,0.5329966815212073,threshold-control
60000.0,100.0,0.0016666666666666668,79.7885793874258,100.0,0.5325721999015006,threshold-control
60000.0,100.0,0.0016666666666666668,79.85875403948158,100.0,0.5321475869829834,threshold-control
60000.0,100.0,0.0016666666666666668,79.92892869153737,100.0,0.5317228431872743,threshold-control
60000.0,100.0,0.0016666666666666668,79.99910334359315,100.0,0.5312979689365485,threshold-control
60000.0,100.0,0.0016666666666666668,80.0,100.0,0.5312925392648209,threshold-control
60000.0,100.0,0.0016666666666666668,80.06927799564893,100.0,0.5308729646535377,threshold-control
60000.0,100.0,0.0016666666666666668,80.13945264770472,100.0,0.5304478307615276,threshold-control
60000.0,100.0,0.0016666666666666668,80.2096272997605,100.0,0.5300225676843567,threshold-control
60000.0,100.0,0.0016666666666666668,80.27980195181628,100.0,0.5295971758464147,threshold-control
60000.0,100.0,0.0016666666666666668,80.34997660387207,100.0,0.529171655672641,threshold-control
60000.0,100.0,0.0016666666666666668,80.42015125592785,100.0,0.5287460075885229,threshold-control
60000.0,100.0,0.0016666666666666668,80.49032590798363,100.0,0.5283202320200944,threshold-control
60000.0,100.0,0.0016666666666666668,80.56050056003942,100.0,0.5278943293939342,threshold-control
60000.0,100.0,0.0016666666666666668,80.6306752120952,100.0,0.527468300137165,threshold-control
60000.0,100.0,0.0016666666666666668,80.70084986415098,100.0,0.5270421446774501,threshold-control
60000.0,100.0,0.0016666666666666668,80.77102451620677,100.0,0.5266158634429946,threshold-control
60000.0,100.0,0.0016666666666666668,80.84119916826255,100.0,0.5261894568625408,threshold-control
60000.0,100.0,0.0016666666666666668,80.91137382031833,100.0,0.5257629253653688,threshold-control
60000.0,100.0,0.0016666666666666668,80.98154847237412,100.0,0.5253362693812937,threshold-control
60000.0,100.0,0.0016666666666666668,81.0,100.0,0.5252240650292739,threshold-control
60000.0,100.0,0.0016666666666666668,81.0517231244299,100.0,0.524909489340665,threshold-control
60000.0,100.0,0.0016666666666666668,81.12189777648568,100.0,0.5244825856743638,threshold-control
60000.0,100.0,0.0016666666666666668,81.19207242854147,100.0,0.5240555588138021,threshold-control
60000.0,100.0,0.0016666666666666668,81.26224708059725,100.0,0.5236284091909209,threshold-control
60000.0,100.0,0.0016666666666666668,81.33242173265303,100.0,0.5232011372381884,threshold-control
60000.0,100.0,0.0016666666666666668,81.40259638470881,100.0,0.5227737433885986,threshold-control
60000.0,100.0,0.0016666666666666668,81.4727710367646,100.0,0.5223462280756699,threshold-control
60000.0,100.0,0.0016666666666666668,81.54294568882038,100.0,0.5219185917334426,threshold-control
60000.0,100.0,0.0016666666666666668,81.61312034087616,100.0,0.5214908347964782,threshold-control
60000.0,100.0,0.0016666666666666668,81.68329499293195,100.0,0.5210629576998576,threshold-control
60000.0,100.0,0.0016666666666666668,81.75346964498773,100.0,0.5206349608791783,threshold-control
60000.0,100.0,0.0016666666666666668,81.82364429704351,100.0,0.5202068447705548,threshold-control
60000.0,100.0,0.0016666666666666668,81.8938189490993,100.0,0.5197786098106152,threshold-control
60000.0,100.0,0.0016666666666666668,81.96399360115508,100.0,0.5193502564365,threshold-control
60000.0,100.0,0.0016666666666666668,82.0,100.0,0.5191304238093477,threshold-control
60000.0,100.0,0.0016666666666666668,82.03416825321086,100.0,0.5189217850858612,threshold-control
60000.0,100.0,0.0016666666666666668,82.10434290526665,100.0,0.5184931961968593,threshold-control
60000.0,100.0,0.0016666666666666668,82.17451755732243,100.0,0.518064490208163,threshold-control
60000.0,100.0,0.0016666666666666668,82.24469220937821,100.0,0.5176356675589462,threshold-control
60000.0,100.0,0.0016666666666666668,82.314866861434,100.0,0.5172067286888875,threshold-control
60000.0,100.0,0.0016666666666666668,82.38504151348978,100.0,0.5167776740381675,threshold-control
60000.0,100.0,0.0016666666666666668,82.45521616554556,100.0,0.5163485040474679,threshold-control
60000.0,100.0,0.0016666666666666668,82.52539081760135,100.0,0.5159192191579693,threshold-control
60000.0,100.0,0.0016666666666666668,82.59556546965713,100.0,0.5154898198113498,threshold-control
60000.0,100.0,0.0016666666666666668,82.66574012171293,100.0,0.515060306449783,threshold-control
60000.0,100.0,0.0016666666666666668,82.73591477376871,100.0,0.5146306795159363,threshold-control
60000.0,100.0,0.0016666666666666668,82.8060894258245,100.0,0.5142009394529699,threshold-control
60000.0,100.0,0.0016666666666666668,82.87626407788028,100.0,0.5137710867045338,threshold-control
60000.0,100.0,0.0016666666666666668,82.94643872993606,100.0,0.5133411217147672,threshold-control
60000.0,100.0,0.0016666666666666668,83.0,100.0,0.5130128728231051,threshold-control
60000.0,100.0,0.0016666666666666668,83.01661338199185,100.0,0.5129110449282962,threshold-control
60000.0,100.0,0.0016666666666666668,83.08678803404763,100.0,0.5124808567902321,threshold-control
60000.0,100.0,0.0016666666666666668,83.15696268610341,100.0,0.5120505577461701,threshold-control
60000.0,100.0,0.0016666666666666668,83.2271373381592,100.0,0.5116201482421869,threshold-control
60000.0,100.0,0.0016666666666666668,83.29731199021498,100.0,0.511189628724839,threshold-control
60000.0,100.0,0.0016666666666666668,83.36748664227076,100.0,0.5107589996411617,threshold-control
60000.0,100.0,0.0016666666666666668,83.43766129432655,100.0,0.5103282614386668,threshold-control
60000.0,100.0,0.0016666666666666668,83.50783594638233,100.0,0.5098974145653408,threshold-control
60000.0,100.0,0.0016666666666666668,83.57801059843811,100.0,0.5094664594696429,threshold-control
60000.0,100.0,0.0016666666666666668,83.6481852504939,100.0,0.5090353966005041,threshold-control
60000.0,100.0,0.0016666666666666668,83.71835990254968,100.0,0.5086042264073243,threshold-control
60000.0,100.0,0.0016666666666666668,83.78853455460546,100.0,0.5081729493399717,threshold-control
60000.0,100.0,0.0016666666666666668,83.85870920666125,100.0,0.5077415658487798,threshold-control
60000.0,100.0,0.0016666666666666668,83.92888385871703,100.0,0.5073100763845468,threshold-control
60000.0,100.0,0.0016666666666666668,83.99905851077281,100.0,0.5068784813985328,threshold-control
60000.0,100.0,0.0016666666666666668,84.0,100.0,0.5068726902444107,threshold-control
60000.0,100.0,0.0016666666666666668,84.0692331628286,100.0,0.5064467813424581,threshold-control
60000.0,100.0,0.0016666666666666668,84.13940781488438,100.0,0.5060149766685029,threshold-control
60000.0,100.0,0.0016666666666666668,84.20958246694016,100.0,0.5055830678293032,threshold-control
60000.0,100.0,0.0016666666666666668,84.27975711899595,100.0,0.5051510552779503,threshold-control
60000.0,100.0,0.0016666666666666668,84.34993177105173,100.0,0.5047189394679896,threshold-control
60000.0,100.0,0.0016666666666666668,84.42010642310751,100.0,0.504286720853417,threshold-control
60000.0,100.0,0.0016666666666666668,84.4902810751633,100.0,0.5038543998886782,threshold-control
60000.0,100.0,0.0016666666666666668,84.56045572721908,100.0,0.5034219770286674,threshold-control
60000.0,100.0,0.0016666666666666668,84.63063037927486,100.0,0.5029894527287243,threshold-control
60000.0,100.0,0.0016666666666666668,84.70080503133065,100.0,0.5025568274446326,threshold-control
60000.0,100.0,0.0016666666666666668,84.77097968338643,100.0,0.5021241016326186,threshold-control
60000.0,100.0,0.0016666666666666668,84.84115433544221,100.0,0.501691275749349,threshold-control
60000.0,100.0,0.0016666666666666668,84.911328987498,100.0,0.5012583502519293,threshold-control
60000.0,100.0,0.0016666666666666668,84.98150363955378,100.0,0.5008253255979016,threshold-control
60000.0,100.0,0.0016666666666666668,85.0,100.0,0.5007111741980272,threshold-control
60000.0,100.0,0.0016666666666666668,85.05167829160956,100.0,0.5003922022452432,threshold-control
60000.0,100.0,0.0016666666666666668,85.12185294366535,100.0,0.4999589806523639,threshold-control
60000.0,100.0,0.0016666666666666668,85.19202759572113,100.0,0.49952566127810505,threshold-control
60000.0,100.0,0.0016666666666666668,85.26220224777691,100.0,0.49909224458173773,threshold-control
60000.0,100.0,0.0016666666666666668,85.3323768998327,100.0,0.49865873102296,threshold-control
60000.0,100.0,0.0016666666666666668,85.40255155188848,100.0,0.4982251210618954,threshold-control
60000.0,100.0,0.0016666666666666668,85.47272620394426,100.0,0.49779141515909164,threshold-control
60000.0,100.0,0.0016666666666666668,85.54290085600005,100.0,0.4973576137755179,threshold-control
60000.0,100.0,0.0016666666666666668,85.61307550805583,100.0,0.4969237173725639,threshold-control
60000.0,100.0,0.0016666666666666668,85.68325016011161,100.0,0.4964897264120366,threshold-control
60000.0,100.0,0.0016666666666666668,85.7534248121674,100.0,0.49605564135615954,threshold-control
60000.0,100.0,0.0016666666666666668,85.82359946422318,100.0,0.49562146266757057,threshold-control
60000.0,100.0,0.0016666666666666668,85.89377411627896,100.0,0.49518719080931983,threshold-control
60000.0,100.0,0.0016666666666666668,85.96394876833475,100.0,0.49475282624486805,threshold-control
60000.0,100.0,0.0016666666666666668,86.0,100.0,0.4945296417179734,threshold-control
60000.0,100.0,0.0016666666666666668,86.03412342039053,100.0,0.49431836943808416,threshold-control
60000.0,100.0,0.0016666666666666668,86.10429807244631,100.0,0.49388382085324445,threshold-control
60000.0,100.0,0.0016666666666666668,86.1744727245021,100.0,0.4934491809550289,threshold-control
60000.0,100.0,0.0016666666666666668,86.24464737655788,100.0,0.4930144502085211,threshold-control
60000.0,100.0,0.0016666666666666668,86.31482202861366,100.0,0.4925796290792053,threshold-control
60000.0,100.0,0.0016666666666666668,86.38499668066945,100.0,0.49214471803296467,threshold-control
60000.0,100.0,0.0016666666666666668,86.45517133272523,100.0,0.49170971753607917,threshold-control
60000.0,100.0,0.0016666666666666668,86.52534598478101,100.0,0.49127462805522426,threshold-control
60000.0,100.0,0.0016666666666666668,86.5955206368368,100.0,0.49083945005746843,threshold-control
60000.0,100.0,0.0016666666666666668,86.66569528889258,100.0,0.4904041840102712,threshold-control
60000.0,100.0,0.0016666666666666668,86.73586994094836,100.0,0.4899688303814812,threshold-control
60000.0,100.0,0.0016666666666666668,86.80604459300415,100.0,0.489533389639335,threshold-control
60000.0,100.0,0.0016666666666666668,86.87621924505993,100.0,0.4890978622524539,threshold-control
60000.0,100.0,0.0016666666666666668,86.94639389711571,100.0,0.48866224868984287,threshold-control
60000.0,100.0,0.0016666666666666668,87.0,100.0,0.4883294276707957,threshold-control
60000.0,100.0,0.0016666666666666668,87.0165685491715,100.0,0.48822654942088817,threshold-control
60000.0,100.0,0.0016666666666666668,87.08674320122728,100.0,0.48779076491535556,threshold-control
60000.0,100.0,0.0016666666666666668,87.15691785328306,100.0,0.48735489564338863,threshold-control
60000.0,100.0,0.0016666666666666668,87.22709250533885,100.0,0.486918942075506,threshold-control
60000.0,100.0,0.0016666666666666668,87.29726715739463,100.0,0.4864829046826,threshold-control
60000.0,100.0,0.0016666666666666668,87.36744180945041,100.0,0.4860467839359348,threshold-control
60000.0,100.0,0.0016666666666666668,87.4376164615062,100.0,0.485610580307144,threshold-control
60000.0,100.0,0.0016666666666666668,87.50779111356198,100.0,0.48517429426822856,threshold-control
60000.0,100.0,0.0016666666666666668,87.57796576561776,100.0,0.4847379262915553,threshold-control
60000.0,100.0,0.0016666666666666668,87.64814041767355,100.0,0.4843014768498548,threshold-control
60000.0,100.0,0.0016666666666666668,87.71831506972933,100.0,0.48386494641621913,threshold-control
60000.0,100.0,0.0016666666666666668,87.78848972178511,100.0,0.4834283354640998,threshold-control
60000.0,100.0,0.0016666666666666668,87.8586643738409,100.0,0.48299164446730625,threshold-control
60000.0,100.0,0.0016666666666666668,87.92883902589668,100.0,0.4825548739000033,threshold-control
60000.0,100.0,0.0016666666666666668,87.99901367795246,100.0,0.4821180242367097,threshold-control
60000.0,100.0,0.0016666666666666668,88.0,100.0,0.48211188364551805,threshold-control
60000.0,100.0,0.0016666666666666668,88.06918833000825,100.0,0.48168109595229536,threshold-control
60000.0,100.0,0.0016666666666666668,88.13936298206403,100.0,0.4812440895219803,threshold-control
60000.0,100.0,0.0016666666666666668,88.20953763411981,100.0,0.4808070054213316,threshold-control
60000.0,100.0,0.0016666666666666668,88.2797122861756,100.0,0.4803698441262624,threshold-control
60000.0,100.0,0.0016666666666666668,88.34988693823138,100.0,0.4799326061130289,threshold-control
60000.0,100.0,0.0016666666666666668,88.42006159028716,100.0,0.4794952918582289,threshold-control
60000.0,100.0,0.0016666666666666668,88.49023624234295,100.0,0.47905790183880004,threshold-control
60000.0,100.0,0.0016666666666666668,88.56041089439873,100.0,0.4786204365320169,threshold-control
60000.0,100.0,0.0016666666666666668,88.63058554645451,100.0,0.4781828964154896,threshold-control
60000.0,100.0,0.0016666666666666668,88.7007601985103,100.0,0.4777452819671617,threshold-control
60000.0,100.0,0.0016666666666666668,88.77093485056608,100.0,0.4773075936653083,threshold-control
60000.0,100.0,0.0016666666666666668,88.84110950262186,100.0,0.47686983198853294,threshold-control
60000.0,100.0,0.0016666666666666668,88.91128415467765,100.0,0.47643199741576725,threshold-control
60000.0,100.0,0.0016666666666666668,88.98145880673343,100.0,0.4759940904262674,threshold-control
60000.0,100.0,0.0016666666666666668,89.0,100.0,0.4758783768121394,threshold-control
60000.0,100.0,0.0016666666666666668,89.05163345878921,100.0,0.4755561114996133,threshold-control
60000.0,100.0,0.0016666666666666668,89.121808110845,100.0,0.4751180611157051,threshold-control
60000.0,100.0,0.0016666666666666668,89.19198276290078,100.0,0.4746799397547625,threshold-control
60000.0,100.0,0.0016666666666666668,89.26215741495656,100.0,0.47424174789732176,threshold-control
60000.0,100.0,0.0016666666666666668,89.33233206701235,100.0,0.4738034860242345,threshold-control
60000.0,100.0,0.0016666666666666668,89.40250671906813,100.0,0.4733651546166644,threshold-control
60000.0,100.0,0.0016666666666666668,89.47268137112391,100.0,0.4729267541560864,threshold-control
60000.0,100.0,0.0016666666666666668,89.5428560231797,100.0,0.47248828512428365,threshold-control
60000.0,100.0,0.0016666666666666668,89.61303067523548,100.0,0.4720497480033462,threshold-control
60000.0,100.0,0.0016666666666666668,89.68320532729126,100.0,0.47161114327566833,threshold-control
60000.0,100.0,0.0016666666666666668,89.75337997934705,100.0,0.47117247142394636,threshold-control
60000.0,100.0,0.0016666666666666668,89.82355463140283,100.0,0.4707337329311777,threshold-control
60000.0,100.0,0.0016666666666666668,89.89372928345863,100.0,0.4702949282806571,threshold-control
60000.0,100.0,0.0016666666666666668,89.96390393551441,100.0,0.4698560579559763,threshold-control
60000.0,100.0,0.0016666666666666668,90.0,100.0,0.4696302887506445,threshold-control
60000.0,100.0,0.0016666666666666668,90.03407858757019,100.0,0.46941712244101996,threshold-control
60000.0,100.0,0.0016666666666666668,90.10425323962598,100.0,0.4689781222199654,threshold-control
60000.0,100.0,0.0016666666666666668,90.17442789168176,100.0,0.4685390577772792,threshold-control
60000.0,100.0,0.0016666666666666668,90.24460254373754,100.0,0.4680999295977166,threshold-control
60000.0,100.0,0.0016666666666666668,90.31477719579333,100.0,0.46766073816631704,threshold-control
60000.0,100.0,0.0016666666666666668,90.38495184784911,100.0,0.4672214839684041,threshold-control
60000.0,100.0,0.0016666666666666668,90.45512649990489,100.0,0.46678216748958323,threshold-control
60000.0,100.0,0.0016666666666666668,90.52530115196068,100.0,0.46634278921573824,threshold-control
60000.0,100.0,0.0016666666666666668,90.59547580401646,100.0,0.46590334963303015,threshold-control
60000.0,100.0,0.0016666666666666668,90.66565045607224,100.0,0.46546384922789574,threshold-control
60000.0,100.0,0.0016666666666666668,90.73582510812803,100.0,0.4650242884870436,threshold-control
60000.0,100.0,0.0016666666666666668,90.80599976018381,100.0,0.4645846678974538,threshold-control
60000.0,100.0,0.0016666666666666668,90.87617441223959,100.0,0.4641449879463747,threshold-control
60000.0,100.0,0.0016666666666666668,90.94634906429538,100.0,0.4637052491213214,threshold-control
60000.0,100.0,0.0016666666666666668,91.0,100.0,0.46336901425259747,threshold-control
60000.0,100.0,0.0016666666666666668,91.01652371635116,100.0,0.46326545191007285,threshold-control
60000.0,100.0,0.0016666666666666668,91.08669836840694,100.0,0.4628255968006706,threshold-control
60000.0,100.0,0.0016666666666666668,91.15687302046273,100.0,0.462385684281416,threshold-control
60000.0,100.0,0.0016666666666666668,91.22704767251851,100.0,0.461945714840869,threshold-control
60000.0,100.0,0.0016666666666666668,91.29722232457429,100.0,0.4615056889678443,threshold-control
60000.0,100.0,0.0016666666666666668,91.36739697663008,100.0,0.46106560715141065,threshold-control
60000.0,100.0,0.0016666666666666668,91.43757162868586,100.0,0.4606254698808886,threshold-control
60000.0,100.0,0.0016666666666666668,91.50774628074164,100.0,0.4601852776458477,threshold-control
60000.0,100.0,0.0016666666666666668,91.57792093279743,100.0,0.45974503093610464,threshold-control
60000.0,100.0,0.0016666666666666668,91.64809558485321,100.0,0.45930473024172147,threshold-control
60000.0,100.0,0.0016666666666666668,91.71827023690899,100.0,0.45886437605300234,threshold-control
60000.0,100.0,0.0016666666666666668,91.78844488896478,100.0,0.4584239688604931,threshold-control
60000.0,100.0,0.0016666666666666668,91.85861954102056,100.0,0.4579835091549772,threshold-control
60000.0,100.0,0.0016666666666666668,91.92879419307634,100.0,0.45754299742747506,threshold-control
60000.0,100.0,0.0016666666666666668,91.99896884513213,100.0,0.4571024341692409,threshold-control
60000.0,100.0,0.0016666666666666668,92.0,100.0,0.45709596009746656,threshold-control
60000.0,100.0,0.0016666666666666668,92.06914349718791,100.0,0.4566618198717616,threshold-control
60000.0,100.0,0.0016666666666666668,92.13931814924369,100.0,0.4562211550267531,threshold-control
60000.0,100.0,0.0016666666666666668,92.20949280129948,100.0,0.45578044012615926,threshold-control
60000.0,100.0,0.0016666666666666668,92.27966745335526,100.0,0.45533967566214983,threshold-control
60000.0,100.0,0.0016666666666666668,92.34984210541104,100.0,0.4548988621271174,threshold-control
60000.0,100.0,0.0016666666666666668,92.42001675746683,100.0,0.45445800001367587,threshold-control
60000.0,100.0,0.0016666666666666668,92.49019140952261,100.0,0.45401708981465827,threshold-control
60000.0,100.0,0.0016666666666666668,92.56036606157839,100.0,0.45357613202311386,threshold-control
60000.0,100.0,0.0016666666666666668,92.63054071363418,100.0,0.4531351271323074,threshold-control
60000.0,100.0,0.0016666666666666668,92.70071536568996,100.0,0.45269407563571507,threshold-control
60000.0,100.0,0.0016666666666666668,92.77089001774574,100.0,0.4522529780270238,threshold-control
60000.0,100.0,0.0016666666666666668,92.84106466980153,100.0,0.45181183480012843,threshold-control
60000.0,100.0,0.0016666666666666668,92.91123932185731,100.0,0.4513706464491295,threshold-control
60000.0,100.0,0.0016666666666666668,92.98141397391309,100.0,0.4509294134683314,threshold-control
60000.0,100.0,0.0016666666666666668,93.0,100.0,0.4508125438059165,threshold-control
60000.0,100.0,0.0016666666666666668,93.05158862596888,100.0,0.4504881363522395,threshold-control
60000.0,100.0,0.0016666666666666668,93.12176327802466,100.0,0.4500468155955589,threshold-control
60000.0,100.0,0.0016666666666666668,93.19193793008044,100.0,0.4496054516931913,threshold-control
60000.0,100.0,0.0016666666666666668,93.26211258213623,100.0,0.44916404514023345,threshold-control
60000.0,100.0,0.0016666666666666668,93.33228723419201,100.0,0.44872259643197454,threshold-control
60000.0,100.0,0.0016666666666666668,93.40246188624779,100.0,0.44828110606389426,threshold-control
60000.0,100.0,0.0016666666666666668,93.47263653830358,100.0,0.44783957453166046,threshold-control
60000.0,100.0,0.0016666666666666668,93.54281119035936,100.0,0.4473980023311269,threshold-control
60000.0,100.0,0.0016666666666666668,93.61298584241514,100.0,0.4469563899583311,threshold-control
60000.0,100.0,0.0016666666666666668,93.68316049447093,100.0,0.4465147379094919,threshold-control
60000.0,100.0,0.0016666666666666668,93.75333514652671,100.0,0.4460730466810079,threshold-control
60000.0,100.0,0.0016666666666666668,93.82350979858249,100.0,0.44563131676945467,threshold-control
60000.0,100.0,0.0016666666666666668,93.89368445063828,100.0,0.4451895486715822,threshold-control
60000.0,100.0,0.0016666666666666668,93.96385910269406,100.0,0.44474774288431385,threshold-control
60000.0,100.0,0.0016666666666666668,94.0,100.0,0.44452019237237983,threshold-control
60000.0,100.0,0.0016666666666666668,94.03403375474984,100.0,0.4443058999047427,threshold-control
60000.0,100.0,0.0016666666666666668,94.10420840680563,100.0,0.4438640202301306,threshold-control
60000.0,100.0,0.0016666666666666668,94.17438305886141,100.0,0.44342210435790497,threshold-control
60000.0,100.0,0.0016666666666666668,94.24455771091719,100.0,0.44298015278565717,threshold-control
60000.0,100.0,0.0016666666666666668,94.31473236297298,100.0,0.44253816601113993,threshold-control
60000.0,100.0,0.0016666666666666668,94.38490701502876,100.0,0.44209614453226553,threshold-control
60000.0,100.0,0.0016666666666666668,94.45508166708454,100.0,0.4416540888471031,threshold-control
60000.0,100.0,0.0016666666666666668,94.52525631914033,100.0,0.44121199945387657,threshold-control
60000.0,100.0,0.0016666666666666668,94.59543097119611,100.0,0.44076987685096236,threshold-control
60000.0,100.0,0.0016666666666666668,94.66560562325189,100.0,0.4403277215368874,threshold-control
60000.0,100.0,0.0016666666666666668,94.73578027530768,100.0,0.4398855340103265,threshold-control
60000.0,100.0,0.0016666666666666668,94.80595492736346,100.0,0.4394433147701008,threshold-control
60000.0,100.0,0.0016666666666666668,94.87612957941924,100.0,0.43900106431517427,threshold-control
60000.0,100.0,0.0016666666666666668,94.94630423147503,100.0,0.4385587831446528,threshold-control
60000.0,100.0,0.0016666666666666668,95.0,100.0,0.43822034097928464,threshold-control
60000.0,100.0,0.0016666666666666668,95.01647888353081,100.0,0.4381164717577817,threshold-control
60000.0,100.0,0.0016666666666666668,95.08665353558659,100.0,0.4376741306539421,threshold-control
60000.0,100.0,0.0016666666666666668,95.15682818764238,100.0,0.43723176033265065,threshold-control
60000.0,100.0,0.0016666666666666668,95.22700283969816,100.0,0.43678936129355606,threshold-control
60000.0,100.0,0.0016666666666666668,95.29717749175394,100.0,0.4363469340364373,threshold-control
60000.0,100.0,0.0016666666666666668,95.36735214380973,100.0,0.4359044790612009,threshold-control
60000.0,100.0,0.0016666666666666668,95.43752679586551,100.0,0.43546199686787923,threshold-control
60000.0,100.0,0.0016666666666666668,95.50770144792129,100.0,0.43501948795662804,threshold-control
60000.0,100.0,0.0016666666666666668,95.57787609997708,100.0,0.43457695282772424,threshold-control
60000.0,100.0,0.0016666666666666668,95.64805075203286,100.0,0.43413439198156345,threshold-control
60000.0,100.0,0.0016666666666666668,95.71822540408864,100.0,0.43369180591865786,threshold-control
60000.0,100.0,0.0016666666666666668,95.78840005614443,100.0,0.433249195139634,threshold-control
60000.0,100.0,0.0016666666666666668,95.85857470820021,100.0,0.43280656014523056,threshold-control
60000.0,100.0,0.0016666666666666668,95.92874936025599,100.0,0.4323639014362959,threshold-control
60000.0,100.0,0.0016666666666666668,95.99892401231178,100.0,0.43192121951378626,threshold-control
60000.0,100.0,0.0016666666666666668,96.0,100.0,0.4319144316953809,threshold-control
60000.0,100.0,0.0016666666666666668,96.06909866436756,100.0,0.43147851487876276,threshold-control
60000.0,100.0,0.0016666666666666668,96.13927331642334,100.0,0.43103578803238973,threshold-control
60000.0,100.0,0.0016666666666666668,96.20944796847913,100.0,0.4305930394759322,threshold-control
60000.0,100.0,0.0016666666666666668,96.27962262053491,100.0,0.43015026971075376,threshold-control
60000.0,100.0,0.0016666666666666668,96.34979727259069,100.0,0.4297074792383141,threshold-control
60000.0,100.0,0.0016666666666666668,96.41997192464648,100.0,0.429264668560167,threshold-control
60000.0,100.0,0.0016666666666666668,96.49014657670226,100.0,0.4288218381779578,threshold-control
60000.0,100.0,0.0016666666666666668,96.56032122875804,100.0,0.4283789885934215,threshold-control
60000.0,100.0,0.0016666666666666668,96.63049588081383,100.0,0.4279361203083797,threshold-control
60000.0,100.0,0.0016666666666666668,96.70067053286961,100.0,0.42749323382473936,threshold-control
60000.0,100.0,0.0016666666666666668,96.77084518492539,100.0,0.42705032964448997,threshold-control
60000.0,100.0,0.0016666666666666668,96.84101983698118,100.0,0.4266074082697012,threshold-control
60000.0,100.0,0.0016666666666666668,96.91119448903696,100.0,0.4261644702025209,threshold-control
60000.0,100.0,0.0016666666666666668,96.98136914109274,100.0,0.4257215159451725,threshold-control
60000.0,100.0,0.0016666666666666668,97.0,100.0,0.4256039121606533,threshold-control
60000.0,100.0,0.0016666666666666668,97.05154379314854,100.0,0.4252785459999531,threshold-control
60000.0,100.0,0.0016666666666666668,97.12171844520432,100.0,0.4248355608692308,threshold-control
60000.0,100.0,0.0016666666666666668,97.1918930972601,100.0,0.4243925610554433,threshold-control
60000.0,100.0,0.0016666666666666668,97.26206774931589,100.0,0.423949547061094,threshold-control
60000.0,100.0,0.0016666666666666668,97.33224240137167,100.0,0.4235065193887513,threshold-control
60000.0,100.0,0.0016666666666666668,97.40241705342746,100.0,0.42306347854104576,threshold-control
60000.0,100.0,0.0016666666666666668,97.47259170548324,100.0,0.4226204250206673,threshold-control
60000.0,100.0,0.0016666666666666668,97.54276635753902,100.0,0.42217735933036393,threshold-control
60000.0,100.0,0.0016666666666666668,97.6129410095948,100.0,0.4217342819729385,threshold-control
60000.0,100.0,0.0016666666666666668,97.68311566165059,100.0,0.4212911934512471,threshold-control
60000.0,100.0,0.0016666666666666668,97.75329031370637,100.0,0.42084809426819647,threshold-control
60000.0,100.0,0.0016666666666666668,97.82346496576216,100.0,0.4204049849267417,threshold-control
60000.0,100.0,0.0016666666666666668,97.89363961781794,100.0,0.41996186592988405,threshold-control
60000.0,100.0,0.0016666666666666668,97.96381426987372,100.0,0.4195187377806687,threshold-control
60000.0,100.0,0.0016666666666666668,98.0,100.0,0.41929023426036405,threshold-control
60000.0,100.0,0.0016666666666666668,98.0339889219295,100.0,0.41907560098218233,threshold-control
60000.0,100.0,0.0016666666666666668,98.10416357398529,100.0,0.41863245603755095,threshold-control
60000.0,100.0,0.0016666666666666668,98.17433822604107,100.0,0.41818930344993754,threshold-control
60000.0,100.0,0.0016666666666666668,98.24451287809686,100.0,0.41774614372253993,threshold-control
60000.0,100.0,0.0016666666666666668,98.31468753015264,100.0,0.4173029773585881,threshold-control
60000.0,100.0,0.0016666666666666668,98.38486218220842,100.0,0.41685980486134255,threshold-control
60000.0,100.0,0.0016666666666666668,98.4550368342642,100.0,0.4164166267340913,threshold-control
60000.0,100.0,0.0016666666666666668,98.52521148631999,100.0,0.4159734434801482,threshold-control
60000.0,100.0,0.0016666666666666668,98.59538613837577,100.0,0.4155302556028504,threshold-control
60000.0,100.0,0.0016666666666666668,98.66556079043156,100.0,0.4150870636055556,threshold-control
60000.0,100.0,0.0016666666666666668,98.73573544248734,100.0,0.4146438679916409,threshold-control
60000.0,100.0,0.0016666666666666668,98.80591009454312,100.0,0.41420066926449917,threshold-control
60000.0,100.0,0.0016666666666666668,98.8760847465989,100.0,0.4137574679275382,threshold-control
60000.0,100.0,0.0016666666666666668,98.94625939865469,100.0,0.41331426448417674,threshold-control
60000.0,100.0,0.0016666666666666668,99.0,100.0,0.41297485279079305,threshold-control
60000.0,100.0,0.0016666666666666668,99.01643405071047,100.0,0.41287105943784386,threshold-control
60000.0,100.0,0.0016666666666666668,99.08660870276626,100.0,0.4124278532919756,threshold-control
60000.0,100.0,0.0016666666666666668,99.15678335482204,100.0,0.4119846465500129,threshold-control
60000.0,100.0,0.0016666666666666668,99.16969784310787,100.0,0.4119030816278524,threshold-control
60000.0,100.0,0.0016666666666666668,99.22695800687782,100.0,0.41154143971539947,threshold-control
60000.0,100.0,0.0016666666666666668,99.2971326589336,100.0,0.4110982332915797,threshold-control
60000.0,100.0,0.0016666666666666668,99.36730731098939,100.0,0.4106550277819958,threshold-control
60000.0,100.0,0.0016666666666666668,99.43748196304517,100.0,0.4102118236900859,threshold-control
60000.0,100.0,0.0016666666666666668,99.50765661510096,100.0,0.4097686215192815,threshold-control
60000.0,100.0,0.0016666666666666668,99.57783126715674,100.0,0.4093254217730061,threshold-control
60000.0,100.0,0.0016666666666666668,99.64800591921252,100.0,0.4088822249546713,threshold-control
60000.0,100.0,0.0016666666666666668,99.7181805712683,100.0,0.4084390315676759,threshold-control
60000.0,100.0,0.0016666666666666668,99.78835522332409,100.0,0.40799584211540296,threshold-control
60000.0,100.0,0.0016666666666666668,99.85852987537987,100.0,0.4075526571012177,threshold-control
60000.0,100.0,0.0016666666666666668,99.92870452743566,100.0,0.4071094770284649,threshold-control
60000.0,100.0,0.0016666666666666668,99.99887917949144,100.0,0.40666630240046764,threshold-control
60000.0,100.0,0.0016666666666666668,100.0,100.0,0.40665922411928235,threshold-control
60000.0,100.0,0.0016666666666666668,100.06905383154722,100.0,0.40622313372052343,threshold-control
60000.0,100.0,0.0016666666666666668,100.139228483603,100.0,0.40577997149190326,threshold-control
60000.0,100.0,0.0016666666666666668,100.20940313565879,100.0,0.40533681621784845,threshold-control
60000.0,100.0,0.0016666666666666668,100.27957778771457,100.0,0.40489366840156915,threshold-control
60000.0,100.0,0.0016666666666666668,100.34975243977036,100.0,0.4044505285462414,threshold-control
60000.0,100.0,0.0016666666666666668,100.41992709182614,100.0,0.4040073971550049,threshold-control
60000.0,100.0,0.0016666666666666668,100.49010174388192,100.0,0.40356427473096124,threshold-control
60000.0,100.0,0.0016666666666666668,100.5602763959377,100.0,0.40312116177717094,threshold-control
60000.0,100.0,0.0016666666666666668,100.63045104799349,100.0,0.40267805879665197,threshold-control
60000.0,100.0,0.0016666666666666668,100.70062570004927,100.0,0.40223496629237654,threshold-control
60000.0,100.0,0.0016666666666666668,100.77080035210506,100.0,0.40179188476726946,threshold-control
60000.0,100.0,0.0016666666666666668,100.84097500416084,100.0,0.4013488147242056,threshold-control
60000.0,100.0,0.0016666666666666668,100.91114965621662,100.0,0.40090575666600814,threshold-control
60000.0,100.0,0.0016666666666666668,100.9813243082724,100.0,0.40046271109544485,threshold-control
60000.0,100.0,0.0016666666666666668,101.0,100.0,0.40034480484119994,threshold-control
60000.0,100.0,0.0016666666666666668,101.05149896032819,100.0,0.4000196785152279,threshold-control
60000.0,100.0,0.0016666666666666668,101.12167361238397,100.0,0.3995766594280096,threshold-control
60000.0,100.0,0.0016666666666666668,101.19184826443976,100.0,0.3991336543363815,threshold-control
60000.0,100.0,0.0016666666666666668,101.26202291649554,100.0,0.39869066374287154,threshold-control
60000.0,100.0,0.0016666666666666668,101.33219756855132,100.0,0.3982476881499414,threshold-control
60000.0,100.0,0.0016666666666666668,101.4023722206071,100.0,0.39780472805998535,threshold-control
60000.0,100.0,0.0016666666666666668,101.47254687266289,100.0,0.39736178397532684,threshold-control
60000.0,100.0,0.0016666666666666668,101.54272152471867,100.0,0.39691885639821656,threshold-control
60000.0,100.0,0.0016666666666666668,101.61289617677446,100.0,0.39647594583083057,threshold-control
60000.0,100.0,0.0016666666666666668,101.68307082883024,100.0,0.3960330527752677,threshold-control
60000.0,100.0,0.0016666666666666668,101.75324548088602,100.0,0.3955901777335471,threshold-control
60000.0,100.0,0.0016666666666666668,101.8234201329418,100.0,0.3951473212076061,threshold-control
60000.0,100.0,0.0016666666666666668,101.89359478499759,100.0,0.3947044836992982,threshold-control
60000.0,100.0,0.0016666666666666668,101.96376943705337,100.0,0.3942616657103908,threshold-control
60000.0,100.0,0.0016666666666666668,102.0,100.0,0.39403305043645975,threshold-control
60000.0,100.0,0.0016666666666666668,102.03394408910916,100.0,0.39381886774256214,threshold-control
60000.0,100.0,0.0016666666666666668,102.10411874116494,100.0,0.39337609029740017,threshold-control
60000.0,100.0,0.0016666666666666668,102.17429339322072,100.0,0.3929333338763993,threshold-control
60000.0,100.0,0.0016666666666666668,102.2444680452765,100.0,0.39249059898095884,threshold-control
60000.0,100.0,0.0016666666666666668,102.31464269733229,100.0,0.3920478861123805,threshold-control
60000.0,100.0,0.0016666666666666668,102.38481734938807,100.0,0.3916051957718656,threshold-control
60000.0,100.0,0.0016666666666666668,102.45499200144386,100.0,0.3911625284605139,threshold-control
60000.0,100.0,0.0016666666666666668,102.52516665349964,100.0,0.3907198846793203,threshold-control
60000.0,100.0,0.0016666666666666668,102.59534130555542,100.0,0.39027726492917314,threshold-control
60000.0,100.0,0.0016666666666666668,102.6655159576112,100.0,0.3898346697108517,threshold-control
60000.0,100.0,0.0016666666666666668,102.73569060966699,100.0,0.3893920995250242,threshold-control
60000.0,100.0,0.0016666666666666668,102.80586526172277,100.0,0.38894955487224503,threshold-control
60000.0,100.0,0.0016666666666666668,102.87603991377856,100.0,0.388507036252953,threshold-control
60000.0,100.0,0.0016666666666666668,102.94621456583434,100.0,0.38806454416746905,threshold-control
60000.0,100.0,0.0016666666666666668,103.0,100.0,0.3877254139282247,threshold-control
60000.0,100.0,0.0016666666666666668,103.01638921789012,100.0,0.3876220791159938,threshold-control
60000.0,100.0,0.0016666666666666668,103.0865638699459,100.0,0.3871796415986052,threshold-control
60000.0,100.0,0.0016666666666666668,103.15673852200169,100.0,0.38673723211525624,threshold-control
60000.0,100.0,0.0016666666666666668,103.22691317405747,100.0,0.38629485116577345,threshold-control
60000.0,100.0,0.0016666666666666668,103.29708782611326,100.0,0.38585249924985365,threshold-control
60000.0,100.0,0.0016666666666666668,103.36726247816904,100.0,0.385410176867062,threshold-control
60000.0,100.0,0.0016666666666666668,103.43743713022482,100.0,0.38496788451683017,threshold-control
60000.0,100.0,0.0016666666666666668,103.5076117822806,100.0,0.3845256226984538,threshold-control
60000.0,100.0,0.0016666666666666668,103.57778643433639,100.0,0.38408339191109,threshold-control
60000.0,100.0,0.0016666666666666668,103.64796108639217,100.0,0.3836411926537553,threshold-control
60000.0,100.0,0.0016666666666666668,103.71813573844796,100.0,0.3831990254253239,threshold-control
60000.0,100.0,0.0016666666666666668,103.78831039050374,100.0,0.38275689072452446,threshold-control
60000.0,100.0,0.0016666666666666668,103.85848504255952,100.0,0.38231478904993876,threshold-control
60000.0,100.0,0.0016666666666666668,103.9286596946153,100.0,0.3818727208999989,threshold-control
60000.0,100.0,0.0016666666666666668,103.99883434667109,100.0,0.3814306867729851,threshold-control
60000.0,100.0,0.0016666666666666668,104.0,100.0,0.381423344546422,threshold-control
60000.0,100.0,0.0016666666666666668,104.06900899872687,100.0,0.38098868716702394,threshold-control
60000.0,100.0,0.0016666666666666668,104.13918365078266,100.0,0.3805467225800854,threshold-control
60000.0,100.0,0.0016666666666666668,104.20935830283845,100.0,0.38010479350998116,threshold-control
60000.0,100.0,0.0016666666666666668,104.27953295489424,100.0,0.3796629004543626,threshold-control
60000.0,100.0,0.0016666666666666668,104.34970760695002,100.0,0.3792210439107174,threshold-control
60000.0,100.0,0.0016666666666666668,104.4198822590058,100.0,0.3787792243763688,threshold-control
60000.0,100.0,0.0016666666666666668,104.49005691106159,100.0,0.37833744234847233,threshold-control
60000.0,100.0,0.0016666666666666668,104.56023156311737,100.0,0.3778956983240137,threshold-control
60000.0,100.0,0.0016666666666666668,104.63040621517315,100.0,0.3774539927998075,threshold-control
60000.0,100.0,0.0016666666666666668,104.70058086722894,100.0,0.37701232627249337,threshold-control
60000.0,100.0,0.0016666666666666668,104.77075551928472,100.0,0.37657069923853537,threshold-control
60000.0,100.0,0.0016666666666666668,104.8409301713405,100.0,0.37612911219421874,threshold-control
60000.0,100.0,0.0016666666666666668,104.91110482339629,100.0,0.3756875656356482,threshold-control
60000.0,100.0,0.0016666666666666668,104.98127947545207,100.0,0.37524606005874506,threshold-control
60000.0,100.0,0.0016666666666666668,105.0,100.0,0.3751282863986768,threshold-control
60000.0,100.0,0.0016666666666666668,105.05145412750785,100.0,0.3748045959592463,threshold-control
60000.0,100.0,0.0016666666666666668,105.12162877956364,100.0,0.3743631738327009,threshold-control
60000.0,100.0,0.0016666666666666668,105.19180343161942,100.0,0.37392179417446825,threshold-control
60000.0,100.0,0.0016666666666666668,105.2619780836752,100.0,0.37348045747971637,threshold-control
60000.0,100.0,0.0016666666666666668,105.33215273573099,100.0,0.373039164243419,threshold-control
60000.0,100.0,0.0016666666666666668,105.40232738778677,100.0,0.37259791496035377,threshold-control
60000.0,100.0,0.0016666666666666668,105.47250203984255,100.0,0.3721567101251001,threshold-control
60000.0,100.0,0.0016666666666666668,105.54267669189834,100.0,0.37171555023203595,threshold-control
60000.0,100.0,0.0016666666666666668,105.61285134395412,100.0,0.37127443577533803,threshold-control
60000.0,100.0,0.0016666666666666668,105.6830259960099,100.0,0.37083336724897664,threshold-control
60000.0,100.0,0.0016666666666666668,105.75320064806569,100.0,0.3703923451467154,threshold-control
60000.0,100.0,0.0016666666666666668,105.82337530012147,100.0,0.36995136996210864,threshold-control
60000.0,100.0,0.0016666666666666668,105.89354995217725,100.0,0.3695104421884988,threshold-control
60000.0,100.0,0.0016666666666666668,105.96372460423304,100.0,0.3690695623190152,threshold-control
60000.0,100.0,0.0016666666666666668,106.0,100.0,0.3688416771512504,threshold-control
60000.0,100.0,0.0016666666666666668,106.03389925628882,100.0,0.36862873084657033,threshold-control
60000.0,100.0,0.0016666666666666668,106.1040739083446,100.0,0.36818794826385903,threshold-control
60000.0,100.0,0.0016666666666666668,106.17424856040039,100.0,0.36774721506335595,threshold-control
60000.0,100.0,0.0016666666666666668,106.24442321245617,100.0,0.36730653173731265,threshold-control
60000.0,100.0,0.0016666666666666668,106.31459786451195,100.0,0.36686589877775655,threshold-control
60000.0,100.0,0.0016666666666666668,106.38477251656774,100.0,0.36642531667648803,threshold-control
60000.0,100.0,0.0016666666666666668,106.45494716862352,100.0,0.3659847859250781,threshold-control
60000.0,100.0,0.0016666666666666668,106.5251218206793,100.0,0.36554430701486706,threshold-control
60000.0,100.0,0.0016666666666666668,106.59529647273509,100.0,0.3651038804369616,threshold-control
60000.0,100.0,0.0016666666666666668,106.66547112479087,100.0,0.3646635066822327,threshold-control
60000.0,100.0,0.0016666666666666668,106.73564577684665,100.0,0.3642231862413138,threshold-control
60000.0,100.0,0.0016666666666666668,106.80582042890244,100.0,0.3637829196045984,threshold-control
60000.0,100.0,0.0016666666666666668,106.87599508095822,100.0,0.36334270726223783,threshold-control
60000.0,100.0,0.0016666666666666668,106.946169733014,100.0,0.3629025497041394,threshold-control
60000.0,100.0,0.0016666666666666668,107.0,100.0,0.36256494672253214,threshold-control
60000.0,100.0,0.0016666666666666668,107.01634438506979,100.0,0.3624624474199639,threshold-control
60000.0,100.0,0.0016666666666666668,107.08651903712557,100.0,0.36202240089912363,threshold-control
60000.0,100.0,0.0016666666666666668,107.15669368918135,100.0,0.3615824106307802,threshold-control
60000.0,100.0,0.0016666666666666668,107.22686834123714,100.0,0.3611424771038424,threshold-control
60000.0,100.0,0.0016666666666666668,107.29704299329292,100.0,0.36070260080696415,threshold-control
60000.0,100.0,0.0016666666666666668,107.3672176453487,100.0,0.3602627822285419,threshold-control
60000.0,100.0,0.0016666666666666668,107.43739229740449,100.0,0.3598230218567132,threshold-control
60000.0,100.0,0.0016666666666666668,107.50756694946027,100.0,0.35938332017935415,threshold-control
60000.0,100.0,0.0016666666666666668,107.57774160151605,100.0,0.358943677684077,threshold-control
60000.0,100.0,0.0016666666666666668,107.64791625357184,100.0,0.35850409485822854,threshold-control
60000.0,100.0,0.0016666666666666668,107.71809090562762,100.0,0.3580645721888879,threshold-control
60000.0,100.0,0.0016666666666666668,107.7882655576834,100.0,0.3576251101628638,threshold-control
60000.0,100.0,0.0016666666666666668,107.85844020973919,100.0,0.35718570926669324,threshold-control
60000.0,100.0,0.0016666666666666668,107.92861486179497,100.0,0.3567463699866391,threshold-control
60000.0,100.0,0.0016666666666666668,107.99878951385075,100.0,0.35630709280868733,threshold-control
60000.0,100.0,0.0016666666666666668,108.0,100.0,0.3562995159915936,threshold-control
60000.0,100.0,0.0016666666666666668,108.06896416590654,100.0,0.3558678782185466,threshold-control
60000.0,100.0,0.0016666666666666668,108.13913881796232,100.0,0.3554287267016436,threshold-control
60000.0,100.0,0.0016666666666666668,108.2093134700181,100.0,0.35498963874312317,threshold-control
60000.0,100.0,0.0016666666666666668,108.27948812207389,100.0,0.35455061482784556,threshold-control
60000.0,100.0,0.0016666666666666668,108.34966277412967,100.0,0.35411165544038337,threshold-control
60000.0,100.0,0.0016666666666666668,108.41983742618545,100.0,0.35367276106502066,threshold-control
60000.0,100.0,0.0016666666666666668,108.49001207824124,100.0,0.3532339321857506,threshold-control
60000.0,100.0,0.0016666666666666668,108.56018673029702,100.0,0.3527951692862725,threshold-control
60000.0,100.0,0.0016666666666666668,108.6303613823528,100.0,0.35235647284999083,threshold-control
60000.0,100.0,0.0016666666666666668,108.70053603440859,100.0,0.3519178433600125,threshold-control
60000.0,100.0,0.0016666666666666668,108.77071068646437,100.0,0.35147928129914496,threshold-control
60000.0,100.0,0.0016666666666666668,108.84088533852015,100.0,0.3510407871498942,threshold-control
60000.0,100.0,0.0016666666666666668,108.91105999057594,100.0,0.3506023613944623,threshold-control
60000.0,100.0,0.0016666666666666668,108.98123464263172,100.0,0.3501640045147454,threshold-control
60000.0,100.0,0.0016666666666666668,109.0,100.0,0.3500467955242641,threshold-control
60000.0,100.0,0.0016666666666666668,109.0514092946875,100.0,0.34972571699233235,threshold-control
60000.0,100.0,0.0016666666666666668,109.12158394674329,100.0,0.3492874993085018,threshold-control
60000.0,100.0,0.0016666666666666668,109.19175859879907,100.0,0.34884935194421995,threshold-control
60000.0,100.0,0.0016666666666666668,109.26193325085485,100.0,0.34841127538014005,threshold-control
60000.0,100.0,0.0016666666666666668,109.33210790291064,100.0,0.3479732700965976,threshold-control
60000.0,100.0,0.0016666666666666668,109.40228255496642,100.0,0.3475353365736118,threshold-control
60000.0,100.0,0.0016666666666666668,109.4724572070222,100.0,0.34709747529087975,threshold-control
60000.0,100.0,0.0016666666666666668,109.54263185907799,100.0,0.34665968672777736,threshold-control
60000.0,100.0,0.0016666666666666668,109.61280651113377,100.0,0.34622197136335586,threshold-control
60000.0,100.0,0.0016666666666666668,109.68298116318955,100.0,0.34578432967634,threshold-control
60000.0,100.0,0.0016666666666666668,109.75315581524534,100.0,0.34534676214512583,threshold-control
60000.0,100.0,0.0016666666666666668,109.82333046730112,100.0,0.3449092692477792,threshold-control
60000.0,100.0,0.0016666666666666668,109.8935051193569,100.0,0.3444718514620333,threshold-control
60000.0,100.0,0.0016666666666666668,109.96367977141269,100.0,0.3440345092652862,threshold-control
60000.0,100.0,0.0016666666666666668,110.0,100.0,0.34380818431912863,threshold-control
60000.0,100.0,0.0016666666666666668,110.03385442346847,100.0,0.34359724313460005,threshold-control
60000.0,100.0,0.0016666666666666668,110.10402907552425,100.0,0.34316005354669765,threshold-control
60000.0,100.0,0.0016666666666666668,110.17420372758004,100.0,0.34272294097796174,threshold-control
60000.0,100.0,0.0016666666666666668,110.24437837963582,100.0,0.3422859059044314,threshold-control
60000.0,100.0,0.0016666666666666668,110.3145530316916,100.0,0.3418489488018015,threshold-control
60000.0,100.0,0.0016666666666666668,110.38472768374739,100.0,0.3414120701454202,threshold-control
60000.0,100.0,0.0016666666666666668,110.45490233580317,100.0,0.3409752704102862,threshold-control
60000.0,100.0,0.0016666666666666668,110.52507698785895,100.0,0.34053855007104794,threshold-control
60000.0,100.0,0.0016666666666666668,110.59525163991474,100.0,0.3401019096020008,threshold-control
60000.0,100.0,0.0016666666666666668,110.66542629197052,100.0,0.33966534947708493,threshold-control
60000.0,100.0,0.0016666666666666668,110.7356009440263,100.0,0.33922887016988434,threshold-control
60000.0,100.0,0.0016666666666666668,110.80577559608209,100.0,0.3387924721536233,threshold-control
60000.0,100.0,0.0016666666666666668,110.87595024813787,100.0,0.33835615590116563,threshold-control
60000.0,100.0,0.0016666666666666668,110.94612490019365,100.0,0.3379199218850124,threshold-control
60000.0,100.0,0.0016666666666666668,111.0,100.0,0.33758506857578063,threshold-control
60000.0,100.0,0.0016666666666666668,111.01629955224944,100.0,0.3374837705772994,threshold-control
60000.0,100.0,0.0016666666666666668,111.08647420430522,100.0,0.33704770244979576,threshold-control
60000.0,100.0,0.0016666666666666668,111.156648856361,100.0,0.33661171797390166,threshold-control
60000.0,100.0,0.0016666666666666668,111.22682350841679,100.0,0.33617581762064686,threshold-control
60000.0,100.0,0.0016666666666666668,111.29699816047257,100.0,0.3357400018606872,threshold-control
60000.0,100.0,0.0016666666666666668,111.36717281252835,100.0,0.33530427116430517,threshold-control
60000.0,100.0,0.0016666666666666668,111.43734746458415,100.0,0.33486862600140543,threshold-control
60000.0,100.0,0.0016666666666666668,111.50752211663993,100.0,0.3344330668415141,threshold-control
60000.0,100.0,0.0016666666666666668,111.57769676869572,100.0,0.33399759415377717,threshold-control
60000.0,100.0,0.0016666666666666668,111.6478714207515,100.0,0.33356220840695705,threshold-control
60000.0,100.0,0.0016666666666666668,111.71804607280728,100.0,0.33312691006943207,threshold-control
60000.0,100.0,0.0016666666666666668,111.78822072486307,100.0,0.3326916996091941,threshold-control
60000.0,100.0,0.0016666666666666668,111.85839537691885,100.0,0.3322565774938461,threshold-control
60000.0,100.0,0.0016666666666666668,111.92857002897463,100.0,0.3318215441906005,threshold-control
60000.0,100.0,0.0016666666666666668,111.99874468103042,100.0,0.33138660016627774,threshold-control
60000.0,100.0,0.0016666666666666668,112.0,100.0,0.33137882048759315,threshold-control
60000.0,100.0,0.0016666666666666668,112.0689193330862,100.0,0.3309517458873035,threshold-control
60000.0,100.0,0.0016666666666666668,112.13909398514198,100.0,0.33051698181970746,threshold-control
60000.0,100.0,0.0016666666666666668,112.20926863719777,100.0,0.3300823084291208,threshold-control
60000.0,100.0,0.0016666666666666668,112.27944328925355,100.0,0.3296477261807744,threshold-control
60000.0,100.0,0.0016666666666666668,112.34961794130933,100.0,0.3292132355394979,threshold-control
60000.0,100.0,0.0016666666666666668,112.41979259336512,100.0,0.32877883696971577,threshold-control
60000.0,100.0,0.0016666666666666668,112.4899672454209,100.0,0.328344530935447,threshold-control
60000.0,100.0,0.0016666666666666668,112.56014189747668,100.0,0.32791031790030334,threshold-control
60000.0,100.0,0.0016666666666666668,112.63031654953247,100.0,0.32747619832748587,threshold-control
60000.0,100.0,0.0016666666666666668,112.70049120158825,100.0,0.3270421726797843,threshold-control
60000.0,100.0,0.0016666666666666668,112.77066585364403,100.0,0.3266082414195751,threshold-control
60000.0,100.0,0.0016666666666666668,112.84084050569982,100.0,0.3261744050088188,threshold-control
60000.0,100.0,0.0016666666666666668,112.9110151577556,100.0,0.3257406639090591,threshold-control
60000.0,100.0,0.0016666666666666668,112.98118980981138,100.0,0.32530701858141986,threshold-control
60000.0,100.0,0.0016666666666666668,113.0,100.0,0.32519079706119003,threshold-control
60000.0,100.0,0.0016666666666666668,113.05136446186717,100.0,0.324873469486604,threshold-control
60000.0,100.0,0.0016666666666666668,113.12153911392295,100.0,0.3244400170848918,threshold-control
60000.0,100.0,0.0016666666666666668,113.19171376597873,100.0,0.324006661836138,threshold-control
60000.0,100.0,0.0016666666666666668,113.26188841803452,100.0,0.323573404199771,threshold-control
60000.0,100.0,0.0016666666666666668,113.3320630700903,100.0,0.3231402446347905,threshold-control
60000.0,100.0,0.0016666666666666668,113.35478702611307,100.0,0.32299999999999984,threshold-control
60000.0,100.0,0.0016666666666666668,113.40223772214608,99.99363839198969,0.323,post-control
60000.0,100.0,0.0016666666666666668,113.47241237420187,99.98423023434478,0.323,post-control
60000.0,100.0,0.0016666666666666668,113.54258702625765,99.97482207669987,0.323,post-control
60000.0,100.0,0.0016666666666666668,113.61276167831343,99.96541391905495,0.323,post-control
60000.0,100.0,0.0016666666666666668,113.68293633036922,99.95600576141005,0.323,post-control
60000.0,100.0,0.0016666666666666668,113.753110982425,99.94659760376514,0.323,post-control
60000.0,100.0,0.0016666666666666668,113.82328563448078,99.93718944612023,0.323,post-control
60000.0,100.0,0.0016666666666666668,113.89346028653657,99.92778128847533,0.323,post-control
60000.0,100.0,0.0016666666666666668,113.96363493859235,99.91837313083042,0.323,post-control
60000.0,100.0,0.0016666666666666668,114.03380959064813,99.9089649731855,0.323,post-control
60000.0,100.0,0.0016666666666666668,114.10398424270392,99.89955681554059,0.323,post-control
60000.0,100.0,0.0016666666666666668,114.1741588947597,99.8901486578957,0.323,post-control
60000.0,100.0,0.0016666666666666668,114.24433354681548,99.88074050025078,0.323,post-control
60000.0,100.0,0.0016666666666666668,114.31450819887127,99.87133234260587,0.323,post-control
60000.0,100.0,0.0016666666666666668,114.35478702611307,99.86593225090122,0.323,post-control
60000.0,100.0,0.0016666666666666668,114.38468285092705,99.85399910889704,0.323,post-control
60000.0,100.0,0.0016666666666666668,114.45485750298283,99.8259883718364,0.323,post-control
60000.0,100.0,0.0016666666666666668,114.52503215503862,99.79797763477575,0.323,post-control
60000.0,100.0,0.0016666666666666668,114.5952068070944,99.76996689771511,0.323,post-control
60000.0,100.0,0.0016666666666666668,114.66538145915018,99.74195616065445,0.323,post-control
60000.0,100.0,0.0016666666666666668,114.73555611120597,99.71394542359381,0.323,post-control
60000.0,100.0,0.0016666666666666668,114.80573076326175,99.68593468653316,0.323,post-control
60000.0,100.0,0.0016666666666666668,114.87590541531753,99.65792394947252,0.323,post-control
60000.0,100.0,0.0016666666666666668,114.94608006737332,99.62991321241186,0.323,post-control
60000.0,100.0,0.0016666666666666668,115.0162547194291,99.60190247535121,0.323,post-control
60000.0,100.0,0.0016666666666666668,115.08642937148488,99.57389173829057,0.323,post-control
60000.0,100.0,0.0016666666666666668,115.15660402354067,99.54588100122992,0.323,post-control
60000.0,100.0,0.0016666666666666668,115.22677867559645,99.51787026416928,0.323,post-control
60000.0,100.0,0.0016666666666666668,115.29695332765223,99.48985952710862,0.323,post-control
60000.0,100.0,0.0016666666666666668,115.35478702611307,99.46677477394813,0.323,post-control
60000.0,100.0,0.0016666666666666668,115.36712797970802,99.45865876644534,0.323,post-control
60000.0,100.0,0.0016666666666666668,115.4373026317638,99.41250852382356,0.323,post-control
60000.0,100.0,0.0016666666666666668,115.50747728381958,99.36635828120178,0.323,post-control
60000.0,100.0,0.0016666666666666668,115.57765193587537,99.32020803858,0.323,post-control
60000.0,100.0,0.0016666666666666668,115.64782658793115,99.27405779595823,0.323,post-control
60000.0,100.0,0.0016666666666666668,115.71800123998693,99.22790755333645,0.323,post-control
60000.0,100.0,0.0016666666666666668,115.78817589204272,99.18175731071467,0.323,post-control
60000.0,100.0,0.0016666666666666668,115.8583505440985,99.1356070680929,0.323,post-control
60000.0,100.0,0.0016666666666666668,115.92852519615428,99.08945682547112,0.323,post-control
60000.0,100.0,0.0016666666666666668,115.99869984821007,99.04330658284934,0.323,post-control
60000.0,100.0,0.0016666666666666668,116.06887450026585,98.99715634022756,0.323,post-control
60000.0,100.0,0.0016666666666666668,116.13904915232163,98.95100609760578,0.323,post-control
60000.0,100.0,0.0016666666666666668,116.20922380437742,98.904855854984,0.323,post-control
60000.0,100.0,0.0016666666666666668,116.2793984564332,98.85870561236223,0.323,post-control
60000.0,100.0,0.0016666666666666668,116.34957310848898,98.81255536974045,0.323,post-control
60000.0,100.0,0.0016666666666666668,116.35478702611307,98.80912644553047,0.323,post-control
60000.0,100.0,0.0016666666666666668,116.41974776054477,98.75020774398982,0.323,post-control
60000.0,100.0,0.0016666666666666668,116.48992241260055,98.686560074111,0.323,post-control
60000.0,100.0,0.0016666666666666668,116.56009706465633,98.62291240423218,0.323,post-control
60000.0,100.0,0.0016666666666666668,116.63027171671212,98.55926473435338,0.323,post-control
60000.0,100.0,0.0016666666666666668,116.7004463687679,98.49561706447456,0.323,post-control
60000.0,100.0,0.0016666666666666668,116.77062102082368,98.43196939459574,0.323,post-control
60000.0,100.0,0.0016666666666666668,116.84079567287947,98.36832172471692,0.323,post-control
60000.0,100.0,0.0016666666666666668,116.91097032493525,98.30467405483812,0.323,post-control
60000.0,100.0,0.0016666666666666668,116.98114497699103,98.2410263849593,0.323,post-control
60000.0,100.0,0.0016666666666666668,117.05131962904682,98.17737871508048,0.323,post-control
60000.0,100.0,0.0016666666666666668,117.1214942811026,98.11373104520167,0.323,post-control
60000.0,100.0,0.0016666666666666668,117.19166893315838,98.05008337532286,0.323,post-control
60000.0,100.0,0.0016666666666666668,117.26184358521417,97.98643570544404,0.323,post-control
60000.0,100.0,0.0016666666666666668,117.33201823726995,97.92278803556522,0.323,post-control
60000.0,100.0,0.0016666666666666668,117.35478702611307,97.90213698403346,0.323,post-control
60000.0,100.0,0.0016666666666666668,117.40219288932573,97.84786367075667,0.323,post-control
60000.0,100.0,0.0016666666666666668,117.47236754138152,97.76752316818995,0.323,post-control
60000.0,100.0,0.0016666666666666668,117.5425421934373,97.68718266562325,0.323,post-control
60000.0,100.0,0.0016666666666666668,117.61271684549308,97.60684216305654,0.323,post-control
60000.0,100.0,0.0016666666666666668,117.68289149754887,97.52650166048983,0.323,post-control
60000.0,100.0,0.0016666666666666668,117.75306614960465,97.44616115792313,0.323,post-control
60000.0,100.0,0.0016666666666666668,117.82324080166043,97.36582065535642,0.323,post-control
60000.0,100.0,0.0016666666666666668,117.89341545371622,97.2854801527897,0.323,post-control
60000.0,100.0,0.0016666666666666668,117.963590105772,97.205139650223,0.323,post-control
60000.0,100.0,0.0016666666666666668,118.03376475782778,97.12479914765629,0.323,post-control
60000.0,100.0,0.0016666666666666668,118.10393940988357,97.04445864508959,0.323,post-control
60000.0,100.0,0.0016666666666666668,118.17411406193935,96.96411814252288,0.323,post-control
60000.0,100.0,0.0016666666666666668,118.24428871399513,96.88377763995616,0.323,post-control
60000.0,100.0,0.0016666666666666668,118.31446336605092,96.80343713738947,0.323,post-control
60000.0,100.0,0.0016666666666666668,118.35478702611307,96.75727199057623,0.323,post-control
60000.0,100.0,0.0016666666666666668,118.3846380181067,96.71639901101102,0.323,post-control
60000.0,100.0,0.0016666666666666668,118.45481267016248,96.62031352346392,0.323,post-control
60000.0,100.0,0.0016666666666666668,118.52498732221827,96.52422803591683,0.323,post-control
60000.0,100.0,0.0016666666666666668,118.59516197427406,96.42814254836972,0.323,post-control
60000.0,100.0,0.0016666666666666668,118.66533662632985,96.33205706082263,0.323,post-control
60000.0,100.0,0.0016666666666666668,118.73551127838563,96.23597157327555,0.323,post-control
60000.0,100.0,0.0016666666666666668,118.80568593044141,96.13988608572845,0.323,post-control
60000.0,100.0,0.0016666666666666668,118.8758605824972,96.04380059818136,0.323,post-control
60000.0,100.0,0.0016666666666666668,118.94603523455298,95.94771511063428,0.323,post-control
60000.0,100.0,0.0016666666666666668,119.01620988660876,95.85162962308718,0.323,post-control
60000.0,100.0,0.0016666666666666668,119.08638453866455,95.75554413554009,0.323,post-control
60000.0,100.0,0.0016666666666666668,119.15655919072033,95.659458647993,0.323,post-control
60000.0,100.0,0.0016666666666666668,119.22673384277611,95.5633731604459,0.323,post-control
60000.0,100.0,0.0016666666666666668,119.2969084948319,95.46728767289882,0.323,post-control
60000.0,100.0,0.0016666666666666668,119.35478702611307,95.38803844637981,0.323,post-control
60000.0,100.0,0.0016666666666666668,119.36708314688768,95.36863077395367,0.323,post-control
60000.0,100.0,0.0016666666666666668,119.43725779894346,95.25787009709616,0.323,post-control
60000.0,100.0,0.0016666666666666668,119.50743245099925,95.14710942023866,0.323,post-control
60000.0,100.0,0.0016666666666666668,119.57760710305503,95.03634874338117,0.323,post-control
60000.0,100.0,0.0016666666666666668,119.64778175511081,94.92558806652366,0.323,post-control
60000.0,100.0,0.0016666666666666668,119.7179564071666,94.81482738966616,0.323,post-control
60000.0,100.0,0.0016666666666666668,119.78813105922238,94.70406671280865,0.323,post-control
60000.0,100.0,0.0016666666666666668,119.85830571127816,94.59330603595116,0.323,post-control
60000.0,100.0,0.0016666666666666668,119.92848036333395,94.48254535909365,0.323,post-control
60000.0,100.0,0.0016666666666666668,119.99865501538973,94.37178468223615,0.323,post-control
60000.0,100.0,0.0016666666666666668,120.06882966744551,94.26102400537864,0.323,post-control
60000.0,100.0,0.0016666666666666668,120.1390043195013,94.15026332852115,0.323,post-control
60000.0,100.0,0.0016666666666666668,120.20917897155708,94.03950265166364,0.323,post-control
60000.0,100.0,0.0016666666666666668,120.27935362361286,93.92874197480614,0.323,post-control
60000.0,100.0,0.0016666666666666668,120.34952827566865,93.81798129794863,0.323,post-control
60000.0,100.0,0.0016666666666666668,120.35478702611307,93.80968111060768,0.323,post-control
60000.0,100.0,0.0016666666666666668,120.41970292772443,93.69472664534504,0.323,post-control
60000.0,100.0,0.0016666666666666668,120.48987757978021,93.57045987246158,0.323,post-control
60000.0,100.0,0.0016666666666666668,120.560052231836,93.44619309957811,0.323,post-control
60000.0,100.0,0.0016666666666666668,120.63022688389178,93.32192632669464,0.323,post-control
60000.0,100.0,0.0016666666666666668,120.70040153594756,93.19765955381116,0.323,post-control
60000.0,100.0,0.0016666666666666668,120.77057618800335,93.07339278092769,0.323,post-control
60000.0,100.0,0.0016666666666666668,120.84075084005913,92.94912600804423,0.323,post-control
60000.0,100.0,0.0016666666666666668,120.91092549211491,92.82485923516076,0.323,post-control
60000.0,100.0,0.0016666666666666668,120.9811001441707,92.70059246227729,0.323,post-control
60000.0,100.0,0.0016666666666666668,121.05127479622648,92.57632568939381,0.323,post-control
60000.0,100.0,0.0016666666666666668,121.12144944828226,92.45205891651034,0.323,post-control
60000.0,100.0,0.0016666666666666668,121.19162410033805,92.32779214362688,0.323,post-control
60000.0,100.0,0.0016666666666666668,121.26179875239383,92.2035253707434,0.323,post-control
60000.0,100.0,0.0016666666666666668,121.33197340444961,92.07925859785993,0.323,post-control
60000.0,100.0,0.0016666666666666668,121.35478702611307,92.03885974928924,0.323,post-control
60000.0,100.0,0.0016666666666666668,121.4021480565054,91.94671689946162,0.323,post-control
60000.0,100.0,0.0016666666666666668,121.47232270856118,91.81018920205895,0.323,post-control
60000.0,100.0,0.0016666666666666668,121.54249736061696,91.67366150465628,0.323,post-control
60000.0,100.0,0.0016666666666666668,121.61267201267275,91.53713380725361,0.323,post-control
60000.0,100.0,0.0016666666666666668,121.68284666472853,91.40060610985094,0.323,post-control
60000.0,100.0,0.0016666666666666668,121.75302131678431,91.26407841244827,0.323,post-control
60000.0,100.0,0.0016666666666666668,121.8231959688401,91.1275507150456,0.323,post-control
60000.0,100.0,0.0016666666666666668,121.89337062089588,90.99102301764293,0.323,post-control
60000.0,100.0,0.0016666666666666668,121.96354527295166,90.85449532024026,0.323,post-control
60000.0,100.0,0.0016666666666666668,122.03371992500745,90.71796762283759,0.323,post-control
60000.0,100.0,0.0016666666666666668,122.10389457706323,90.58143992543492,0.323,post-control
60000.0,100.0,0.0016666666666666668,122.17406922911901,90.44491222803224,0.323,post-control
60000.0,100.0,0.0016666666666666668,122.2442438811748,90.30838453062957,0.323,post-control
60000.0,100.0,0.0016666666666666668,122.31441853323058,90.1718568332269,0.323,post-control
60000.0,100.0,0.0016666666666666668,122.35478702611307,90.09331825527312,0.323,post-control
60000.0,100.0,0.0016666666666666668,122.38459318528636,90.0306728051923,0.323,post-control
60000.0,100.0,0.0016666666666666668,122.45476783734215,89.88318239434327,0.323,post-control
60000.0,100.0,0.0016666666666666668,122.52494248939793,89.73569198349425,0.323,post-control
60000.0,100.0,0.0016666666666666668,122.59511714145371,89.58820157264523,0.323,post-control
60000.0,100.0,0.0016666666666666668,122.6652917935095,89.4407111617962,0.323,post-control
60000.0,100.0,0.0016666666666666668,122.73546644556528,89.29322075094719,0.323,post-control
60000.0,100.0,0.0016666666666666668,122.80564109762106,89.14573034009815,0.323,post-control
60000.0,100.0,0.0016666666666666668,122.87581574967685,88.99823992924914,0.323,post-control
60000.0,100.0,0.0016666666666666668,122.94599040173263,88.85074951840012,0.323,post-control
60000.0,100.0,0.0016666666666666668,123.01616505378841,88.70325910755109,0.323,post-control
60000.0,100.0,0.0016666666666666668,123.0863397058442,88.55576869670207,0.323,post-control
60000.0,100.0,0.0016666666666666668,123.15651435789998,88.40827828585304,0.323,post-control
60000.0,100.0,0.0016666666666666668,123.22668900995576,88.26078787500403,0.323,post-control
60000.0,100.0,0.0016666666666666668,123.29686366201155,88.11329746415501,0.323,post-control
60000.0,100.0,0.0016666666666666668,123.35478702611307,87.991556343696,0.323,post-control
60000.0,100.0,0.0016666666666666668,123.36703831406733,87.96412515683998,0.323,post-control
60000.0,100.0,0.0016666666666666668,123.43721296612311,87.8070009426116,0.323,post-control
60000.0,100.0,0.0016666666666666668,123.5073876181789,87.64987672838319,0.323,post-control
60000.0,100.0,0.0016666666666666668,123.57756227023468,87.4927525141548,0.323,post-control
60000.0,100.0,0.0016666666666666668,123.64773692229046,87.33562829992641,0.323,post-control
60000.0,100.0,0.0016666666666666668,123.71791157434625,87.17850408569802,0.323,post-control
60000.0,100.0,0.0016666666666666668,123.78808622640203,87.02137987146962,0.323,post-control
60000.0,100.0,0.0016666666666666668,123.85826087845781,86.86425565724123,0.323,post-control
60000.0,100.0,0.0016666666666666668,123.9284355305136,86.70713144301284,0.323,post-control
60000.0,100.0,0.0016666666666666668,123.99861018256938,86.55000722878445,0.323,post-control
60000.0,100.0,0.0016666666666666668,124.06878483462516,86.39288301455605,0.323,post-control
60000.0,100.0,0.0016666666666666668,124.13895948668095,86.23575880032766,0.323,post-control
60000.0,100.0,0.0016666666666666668,124.20913413873673,86.07863458609927,0.323,post-control
60000.0,100.0,0.0016666666666666668,124.27930879079251,85.92151037187087,0.323,post-control
60000.0,100.0,0.0016666666666666668,124.3494834428483,85.76438615764248,0.323,post-control
60000.0,100.0,0.0016666666666666668,124.35478702611307,85.75251119526418,0.323,post-control
60000.0,100.0,0.0016666666666666668,124.41965809490408,85.59959335809897,0.323,post-control
60000.0,100.0,0.0016666666666666668,124.48983274695986,85.43417360756638,0.323,post-control
60000.0,100.0,0.0016666666666666668,124.56000739901565,85.26875385703377,0.323,post-control
60000.0,100.0,0.0016666666666666668,124.63018205107143,85.10333410650118,0.323,post-control
60000.0,100.0,0.0016666666666666668,124.70035670312721,84.93791435596859,0.323,post-control
60000.0,100.0,0.0016666666666666668,124.770531355183,84.77249460543598,0.323,post-control
60000.0,100.0,0.0016666666666666668,124.84070600723878,84.60707485490339,0.323,post-control
60000.0,100.0,0.0016666666666666668,124.91088065929456,84.4416551043708,0.323,post-control
60000.0,100.0,0.0016666666666666668,124.98105531135035,84.2762353538382,0.323,post-control
60000.0,100.0,0.0016666666666666668,125.05122996340613,84.1108156033056,0.323,post-control
60000.0,100.0,0.0016666666666666668,125.12140461546191,83.945395852773,0.323,post-control
60000.0,100.0,0.0016666666666666668,125.1915792675177,83.77997610224041,0.323,post-control
60000.0,100.0,0.0016666666666666668,125.26175391957348,83.6145563517078,0.323,post-control
60000.0,100.0,0.0016666666666666668,125.33192857162926,83.44913660117521,0.323,post-control
60000.0,100.0,0.0016666666666666668,125.35478702611307,83.39525332954507,0.323,post-control
60000.0,100.0,0.0016666666666666668,125.40210322368505,83.27901932200051,0.323,post-control
60000.0,100.0,0.0016666666666666668,125.47227787574083,83.10663266679471,0.323,post-control
60000.0,100.0,0.0016666666666666668,125.54245252779661,82.93424601158891,0.323,post-control
60000.0,100.0,0.0016666666666666668,125.6126271798524,82.76185935638311,0.323,post-control
60000.0,100.0,0.0016666666666666668,125.68280183190818,82.5894727011773,0.323,post-control
60000.0,100.0,0.0016666666666666668,125.75297648396398,82.41708604597147,0.323,post-control
60000.0,100.0,0.0016666666666666668,125.82315113601976,82.24469939076567,0.323,post-control
60000.0,100.0,0.0016666666666666668,125.89332578807554,82.07231273555988,0.323,post-control
60000.0,100.0,0.0016666666666666668,125.96350044013133,81.89992608035408,0.323,post-control
60000.0,100.0,0.0016666666666666668,126.03367509218711,81.72753942514828,0.323,post-control
60000.0,100.0,0.0016666666666666668,126.1038497442429,81.55515276994248,0.323,post-control
60000.0,100.0,0.0016666666666666668,126.17402439629868,81.38276611473668,0.323,post-control
60000.0,100.0,0.0016666666666666668,126.24419904835446,81.21037945953087,0.323,post-control
60000.0,100.0,0.0016666666666666668,126.31437370041024,81.03799280432507,0.323,post-control
60000.0,100.0,0.0016666666666666668,126.35478702611307,80.93871595948778,0.323,post-control
60000.0,100.0,0.0016666666666666668,126.38454835246603,80.86320322588607,0.323,post-control
60000.0,100.0,0.0016666666666666668,126.45472300452181,80.68515068402564,0.323,post-control
60000.0,100.0,0.0016666666666666668,126.5248976565776,80.50709814216522,0.323,post-control
60000.0,100.0,0.0016666666666666668,126.59507230863338,80.3290456003048,0.323,post-control
60000.0,100.0,0.0016666666666666668,126.66524696068916,80.15099305844436,0.323,post-control
60000.0,100.0,0.0016666666666666668,126.73542161274494,79.97294051658393,0.323,post-control
60000.0,100.0,0.0016666666666666668,126.80559626480073,79.79488797472351,0.323,post-control
60000.0,100.0,0.0016666666666666668,126.87577091685651,79.61683543286308,0.323,post-control
60000.0,100.0,0.0016666666666666668,126.9459455689123,79.43878289100266,0.323,post-control
60000.0,100.0,0.0016666666666666668,127.01612022096808,79.26073034914224,0.323,post-control
60000.0,100.0,0.0016666666666666668,127.08629487302386,79.0826778072818,0.323,post-control
60000.0,100.0,0.0016666666666666668,127.15646952507964,78.90462526542137,0.323,post-control
60000.0,100.0,0.0016666666666666668,127.22664417713543,78.72657272356095,0.323,post-control
60000.0,100.0,0.0016666666666666668,127.29681882919121,78.54852018170052,0.323,post-control
60000.0,100.0,0.0016666666666666668,127.35478702611307,78.40143879965393,0.323,post-control
60000.0,100.0,0.0016666666666666668,127.366993481247,78.36970104944596,0.323,post-control
60000.0,100.0,0.0016666666666666668,127.43716813330278,78.18724139564456,0.323,post-control
60000.0,100.0,0.0016666666666666668,127.50734278535856,78.00478174184317,0.323,post-control
60000.0,100.0,0.0016666666666666668,127.57751743741434,77.82232208804177,0.323,post-control
60000.0,100.0,0.0016666666666666668,127.64769208947013,77.63986243424038,0.323,post-control
60000.0,100.0,0.0016666666666666668,127.71786674152591,77.45740278043898,0.323,post-control
60000.0,100.0,0.0016666666666666668,127.7880413935817,77.2749431266376,0.323,post-control
60000.0,100.0,0.0016666666666666668,127.85821604563748,77.0924834728362,0.323,post-control
60000.0,100.0,0.0016666666666666668,127.92839069769326,76.9100238190348,0.323,post-control
60000.0,100.0,0.0016666666666666668,127.99856534974904,76.7275641652334,0.323,post-control
60000.0,100.0,0.0016666666666666668,128.06874000180483,76.54510451143202,0.323,post-control
60000.0,100.0,0.0016666666666666668,128.1389146538606,76.36264485763061,0.323,post-control
60000.0,100.0,0.0016666666666666668,128.2090893059164,76.18018520382923,0.323,post-control
60000.0,100.0,0.0016666666666666668,128.27926395797218,75.99772555002782,0.323,post-control
60000.0,100.0,0.0016666666666666668,128.34943861002796,75.81526589622644,0.323,post-control
60000.0,100.0,0.0016666666666666668,128.35478702611306,75.80135959076307,0.323,post-control
60000.0,100.0,0.0016666666666666668,128.41961326208374,75.62984640589868,0.323,post-control
60000.0,100.0,0.0016666666666666668,128.48978791413953,75.44418271756913,0.323,post-control
60000.0,100.0,0.0016666666666666668,128.5599625661953,75.2585190292396,0.323,post-control
60000.0,100.0,0.0016666666666666668,128.6301372182511,75.07285534091005,0.323,post-control
60000.0,100.0,0.0016666666666666668,128.70031187030688,74.88719165258051,0.323,post-control
60000.0,100.0,0.0016666666666666668,128.77048652236266,74.70152796425097,0.323,post-control
60000.0,100.0,0.0016666666666666668,128.84066117441844,74.51586427592143,0.323,post-control
60000.0,100.0,0.0016666666666666668,128.91083582647423,74.33020058759189,0.323,post-control
60000.0,100.0,0.0016666666666666668,128.98101047853,74.14453689926235,0.323,post-control
60000.0,100.0,0.0016666666666666668,129.0511851305858,73.95887321093281,0.323,post-control
60000.0,100.0,0.0016666666666666668,129.12135978264158,73.77320952260327,0.323,post-control
60000.0,100.0,0.0016666666666666668,129.19153443469736,73.58754583427373,0.323,post-control
60000.0,100.0,0.0016666666666666668,129.26170908675314,73.4018821459442,0.323,post-control
60000.0,100.0,0.0016666666666666668,129.33188373880893,73.21621845761466,0.323,post-control
60000.0,100.0,0.0016666666666666668,129.35478702611306,73.15562237810184,0.323,post-control
60000.0,100.0,0.0016666666666666668,129.4020583908647,73.02916272866638,0.323,post-control
60000.0,100.0,0.0016666666666666668,129.4722330429205,72.84143254687763,0.323,post-control
60000.0,100.0,0.0016666666666666668,129.54240769497628,72.65370236508889,0.323,post-control
60000.0,100.0,0.0016666666666666668,129.61258234703206,72.46597218330014,0.323,post-control
60000.0,100.0,0.0016666666666666668,129.68275699908784,72.2782420015114,0.323,post-control
60000.0,100.0,0.0016666666666666668,129.75293165114363,72.09051181972265,0.323,post-control
60000.0,100.0,0.0016666666666666668,129.8231063031994,71.9027816379339,0.323,post-control
60000.0,100.0,0.0016666666666666668,129.8932809552552,71.71505145614516,0.323,post-control
60000.0,100.0,0.0016666666666666668,129.96345560731098,71.52732127435641,0.323,post-control
60000.0,100.0,0.0016666666666666668,130.03363025936676,71.33959109256766,0.323,post-control
60000.0,100.0,0.0016666666666666668,130.10380491142254,71.15186091077892,0.323,post-control
60000.0,100.0,0.0016666666666666668,130.17397956347833,70.96413072899017,0.323,post-control
60000.0,100.0,0.0016666666666666668,130.2441542155341,70.77640054720142,0.323,post-control
60000.0,100.0,0.0016666666666666668,130.3143288675899,70.58867036541268,0.323,post-control
60000.0,100.0,0.0016666666666666668,130.35478702611306,70.48043730358924,0.323,post-control
60000.0,100.0,0.0016666666666666668,130.38450351964568,70.40051527373309,0.323,post-control
60000.0,100.0,0.0016666666666666668,130.45467817170146,70.21178167935425,0.323,post-control
60000.0,100.0,0.0016666666666666668,130.52485282375724,70.02304808497539,0.323,post-control
60000.0,100.0,0.0016666666666666668,130.59502747581303,69.83431449059653,0.323,post-control
60000.0,100.0,0.0016666666666666668,130.6652021278688,69.64558089621768,0.323,post-control
60000.0,100.0,0.0016666666666666668,130.7353767799246,69.45684730183882,0.323,post-control
60000.0,100.0,0.0016666666666666668,130.80555143198038,69.26811370745997,0.323,post-control
60000.0,100.0,0.0016666666666666668,130.87572608403616,69.07938011308111,0.323,post-control
60000.0,100.0,0.0016666666666666668,130.94590073609194,68.89064651870225,0.323,post-control
60000.0,100.0,0.0016666666666666668,131.01607538814773,68.70191292432341,0.323,post-control
60000.0,100.0,0.0016666666666666668,131.0862500402035,68.51317932994455,0.323,post-control
60000.0,100.0,0.0016666666666666668,131.1564246922593,68.3244457355657,0.323,post-control
60000.0,100.0,0.0016666666666666668,131.22659934431508,68.13571214118684,0.323,post-control
60000.0,100.0,0.0016666666666666668,131.29677399637086,67.94697854680798,0.323,post-control
60000.0,100.0,0.0016666666666666668,131.35478702611306,67.79095343940384,0.323,post-control
60000.0,100.0,0.0016666666666666668,131.36694864842664,67.75824148804803,0.323,post-control
60000.0,100.0,0.0016666666666666668,131.43712330048243,67.56948790359445,0.323,post-control
60000.0,100.0,0.0016666666666666668,131.5072979525382,67.38073431914087,0.323,post-control
60000.0,100.0,0.0016666666666666668,131.577472604594,67.19198073468729,0.323,post-control
60000.0,100.0,0.0016666666666666668,131.64764725664978,67.00322715023371,0.323,post-control
60000.0,100.0,0.0016666666666666668,131.71782190870556,66.81447356578013,0.323,post-control
60000.0,100.0,0.0016666666666666668,131.78799656076134,66.62571998132655,0.323,post-control
60000.0,100.0,0.0016666666666666668,131.85817121281713,66.43696639687298,0.323,post-control
60000.0,100.0,0.0016666666666666668,131.9283458648729,66.2482128124194,0.323,post-control
60000.0,100.0,0.0016666666666666668,131.9985205169287,66.05945922796582,0.323,post-control
60000.0,100.0,0.0016666666666666668,132.06869516898448,65.87070564351222,0.323,post-control
60000.0,100.0,0.0016666666666666668,132.13886982104026,65.68195205905864,0.323,post-control
60000.0,100.0,0.0016666666666666668,132.20904447309604,65.49319847460507,0.323,post-control
60000.0,100.0,0.0016666666666666668,132.27921912515183,65.30444489015149,0.323,post-control
60000.0,100.0,0.0016666666666666668,132.3493937772076,65.11569130569791,0.323,post-control
60000.0,100.0,0.0016666666666666668,132.35478702611306,65.10118471346081,0.323,post-control
60000.0,100.0,0.0016666666666666668,132.4195684292634,64.9277494601181,0.323,post-control
60000.0,100.0,0.0016666666666666668,132.48974308131918,64.73987519426917,0.323,post-control
60000.0,100.0,0.0016666666666666668,132.55991773337496,64.55200092842026,0.323,post-control
60000.0,100.0,0.0016666666666666668,132.63009238543074,64.36412666257135,0.323,post-control
60000.0,100.0,0.0016666666666666668,132.70026703748653,64.17625239672243,0.323,post-control
60000.0,100.0,0.0016666666666666668,132.7704416895423,63.988378130873514,0.323,post-control
60000.0,100.0,0.0016666666666666668,132.8406163415981,63.800503865024595,0.323,post-control
60000.0,100.0,0.0016666666666666668,132.91079099365388,63.612629599175676,0.323,post-control
60000.0,100.0,0.0016666666666666668,132.98096564570966,63.424755333326765,0.323,post-control
60000.0,100.0,0.0016666666666666668,133.05114029776544,63.236881067477846,0.323,post-control
60000.0,100.0,0.0016666666666666668,133.12131494982123,63.04900680162893,0.323,post-control
60000.0,100.0,0.0016666666666666668,133.191489601877,62.861132535780015,0.323,post-control
60000.0,100.0,0.0016666666666666668,133.2616642539328,62.6732582699311,0.323,post-control
60000.0,100.0,0.0016666666666666668,133.33183890598858,62.48538400408218,0.323,post-control
60000.0,100.0,0.0016666666666666668,133.35478702611306,62.42394641807787,0.323,post-control
60000.0,100.0,0.0016666666666666668,133.40201355804436,62.29864898257532,0.323,post-control
60000.0,100.0,0.0016666666666666668,133.47218821010014,62.112467537944504,0.323,post-control
60000.0,100.0,0.0016666666666666668,133.54236286215593,61.926286093313685,0.323,post-control
60000.0,100.0,0.0016666666666666668,133.6125375142117,61.740104648682866,0.323,post-control
60000.0,100.0,0.0016666666666666668,133.6827121662675,61.55392320405205,0.323,post-control
60000.0,100.0,0.0016666666666666668,133.75288681832328,61.36774175942123,0.323,post-control
60000.0,100.0,0.0016666666666666668,133.82306147037906,61.18156031479041,0.323,post-control
60000.0,100.0,0.0016666666666666668,133.89323612243484,60.9953788701596,0.323,post-control
60000.0,100.0,0.0016666666666666668,133.96341077449063,60.80919742552878,0.323,post-control
60000.0,100.0,0.0016666666666666668,134.0335854265464,60.62301598089796,0.323,post-control
60000.0,100.0,0.0016666666666666668,134.1037600786022,60.43683453626714,0.323,post-control
60000.0,100.0,0.0016666666666666668,134.17393473065798,60.25065309163632,0.323,post-control
60000.0,100.0,0.0016666666666666668,134.24410938271376,60.064471647005504,0.323,post-control
60000.0,100.0,0.0016666666666666668,134.31428403476954,59.878290202374686,0.323,post-control
60000.0,100.0,0.0016666666666666668,134.35478702611306,59.77083109542805,0.323,post-control
60000.0,100.0,0.0016666666666666668,134.38445868682533,59.69313189014234,0.323,post-control
60000.0,100.0,0.0016666666666666668,134.4546333388811,59.509370194131805,0.323,post-control
60000.0,100.0,0.0016666666666666668,134.5248079909369,59.32560849812126,0.323,post-control
60000.0,100.0,0.0016666666666666668,134.59498264299268,59.14184680211073,0.323,post-control
60000.0,100.0,0.0016666666666666668,134.66515729504846,58.958085106100185,0.323,post-control
60000.0,100.0,0.0016666666666666668,134.73533194710424,58.77432341008965,0.323,post-control
60000.0,100.0,0.0016666666666666668,134.80550659916003,58.59056171407911,0.323,post-control
60000.0,100.0,0.0016666666666666668,134.8756812512158,58.40680001806857,0.323,post-control
60000.0,100.0,0.0016666666666666668,134.9458559032716,58.22303832205803,0.323,post-control
60000.0,100.0,0.0016666666666666668,135.01603055532738,58.039276626047496,0.323,post-control
60000.0,100.0,0.0016666666666666668,135.08620520738316,57.855514930036954,0.323,post-control
60000.0,100.0,0.0016666666666666668,135.15637985943894,57.67175323402642,0.323,post-control
60000.0,100.0,0.0016666666666666668,135.22655451149473,57.487991538015876,0.323,post-control
60000.0,100.0,0.0016666666666666668,135.2967291635505,57.30422984200534,0.323,post-control
60000.0,100.0,0.0016666666666666668,135.35478702611306,57.15219757709635,0.323,post-control
60000.0,100.0,0.0016666666666666668,135.3669038156063,57.12099682446526,0.323,post-control
60000.0,100.0,0.0016666666666666668,135.43707846766208,56.940296981409624,0.323,post-control
60000.0,100.0,0.0016666666666666668,135.50725311971786,56.75959713835398,0.323,post-control
60000.0,100.0,0.0016666666666666668,135.57742777177364,56.57889729529835,0.323,post-control
60000.0,100.0,0.0016666666666666668,135.64760242382943,56.39819745224271,0.323,post-control
60000.0,100.0,0.0016666666666666668,135.7177770758852,56.21749760918707,0.323,post-control
60000.0,100.0,0.0016666666666666668,135.787951727941,56.036797766131436,0.323,post-control
60000.0,100.0,0.0016666666666666668,135.85812637999678,55.8560979230758,0.323,post-control
60000.0,100.0,0.0016666666666666668,135.92830103205256,55.675398080020166,0.323,post-control
60000.0,100.0,0.0016666666666666668,135.99847568410834,55.494698236964524,0.323,post-control
60000.0,100.0,0.0016666666666666668,136.06865033616413,55.31399839390889,0.323,post-control
60000.0,100.0,0.0016666666666666668,136.1388249882199,55.133298550853254,0.323,post-control
60000.0,100.0,0.0016666666666666668,136.2089996402757,54.95259870779761,0.323,post-control
60000.0,100.0,0.0016666666666666668,136.27917429233148,54.77189886474198,0.323,post-control
60000.0,100.0,0.0016666666666666668,136.34934894438726,54.59119902168634,0.323,post-control
60000.0,100.0,0.0016666666666666668,136.35478702611306,54.577195952407216,0.323,post-control
60000.0,100.0,0.0016666666666666668,136.41952359644304,54.41383944210621,0.323,post-control
60000.0,100.0,0.0016666666666666668,136.48969824849883,54.23676045548417,0.323,post-control
60000.0,100.0,0.0016666666666666668,136.55987290055464,54.05968146886206,0.323,post-control
60000.0,100.0,0.0016666666666666668,136.63004755261042,53.882602482240024,0.323,post-control
60000.0,100.0,0.0016666666666666668,136.7002222046662,53.70552349561798,0.323,post-control
60000.0,100.0,0.0016666666666666668,136.770396856722,53.52844450899594,0.323,post-control
60000.0,100.0,0.0016666666666666668,136.84057150877777,53.351365522373904,0.323,post-control
60000.0,100.0,0.0016666666666666668,136.91074616083355,53.17428653575186,0.323,post-control
60000.0,100.0,0.0016666666666666668,136.98092081288934,52.997207549129826,0.323,post-control
60000.0,100.0,0.0016666666666666668,137.05109546494512,52.82012856250778,0.323,post-control
60000.0,100.0,0.0016666666666666668,137.1212701170009,52.64304957588574,0.323,post-control
60000.0,100.0,0.0016666666666666668,137.1914447690567,52.465970589263705,0.323,post-control
60000.0,100.0,0.0016666666666666668,137.26161942111247,52.28889160264166,0.323,post-control
60000.0,100.0,0.0016666666666666668,137.33179407316825,52.11181261601963,0.323,post-control
60000.0,100.0,0.0016666666666666668,137.35478702611306,52.05379211021537,0.323,post-control
60000.0,100.0,0.0016666666666666668,137.40196872522404,51.937489823308944,0.323,post-control
60000.0,100.0,0.0016666666666666668,137.47214337727982,51.76451020047355,0.323,post-control
60000.0,100.0,0.0016666666666666668,137.5423180293356,51.59153057763816,0.323,post-control
60000.0,100.0,0.0016666666666666668,137.6124926813914,51.41855095480276,0.323,post-control
60000.0,100.0,0.0016666666666666668,137.68266733344717,51.24557133196737,0.323,post-control
60000.0,100.0,0.0016666666666666668,137.75284198550295,51.07259170913198,0.323,post-control
60000.0,100.0,0.0016666666666666668,137.82301663755874,50.89961208629658,0.323,post-control
60000.0,100.0,0.0016666666666666668,137.89319128961452,50.726632463461186,0.323,post-control
60000.0,100.0,0.0016666666666666668,137.9633659416703,50.553652840625794,0.323,post-control
60000.0,100.0,0.0016666666666666668,138.0335405937261,50.3806732177904,0.323,post-control
60000.0,100.0,0.0016666666666666668,138.10371524578187,50.207693594955,0.323,post-control
60000.0,100.0,0.0016666666666666668,138.17388989783765,50.03471397211961,0.323,post-control
60000.0,100.0,0.0016666666666666668,138.24406454989344,49.86173434928422,0.323,post-control
60000.0,100.0,0.0016666666666666668,138.31423920194922,49.68875472644883,0.323,post-control
60000.0,100.0,0.0016666666666666668,138.35478702611306,49.58880485672833,0.323,post-control
60000.0,100.0,0.0016666666666666668,138.384413854005,49.51767617761621,0.323,post-control
60000.0,100.0,0.0016666666666666668,138.4545885060608,49.349199473796105,0.323,post-control
60000.0,100.0,0.0016666666666666668,138.52476315811657,49.18072276997599,0.323,post-control
60000.0,100.0,0.0016666666666666668,138.59493781017235,49.01224606615589,0.323,post-control
60000.0,100.0,0.0016666666666666668,138.66511246222814,48.843769362335784,0.323,post-control
60000.0,100.0,0.0016666666666666668,138.73528711428392,48.67529265851568,0.323,post-control
60000.0,100.0,0.0016666666666666668,138.8054617663397,48.50681595469557,0.323,post-control
60000.0,100.0,0.0016666666666666668,138.8756364183955,48.338339250875464,0.323,post-control
60000.0,100.0,0.0016666666666666668,138.94581107045127,48.16986254705536,0.323,post-control
60000.0,100.0,0.0016666666666666668,139.01598572250705,48.001385843235255,0.323,post-control
60000.0,100.0,0.0016666666666666668,139.08616037456284,47.83290913941514,0.323,post-control
60000.0,100.0,0.0016666666666666668,139.15633502661862,47.66443243559504,0.323,post-control
60000.0,100.0,0.0016666666666666668,139.2265096786744,47.495955731774934,0.323,post-control
60000.0,100.0,0.0016666666666666668,139.2966843307302,47.32747902795483,0.323,post-control
60000.0,100.0,0.0016666666666666668,139.35478702611306,47.18798491840957,0.323,post-control
60000.0,100.0,0.0016666666666666668,139.36685898278597,47.159834171695806,0.323,post-control
60000.0,100.0,0.0016666666666666668,139.43703363484175,46.99619302310046,0.323,post-control
60000.0,100.0,0.0016666666666666668,139.50720828689754,46.832551874505114,0.323,post-control
60000.0,100.0,0.0016666666666666668,139.57738293895332,46.66891072590976,0.323,post-control
60000.0,100.0,0.0016666666666666668,139.6475575910091,46.505269577314415,0.323,post-control
60000.0,100.0,0.0016666666666666668,139.7177322430649,46.34162842871906,0.323,post-control
60000.0,100.0,0.0016666666666666668,139.78790689512067,46.177987280123716,0.323,post-control
60000.0,100.0,0.0016666666666666668,139.85808154717645,46.01434613152837,0.323,post-control
60000.0,100.0,0.0016666666666666668,139.92825619923224,45.85070498293302,0.323,post-control
60000.0,100.0,0.0016666666666666668,139.99843085128802,45.68706383433767,0.323,post-control
60000.0,100.0,0.0016666666666666668,140.0686055033438,45.52342268574232,0.323,post-control
60000.0,100.0,0.0016666666666666668,140.1387801553996,45.35978153714697,0.323,post-control
60000.0,100.0,0.0016666666666666668,140.20895480745537,45.196140388551626,0.323,post-control
60000.0,100.0,0.0016666666666666668,140.27912945951115,45.03249923995627,0.323,post-control
60000.0,100.0,0.0016666666666666668,140.34930411156694,44.86885809136093,0.323,post-control
60000.0,100.0,0.0016666666666666668,140.35478702611306,44.85607241437226,0.323,post-control
60000.0,100.0,0.0016666666666666668,140.41947876362272,44.70991946053284,0.323,post-control
60000.0,100.0,0.0016666666666666668,140.4896534156785,44.55137938915086,0.323,post-control
60000.0,100.0,0.0016666666666666668,140.5598280677343,44.392839317768875,0.323,post-control
60000.0,100.0,0.0016666666666666668,140.63000271979007,44.2342992463869,0.323,post-control
60000.0,100.0,0.0016666666666666668,140.70017737184585,44.07575917500492,0.323,post-control
60000.0,100.0,0.0016666666666666668,140.77035202390164,43.91721910362294,0.323,post-control
60000.0,100.0,0.0016666666666666668,140.84052667595742,43.758679032240956,0.323,post-control
60000.0,100.0,0.0016666666666666668,140.9107013280132,43.60013896085898,0.323,post-control
60000.0,100.0,0.0016666666666666668,140.980875980069,43.441598889477,0.323,post-control
60000.0,100.0,0.0016666666666666668,141.05105063212477,43.283058818095014,0.323,post-control
60000.0,100.0,0.0016666666666666668,141.12122528418055,43.124518746713036,0.323,post-control
60000.0,100.0,0.0016666666666666668,141.19139993623634,42.96597867533106,0.323,post-control
60000.0,100.0,0.0016666666666666668,141.26157458829212,42.80743860394908,0.323,post-control
60000.0,100.0,0.0016666666666666668,141.3317492403479,42.648898532567095,0.323,post-control
60000.0,100.0,0.0016666666666666668,141.35478702611306,42.596851075362935,0.323,post-control
60000.0,100.0,0.0016666666666666668,141.4019238924037,42.493921805428315,0.323,post-control
60000.0,100.0,0.0016666666666666668,141.47209854445947,42.34068663575277,0.323,post-control
60000.0,100.0,0.0016666666666666668,141.54227319651525,42.18745146607723,0.323,post-control
60000.0,100.0,0.0016666666666666668,141.61244784857104,42.03421629640168,0.323,post-control
60000.0,100.0,0.0016666666666666668,141.68262250062682,41.88098112672614,0.323,post-control
60000.0,100.0,0.0016666666666666668,141.7527971526826,41.727745957050594,0.323,post-control
60000.0,100.0,0.0016666666666666668,141.8229718047384,41.574510787375054,0.323,post-control
60000.0,100.0,0.0016666666666666668,141.89314645679417,41.42127561769951,0.323,post-control
60000.0,100.0,0.0016666666666666668,141.96332110884995,41.26804044802397,0.323,post-control
60000.0,100.0,0.0016666666666666668,142.03349576090574,41.11480527834842,0.323,post-control
60000.0,100.0,0.0016666666666666668,142.10367041296152,40.96157010867288,0.323,post-control
60000.0,100.0,0.0016666666666666668,142.1738450650173,40.80833493899733,0.323,post-control
60000.0,100.0,0.0016666666666666668,142.2440197170731,40.655099769321794,0.323,post-control
60000.0,100.0,0.0016666666666666668,142.31419436912887,40.50186459964625,0.323,post-control
60000.0,100.0,0.0016666666666666668,142.35478702611306,40.413225432962406,0.323,post-control
60000.0,100.0,0.0016666666666666668,142.38436902118465,40.350929026855404,0.323,post-control
60000.0,100.0,0.0016666666666666668,142.45454367324044,40.203148979826665,0.323,post-control
60000.0,100.0,0.0016666666666666668,142.52471832529622,40.05536893279792,0.323,post-control
60000.0,100.0,0.0016666666666666668,142.594892977352,39.90758888576917,0.323,post-control
60000.0,100.0,0.0016666666666666668,142.6650676294078,39.75980883874043,0.323,post-control
60000.0,100.0,0.0016666666666666668,142.73524228146357,39.61202879171169,0.323,post-control
60000.0,100.0,0.0016666666666666668,142.80541693351935,39.46424874468294,0.323,post-control
60000.0,100.0,0.0016666666666666668,142.87559158557514,39.316468697654194,0.323,post-control
60000.0,100.0,0.0016666666666666668,142.94576623763092,39.168688650625455,0.323,post-control
60000.0,100.0,0.0016666666666666668,143.0159408896867,39.02090860359671,0.323,post-control
60000.0,100.0,0.0016666666666666668,143.0861155417425,38.87312855656796,0.323,post-control
60000.0,100.0,0.0016666666666666668,143.15629019379827,38.72534850953922,0.323,post-control
60000.0,100.0,0.0016666666666666668,143.22646484585405,38.57756846251048,0.323,post-control
60000.0,100.0,0.0016666666666666668,143.29663949790984,38.42978841548173,0.323,post-control
60000.0,100.0,0.0016666666666666668,143.35478702611306,38.30733615956393,0.323,post-control
60000.0,100.0,0.0016666666666666668,143.36681414996562,38.28296025253101,0.323,post-control
60000.0,100.0,0.0016666666666666668,143.4369888020214,38.14073416293977,0.323,post-control
60000.0,100.0,0.0016666666666666668,143.5071634540772,37.99850807334854,0.323,post-control
60000.0,100.0,0.0016666666666666668,143.57733810613297,37.856281983757306,0.323,post-control
60000.0,100.0,0.0016666666666666668,143.64751275818875,37.71405589416607,0.323,post-control
60000.0,100.0,0.0016666666666666668,143.71768741024454,37.57182980457483,0.323,post-control
60000.0,100.0,0.0016666666666666668,143.78786206230032,37.4296037149836,0.323,post-control
60000.0,100.0,0.0016666666666666668,143.8580367143561,37.28737762539237,0.323,post-control
60000.0,100.0,0.0016666666666666668,143.9282113664119,37.145151535801126,0.323,post-control
60000.0,100.0,0.0016666666666666668,143.99838601846767,37.00292544620989,0.323,post-control
60000.0,100.0,0.0016666666666666668,144.06856067052345,36.86069935661866,0.323,post-control
60000.0,100.0,0.0016666666666666668,144.13873532257924,36.71847326702743,0.323,post-control
60000.0,100.0,0.0016666666666666668,144.20890997463502,36.57624717743619,0.323,post-control
60000.0,100.0,0.0016666666666666668,144.2790846266908,36.434021087844954,0.323,post-control
60000.0,100.0,0.0016666666666666668,144.3492592787466,36.29179499825372,0.323,post-control
60000.0,100.0,0.0016666666666666668,144.35478702611306,36.280591666720895,0.323,post-control
60000.0,100.0,0.0016666666666666668,144.41943393080237,36.1547341619835,0.323,post-control
60000.0,100.0,0.0016666666666666668,144.48960858285815,36.018114989789524,0.323,post-control
60000.0,100.0,0.0016666666666666668,144.55978323491394,35.88149581759556,0.323,post-control
60000.0,100.0,0.0016666666666666668,144.62995788696972,35.74487664540159,0.323,post-control
60000.0,100.0,0.0016666666666666668,144.7001325390255,35.60825747320762,0.323,post-control
60000.0,100.0,0.0016666666666666668,144.7703071910813,35.471638301013655,0.323,post-control
60000.0,100.0,0.0016666666666666668,144.84048184313707,35.33501912881968,0.323,post-control
60000.0,100.0,0.0016666666666666668,144.91065649519285,35.198399956625714,0.323,post-control
60000.0,100.0,0.0016666666666666668,144.98083114724864,35.06178078443175,0.323,post-control
60000.0,100.0,0.0016666666666666668,145.05100579930442,34.92516161223778,0.323,post-control
60000.0,100.0,0.0016666666666666668,145.1211804513602,34.78854244004381,0.323,post-control
60000.0,100.0,0.0016666666666666668,145.191355103416,34.651923267849845,0.323,post-control
60000.0,100.0,0.0016666666666666668,145.26152975547177,34.51530409565587,0.323,post-control
60000.0,100.0,0.0016666666666666668,145.33170440752755,34.378684923461904,0.323,post-control
60000.0,100.0,0.0016666666666666668,145.35478702611306,34.33374664231854,0.323,post-control
60000.0,100.0,0.0016666666666666668,145.40187905958334,34.24583677758306,0.323,post-control
60000.0,100.0,0.0016666666666666668,145.47205371163912,34.114837036958626,0.323,post-control
60000.0,100.0,0.0016666666666666668,145.5422283636949,33.9838372963342,0.323,post-control
60000.0,100.0,0.0016666666666666668,145.6124030157507,33.852837555709776,0.323,post-control
60000.0,100.0,0.0016666666666666668,145.68257766780647,33.721837815085344,0.323,post-control
60000.0,100.0,0.0016666666666666668,145.75275231986225,33.59083807446092,0.323,post-control
60000.0,100.0,0.0016666666666666668,145.82292697191804,33.459838333836494,0.323,post-control
60000.0,100.0,0.0016666666666666668,145.89310162397382,33.32883859321206,0.323,post-control
60000.0,100.0,0.0016666666666666668,145.9632762760296,33.19783885258764,0.323,post-control
60000.0,100.0,0.0016666666666666668,146.0334509280854,33.066839111963205,0.323,post-control
60000.0,100.0,0.0016666666666666668,146.10362558014117,32.93583937133878,0.323,post-control
60000.0,100.0,0.0016666666666666668,146.17380023219695,32.804839630714355,0.323,post-control
60000.0,100.0,0.0016666666666666668,146.24397488425274,32.67383989008992,0.323,post-control
60000.0,100.0,0.0016666666666666668,146.31414953630852,32.5428401494655,0.323,post-control
60000.0,100.0,0.0016666666666666668,146.35478702611306,32.46697941531051,0.323,post-control
60000.0,100.0,0.0016666666666666668,146.3843241883643,32.41419702785091,0.323,post-control
60000.0,100.0,0.0016666666666666668,146.4544988404201,32.288796163572044,0.323,post-control
60000.0,100.0,0.0016666666666666668,146.52467349247587,32.163395299293185,0.323,post-control
60000.0,100.0,0.0016666666666666668,146.59484814453165,32.03799443501432,0.323,post-control
60000.0,100.0,0.0016666666666666668,146.66502279658744,31.912593570735453,0.323,post-control
60000.0,100.0,0.0016666666666666668,146.73519744864322,31.78719270645659,0.323,post-control
60000.0,100.0,0.0016666666666666668,146.805372100699,31.661791842177728,0.323,post-control
60000.0,100.0,0.0016666666666666668,146.8755467527548,31.53639097789886,0.323,post-control
60000.0,100.0,0.0016666666666666668,146.94572140481057,31.41099011362,0.323,post-control
60000.0,100.0,0.0016666666666666668,147.01589605686635,31.285589249341136,0.323,post-control
60000.0,100.0,0.0016666666666666668,147.08607070892214,31.160188385062273,0.323,post-control
60000.0,100.0,0.0016666666666666668,147.15624536097792,31.034787520783407,0.323,post-control
60000.0,100.0,0.0016666666666666668,147.2264200130337,30.909386656504545,0.323,post-control
60000.0,100.0,0.0016666666666666668,147.2965946650895,30.783985792225682,0.323,post-control
60000.0,100.0,0.0016666666666666668,147.35478702611306,30.679997070472094,0.323,post-control
60000.0,100.0,0.0016666666666666668,147.36676931714527,30.659532022956483,0.323,post-control
60000.0,100.0,0.0016666666666666668,147.43694396920105,30.539677849422183,0.323,post-control
60000.0,100.0,0.0016666666666666668,147.50711862125684,30.419823675887887,0.323,post-control
60000.0,100.0,0.0016666666666666668,147.57729327331262,30.299969502353587,0.323,post-control
60000.0,100.0,0.0016666666666666668,147.6474679253684,30.18011532881929,0.323,post-control
60000.0,100.0,0.0016666666666666668,147.7176425774242,30.060261155284994,0.323,post-control
60000.0,100.0,0.0016666666666666668,147.78781722947997,29.940406981750694,0.323,post-control
60000.0,100.0,0.0016666666666666668,147.85799188153575,29.820552808216398,0.323,post-control
60000.0,100.0,0.0016666666666666668,147.92816653359154,29.700698634682098,0.323,post-control
60000.0,100.0,0.0016666666666666668,147.99834118564732,29.5808444611478,0.323,post-control
60000.0,100.0,0.0016666666666666668,148.0685158377031,29.460990287613505,0.323,post-control
60000.0,100.0,0.0016666666666666668,148.1386904897589,29.341136114079205,0.323,post-control
60000.0,100.0,0.0016666666666666668,148.20886514181467,29.22128194054491,0.323,post-control
60000.0,100.0,0.0016666666666666668,148.27903979387045,29.10142776701061,0.323,post-control
60000.0,100.0,0.0016666666666666668,148.34921444592624,28.981573593476313,0.323,post-control
60000.0,100.0,0.0016666666666666668,148.35478702611306,28.972055954654046,0.323,post-control
60000.0,100.0,0.0016666666666666668,148.41938909798202,28.866752147413695,0.323,post-control
60000.0,100.0,0.0016666666666666668,148.4895637500378,28.752364824848716,0.323,post-control
60000.0,100.0,0.0016666666666666668,148.5597384020936,28.637977502283736,0.323,post-control
60000.0,100.0,0.0016666666666666668,148.62991305414937,28.523590179718756,0.323,post-control
60000.0,100.0,0.0016666666666666668,148.70008770620515,28.409202857153772,0.323,post-control
60000.0,100.0,0.0016666666666666668,148.77026235826094,28.294815534588793,0.323,post-control
60000.0,100.0,0.0016666666666666668,148.84043701031672,28.180428212023813,0.323,post-control
60000.0,100.0,0.0016666666666666668,148.9106116623725,28.066040889458833,0.323,post-control
60000.0,100.0,0.0016666666666666668,148.9807863144283,27.951653566893853,0.323,post-control
60000.0,100.0,0.0016666666666666668,149.05096096648407,27.837266244328873,0.323,post-control
60000.0,100.0,0.0016666666666666668,149.12113561853985,27.722878921763893,0.323,post-control
60000.0,100.0,0.0016666666666666668,149.19131027059564,27.608491599198913,0.323,post-control
60000.0,100.0,0.0016666666666666668,149.26148492265142,27.494104276633934,0.323,post-control
60000.0,100.0,0.0016666666666666668,149.3316595747072,27.379716954068954,0.323,post-control
60000.0,100.0,0.0016666666666666668,149.35478702611306,27.342018338307174,0.323,post-control
60000.0,100.0,0.0016666666666666668,149.401834226763,27.268926479509297,0.323,post-control
60000.0,100.0,0.0016666666666666668,149.47200887881877,27.159904142613698,0.323,post-control
60000.0,100.0,0.0016666666666666668,149.54218353087455,27.0508818057181,0.323,post-control
60000.0,100.0,0.0016666666666666668,149.61235818293034,26.941859468822496,0.323,post-control
60000.0,100.0,0.0016666666666666668,149.68253283498612,26.832837131926897,0.323,post-control
60000.0,100.0,0.0016666666666666668,149.7527074870419,26.723814795031295,0.323,post-control
60000.0,100.0,0.0016666666666666668,149.8228821390977,26.614792458135696,0.323,post-control
60000.0,100.0,0.0016666666666666668,149.89305679115347,26.505770121240094,0.323,post-control
60000.0,100.0,0.0016666666666666668,149.96323144320925,26.396747784344495,0.323,post-control
60000.0,100.0,0.0016666666666666668,150.03340609526504,26.287725447448892,0.323,post-control
60000.0,100.0,0.0016666666666666668,150.10358074732082,26.178703110553293,0.323,post-control
60000.0,100.0,0.0016666666666666668,150.1737553993766,26.06968077365769,0.323,post-control
60000.0,100.0,0.0016666666666666668,150.2439300514324,25.960658436762092,0.323,post-control
60000.0,100.0,0.0016666666666666668,150.31410470348817,25.85163609986649,0.323,post-control
60000.0,100.0,0.0016666666666666668,150.35478702611306,25.788432624637565,0.323,post-control
60000.0,100.0,0.0016666666666666668,150.38427935554395,25.744818319240796,0.323,post-control
60000.0,100.0,0.0016666666666666668,150.45445400759974,25.641041548638643,0.323,post-control
60000.0,100.0,0.0016666666666666668,150.52462865965552,25.53726477803649,0.323,post-control
60000.0,100.0,0.0016666666666666668,150.5948033117113,25.433488007434338,0.323,post-control
60000.0,100.0,0.0016666666666666668,150.6649779637671,25.329711236832186,0.323,post-control
60000.0,100.0,0.0016666666666666668,150.73515261582287,25.225934466230033,0.323,post-control
60000.0,100.0,0.0016666666666666668,150.80532726787865,25.12215769562788,0.323,post-control
60000.0,100.0,0.0016666666666666668,150.87550191993444,25.018380925025728,0.323,post-control
60000.0,100.0,0.0016666666666666668,150.94567657199025,24.914604154423532,0.323,post-control
60000.0,100.0,0.0016666666666666668,151.01585122404603,24.81082738382138,0.323,post-control
60000.0,100.0,0.0016666666666666668,151.08602587610181,24.707050613219227,0.323,post-control
60000.0,100.0,0.0016666666666666668,151.1562005281576,24.603273842617075,0.323,post-control
60000.0,100.0,0.0016666666666666668,151.22637518021338,24.499497072014922,0.323,post-control
60000.0,100.0,0.0016666666666666668,151.29654983226916,24.39572030141277,0.323,post-control
60000.0,100.0,0.0016666666666666668,151.35478702611306,24.309597068464686,0.323,post-control
60000.0,100.0,0.0016666666666666668,151.36672448432495,24.292812970567763,0.323,post-control
60000.0,100.0,0.0016666666666666668,151.43689913638073,24.194147223716072,0.323,post-control
60000.0,100.0,0.0016666666666666668,151.50707378843651,24.095481476864382,0.323,post-control
60000.0,100.0,0.0016666666666666668,151.5772484404923,23.996815730012692,0.323,post-control
60000.0,100.0,0.0016666666666666668,151.64742309254808,23.898149983161,0.323,post-control
60000.0,100.0,0.0016666666666666668,151.71759774460386,23.799484236309315,0.323,post-control
60000.0,100.0,0.0016666666666666668,151.78777239665965,23.700818489457625,0.323,post-control
60000.0,100.0,0.0016666666666666668,151.85794704871543,23.602152742605934,0.323,post-control
60000.0,100.0,0.0016666666666666668,151.92812170077121,23.503486995754244,0.323,post-control
60000.0,100.0,0.0016666666666666668,151.998296352827,23.404821248902554,0.323,post-control
60000.0,100.0,0.0016666666666666668,152.06847100488278,23.306155502050864,0.323,post-control
60000.0,100.0,0.0016666666666666668,152.13864565693856,23.207489755199177,0.323,post-control
60000.0,100.0,0.0016666666666666668,152.20882030899435,23.108824008347487,0.323,post-control
60000.0,100.0,0.0016666666666666668,152.27899496105013,23.010158261495796,0.323,post-control
60000.0,100.0,0.0016666666666666668,152.34916961310591,22.911492514644106,0.323,post-control
60000.0,100.0,0.0016666666666666668,152.35478702611306,22.90359441706204,0.323,post-control
60000.0,100.0,0.0016666666666666668,152.4193442651617,22.81739149225732,0.323,post-control
60000.0,100.0,0.0016666666666666668,152.48951891721748,22.723687666884555,0.323,post-control
60000.0,100.0,0.0016666666666666668,152.55969356927326,22.629983841511788,0.323,post-control
60000.0,100.0,0.0016666666666666668,152.62986822132905,22.53628001613902,0.323,post-control
60000.0,100.0,0.0016666666666666668,152.70004287338483,22.442576190766253,0.323,post-control
60000.0,100.0,0.0016666666666666668,152.77021752544061,22.348872365393486,0.323,post-control
60000.0,100.0,0.0016666666666666668,152.8403921774964,22.25516854002072,0.323,post-control
60000.0,100.0,0.0016666666666666668,152.91056682955218,22.161464714647952,0.323,post-control
60000.0,100.0,0.0016666666666666668,152.98074148160796,22.06776088927518,0.323,post-control
60000.0,100.0,0.0016666666666666668,153.05091613366375,21.974057063902414,0.323,post-control
60000.0,100.0,0.0016666666666666668,153.12109078571953,21.880353238529647,0.323,post-control
60000.0,100.0,0.0016666666666666668,153.19126543777531,21.78664941315688,0.323,post-control
60000.0,100.0,0.0016666666666666668,153.2614400898311,21.692945587784113,0.323,post-control
60000.0,100.0,0.0016666666666666668,153.33161474188688,21.599241762411346,0.323,post-control
60000.0,100.0,0.0016666666666666668,153.35478702611306,21.56829993924574,0.323,post-control
60000.0,100.0,0.0016666666666666668,153.40178939394266,21.50875561970889,0.323,post-control
60000.0,100.0,0.0016666666666666668,153.47196404599845,21.419855802564676,0.323,post-control
60000.0,100.0,0.0016666666666666668,153.54213869805423,21.330955985420466,0.323,post-control
60000.0,100.0,0.0016666666666666668,153.61231335011,21.242056168276257,0.323,post-control
60000.0,100.0,0.0016666666666666668,153.6824880021658,21.153156351132044,0.323,post-control
60000.0,100.0,0.0016666666666666668,153.75266265422158,21.064256533987834,0.323,post-control
60000.0,100.0,0.0016666666666666668,153.82283730627736,20.97535671684362,0.323,post-control
60000.0,100.0,0.0016666666666666668,153.89301195833315,20.88645689969941,0.323,post-control
60000.0,100.0,0.0016666666666666668,153.96318661038893,20.797557082555198,0.323,post-control
60000.0,100.0,0.0016666666666666668,154.0333612624447,20.708657265410988,0.323,post-control
60000.0,100.0,0.0016666666666666668,154.1035359145005,20.619757448266775,0.323,post-control
60000.0,100.0,0.0016666666666666668,154.17371056655628,20.530857631122565,0.323,post-control
60000.0,100.0,0.0016666666666666668,154.24388521861206,20.441957813978355,0.323,post-control
60000.0,100.0,0.0016666666666666668,154.31405987066785,20.353057996834142,0.323,post-control
60000.0,100.0,0.0016666666666666668,154.35478702611306,20.30146334597638,0.323,post-control
60000.0,100.0,0.0016666666666666668,154.38423452272363,20.266104982952417,0.323,post-control
60000.0,100.0,0.0016666666666666668,154.4544091747794,20.181844481787167,0.323,post-control
60000.0,100.0,0.0016666666666666668,154.5245838268352,20.09758398062192,0.323,post-control
60000.0,100.0,0.0016666666666666668,154.59475847889098,20.013323479456673,0.323,post-control
60000.0,100.0,0.0016666666666666668,154.66493313094676,19.929062978291423,0.323,post-control
60000.0,100.0,0.0016666666666666668,154.73510778300255,19.844802477126176,0.323,post-control
60000.0,100.0,0.0016666666666666668,154.80528243505833,19.76054197596093,0.323,post-control
60000.0,100.0,0.0016666666666666668,154.8754570871141,19.67628147479568,0.323,post-control
60000.0,100.0,0.0016666666666666668,154.9456317391699,19.592020973630433,0.323,post-control
60000.0,100.0,0.0016666666666666668,155.01580639122568,19.507760472465186,0.323,post-control
60000.0,100.0,0.0016666666666666668,155.08598104328146,19.423499971299936,0.323,post-control
60000.0,100.0,0.0016666666666666668,155.15615569533725,19.33923947013469,0.323,post-control
60000.0,100.0,0.0016666666666666668,155.22633034739303,19.25497896896944,0.323,post-control
60000.0,100.0,0.0016666666666666668,155.2965049994488,19.170718467804193,0.323,post-control
60000.0,100.0,0.0016666666666666668,155.35478702611306,19.100737746392824,0.323,post-control
60000.0,100.0,0.0016666666666666668,155.3666796515046,19.08721548704368,0.323,post-control
60000.0,100.0,0.0016666666666666668,155.43685430356038,19.007424876174074,0.323,post-control
60000.0,100.0,0.0016666666666666668,155.50702895561616,18.92763426530447,0.323,post-control
60000.0,100.0,0.0016666666666666668,155.57720360767195,18.84784365443486,0.323,post-control
60000.0,100.0,0.0016666666666666668,155.64737825972773,18.768053043565256,0.323,post-control
60000.0,100.0,0.0016666666666666668,155.7175529117835,18.68826243269565,0.323,post-control
60000.0,100.0,0.0016666666666666668,155.7877275638393,18.608471821826047,0.323,post-control
60000.0,100.0,0.0016666666666666668,155.85790221589508,18.528681210956442,0.323,post-control
60000.0,100.0,0.0016666666666666668,155.92807686795086,18.448890600086834,0.323,post-control
60000.0,100.0,0.0016666666666666668,155.99825152000665,18.36909998921723,0.323,post-control
60000.0,100.0,0.0016666666666666668,156.06842617206243,18.289309378347625,0.323,post-control
60000.0,100.0,0.0016666666666666668,156.1386008241182,18.20951876747802,0.323,post-control
60000.0,100.0,0.0016666666666666668,156.208775476174,18.129728156608415,0.323,post-control
60000.0,100.0,0.0016666666666666668,156.27895012822978,18.049937545738807,0.323,post-control
60000.0,100.0,0.0016666666666666668,156.34912478028556,17.970146934869202,0.323,post-control
60000.0,100.0,0.0016666666666666668,156.35478702611306,17.963708797447296,0.323,post-control
60000.0,100.0,0.0016666666666666668,156.41929943234135,17.894305811235963,0.323,post-control
60000.0,100.0,0.0016666666666666668,156.48947408439713,17.81881133360358,0.323,post-control
60000.0,100.0,0.0016666666666666668,156.5596487364529,17.7433168559712,0.323,post-control
60000.0,100.0,0.0016666666666666668,156.6298233885087,17.66782237833882,0.323,post-control
60000.0,100.0,0.0016666666666666668,156.69999804056448,17.592327900706437,0.323,post-control
60000.0,100.0,0.0016666666666666668,156.77017269262026,17.516833423074058,0.323,post-control
60000.0,100.0,0.0016666666666666668,156.84034734467605,17.441338945441675,0.323,post-control
60000.0,100.0,0.0016666666666666668,156.91052199673183,17.365844467809296,0.323,post-control
60000.0,100.0,0.0016666666666666668,156.9806966487876,17.290349990176914,0.323,post-control
60000.0,100.0,0.0016666666666666668,157.0508713008434,17.21485551254453,0.323,post-control
60000.0,100.0,0.0016666666666666668,157.12104595289918,17.139361034912152,0.323,post-control
60000.0,100.0,0.0016666666666666668,157.19122060495496,17.06386655727977,0.323,post-control
60000.0,100.0,0.0016666666666666668,157.26139525701075,16.988372079647387,0.323,post-control
60000.0,100.0,0.0016666666666666668,157.33156990906653,16.91287760201501,0.323,post-control
60000.0,100.0,0.0016666666666666668,157.35478702611306,16.887900433305084,0.323,post-control
60000.0,100.0,0.0016666666666666668,157.4017445611223,16.84014033908174,0.323,post-control
60000.0,100.0,0.0016666666666666668,157.4719192131781,16.76876632011728,0.323,post-control
60000.0,100.0,0.0016666666666666668,157.54209386523388,16.697392301152824,0.323,post-control
60000.0,100.0,0.0016666666666666668,157.61226851728966,16.626018282188365,0.323,post-control
60000.0,100.0,0.0016666666666666668,157.68244316934545,16.554644263223906,0.323,post-control
60000.0,100.0,0.0016666666666666668,157.75261782140123,16.48327024425945,0.323,post-control
60000.0,100.0,0.0016666666666666668,157.822792473457,16.411896225294992,0.323,post-control
60000.0,100.0,0.0016666666666666668,157.8929671255128,16.340522206330533,0.323,post-control
60000.0,100.0,0.0016666666666666668,157.96314177756858,16.269148187366078,0.323,post-control
60000.0,100.0,0.0016666666666666668,158.03331642962436,16.19777416840162,0.323,post-control
60000.0,100.0,0.0016666666666666668,158.10349108168015,16.126400149437163,0.323,post-control
60000.0,100.0,0.0016666666666666668,158.17366573373593,16.055026130472704,0.323,post-control
60000.0,100.0,0.0016666666666666668,158.2438403857917,15.983652111508247,0.323,post-control
60000.0,100.0,0.0016666666666666668,158.3140150378475,15.91227809254379,0.323,post-control
60000.0,100.0,0.0016666666666666668,158.35478702611306,15.870809263295138,0.323,post-control
60000.0,100.0,0.0016666666666666668,158.38418968990328,15.842557241528718,0.323,post-control
60000.0,100.0,0.0016666666666666668,158.45436434195906,15.775128799960433,0.323,post-control
60000.0,100.0,0.0016666666666666668,158.52453899401485,15.707700358392147,0.323,post-control
60000.0,100.0,0.0016666666666666668,158.59471364607063,15.640271916823862,0.323,post-control
60000.0,100.0,0.0016666666666666668,158.6648882981264,15.572843475255574,0.323,post-control
60000.0,100.0,0.0016666666666666668,158.7350629501822,15.505415033687289,0.323,post-control
60000.0,100.0,0.0016666666666666668,158.80523760223798,15.437986592119003,0.323,post-control
60000.0,100.0,0.0016666666666666668,158.87541225429376,15.370558150550718,0.323,post-control
60000.0,100.0,0.0016666666666666668,158.94558690634955,15.303129708982432,0.323,post-control
60000.0,100.0,0.0016666666666666668,159.01576155840533,15.235701267414147,0.323,post-control
60000.0,100.0,0.0016666666666666668,159.0859362104611,15.168272825845861,0.323,post-control
60000.0,100.0,0.0016666666666666668,159.1561108625169,15.100844384277575,0.323,post-control
60000.0,100.0,0.0016666666666666668,159.22628551457268,15.03341594270929,0.323,post-control
60000.0,100.0,0.0016666666666666668,159.29646016662846,14.965987501141003,0.323,post-control
60000.0,100.0,0.0016666666666666668,159.35478702611306,14.909943201363182,0.323,post-control
60000.0,100.0,0.0016666666666666668,159.36663481868425,14.899195848034376,0.323,post-control
60000.0,100.0,0.0016666666666666668,159.43680947074003,14.835539114019333,0.323,post-control
60000.0,100.0,0.0016666666666666668,159.5069841227958,14.771882380004289,0.323,post-control
60000.0,100.0,0.0016666666666666668,159.5771587748516,14.708225645989247,0.323,post-control
60000.0,100.0,0.0016666666666666668,159.64733342690738,14.644568911974204,0.323,post-control
60000.0,100.0,0.0016666666666666668,159.71750807896316,14.58091217795916,0.323,post-control
60000.0,100.0,0.0016666666666666668,159.78768273101895,14.517255443944117,0.323,post-control
60000.0,100.0,0.0016666666666666668,159.85785738307473,14.453598709929075,0.323,post-control
60000.0,100.0,0.0016666666666666668,159.9280320351305,14.38994197591403,0.323,post-control
60000.0,100.0,0.0016666666666666668,159.9982066871863,14.326285241898988,0.323,post-control
60000.0,100.0,0.0016666666666666668,160.06838133924208,14.262628507883944,0.323,post-control
60000.0,100.0,0.0016666666666666668,160.13855599129786,14.198971773868902,0.323,post-control
60000.0,100.0,0.0016666666666666668,160.20873064335365,14.13531503985386,0.323,post-control
60000.0,100.0,0.0016666666666666668,160.27890529540943,14.071658305838815,0.323,post-control
60000.0,100.0,0.0016666666666666668,160.3490799474652,14.008001571823772,0.323,post-control
60000.0,100.0,0.0016666666666666668,160.35478702611306,14.00282457447721,0.323,post-control
60000.0,100.0,0.0016666666666666668,160.419254599521,13.94765140464537,0.323,post-control
60000.0,100.0,0.0016666666666666668,160.48942925157678,13.887593955743668,0.323,post-control
60000.0,100.0,0.0016666666666666668,160.55960390363256,13.827536506841968,0.323,post-control
60000.0,100.0,0.0016666666666666668,160.62977855568835,13.767479057940266,0.323,post-control
60000.0,100.0,0.0016666666666666668,160.69995320774413,13.707421609038564,0.323,post-control
60000.0,100.0,0.0016666666666666668,160.7701278597999,13.647364160136862,0.323,post-control
60000.0,100.0,0.0016666666666666668,160.8403025118557,13.587306711235161,0.323,post-control
60000.0,100.0,0.0016666666666666668,160.91047716391148,13.52724926233346,0.323,post-control
60000.0,100.0,0.0016666666666666668,160.98065181596726,13.467191813431757,0.323,post-control
60000.0,100.0,0.0016666666666666668,161.05082646802305,13.407134364530055,0.323,post-control
60000.0,100.0,0.0016666666666666668,161.12100112007883,13.347076915628355,0.323,post-control
60000.0,100.0,0.0016666666666666668,161.1911757721346,13.287019466726653,0.323,post-control
60000.0,100.0,0.0016666666666666668,161.2613504241904,13.22696201782495,0.323,post-control
60000.0,100.0,0.0016666666666666668,161.33152507624618,13.16690456892325,0.323,post-control
60000.0,100.0,0.0016666666666666668,161.35478702611306,13.146996335329538,0.323,post-control
60000.0,100.0,0.0016666666666666668,161.40169972830196,13.109139592657563,0.323,post-control
60000.0,100.0,0.0016666666666666668,161.47187438035775,13.052511352948116,0.323,post-control
60000.0,100.0,0.0016666666666666668,161.54204903241353,12.99588311323867,0.323,post-control
60000.0,100.0,0.0016666666666666668,161.6122236844693,12.93925487352922,0.323,post-control
60000.0,100.0,0.0016666666666666668,161.6823983365251,12.882626633819774,0.323,post-control
60000.0,100.0,0.0016666666666666668,161.75257298858088,12.825998394110327,0.323,post-control
60000.0,100.0,0.0016666666666666668,161.82274764063666,12.76937015440088,0.323,post-control
60000.0,100.0,0.0016666666666666668,161.89292229269245,12.712741914691433,0.323,post-control
60000.0,100.0,0.0016666666666666668,161.96309694474823,12.656113674981986,0.323,post-control
60000.0,100.0,0.0016666666666666668,162.033271596804,12.59948543527254,0.323,post-control
60000.0,100.0,0.0016666666666666668,162.1034462488598,12.542857195563093,0.323,post-control
60000.0,100.0,0.0016666666666666668,162.17362090091558,12.486228955853646,0.323,post-control
60000.0,100.0,0.0016666666666666668,162.24379555297136,12.429600716144199,0.323,post-control
60000.0,100.0,0.0016666666666666668,162.31397020502715,12.372972476434752,0.323,post-control
60000.0,100.0,0.0016666666666666668,162.35478702611306,12.340034874880372,0.323,post-control
60000.0,100.0,0.0016666666666666668,162.38414485708293,12.317709643198747,0.323,post-control
60000.0,100.0,0.0016666666666666668,162.4543195091387,12.26434516382251,0.323,post-control
60000.0,100.0,0.0016666666666666668,162.5244941611945,12.210980684446273,0.323,post-control
60000.0,100.0,0.0016666666666666668,162.59466881325028,12.157616205070036,0.323,post-control
60000.0,100.0,0.0016666666666666668,162.66484346530606,12.1042517256938,0.323,post-control
60000.0,100.0,0.0016666666666666668,162.73501811736185,12.050887246317561,0.323,post-control
60000.0,100.0,0.0016666666666666668,162.80519276941763,11.997522766941325,0.323,post-control
60000.0,100.0,0.0016666666666666668,162.8753674214734,11.944158287565088,0.323,post-control
60000.0,100.0,0.0016666666666666668,162.9455420735292,11.890793808188851,0.323,post-control
60000.0,100.0,0.0016666666666666668,163.01571672558498,11.837429328812615,0.323,post-control
60000.0,100.0,0.0016666666666666668,163.08589137764076,11.784064849436378,0.323,post-control
60000.0,100.0,0.0016666666666666668,163.15606602969655,11.73070037006014,0.323,post-control
60000.0,100.0,0.0016666666666666668,163.22624068175233,11.677335890683903,0.323,post-control
60000.0,100.0,0.0016666666666666668,163.2964153338081,11.623971411307666,0.323,post-control
60000.0,100.0,0.0016666666666666668,163.35478702611306,11.579582520463047,0.323,post-control
60000.0,100.0,0.0016666666666666668,163.3665899858639,11.571128738445307,0.323,post-control
60000.0,100.0,0.0016666666666666668,163.43676463791968,11.520866666543538,0.323,post-control
60000.0,100.0,0.0016666666666666668,163.50693928997546,11.470604594641769,0.323,post-control
60000.0,100.0,0.0016666666666666668,163.57711394203125,11.420342522739999,0.323,post-control
60000.0,100.0,0.0016666666666666668,163.64728859408703,11.370080450838229,0.323,post-control
60000.0,100.0,0.0016666666666666668,163.7174632461428,11.319818378936459,0.323,post-control
60000.0,100.0,0.0016666666666666668,163.7876378981986,11.269556307034689,0.323,post-control
60000.0,100.0,0.0016666666666666668,163.85781255025438,11.219294235132919,0.323,post-control
60000.0,100.0,0.0016666666666666668,163.92798720231016,11.16903216323115,0.323,post-control
60000.0,100.0,0.0016666666666666668,163.99816185436595,11.118770091329381,0.323,post-control
60000.0,100.0,0.0016666666666666668,164.06833650642173,11.068508019427611,0.323,post-control
60000.0,100.0,0.0016666666666666668,164.1385111584775,11.018245947525841,0.323,post-control
60000.0,100.0,0.0016666666666666668,164.2086858105333,10.967983875624071,0.323,post-control
60000.0,100.0,0.0016666666666666668,164.27886046258908,10.917721803722301,0.323,post-control
60000.0,100.0,0.0016666666666666668,164.34903511464486,10.867459731820531,0.323,post-control
60000.0,100.0,0.0016666666666666668,164.35478702611306,10.86333996806941,0.323,post-control
60000.0,100.0,0.0016666666666666668,164.41920976670065,10.819901487144744,0.323,post-control
60000.0,100.0,0.0016666666666666668,164.48938441875643,10.772584650622154,0.323,post-control
60000.0,100.0,0.0016666666666666668,164.5595590708122,10.725267814099562,0.323,post-control
60000.0,100.0,0.0016666666666666668,164.629733722868,10.677950977576971,0.323,post-control
60000.0,100.0,0.0016666666666666668,164.69990837492378,10.63063414105438,0.323,post-control
60000.0,100.0,0.0016666666666666668,164.77008302697956,10.58331730453179,0.323,post-control
60000.0,100.0,0.0016666666666666668,164.84025767903535,10.536000468009199,0.323,post-control
60000.0,100.0,0.0016666666666666668,164.91043233109113,10.488683631486607,0.323,post-control
60000.0,100.0,0.0016666666666666668,164.9806069831469,10.441366794964017,0.323,post-control
60000.0,100.0,0.0016666666666666668,165.0507816352027,10.394049958441427,0.323,post-control
60000.0,100.0,0.0016666666666666668,165.12095628725848,10.346733121918835,0.323,post-control
60000.0,100.0,0.0016666666666666668,165.19113093931426,10.299416285396244,0.323,post-control
60000.0,100.0,0.0016666666666666668,165.26130559137005,10.252099448873652,0.323,post-control
60000.0,100.0,0.0016666666666666668,165.33148024342586,10.204782612351043,0.323,post-control
60000.0,100.0,0.0016666666666666668,165.35478702611306,10.189067490238273,0.323,post-control
60000.0,100.0,0.0016666666666666668,165.40165489548164,10.159330846611708,0.323,post-control
60000.0,100.0,0.0016666666666666668,165.47182954753742,10.114806556348155,0.323,post-control
60000.0,100.0,0.0016666666666666668,165.5420041995932,10.070282266084602,0.323,post-control
60000.0,100.0,0.0016666666666666668,165.612178851649,10.02575797582105,0.323,post-control
60000.0,100.0,0.0016666666666666668,165.68235350370477,9.981233685557498,0.323,post-control
60000.0,100.0,0.0016666666666666668,165.75252815576056,9.936709395293946,0.323,post-control
60000.0,100.0,0.0016666666666666668,165.82270280781634,9.892185105030393,0.323,post-control
60000.0,100.0,0.0016666666666666668,165.89287745987212,9.84766081476684,0.323,post-control
60000.0,100.0,0.0016666666666666668,165.9630521119279,9.803136524503287,0.323,post-control
60000.0,100.0,0.0016666666666666668,166.0332267639837,9.758612234239735,0.323,post-control
60000.0,100.0,0.0016666666666666668,166.10340141603947,9.714087943976184,0.323,post-control
60000.0,100.0,0.0016666666666666668,166.17357606809526,9.66956365371263,0.323,post-control
60000.0,100.0,0.0016666666666666668,166.24375072015104,9.625039363449078,0.323,post-control
60000.0,100.0,0.0016666666666666668,166.31392537220682,9.580515073185525,0.323,post-control
60000.0,100.0,0.0016666666666666668,166.35478702611306,9.554589242620327,0.323,post-control
60000.0,100.0,0.0016666666666666668,166.3841000242626,9.537096038001028,0.323,post-control
60000.0,100.0,0.0016666666666666668,166.4542746763184,9.495217703303329,0.323,post-control
60000.0,100.0,0.0016666666666666668,166.52444932837417,9.45333936860563,0.323,post-control
60000.0,100.0,0.0016666666666666668,166.59462398042996,9.41146103390793,0.323,post-control
60000.0,100.0,0.0016666666666666668,166.66479863248574,9.369582699210229,0.323,post-control
60000.0,100.0,0.0016666666666666668,166.73497328454152,9.32770436451253,0.323,post-control
60000.0,100.0,0.0016666666666666668,166.8051479365973,9.28582602981483,0.323,post-control
60000.0,100.0,0.0016666666666666668,166.8753225886531,9.24394769511713,0.323,post-control
60000.0,100.0,0.0016666666666666668,166.94549724070887,9.20206936041943,0.323,post-control
60000.0,100.0,0.0016666666666666668,167.01567189276466,9.16019102572173,0.323,post-control
60000.0,100.0,0.0016666666666666668,167.08584654482044,9.11831269102403,0.323,post-control
60000.0,100.0,0.0016666666666666668,167.15602119687622,9.076434356326331,0.323,post-control
60000.0,100.0,0.0016666666666666668,167.226195848932,9.03455602162863,0.323,post-control
60000.0,100.0,0.0016666666666666668,167.2963705009878,8.99267768693093,0.323,post-control
60000.0,100.0,0.0016666666666666668,167.35478702611306,8.957816284424398,0.323,post-control
60000.0,100.0,0.0016666666666666668,167.36654515304357,8.951219056368727,0.323,post-control
60000.0,100.0,0.0016666666666666668,167.43671980509936,8.91184559271459,0.323,post-control
60000.0,100.0,0.0016666666666666668,167.50689445715514,8.872472129060453,0.323,post-control
60000.0,100.0,0.0016666666666666668,167.57706910921092,8.833098665406316,0.323,post-control
60000.0,100.0,0.0016666666666666668,167.6472437612667,8.79372520175218,0.323,post-control
60000.0,100.0,0.0016666666666666668,167.7174184133225,8.754351738098043,0.323,post-control
60000.0,100.0,0.0016666666666666668,167.78759306537827,8.714978274443906,0.323,post-control
60000.0,100.0,0.0016666666666666668,167.85776771743406,8.67560481078977,0.323,post-control
60000.0,100.0,0.0016666666666666668,167.92794236948984,8.636231347135633,0.323,post-control
60000.0,100.0,0.0016666666666666668,167.99811702154562,8.596857883481496,0.323,post-control
60000.0,100.0,0.0016666666666666668,168.0682916736014,8.55748441982736,0.323,post-control
60000.0,100.0,0.0016666666666666668,168.1384663256572,8.518110956173222,0.323,post-control
60000.0,100.0,0.0016666666666666668,168.20864097771297,8.478737492519086,0.323,post-control
60000.0,100.0,0.0016666666666666668,168.27881562976876,8.439364028864949,0.323,post-control
60000.0,100.0,0.0016666666666666668,168.34899028182454,8.399990565210812,0.323,post-control
60000.0,100.0,0.0016666666666666668,168.35478702611306,8.396738138674023,0.323,post-control
60000.0,100.0,0.0016666666666666668,168.41916493388032,8.362790323662479,0.323,post-control
60000.0,100.0,0.0016666666666666668,168.4893395859361,8.325785764348414,0.323,post-control
60000.0,100.0,0.0016666666666666668,168.5595142379919,8.28878120503435,0.323,post-control
60000.0,100.0,0.0016666666666666668,168.62968889004767,8.251776645720286,0.323,post-control
60000.0,100.0,0.0016666666666666668,168.69986354210346,8.21477208640622,0.323,post-control
60000.0,100.0,0.0016666666666666668,168.77003819415924,8.177767527092156,0.323,post-control
60000.0,100.0,0.0016666666666666668,168.84021284621502,8.140762967778091,0.323,post-control
60000.0,100.0,0.0016666666666666668,168.9103874982708,8.103758408464028,0.323,post-control
60000.0,100.0,0.0016666666666666668,168.9805621503266,8.066753849149963,0.323,post-control
60000.0,100.0,0.0016666666666666668,169.05073680238237,8.029749289835898,0.323,post-control
60000.0,100.0,0.0016666666666666668,169.12091145443816,7.992744730521833,0.323,post-control
60000.0,100.0,0.0016666666666666668,169.19108610649394,7.955740171207769,0.323,post-control
60000.0,100.0,0.0016666666666666668,169.26126075854972,7.9187356118937045,0.323,post-control
60000.0,100.0,0.0016666666666666668,169.3314354106055,7.88173105257964,0.323,post-control
60000.0,100.0,0.0016666666666666668,169.35478702611306,7.869417258128027,0.323,post-control
60000.0,100.0,0.0016666666666666668,169.4016100626613,7.846219846300373,0.323,post-control
60000.0,100.0,0.0016666666666666668,169.47178471471707,7.8114534060263985,0.323,post-control
60000.0,100.0,0.0016666666666666668,169.54195936677286,7.776686965752424,0.323,post-control
60000.0,100.0,0.0016666666666666668,169.61213401882864,7.741920525478448,0.323,post-control
60000.0,100.0,0.0016666666666666668,169.68230867088442,7.707154085204473,0.323,post-control
60000.0,100.0,0.0016666666666666668,169.7524833229402,7.672387644930498,0.323,post-control
60000.0,100.0,0.0016666666666666668,169.822657974996,7.637621204656522,0.323,post-control
60000.0,100.0,0.0016666666666666668,169.89283262705177,7.602854764382547,0.323,post-control
60000.0,100.0,0.0016666666666666668,169.96300727910756,7.568088324108572,0.323,post-control
60000.0,100.0,0.0016666666666666668,170.03318193116334,7.533321883834597,0.323,post-control
60000.0,100.0,0.0016666666666666668,170.10335658321912,7.498555443560622,0.323,post-control
60000.0,100.0,0.0016666666666666668,170.1735312352749,7.463789003286647,0.323,post-control
60000.0,100.0,0.0016666666666666668,170.2437058873307,7.429022563012672,0.323,post-control
60000.0,100.0,0.0016666666666666668,170.31388053938647,7.394256122738696,0.323,post-control
60000.0,100.0,0.0016666666666666668,170.35478702611306,7.373989931372797,0.323,post-control
60000.0,100.0,0.0016666666666666668,170.38405519144226,7.360371167767428,0.323,post-control
60000.0,100.0,0.0016666666666666668,170.45422984349804,7.327718215773773,0.323,post-control
60000.0,100.0,0.0016666666666666668,170.52440449555382,7.295065263780117,0.323,post-control
60000.0,100.0,0.0016666666666666668,170.5945791476096,7.262412311786462,0.323,post-control
60000.0,100.0,0.0016666666666666668,170.6647537996654,7.229759359792807,0.323,post-control
60000.0,100.0,0.0016666666666666668,170.73492845172117,7.197106407799152,0.323,post-control
60000.0,100.0,0.0016666666666666668,170.80510310377696,7.164453455805496,0.323,post-control
60000.0,100.0,0.0016666666666666668,170.87527775583274,7.13180050381184,0.323,post-control
60000.0,100.0,0.0016666666666666668,170.94545240788852,7.099147551818185,0.323,post-control
60000.0,100.0,0.0016666666666666668,171.0156270599443,7.06649459982453,0.323,post-control
60000.0,100.0,0.0016666666666666668,171.0858017120001,7.033841647830875,0.323,post-control
60000.0,100.0,0.0016666666666666668,171.15597636405587,7.00118869583722,0.323,post-control
60000.0,100.0,0.0016666666666666668,171.22615101611166,6.968535743843564,0.323,post-control
60000.0,100.0,0.0016666666666666668,171.29632566816744,6.935882791849909,0.323,post-control
60000.0,100.0,0.0016666666666666668,171.35478702611306,6.908680150175751,0.323,post-control
60000.0,100.0,0.0016666666666666668,171.36650032022322,6.903562807625216,0.323,post-control
60000.0,100.0,0.0016666666666666668,171.436674972279,6.87290467426353,0.323,post-control
60000.0,100.0,0.0016666666666666668,171.5068496243348,6.842246540901844,0.323,post-control
60000.0,100.0,0.0016666666666666668,171.57702427639057,6.811588407540158,0.323,post-control
60000.0,100.0,0.0016666666666666668,171.64719892844636,6.780930274178472,0.323,post-control
60000.0,100.0,0.0016666666666666668,171.71737358050214,6.750272140816786,0.323,post-control
60000.0,100.0,0.0016666666666666668,171.78754823255792,6.7196140074551,0.323,post-control
60000.0,100.0,0.0016666666666666668,171.8577228846137,6.688955874093414,0.323,post-control
60000.0,100.0,0.0016666666666666668,171.9278975366695,6.658297740731728,0.323,post-control
60000.0,100.0,0.0016666666666666668,171.99807218872527,6.627639607370041,0.323,post-control
60000.0,100.0,0.0016666666666666668,172.06824684078106,6.596981474008356,0.323,post-control
60000.0,100.0,0.0016666666666666668,172.13842149283684,6.566323340646669,0.323,post-control
60000.0,100.0,0.0016666666666666668,172.20859614489262,6.535665207284983,0.323,post-control
60000.0,100.0,0.0016666666666666668,172.2787707969484,6.505007073923297,0.323,post-control
60000.0,100.0,0.0016666666666666668,172.3489454490042,6.474348940561611,0.323,post-control
60000.0,100.0,0.0016666666666666668,172.35478702611306,6.4717968530941326,0.323,post-control
60000.0,100.0,0.0016666666666666668,172.41912010105997,6.44541544380616,0.323,post-control
60000.0,100.0,0.0016666666666666668,172.48929475311576,6.4166385476442365,0.323,post-control
60000.0,100.0,0.0016666666666666668,172.55946940517154,6.3878616514823126,0.323,post-control
60000.0,100.0,0.0016666666666666668,172.62964405722732,6.359084755320389,0.323,post-control
60000.0,100.0,0.0016666666666666668,172.6998187092831,6.330307859158464,0.323,post-control
60000.0,100.0,0.0016666666666666668,172.7699933613389,6.30153096299654,0.323,post-control
60000.0,100.0,0.0016666666666666668,172.84016801339467,6.272754066834616,0.323,post-control
60000.0,100.0,0.0016666666666666668,172.91034266545046,6.243977170672692,0.323,post-control
60000.0,100.0,0.0016666666666666668,172.98051731750624,6.215200274510768,0.323,post-control
60000.0,100.0,0.0016666666666666668,173.05069196956202,6.186423378348844,0.323,post-control
60000.0,100.0,0.0016666666666666668,173.1208666216178,6.15764648218692,0.323,post-control
60000.0,100.0,0.0016666666666666668,173.1910412736736,6.128869586024996,0.323,post-control
60000.0,100.0,0.0016666666666666668,173.26121592572937,6.1000926898630725,0.323,post-control
60000.0,100.0,0.0016666666666666668,173.33139057778516,6.071315793701149,0.323,post-control
60000.0,100.0,0.0016666666666666668,173.35478702611306,6.061721486577906,0.323,post-control
60000.0,100.0,0.0016666666666666668,173.40156522984094,6.043720584299727,0.323,post-control
60000.0,100.0,0.0016666666666666668,173.47173988189672,6.0167164038611265,0.323,post-control
60000.0,100.0,0.0016666666666666668,173.5419145339525,5.989712223422526,0.323,post-control
60000.0,100.0,0.0016666666666666668,173.6120891860083,5.962708042983925,0.323,post-control
60000.0,100.0,0.0016666666666666668,173.68226383806407,5.935703862545324,0.323,post-control
60000.0,100.0,0.0016666666666666668,173.75243849011986,5.9086996821067235,0.323,post-control
60000.0,100.0,0.0016666666666666668,173.82261314217564,5.881695501668122,0.323,post-control
60000.0,100.0,0.0016666666666666668,173.89278779423142,5.854691321229521,0.323,post-control
60000.0,100.0,0.0016666666666666668,173.9629624462872,5.82768714079092,0.323,post-control
60000.0,100.0,0.0016666666666666668,174.033137098343,5.80068296035232,0.323,post-control
60000.0,100.0,0.0016666666666666668,174.10331175039877,5.773678779913719,0.323,post-control
60000.0,100.0,0.0016666666666666668,174.17348640245456,5.746674599475118,0.323,post-control
60000.0,100.0,0.0016666666666666668,174.24366105451034,5.719670419036517,0.323,post-control
60000.0,100.0,0.0016666666666666668,174.31383570656612,5.6926662385979165,0.323,post-control
60000.0,100.0,0.0016666666666666668,174.35478702611306,5.676907602254908,0.323,post-control
60000.0,100.0,0.0016666666666666668,174.3840103586219,5.666357347937015,0.323,post-control
60000.0,100.0,0.0016666666666666668,174.4541850106777,5.6410227826325965,0.323,post-control
60000.0,100.0,0.0016666666666666668,174.52435966273347,5.615688217328178,0.323,post-control
60000.0,100.0,0.0016666666666666668,174.59453431478926,5.59035365202376,0.323,post-control
60000.0,100.0,0.0016666666666666668,174.66470896684504,5.565019086719341,0.323,post-control
60000.0,100.0,0.0016666666666666668,174.73488361890082,5.539684521414923,0.323,post-control
60000.0,100.0,0.0016666666666666668,174.8050582709566,5.514349956110505,0.323,post-control
60000.0,100.0,0.0016666666666666668,174.8752329230124,5.4890153908060855,0.323,post-control
60000.0,100.0,0.0016666666666666668,174.94540757506817,5.463680825501667,0.323,post-control
60000.0,100.0,0.0016666666666666668,175.01558222712396,5.438346260197249,0.323,post-control
60000.0,100.0,0.0016666666666666668,175.08575687917974,5.41301169489283,0.323,post-control
60000.0,100.0,0.0016666666666666668,175.15593153123552,5.387677129588412,0.323,post-control
60000.0,100.0,0.0016666666666666668,175.2261061832913,5.362342564283994,0.323,post-control
60000.0,100.0,0.0016666666666666668,175.2962808353471,5.337007998979575,0.323,post-control
60000.0,100.0,0.0016666666666666668,175.35478702611306,5.315886000262789,0.323,post-control
60000.0,100.0,0.0016666666666666668,175.36645548740287,5.311934883126422,0.323,post-control
60000.0,100.0,0.0016666666666666668,175.43663013945866,5.288172686604571,0.323,post-control
60000.0,100.0,0.0016666666666666668,175.50680479151444,5.26441049008272,0.323,post-control
60000.0,100.0,0.0016666666666666668,175.57697944357022,5.240648293560868,0.323,post-control
60000.0,100.0,0.0016666666666666668,175.647154095626,5.216886097039017,0.323,post-control
60000.0,100.0,0.0016666666666666668,175.7173287476818,5.1931239005171665,0.323,post-control
60000.0,100.0,0.0016666666666666668,175.78750339973757,5.169361703995316,0.323,post-control
60000.0,100.0,0.0016666666666666668,175.85767805179336,5.145599507473465,0.323,post-control
60000.0,100.0,0.0016666666666666668,175.92785270384914,5.121837310951613,0.323,post-control
60000.0,100.0,0.0016666666666666668,175.99802735590492,5.098075114429762,0.323,post-control
60000.0,100.0,0.0016666666666666668,176.0682020079607,5.074312917907911,0.323,post-control
60000.0,100.0,0.0016666666666666668,176.1383766600165,5.0505507213860605,0.323,post-control
60000.0,100.0,0.0016666666666666668,176.20855131207227,5.02678852486421,0.323,post-control
60000.0,100.0,0.0016666666666666668,176.27872596412806,5.003026328342358,0.323,post-control
60000.0,100.0,0.0016666666666666668,176.34890061618384,4.979264131820507,0.323,post-control
60000.0,100.0,0.0016666666666666668,176.35478702611306,4.977270904558973,0.323,post-control
60000.0,100.0,0.0016666666666666668,176.41907526823962,4.9568576236661475,0.323,post-control
60000.0,100.0,0.0016666666666666668,176.4892499202954,4.934575246102442,0.323,post-control
60000.0,100.0,0.0016666666666666668,176.5594245723512,4.912292868538737,0.323,post-control
60000.0,100.0,0.0016666666666666668,176.62959922440697,4.8900104909750315,0.323,post-control
60000.0,100.0,0.0016666666666666668,176.69977387646276,4.867728113411325,0.323,post-control
60000.0,100.0,0.0016666666666666668,176.76994852851854,4.84544573584762,0.323,post-control
60000.0,100.0,0.0016666666666666668,176.84012318057432,4.823163358283915,0.323,post-control
60000.0,100.0,0.0016666666666666668,176.9102978326301,4.800880980720209,0.323,post-control
60000.0,100.0,0.0016666666666666668,176.9804724846859,4.778598603156504,0.323,post-control
60000.0,100.0,0.0016666666666666668,177.05064713674167,4.756316225592799,0.323,post-control
60000.0,100.0,0.0016666666666666668,177.12082178879746,4.734033848029093,0.323,post-control
60000.0,100.0,0.0016666666666666668,177.19099644085324,4.711751470465388,0.323,post-control
60000.0,100.0,0.0016666666666666668,177.26117109290902,4.689469092901683,0.323,post-control
60000.0,100.0,0.0016666666666666668,177.3313457449648,4.667186715337977,0.323,post-control
60000.0,100.0,0.0016666666666666668,177.35478702611306,4.659743465363512,0.323,post-control
60000.0,100.0,0.0016666666666666668,177.4015203970206,4.645831191806616,0.323,post-control
60000.0,100.0,0.0016666666666666668,177.47169504907637,4.6249405747336105,0.323,post-control
60000.0,100.0,0.0016666666666666668,177.54186970113216,4.604049957660604,0.323,post-control
60000.0,100.0,0.0016666666666666668,177.61204435318794,4.583159340587597,0.323,post-control
60000.0,100.0,0.0016666666666666668,177.68221900524372,4.562268723514592,0.323,post-control
60000.0,100.0,0.0016666666666666668,177.7523936572995,4.541378106441585,0.323,post-control
60000.0,100.0,0.0016666666666666668,177.8225683093553,4.52048748936858,0.323,post-control
60000.0,100.0,0.0016666666666666668,177.89274296141107,4.499596872295573,0.323,post-control
60000.0,100.0,0.0016666666666666668,177.96291761346686,4.478706255222567,0.323,post-control
60000.0,100.0,0.0016666666666666668,178.03309226552264,4.457815638149561,0.323,post-control
60000.0,100.0,0.0016666666666666668,178.10326691757842,4.436925021076554,0.323,post-control
60000.0,100.0,0.0016666666666666668,178.1734415696342,4.416034404003549,0.323,post-control
60000.0,100.0,0.0016666666666666668,178.24361622169,4.395143786930542,0.323,post-control
60000.0,100.0,0.0016666666666666668,178.31379087374577,4.374253169857536,0.323,post-control
60000.0,100.0,0.0016666666666666668,178.35478702611306,4.362048835450708,0.323,post-control
60000.0,100.0,0.0016666666666666668,178.38396552580156,4.353906508662927,0.323,post-control
60000.0,100.0,0.0016666666666666668,178.45414017785734,4.3343241121943965,0.323,post-control
60000.0,100.0,0.0016666666666666668,178.52431482991312,4.314741715725867,0.323,post-control
60000.0,100.0,0.0016666666666666668,178.5944894819689,4.295159319257337,0.323,post-control
60000.0,100.0,0.0016666666666666668,178.6646641340247,4.275576922788807,0.323,post-control
60000.0,100.0,0.0016666666666666668,178.73483878608047,4.255994526320277,0.323,post-control
60000.0,100.0,0.0016666666666666668,178.80501343813626,4.236412129851748,0.323,post-control
60000.0,100.0,0.0016666666666666668,178.87518809019204,4.216829733383218,0.323,post-control
60000.0,100.0,0.0016666666666666668,178.94536274224782,4.197247336914688,0.323,post-control
60000.0,100.0,0.0016666666666666668,179.0155373943036,4.177664940446158,0.323,post-control
60000.0,100.0,0.0016666666666666668,179.0857120463594,4.1580825439776286,0.323,post-control
60000.0,100.0,0.0016666666666666668,179.15588669841517,4.138500147509098,0.323,post-control
60000.0,100.0,0.0016666666666666668,179.22606135047096,4.118917751040568,0.323,post-control
60000.0,100.0,0.0016666666666666668,179.29623600252674,4.099335354572038,0.323,post-control
60000.0,100.0,0.0016666666666666668,179.35478702611306,4.082996558099003,0.323,post-control
60000.0,100.0,0.0016666666666666668,179.36641065458252,4.079956647748268,0.323,post-control
60000.0,100.0,0.0016666666666666668,179.4365853066383,4.06160397485408,0.323,post-control
60000.0,100.0,0.0016666666666666668,179.5067599586941,4.043251301959892,0.323,post-control
60000.0,100.0,0.0016666666666666668,179.57693461074987,4.024898629065706,0.323,post-control
60000.0,100.0,0.0016666666666666668,179.64710926280566,4.006545956171518,0.323,post-control
60000.0,100.0,0.0016666666666666668,179.71728391486147,3.9881932832773233,0.323,post-control
60000.0,100.0,0.0016666666666666668,179.78745856691725,3.969840610383136,0.323,post-control
60000.0,100.0,0.0016666666666666668,179.85763321897304,3.951487937488949,0.323,post-control
60000.0,100.0,0.0016666666666666668,179.92780787102882,3.9331352645947617,0.323,post-control
60000.0,100.0,0.0016666666666666668,179.9979825230846,3.9147825917005745,0.323,post-control
60000.0,100.0,0.0016666666666666668,180.06815717514039,3.896429918806387,0.323,post-control
60000.0,100.0,0.0016666666666666668,180.13833182719617,3.8780772459121997,0.323,post-control
60000.0,100.0,0.0016666666666666668,180.20850647925195,3.8597245730180125,0.323,post-control
60000.0,100.0,0.0016666666666666668,180.27868113130774,3.8413719001238253,0.323,post-control
60000.0,100.0,0.0016666666666666668,180.34885578336352,3.823019227229638,0.323,post-control
60000.0,100.0,0.0016666666666666668,180.35478702611306,3.821468038091546,0.323,post-control
60000.0,100.0,0.0016666666666666668,180.4190304354193,3.805724586605419,0.323,post-control
60000.0,100.0,0.0016666666666666668,180.48920508747509,3.78852762831621,0.323,post-control
60000.0,100.0,0.0016666666666666668,180.55937973953087,3.7713306700270004,0.323,post-control
60000.0,100.0,0.0016666666666666668,180.62955439158665,3.7541337117377913,0.323,post-control
60000.0,100.0,0.0016666666666666668,180.69972904364244,3.7369367534485822,0.323,post-control
60000.0,100.0,0.0016666666666666668,180.76990369569822,3.719739795159373,0.323,post-control
60000.0,100.0,0.0016666666666666668,180.840078347754,3.702542836870164,0.323,post-control
60000.0,100.0,0.0016666666666666668,180.91025299980979,3.685345878580955,0.323,post-control
60000.0,100.0,0.0016666666666666668,180.98042765186557,3.6681489202917454,0.323,post-control
60000.0,100.0,0.0016666666666666668,181.05060230392135,3.6509519620025364,0.323,post-control
60000.0,100.0,0.0016666666666666668,181.12077695597714,3.6337550037133273,0.323,post-control
60000.0,100.0,0.0016666666666666668,181.19095160803292,3.616558045424118,0.323,post-control
60000.0,100.0,0.0016666666666666668,181.2611262600887,3.599361087134909,0.323,post-control
60000.0,100.0,0.0016666666666666668,181.33130091214448,3.5821641288457,0.323,post-control
60000.0,100.0,0.0016666666666666668,181.35478702611306,3.5764086357942757,0.323,post-control
60000.0,100.0,0.0016666666666666668,181.40147556420027,3.5656893378927297,0.323,post-control
60000.0,100.0,0.0016666666666666668,181.47165021625605,3.549577824631848,0.323,post-control
60000.0,100.0,0.0016666666666666668,181.54182486831183,3.533466311370966,0.323,post-control
60000.0,100.0,0.0016666666666666668,181.61199952036762,3.5173547981100843,0.323,post-control
60000.0,100.0,0.0016666666666666668,181.6821741724234,3.5012432848492026,0.323,post-control
60000.0,100.0,0.0016666666666666668,181.75234882447918,3.4851317715883203,0.323,post-control
60000.0,100.0,0.0016666666666666668,181.82252347653497,3.4690202583274385,0.323,post-control
60000.0,100.0,0.0016666666666666668,181.89269812859075,3.4529087450665568,0.323,post-control
60000.0,100.0,0.0016666666666666668,181.96287278064653,3.436797231805675,0.323,post-control
60000.0,100.0,0.0016666666666666668,182.03304743270232,3.420685718544793,0.323,post-control
60000.0,100.0,0.0016666666666666668,182.1032220847581,3.404574205283911,0.323,post-control
60000.0,100.0,0.0016666666666666668,182.17339673681388,3.388462692023029,0.323,post-control
60000.0,100.0,0.0016666666666666668,182.24357138886967,3.3723511787621474,0.323,post-control
60000.0,100.0,0.0016666666666666668,182.31374604092545,3.3562396655012656,0.323,post-control
60000.0,100.0,0.0016666666666666668,182.35478702611306,3.346816998516552,0.323,post-control
60000.0,100.0,0.0016666666666666668,182.38392069298123,3.34055115676837,0.323,post-control
60000.0,100.0,0.0016666666666666668,182.45409534503702,3.325458540157326,0.323,post-control
60000.0,100.0,0.0016666666666666668,182.5242699970928,3.3103659235462812,0.323,post-control
60000.0,100.0,0.0016666666666666668,182.59444464914858,3.2952733069352367,0.323,post-control
60000.0,100.0,0.0016666666666666668,182.66461930120437,3.2801806903241926,0.323,post-control
60000.0,100.0,0.0016666666666666668,182.73479395326015,3.265088073713148,0.323,post-control
60000.0,100.0,0.0016666666666666668,182.80496860531593,3.2499954571021035,0.323,post-control
60000.0,100.0,0.0016666666666666668,182.87514325737172,3.2349028404910594,0.323,post-control
60000.0,100.0,0.0016666666666666668,182.9453179094275,3.219810223880015,0.323,post-control
60000.0,100.0,0.0016666666666666668,183.01549256148328,3.2047176072689703,0.323,post-control
60000.0,100.0,0.0016666666666666668,183.08566721353907,3.189624990657926,0.323,post-control
60000.0,100.0,0.0016666666666666668,183.15584186559485,3.1745323740468816,0.323,post-control
60000.0,100.0,0.0016666666666666668,183.22601651765063,3.159439757435837,0.323,post-control
60000.0,100.0,0.0016666666666666668,183.29619116970642,3.144347140824793,0.323,post-control
60000.0,100.0,0.0016666666666666668,183.35478702611306,3.1317448012358735,0.323,post-control
60000.0,100.0,0.0016666666666666668,183.3663658217622,3.129412285818237,0.323,post-control
60000.0,100.0,0.0016666666666666668,183.43654047381798,3.1152758019552103,0.323,post-control
60000.0,100.0,0.0016666666666666668,183.50671512587377,3.1011393180921836,0.323,post-control
60000.0,100.0,0.0016666666666666668,183.57688977792955,3.087002834229157,0.323,post-control
60000.0,100.0,0.0016666666666666668,183.64706442998533,3.07286635036613,0.323,post-control
60000.0,100.0,0.0016666666666666668,183.71723908204112,3.0587298665031035,0.323,post-control
60000.0,100.0,0.0016666666666666668,183.7874137340969,3.044593382640077,0.323,post-control
60000.0,100.0,0.0016666666666666668,183.85758838615268,3.03045689877705,0.323,post-control
60000.0,100.0,0.0016666666666666668,183.92776303820847,3.0163204149140235,0.323,post-control
60000.0,100.0,0.0016666666666666668,183.99793769026425,3.002183931050997,0.323,post-control
60000.0,100.0,0.0016666666666666668,184.06811234232003,2.98804744718797,0.323,post-control
60000.0,100.0,0.0016666666666666668,184.13828699437582,2.9739109633249434,0.323,post-control
60000.0,100.0,0.0016666666666666668,184.2084616464316,2.9597744794619167,0.323,post-control
60000.0,100.0,0.0016666666666666668,184.27863629848738,2.94563799559889,0.323,post-control
60000.0,100.0,0.0016666666666666668,184.34881095054317,2.9315015117358634,0.323,post-control
60000.0,100.0,0.0016666666666666668,184.35478702611306,2.9302976483267393,0.323,post-control
60000.0,100.0,0.0016666666666666668,184.41898560259895,2.918186141561796,0.323,post-control
60000.0,100.0,0.0016666666666666668,184.48916025465473,2.9049472066877815,0.323,post-control
60000.0,100.0,0.0016666666666666668,184.55933490671052,2.8917082718137674,0.323,post-control
60000.0,100.0,0.0016666666666666668,184.6295095587663,2.878469336939753,0.323,post-control
60000.0,100.0,0.0016666666666666668,184.69968421082208,2.8652304020657384,0.323,post-control
60000.0,100.0,0.0016666666666666668,184.76985886287787,2.8519914671917244,0.323,post-control
60000.0,100.0,0.0016666666666666668,184.84003351493365,2.83875253231771,0.323,post-control
60000.0,100.0,0.0016666666666666668,184.91020816698943,2.825513597443696,0.323,post-control
60000.0,100.0,0.0016666666666666668,184.98038281904522,2.8122746625696813,0.323,post-control
60000.0,100.0,0.0016666666666666668,185.050557471101,2.7990357276956668,0.323,post-control
60000.0,100.0,0.0016666666666666668,185.12073212315678,2.7857967928216527,0.323,post-control
60000.0,100.0,0.0016666666666666668,185.19090677521257,2.772557857947638,0.323,post-control
60000.0,100.0,0.0016666666666666668,185.26108142726835,2.7593189230736237,0.323,post-control
60000.0,100.0,0.0016666666666666668,185.33125607932413,2.7460799881996096,0.323,post-control
60000.0,100.0,0.0016666666666666668,185.35478702611306,2.7416407118664,0.323,post-control
60000.0,100.0,0.0016666666666666668,185.40143073137992,2.7334008899366418,0.323,post-control
60000.0,100.0,0.0016666666666666668,185.4716053834357,2.7210042196117996,0.323,post-control
60000.0,100.0,0.0016666666666666668,185.54178003549148,2.708607549286957,0.323,post-control
60000.0,100.0,0.0016666666666666668,185.61195468754727,2.6962108789621144,0.323,post-control
60000.0,100.0,0.0016666666666666668,185.68212933960305,2.683814208637272,0.323,post-control
60000.0,100.0,0.0016666666666666668,185.75230399165883,2.6714175383124292,0.323,post-control
60000.0,100.0,0.0016666666666666668,185.82247864371462,2.6590208679875866,0.323,post-control
60000.0,100.0,0.0016666666666666668,185.8926532957704,2.6466241976627445,0.323,post-control
60000.0,100.0,0.0016666666666666668,185.96282794782618,2.634227527337902,0.323,post-control
60000.0,100.0,0.0016666666666666668,186.03300259988197,2.6218308570130593,0.323,post-control
60000.0,100.0,0.0016666666666666668,186.10317725193775,2.6094341866882167,0.323,post-control
60000.0,100.0,0.0016666666666666668,186.17335190399353,2.597037516363374,0.323,post-control
60000.0,100.0,0.0016666666666666668,186.24352655604932,2.5846408460385315,0.323,post-control
60000.0,100.0,0.0016666666666666668,186.3137012081051,2.5722441757136894,0.323,post-control
60000.0,100.0,0.0016666666666666668,186.35478702611306,2.5649861797571685,0.323,post-control
60000.0,100.0,0.0016666666666666668,186.38387586016088,2.5601749384644785,0.323,post-control
60000.0,100.0,0.0016666666666666668,186.45405051221667,2.5485681761200056,0.323,post-control
60000.0,100.0,0.0016666666666666668,186.52422516427245,2.5369614137755323,0.323,post-control
60000.0,100.0,0.0016666666666666668,186.59439981632823,2.5253546514310594,0.323,post-control
60000.0,100.0,0.0016666666666666668,186.66457446838402,2.513747889086586,0.323,post-control
60000.0,100.0,0.0016666666666666668,186.7347491204398,2.502141126742113,0.323,post-control
60000.0,100.0,0.0016666666666666668,186.80492377249558,2.4905343643976403,0.323,post-control
60000.0,100.0,0.0016666666666666668,186.87509842455137,2.478927602053167,0.323,post-control
60000.0,100.0,0.0016666666666666668,186.94527307660715,2.467320839708694,0.323,post-control
60000.0,100.0,0.0016666666666666668,187.01544772866293,2.4557140773642208,0.323,post-control
60000.0,100.0,0.0016666666666666668,187.08562238071872,2.444107315019748,0.323,post-control
60000.0,100.0,0.0016666666666666668,187.1557970327745,2.432500552675275,0.323,post-control
60000.0,100.0,0.0016666666666666668,187.22597168483028,2.4208937903308017,0.323,post-control
60000.0,100.0,0.0016666666666666668,187.29614633688607,2.4092870279863288,0.323,post-control
60000.0,100.0,0.0016666666666666668,187.35478702611306,2.3995879625312875,0.323,post-control
60000.0,100.0,0.0016666666666666668,187.36632098894185,2.3978019713320635,0.323,post-control
60000.0,100.0,0.0016666666666666668,187.43649564099763,2.3869356877450065,0.323,post-control
60000.0,100.0,0.0016666666666666668,187.50667029305342,2.3760694041579495,0.323,post-control
60000.0,100.0,0.0016666666666666668,187.5768449451092,2.3652031205708925,0.323,post-control
60000.0,100.0,0.0016666666666666668,187.64701959716498,2.3543368369838356,0.323,post-control
60000.0,100.0,0.0016666666666666668,187.71719424922077,2.3434705533967786,0.323,post-control
60000.0,100.0,0.0016666666666666668,187.78736890127655,2.3326042698097216,0.323,post-control
60000.0,100.0,0.0016666666666666668,187.85754355333233,2.3217379862226646,0.323,post-control
60000.0,100.0,0.0016666666666666668,187.92771820538812,2.310871702635607,0.323,post-control
60000.0,100.0,0.0016666666666666668,187.9978928574439,2.30000541904855,0.323,post-control
60000.0,100.0,0.0016666666666666668,188.06806750949968,2.289139135461493,0.323,post-control
60000.0,100.0,0.0016666666666666668,188.13824216155547,2.278272851874436,0.323,post-control
60000.0,100.0,0.0016666666666666668,188.20841681361125,2.267406568287379,0.323,post-control
60000.0,100.0,0.0016666666666666668,188.27859146566703,2.256540284700322,0.323,post-control
60000.0,100.0,0.0016666666666666668,188.34876611772282,2.245674001113265,0.323,post-control
60000.0,100.0,0.0016666666666666668,188.35478702611306,2.244741685866899,0.323,post-control
60000.0,100.0,0.0016666666666666668,188.4189407697786,2.235442199035356,0.323,post-control
60000.0,100.0,0.0016666666666666668,188.48911542183438,2.2252699438338044,0.323,post-control
60000.0,100.0,0.0016666666666666668,188.55929007389017,2.215097688632252,0.323,post-control
60000.0,100.0,0.0016666666666666668,188.62946472594595,2.2049254334307,0.323,post-control
60000.0,100.0,0.0016666666666666668,188.69963937800173,2.194753178229148,0.323,post-control
60000.0,100.0,0.0016666666666666668,188.76981403005752,2.1845809230275957,0.323,post-control
60000.0,100.0,0.0016666666666666668,188.8399886821133,2.1744086678260435,0.323,post-control
60000.0,100.0,0.0016666666666666668,188.91016333416908,2.1642364126244913,0.323,post-control
60000.0,100.0,0.0016666666666666668,188.98033798622487,2.154064157422939,0.323,post-control
60000.0,100.0,0.0016666666666666668,189.05051263828065,2.143891902221387,0.323,post-control
60000.0,100.0,0.0016666666666666668,189.12068729033643,2.133719647019835,0.323,post-control
60000.0,100.0,0.0016666666666666668,189.19086194239222,2.123547391818283,0.323,post-control
60000.0,100.0,0.0016666666666666668,189.261036594448,2.113375136616731,0.323,post-control
60000.0,100.0,0.0016666666666666668,189.33121124650378,2.1032028814151786,0.323,post-control
60000.0,100.0,0.0016666666666666668,189.35478702611306,2.0997854245452756,0.323,post-control
60000.0,100.0,0.0016666666666666668,189.40138589855957,2.0934628235134194,0.323,post-control
60000.0,100.0,0.0016666666666666668,189.47156055061535,2.083941427303514,0.323,post-control
60000.0,100.0,0.0016666666666666668,189.54173520267113,2.074420031093609,0.323,post-control
60000.0,100.0,0.0016666666666666668,189.61190985472692,2.0648986348837037,0.323,post-control
60000.0,100.0,0.0016666666666666668,189.6820845067827,2.0553772386737985,0.323,post-control
60000.0,100.0,0.0016666666666666668,189.75225915883848,2.0458558424638937,0.323,post-control
60000.0,100.0,0.0016666666666666668,189.82243381089427,2.0363344462539885,0.323,post-control
60000.0,100.0,0.0016666666666666668,189.89260846295005,2.0268130500440833,0.323,post-control
60000.0,100.0,0.0016666666666666668,189.96278311500583,2.017291653834178,0.323,post-control
60000.0,100.0,0.0016666666666666668,190.03295776706162,2.007770257624273,0.323,post-control
60000.0,100.0,0.0016666666666666668,190.1031324191174,1.9982488614143676,0.323,post-control
60000.0,100.0,0.0016666666666666668,190.17330707117318,1.9887274652044624,0.323,post-control
60000.0,100.0,0.0016666666666666668,190.24348172322897,1.9792060689945572,0.323,post-control
60000.0,100.0,0.0016666666666666668,190.31365637528475,1.9696846727846522,0.323,post-control
60000.0,100.0,0.0016666666666666668,190.35478702611306,1.9641040078089815,0.323,post-control
60000.0,100.0,0.0016666666666666668,190.38383102734053,1.9604158121223911,0.323,post-control
60000.0,100.0,0.0016666666666666668,190.45400567939632,1.9515045795758477,0.323,post-control
60000.0,100.0,0.0016666666666666668,190.5241803314521,1.9425933470293044,0.323,post-control
60000.0,100.0,0.0016666666666666668,190.59435498350788,1.933682114482761,0.323,post-control
60000.0,100.0,0.0016666666666666668,190.66452963556367,1.9247708819362175,0.323,post-control
60000.0,100.0,0.0016666666666666668,190.73470428761945,1.9158596493896742,0.323,post-control
60000.0,100.0,0.0016666666666666668,190.80487893967523,1.9069484168431308,0.323,post-control
60000.0,100.0,0.0016666666666666668,190.87505359173102,1.8980371842965875,0.323,post-control
60000.0,100.0,0.0016666666666666668,190.9452282437868,1.889125951750044,0.323,post-control
60000.0,100.0,0.0016666666666666668,191.01540289584258,1.8802147192035008,0.323,post-control
60000.0,100.0,0.0016666666666666668,191.08557754789837,1.8713034866569573,0.323,post-control
60000.0,100.0,0.0016666666666666668,191.15575219995415,1.862392254110414,0.323,post-control
60000.0,100.0,0.0016666666666666668,191.22592685200993,1.8534810215638706,0.323,post-control
60000.0,100.0,0.0016666666666666668,191.29610150406572,1.8445697890173274,0.323,post-control
60000.0,100.0,0.0016666666666666668,191.35478702611306,1.837117520730148,0.323,post-control
60000.0,100.0,0.0016666666666666668,191.3662761561215,1.8357521521718525,0.323,post-control
60000.0,100.0,0.0016666666666666668,191.43645080817728,1.827412594395425,0.323,post-control
60000.0,100.0,0.0016666666666666668,191.50662546023307,1.8190730366189973,0.323,post-control
60000.0,100.0,0.0016666666666666668,191.57680011228885,1.81073347884257,0.323,post-control
60000.0,100.0,0.0016666666666666668,191.64697476434463,1.8023939210661424,0.323,post-control
60000.0,100.0,0.0016666666666666668,191.71714941640042,1.7940543632897148,0.323,post-control
60000.0,100.0,0.0016666666666666668,191.7873240684562,1.7857148055132872,0.323,post-control
60000.0,100.0,0.0016666666666666668,191.85749872051198,1.7773752477368596,0.323,post-control
60000.0,100.0,0.0016666666666666668,191.92767337256777,1.769035689960432,0.323,post-control
60000.0,100.0,0.0016666666666666668,191.99784802462355,1.7606961321840047,0.323,post-control
60000.0,100.0,0.0016666666666666668,192.06802267667933,1.752356574407577,0.323,post-control
60000.0,100.0,0.0016666666666666668,192.13819732873512,1.7440170166311495,0.323,post-control
60000.0,100.0,0.0016666666666666668,192.2083719807909,1.735677458854722,0.323,post-control
60000.0,100.0,0.0016666666666666668,192.27854663284668,1.7273379010782943,0.323,post-control
60000.0,100.0,0.0016666666666666668,192.34872128490247,1.7189983433018667,0.323,post-control
60000.0,100.0,0.0016666666666666668,192.35478702611306,1.7182774904326232,0.323,post-control
60000.0,100.0,0.0016666666666666668,192.41889593695825,1.7111478997139085,0.323,post-control
60000.0,100.0,0.0016666666666666668,192.48907058901403,1.7033437342493898,0.323,post-control
60000.0,100.0,0.0016666666666666668,192.55924524106982,1.695539568784871,0.323,post-control
60000.0,100.0,0.0016666666666666668,192.6294198931256,1.6877354033203524,0.323,post-control
60000.0,100.0,0.0016666666666666668,192.69959454518138,1.6799312378558338,0.323,post-control
60000.0,100.0,0.0016666666666666668,192.76976919723717,1.6721270723913153,0.323,post-control
60000.0,100.0,0.0016666666666666668,192.83994384929295,1.6643229069267966,0.323,post-control
60000.0,100.0,0.0016666666666666668,192.91011850134873,1.656518741462278,0.323,post-control
60000.0,100.0,0.0016666666666666668,192.98029315340452,1.6487145759977593,0.323,post-control
60000.0,100.0,0.0016666666666666668,193.0504678054603,1.6409104105332406,0.323,post-control
60000.0,100.0,0.0016666666666666668,193.12064245751608,1.633106245068722,0.323,post-control
60000.0,100.0,0.0016666666666666668,193.19081710957187,1.6253020796042035,0.323,post-control
60000.0,100.0,0.0016666666666666668,193.26099176162765,1.6174979141396848,0.323,post-control
60000.0,100.0,0.0016666666666666668,193.33116641368343,1.6096937486751661,0.323,post-control
60000.0,100.0,0.0016666666666666668,193.35478702611306,1.6070668860919712,0.323,post-control
60000.0,100.0,0.0016666666666666668,193.40134106573922,1.6022221605414106,0.323,post-control
60000.0,100.0,0.0016666666666666668,193.471515717795,1.5949193156637917,0.323,post-control
60000.0,100.0,0.0016666666666666668,193.54169036985078,1.5876164707861729,0.323,post-control
60000.0,100.0,0.0016666666666666668,193.61186502190657,1.580313625908554,0.323,post-control
60000.0,100.0,0.0016666666666666668,193.68203967396235,1.573010781030935,0.323,post-control
60000.0,100.0,0.0016666666666666668,193.75221432601813,1.5657079361533162,0.323,post-control
60000.0,100.0,0.0016666666666666668,193.82238897807392,1.5584050912756973,0.323,post-control
60000.0,100.0,0.0016666666666666668,193.8925636301297,1.5511022463980784,0.323,post-control
60000.0,100.0,0.0016666666666666668,193.96273828218548,1.5437994015204595,0.323,post-control
60000.0,100.0,0.0016666666666666668,194.0329129342413,1.5364965566428377,0.323,post-control
60000.0,100.0,0.0016666666666666668,194.10308758629708,1.5291937117652188,0.323,post-control
60000.0,100.0,0.0016666666666666668,194.17326223835286,1.5218908668876,0.323,post-control
60000.0,100.0,0.0016666666666666668,194.24343689040865,1.514588022009981,0.323,post-control
60000.0,100.0,0.0016666666666666668,194.31361154246443,1.507285177132362,0.323,post-control
60000.0,100.0,0.0016666666666666668,194.35478702611306,1.5030001801849195,0.323,post-control
60000.0,100.0,0.0016666666666666668,194.3837861945202,1.500176450595501,0.323,post-control
60000.0,100.0,0.0016666666666666668,194.453960846576,1.49334334977499,0.323,post-control
60000.0,100.0,0.0016666666666666668,194.52413549863178,1.4865102489544788,0.323,post-control
60000.0,100.0,0.0016666666666666668,194.59431015068756,1.479677148133968,0.323,post-control
60000.0,100.0,0.0016666666666666668,194.66448480274335,1.4728440473134568,0.323,post-control
60000.0,100.0,0.0016666666666666668,194.73465945479913,1.4660109464929456,0.323,post-control
60000.0,100.0,0.0016666666666666668,194.8048341068549,1.4591778456724347,0.323,post-control
60000.0,100.0,0.0016666666666666668,194.8750087589107,1.4523447448519236,0.323,post-control
60000.0,100.0,0.0016666666666666668,194.94518341096648,1.4455116440314124,0.323,post-control
60000.0,100.0,0.0016666666666666668,195.01535806302226,1.4386785432109013,0.323,post-control
60000.0,100.0,0.0016666666666666668,195.08553271507805,1.4318454423903904,0.323,post-control
60000.0,100.0,0.0016666666666666668,195.15570736713383,1.4250123415698792,0.323,post-control
60000.0,100.0,0.0016666666666666668,195.2258820191896,1.418179240749368,0.323,post-control
60000.0,100.0,0.0016666666666666668,195.2960566712454,1.4113461399288572,0.323,post-control
60000.0,100.0,0.0016666666666666668,195.35478702611306,1.4056274021185702,0.323,post-control
60000.0,100.0,0.0016666666666666668,195.36623132330118,1.404584818959873,0.323,post-control
60000.0,100.0,0.0016666666666666668,195.43640597535696,1.3981918610352282,0.323,post-control
60000.0,100.0,0.0016666666666666668,195.50658062741275,1.3917989031105835,0.323,post-control
60000.0,100.0,0.0016666666666666668,195.57675527946853,1.3854059451859386,0.323,post-control
60000.0,100.0,0.0016666666666666668,195.6469299315243,1.3790129872612937,0.323,post-control
60000.0,100.0,0.0016666666666666668,195.7171045835801,1.3726200293366488,0.323,post-control
60000.0,100.0,0.0016666666666666668,195.78727923563588,1.366227071412004,0.323,post-control
60000.0,100.0,0.0016666666666666668,195.85745388769166,1.359834113487359,0.323,post-control
60000.0,100.0,0.0016666666666666668,195.92762853974745,1.3534411555627142,0.323,post-control
60000.0,100.0,0.0016666666666666668,195.99780319180323,1.3470481976380695,0.323,post-control
60000.0,100.0,0.0016666666666666668,196.067977843859,1.3406552397134246,0.323,post-control
60000.0,100.0,0.0016666666666666668,196.1381524959148,1.3342622817887797,0.323,post-control
60000.0,100.0,0.0016666666666666668,196.20832714797058,1.3278693238641348,0.323,post-control
60000.0,100.0,0.0016666666666666668,196.27850180002636,1.32147636593949,0.323,post-control
60000.0,100.0,0.0016666666666666668,196.34867645208215,1.315083408014845,0.323,post-control
60000.0,100.0,0.0016666666666666668,196.35478702611306,1.3145267306173711,0.323,post-control
60000.0,100.0,0.0016666666666666668,196.41885110413793,1.3090667046251323,0.323,post-control
60000.0,100.0,0.0016666666666666668,196.4890257561937,1.3030858892285206,0.323,post-control
60000.0,100.0,0.0016666666666666668,196.5592004082495,1.2971050738319088,0.323,post-control
60000.0,100.0,0.0016666666666666668,196.62937506030528,1.2911242584352969,0.323,post-control
60000.0,100.0,0.0016666666666666668,196.69954971236106,1.285143443038685,0.323,post-control
60000.0,100.0,0.0016666666666666668,196.76972436441685,1.2791626276420733,0.323,post-control
60000.0,100.0,0.0016666666666666668,196.83989901647263,1.2731818122454615,0.323,post-control
60000.0,100.0,0.0016666666666666668,196.9100736685284,1.2672009968488496,0.323,post-control
60000.0,100.0,0.0016666666666666668,196.9802483205842,1.261220181452238,0.323,post-control
60000.0,100.0,0.0016666666666666668,197.05042297263998,1.255239366055626,0.323,post-control
60000.0,100.0,0.0016666666666666668,197.12059762469576,1.2492585506590141,0.323,post-control
60000.0,100.0,0.0016666666666666668,197.19077227675155,1.2432777352624023,0.323,post-control
60000.0,100.0,0.0016666666666666668,197.26094692880733,1.2372969198657906,0.323,post-control
60000.0,100.0,0.0016666666666666668,197.3311215808631,1.2313161044691787,0.323,post-control
60000.0,100.0,0.0016666666666666668,197.35478702611306,1.2292991559675168,0.323,post-control
60000.0,100.0,0.0016666666666666668,197.4012962329189,1.2255909443550546,0.323,post-control
60000.0,100.0,0.0016666666666666668,197.47147088497468,1.2199958702283316,0.323,post-control
60000.0,100.0,0.0016666666666666668,197.54164553703046,1.2144007961016083,0.323,post-control
60000.0,100.0,0.0016666666666666668,197.61182018908625,1.2088057219748853,0.323,post-control
60000.0,100.0,0.0016666666666666668,197.68199484114203,1.2032106478481621,0.323,post-control
60000.0,100.0,0.0016666666666666668,197.7521694931978,1.1976155737214391,0.323,post-control
60000.0,100.0,0.0016666666666666668,197.8223441452536,1.192020499594716,0.323,post-control
60000.0,100.0,0.0016666666666666668,197.89251879730938,1.186425425467993,0.323,post-control
60000.0,100.0,0.0016666666666666668,197.96269344936516,1.1808303513412697,0.323,post-control
60000.0,100.0,0.0016666666666666668,198.03286810142095,1.1752352772145467,0.323,post-control
60000.0,100.0,0.0016666666666666668,198.10304275347673,1.1696402030878237,0.323,post-control
60000.0,100.0,0.0016666666666666668,198.1732174055325,1.1640451289611005,0.323,post-control
60000.0,100.0,0.0016666666666666668,198.2433920575883,1.1584500548343775,0.323,post-control
60000.0,100.0,0.0016666666666666668,198.31356670964408,1.1528549807076542,0.323,post-control
60000.0,100.0,0.0016666666666666668,198.35478702611306,1.1495684560236759,0.323,post-control
60000.0,100.0,0.0016666666666666668,198.38374136169986,1.1474088402138747,0.323,post-control
60000.0,100.0,0.0016666666666666668,198.45391601375565,1.1421747263944564,0.323,post-control
60000.0,100.0,0.0016666666666666668,198.52409066581143,1.1369406125750379,0.323,post-control
60000.0,100.0,0.0016666666666666668,198.5942653178672,1.1317064987556194,0.323,post-control
60000.0,100.0,0.0016666666666666668,198.664439969923,1.126472384936201,0.323,post-control
60000.0,100.0,0.0016666666666666668,198.73461462197878,1.1212382711167825,0.323,post-control
60000.0,100.0,0.0016666666666666668,198.80478927403456,1.1160041572973642,0.323,post-control
60000.0,100.0,0.0016666666666666668,198.87496392609035,1.1107700434779457,0.323,post-control
60000.0,100.0,0.0016666666666666668,198.94513857814613,1.1055359296585274,0.323,post-control
60000.0,100.0,0.0016666666666666668,199.0153132302019,1.100301815839109,0.323,post-control
60000.0,100.0,0.0016666666666666668,199.0854878822577,1.0950677020196906,0.323,post-control
60000.0,100.0,0.0016666666666666668,199.15566253431348,1.089833588200272,0.323,post-control
60000.0,100.0,0.0016666666666666668,199.22583718636926,1.0845994743808538,0.323,post-control
60000.0,100.0,0.0016666666666666668,199.29601183842504,1.0793653605614353,0.323,post-control
60000.0,100.0,0.0016666666666666668,199.35478702611306,1.0749814981110424,0.323,post-control
60000.0,100.0,0.0016666666666666668,199.36618649048083,1.074186150571392,0.323,post-control
60000.0,100.0,0.0016666666666666668,199.4363611425366,1.0692900225553967,0.323,post-control
60000.0,100.0,0.0016666666666666668,199.5065357945924,1.0643938945394014,0.323,post-control
60000.0,100.0,0.0016666666666666668,199.57671044664818,1.059497766523406,0.323,post-control
60000.0,100.0,0.0016666666666666668,199.64688509870396,1.0546016385074106,0.323,post-control
60000.0,100.0,0.0016666666666666668,199.71705975075974,1.0497055104914153,0.323,post-control
60000.0,100.0,0.0016666666666666668,199.78723440281553,1.0448093824754199,0.323,post-control
60000.0,100.0,0.0016666666666666668,199.8574090548713,1.0399132544594245,0.323,post-control
60000.0,100.0,0.0016666666666666668,199.9275837069271,1.035017126443429,0.323,post-control
60000.0,100.0,0.0016666666666666668,199.99775835898288,1.0301209984274335,0.323,post-control
60000.0,100.0,0.0016666666666666668,200.06793301103866,1.0252248704114382,0.323,post-control
60000.0,100.0,0.0016666666666666668,200.13810766309444,1.0203287423954428,0.323,post-control
60000.0,100.0,0.0016666666666666668,200.20828231515023,1.0154326143794474,0.323,post-control
60000.0,100.0,0.0016666666666666668,200.278456967206,1.010536486363452,0.323,post-control
60000.0,100.0,0.0016666666666666668,200.3486316192618,1.0056403583474567,0.323,post-control
60000.0,100.0,0.0016666666666666668,200.35478702611306,1.0052108918798444,0.323,post-control
60000.0,100.0,0.0016666666666666668,200.41880627131758,1.000902881622873,0.323,post-control
60000.0,100.0,0.0016666666666666668,200.43217287170913,1.0000034106684177,0.323,post-control
60000.0,100.0,0.0016666666666666668,200.48898092337336,,0.323,post-control
60000.0,100.0,0.0016666666666666668,200.55915557542914,,0.323,post-control
60000.0,100.0,0.0016666666666666668,200.62933022748493,,0.323,post-control
60000.0,100.0,0.0016666666666666668,200.6995048795407,,0.323,post-control
60000.0,100.0,0.0016666666666666668,200.7696795315965,,0.323,post-control
60000.0,100.0,0.0016666666666666668,200.83985418365228,,0.323,post-control
60000.0,100.0,0.0016666666666666668,200.91002883570806,,0.323,post-control
60000.0,100.0,0.0016666666666666668,200.98020348776384,,0.323,post-control
60000.0,100.0,0.0016666666666666668,201.05037813981963,,0.323,post-control
60000.0,100.0,0.0016666666666666668,201.1205527918754,,0.323,post-control
60000.0,100.0,0.0016666666666666668,201.1907274439312,,0.323,post-control
60000.0,100.0,0.0016666666666666668,201.26090209598698,,0.323,post-control
60000.0,100.0,0.0016666666666666668,201.33107674804276,,0.323,post-control
60000.0,100.0,0.0016666666666666668,201.40125140009854,,0.323,post-control
60000.0,100.0,0.0016666666666666668,201.47142605215433,,0.323,post-control
60000.0,100.0,0.0016666666666666668,201.5416007042101,,0.323,post-control
60000.0,100.0,0.0016666666666666668,201.6117753562659,,0.323,post-control
60000.0,100.0,0.0016666666666666668,201.68195000832168,,0.323,post-control
60000.0,100.0,0.0016666666666666668,201.75212466037746,,0.323,post-control
60000.0,100.0,0.0016666666666666668,201.82229931243324,,0.323,post-control
60000.0,100.0,0.0016666666666666668,201.89247396448903,,0.323,post-control
60000.0,100.0,0.0016666666666666668,201.9626486165448,,0.323,post-control
60000.0,100.0,0.0016666666666666668,202.0328232686006,,0.323,post-control
60000.0,100.0,0.0016666666666666668,202.10299792065638,,0.323,post-control
60000.0,100.0,0.0016666666666666668,202.17317257271216,,0.323,post-control
60000.0,100.0,0.0016666666666666668,202.24334722476794,,0.323,post-control
60000.0,100.0,0.0016666666666666668,202.31352187682373,,0.323,post-control
60000.0,100.0,0.0016666666666666668,202.3836965288795,,0.323,post-control
60000.0,100.0,0.0016666666666666668,202.4538711809353,,0.323,post-control
60000.0,100.0,0.0016666666666666668,202.52404583299108,,0.323,post-control
60000.0,100.0,0.0016666666666666668,202.59422048504686,,0.323,post-control
60000.0,100.0,0.0016666666666666668,202.66439513710264,,0.323,post-control
60000.0,100.0,0.0016666666666666668,202.73456978915843,,0.323,post-control
60000.0,100.0,0.0016666666666666668,202.8047444412142,,0.323,post-control
60000.0,100.0,0.0016666666666666668,202.87491909327,,0.323,post-control
60000.0,100.0,0.0016666666666666668,202.94509374532578,,0.323,post-control
60000.0,100.0,0.0016666666666666668,203.01526839738156,,0.323,post-control
60000.0,100.0,0.0016666666666666668,203.08544304943734,,0.323,post-control
60000.0,100.0,0.0016666666666666668,203.15561770149313,,0.323,post-control
60000.0,100.0,0.0016666666666666668,203.2257923535489,,0.323,post-control
60000.0,100.0,0.0016666666666666668,203.2959670056047,,0.323,post-control
60000.0,100.0,0.0016666666666666668,203.36614165766048,,0.323,post-control
60000.0,100.0,0.0016666666666666668,203.43631630971626,,0.323,post-control
60000.0,100.0,0.0016666666666666668,203.50649096177204,,0.323,post-control
60000.0,100.0,0.0016666666666666668,203.57666561382783,,0.323,post-control
60000.0,100.0,0.0016666666666666668,203.6468402658836,,0.323,post-control
60000.0,100.0,0.0016666666666666668,203.7170149179394,,0.323,post-control
60000.0,100.0,0.0016666666666666668,203.78718956999518,,0.323,post-control
60000.0,100.0,0.0016666666666666668,203.85736422205096,,0.323,post-control
60000.0,100.0,0.0016666666666666668,203.92753887410674,,0.323,post-control
60000.0,100.0,0.0016666666666666668,203.99771352616253,,0.323,post-control
60000.0,100.0,0.0016666666666666668,204.0678881782183,,0.323,post-control
60000.0,100.0,0.0016666666666666668,204.1380628302741,,0.323,post-control
60000.0,100.0,0.0016666666666666668,204.20823748232988,,0.323,post-control
60000.0,100.0,0.0016666666666666668,204.27841213438566,,0.323,post-control
60000.0,100.0,0.0016666666666666668,204.34858678644144,,0.323,post-control
60000.0,100.0,0.0016666666666666668,204.41876143849723,,0.323,post-control
60000.0,100.0,0.0016666666666666668,204.488936090553,,0.323,post-control
60000.0,100.0,0.0016666666666666668,204.5591107426088,,0.323,post-control
60000.0,100.0,0.0016666666666666668,204.62928539466458,,0.323,post-control
60000.0,100.0,0.0016666666666666668,204.69946004672036,,0.323,post-control
60000.0,100.0,0.0016666666666666668,204.76963469877614,,0.323,post-control
60000.0,100.0,0.0016666666666666668,204.83980935083193,,0.323,post-control
60000.0,100.0,0.0016666666666666668,204.9099840028877,,0.323,post-control
60000.0,100.0,0.0016666666666666668,204.9801586549435,,0.323,post-control
60000.0,100.0,0.0016666666666666668,205.05033330699928,,0.323,post-control
60000.0,100.0,0.0016666666666666668,205.12050795905506,,0.323,post-control
60000.0,100.0,0.0016666666666666668,205.19068261111084,,0.323,post-control
60000.0,100.0,0.0016666666666666668,205.26085726316663,,0.323,post-control
60000.0,100.0,0.0016666666666666668,205.3310319152224,,0.323,post-control
60000.0,100.0,0.0016666666666666668,205.4012065672782,,0.323,post-control
60000.0,100.0,0.0016666666666666668,205.47138121933398,,0.323,post-control
60000.0,100.0,0.0016666666666666668,205.54155587138976,,0.323,post-control
60000.0,100.0,0.0016666666666666668,205.61173052344554,,0.323,post-control
60000.0,100.0,0.0016666666666666668,205.68190517550133,,0.323,post-control
60000.0,100.0,0.0016666666666666668,205.7520798275571,,0.323,post-control
60000.0,100.0,0.0016666666666666668,205.8222544796129,,0.323,post-control
60000.0,100.0,0.0016666666666666668,205.89242913166868,,0.323,post-control
60000.0,100.0,0.0016666666666666668,205.96260378372446,,0.323,post-control
60000.0,100.0,0.0016666666666666668,206.03277843578024,,0.323,post-control
60000.0,100.0,0.0016666666666666668,206.10295308783603,,0.323,post-control
60000.0,100.0,0.0016666666666666668,206.1731277398918,,0.323,post-control
60000.0,100.0,0.0016666666666666668,206.2433023919476,,0.323,post-control
60000.0,100.0,0.0016666666666666668,206.31347704400338,,0.323,post-control
60000.0,100.0,0.0016666666666666668,206.38365169605916,,0.323,post-control
60000.0,100.0,0.0016666666666666668,206.45382634811494,,0.323,post-control
60000.0,100.0,0.0016666666666666668,206.52400100017073,,0.323,post-control
60000.0,100.0,0.0016666666666666668,206.5941756522265,,0.323,post-control
60000.0,100.0,0.0016666666666666668,206.6643503042823,,0.323,post-control
60000.0,100.0,0.0016666666666666668,206.73452495633808,,0.323,post-control
60000.0,100.0,0.0016666666666666668,206.80469960839386,,0.323,post-control
60000.0,100.0,0.0016666666666666668,206.87487426044964,,0.323,post-control
60000.0,100.0,0.0016666666666666668,206.94504891250543,,0.323,post-control
60000.0,100.0,0.0016666666666666668,207.0152235645612,,0.323,post-control
60000.0,100.0,0.0016666666666666668,207.085398216617,,0.323,post-control
60000.0,100.0,0.0016666666666666668,207.15557286867278,,0.323,post-control
60000.0,100.0,0.0016666666666666668,207.22574752072856,,0.323,post-control
60000.0,100.0,0.0016666666666666668,207.29592217278434,,0.323,post-control
60000.0,100.0,0.0016666666666666668,207.36609682484013,,0.323,post-control
60000.0,100.0,0.0016666666666666668,207.4362714768959,,0.323,post-control
60000.0,100.0,0.0016666666666666668,207.5064461289517,,0.323,post-control
60000.0,100.0,0.0016666666666666668,207.57662078100748,,0.323,post-control
60000.0,100.0,0.0016666666666666668,207.64679543306326,,0.323,post-control
60000.0,100.0,0.0016666666666666668,207.71697008511904,,0.323,post-control
60000.0,100.0,0.0016666666666666668,207.78714473717483,,0.323,post-control
60000.0,100.0,0.0016666666666666668,207.8573193892306,,0.323,post-control
60000.0,100.0,0.0016666666666666668,207.9274940412864,,0.323,post-control
60000.0,100.0,0.0016666666666666668,207.99766869334218,,0.323,post-control
60000.0,100.0,0.0016666666666666668,208.06784334539796,,0.323,post-control
60000.0,100.0,0.0016666666666666668,208.13801799745374,,0.323,post-control
60000.0,100.0,0.0016666666666666668,208.20819264950953,,0.323,post-control
60000.0,100.0,0.0016666666666666668,208.2783673015653,,0.323,post-control
60000.0,100.0,0.0016666666666666668,208.3485419536211,,0.323,post-control
60000.0,100.0,0.0016666666666666668,208.4187166056769,,0.323,post-control
60000.0,100.0,0.0016666666666666668,208.4888912577327,,0.323,post-control
60000.0,100.0,0.0016666666666666668,208.55906590978847,,0.323,post-control
60000.0,100.0,0.0016666666666666668,208.62924056184426,,0.323,post-control
60000.0,100.0,0.0016666666666666668,208.69941521390004,,0.323,post-control
60000.0,100.0,0.0016666666666666668,208.76958986595582,,0.323,post-control
60000.0,100.0,0.0016666666666666668,208.8397645180116,,0.323,post-control
60000.0,100.0,0.0016666666666666668,208.9099391700674,,0.323,post-control
60000.0,100.0,0.0016666666666666668,208.98011382212317,,0.323,post-control
60000.0,100.0,0.0016666666666666668,209.05028847417896,,0.323,post-control
60000.0,100.0,0.0016666666666666668,209.12046312623474,,0.323,post-control
60000.0,100.0,0.0016666666666666668,209.19063777829052,,0.323,post-control
60000.0,100.0,0.0016666666666666668,209.2608124303463,,0.323,post-control
60000.0,100.0,0.0016666666666666668,209.3309870824021,,0.323,post-control
60000.0,100.0,0.0016666666666666668,209.40116173445787,,0.323,post-control
60000.0,100.0,0.0016666666666666668,209.47133638651366,,0.323,post-control
60000.0,100.0,0.0016666666666666668,209.54151103856944,,0.323,post-control
60000.0,100.0,0.0016666666666666668,209.61168569062522,,0.323,post-control
60000.0,100.0,0.0016666666666666668,209.681860342681,,0.323,post-control
60000.0,100.0,0.0016666666666666668,209.7520349947368,,0.323,post-control
60000.0,100.0,0.0016666666666666668,209.82220964679257,,0.323,post-control
60000.0,100.0,0.0016666666666666668,209.89238429884836,,0.323,post-control
60000.0,100.0,0.0016666666666666668,209.96255895090414,,0.323,post-control
60000.0,100.0,0.0016666666666666668,210.03273360295992,,0.323,post-control
60000.0,100.0,0.0016666666666666668,210.1029082550157,,0.323,post-control
60000.0,100.0,0.0016666666666666668,210.1730829070715,,0.323,post-control
60000.0,100.0,0.0016666666666666668,210.24325755912727,,0.323,post-control
60000.0,100.0,0.0016666666666666668,210.31343221118306,,0.323,post-control
60000.0,100.0,0.0016666666666666668,210.38360686323884,,0.323,post-control
60000.0,100.0,0.0016666666666666668,210.4537815152946,,0.323,post-control
