strategy,t,S,I,Sq,Iq,R,Cc,Cq,J_c,J_q,J,c,q,Rt
常规控制,0,36299.93784739128,0.0010065918886718701,0,0,0,0,0,0,0,0,12.8872,0.32300000000000001,4.4258387974211475
常规控制,0.020260733830212575,36299.937734693362,0.0010274366721147868,7.2920425948825581e-05,1.2802437285126377e-05,6.1302703708790172e-06,2.6929361473970306e-05,1.284812962495185e-05,0,0,0,12.8872,0.32300000000000001,4.4258387836805504
常规控制,0.040521467660425151,36299.937619661665,0.0010487131150157196,0.00014735090802512943,2.5778728312247757e-05,1.2478750708309479e-05,5.4416383531703245e-05,2.5962321832703326e-05,0,0,0,12.8872,0.32300000000000001,4.4258387696554093
常规控制,0.060782201490637726,36299.937502247863,0.0010704301562927602,0.00022332271687297819,3.8933123859153377e-05,1.9049309194909812e-05,8.2472614356943403e-05,3.9348086318009967e-05,0,0,0,12.8872,0.32300000000000001,4.4258387553398322
常规控制,0.081042935320850301,36299.937382402619,0.0010925969199735257,0.00030086777069747732,5.226995809227862e-05,2.5845898754336234e-05,0.00011110984127637882,5.3011046871891322e-05,0,0,0,12.8872,0.32300000000000001,4.4258387407278041
常规控制,0.10130366915106287,36299.937260075589,0.001115222719027739,0.00038001864867214901,6.5793650326272907e-05,3.2872558772744498e-05,0.00014034009571095772,6.6956943743928248e-05,0,0,0,12.8872,0.32300000000000001,4.4258387258131862
常规控制,0.12156440298127545,36299.937135215383,0.0011383170592802632,0.00046080860462773378,7.950870682026303e-05,4.0133416856623571e-05,0.00017017565823113418,8.119163605414535e-05,0,0,0,12.8872,0.32300000000000001,4.4258387105897121
常规控制,0.14182513681148803,36299.937007769528,0.0011618896434055829,0.00054327158102592888,9.3419722611271433e-05,4.7632690627454423e-05,0.00020062906371734086,9.5721104255097652e-05,0,0,0,12.8872,0.32300000000000001,4.4258386950509854
常规控制,0.1620858706417006,36299.936877684493,0.0011859503750042369,0.00062744222321981522,0.00010753138338501866,5.5374689553419032e-05,0.00023171310662633467,0.00011055145264446982,0,0,0,12.8872,0.32300000000000001,4.4258386791904796
常规控制,0.18234660447191317,36299.936744905623,0.0012105093627617822,0.00071335589400299104,0.0001218484673843739,6.3363816818419607e-05,0.00026344084636416174,0.00012568891192854388,0,0,0,12.8872,0.32300000000000001,4.4258386630015298
常规控制,0.20260733830212574,36299.936609377139,0.001235576924696388,0.00080104868846876546,0.00013637584735824311,7.1604571231163527e-05,0.00029582561277362697,0.00014113984184029756,0,0,0,12.8872,0.32300000000000001,4.4258386464773354
常规控制,0.22286807213233834,36299.936471042085,0.0012611635924943858,0.00089055744917704164,0.00015111849255058495,8.0101549174007035e-05,0.00032888101173539212,0.00015691073381171581,0,0,0,12.8872,0.32300000000000001,4.4258386296109524
常规控制,0.2431288059625509,36299.936329842349,0.0012872801159374506,0.00098191978164174757,0.00016608147073123489,8.8859446593216466e-05,0.00036262093088745172,0.00017300821370258028,0,0,0,12.8872,0.32300000000000001,4.425838612395296
常规控制,0.26338953979276347,36299.936185718616,0.0013139374674152307,0.001075174070117198,0.00018126995026571493,9.7883061027857245e-05,0.00039705954545500371,0.00018943904458192928,0,0,0,12.8872,0.32300000000000001,4.4258385948231336
常规控制,0.28365027362297607,36299.936038610329,0.0013411468465331607,0.0011703594937174191,0.00019668920222847306,0.00010717729368170165,0.00043221132420328211,0.00020621012956818321,0,0,0,12.8872,0.32300000000000001,4.4258385768870818
常规控制,0.30391100745318861,36299.935888455686,0.0013689196848192373,0.0012675160428816819,0.00021234460256128402,0.00011674715153986438,0.00046809103551824532,0.00022332851473027049,0,0,0,12.8872,0.32300000000000001,4.4258385585796054
常规控制,0.3241717412834012,36299.935735191597,0.0013972676505298108,0.0013666845361864131,0.00022824163427683254,0.00012659774953018653,0.00050471375361517835,0.00024080139204978208,0,0,0,12.8872,0.32300000000000001,4.4258385398930127
常规控制,0.3444324751136138,36299.935578753677,0.0014262026535544351,0.0014679066375036362,0.00024438588970749996,0.00013673431272938802,0.00054209486487527005,0.00025863610244418342,0,0,0,12.8872,0.32300000000000001,4.4258385208194531
常规控制,0.36469320894382634,36299.935419076195,0.0014557368504198207,0.001571224873506114,0.00026078307279937845,0.00014716217861400973,0.00058025007431022685,0.00027684013885111251,0,0,0,12.8872,0.32300000000000001,4.4258385013509134
常规控制,0.38495394277403894,36299.935256092067,0.0014858826493929457,0.0016766826515193548,0.00027743900145153197,0.00015788679935616499,0.00061919541215497932,0.00029542114937379364,0,0,0,12.8872,0.32300000000000001,4.4258384814792127
常规控制,0.40521467660425148,36299.935089732819,0.0015166527156833612,0.0017843242777206409,0.00029435960990052776,0.00016891374416412155,0.00065894724058854735,0.00031438694048759345,0,0,0,12.8872,0.32300000000000001,4.4258384611960047
常规控制,0.42547541043446407,36299.934919928564,0.0015480599767656563,0.0018941949757583971,0.00031155095115981184,0.00018024870167717449,0.00069952226061013336,0.00033374548032063964,0,0,0,12.8872,0.32300000000000001,4.4258384404927664
常规控制,0.44573614426467667,36299.934746607956,0.001580117627838719,0.002006340905850116,0.00032901919952153151,0.00019189748242232212,0.00074093751909194597,0.00035350490201875709,0,0,0,12.8872,0.32300000000000001,4.4258384193608
常规控制,0.46599687809488921,36299.934569698176,0.0016128391373470509,0.002120809184097355,0.00034677065308665934,0.00020386602129900033,0.00078321041591218924,0.00037367350714865167,0,0,0,12.8872,0.32300000000000001,4.4258383977912263
常规控制,0.48625761192510181,36299.934389124894,0.0016462382526450838,0.002237647902301001,0.00036481173636040065,0.00021616038012842067,0.00082635871127279773,0.00039425976918923753,0,0,0,12.8872,0.32300000000000001,4.4258383757749842
常规控制,0.5065183457553144,36299.934204812263,0.0016803290057656251,0.002356906148140798,0.00038314900289512441,0.00022878675024996131,0.0008704005331516949,0.0004152723370871458,0,0,0,12.8872,0.32300000000000001,4.4258383533028249
常规控制,0.52677907958552694,36299.934016682833,0.0017151257193145199,0.0024786340257964205,0.00040178913799091004,0.00024175145517458179,0.00091535438491811166,0.00043672003889003001,0,0,0,12.8872,0.32300000000000001,4.4258383303653046
常规控制,0.54703981341573948,36299.933824657564,0.0017506430124917818,0.0026028826770109585,0.00042073896145382528,0.00025506095329537476,0.00096123915311128821,0.00045861188545782332,0,0,0,12.8872,0.32300000000000001,4.4258383069527882
常规控制,0.56730054724595214,36299.933628655788,0.0017868958072390054,0.0027297043025961841,0.00044000543041185051,0.00026872184065517072,0.0010080741153823236,0.00048095707425183277,0,0,0,12.8872,0.32300000000000001,4.4258382830554401
常规控制,0.58756128107616468,36299.933428595155,0.0018238993345128813,0.0028591521843789433,0.00045959564218836778,0.00028274085377111318,0.001055878948598933,0.00050376499320155927,0,0,0,12.8872,0.32300000000000001,4.4258382586632186
常规控制,0.60782201490637722,36299.933224391614,0.0018616691406846294,0.0029912807075880496,0.00047951683723313068,0.0002971248725161204,0.001104673737112881,0.00052704522464912956,0,0,0,12.8872,0.32300000000000001,4.4258382337658766
常规控制,0.62808274873658987,36299.933015959366,0.0019002210940651614,0.0031261453836810204,0.00049977640211063099,0.0003118809230571503,0.0011544789811898464,0.00055080754937122662,0,0,0,12.8872,0.32300000000000001,4.4258382083529542
常规控制,0.64834348256680241,36299.932803210853,0.0019395713915557977,0.0032638028736100134,0.00052038187254577889,0.00032701618085018527,0.0012053156056014869,0.00057506195067840522,0,0,0,12.8872,0.32300000000000001,4.4258381824137736
常规控制,0.66860421639701495,36299.932586056682,0.0019797365654322034,0.0034043110115538292,0.00054134093653040408,0.00034253797369540053,0.0012572049683896155,0.00059981861859652286,0,0,0,12.8872,0.32300000000000001,4.4258381559374387
常规控制,0.6888649502272276,36299.932364405628,0.0020207334903614795,0.0035477288294655245,0.00056266143753622882,0.00035845378489762607,0.0013101688699315855,0.00062508795419187935,0,0,0,12.8872,0.32300000000000001,4.4258381289128232
常规控制,0.70912568405744014,36299.932138164564,0.0020625793904571702,0.0036941165817526893,0.00058435137774512185,0.00037477125644396798,0.0013642295620546621,0.00065088057391972831,0,0,0,12.8872,0.32300000000000001,4.4258381013285755
常规控制,0.72938641788765268,36299.931907238439,0.0021052918465152923,0.0038435357705909655,0.00060641892136201084,0.00039149819226318746,0.0014194097573842562,0.00067720731408436484,0,0,0,12.8872,0.32300000000000001,4.4258380731731064
常规控制,0.74964715171786533,36299.931671530234,0.0021488888033959338,0.0039960491717468309,0.00062887239799425717,0.00040864256155083781,0.0014757326388802202,0.00070407923538893873,0,0,0,12.8872,0.32300000000000001,4.4258380444345855
常规控制,0.76990788554807787,36299.931430940924,0.0021933885775558722,0.0041517208609286645,0.0006517203060999819,0.00042621250216261366,0.0015332218695682464,0.00073150762757835154,0,0,0,12.8872,0.32300000000000001,4.4258380151009398
常规控制,0.79016861937829042,36299.931185369423,0.0022388098647458587,0.0043106162407138774,0.00067497131651158139,0.000444216324082076,0.0015919016024839958,0.00075950401418365028,0,0,0,12.8872,0.32300000000000001,4.4258379851598448
常规控制,0.81042935320850296,36299.930934712567,0.0022851717478721677,0.0044728020680506785,0.00069863427603424706,0.0004626625129625705,0.0016517964908294466,0.00078808015736766895,0,0,0,12.8872,0.32300000000000001,4.4258379545987232
常规控制,0.83069008703871561,36299.930678865043,0.0023324937050220244,0.004638346482333122,0.00072271821111931226,0.00048155973374316237,0.0017129316983409495,0.00081724806287167989,0,0,0,12.8872,0.32300000000000001,4.4258379234047327
常规控制,0.85095082086892815,36299.930417719355,0.0023807956176524997,0.0048073190340480335,0.00074723233161224343,0.00050091683433840643,0.001775332909868476,0.00084701998506280407,0,0,0,12.8872,0.32300000000000001,4.4258378915647683
常规控制,0.87121155469914069,36299.930151165798,0.0024300977789424938,0.0049797907139924342,0.00077218603457509811,0.000520742849401774,0.0018390263421655551,0.00087740843208194204,0,0,0,12.8872,0.32300000000000001,4.4258378590654539
常规控制,0.89147228852935334,36299.929879092371,0.002480420902307396,0.0051558339830600668,0.00079758890818326428,0.00054104700416255822,0.0019040387548893735,0.00090842617109197635,0,0,0,12.8872,0.32300000000000001,4.4258378258931366
常规控制,0.91173302235956588,36299.929601384785,0.0025317861300760327,0.0053355228025956467,0.00082345073569630356,0.00056183871833607416,0.0019703974618105386,0.00094008623362600323,0,0,0,12.8872,0.32300000000000001,4.4258377920338763
常规控制,0.93199375618977842,36299.929317926355,0.0025842150423395576,0.0055189326653506086,0.00084978149950730962,0.00058312761011151764,0.0020381303422449711,0.00097240192104154481,0,0,0,12.8872,0.32300000000000001,4.4258377574734498
常规控制,0.95225449001999107,36299.929028597988,0.0026377296661361993,0.005706140627613791,0.00087659138534567011,0.00060492350029147301,0.0021072658529196972,0.0010053868101817761,0,0,0,12.8872,0.32300000000000001,4.4258377221973371
常规控制,0.97251522385020361,36299.928733278139,0.0026923524846516086,0.0058972253413966573,0.0009038907864869143,0.00062723641643849923,0.0021778330398587887,0.0010390547590463648,0,0,0,12.8872,0.32300000000000001,4.425837686190718
常规控制,0.99277595768041615,36299.928431842731,0.0027481064466567048,0.0060922670874493821,0.0009316903080710307,0.00065007659712896517,0.0022498615505761313,0.001073419912608701,0,0,0,12.8872,0.32300000000000001,4.4258376494384644
常规控制,1,36299.928322861801,0.0027682637289868405,0.0061627824626163631,0.00094172533336960972,0.00065834984522821882,0.0022759027318039653,0.0010858442871088348,0,0,0,12.8872,0.32300000000000001,4.4258376361510576
常规控制,1.0130366915106288,36299.928124165119,0.0028050149761477288,0.0062913478089843084,0.00096000077151312706,0.00067345449629820238,0.002323381646529427,0.0011084967087577624,0,0,0,12.8872,0.32300000000000001,4.425837611925135
常规控制,1.0332974253408413,36299.927810116038,0.0028631019821763301,0.0064945511460641871,0.00098883321900087315,0.00069738078767147757,0.0023984242158197008,0.0011442998843571104,0,0,0,12.8872,0.32300000000000001,4.4258375736349702
常规控制,1.0535581591710539,36299.927489563546,0.0029223918688958809,0.0067019624707468344,0.0010181989180906936,0.00072186636929260934,0.0024750207861701516,0.0011808444814371628,0,0,0,12.8872,0.32300000000000001,4.4258375345518823
常规控制,1.0738188930012664,36299.927162372966,0.002982909545823365,0.0069136689229839397,0.0010481093664024132,0.00074692236814993416,0.0025532035381835012,0.0012181458535203415,0,0,0,12.8872,0.32300000000000001,4.4258374946594516
常规控制,1.094079626831479,36299.926828406838,0.0030446804383162103,0.0071297594472717954,0.0010785762964120652,0.00077256014489933715,0.0026330053188770375,0.0012562196720787052,0,0,0,12.8872,0.32300000000000001,4.4258374539409182
常规控制,1.1143403606616917,36299.926487524863,0.0031077304982634188,0.0073503248300517011,0.0011096116803425724,0.00079879129868405479,0.0027144596554945048,0.001295081933123671,0,0,0,12.8872,0.32300000000000001,4.4258374123791748
常规控制,1.1346010944919043,36299.926139583811,0.0031720862149903547,0.0075754577378578086,0.0011412277351520047,0.00082562767205096122,0.0027976007695940217,0.0013347489639274289,0,0,0,12.8872,0.32300000000000001,4.4258373699567599
常规控制,1.1548618283221168,36299.925784437502,0.0032377746263765605,0.007805252756210173,0.0011734369276191251,0.00085308135596305016,0.0028824635914112082,0.0013752374298756581,0,0,0,12.8872,0.32300000000000001,4.4258373266558513
常规控制,1.1751225621523294,36299.925421936736,0.0033048233301859378,0.0080398064292507513,0.0012062519795259271,0.00088116469490781969,0.0029690837744966712,0.0014165643414511446,0,0,0,12.8872,0.32300000000000001,4.4258372824582564
常规控制,1.1953832959825419,36299.925051929211,0.0033732604956086764,0.0082792173001201199,0.001239685872936877,0.00090989029210127416,0.0030574977106270474,0.0014587470613479118,0,0,0,12.8872,0.32300000000000001,4.425837237345406
常规控制,1.2156440298127544,36299.92467425947,0.0034431148751641553,0.0085235859525969893,0.0012737518556430391,0.00093927101485490592,0.0031477425451823865,0.0015018033118078451,0,0,0,12.8872,0.32300000000000001,4.4258371912983465
常规控制,1.2359047636429672,36299.924288768852,0.0035144158168883815,0.0087730150537331051,0.0013084634467361649,0.00096932000007115464,0.0032398561928911342,0.001545751182132698,0,0,0,12.8872,0.32300000000000001,4.4258371442977333
常规控制,1.2561654974731797,36299.923895295397,0.0035871932765231761,0.0090276093964942565,0.0013438344421835464,0.0010000506597396882,0.0033338773535773647,0.0015906091361971772,0,0,0,12.8872,0.32300000000000001,4.4258370963238205
常规控制,1.2764262313033923,36299.923493673785,0.0036614778301488423,0.0092874759439527128,0.0013798789206054503,0.0010314766866339111,0.0034298455284809582,0.0016363960202353766,0,0,0,12.8872,0.32300000000000001,4.4258370473564499
常规控制,1.2966869651336048,36299.923083735295,0.0037373006870056514,0.0095527238741402037,0.0014166112491387844,0.0010636120600927366,0.0035278010368217094,0.0016831310707435933,0,0,0,12.8872,0.32300000000000001,4.4258369973750513
常规控制,1.3169476989638174,36299.922665307698,0.0038146937026008795,0.0098234646258998099,0.0014540460894311917,0.0010964710519312936,0.0036277850327323417,0.0017308339225591532,0,0,0,12.8872,0.32300000000000001,4.4258369463586247
常规控制,1.3372084327940299,36299.922238215193,0.0038936893921006689,0.010099811945734284,0.0014921984037652419,0.0011300682324802368,0.0037298395225594848,0.001779524617114792,0,0,0,12.8872,0.32300000000000001,4.4258368942857373
常规控制,1.3574691666242424,36299.921802278353,0.0039743209440057702,0.010381881935647432,0.0015310834613122867,0.001164418476753236,0.0038340073825314084,0.001829223610868014,0,0,0,12.8872,0.32300000000000001,4.4258368411345117
常规控制,1.3777299004544552,36299.921357314015,0.0040566222341102288,0.010669793101975319,0.0015707168445155534,0.001199536970742216,0.0039403323767912774,0.0018799517839048496,0,0,0,12.8872,0.32300000000000001,4.4258367868826163
常规控制,1.3979906342846677,36299.920903135251,0.0041406278397420511,0.010963666405203954,0.0016111144556020379,0.0012354392178399239,0.0040488591757947192,0.0019317304487174226,0,0,0,12.8872,0.32300000000000001,4.4258367315072595
常规控制,1.4182513681148803,36299.920439551235,0.0042263730542849379,0.011263625310770161,0.0016522925232227768,0.0012721410453893944,0.0041596333750704853,0.0019845813591547524,0,0,0,12.8872,0.32300000000000001,4.4258366749851765
常规控制,1.4385121019450928,36299.919966367204,0.0043138939019801096,0.011569795840842351,0.0016942676092210559,0.0013096586113598874,0.0042727015143429773,0.0020385267195462066,0,0,0,12.8872,0.32300000000000001,4.4258366172926191
常规控制,1.4587728357753054,36299.919483384358,0.0044032271530073004,0.011882306627077864,0.0017370566155281337,0.0013480084111488733,0.004388111097015421,0.002093589193997018,0,0,0,12.8872,0.32300000000000001,4.4258365584053498
常规控制,1.4790335696055179,36299.91899039979,0.0044944103388663333,0.012201288964431846,0.0017806767911962632,0.0013872072845197347,0.004505910610041383,0.0021497919158690792,0,0,0,12.8872,0.32300000000000001,4.4258364982986294
常规控制,1.4992943034357307,36299.918487206371,0.0045874817684111282,0.012526876867248517,0.0018251457397297634,0.0014272724228340022,0.0046261495446391476,0.0022071584976638774,0,0,0,12.8872,0.32300000000000001,4.4258364369472023
常规控制,1.5195550372659432,36299.917973592695,0.0046824805438114405,0.0128592071250996,0.0018704814263830452,0.0014682213762510067,0.0047488784169127428,0.0022657130408608806,0,0,0,12.8872,0.32300000000000001,4.4258363743252955
常规控制,1.5398157710961557,36299.917449342982,0.0047794465769640708,0.01319841936019516,0.0019167021856639579,0.0015100720611304504,0.004874148789053635,0.0023254801460329761,0,0,0,12.8872,0.32300000000000001,4.4258363104065994
常规控制,1.5600765049263683,36299.916914236979,0.0048784206062640455,0.013544656086053694,0.0019638267290015702,0.0015528427675975003,0.0050020132910074747,0.0023864849231837741,0,0,0,12.8872,0.32300000000000001,4.4258362451642581
常规控制,1.5803372387565808,36299.916368049868,0.0049794442136971663,0.013898062767296467,0.0020118741525607478,0.0015965521672529808,0.0051325256425560212,0.0024487530022830072,0,0,0,12.8872,0.32300000000000001,4.4258361785708633
常规控制,1.6005979725867934,36299.915810552178,0.005082559842310542,0.014258787880764156,0.0020608639452293969,0.0016412193210542168,0.00526574067588739,0.0025123105440349007,0,0,0,12.8872,0.32300000000000001,4.4258361105984356
常规控制,1.6208587064170059,36299.915241509691,0.0051878108140597807,0.014626982977951113,0.0021108159967777617,0.0016868636873659283,0.0054017143586528957,0.0025771842508787095,0,0,0,12.8872,0.32300000000000001,4.4258360412184183
常规控制,1.6411194402472187,36299.914660683331,0.0052952413480314882,0.015002802748752606,0.0021617506061891697,0.0017335051301805746,0.0055405038175087807,0.0026434013782205864,0,0,0,12.8872,0.32300000000000001,4.4258359704016623
常规控制,1.6613801740774312,36299.914067829086,0.0054048965790397434,0.015386405086520307,0.0022136884901616072,0.0017811639275075362,0.0056821673621410629,0.0027109897458959583,0,0,0,12.8872,0.32300000000000001,4.4258358981184163
常规控制,1.6816409079076438,36299.91346269787,0.0055168225765952336,0.015777951154421443,0.0022666507917795272,0.0018298607799305455,0.0058267645097718375,0.0027799777498616015,0,0,0,12.8872,0.32300000000000001,4.4258358243383116
常规控制,1.7019016417378563,36299.91284503544,0.0056310663642456767,0.016177605453096842,0.0023206590893552689,0.0018796168193327503,0.0059743560101452571,0.0028503943741165702,0,0,0,12.8872,0.32300000000000001,4.4258357490303499
常规控制,1.7221623755680688,36299.912214582313,0.0057476759392862268,0.016585535889613281,0.0023757354054394783,0.001930453617788814,0.0061250038709914746,0.0029222692028511763,0,0,0,12.8872,0.32300000000000001,4.4258356721628935
常规控制,1.7424231093982814,36299.911571073615,0.0058667002928385189,0.017001913847705389,0.0024319022159999359,0.001982393196623447,0.0062787713839668521,0.0029956324328231803,0,0,0,12.8872,0.32300000000000001,4.4258355937036464
常规控制,1.7626838432284941,36299.910914238979,0.0059881894303998309,0.017426914259662255,0.0024891824598151395,0.0020354580356821846,0.0064357231512015183,0.0030705148860237673,0,0,0,12.8872,0.32300000000000001,4.4258355136196474
常规控制,1.7829445770587067,36299.910243802464,0.0061121943932588383,0.017860715681245507,0.0025475995482637905,0.0020896710829933561,0.0065959251129664677,0.00314694802287765,0,0,0,12.8872,0.32300000000000001,4.4258354318772497
常规控制,1.8032053108889192,36299.909559482381,0.0062387672796045584,0.018303500365534148,0.0026071773749740839,0.0021450557642916082,0.0067594445749443056,0.0032249639552540772,0,0,0,12.8872,0.32300000000000001,4.42583534844211
常规控制,1.8234660447191318,36299.908860991243,0.0063679612664960398,0.018755454339780549,0.0026679403258662226,0.0022016359929299865,0.0069263502366119995,0.0033045954600083821,0,0,0,12.8872,0.32300000000000001,4.4258352632791773
常规控制,1.8437267785493443,36299.908148035582,0.0064998306321727983,0.019216767483458394,0.0027299132893505939,0.0022594361799458604,0.0070967122200638307,0.0033858759927335546,0,0,0,12.8872,0.32300000000000001,4.4258351763526695
常规控制,1.8639875123795568,36299.907420315867,0.0066344307788360202,0.01968763360795758,0.0027931216667410014,0.0023184812443393789,0.0072706020994425516,0.0034688397018019838,0,0,0,12.8872,0.32300000000000001,4.4258350876260675
常规控制,1.8842482462097696,36299.906677526371,0.0067718182559310331,0.020168250538032645,0.002857591382896893,0.0023787966235782271,0.0074480929310181141,0.0035535214427161732,0,0,0,12.8872,0.32300000000000001,4.4258349970620943
常规控制,1.9045089800399821,36299.905919355006,0.0069120507839291832,0.020658820194998283,0.0029233488970937371,0.0024404082843278415,0.0076292592839116149,0.0036399567927672826,0,0,0,12.8872,0.32300000000000001,4.4258349046227012
常规控制,1.9247697138701947,36299.905145483259,0.0070551872786073005,0.021159548681665568,0.0029904212141207091,0.0025033427334062628,0.007814177271462051,0.0037281820660003562,0,0,0,12.8872,0.32300000000000001,4.4258348102690519
常规控制,1.9450304477004072,36299.904355585997,0.007201287875822855,0.021670646369012253,0.0030588358956048322,0.0025676270289627726,0.0080029245832334891,0.0038182343284851043,0,0,0,12.8872,0.32300000000000001,4.425834713961506
常规控制,1.9652911815306198,36299.903549331364,0.0073504139567830001,0.022192327984580804,0.0031286210715607363,0.0026332887918794953,0.0081955805176602749,0.0039101514138910904,0,0,0,12.8872,0.32300000000000001,4.4258346156596007
常规控制,1.9855519153608323,36299.90272638062,0.0075026281738056243,0.022724812702597665,0.0031998054521651903,0.0027003562173951241,0.0083922260153278874,0.0040039719393661841,0,0,0,12.8872,0.32300000000000001,4.4258345153220366
常规控制,2,36299.902129139198,0.0076130948529617749,0.023111253732793016,0.003251438397962643,0.0027490569880623769,0.0085349378831632069,0.0040720604671517216,0,0,0,12.8872,0.32300000000000001,4.4258344425038887
常规控制,2.0058126491910451,36299.901886388026,0.007657994476570576,0.023268324235807245,0.0032724183397555544,0.002768858086949935,0.0085929436928870416,0.0040997353217171548,0,0,0,12.8872,0.32300000000000001,4.42583441290666
常规控制,2.0260733830212576,36299.901029000677,0.0078165781388591978,0.023823090929014225,0.0033464896410513203,0.0028388237802512515,0.0087978178775986633,0.0041974817938912378,0,0,0,12.8872,0.32300000000000001,4.425834308370443
常规控制,2.0463341168514702,36299.900153858362,0.0079784457860203016,0.024389345855167065,0.003422049879707516,0.0029102832876668518,0.009006934642817337,0.0042972524219054642,0,0,0,12.8872,0.32300000000000001,4.4258342016694661
常规控制,2.0665948506816827,36299.899260593396,0.008143665423460119,0.02496732691502377,0.0034991302093359388,0.0029832672230806147,0.0092203818447976517,0.0043990891224071514,0,0,0,12.8872,0.32300000000000001,4.4258340927589011
常规控制,2.0868555845118952,36299.898348830502,0.0083123064647143922,0.025557276935355814,0.0035777624263354443,0.0030578068365595856,0.009438249158960724,0.0045030346799768296,0,0,0,12.8872,0.32300000000000001,4.4258339815929926
常规控制,2.1071163183421078,36299.897418186629,0.0084844397607677698,0.026159443771515533,0.0036579789832920863,0.0031339340275840961,0.0096606281177720986,0.0046091327651999825,0,0,0,12.8872,0.32300000000000001,4.4258338681250358
常规控制,2.1273770521723203,36299.896468270766,0.0086601376297612241,0.026774080411360878,0.0037398130025565204,0.0032116813584530607,0.0098876121491209747,0.0047174279529779567,0,0,0,12.8872,0.32300000000000001,4.4258337523073585
常规控制,2.1476377860025329,36299.895498683843,0.00883947388735065,0.027401445081458305,0.0038232982901189008,0.00329108206798325,0.010119296615540686,0.004827965741240242,0,0,0,12.8872,0.32300000000000001,4.4258336340913038
常规控制,2.1678985198327454,36299.894509018501,0.0090225238777314407,0.028041801355615324,0.0039084693497880262,0.0033721700855092059,0.01035577885428955,0.0049407925700672489,0,0,0,12.8872,0.32300000000000001,4.4258335134272064
常规控制,2.1881592536629579,36299.893498858954,0.0092093645053264988,0.028695418265734015,0.0039953613976735818,0.0034549800451826578,0.010597158218288853,0.0050559558412220122,0,0,0,12.8872,0.32300000000000001,4.4258333902643692
常规控制,2.2084199874931709,36299.89246778081,0.0094000742671351539,0.029362570414976582,0.0040840103769703194,0.0035395473005703027,0.010843536117914639,0.0051735039380892637,0,0,0,12.8872,0.32300000000000001,4.4258332645510503
常规控制,2.2286807213233835,36299.891415350874,0.0095947332857404481,0.030043538093234085,0.0041744529730430172,0.0036259079395487958,0.011095016063640079,0.0052934862460203083,0,0,0,12.8872,0.32300000000000001,4.4258331362344334
常规控制,2.248941455153596,36299.890341127,0.009793423342972311,0.030738607394889643,0.0042667266288110781,0.0037140987994958418,0.011351703709525179,0.0054159531730821808,0,0,0,12.8872,0.32300000000000001,4.4258330052606087
常规控制,2.2692021889838085,36299.889244657868,0.0099962279142240262,0.031448070338867068,0.0043608695604315942,0.0038041574827761991,0.011613706897550485,0.0055409561712094655,0,0,0,12.8872,0.32300000000000001,4.4258328715745501
常规控制,2.2894629228140211,36299.888125482823,0.010203232203419498,0.032172224990956212,0.0044569207732797333,0.0038961223725214964,0.011881135702791576,0.0056685477577572826,0,0,0,12.8872,0.32300000000000001,4.4258327351200926
常规控制,2.3097236566442336,36299.886983131677,0.010414523178628779,0.032911375588406129,0.00455492007822528,0.0039900326487027011,0.012154102479431071,0.0057987815374538204,0,0,0,12.8872,0.32300000000000001,4.4258325958399078
常规控制,2.3299843904744462,36299.885817124479,0.010630189608754906,0.033665832668265935,0.0046549081083986314,0.0040859283046861834,0.012432721908154636,0.0059317122250132168,0,0,0,12.8872,0.32300000000000001,4.4258324536754801
常规控制,2.3502451243046587,36299.884626971361,0.010850322101405092,0.034435913199868974,0.0047569263364978902,0.0041838501643244362,0.012717111045077107,0.0060673956684784433,0,0,0,12.8872,0.32300000000000001,4.4258323085670819
常规控制,2.3705058581348712,36299.883412172319,0.011075013140302072,0.035221940715708298,0.0048610170918858345,0.0042838398988392619,0.013007389370074536,0.0062058888722807612,0,0,0,12.8872,0.32300000000000001,4.4258321604537505
常规控制,2.3907665919650838,36299.882172216974,0.011304357124360315,0.036024245448136365,0.0049672235784475266,0.0043859400444564971,0.013303678837267102,0.0063472500213253681,0,0,0,12.8872,0.32300000000000001,4.4258320092732584
常规控制,2.4110273257952963,36299.880906584382,0.011538450407258788,0.03684316446780176,0.0050755898926747771,0.0044901940202649046,0.013606103926143507,0.006491538505383092,0,0,0,12.8872,0.32300000000000001,4.4258318549620892
常规控制,2.4312880596255089,36299.879614742815,0.01177739133789338,0.037679041825163379,0.0051861610421524863,0.0045966461464721905,0.013914791693821869,0.0066388149440243177,0,0,0,12.8872,0.32300000000000001,4.4258316974554139
常规控制,2.4515487934557214,36299.878296149545,0.012021280301715292,0.038532228695103858,0.0052989829644497595,0.0047053416630609569,0.014229871828455155,0.0067891412120989871,0,0,0,12.8872,0.32300000000000001,4.4258315366870606
常规控制,2.4718095272859344,36299.876950250582,0.012270219762951914,0.039403083524630282,0.0054141025464142078,0.0048163267488430424,0.014551476703776749,0.006942580465760545,0,0,0,12.8872,0.32300000000000001,4.4258313725894833
常规控制,2.4920702611161469,36299.875576480496,0.01252431430770673,0.040291972183650021,0.005531567643867836,0.0049296485409106999,0.014879741434781669,0.007099197169031725,0,0,0,12.8872,0.32300000000000001,4.4258312050937425
常规控制,2.5123309949463595,36299.874174262106,0.012783670687934939,0.041199268118810084,0.0056514271017030224,0.0050453551544830779,0.015214803934539089,0.0072590571209100807,0,0,0,12.8872,0.32300000000000001,4.4258310341294687
常规控制,2.532591728776572,36299.872743006315,0.0130483978662912,0.042125352510387445,0.0057737307743769535,0.0051634957031464427,0.015556804972131629,0.0074222274830110999,0,0,0,12.8872,0.32300000000000001,4.4258308596248339
常规控制,2.5528524626067846,36299.87128211181,0.013318607061846205,0.043070614432218705,0.005898529546802974,0.0052841203194865863,0.015905888231717059,0.0075887768077468375,0,0,0,12.8872,0.32300000000000001,4.4258306815065236
常规控制,2.5731131964369971,36299.869790964825,0.013594411796668555,0.04403545101465714,0.0060258753556372974,0.0054072801761118998,0.016262200372707963,0.0077587750670379194,0,0,0,12.8872,0.32300000000000001,4.425830499699706
常规控制,2.5933739302672096,36299.868268938895,0.013875927943268574,0.045020267610544777,0.0061558212109594822,0.0055330275070655443,0.016625891091064916,0.0079322936815568196,0,0,0,12.8872,0.32300000000000001,4.4258303141279995
常规控制,2.6136346640974222,36299.866715394579,0.014163273773550138,0.046025477966460143,0.0062884212186419047,0.0056614156299183609,0.016997113182537892,0.0081094055509006464,0,0,0,12.8872,0.32300000000000001,4.4258301247134408
常规控制,2.6338953979276347,36299.865129679187,0.014456570009190624,0.047051504398961976,0.0064237306033717023,0.0057924989685064652,0.017376022607752718,0.0082901850846442068,0,0,0,12.8872,0.32300000000000001,4.4258299313764509
常规控制,2.6541561317578473,36299.863511126525,0.014755939871509367,0.048098777969043632,0.0065618057314389983,0.0059263330754380228,0.017762778556636733,0.0084747082330777906,0,0,0,12.8872,0.32300000000000001,4.4258297340358048
常规控制,2.6744168655880598,36299.861859056582,0.015061509133529686,0.049167738664261336,0.0067027041345273436,0.0060629746555902111,0.018157543515678335,0.0086630525192970473,0,0,0,12.8872,0.32300000000000001,4.4258295326085939
常规控制,2.6946775994182723,36299.86017277529,0.015373406172700162,0.050258835583168564,0.0068464845338053228,0.0062024815899038134,0.018560483336038248,0.0088552970716991915,0,0,0,12.8872,0.32300000000000001,4.4258293270101943
常规控制,2.7149383332484849,36299.858451574197,0.015691762024793342,0.051372527123869687,0.0069932068645561299,0.0063449129597093479,0.018971767303181973,0.0090515226572049894,0,0,0,12.8872,0.32300000000000001,4.4258291171542261
常规控制,2.7351990670786979,36299.856694730181,0.016016710438984116,0.052509281176700236,0.0071429323013460786,0.0064903290715857247,0.019391568208036232,0.0092518117152078326,0,0,0,12.8872,0.32300000000000001,4.4258289029525262
常规控制,2.7554598009089104,36299.854901505147,0.016348387934103002,0.053669575321017612,0.0072957232837299185,0.0066387914827493073,0.019820062419663324,0.009456248392247053,0,0,0,12.8872,0.32300000000000001,4.4258286843151007
常规控制,2.7757205347391229,36299.853071145721,0.016686933856059898,0.054853897026086305,0.0074516435424909037,0.0067903630269713607,0.020257429959447657,0.0096649185774026515,0,0,0,12.8872,0.32300000000000001,4.4258284611500969
常规控制,2.7959812685693355,36299.851202882906,0.017032490436433453,0.056062743856040945,0.007610758126413408,0.0069451078410216983,0.020703854576788163,0.0098779099384085391,0,0,0,12.8872,0.32300000000000001,4.425828233363756
常规控制,2.816242002399548,36299.849295931817,0.017385202852221584,0.057296623678911404,0.007773133429586041,0.0071030913916365311,0.021159523826290837,0.010095311958481455,0,0,0,12.8872,0.32300000000000001,4.4258280008603794
常规控制,2.8365027362297606,36299.847349491283,0.017745219286748441,0.058556054879693564,0.0079388372192331184,0.0072643805030083658,0.021624629146455323,0.010317215973862738,0,0,0,12.8872,0.32300000000000001,4.4258277635422862
常规控制,2.8567634700599731,36299.845362743552,0.018112690991723204,0.059841566577449573,0.0081079386640723738,0.0074290433847959058,0.022099365939849579,0.010543715212070039,0,0,0,12.8872,0.32300000000000001,4.4258275213097722
常规控制,2.8770242038901856,36299.843334853947,0.018487772350446074,0.061153698846421384,0.0082805083631968014,0.0075971496606518302,0.022583933654766662,0.010774904830856179,0,0,0,12.8872,0.32300000000000001,4.4258272740610716
常规控制,2.8972849377203982,36299.841264970506,0.018870620943058802,0.062493002944296758,0.0084566183758906129,0.0077687703976735308,0.023078535869522875,0.011010881958428202,0,0,0,12.8872,0.32300000000000001,4.4258270216923075
常规控制,2.9175456715506107,36299.83915222362,0.019261397613643958,0.063860041546942817,0.0086363422522898678,0.007943978136688401,0.023583380379144391,0.01125174573480597,0,0,0,12.8872,0.32300000000000001,4.4258267640974545
常规控制,2.9378064053808233,36299.836995725665,0.019660266536666859,0.065255388980839935,0.0088197550637427215,0.0081228469222424972,0.024098679281204599,0.011497597352775611,0,0,0,12.8872,0.32300000000000001,4.4258265011682907
常规控制,2.9580671392110358,36299.834794570648,0.020067395286341629,0.066679631465745473,0.0090069334345057039,0.0083054523339091864,0.024624649065439309,0.011748540100645345,0,0,0,12.8872,0.32300000000000001,4.4258262327943525
常规控制,2.9783278730412484,36299.832547833808,0.020482954906871638,0.0681333673604161,0.0091979555738394541,0.008491871517992548,0.025161510704491508,0.012004679405540265,0,0,0,12.8872,0.32300000000000001,4.4258259588628901
常规控制,2.9985886068714613,36299.830254571243,0.020907119984260394,0.069617207413824378,0.0093929013088219823,0.0086821832199397379,0.025709489746685115,0.012266122877665132,0,0,0,12.8872,0.32300000000000001,4.4258256792588178
常规控制,3,36299.830093061071,0.020936993133126115,0.06972171147983279,0.0094066297874260841,0.0086955876988024181,0.025748082880672221,0.012284535850010532,0,0,0,12.8872,0.32300000000000001,4.4258256595668293
常规控制,3.0188493407016739,36299.827913819492,0.021340068719694075,0.0711317750218734,0.0095918521178799832,0.0088764678174628672,0.026268816410829145,0.012532980355535918,0,0,0,12.8872,0.32300000000000001,4.4258253938646677
常规控制,3.0391100745318864,36299.825524595159,0.02178198300448966,0.072677706489588254,0.009794891165035435,0.0090748073543676314,0.026839725683044522,0.01280536395217634,0,0,0,12.8872,0.32300000000000001,4.4258251025605393
常规控制,3.059370808362099,36299.823085894466,0.02223304849660214,0.07425565129876216,0.010002103334864525,0.0092772855750857912,0.027422457415605155,0.013083388102275433,0,0,0,12.8872,0.32300000000000001,4.4258248052240488
常规控制,3.0796315421923115,36299.820596692865,0.022693454698684799,0.075866272381035285,0.010213575268166146,0.0094839879599087819,0.028017256427785478,0.013367169610302381,0,0,0,12.8872,0.32300000000000001,4.4258245017302773
常规控制,3.099892276022524,36299.818055944575,0.023163395037696259,0.07751024639638511,0.010429395398337085,0.0096950017609196016,0.028624372608706285,0.01365682769957479,0,0,0,12.8872,0.32300000000000001,4.4258241919517207
常规控制,3.1201530098527366,36299.815462582177,0.023643066946048025,0.079188264017005849,0.010649653988451017,0.0099104160386201609,0.029244061022170843,0.013952484062276492,0,0,0,12.8872,0.32300000000000001,4.4258238757582342
常规控制,3.1404137436829491,36299.812815516139,0.024132671944286366,0.080901030216555592,0.010874443169038538,0.010130321699251304,0.029876582013483234,0.014254262910421103,0,0,0,12.8872,0.32300000000000001,4.4258235530169774
常规控制,3.1606744775131617,36299.810113634368,0.024632415725302212,0.082649264564749025,0.011103856976565308,0.010354811532802695,0.030522201318240877,0.014562291027757466,0,0,0,12.8872,0.32300000000000001,4.42582322359236
常规控制,3.1809352113433742,36299.80735580175,0.025142508241236278,0.084433701531379038,0.011337991393141627,0.010583980252239354,0.031181190174609023,0.01487669782333636,0,0,0,12.8872,0.32300000000000001,4.4258228873459817
常规控制,3.2011959451735867,36299.804540859659,0.025663163792937153,0.086255090799269324,0.011576944387398392,0.010817924533880707,0.031853825438893535,0.015197615386650834,0,0,0,12.8872,0.32300000000000001,4.4258225441365804
常规控制,3.2214566790037993,36299.801667625463,0.026194601118439523,0.088114197573799541,0.011820815954915385,0.011056743057337464,0.032540389699847877,0.015525178542172622,0,0,0,12.8872,0.32300000000000001,4.4258221938199656
常规控制,3.2417174128340118,36299.798734892072,0.026737043485394674,0.090011802906256544,0.012069708160455286,0.011300536547232596,0.033241171398086029,0.015859524906324651,0,0,0,12.8872,0.32300000000000001,4.4258218362489608
常规控制,3.2619781466642248,36299.79574142737,0.027290718784651596,0.091948704021211275,0.012323725180723393,0.011549407815441856,0.033956464946982144,0.016200794945162824,0,0,0,12.8872,0.32300000000000001,4.4258214712733439
常规控制,3.2822388804944373,36299.792685973742,0.027855859625928858,0.09392571465120976,0.012582973348082574,0.01180346180427813,0.034686570856271179,0.016549132033346514,0,0,0,12.8872,0.32300000000000001,4.4258210987397799
常规控制,3.3024996143246499,36299.789567247528,0.028432703435581613,0.095943665378793661,0.012847561195225451,0.012062805630621655,0.035431795858356388,0.01690468251440046,0,0,0,12.8872,0.32300000000000001,4.4258207184917611
常规控制,3.3227603481548624,36299.786383938495,0.029021492556455156,0.098003403985820442,0.013117599500799921,0.012327548630992228,0.036192453037312562,0.017267595762262861,0,0,0,12.8872,0.32300000000000001,4.425820330369536
常规控制,3.343021081985075,36299.783134709272,0.029622474349816855,0.10010579581005462,0.013393201335984236,0.012597802407559708,0.03696886196057441,0.017638024244114522,0,0,0,12.8872,0.32300000000000001,4.4258199342100495
常规控制,3.3632818158152875,36299.779818194773,0.03023590129935803,0.10225172410900021,0.013674482112007827,0.012873680875089012,0.037761348813299088,0.018016123584483908,0,0,0,12.8872,0.32300000000000001,4.425819529846863
常规控制,3.3835425496455001,36299.776433001687,0.030862031117257362,0.10444209043094556,0.013961559628614005,0.013155300308815834,0.038570246535392372,0.018402052630622948,0,0,0,12.8872,0.32300000000000001,4.4258191171100982
常规控制,3.4038032834757126,36299.772977707813,0.031501126852297535,0.10667781499319107,0.014254554123460765,0.013442779393249331,0.039395894961187304,0.01879597351914845,0,0,0,12.8872,0.32300000000000001,4.4258186958263543
常规控制,3.4240640173059251,36299.76945086151,0.032153457000026718,0.10895983706743063,0.014553588322455836,0.013736239271897979,0.040238640961764764,0.019198051743943897,0,0,0,12.8872,0.32300000000000001,4.425818265818644
常规控制,3.4443247511361377,36299.765850981094,0.032819295614956494,0.11128911537225748,0.014858787491022162,0.014035803597914854,0.04109883858990504,0.019608456225316585,0,0,0,12.8872,0.32300000000000001,4.4258178269063109
常规控制,3.4645854849663502,36299.762176554192,0.033498922426242167,0.11366662847785261,0.015170279486954454,0.014341598586315008,0.04197684922953851,0.020027359381301242,0,0,0,12.8872,0.32300000000000001,4.4258173789049611
常规控制,3.4848462187965628,36299.758426037108,0.034192622957027671,0.11609337522349332,0.015488194814950042,0.014653753067847129,0.042873041749930556,0.020454937201222406,0,0,0,12.8872,0.32300000000000001,4.4258169216263816
常规控制,3.5051069526267757,36299.754597854175,0.034900688642235514,0.11857037512962244,0.015812666680429275,0.014972398542163607,0.043787792657857962,0.020891369318298558,0,0,0,12.8872,0.32300000000000001,4.4258164548784604
常规控制,3.5253676864569883,36299.750690397108,0.03562341695173224,0.12109866882872296,0.016143831045811938,0.015297669233417181,0.044721486256729982,0.021336839085559507,0,0,0,12.8872,0.32300000000000001,4.4258159784651072
常规控制,3.5456284202872008,36299.74670202432,0.036361111515007302,0.12367931850148736,0.016481826687485119,0.01562970214654098,0.045674514807664747,0.021791533652696773,0,0,0,12.8872,0.32300000000000001,4.4258154921861754
常规控制,3.5658891541174134,36299.742631060224,0.037114082248629728,0.12631340832270482,0.016826795254040232,0.015968637124782629,0.04664727869415454,0.022255644044626169,0,0,0,12.8872,0.32300000000000001,4.4258149958373671
常规控制,3.5861498879476259,36299.738475794533,0.037882645486498397,0.1290020449169216,0.017178881325786384,0.016314616908499599,0.047640186590340167,0.02272936524177234,0,0,0,12.8872,0.32300000000000001,4.4258144892101612
常规控制,3.6064106217778384,36299.734234481562,0.03866712411287463,0.13174635782383526,0.017538232475534963,0.016667787195210716,0.048653655632880086,0.023212896262068343,0,0,0,12.8872,0.32300000000000001,4.4258139720917145
常规控制,3.626671355608051,36299.729905339467,0.039467847698185905,0.13454749997338333,0.017904999330650321,0.01702829670089874,0.049688111596399714,0.023706440244663379,0,0,0,12.8872,0.32300000000000001,4.4258134442647759
常规控制,3.6469320894382635,36299.725486549505,0.040285152637589444,0.13740664817048748,0.01827933563636144,0.017396297222559049,0.050743989072506365,0.024210204535331688,0,0,0,12.8872,0.32300000000000001,4.4258129055075983
常规控制,3.6671928232684761,36299.720976255267,0.041119382292284519,0.14032500358941369,0.018661398320329359,0.017771943701989285,0.051821731652355485,0.024724400773575801,0,0,0,12.8872,0.32300000000000001,4.4258123555938411
常规控制,3.6874535570986886,36299.71637256191,0.041970887133562174,0.14330379227770931,0.019051347558465416,0.018155394290814943,0.052921792112753538,0.025249244981417118,0,0,0,12.8872,0.32300000000000001,4.4258117942924757
常规控制,3.7077142909289011,36299.711673535356,0.042840024889581198,0.14634426566967798,0.019449346841995001,0.018546810416745906,0.054044632605783204,0.02578495765386702,0,0,0,12.8872,0.32300000000000001,4.4258112213676917
常规控制,3.7279750247591137,36299.706877201468,0.043727160694859185,0.14944770110935268,0.01985556304576179,0.018946356851058735,0.055190724851936296,0.026331763851071523,0,0,0,12.8872,0.32300000000000001,4.4258106365787953
常规控制,3.7482357585893262,36299.701981545259,0.04463266724420218,0.1526154023889976,0.020270166498560022,0.019354201778082981,0.056360550338981324,0.026889893293191976,0,0,0,12.8872,0.32300000000000001,4.4258100396801101
常规控制,3.7684964924195392,36299.696984509988,0.04555692495196477,0.155848700306257,0.020693331055902091,0.019770516867093735,0.057554600527717464,0.027459580458571248,0,0,0,12.8872,0.32300000000000001,4.4258094304208697
常规控制,3.7887572262497518,36299.691883996333,0.046500322108860993,0.15914895321273781,0.021125234171667187,0.020195477343099177,0.058773377054564854,0.028041064680390613,0,0,0,12.8872,0.32300000000000001,4.4258088085451153
常规控制,3.8090179600799643,36299.6866778615,0.04746325504606861,0.16251754758810621,0.021566056973082171,0.020629262060920573,0.060017391943577442,0.028634590247822021,0,0,0,12.8872,0.32300000000000001,4.4258081737915891
常规控制,3.8292786939101768,36299.681363918331,0.048446128301343219,0.16595589862121632,0.02201598433662072,0.021072053580179821,0.061287167821052452,0.029240406508419404,0,0,0,12.8872,0.32300000000000001,4.4258075258936245
常规控制,3.8495394277403894,36299.675939934372,0.049449354788813522,0.16946545080411746,0.022475204965584382,0.021524038241949161,0.062583238134896094,0.029858767972779067,0,0,0,12.8872,0.32300000000000001,4.4258068645790312
常规控制,3.8698001615706019,36299.670403630938,0.05047335597250252,0.17304767853909589,0.022943911469385913,0.021985406247083006,0.063906147378802791,0.030489934421496733,0,0,0,12.8872,0.32300000000000001,4.4258061895699825
常规控制,3.8900608954008145,36299.664752682183,0.05151856204355925,0.17670408675869836,0.023422300444528001,0.022456351736225184,0.065256451321228634,0.031134171014411873,0,0,0,12.8872,0.32300000000000001,4.4258055005829009
常规控制,3.910321629231027,36299.658984714079,0.052585412101186293,0.18043621155868528,0.02391057255727045,0.022937072871484859,0.066634717239139579,0.031791748402130095,0,0,0,12.8872,0.32300000000000001,4.4258047973283352
常规控制,3.9305823630612395,36299.653097303439,0.053674354337247904,0.18424562084385998,0.024408932627979083,0.023427771919774298,0.068041524156514988,0.032462942839814372,0,0,0,12.8872,0.32300000000000001,4.4258040795108409
常规控制,3.9508430968914521,36299.647087976904,0.054785846224543813,0.1881339149867233,0.024917589717149389,0.023928655337801766,0.069477463087587205,0.033148036303235838,0,0,0,12.8872,0.32300000000000001,4.4258033468288556
常规控制,3.9711038307216646,36299.640954209892,0.055920354708733543,0.19210272749889895,0.025436757213098106,0.024439933858712834,0.070943137284797744,0.03384731660707483,0,0,0,12.8872,0.32300000000000001,4.4258025989745713
常规控制,3.9913645645518772,36299.634693425549,0.057078356403896482,0.19615372571527881,0.025966652921315864,0.024961822580373209,0.072439162491450548,0.034561077525463099,0,0,0,12.8872,0.32300000000000001,4.4258018356338091
常规控制,4,36299.631985733329,0.057579174177085961,0.19790571967828863,0.02619581778789376,0.025187538201582753,0.073086170214131926,0.034869768063758647,0,0,0,12.8872,0.32300000000000001,4.4258015055007567
常规控制,4.0116252983820901,36299.628302993682,0.058260337791712365,0.20028861149083474,0.026507499155474026,0.025494541055286507,0.073966167199043281,0.035289618914757716,0,0,0,12.8872,0.32300000000000001,4.4258010564858825
常规控制,4.0318860322123022,36299.621780229616,0.059466795426251919,0.20450912191705703,0.02705952283099472,0.026038313383044843,0.075524792911846467,0.036033246839773124,0,0,0,12.8872,0.32300000000000001,4.4258002612034666
常规控制,4.0521467660425152,36299.615122393086,0.060698236146494028,0.20881703006542332,0.027622955562151018,0.026593368306267722,0.07711569442146507,0.036792273704775801,0,0,0,12.8872,0.32300000000000001,4.4257994494524571
常规控制,4.0724074998727273,36299.608326687106,0.061955177285130426,0.21321414571788219,0.028198033757471,0.027159939304865897,0.078739540076604511,0.037567018382190918,0,0,0,12.8872,0.32300000000000001,4.4257986208918316
常规控制,4.0926682337029403,36299.601390256736,0.063238146887172872,0.2177023161316286,0.028784998719620342,0.027738264694730494,0.080397012065500692,0.038357806347351142,0,0,0,12.8872,0.32300000000000001,4.425797775173506
常规控制,4.1129289675331524,36299.594310187953,0.064547683931280089,0.22228342681339605,0.029384096746527647,0.028328587727650595,0.082088806701864428,0.039164969814922027,0,0,0,12.8872,0.32300000000000001,4.4257969119421903
常规控制,4.1331897013633654,36299.587083506376,0.065884338555948024,0.2269594023107627,0.029995579234731676,0.028931156693426763,0.083815634717109219,0.039988847878325393,0,0,0,12.8872,0.32300000000000001,4.4257960308352358
常规控制,4.1534504351935784,36299.579707176053,0.06724867229066879,0.23173220702084088,0.030619702784998797,0.029546225024228101,0.085578221558998524,0.040829786652225308,0,0,0,12.8872,0.32300000000000001,4.4257951314824862
常规控制,4.1737111690237905,36299.572178098148,0.068641258292039597,0.23660384601628442,0.031256729310201993,0.03017405140118453,0.087377307696688625,0.041688139418065637,0,0,0,12.8872,0.32300000000000001,4.4257942135061183
常规控制,4.1939719028540035,36299.56449310969,0.070062681584801181,0.24157636588854223,0.031906926145452069,0.030814899863204924,0.089213648932140344,0.042564266772645999,0,0,0,12.8872,0.32300000000000001,4.4257932765204888
常规控制,4.2142326366842155,36299.556648982179,0.071513539307784785,0.2466518556082847,0.032570566160471624,0.031469039918011858,0.091088016717872769,0.04345853677972366,0,0,0,12.8872,0.32300000000000001,4.4257923201319684
常规控制,4.2344933705144285,36299.548642420275,0.072994440964749246,0.25183244740293903,0.033247927874203102,0.032136746655384539,0.093001198481035233,0.044371325124629823,0,0,0,12.8872,0.32300000000000001,4.4257913439387737
常规控制,4.2547541043446406,36299.540470060405,0.074506008680086167,0.25712031765125576,0.033939295571641152,0.032818300862600076,0.094953997953768784,0.045303015271886737,0,0,0,12.8872,0.32300000000000001,4.4257903475308042
常规控制,4.2750148381748536,36299.532128469349,0.076048877459374956,0.26251768779484347,0.034644959422880754,0.033513989142064916,0.096947235509834209,0.046253998625814557,0,0,0,12.8872,0.32300000000000001,4.4257893304894669
常规控制,4.2952755720050657,36299.52361414281,0.077623695454765801,0.26802682526659444,0.03536521560437119,0.034224104031126572,0.098981748507477568,0.047224674694114115,0,0,0,12.8872,0.32300000000000001,4.4257882923875043
常规控制,4.3155363058352787,36299.514923503943,0.079231124237424733,0.27365004444381785,0.036100366423396611,0.0349489441250741,0.10105839164142034,0.048215451255803211,0,0,0,12.8872,0.32300000000000001,4.425787232788811
常规控制,4.3357970396654908,36299.506052901794,0.080871839081041993,0.27938970764007709,0.036850720447611313,0.035688814205133597,0.10317803730914286,0.049226744535972151,0,0,0,12.8872,0.32300000000000001,4.4257861512482508
常规控制,4.3560577734957038,36299.496998609859,0.082546529239975339,0.28524822607826072,0.037616592632123774,0.036444025364043106,0.10534157597023742,0.050258979377232928,0,0,0,12.8872,0.32300000000000001,4.4257850473114697
常规控制,4.3763185073259159,36299.487756824434,0.084255898240381932,0.29122806090909314,0.038398304452514929,0.037214895137491613,0.10754991652254213,0.051312589419174465,0,0,0,12.8872,0.32300000000000001,4.4257839205147054
常规控制,4.3965792411561289,36299.478323663076,0.086000664175122865,0.29733172424284565,0.039196184039580265,0.038001747637262197,0.10980398668314965,0.052388017280143799,0,0,0,12.8872,0.32300000000000001,4.425782770384596
常规控制,4.4168399749863418,36299.468695162956,0.087781560005064707,0.30356178020342789,0.040010566316994539,0.038804913687264138,0.11210473337768107,0.053485714742970453,0,0,0,12.8872,0.32300000000000001,4.4257815964379743
常规控制,4.4371007088165539,36299.458867279194,0.089599333867010772,0.30992084600567471,0.040841793142005485,0.039624730962558828,0.11445312313812546,0.054606142944777759,0,0,0,12.8872,0.32300000000000001,4.425780398181673
常规控制,4.4573614426467669,36299.448835883151,0.091454749388234446,0.31641159305573108,0.041690213449144094,0.040461544131367287,0.11685014250921005,0.055749772570863908,0,0,0,12.8872,0.32300000000000001,4.4257791751123117
常规控制,4.477622176476979,36299.438596760694,0.093348586007587012,0.32303674807443944,0.042556183396938507,0.041315705000046762,0.11929679846326456,0.056917084052635854,0,0,0,12.8872,0.32300000000000001,4.4257779267160853
常规控制,4.497882910307192,36299.428145610444,0.095281639303154947,0.32979909424364134,0.043440066517620425,0.04218757266102531,0.12179411882354819,0.058108567769580635,0,0,0,12.8872,0.32300000000000001,4.4257766524685529
常规控制,4.5181436441374041,36299.417478041956,0.097254721326437338,0.33670147237529147,0.044342233869810385,0.043077513643681016,0.12434315269600089,0.059324724255255992,0,0,0,12.8872,0.32300000000000001,4.4257753518344112
常规控制,4.5384043779676171,36299.40658957386,0.099268660943019185,0.34374678210329879,0.045263064194170914,0.043985902068155135,0.12694497090938786,0.060566064407285521,0,0,0,12.8872,0.32300000000000001,4.4257740242672758
常规控制,4.5586651117978292,36299.395475632016,0.10132430417971088,0.35093798309799179,0.046202944072014092,0.044913119802085719,0.12960066646379897,0.061833109701339858,0,0,0,12.8872,0.32300000000000001,4.4257726692094446
常规控制,4.5789258456280422,36299.38413154758,0.10342251457812995,0.35827809630312274,0.047162268086852324,0.045859556620250999,0.1323113549874721,0.063126392409089349,0,0,0,12.8872,0.32300000000000001,4.4257712860916767
常规控制,4.5991865794582543,36299.372552555047,0.10556417355716274,0.36577020520394132,0.048141438990006391,0.046825610368223018,0.13507817520508963,0.064446455821630652,0,0,0,12.8872,0.32300000000000001,4.425769874332941
常规控制,4.6194473132884672,36299.360733790221,0.10775018079102852,0.37341745714985264,0.049140867873342077,0.047811687133066078,0.13790228942623378,0.065793854482531042,0,0,0,12.8872,0.32300000000000001,4.4257684333401723
常规控制,4.6397080471186793,36299.348670288193,0.10998145457994793,0.38122306465120631,0.050160974338627616,0.048818201410698807,0.1407848840242879,0.067169154416314616,0,0,0,12.8872,0.32300000000000001,4.4257669625080309
常规控制,4.6599687809488923,36299.336356981243,0.11225893223774568,0.38919030673533167,0.051202186674628315,0.049845576280902394,0.14372716993721726,0.068572933367387276,0,0,0,12.8872,0.32300000000000001,4.4257654612186386
常规控制,4.6802295147791053,36299.323788696747,0.11458357048480219,0.39732253032128739,0.052264942036644987,0.050894243584745591,0.14673038317526166,0.070005781042259282,0,0,0,12.8872,0.32300000000000001,4.4257639288413282
常规控制,4.7004902486093174,36299.310960154959,0.11695634584939153,0.40562315162395413,0.053349686629883888,0.051964644105797438,0.1497957853394635,0.071468299356937562,0,0,0,12.8872,0.32300000000000001,4.4257623647323712
常规控制,4.7207509824395304,36299.297865966852,0.11937825507786165,0.41409565758906353,0.054456875896866749,0.053057227755333829,0.15292466415162131,0.072961102689769131,0,0,0,12.8872,0.32300000000000001,4.4257607682347126
常规控制,4.7410117162697425,36299.284500631788,0.12185031555361986,0.4227436073590361,0.055586974708863597,0.054172453761521216,0.15611833399562031,0.074484818139712541,0,0,0,12.8872,0.32300000000000001,4.4257591386776953
常规控制,4.7612724500999555,36299.270858535252,0.12437356572489031,0.4315706337695091,0.056740457561333495,0.055310790862562506,0.15937813647009752,0.076040085790017004,0,0,0,12.8872,0.32300000000000001,4.4257574753767726
常规控制,4.7815331839301676,36299.256933946475,0.12694906554120405,0.44058044487642006,0.057917808773355062,0.056472717503787621,0.16270544095238992,0.077627558977285016,0,0,0,12.8872,0.32300000000000001,4.425755777633225
常规控制,4.8017939177603806,36299.242721016024,0.12957789689858934,0.44977682551353021,0.059119522691031878,0.057658722038674066,0.16610164517372508,0.079247904565898392,0,0,0,12.8872,0.32300000000000001,4.4257540447338668
常规控制,4.8220546515905927,36299.228213773371,0.13226116409342253,0.45916363888025075,0.060346103894854917,0.058869302933779906,0.16956817580560199,0.080901803227783536,0,0,0,12.8872,0.32300000000000001,4.4257522759507451
常规控制,4.8423153854208056,36299.213406124334,0.13499999428490722,0.46874482815965968,0.061598067411007006,0.060104968977574579,0.17310648905732107,0.082589949727495893,0,0,0,12.8872,0.32300000000000001,4.4257504705408328
常规控制,4.8625761192510177,36299.198291848617,0.13779553796614225,0.4785244181665686,0.062875938926591365,0.061366239493149788,0.1767180712846122,0.08431305321259934,0,0,0,12.8872,0.32300000000000001,4.4257486277457252
常规控制,4.8828368530812307,36299.182864597125,0.14064896944638866,0.48850651703477455,0.064180255009976719,0.06265364455598893,0.180404439612733,0.086071837510949434,0,0,0,12.8872,0.32300000000000001,4.4257467467913143
常规控制,4.9030975869114428,36299.167117889272,0.14356148735498064,0.49869531798003497,0.065511563341031628,0.063967725221510272,0.18416714258753192,0.08786704144131878,0,0,0,12.8872,0.32300000000000001,4.4257448268874615
常规控制,4.9233583207416558,36299.151045110317,0.14653431513551751,0.50909510102904798,0.06687042293691764,0.065309033748226358,0.18800776081395698,0.089699419118032669,0,0,0,12.8872,0.32300000000000001,4.4257428672276689
常规控制,4.9436190545718688,36299.134639508564,0.14956870156174121,0.51971023482430334,0.068257404387790863,0.066678133830696193,0.19192790762258369,0.09156974026897273,0,0,0,12.8872,0.32300000000000001,4.4257408669887415
常规控制,4.9638797884020809,36299.117894192517,0.15266592126114342,0.53054517845597982,0.06967309009603459,0.068075600835970487,0.19592922974613067,0.093478790558345973,0,0,0,12.8872,0.32300000000000001,4.4257388253304413
常规控制,4.9841405222322939,36299.100802128021,0.15582727524952003,0.5416044833321475,0.071118074520493749,0.069502022044982598,0.20001340801012174,0.095427371916202861,0,0,0,12.8872,0.32300000000000001,4.4257367413951316
常规控制,5,36299.087176402005,0.15834749379717061,0.55042091730886578,0.072269999181632252,0.070639170875700527,0.20326929872086796,0.096980773244963625,0,0,0,12.8872,0.32300000000000001,4.4257350800901696
常规控制,5.004401256062506,36299.083356135277,0.15905409147731767,0.55289279509022971,0.072592964426097015,0.070957996899266684,0.20418215803878448,0.097416302875225111,0,0,0,12.8872,0.32300000000000001,4.4257346143074257
常规控制,5.0246619898927189,36299.065548885839,0.16234772538772721,0.56441485554956772,0.074098379138845774,0.072444137252983029,0.2084372309761286,0.099446418914755613,0,0,0,12.8872,0.32300000000000001,4.4257324431738061
常规控制,5.044922723722931,36299.047372899542,0.16570956048647234,0.57617550470490575,0.07563495080614642,0.073961067630226945,0.21278041422213573,0.10151857281203819,0,0,0,12.8872,0.32300000000000001,4.4257302270822612
常规控制,5.065183457553144,36299.028820541338,0.16914100892324926,0.58817968276064436,0.077203324662465753,0.075509425487602047,0.21721353218400485,0.10363363500064045,0,0,0,12.8872,0.32300000000000001,4.4257279651018946
常规控制,5.0854441913833561,36299.009884018094,0.17264351208476506,0.60043243220567788,0.078804159300285587,0.077089861482034214,0.2217384470423856,0.10579249393602742,0,0,0,12.8872,0.32300000000000001,4.4257256562825349
常规控制,5.1057049252135691,36298.990555375349,0.17621854119933081,0.61293889992866468,0.080438126946336688,0.078703039743806671,0.22635705953254318,0.10799605646825916,0,0,0,12.8872,0.32300000000000001,4.4257232996543419
常规控制,5.1259656590437812,36298.97082649394,0.17986759795295768,0.6257043393735463,0.082105913743087774,0.080349638154792999,0.23107130974038678,0.11024524822177982,0,0,0,12.8872,0.32300000000000001,4.4257208942273918
常规控制,5.1462263928739942,36298.950689086647,0.18359221511691151,0.63873411273516278,0.083808220035470005,0.082030348631868172,0.23588317791330615,0.11254101398227163,0,0,0,12.8872,0.32300000000000001,4.4257184389912743
常规控制,5.1664871267042063,36298.930134694696,0.18739395718945059,0.65203369320449578,0.085545760664081275,0.08374587741672794,0.24079468528933501,0.1148843180922529,0,0,0,12.8872,0.32300000000000001,4.4257159329146587
常规控制,5.1867478605344193,36298.90915468413,0.19127442106714582,0.66560866731741097,0.087319265271906518,0.085496945379068226,0.24580789496453676,0.11727614486491193,0,0,0,12.8872,0.32300000000000001,4.4257133749448601
常规控制,5.2070085943646323,36298.88774024228,0.19523523670399151,0.67946473726069989,0.089129478605459195,0.087284288314259315,0.25092491274462081,0.11971749899041732,0,0,0,12.8872,0.32300000000000001,4.4257107640073992
常规控制,5.2272693281948444,36298.865882374012,0.19927806779781876,0.69360772327364617,0.090977160828397061,0.089108657253351514,0.25614788803183619,0.12220940595905921,0,0,0,12.8872,0.32300000000000001,4.4257080990055515
常规控制,5.2475300620250573,36298.843571897974,0.2034046124879865,0.7080435660890575,0.09286308784029039,0.090970818778178586,0.26147901472643942,0.12475291249134407,0,0,0,12.8872,0.32300000000000001,4.4257053788198899
常规控制,5.2677907958552694,36298.820799442728,0.20761660406731602,0.72277832942413822,0.094788051601897738,0.09287155534289819,0.26692053214656886,0.12734908697687111,0,0,0,12.8872,0.32300000000000001,4.4257026023078101
常规控制,5.2880515296854824,36298.797555442863,0.2119158117097544,0.73781820252640085,0.096752860467627752,0.094811665602639955,0.27247472596844402,0.12999901992290611,0,0,0,12.8872,0.32300000000000001,4.4256997683030566
常规控制,5.3083122635156945,36298.773830134902,0.21630404121369626,0.75316950277436834,0.098758339525155101,0.096791964749229714,0.27814392918679998,0.13270382441260914,0,0,0,12.8872,0.32300000000000001,4.4256968756152268
常规控制,5.3285729973459075,36298.749613553278,0.22078313576090558,0.7688386783328659,0.10080533094216367,0.098813284853964248,0.28393052309548072,0.13546463657288077,0,0,0,12.8872,0.32300000000000001,4.425693923029276
常规控制,5.3488337311761196,36298.72489552608,0.22535497669096782,0.78483231086265737,0.10289469432018492,0.10087647521740498,0.28983693828810264,0.13828261605178313,0,0,0,12.8872,0.32300000000000001,4.4256909093050032
常规控制,5.3690944650063326,36298.699665670814,0.23002148429121355,0.80115711828422187,0.10502730705550518,0.10298240272616468,0.29586565567871115,0.14115894650550032,0,0,0,12.8872,0.32300000000000001,4.425687833176533
常规控制,5.3893551988365447,36298.673913390048,0.23478461860204322,0.8178199575954257,0.10720406470710898,0.105131952216656,0.30201920754234118,0.14409483609479504,0,0,0,12.8872,0.32300000000000001,4.4256846933517817
常规控制,5.4096159326667577,36298.647627866972,0.23964638023759538,0.834827827742888,0.10942588137163255,0.10732602684577579,0.30830017857540659,0.14709151799092518,0,0,0,12.8872,0.32300000000000001,4.425681488511918
常规控制,5.4298766664969698,36298.620798060867,0.24460881122168762,0.85218787254679118,0.11169369006529489,0.10956554846849362,0.31471120697582639,0.15015025089097778,0,0,0,12.8872,0.32300000000000001,4.4256782173108133
常规控制,5.4501374003271827,36298.593412702503,0.24967399584185368,0.8699073836890191,0.11400844311409662,0.11185145802362005,0.3212549855465382,0.15327231954436019,0,0,0,12.8872,0.32300000000000001,4.4256748783744753
常规控制,5.4703981341573957,36298.56546028929,0.25484406154326605,0.88799380384084536,0.11637111256224174,0.11418471593759073,0.32793426285054678,0.15645903530387981,0,0,0,12.8872,0.32300000000000001,4.425671470300462
常规控制,5.4906588679876078,36298.536929080525,0.26012117980799448,0.90645472973934293,0.11878269057385922,0.11656630252164245,0.33475184434703598,0.15971173666778821,0,0,0,12.8872,0.32300000000000001,4.4256679916572974
常规控制,5.5109196018178208,36298.507807092486,0.26550756706811529,0.92529791538223638,0.12124418985019036,0.11899721838428162,0.34171059357122063,0.16303178984269465,0,0,0,12.8872,0.32300000000000001,4.4256644409838755
常规控制,5.5311803356480329,36298.478082093352,0.27100548563530125,0.94453127528043013,0.12375664405430546,0.12147848485120535,0.34881343333549886,0.16642058931664125,0,0,0,12.8872,0.32300000000000001,4.4256608167888434
常规控制,5.5514410694782459,36298.447741598109,0.27661724464891158,0.96416288777527848,0.12632110824427267,0.12401114439358631,0.35606334695451269,0.16987955844358582,0,0,0,12.8872,0.32300000000000001,4.4256571175499753
常规控制,5.571701803308458,36298.416772863311,0.28234520104504018,0.98420099842920161,0.12893865931590234,0.12659626106583247,0.36346337949729568,0.17341015004080731,0,0,0,12.8872,0.32300000000000001,4.4256533417135389
常规控制,5.591962537138671,36298.385162881728,0.28819176054644635,1.004654023489375,0.13161039645503145,0.12923492095278713,0.37101663906640631,0.17701384699918654,0,0,0,12.8872,0.32300000000000001,4.4256494876936374
常规控制,5.6122232709688831,36298.352898376848,0.29415937867327091,1.0255305534241665,0.13433744159930475,0.13192823262632711,0.37872629810392611,0.18069216290630458,0,0,0,12.8872,0.32300000000000001,4.4256455538715445
常规控制,5.6324840047990961,36298.319965797346,0.30025056177446335,1.0468393565320462,0.13712093990941779,0.13467732761132539,0.38659559472422378,0.1844466426823107,0,0,0,12.8872,0.32300000000000001,4.4256415385950261
常规控制,5.6527447386293082,36298.286351311355,0.30646786807982312,1.0685893826226476,0.13996206024977792,0.13748336086093541,0.39462783407336216,0.18827886322850226,0,0,0,12.8872,0.32300000000000001,4.4256374401776446
常规控制,5.6730054724595211,36298.252040800704,0.31281390877257892,1.0907897667697015,0.14286199567854849,0.14034751124116346,0.40282638971504992,0.19219043408856895,0,0,0,12.8872,0.32300000000000001,4.4256332568980516
常规控制,5.6932662062897332,36298.217019854979,0.31929134908241097,1.1134498331355214,0.14582196394703265,0.14327098202468683,0.41119470504301531,0.19618299812244314,0,0,0,12.8872,0.32300000000000001,4.4256289869992713
常规控制,5.7135269401199462,36298.181273765498,0.32590290939883965,1.1365790988667654,0.14884320800836159,0.14625500139388353,0.41973629471970342,0.20025823219270936,0,0,0,12.8872,0.32300000000000001,4.4256246286879621
常规控制,5.7337876739501592,36298.144787519195,0.33265136640787329,1.1601872780716027,0.15192699653680952,0.14930082295438071,0.42845474614503504,0.20441784786535649,0,0,0,12.8872,0.32300000000000001,4.4256201801336656
常规控制,5.7540484077803713,36298.107545792162,0.33953955428187993,1.1842842859831084,0.1550746244714252,0.15240972627264962,0.43735372099394049,0.20866359214334237,0,0,0,12.8872,0.32300000000000001,4.4256156394680284
常规控制,5.7743091416105843,36298.069532943293,0.34657036585252865,1.2088802430634702,0.15828741355192755,0.15558301740597821,0.44643695673203315,0.21299724818972929,0,0,0,12.8872,0.32300000000000001,4.4256110047840247
常规控制,5.7945698754407964,36298.030733007763,0.35374675382526866,1.2339854792535394,0.16156671287357882,0.1588220294512156,0.4557082681849618,0.21742063607642936,0,0,0,12.8872,0.32300000000000001,4.4256062741351538
常规控制,5.8148306092710094,36297.991129690286,0.36107173201774295,1.2596105383061607,0.16491389945299265,0.16212812310434432,0.46517154913869818,0.2219356135477098,0,0,0,12.8872,0.32300000000000001,4.4256014455346273
常规控制,5.8350913431012215,36297.950706358308,0.36854837662220075,1.2857661822034916,0.16833037880490573,0.16550268723090922,0.47483077397084572,0.22654407679849808,0,0,0,12.8872,0.32300000000000001,4.4255965169545348
常规控制,5.8553520769314344,36297.909446035017,0.37617982749584689,1.3124633956721046,0.1718175855317135,0.16894713944908182,0.4846899993180559,0.23124796126991448,0,0,0,12.8872,0.32300000000000001,4.4255914863249961
常规控制,5.8756128107616465,36297.867331392241,0.38396928947900305,1.3397133907954228,0.17537698392571138,0.17246292672530494,0.49475336577939216,0.2360492424619553,0,0,0,12.8872,0.32300000000000001,4.4255863515332861
常规控制,5.8958735445918595,36297.824344743138,0.39192003374097634,1.3675276117231381,0.17901006858399474,0.17605152598247134,0.50502509965550757,0.24094993676326296,0,0,0,12.8872,0.32300000000000001,4.425581110422951
常规控制,5.9161342784220716,36297.780468034776,0.40003539915350961,1.3959177394771636,0.1827183650359597,0.17971444472058146,0.51550951472347339,0.24595210229790543,0,0,0,12.8872,0.32300000000000001,4.4255757607929054
常规控制,5.9363950122522846,36297.73568284059,0.40831879369170943,1.4248956968537667,0.18650343038335729,0.18345322164983355,0.52621101404712656,0.25105783978910184,0,0,0,12.8872,0.32300000000000001,4.4255703003965046
常规控制,5.9566557460824967,36297.689970352592,0.41677369586232665,1.4544736534214413,0.19036685395284361,0.18726942733609145,0.53713409182277316,0.25626929343981658,0,0,0,12.8872,0.32300000000000001,4.4255647269406007
常规控制,5.9769164799127097,36297.643311373577,0.42540365615928394,1.4846640306141565,0.19431025796097809,0.1911646648586838,0.54828333526011541,0.2615886518301585,0,0,0,12.8872,0.32300000000000001,4.4255590380845904
常规控制,5.9971772137429227,36297.595686309025,0.4342122985463267,1.5154795069195477,0.19833529819161283,0.19514057048047931,0.55966342649823864,0.26701814883150826,0,0,0,12.8872,0.32300000000000001,4.425553231439431
常规控制,6,36297.588973239872,0.43545393492353424,1.519823152970893,0.19890265332619278,0.19570100207471586,0.56126752594101681,0.26778347249475404,0,0,0,12.8872,0.32300000000000001,4.4255524129542305
常规控制,6.0174379475731348,36297.547075159004,0.44320332196984369,1.5469330231727116,0.2024436646870654,0.19919881433161507,0.57127914456059981,0.2725600645392523,0,0,0,12.8872,0.32300000000000001,4.4255473045666456
常规控制,6.0376986814033478,36297.497457509533,0.45238050194218976,1.5790377880967079,0.20663708247150181,0.20334110112508832,0.58313536740112293,0.27821672624898491,0,0,0,12.8872,0.32300000000000001,4.4255412549772766
常规控制,6.0579594152335599,36297.446812524155,0.46174769210599964,1.611807283776624,0.21091731226563362,0.20756917086380292,0.59523707392575931,0.28399050942100484,0,0,0,12.8872,0.32300000000000001,4.4255350801308584
常规控制,6.0782201490637728,36297.395118935208,0.47130882584940526,1.6452552713117827,0.21528615122467093,0.21188479957063239,0.60758934607983672,0.28988383867619982,0,0,0,12.8872,0.32300000000000001,4.4255287774343506
常规控制,6.0984808828939849,36297.342355034896,0.48106791795549764,1.6793957965878263,0.21974543369191993,0.21628980003398363,0.62019737097967764,0.29589918881305155,0,0,0,12.8872,0.32300000000000001,4.4255223442410463
常规控制,6.1187416167241979,36297.288498666188,0.49102906628300969,1.7142431961580917,0.22429703196664372,0.2207860225674958,0.63306644308457916,0.30203908584389816,0,0,0,12.8872,0.32300000000000001,4.42551577784947
常规控制,6.13900235055441,36297.233527213553,0.50119645348418596,1.7498121032551581,0.22894285708891207,0.22537535578656975,0.64620196641686423,0.30830610805413161,0,0,0,12.8872,0.32300000000000001,4.4255090755022408
常规控制,6.159263084384623,36297.177417593433,0.51157434875970087,1.7861174539320788,0.2336848596413765,0.23005972740166705,0.65960945682982719,0.31470288708424538,0,0,0,12.8872,0.32300000000000001,4.4255022343849175
常规控制,6.1795238182148351,36297.120146244582,0.52216710965045621,1.8231744933327192,0.23852503056789387,0.2348411050283056,0.67329454432335523,0.32123210903462873,0,0,0,12.8872,0.32300000000000001,4.4254952516248158
常规控制,6.1997845520450481,36297.061689118185,0.53297918386611975,1.8609987820907115,0.24346540200893488,0.23972149701369005,0.6872629754070495,0.32789651559302357,0,0,0,12.8872,0.32300000000000001,4.425488124289803
常规控制,6.2200452858752602,36297.002021667729,0.54401511115023637,1.8996062028564435,0.24850804815369995,0.24470295327990366,0.70152061551062905,0.33469890518453926,0,0,0,12.8872,0.32300000000000001,4.4254808493870659
常规控制,6.2403060197054732,36296.941118838738,0.55527952518177193,1.9390129669516025,0.25365508610887999,0.2497875661836009,0.71607345144143852,0.34164213414414263,0,0,0,12.8872,0.32300000000000001,4.4254734238618614
常规控制,6.2605667535356861,36296.878955058324,0.5667771555129234,1.9792356211506794,0.25890867678398383,0.25497747139212701,0.73092759388884543,0.34872911791151701,0,0,0,12.8872,0.32300000000000001,4.4254658445962356
常规控制,6.2808274873658982,36296.815504224469,0.57851282954305139,2.0202910545889545,0.26427102579316852,0.26027484877600243,0.74608927997534369,0.3559628322482068,0,0,0,12.8872,0.32300000000000001,4.4254581084077218
常规控制,6.3010882211961112,36296.750739695133,0.59049147453205597,2.0621965058085689,0.2697443843750883,0.26568192331927237,0.76156487585865307,0.36334631447909155,0,0,0,12.8872,0.32300000000000001,4.4254502120480135
常规控制,6.3213489550263233,36296.684634276899,0.60271811970682199,2.1049695701303066,0.27533105035526428,0.27120096607193878,0.77736087945410404,0.37088266479124904,0,0,0,12.8872,0.32300000000000001,4.425442152201577
常规控制,6.3416096888565363,36296.617160213675,0.61519789834638294,2.148628206951039,0.28103336909872828,0.27683429509284746,0.79348392312956706,0.3785750475197196,0,0,0,12.8872,0.32300000000000001,4.4254339254842714
常规控制,6.3618704226867484,36296.548289175058,0.62793604993012153,2.1931907472618106,0.28685373449146545,0.28258427642109973,0.80994077648186802,0.38642669247214673,0,0,0,12.8872,0.32300000000000001,4.4254255284419406
常规控制,6.3821311565169614,36296.477992244487,0.6409379223340288,2.2386759013341844,0.29279458994381119,0.28845332506923371,0.82673834917533795,0.39444089628306372,0,0,0,12.8872,0.32300000000000001,4.425416957548955
常规控制,6.4023918903471735,36296.406239907104,0.65420897406773448,2.2851027665493504,0.29885842941247431,0.29444390603488441,0.84388369383308726,0.40262102379333409,0,0,0,12.8872,0.32300000000000001,4.4254082092067417
常规控制,6.4226526241773865,36296.333002037427,0.66775477656103654,2.3324908354005331,0.30504779844517271,0.30055853533486759,0.86138400899227818,0.41097050946012675,0,0,0,12.8872,0.32300000000000001,4.4253992797422788
常规控制,6.4429133580075986,36296.25824788669,0.68158101649970415,2.3808600036679231,0.31136529524777867,0.30679978106158751,0.87924664212310988,0.41949285879728859,0,0,0,12.8872,0.32300000000000001,4.4253901654065464
常规控制,6.4631740918378116,36296.181946069955,0.69569349821036863,2.4302305787654825,0.31781357177388941,0.31317026446168994,0.89747909271127579,0.42819164984599994,0,0,0,12.8872,0.32300000000000001,4.4253808623729638
常规控制,6.4834348256680236,36296.104064552943,0.71009814609427468,2.4806232882588408,0.32439533483671817,0.31967266103686071,0.9160890154036061,0.43707053467557544,0,0,0,12.8872,0.32300000000000001,4.4253713667357797
常规控制,6.5036955594982366,36296.02457063859,0.72480100710971074,2.532059288553643,0.33111334724322239,0.32630970166669099,0.93508422321665474,0.44613324091429729,0,0,0,12.8872,0.32300000000000001,4.4253616745084337
常规控制,6.5239562933284496,36295.943430953404,0.73980825330288513,2.5845601737535575,0.33797042895036439,0.33308417375351013,0.95447269080794561,0.45538357331014212,0,0,0,12.8872,0.32300000000000001,4.425351781621889
常规控制,6.5442170271586617,36295.860611433454,0.7551261843870668,2.6381479846873011,0.34496945824341846,0.33999892238910451,0.97426255780963167,0.46482541532128635,0,0,0,12.8872,0.32300000000000001,4.4253416839229311
常规控制,6.5644777609888747,36295.776077310213,0.77076123036977195,2.6928452181039253,0.35211337293622724,0.34705685154322963,0.99446213222429702,0.47446273073625972,0,0,0,12.8872,0.32300000000000001,4.4253313771724363
常规控制,6.5847384948190868,36295.689793096011,0.78671995423190788,2.7486748360500672,0.35940517159519225,0.35426092527568559,1.0150798938879551,0.4842995653261587,0,0,0,12.8872,0.32300000000000001,4.4253208570436025
常规控制,6.6049992286492998,36295.601722568936,0.80300905472982254,2.8056602756773685,0.36684791481941542,0.36161416900399562,1.0361244980919084,0.49434004857265335,0,0,0,12.8872,0.32300000000000001,4.4253101191201027
常规控制,6.6252599624795119,36295.511828757757,0.81963536917245505,2.8638254589629972,0.37444472650945965,0.36911967075995705,1.0576047791725163,0.50458839538068345,0,0,0,12.8872,0.32300000000000001,4.4252991588942523
常规控制,6.6455206963097249,36295.420073926522,0.83660587627858962,2.9231948027106083,0.38219879517270405,0.37678058248247437,1.0795297542045299,0.51504890784056601,0,0,0,12.8872,0.32300000000000001,4.425287971765127
常规控制,6.665781430139937,36295.326419558682,0.85392769909987076,2.9837932287815931,0.39011337525873968,0.38460012134021176,1.1019086267794715,0.52572597703067847,0,0,0,12.8872,0.32300000000000001,4.42527655303663
常规控制,6.6860421639701499,36295.230826341052,0.87160810799749822,3.0456461745143639,0.3981917885192871,0.3925815710786118,1.1247507908534526,0.53662408485327218,0,0,0,12.8872,0.32300000000000001,4.425264897915536
常规控制,6.706302897800362,36295.133254147317,0.889654523684693,3.1087796033739608,0.40643742539815808,0.40072828339674249,1.1480658346800534,0.54774780591086758,0,0,0,12.8872,0.32300000000000001,4.4252530015094749
常规控制,6.726563631630575,36295.033662021197,0.90807452033468061,3.1732200158311246,0.41485374645114687,0.40904367935386698,1.171863544827942,0.55910180942308019,0,0,0,12.8872,0.32300000000000001,4.4252408588248917
常规控制,6.746824365460788,36294.93200815934,0.92687582875389207,3.2389944604697924,0.42344428379571358,0.41753125080560632,1.1961539102828471,0.57069086118369228,0,0,0,12.8872,0.32300000000000001,4.4252284647649454
常规控制,6.7670850992910001,36294.828249893762,0.94606633962012565,3.3061305453221279,0.43221264259034126,0.42619456186958576,1.2209471266335645,0.5825198255578159,0,0,0,12.8872,0.32300000000000001,4.4252158141273803
常规控制,6.7873458331212131,36294.722343673988,0.96565410678538433,3.3746564494301019,0.44116250254343753,0.43503725042044283,1.2462536003416211,0.59459366751897147,0,0,0,12.8872,0.32300000000000001,4.4252029016023418
常规控制,6.8076065669514252,36294.614245048826,0.98564735064310638,3.4446009346326423,0.45029761945164942,0.44406302961407562,1.2720839530942478,0.60691745472591141,0,0,0,12.8872,0.32300000000000001,4.4251897217701561
常规控制,6.8278673007816382,36294.503908647821,1.0060544615595295,3.5159933575774658,0.45962182676747521,0.45327568944102131,1.2984490262403225,0.61949635963903138,0,0,0,12.8872,0.32300000000000001,4.4251762690990679
常规控制,6.8481280346118503,36294.391288162333,1.0268840033688902,3.5888636819565494,0.46913903719603395,0.46267909830883563,1.3253598853089044,0.63233566167618327,0,0,0,12.8872,0.32300000000000001,4.4251625379429393
常规控制,6.8683887684420633,36294.276336326264,1.0481447169375804,3.663242490983178,0.47885324432333459,0.47227720465579515,1.3528278246169816,0.64544074941105622,0,0,0,12.8872,0.32300000000000001,4.4251485225388905
常规控制,6.8886495022722753,36294.159004895882,1.0698455238909645,3.7391610004384233,0.48876852431885587,0.48207403863824483,1.3808643720875091,0.65881712287188399,0,0,0,12.8872,0.32300000000000001,4.4251342170048442
常规控制,6.9089102361024883,36294.039244629821,1.0919955303083322,3.8166510716064943,0.49888903762355924,0.4920737138037618,1.4094812940264059,0.67247039582057488,0,0,0,12.8872,0.32300000000000001,4.4251196153370911
常规控制,6.9291709699327004,36293.917005268566,1.1146040305233542,3.895745224579561,0.50921903068609786,0.50228042881216051,1.4386906000360005,0.68640629809693976,0,0,0,12.8872,0.32300000000000001,4.4251047114077808
常规控制,6.9494317037629134,36293.792235513349,1.1376805110121659,3.9764766518695525,0.51976283773905363,0.51269846919629591,1.4685045480418368,0.7006306780170064,0,0,0,12.8872,0.32300000000000001,4.4250894989623575
常规控制,6.9696924375931255,36293.664883004785,1.1612346543526906,4.0588792322695868,0.53052488260771324,0.52333220915526157,1.4989356494116739,0.7151495048153188,0,0,0,12.8872,0.32300000000000001,4.4250739716169454
常规控制,6.9899531714233385,36293.53489430093,1.1852763432713065,4.14298754502141,0.54150968055874338,0.53418611338726552,1.5299966741874909,0.72996887114115194,0,0,0,12.8872,0.32300000000000001,4.4250581228556847
常规控制,7,36293.469441400171,1.1973819878006453,4.185338402317651,0.54704082161032597,0.53965137126279872,1.5456367576075107,0.73743083117758668,0,0,0,12.8872,0.32300000000000001,4.4250501425668816
常规控制,7.0102139052535515,36293.402214854956,1.2098156647764595,4.2288368842874444,0.55272184018857884,0.54526473896201466,1.5617006564299831,0.74509499560839709,0,0,0,12.8872,0.32300000000000001,4.4250419460279975
常规控制,7.0304746390837636,36293.266788992281,1.2348629143788654,4.3164632739262485,0.56416606535136504,0.55657273723246137,1.5940608996751109,0.76053422539890858,0,0,0,12.8872,0.32300000000000001,4.4250254343458089
常规控制,7.0507353729139766,36293.128559887286,1.2604286003979293,4.4059034825700847,0.57584715712628021,0.56811485578575138,1.6270909825022117,0.77629303891907631,0,0,0,12.8872,0.32300000000000001,4.4250085808807045
常规控制,7.0709961067441887,36292.987469539556,1.2865234483539871,4.4971950390032571,0.58777001582405952,0.57989594043321135,1.66080476421319,0.79237804850939519,0,0,0,12.8872,0.32300000000000001,4.4249913785610318
常规控制,7.0912568405744016,36292.843458749609,1.313158405446037,4.5903762478400401,0.59993964303256575,0.59192093723923134,1.6952163906223423,0.80879600320681944,0,0,0,12.8872,0.32300000000000001,4.4249738201689475
常规控制,7.1115175744046137,36292.696467094262,1.3403446451145402,4.6854862055007906,0.61236114370121753,0.60419489458887243,1.7303402999563033,0.82555379155965447,0,0,0,12.8872,0.32300000000000001,4.4249558983374033
常规控制,7.1317783082348267,36292.546432901436,1.3680935716889642,4.7825648164850927,0.62503972826412268,0.61672296529405424,1.7661912288636834,0.84265844449478555,0,0,0,12.8872,0.32300000000000001,4.424937605547087
常规控制,7.1520390420650388,36292.393293224522,1.3964168251274178,4.8816528099676706,0.63798071480527396,0.62951040874166042,1.8027842185439054,0.8601171382417746,0,0,0,12.8872,0.32300000000000001,4.4249189341232862
常规控制,7.1722997758952518,36292.236983815586,1.4253262859722644,4.9827917571505669,0.65118953132241109,0.64256259313953157,1.8401346211553271,0.8779371973902077,0,0,0,12.8872,0.32300000000000001,4.4248998762326259
常规控制,7.1925605097254639,36292.077439098735,1.4548340802602111,5.0860240884566723,0.66467171797006752,0.65588499774225972,1.8782581061647772,0.89612609791908882,0,0,0,12.8872,0.32300000000000001,4.4248804238798227
常规控制,7.2128212435556769,36291.91459214285,1.4849525845769465,5.191393111229627,0.67843292936864863,0.66948321514262144,1.9171706668840911,0.91469147031545261,0,0,0,12.8872,0.32300000000000001,4.4248605689043554
常规控制,7.233081977385889,36291.748374633535,1.5156944312252025,5.2989430278312675,0.69247893696531482,0.68336295361464039,1.95688862715346,0.9336411027630247,0,0,0,12.8872,0.32300000000000001,4.4248403029770511
常规控制,7.253342711216102,36291.57871684467,1.547072513488283,5.408718954073783,0.70681563143846671,0.69753003950016568,1.9974286481483896,0.95298294438985232,0,0,0,12.8872,0.32300000000000001,4.4248196175966132
常规控制,7.273603445046315,36291.405547609298,1.5790999910093257,5.5207669380575428,0.72144902515509268,0.71199041964813858,2.0388077353364689,0.97272510858741446,0,0,0,12.8872,0.32300000000000001,4.4247985040860716
常规控制,7.293864178876527,36291.228794289884,1.611790295285831,5.6351339794129753,0.73638525468076355,0.72675016390635594,2.0810432455833552,0.99287587640092145,0,0,0,12.8872,0.32300000000000001,4.4247769535891557
常规控制,7.31412491270674,36291.04838274794,1.6451571352789365,5.7518680489447149,0.75163058334203436,0.74181546766551709,2.1241528944073202,1.0134436999904941,0,0,0,12.8872,0.32300000000000001,4.4247549570665941
常规控制,7.3343856465369521,36290.864237313057,1.679214503136919,5.8710181086762576,0.76719140384101792,0.75719265445533868,2.1681547633816955,1.0344372061629066,0,0,0,12.8872,0.32300000000000001,4.4247325052923374
常规控制,7.3546463803671651,36290.67628075133,1.7139766800324534,5.992634132293496,0.7830742409219138,0.77288817859254888,2.2130673076846308,1.0558651999736126,0,0,0,12.8872,0.32300000000000001,4.4247095888497086
常规控制,7.3749071141973772,36290.484434233098,1.7494582421130804,6.1167671259852554,0.79928575408923996,0.78890862788052907,2.2589093637954574,1.0777366683987193,0,0,0,12.8872,0.32300000000000001,4.4246861981274677
常规控制,7.3951678480275902,36290.28861730019,1.7856740665644235,6.2434691496792754,0.81583274037755782,0.8052607263604219,2.3057001573370957,1.1000607840766352,0,0,0,12.8872,0.32300000000000001,4.4246623233158218
常规控制,7.4154285818578023,36290.088747832429,1.8226393377856016,6.3727933386717135,0.83272213717243759,0.82195133711347257,2.3534593110637827,1.1228469091190576,0,0,0,12.8872,0.32300000000000001,4.4246379544023391
常规控制,7.4356893156880153,36289.884742013579,1.8603695536886495,6.5047939256915548,0.84996102508805782,0.83898746511995947,2.4022068530094129,1.1461045989985825,0,0,0,12.8872,0.32300000000000001,4.4246130811677968
常规控制,7.4559500495182274,36289.676514295687,1.8988805322848958,6.639526263970124,0.86755663097588775,0.85637626024836422,2.4519632250070624,1.1698436066134139,0,0,0,12.8872,0.32300000000000001,4.4245876931818335
常规控制,7.4762107833484404,36289.463977363783,1.9381884182012699,6.7770468500665615,0.88551633090133186,0.87412502021352922,2.5027492911183895,1.1940738863090692,0,0,0,12.8872,0.32300000000000001,4.4245617797986467
常规控制,7.4964715171786525,36289.247042099516,1.9783096894008492,6.9174133474090223,0.90384765321366367,0.8922411936277046,2.5545863463273504,1.2188055980261954,0,0,0,12.8872,0.32300000000000001,4.4245353301525574
常规控制,7.5167322510088654,36289.025617543986,2.0192611640462808,7.0606846103370291,0.92255828168121001,0.91073238311685178,2.6074961254189888,1.2440491115366816,0,0,0,12.8872,0.32300000000000001,4.4245083331534802
常规控制,7.5369929848390784,36288.799610859904,2.0610600074919492,7.2069207085955576,0.94165605868532953,0.9296063484958127,2.6615008120250523,1.2698150107593673,0,0,0,12.8872,0.32300000000000001,4.4244807774823078
常规控制,7.5572537186692905,36288.568927292879,2.1037237394293062,7.3561829523663036,0.96114898848434072,0.94887101001340701,2.7166230478679849,1.2961140981703974,0,0,0,12.8872,0.32300000000000001,4.4244526515861926
常规控制,7.5775144524995035,36288.333470131933,2.1472702411846529,7.5085339178337449,0.98104524054707265,0.96853445166717467,2.772885942202425,1.3229573993078039,0,0,0,12.8872,0.32300000000000001,4.4244239436737329
常规控制,7.5977751863297156,36288.093140669174,2.1917177631686648,7.6640374732835799,1.0013531529557145,0.98860492458747951,2.8303130814532977,1.3503561673698892,0,0,0,12.8872,0.32300000000000001,4.4243946417100508
常规控制,7.6180359201599286,36287.847838158596,2.2370849324770226,7.8227588057313389,1.022081235877669,1.0090908504907199,2.8889285390497137,1.3783218879070269,0,0,0,12.8872,0.32300000000000001,4.4243647334117773
常规控制,7.6382966539901407,36287.597459774144,2.2833907606413937,7.9847644480786508,1.0432381751060664,1.0300008252013477,2.948756885453713,1.4068662836064241,0,0,0,12.8872,0.32300000000000001,4.4243342062419355
常规控制,7.6585573878203537,36287.341900566935,2.3306546515301432,8.1501223067949962,1.0648328356686503,1.0513436222424426,3.0098231983830863,1.4360013191694783,0,0,0,12.8872,0.32300000000000001,4.4243030474047202
常规控制,7.6788181216505658,36287.081053421651,2.3788964093980143,8.3189016901224093,1.0868742655046919,1.073128196494546,3.0721530732273092,1.4657392062812713,0,0,0,12.8872,0.32300000000000001,4.4242712438401899
常规控制,7.6990788554807787,36286.814809012154,2.4281362470841645,8.4911733368009816,1.1093716992096423,1.0953636879225017,3.1357726336558107,1.4960924086718264,0,0,0,12.8872,0.32300000000000001,4.4242387822188478
常规控制,7.7193395893109908,36286.54305575617,2.4783947943784548,8.6670094453849149,1.1323345618566232,1.1180594253793412,3.2007085424443313,1.5270736472814164,0,0,0,12.8872,0.32300000000000001,4.4242056489361206
常规控制,7.7396003231412038,36286.265679767937,2.529693106767938,8.8464837048908347,1.1557724729915746,1.1412249305830469,3.2669880127932824,1.5586959056606056,0,0,0,12.8872,0.32300000000000001,4.4241718301065855
常规控制,7.7598610569714159,36285.982564811413,2.5820526740727692,9.0296713250611678,1.1796952505778464,1.1648699220444758,3.3346388195039469,1.5909724353024732,0,0,0,12.8872,0.32300000000000001,4.4241373115582627
常规控制,7.7801217908016289,36285.693592251933,2.635495429375835,9.2166490676572614,1.2041129150749343,1.1890043191291302,3.4036893105349617,1.6239167611562664,0,0,0,12.8872,0.32300000000000001,4.4241020788267207
常规控制,7.8003825246318419,36285.398641006876,2.6900437581276422,9.4074952783679588,1.2290356935972429,1.2136382461993729,3.4741684187860926,1.6575426872494941,0,0,0,12.8872,0.32300000000000001,4.4240661171490672
常规控制,7.820643258462054,36285.097587495424,2.7457205074257089,9.602289919331005,1.2544740241525281,1.2387820368367544,3.5461056741083192,1.6918643024180009,0,0,0,12.8872,0.32300000000000001,4.4240294114578163
常规控制,7.840903992292267,36284.790305587179,2.8025489954960765,9.8011146023640112,1.2804385599726325,1.2644462381569752,3.6195312155759578,1.7268959861610544,0,0,0,12.8872,0.32300000000000001,4.4239919463746249
常规控制,7.8611647261224791,36284.476666549737,2.8605530213759613,10.00405262290163,1.3069401739360647,1.2906416152171147,3.6944758040195977,1.7626524146208709,0,0,0,12.8872,0.32300000000000001,4.4239537062039087
常规控制,7.8814254599526921,36284.156538995143,2.9197568747966596,10.21118899463603,1.3339899630820165,1.3173791555147878,3.7709708348187441,1.7991485666860469,0,0,0,12.8872,0.32300000000000001,4.4239146749263014
常规控制,7.9016861937829042,36283.829788825249,2.9801853462656807,10.422610484857071,1.3615992532153436,1.344670073578824,3.8490483509528861,1.8363997302182891,0,0,0,12.8872,0.32300000000000001,4.4238748361920033
常规控制,7.9219469276131171,36283.496279176077,3.041863737347235,10.638405650489394,1.3897796036021128,1.3725258156511495,3.9287410563099057,1.8744215084019189,0,0,0,12.8872,0.32300000000000001,4.4238341733139883
常规控制,7.9422076614433292,36283.155870360992,3.1048178711400469,10.858664874822798,1.4185428117552386,1.4009580644594679,4.0100823292505368,1.9132298262155436,0,0,0,12.8872,0.32300000000000001,4.4237926692610845
常规控制,7.9624683952735422,36282.808419812893,3.1690741029516301,11.083480404933074,1.447900918309815,1.4299787440804044,4.0931062364278015,1.9528409370253756,0,0,0,12.8872,0.32300000000000001,4.4237503066509216
常规控制,7.9827291291037543,36282.453782025332,3.2346593311679834,11.312946389789753,1.4778662119876629,1.4596000248927243,4.1778475468601153,1.9932714292995821,0,0,0,12.8872,0.32300000000000001,4.4237070677427504
常规控制,8,36282.145691927668,3.2916360724350668,11.51229400632557,1.5038983504535375,1.4853336262844599,4.251466206581533,2.0283952507028582,0,0,0,12.8872,0.32300000000000001,4.4236695041217589
常规控制,8.0029898629339673,36282.091808492332,3.3016010083539293,11.547158919174118,1.5084512346671848,1.4898343286365978,4.2643417463036402,2.0345382334653994,0,0,0,12.8872,0.32300000000000001,4.4236629344301068
常规控制,8.0232505967641803,36281.722347645584,3.3699271528524526,11.786216064346824,1.5396687866811225,1.5206943337003502,4.3526250522707359,2.0766586290745161,0,0,0,12.8872,0.32300000000000001,4.4236178882331529
常规控制,8.0435113305943933,36281.345244792472,3.4396663602130255,12.030217918120561,1.5715319320361092,1.552192980331897,4.4427344288287278,2.1196502518636313,0,0,0,12.8872,0.32300000000000001,4.423571910291126
常规控制,8.0637720644246045,36280.96034205184,3.5108478150428386,12.279266636416185,1.6040540038253603,1.5843434760433439,4.5347076019464838,2.1635311010763867,0,0,0,12.8872,0.32300000000000001,4.4235249813545021
常规控制,8.0840327982548175,36280.567478288693,3.5835013030685583,12.533466480559467,1.6372486097374608,1.6171593011129735,4.6285830751145269,2.208319546915793,0,0,0,12.8872,0.32300000000000001,4.4234770817770315
常规控制,8.1042935320850304,36280.166489047457,3.6576572234345734,12.792923860409335,1.6711296376731137,1.6506542141963525,4.7244001452722042,2.2540343381431636,0,0,0,12.8872,0.32300000000000001,4.4234281915076146
常规控制,8.1245542659152434,36279.757206483941,3.7333466012672414,13.057747378421066,1.7057112614833285,1.6848422580599991,4.8221989190801251,2.3006946098417727,0,0,0,12.8872,0.32300000000000001,4.4233782900819882
常规控制,8.1448149997454546,36279.339459295763,3.8106011005037068,13.328047874639607,1.7410079468283908,1.7197377654370827,4.9220203295361049,2.3483198913444041,0,0,0,12.8872,0.32300000000000001,4.4233273566142586
常规控制,8.1650757335756676,36278.913072651405,3.8894530369840496,13.603938472618891,1.7770344571570431,1.7553553650047069,5.0239061529330762,2.3969301143240522,0,0,0,12.8872,0.32300000000000001,4.4232753697882412
常规控制,8.1853364674058806,36278.477868117814,3.9699353918053264,13.885534626262338,1.8138058598052154,1.791709987482238,5.1278990261571815,2.4465456210469276,0,0,0,12.8872,0.32300000000000001,4.4232223078486408
常规控制,8.2055972012360936,36278.03366358659,4.0520818249363222,14.172954167580562,1.8513375322137595,1.8288168718502642,5.2340424643246033,2.4971871727870711,0,0,0,12.8872,0.32300000000000001,4.4231681485920449
常规控制,8.2258579350663048,36277.580273198764,4.13592668909157,14.466317355361507,1.8896451682645297,1.8666915716896395,5.3423808787553346,2.5488759584017329,0,0,0,12.8872,0.32300000000000001,4.4231128693577588
常规控制,8.2461186688965178,36277.117507268187,4.2215050438634156,14.765746924748832,1.9287447847342358,1.9053499616401788,5.4529595952823806,2.6016336030667788,0,0,0,12.8872,0.32300000000000001,4.423056447018463
常规控制,8.2663794027267308,36276.645172203491,4.3088526701106717,15.071368137723756,1.9686527278654098,1.9448082439784575,5.5658248728945932,2.6554821771712751,0,0,0,12.8872,0.32300000000000001,4.4229988579706934
常规控制,8.2866401365569438,36276.163070428367,4.3980060846662878,15.383308834708956,2.009385680082997,1.9850829553430638,5.6810239227938899,2.7104442054097873,0,0,0,12.8872,0.32300000000000001,4.4229400781251291
常规控制,8.3069008703871567,36275.671000298287,4.4890025556896713,15.701699488434688,2.0509606670053304,2.0261909737548116,5.7986049282878929,2.7665426762732483,0,0,0,12.8872,0.32300000000000001,4.4228800828964348
常规控制,8.327161604217368,36275.168756018611,4.5818801177660529,16.026673256925722,2.0933950643394104,2.0681495255260463,5.9186170643579015,2.8238010513849368,0,0,0,12.8872,0.32300000000000001,4.4228188471932741
常规控制,8.3474223380475809,36274.656127559465,4.6766775876077062,16.358366038600977,2.1367066050510126,2.1109761924457042,6.0411105180070654,2.8822432752086877,0,0,0,12.8872,0.32300000000000001,4.4227563454079357
常规控制,8.3676830718777939,36274.132900569188,4.7734345800042268,16.696916528251709,2.1809133866484274,2.1546889190809413,6.1661365089330147,2.94189378491191,0,0,0,12.8872,0.32300000000000001,4.4226925514057758
常规控制,8.3879438057080069,36273.598856286095,4.8721915240924556,17.042466274145344,2.2260338786120908,2.1993060202272399,6.2937473106161921,3.0027775204269265,0,0,0,12.8872,0.32300000000000001,4.422627438514465
常规控制,8.4082045395382181,36273.053771448336,4.9729896799748925,17.395159736356163,2.27208692998326,2.244846188520238,6.4239962718612436,3.0649199347284797,0,0,0,12.8872,0.32300000000000001,4.4225609795129923
常规控制,8.4284652733684311,36272.497418201849,5.0758711556847951,17.755144346316975,2.3190917771109225,2.2913285022086618,6.556937838789338,3.1283470043263741,0,0,0,12.8872,0.32300000000000001,4.4224931466204476
常规控制,8.4487260071986441,36271.929564006445,5.1808789244959845,18.122570567585143,2.3670680515560085,2.3387724330876698,6.6926275772789259,3.1930852399720706,0,0,0,12.8872,0.32300000000000001,4.4224239114845689
常规控制,8.4689867410288571,36271.349971540032,5.2880568425756502,18.497591957817331,2.4160357881521324,2.38719785459203,6.8311221958528883,3.2591616975782594,0,0,0,12.8872,0.32300000000000001,4.4223532451700605
常规控制,8.4892474748590683,36270.758398600978,5.397449666978134,18.880365231946303,2.4660154332219197,2.4366250500484248,6.9724795690095949,3.3266039893502186,0,0,0,12.8872,0.32300000000000001,4.4222811181466977
常规控制,8.5095082086892813,36270.154598008601,5.509103073977947,19.271050326553993,2.5170278529481336,2.4870747210862914,7.116758760995749,3.3954402951279556,0,0,0,12.8872,0.32300000000000001,4.4222075002771888
常规控制,8.5297689425194942,36269.538317501894,5.6230636777399807,19.669810465434072,2.5690943418986363,2.5385679962064769,7.2640200500185017,3.4656993739379249,0,0,0,12.8872,0.32300000000000001,4.4221323608048255
常规控制,8.5500296763497072,36268.909299636296,5.739379049325251,20.076812226338507,2.6222366317044425,2.5911264395071552,7.4143249528948187,3.5374105757533623,0,0,0,12.8872,0.32300000000000001,4.4220556683409002
常规控制,8.5702904101799202,36268.267281678185,5.8580977361408966,20.492225609289093,2.6764768999405102,2.6447720596164057,7.5677362502787915,3.6106038535303528,0,0,0,12.8872,0.32300000000000001,4.4219773908518416
常规控制,8.5905511440101314,36267.611995494844,5.9792692822041156,20.916224107748754,2.7318377793781479,2.6995273189992246,7.7243180129450391,3.6853097757477804,0,0,0,12.8872,0.32300000000000001,4.4218974956458004
常规控制,8.6108118778403444,36266.943167446356,6.1029442480540883,21.348984778571435,2.7883423670763756,2.7554151431113429,7.8841356276210757,3.7615595387320639,0,0,0,12.8872,0.32300000000000001,4.4218159493594618
常规控制,8.6310726116705574,36266.260518272982,6.2291742315012595,21.790688314894311,2.8460142338555841,2.8124589299383684,8.047255823906232,3.8393849795003145,0,0,0,12.8872,0.32300000000000001,4.4217327179443195
常规控制,8.6513333455007704,36265.563762980848,6.3580118886705836,22.241519120071121,2.904877433905237,2.8706825596748748,8.2137467015750953,3.918818588786936,0,0,0,12.8872,0.32300000000000001,4.4216477666527458
常规控制,8.6715940793309816,36264.852610725393,6.4895109554731336,22.701665383117167,2.9649565145869929,2.9301104046042892,8.3836777584391839,3.9998935243365681,0,0,0,12.8872,0.32300000000000001,4.4215610600237607
常规控制,8.6918548131611946,36264.126764692242,6.6237262695321668,23.171319155757896,3.026276526445181,2.9907673391917187,8.5571199188008329,4.0826436244795712,0,0,0,12.8872,0.32300000000000001,4.4214725618685309
常规控制,8.7121155469914076,36263.385921975729,6.7607137925607885,23.650676431071684,3.0888630334232889,3.0526787503887909,8.734145562495808,4.1671034219883989,0,0,0,12.8872,0.32300000000000001,4.4213822352555399
常规控制,8.7323762808216205,36262.629773454828,6.9005306331887519,24.139937223718849,3.1527421232853392,3.1158705481497337,8.9148285545217032,4.2533081582134589,0,0,0,12.8872,0.32300000000000001,4.4212900424954737
常规控制,8.7526370146518317,36261.858003666792,7.0432350702355295,24.63930565174741,3.2179404182408229,3.1803691761577482,9.09924427524866,4.3412937974967774,0,0,0,12.8872,0.32300000000000001,4.4211959451258043
常规控制,8.7728977484820447,36261.070290678246,7.1888865764271026,25.148990019967375,3.2844850857720189,3.2462016227608914,9.2874696512093013,4.4310970418620457,0,0,0,12.8872,0.32300000000000001,4.421099903895084
常规控制,8.7931584823122577,36260.266305953955,7.3375458425535927,25.669202904884099,3.3524038496623603,3.3133954321164945,9.4795831864644384,4.5227553459793421,0,0,0,12.8872,0.32300000000000001,4.4210018787469352
常规控制,8.8134192161424707,36259.445714223155,7.4892748020652897,26.200161241182645,3.4217250012247331,3.3819787155433865,9.6756649945415898,4.6163069324031518,0,0,0,12.8872,0.32300000000000001,4.420901828803756
常规控制,8.8336799499726837,36258.608173343506,7.6441366561042132,26.74208640975397,3.4924774107283656,3.4519801630809575,9.8757968309428339,4.711790807082032,0,0,0,12.8872,0.32300000000000001,4.4207997123501377
常规控制,8.8539406838028949,36257.753334161658,7.8021958991554445,27.295204327908362,3.5646905391084815,3.5234290553388958,10.080062126460481,4.8092467752536718,0,0,0,12.8872,0.32300000000000001,4.4206954868158546
常规控制,8.8742014176331079,36256.880840368423,7.9635183456982679,27.859745543108279,3.6383944501322718,3.5963552758105481,10.288546021792389,4.9087154579600316,0,0,0,12.8872,0.32300000000000001,4.4205891087582154
常规控制,8.8944621514633209,36255.990328356311,8.1281711563993042,28.435945325116652,3.7136198223552452,3.6707893229895796,10.501335401572145,5.0102383082833128,0,0,0,12.8872,0.32300000000000001,4.4204805338446898
常规控制,8.9147228852935338,36255.081427071003,8.2962228654380414,29.024043762129743,3.7903979615944516,3.7467623230108931,10.718518929870744,5.1138576282839736,0,0,0,12.8872,0.32300000000000001,4.4203697168347968
常规控制,8.9349836191237451,36254.153757860811,8.4677434081822316,29.624285858156338,3.8687608135610727,3.8243060424621973,10.940187086158495,5.2196165861583363,0,0,0,12.8872,0.32300000000000001,4.4202566115617543
常规控制,8.955244352953958,36253.20693432312,8.6428041494310062,30.236921632406187,3.9487409767518984,3.9034529014649908,11.166432202008997,5.3275592337502298,0,0,0,12.8872,0.32300000000000001,4.4201411709137561
常规控制,8.975505086784171,36252.240562147519,8.8214779122462055,30.862206220760516,4.0303717156090313,3.9842359870348449,11.397348498571958,5.4377305244294565,0,0,0,12.8872,0.32300000000000001,4.4200233468148413
常规控制,8.995765820614384,36251.254238955822,9.0038390073682866,31.500399979312885,4.1136869739461215,4.0666890667199622,11.63303212481064,5.5501763313350603,0,0,0,12.8872,0.32300000000000001,4.4199030902053957
常规控制,9,36251.045554250384,9.0424224943341898,31.635428008297893,4.131314585317897,4.0841346448370448,11.682897694770514,5.573967437829948,0,0,0,12.8872,0.32300000000000001,4.4198776465016181
常规控制,9.0160265544445952,36250.247554138834,9.1899632632126167,32.151768589966984,4.1987213886392185,4.1508466025167365,11.873581196498895,5.6649434659810076,0,0,0,12.8872,0.32300000000000001,4.4197803510222462
常规控制,9.0362872882748082,36249.22008869001,9.3799280564424556,32.816583168079298,4.2855103035804989,4.2367437650612478,12.119095835973376,5.782079697222156,0,0,0,12.8872,0.32300000000000001,4.4196550781783754
常规控制,9.0565480221050212,36248.17141503594,9.5738123431143993,33.495120372133101,4.3740897838929342,4.3244164480954055,12.369678212635925,5.9016337705781439,0,0,0,12.8872,0.32300000000000001,4.4195272195422666
常规控制,9.0768087559352342,36247.101096863735,9.7716966903927087,34.187662515432308,4.4644966304042342,4.4139012832067399,12.625432584201864,6.0236554279131491,0,0,0,12.8872,0.32300000000000001,4.4193967219168435
常规控制,9.0970694897654472,36246.008688945323,9.9736633088283284,34.894497679801525,4.5567683943781292,4.5052356548405594,12.886465338689201,6.1481954274691457,0,0,0,12.8872,0.32300000000000001,4.4192635310180535
常规控制,9.1173302235956584,36244.893736958613,10.179796085198781,35.615919831280117,4.6509433925012171,4.598457715583355,13.152885037144198,6.2753055642504822,0,0,0,12.8872,0.32300000000000001,4.4191275914530648
常规控制,9.1375909574258714,36243.75577730401,10.390180616204622,36.352228938846885,4.7470607222604366,4.6936064018522199,13.424802457486168,6.4050386909424404,0,0,0,12.8872,0.32300000000000001,4.4189888466978982
常规控制,9.1578516912560843,36242.594336914422,10.604904243363878,37.103731097373661,4.8451602778670457,4.7907214501465782,13.702330639913939,6.5374487395748915,0,0,0,12.8872,0.32300000000000001,4.4188472390742497
常规控制,9.1781124250862973,36241.408933068189,10.824056087345932,37.87073864864908,4.9452827659238441,4.889843413064578,13.985584931599728,6.672590742845955,0,0,0,12.8872,0.32300000000000001,4.4187027097266975
常规控制,9.1983731589165085,36240.199073193959,11.047727083791038,38.653570307640592,5.0474697217702627,4.9910136760133526,14.274683033317411,6.8105208563685711,0,0,0,12.8872,0.32300000000000001,4.4185551985989013
常规控制,9.2186338927467215,36238.964254673185,11.276010019554043,39.45255129027975,5.1517635260204226,5.0942744741330666,14.56974504663337,6.9512963811854895,0,0,0,12.8872,0.32300000000000001,4.4184046444095255
常规控制,9.2388946265769345,36237.703964638589,11.508999569688433,40.268013443878296,5.2582074214385601,5.1996689095783521,14.87089352206889,7.0949757867477823,0,0,0,12.8872,0.32300000000000001,4.4182509846276661
常规控制,9.2591553604071475,36236.417679768434,11.74679233518529,41.100295380227969,5.3668455301584315,5.3072409691647788,15.178253508253629,7.2416187343662024,0,0,0,12.8872,0.32300000000000001,4.4180941554477711
常规控制,9.2794160942373587,36235.104866076726,11.989486881460984,41.949742611364286,5.4777228712438415,5.4170355423786827,15.491952602062906,7.3912861011319286,0,0,0,12.8872,0.32300000000000001,4.4179340917640539
常规控制,9.2996768280675717,36233.76497869927,12.237183777587948,42.816707687976624,5.5908853785876822,5.529098439748874,15.812120999732262,7.5440400043035698,0,0,0,12.8872,0.32300000000000001,4.4177707271444167
常规控制,9.3199375618977847,36232.39746167574,12.489985636262443,43.701550340444847,5.7063799191466291,5.6434764115785132,16.138891548941963,7.6999438261569439,0,0,0,12.8872,0.32300000000000001,4.4176039938038709
常规控制,9.3401982957279976,36231.001747727641,12.747997154503768,44.604637622485257,5.8242543115089607,5.7602171670357825,16.472399801865212,7.8590622392946257,0,0,0,12.8872,0.32300000000000001,4.4174338225774745
常规控制,9.3604590295582106,36229.577258032317,13.011325155078872,45.52634405738651,5.9445573447926483,5.8793693936016291,16.812784069172693,8.0214612324117844,0,0,0,12.8872,0.32300000000000001,4.4172601428927711
常规控制,9.3807197633884218,36228.123401992962,13.280078628646478,46.467051786816818,6.0673387978710478,6.0009827768730819,17.160185474986811,8.1872081365151246,0,0,0,12.8872,0.32300000000000001,4.4170828827417514
常规控制,9.4009804972186348,36226.639577004731,13.554368776615137,47.427150722184663,6.1926494589235288,6.125108020720595,17.514748012778885,8.356371651591699,0,0,0,12.8872,0.32300000000000001,4.4169019686523354
常规控制,9.4212412310488478,36225.125168214414,13.834309055154126,48.407038700093004,6.3205411455115543,6.2517968680000209,17.876618602778048,8.5290218739989783,0,0,0,12.8872,0.32300000000000001,4.4167173256590742
常规控制,9.4415019648790608,36223.579548272428,14.120015220633928,49.407121642860815,6.4510667253064478,6.3811021219475732,18.24594715125151,8.7052303247477649,0,0,0,12.8872,0.32300000000000001,4.4165288772729072
常规控制,9.461762698709272,36222.00207708824,14.411605374390673,50.42781371673469,6.5842801365071333,6.5130776673007587,18.622886608931797,8.8850699773780946,0,0,0,12.8872,0.32300000000000001,4.4163365454513448
常规控制,9.482023432539485,36220.392101575497,14.709200009395776,51.469537496837809,6.7202364091267741,6.6477784923204091,19.00759303193205,9.0686152870222347,0,0,0,12.8872,0.32300000000000001,4.416140250567393
常规控制,9.502284166369698,36218.74895539412,15.012922057444893,52.532724134004546,6.8589916865151705,6.7852607110862113,19.400225643357693,9.2559422197999037,0,0,0,12.8872,0.32300000000000001,4.4159399113781106
常规控制,9.522544900199911,36217.071958687302,15.322896937294537,53.617813525002084,7.0006032473125908,6.9255815862607752,19.800946896168941,9.4471282828102918,0,0,0,12.8872,0.32300000000000001,4.4157354449925377
常规控制,9.5428056340301222,36215.360417813084,15.639252603754155,54.725254486169945,7.1451295278385123,7.0687995523277278,20.209922537305474,9.6422525547262463,0,0,0,12.8872,0.32300000000000001,4.4155267668389726
常规控制,9.5630663678603351,36213.613625070786,15.962119597725138,55.855504930450692,7.2926301449113051,7.2149742393018155,20.62732167306357,9.8413957169860158,0,0,0,12.8872,0.32300000000000001,4.4153137906316191
常规控制,9.5833271016905481,36211.83085842221,16.291631097177415,57.009032047782512,7.4431659190945192,7.3641664969086733,21.053316835714639,10.044640085577294,0,0,0,12.8872,0.32300000000000001,4.4150964283365877
常规控制,9.6035878355207611,36210.011381207696,16.627922969055316,58.186312488827788,7.5967988983659023,7.5164384192324079,21.488084051355873,10.252069643409078,0,0,0,12.8872,0.32300000000000001,4.4148745901372806
常规控制,9.6238485693509741,36208.154441857027,16.971133822103383,59.387832552008604,7.7535923822048183,7.6718533698286286,21.931802908982004,10.463770073266154,0,0,0,12.8872,0.32300000000000001,4.4146481843991445
常规控制,9.6441093031811853,36206.259273595351,17.321405060603425,60.614088373821609,7.9136109460940149,7.8304760073008906,22.384656630768237,10.679828791341418,0,0,0,12.8872,0.32300000000000001,4.4144171176338123
常规控制,9.6643700370113983,36204.325094143984,17.678880939014018,61.865586122405354,8.0769204664316643,7.992372311338463,22.846832143554231,10.900334981341235,0,0,0,12.8872,0.32300000000000001,4.4141812944626251
常规控制,9.6846307708416113,36202.351105416281,18.043708617503182,63.142842194330349,8.2435881458493494,8.1576096092130825,23.318520151518282,11.125379629158648,0,0,0,12.8872,0.32300000000000001,4.4139406175795557
常规控制,9.7048915046718243,36200.336493205352,18.416038218958253,64.446383416662869,8.4136825392026662,8.326256603002566,23.799915210799046,11.355055558475764,0,0,0,12.8872,0.32300000000000001,4.4136949877131251
常规控制,9.7251522385020355,36198.280426862009,18.796022887768519,65.776747255346493,8.5872735803692546,8.498383397680632,24.291215806450428,11.589457467479301,0,0,0,12.8872,0.32300000000000001,4.4134443035871449
常规控制,9.7454129723322485,36196.182058977356,19.183818847725227,67.134482020592714,8.7644326086415152,8.6740615288629481,24.79262442829187,11.828681965049148,0,0,0,12.8872,0.32300000000000001,4.413188461882009
常规控制,9.7656737061624614,36194.040525052027,19.579585462341413,68.520147080863424,8.9452323962221651,8.8533639917175382,25.304347649931689,12.072827608460758,0,0,0,12.8872,0.32300000000000001,4.4129273571943779
常规控制,9.7859344399926744,36191.854943161969,19.983485295800683,69.934313079174643,9.1297471760045283,9.0363652702275417,25.826596208647548,12.321994941496538,0,0,0,12.8872,0.32300000000000001,4.4126608819964135
常规控制,9.8061951738228856,36189.624413617479,20.395684175087844,71.377562153660548,9.3180526698900863,9.2231413670589273,26.359585086840326,12.576286533307862,0,0,0,12.8872,0.32300000000000001,4.4123889265942227
常规控制,9.8264559076530986,36187.348018615754,20.816351253307825,72.850488162426458,9.5102261176460789,9.4137698340393747,26.903533595071828,12.835807018032789,0,0,0,12.8872,0.32300000000000001,4.4121113790854842
常规控制,9.8467166414833116,36185.024821886807,21.245659074178597,74.353696912646214,9.7063463062965187,9.6083298032451463,27.458665456669998,13.100663135161604,0,0,0,12.8872,0.32300000000000001,4.4118281253162843
常规控制,9.8669773753135246,36182.653868332891,21.683783637685035,75.887806393864523,9.9064936000405357,9.8069020186933127,28.025208893886965,13.370963770643256,0,0,0,12.8872,0.32300000000000001,4.4115390488371471
常规控制,9.8872381091437376,36180.234183661509,22.130904466879507,77.453447015459744,10.110749970691426,10.009568868636151,28.603396715593572,13.646819998724844,0,0,0,12.8872,0.32300000000000001,4.4112440308582972
常规控制,9.9074988429739488,36177.764774012052,22.58720467581562,79.051261848225806,10.319199028630059,10.2164144184549,29.19346640649507,13.928345124516843,0,0,0,12.8872,0.32300000000000001,4.41094295020413
常规控制,9.9277595768041618,36175.244625576124,23.052871038601587,80.681906870031384,10.531926054266387,10.427524444149974,29.795660217852525,14.215654727276753,0,0,0,12.8872,0.32300000000000001,4.4106356832669285
常规控制,9.9480203106343748,36172.672704211676,23.528094059558896,82.346051215512119,10.749018030002329,10.642986466424455,30.410225259693675,14.508866704403331,0,0,0,12.8872,0.32300000000000001,4.4103221039598086
常规控制,9.9682810444645877,36170.047955050897,24.013068044473346,84.04437742975648,10.970563672690046,10.862889785358291,31.037413594498545,14.80810131613446,0,0,0,12.8872,0.32300000000000001,4.4100020836689167
常规控制,9.9885417782947989,36167.369302098457,24.507991173588152,85.777581728269766,11.19665346688214,11.087325515973248,31.677482333203649,15.113481231351221,0,0,0,12.8872,0.32300000000000001,4.4096754912044451
常规控制,10,36165.83014410756,24.792369880307927,86.773483509237565,11.326562407516297,11.216294078554897,32.045266787330036,15.288952987160414,0,0,0,12.8872,0.32300000000000001,4.4094878306861238
常规控制,10.008802512125012,36164.635647816547,25.013065576981852,87.546374265485241,11.42737969916697,11.316386624990301,32.330693734362555,15.425131574887894,0,0,0,12.8872,0.32300000000000001,4.4093421927500387
常规控制,10.029063245955225,36161.845872716767,25.528497408620652,89.351479398806447,11.662836491894828,11.55016796708397,32.997315301656201,15.743179974054579,0,0,0,12.8872,0.32300000000000001,4.4090020518130322
常规控制,10.049323979785438,36158.998834935213,26.054496923466182,91.193635963558677,11.903119838295234,11.788766322641099,33.677619885431874,16.067756607081968,0,0,0,12.8872,0.32300000000000001,4.4086549291726485
常规控制,10.069584713615649,36156.093369803195,26.591278555326159,93.073597550751046,12.14832763792913,12.032280435974837,34.37188578528017,16.398994252061286,0,0,0,12.8872,0.32300000000000001,4.4083006828276572
常规控制,10.089845447445862,36153.128289409935,27.139060996125661,94.992132790027483,12.398559732785323,12.280811054304444,35.080396854528217,16.737028336798534,0,0,0,12.8872,0.32300000000000001,4.4079391679430557
常规控制,10.110106181276075,36150.102382157143,27.698067276615649,96.950025637875839,12.653917944028688,12.534460967514176,35.803442606674693,17.081996989595151,0,0,0,12.8872,0.32300000000000001,4.4075702367957597
常规控制,10.130366915106288,36147.014412305565,28.268524848498281,98.94807567103274,12.914506109390446,12.793335048687679,36.54131832374361,17.434041090944131,0,0,0,12.8872,0.32300000000000001,4.4071937387193216
常规控制,10.150627648936501,36143.863119513611,28.850665667946647,100.98709838501637,13.180430121190161,13.057540295413409,37.294325166531877,17.793304326129668,0,0,0,12.8872,0.32300000000000001,4.4068095200476725
常规控制,10.170888382766712,36140.647218368118,29.444726280497612,103.06792549772253,13.451797964979493,13.327185871857179,38.062770286726689,18.159933238718921,0,0,0,12.8872,0.32300000000000001,4.4064174240579153
常规控制,10.191149116596925,36137.365397907466,30.050947907296599,105.19140525801964,13.728719758797777,13.602383151597806,38.846966940868988,18.534077284934526,0,0,0,12.8872,0.32300000000000001,4.4060172909121782
常规控制,10.211409850427138,36134.01632113698,30.669576532671833,107.35840275927414,14.011307793029003,13.88324576122146,39.647234606137779,18.915888888895854,0,0,0,12.8872,0.32300000000000001,4.405608957598532
常规控制,10.231670584257351,36130.598624536891,31.300862993017635,109.56980025774497,14.299676570850636,14.1698896246711,40.463899097932533,19.30552349871817,0,0,0,12.8872,0.32300000000000001,4.4051922578709997
常规控制,10.251931318087562,36127.110917562823,31.945063066964362,111.82649749577861,14.593942849263788,14.462433008346515,41.297292689228435,19.703139643457572,0,0,0,12.8872,0.32300000000000001,4.404767022188647
常规控制,10.272192051917775,36123.551782135983,32.602437567366565,114.12941203168073,14.894225680947287,14.760996567204479,42.14775423239729,20.108898991232373,0,0,0,12.8872,0.32300000000000001,4.404333077653436
常规控制,10.292452785747988,36119.919772114539,33.273252436663178,116.47947958174323,15.200646457644499,15.065703392584583,43.015629285517441,20.522966409486155,0,0,0,12.8872,0.32300000000000001,4.4038902479457631
常规控制,10.312713519578201,36116.213412775389,33.957778840247137,118.87765435560183,15.513328952634533,15.376679059303241,43.901270236220569,20.945510024075681,0,0,0,12.8872,0.32300000000000001,4.4034383532612766
常规控制,10.332974253408413,36112.431200275707,34.656293263443189,121.32490940459228,15.832399364843761,15.694051674589844,44.805036430338973,21.376701280649158,0,0,0,12.8872,0.32300000000000001,4.4029772102452318
常规控制,10.353234987238626,36108.571601108917,35.369077609431422,123.82223697378656,16.157986363381433,16.017951927660366,45.727294301911762,21.816715006672801,0,0,0,12.8872,0.32300000000000001,4.4025066319261539
常规控制,10.373495721068839,36104.633051551456,36.096419298755741,126.37064885995302,16.490221132791149,16.348513140221801,46.668417505378791,22.265729474501235,0,0,0,12.8872,0.32300000000000001,4.4020264276483863
常规控制,10.393756454899052,36100.613957099908,36.838611370501965,128.97117677575559,16.829237419056639,16.685871317955922,47.628787050078721,22.723926465547141,0,0,0,12.8872,0.32300000000000001,4.4015364030034698
常规控制,10.414017188729265,36096.512691898657,37.595952585110588,131.62487272008616,17.175171576345345,17.030165202976164,48.608791437011917,23.191491335531516,0,0,0,12.8872,0.32300000000000001,4.4010363597603526
常规控制,10.434277922559476,36092.327598158234,38.368747528790038,134.33280935442815,17.528162614474002,17.381536327252103,49.608826797830822,23.668613080796668,0,0,0,12.8872,0.32300000000000001,4.4005260957944721
常规控制,10.454538656389689,36088.05698556445,39.157306719496766,137.0960803851506,17.888352247080299,17.740129066995898,50.629297036020283,24.155484405664019,0,0,0,12.8872,0.32300000000000001,4.4000054050157225
常规控制,10.474799390219902,36083.699130678615,39.961946714446732,139.91580095162593,18.255884940484243,18.106090698004476,51.670613970228686,24.652301790818104,0,0,0,12.8872,0.32300000000000001,4.3994740772953183
常规控制,10.495060124050115,36079.2522763288,40.782990219125608,142.79310802007382,18.630907963223706,18.479571451952427,52.733197479713667,25.159265562699421,0,0,0,12.8872,0.32300000000000001,4.3989318983915791
常规控制,10.515320857880326,36074.714630992508,41.620766197762173,145.72916078302472,19.013571436247805,18.860724573629277,53.817475651863148,25.676579963887434,0,0,0,12.8872,0.32300000000000001,4.3983786498746618
常规控制,10.535581591710539,36070.08436817077,42.47560998523165,148.72514106430353,19.404028383752348,19.249706379115825,54.923884931754962,26.204453224456202,0,0,0,12.8872,0.32300000000000001,4.3978141090502429
常规控制,10.555842325540752,36065.359625752615,43.347863400583186,151.78225373023284,19.802434784745728,19.646676314998981,56.052870274013358,26.743097634425865,0,0,0,12.8872,0.32300000000000001,4.3972380488820404
常规控制,10.576103059370965,36060.538505355282,44.237874864883892,154.90172711655362,20.208949626573453,20.051797019884713,57.204885300469954,27.292729618983444,0,0,0,12.8872,0.32300000000000001,4.3966502379113646
常规控制,10.596363793201176,36055.619071674235,45.145999517092996,158.08481344898945,20.623734957531362,20.465234385325122,58.380392455477178,27.853569812583636,0,0,0,12.8872,0.32300000000000001,4.3960504401778682
常规控制,10.616624527031389,36050.599351816032,46.07259933293782,161.33278927492287,21.046955940837208,20.887157618446672,59.579863165325463,28.425843135007565,0,0,0,12.8872,0.32300000000000001,4.3954384151382104
常规控制,10.636885260861602,36045.477334620969,47.018043245481614,164.64695590164851,21.478780909360871,21.317739305715708,60.803778000089281,29.009778868580256,0,0,0,12.8872,0.32300000000000001,4.3948139175834688
常规控制,10.657145994691815,36040.250969976893,47.982707267152549,168.02863984038873,21.919381421008154,21.757155477732475,62.052626837601061,29.605610736403456,0,0,0,12.8872,0.32300000000000001,4.3941766975554772
常规控制,10.677406728522028,36034.918168122138,48.966974613579453,171.47919325731212,22.368932314915263,22.205585675227777,63.326909030011507,30.213576981822321,0,0,0,12.8872,0.32300000000000001,4.3935265002618351
常规控制,10.697667462352239,36029.476798937918,49.971235829179982,174.99999443139433,22.827611768428632,22.663213016254328,64.627133572876588,30.83392044909769,0,0,0,12.8872,0.32300000000000001,4.3928630659896371
常规控制,10.717928196182452,36023.924691230357,50.99588891444683,178.5924482189603,23.295601354844553,23.130224264564816,65.953819276712025,31.46688866525551,0,0,0,12.8872,0.32300000000000001,4.3921861300179321
常规控制,10.738188930012665,36018.259632002504,52.041339454875896,182.25798652474052,23.773086101882317,23.60680989916797,67.307494940953404,32.112733923084114,0,0,0,12.8872,0.32300000000000001,4.391495422528962
常规控制,10.758449663842878,36012.479365716485,53.108000751483239,185.99806877928538,24.260254550866147,24.093164185055173,68.688699530264259,32.771713365251628,0,0,0,12.8872,0.32300000000000001,4.390790668518207
常规控制,10.778710397673089,36006.581593546071,54.196293952854859,189.81418242257004,24.75729881658944,24.58948524508898,70.097982353130405,33.444089069514206,0,0,0,12.8872,0.32300000000000001,4.3900715877032512
常规控制,10.798971131503302,36000.563972619988,55.306648188675361,193.70784339363126,25.264414647836304,25.095975133045755,71.535903242681755,34.130128134987004,0,0,0,12.8872,0.32300000000000001,4.3893378944315211
常规控制,10.819231865333515,35994.424115256094,56.439500704679332,197.68059662606851,25.781801488533979,25.612839907803604,73.003032739679824,34.830102769448416,0,0,0,12.8872,0.32300000000000001,4.388589297586921
常规控制,10.839492599163728,35988.159588186769,57.595296998972529,201.73401654925337,26.309662539511347,26.140289708668384,74.49995227761346,35.544290377650128,0,0,0,12.8872,0.32300000000000001,4.3878255004953814
常规控制,10.85975333299394,35981.767911764575,58.774490961720701,205.86970760231941,26.848204821774292,26.678538832786529,76.027254372513966,36.272973651878885,0,0,0,12.8872,0.32300000000000001,4.3870462008280144
常规控制,10.880014066824153,35975.246559156476,59.977545016643468,210.08930475551026,27.397639240583068,27.227805813965226,77.585542815488196,37.01644066381489,0,0,0,12.8872,0.32300000000000001,4.3862510905028689
常规控制,10.900274800654365,35968.592955546585,61.204930260681778,214.39447402605174,27.958180648676333,27.788313501184561,79.175432863228778,37.774984955425239,0,0,0,12.8872,0.32300000000000001,4.3854398555877259
常规控制,10.920535534484578,35961.804477313468,62.457126608031295,218.78691301046817,28.530047911464173,28.360289139745468,80.797551434597509,38.548905632754781,0,0,0,12.8872,0.32300000000000001,4.3846121761997923
常规控制,10.940796268314791,35954.878451202989,63.7346229346862,223.2683514197918,29.113463972430488,28.943964453275907,82.452537308277186,39.338507460226765,0,0,0,12.8872,0.32300000000000001,4.383767726404848
常规控制,10.961057002145003,35947.812153490129,65.037917224690005,227.84055162190106,29.708655919290404,29.539575727163484,84.141041323055802,40.144100956199431,0,0,0,12.8872,0.32300000000000001,4.3829061741150577
常规控制,10.981317735975216,35940.602809130163,66.367516718008645,232.50530919073904,30.315855050862858,30.147363893404144,85.863726580651999,40.96600248973499,0,0,0,12.8872,0.32300000000000001,4.3820271809854692
常规控制,11,35933.825925601057,67.617286750253314,236.89024590024866,30.886592327671703,30.71880340394631,87.483074577518295,41.738601312464397,0,0,0,12.8872,0.32300000000000001,4.3812009152718803
常规控制,11.001578469805429,35933.24759089962,67.723938059936003,237.26445346214902,30.935296944616265,30.767574616854521,87.621268650983794,41.804534378534349,0,0,0,12.8872,0.32300000000000001,4.3811304023092887
常规控制,11.021839203635642,35925.743618527427,69.10770745194651,242.11984809607642,31.56722152484728,31.400458382877183,89.41435577978865,42.66002498799368,0,0,0,12.8872,0.32300000000000001,4.3802154869119336
常规控制,11.042099937465853,35918.087957816584,70.519360803904931,247.07339164487297,32.211873131450517,32.046270586366361,91.243689098497057,43.532808831336098,0,0,0,12.8872,0.32300000000000001,4.3792820770439489
常规控制,11.062360671296066,35910.277619756795,71.959443887547167,252.1270181274505,32.86950058923874,32.705271622143052,93.109982836266298,44.423226670774007,0,0,0,12.8872,0.32300000000000001,4.378329808272821
常规控制,11.082621405126279,35902.309559628542,73.428512491142016,257.28269760901867,33.540357277771477,33.377726976706924,95.013964534076408,45.331625619655341,0,0,0,12.8872,0.32300000000000001,4.3773583093737294
常规控制,11.102882138956492,35894.180676098782,74.927132575248606,262.54243678615819,34.224701201651861,34.06390732133449,96.956375260796435,46.258359245549833,0,0,0,12.8872,0.32300000000000001,4.3763672022193045
常规控制,11.123142872786703,35885.887810308974,76.455880429479762,267.90827957696399,34.92279506124985,34.764088606510875,98.937969831123183,47.203787674228614,0,0,0,12.8872,0.32300000000000001,4.3753561016684266
常规控制,11.143403606616916,35877.427744954766,78.015342830317934,273.38230771647551,35.634906323871768,35.478552157746705,100.95951702547232,48.168277694575401,0,0,0,12.8872,0.32300000000000001,4.3743246154540216
常规控制,11.163664340447129,35868.797203338829,79.606117203405049,278.96664136956667,36.361307296934115,36.20758477444064,103.02179981631728,49.152202866573809,0,0,0,12.8872,0.32300000000000001,4.3732723440675754
常规控制,11.183925074277342,35859.992848435722,81.228811783119482,284.66343973600902,37.102275199863051,36.951478828460132,105.12561559163807,50.155943627915931,0,0,0,12.8872,0.32300000000000001,4.372198880645124
常规控制,11.204185808107555,35851.011281946143,82.884045773623001,290.4749016624105,37.858092236628586,37.710532364367772,107.27177638090869,51.179887401822,0,0,0,12.8872,0.32300000000000001,4.3711038108519382
常规控制,11.224446541937766,35841.849043338116,84.572449511756957,296.40326626261304,38.629045669080455,38.48504920161087,109.46110908420889,52.224428706350743,0,0,0,12.8872,0.32300000000000001,4.3699867127656242
常规控制,11.244707275767979,35832.502608883085,86.294664630325798,302.45081354136681,39.415427890419728,39.275339037975641,111.69445570254564,53.289969264286896,0,0,0,12.8872,0.32300000000000001,4.3688471567585987
常规控制,11.264968009598192,35822.968390683687,88.051344222358793,308.6198650234345,40.217536499074164,40.081717554621299,113.97267357018015,54.376918113985482,0,0,0,12.8872,0.32300000000000001,4.3676847053795527
常规控制,11.285228743428405,35813.242735693646,89.843153006212546,314.91278438772753,41.035674372912759,40.904506522678957,116.29663558881292,55.485691721102739,0,0,0,12.8872,0.32300000000000001,4.3664989132339516
常规控制,11.305489477258616,35803.321924730611,91.670767491372501,321.33197810605867,41.870149743733144,41.744033911397182,118.66723046347383,56.616714091140381,0,0,0,12.8872,0.32300000000000001,4.3652893268636763
常规控制,11.325750211088829,35793.202171482473,93.534876144815115,327.87989608611019,42.721276271956732,42.600633997818441,121.08536293996903,57.770416882732633,0,0,0,12.8872,0.32300000000000001,4.364055484625867
常规控制,11.346010944919042,35782.879621507753,95.43617955778852,334.5590323182015,43.589373121464966,43.474647477968375,123.55195404373059,58.947239521602626,0,0,0,12.8872,0.32300000000000001,4.3627969165710541
常规控制,11.366271678749255,35772.350351230787,97.375390612874625,341.37192552545787,44.474765034512522,44.366421579542632,126.06794131992282,60.14762931511828,0,0,0,12.8872,0.32300000000000001,4.3615131443206367
常规控制,11.386532412579466,35761.610366932298,99.353234651190689,348.32115981696722,45.377782406650574,45.276310176073217,128.63427907465146,61.372041567374325,0,0,0,12.8872,0.32300000000000001,4.360203680943818
常规控制,11.406793146409679,35750.655603735904,101.37044963959195,355.40936534352073,46.298761361595524,46.204673902558575,131.25193861712742,62.620939694729913,0,0,0,12.8872,0.32300000000000001,4.3588680308340315
常规控制,11.427053880239892,35739.481924591404,103.42778633773317,362.63921895552329,47.238043825976163,47.151880272539238,133.92190850263162,63.894795341728233,0,0,0,12.8872,0.32300000000000001,4.3575056895849746
常规控制,11.447314614070105,35728.08511925488,105.52600846490139,370.01344486284916,48.195977603917719,48.118303796627387,136.64519477619862,65.194088497359161,0,0,0,12.8872,0.32300000000000001,4.3561161438662719
常规控制,11.467575347900318,35716.460903250452,107.66589286940425,377.53481530667983,49.17291645272622,49.104326103915646,139.42282122072453,66.519307613432829,0,0,0,12.8872,0.32300000000000001,4.3546988712968719
常规控制,11.48783608173053,35704.604916842538,109.84822969515217,385.20615122446748,50.169220157229631,50.110336063786086,142.25582960253698,67.870949721742164,0,0,0,12.8872,0.32300000000000001,4.3532533403197551
常规控制,11.508096815560743,35692.512724011351,112.07382254684298,393.03032291285751,51.18525460342051,51.136729908701717,145.1452799162108,69.249520550865697,0,0,0,12.8872,0.32300000000000001,4.35177901007701
常规控制,11.528357549390956,35680.179811417693,114.3434886561338,401.01025069748738,52.221391852475442,52.183911359384865,148.09225063192338,70.65553464418204,0,0,0,12.8872,0.32300000000000001,4.3502753302836261
常规控制,11.548618283221169,35667.601587370045,116.65805904646351,409.14890560133409,53.278010214088305,53.252291751239632,151.09783894227417,72.089515477628581,0,0,0,12.8872,0.32300000000000001,4.3487417411015521
常规控制,11.56887901705138,35654.773380790975,119.01837869703138,417.44931001350517,54.355494319345311,54.342290162317852,154.16316100926755,73.551995577538278,0,0,0,12.8872,0.32300000000000001,4.3471776730136753
常规控制,11.589139750881593,35641.69044018376,121.42530670571658,425.91453835784938,55.454235193040716,55.454333542805855,157.28935221122961,75.043516638444842,0,0,0,12.8872,0.32300000000000001,4.3455825466978348
常规控制,11.609400484711806,35628.34793260038,123.87971645071673,434.54771776074557,56.57463032532921,56.588856846006649,160.47756738942095,76.564629640742922,0,0,0,12.8872,0.32300000000000001,4.3439557729009843
常规控制,11.629661218542019,35614.740942611621,126.38249575069169,443.35202871745156,57.717083742614406,57.746303160795634,163.72898109411824,78.115894968094793,0,0,0,12.8872,0.32300000000000001,4.3422967523136338
常规控制,11.64992195237223,35600.864471280518,128.93454702319096,452.33070575637174,58.882006077569706,58.927123845524541,167.04478782992646,79.697882524470046,0,0,0,12.8872,0.32300000000000001,4.3406048754446793
常规控制,11.670182686202443,35586.713435139864,131.53678744114922,461.48703810061903,60.069814638190088,60.131778663350893,170.4262023000926,81.311171850708845,0,0,0,12.8872,0.32300000000000001,4.3388795224967405
常规控制,11.690443420032656,35572.282665174978,134.19014908722824,470.82437032622909,61.280933475771015,61.360735918967684,173.87445964958295,82.956352240495235,0,0,0,12.8872,0.32300000000000001,4.337120063242133
常规控制,11.710704153862869,35557.56690581255,136.89557910579146,480.34610301641067,62.515793451713918,62.61447259671133,177.390815706696,84.634022855631898,0,0,0,12.8872,0.32300000000000001,4.3353258568995887
常规控制,11.730964887693082,35542.560813916622,139.65403985228969,490.05569341118871,63.774832303054502,63.893474500022663,180.97654722297466,86.344792840503416,0,0,0,12.8872,0.32300000000000001,4.3334962520118374
常规控制,11.751225621523293,35527.25895779267,142.46650903984104,499.95665605181313,65.058494706611782,65.198236392237689,184.63295211118478,88.089281435616968,0,0,0,12.8872,0.32300000000000001,4.3316305863241809
常规控制,11.771486355353506,35511.655816200655,145.333979882797,510.05256341935745,66.367232341659303,66.529262138700602,188.36134968114851,89.868118090119609,0,0,0,12.8872,0.32300000000000001,4.3297281866641626
常规控制,11.791747089183719,35495.745777373486,148.25746123780672,520.34704656981478,67.70150395133571,67.887064850728336,192.16308087428376,91.68194257369818,0,0,0,12.8872,0.32300000000000001,4.3277883688218886
常规控制,11.812007823013932,35479.523138050987,151.23797774064053,530.84379575914886,69.061775402025333,69.27216703036693,196.03950849443447,93.531405086709512,0,0,0,12.8872,0.32300000000000001,4.3258104374322555
常规控制,11.832268556844143,35462.982102533257,154.27656993798473,541.54656105583877,70.448519740329786,70.68510071576317,199.99201743408184,95.417166368107004,0,0,0,12.8872,0.32300000000000001,4.3237936858595214
常规控制,11.852529290674356,35446.116781740275,157.37429441642198,552.45915294931967,71.86221724863195,72.126407628519402,204.02201489904039,97.339897802644089,0,0,0,12.8872,0.32300000000000001,4.3217373960826535
常规控制,11.872790024504569,35428.921192287446,160.53222392690409,563.58544294818989,73.303355498483711,73.596639322150338,208.13093062937457,99.300281526274716,0,0,0,12.8872,0.32300000000000001,4.3196408385826146
常规控制,11.893050758334782,35411.389255578833,163.75144750429013,574.92936416687689,74.772429401617046,75.096357331555097,212.32021711605319,101.29901052952019,0,0,0,12.8872,0.32300000000000001,4.3175032722318099
常规控制,11.913311492164993,35393.514796919844,167.03307058162073,586.4949118998145,76.269941258424794,76.626133323471151,216.59134981299204,103.33678875863576,0,0,0,12.8872,0.32300000000000001,4.3153239441858933
常规控制,11.933572225995206,35375.291544650507,170.37821509880953,598.28614418221537,77.796400803760775,78.186549247879512,220.94582734414575,105.41433121441516,0,0,0,12.8872,0.32300000000000001,4.3131020897781012
常规控制,11.953832959825419,35356.713129301032,173.78801960542191,610.30718233648804,79.352325249904652,79.778197490327187,225.38517170529883,107.53236404846602,0,0,0,12.8872,0.32300000000000001,4.3108369324162892
常规控制,11.974093693655632,35337.773082770873,177.26363935722401,622.56221150339252,80.938239326543027,81.401681025138018,229.91092846021996,109.69162465679621,0,0,0,12.8872,0.32300000000000001,4.308527683482847
常规控制,11.994354427485845,35318.46483753292,180.80624640617384,635.05548115698616,82.554675317612023,83.05761356947751,234.52466693083056,111.89286177054394,0,0,0,12.8872,0.32300000000000001,4.3061735422376604
常规控制,12,35313.01817972328,181.80547360246243,638.5797043004211,83.010598931316622,83.524897425691222,235.82615519985259,112.51380816772878,0,0,0,12.8872,0.32300000000000001,4.3055094631543422
常规控制,12.014615161316057,35298.781725864115,184.41702968353161,647.79130560243425,84.202173094850522,84.746619738241179,239.22798038104523,114.13683554368922,0,0,0,12.8872,0.32300000000000001,4.3037736957243125
常规控制,12.03487589514627,35278.716979103992,188.09719507576753,660.77406445576116,85.881280147912676,86.46933519973453,244.02248619394302,116.42431763758286,0,0,0,12.8872,0.32300000000000001,4.3013273186796823
常规控制,12.055136628976483,35258.263726942641,191.84796549293864,674.00820310459608,87.59255161088555,88.226406832111223,248.9098260419195,118.75609130212703,0,0,0,12.8872,0.32300000000000001,4.2988335734471228
常规控制,12.075397362806696,35237.414996739353,195.67058092921664,687.49823314900118,89.336550285062785,90.01849288054008,253.89166604948403,121.13295145344662,0,0,0,12.8872,0.32300000000000001,4.2962916098933936
常规控制,12.095658096636907,35216.163712873611,199.56629851523883,701.24873282143915,91.113846657820076,91.846263115067146,258.96969694835252,123.55570474788463,0,0,0,12.8872,0.32300000000000001,4.2937005653295319
常规控制,12.11591883046712,35194.502696146628,203.53639255884573,715.26434737398381,92.92501891601583,93.710398987697999,264.14563422044404,126.02516965022666,0,0,0,12.8872,0.32300000000000001,4.2910595644378802
常规控制,12.136179564297333,35172.424663251426,207.58215457069593,729.54978942122455,94.770652952289055,95.611593787536236,269.42121822451412,128.54217649411828,0,0,0,12.8872,0.32300000000000001,4.2883677192074803
常规控制,12.156440298127546,35149.922226191055,211.70489329704645,744.10983931668125,96.651342374483917,97.550552803910051,274.79821433516435,131.10756754838718,0,0,0,12.8872,0.32300000000000001,4.2856241288631374
常规控制,12.176701031957757,35126.987891845114,215.90593472287651,758.94934543328554,98.567688501340029,99.527993480558138,280.27841304642374,133.72219706646217,0,0,0,12.8872,0.32300000000000001,4.2828278798125741
常规控制,12.19696176578797,35103.614061526321,220.18662207403509,774.07322445031878,100.52030035753897,101.54464557495803,285.86363007771348,136.38693133692979,0,0,0,12.8872,0.32300000000000001,4.2799780455923573
常规控制,12.217222499618183,35079.793030586436,224.54831580765014,789.48646160838382,102.50979466319771,103.6012513175085,291.55570646800857,139.10264872845906,0,0,0,12.8872,0.32300000000000001,4.2770736868198549
常规控制,12.237483233448396,35055.516988079173,228.99239358933559,805.19411092750533,104.53679581713391,105.69856557002907,297.35650865638087,141.870239728229,0,0,0,12.8872,0.32300000000000001,4.2741138511521424
常规控制,12.257743967278609,35030.778016482,233.5202502567731,821.20129538715491,106.60193587370523,107.83735598354143,303.26792854848276,144.69060697364833,0,0,0,12.8872,0.32300000000000001,4.27109757325207
常规控制,12.27800470110882,35005.568091478563,238.13329776925377,837.51320706702791,108.70585451302817,110.01840315530103,309.29188356853507,147.56466527715929,0,0,0,12.8872,0.32300000000000001,4.2680238747617496
常规控制,12.298265434939033,34979.879081803578,242.83296514276608,854.13510724739672,110.84919900438182,112.2425007850478,315.43031669638788,150.49334164391919,0,0,0,12.8872,0.32300000000000001,4.2648917642836297
常规控制,12.318526168769246,34953.702749152086,247.62069837020633,871.07232646783905,113.03262416259834,114.51045583044046,321.68519648920835,153.47757528214817,0,0,0,12.8872,0.32300000000000001,4.2617002373694461
常规控制,12.338786902599459,34927.030748154786,252.49796032630405,888.33026454318633,115.25679229724848,116.82308866164594,328.05851708737077,156.5183176059391,0,0,0,12.8872,0.32300000000000001,4.2584482765171989
常规控制,12.35904763642967,34899.854626421373,257.46623065683855,905.91439053549072,117.52237315442366,119.18123321504832,334.55229820410352,159.61653223031826,0,0,0,12.8872,0.32300000000000001,4.2551348511764493
常规控制,12.379308370259883,34872.165824653624,262.52700565173546,923.83024268084409,119.83004385092168,121.58573714604761,341.16858509846446,162.77319495835161,0,0,0,12.8872,0.32300000000000001,4.2517589177620998
常规控制,12.399569104090096,34843.955676830155,267.68179810161985,942.08342826984676,122.18048880063728,124.03746198091223,347.90944853119692,165.98929376008365,0,0,0,12.8872,0.32300000000000001,4.2483194196769247
常规控制,12.419829837920309,34815.215410464567,272.93213713741756,960.67962348057131,124.57439963296586,126.53728326765724,354.77698470304477,169.26582874310711,0,0,0,12.8872,0.32300000000000001,4.24481528734304
常规控制,12.44009057175052,34785.936146938839,278.27956805258162,979.62457316281916,127.01247510302264,129.08609072591261,361.77331517507821,172.60381211454992,0,0,0,12.8872,0.32300000000000001,4.2412454382425571
常规控制,12.460351305580733,34756.108901913904,283.7256521075326,998.92409057250472,129.49542099348301,131.6847883957515,368.90058677060256,176.00426813427575,0,0,0,12.8872,0.32300000000000001,4.2376087769676394
常规控制,12.480612039410946,34725.724585819036,289.27196631588811,1018.584057054962,132.02395000784634,134.33429478544261,376.16097145820407,179.46823305908416,0,0,0,12.8872,0.32300000000000001,4.2339041952801679
常规控制,12.500872773241159,34694.774004458894,294.92010320536872,1038.6104216521799,134.5987816518664,137.03554301486423,383.55666620670246,182.99675507350807,0,0,0,12.8872,0.32300000000000001,4.2301305721857618
常规控制,12.521133507071372,34663.247860033181,300.67167049958653,1059.0092004430362,137.2206420785611,139.78948092880981,391.08989274150133,186.59089417356719,0,0,0,12.8872,0.32300000000000001,4.2262867740580887
常规控制,12.541394240901584,34631.136751669488,306.52829088434748,1079.7864761985179,139.89026397158673,142.59707125923552,398.762897417261,190.25172210601974,0,0,0,12.8872,0.32300000000000001,4.2223716547038439
常规控制,12.561654974731796,34598.431176376675,312.49160169323972,1100.9483977648488,142.60838639144851,145.45929175696349,406.57795099008933,193.98032225967341,0,0,0,12.8872,0.32300000000000001,4.2183840554789791
常规控制,12.581915708562009,34565.121530098208,318.56325457073098,1122.5011793819353,145.3757546111529,148.37713532114978,414.53734836584493,197.77778954529975,0,0,0,12.8872,0.32300000000000001,4.2143228054171349
常规控制,12.602176442392222,34531.198108840872,324.74491511719145,1144.4510999530337,148.19311994331841,151.35161012876017,422.64340833042695,201.64523026695409,0,0,0,12.8872,0.32300000000000001,4.2101867213672621
常规控制,12.622437176222434,34496.65110992828,331.03826250678122,1166.8045022336876,151.06123955460032,154.38373975983004,430.89847325025124,205.58376197907114,0,0,0,12.8872,0.32300000000000001,4.2059746081464455
常规控制,12.642697910052647,34461.470633381119,337.44498907775977,1189.5677919386301,153.98087626722352,157.47456331844438,439.30490874243151,209.59451332910692,0,0,0,12.8872,0.32300000000000001,4.2016852587081965
常规控制,12.66295864388286,34425.646683426348,343.96679989476002,1212.7474367652919,156.95279834741177,160.62513554936601,447.86510331416213,213.6786238854865,0,0,0,12.8872,0.32300000000000001,4.1973174543264573
常规控制,12.683219377713073,34389.169170137204,350.60541228258904,1236.3499653326223,159.977779280509,163.83652695025037,456.58146797082787,217.83724395063132,0,0,0,12.8872,0.32300000000000001,4.192869964795559
常规控制,12.703480111543284,34352.027911206256,357.36255533109642,1260.381966033869,163.0565975325805,167.10982387937506,465.45643579233717,222.0715343588256,0,0,0,12.8872,0.32300000000000001,4.1883415486463988
常规控制,12.723740845373497,34314.212633853385,364.23996937067,1284.8500858020066,166.19003629828919,170.44612865882061,474.49246147719788,226.38266625869269,0,0,0,12.8872,0.32300000000000001,4.1837309533790679
常规控制,12.74400157920371,34275.712976870956,371.23940541789909,1309.761028786455,169.37888323483318,173.8465596730301,483.6920208538321,230.7718208800411,0,0,0,12.8872,0.32300000000000001,4.1790369157122109
常规控制,12.764262313033923,34236.518492807976,378.36262459096889,1335.1215549398025,172.62393018174245,177.31225146268676,493.05761035865555,235.2401892848535,0,0,0,12.8872,0.32300000000000001,4.1742581618493215
常规控制,12.784523046864136,34196.618650295517,385.61139749432766,1360.9384785131688,175.92597286632187,180.84435481383713,502.59174648041858,239.78897210217912,0,0,0,12.8872,0.32300000000000001,4.169393407762275
常规控制,12.804783780694347,34156.00283651537,392.98750357218103,1387.2186664588928,179.28581059453282,184.44403684219475,512.2969651703221,244.41937924669742,0,0,0,12.8872,0.32300000000000001,4.1644413594923106
常规控制,12.82504451452456,34114.660359814239,400.49273043030803,1413.9690367390172,182.70424592708051,188.11248107252831,522.17582121734483,249.1326296206831,0,0,0,12.8872,0.32300000000000001,4.1594007134687665
常规控制,12.845305248354773,34072.580452674585,408.12887308828283,1441.1965564030286,186.18208432341766,191.85088749386023,532.23088753835566,253.92995077531606,0,0,0,12.8872,0.32300000000000001,4.1542701568712994
常规控制,12.865565982184986,34029.752274744096,415.89773321575279,1468.9082396276631,189.7201337781492,195.66047261751271,542.46475445421891,258.81257856530692,0,0,0,12.8872,0.32300000000000001,4.1490483679992494
常规控制,12.885826716015197,33986.164915840032,423.80111836738888,1497.1111457729685,193.319204456465,199.54246954632436,552.88002897190177,263.78175680638748,0,0,0,12.8872,0.32300000000000001,4.1437340166379402
常规控制,12.90608744984541,33941.807399356687,431.84084113980714,1525.8123771775099,196.98010829364736,203.49812801552272,563.4793339702486,268.83873688683957,0,0,0,12.8872,0.32300000000000001,4.1383257644741329
常规控制,12.926348183675623,33896.668685781959,440.01871830319112,1555.0190768830298,200.70365858269417,207.52871443229947,574.26530735970209,273.98477736659356,0,0,0,12.8872,0.32300000000000001,4.132822265524779
常规控制,12.946608917505836,33850.737676408178,448.33656989223402,1584.7384262333492,204.49066954304277,211.63551190636585,585.24060119558294,279.22114355417045,0,0,0,12.8872,0.32300000000000001,4.1272221665894637
常规控制,12.966869651336047,33804.003217238875,456.79621825613413,1614.9776423465426,208.34195587027648,215.8198202713418,596.40788074456918,284.54910706129391,0,0,0,12.8872,0.32300000000000001,4.1215241077267306
常规控制,12.98713038516626,33756.454103092743,465.3994870673971,1645.7439754594809,212.25833226670534,220.08295609684404,607.7698235040416,289.96994533501555,0,0,0,12.8872,0.32300000000000001,4.1157267227544567
常规控制,13,33725.822699909695,470.9397018543234,1665.5638179732707,214.78018922258858,222.83244502329862,615.08925007713344,293.46207943118787,0,0,0,12.8872,0.32300000000000001,4.111992015185618
常规控制,13.007391118996473,33708.079081906391,474.14820028917762,1677.0447061437733,216.24061295270266,224.42625269112619,619.32911817393608,295.48494116718092,0,0,0,12.8872,0.32300000000000001,4.1098286397744594
常规控制,13.027651852826686,33658.866859237198,483.04418110091922,1708.8871423922251,220.28961115869214,228.85106009413923,631.08846358078006,301.09538218108128,0,0,0,12.8872,0.32300000000000001,4.1038284817215089
常规控制,13.047912586656899,33608.80610296777,492.08925078202725,1741.2786165748448,224.40613859766708,233.35874506086574,643.05056755355008,306.80256029512077,0,0,0,12.8872,0.32300000000000001,4.0977248669369066
常规控制,13.06817332048711,33557.885448213456,501.28522755332114,1774.2264822634747,228.59100491813098,237.95069103479054,655.21814575101723,312.60777116333622,0,0,0,12.8872,0.32300000000000001,4.0915164097668368
常规控制,13.088434054317323,33506.093502434298,510.63392537601595,1807.7381109241405,232.84501713734898,242.62829811136905,667.59392044023605,318.51231359260896,0,0,0,12.8872,0.32300000000000001,4.0852017211856335
常规控制,13.108694788147536,33453.41885077364,520.13715270430214,1841.8208884627322,237.16897905312467,247.39298298937157,680.1806192208735,324.51748893403578,0,0,0,12.8872,0.32300000000000001,4.0787794094466845
常规控制,13.128955521977749,33399.850061744874,529.79671117027874,1876.4822115454472,241.5636906244624,252.24617889811648,692.98097366635568,330.62460043461289,0,0,0,12.8872,0.32300000000000001,4.0722480807757888
常规控制,13.149216255807961,33345.375692948452,539.61439425748551,1911.7294838996063,246.0299473467083,257.18933553092512,705.99771795776655,336.83495258546333,0,0,0,12.8872,0.32300000000000001,4.065606340068193
常规控制,13.169476989638174,33289.984297114475,549.59198591065683,1947.5701124038749,250.5685395973307,262.22391895683438,719.23358743997562,343.14985043295741,0,0,0,12.8872,0.32300000000000001,4.0588527916253287
常规控制,13.189737723468387,33233.66442835921,559.73125910188105,1984.0115030400127,255.18025196156626,267.35141152050397,732.69131712662613,349.5705988654363,0,0,0,12.8872,0.32300000000000001,4.0519860399176357
常规控制,13.2099984572986,33176.404648675023,570.03397434958299,2021.0610566935884,259.86586253629235,272.57331172868618,746.37364014934928,356.09850187332336,0,0,0,12.8872,0.32300000000000001,4.0450046903758414
常规控制,13.230259191128813,33118.193534664242,580.50187818865311,2058.7261647969026,264.62614221138045,277.89113412199413,760.28328614870395,362.73486178143497,0,0,0,12.8872,0.32300000000000001,4.0379073502119782
常规控制,13.250519924959024,33059.01968451545,591.13670159215974,2097.0142048150128,269.46185392874935,283.30640913179951,774.42297960717497,369.48097845364492,0,0,0,12.8872,0.32300000000000001,4.0306926292699661
常规控制,13.270780658789237,32998.871725220917,601.94015834508059,2135.9325355757455,274.37375191933461,288.8206829220922,788.79543812455677,376.33814847006192,0,0,0,12.8872,0.32300000000000001,4.0233591409055895
常规控制,13.29104139261945,32937.738320033859,612.91394337047404,2175.4884924445305,279.36258091818598,294.43551721612329,803.40337063602965,383.30766427686501,0,0,0,12.8872,0.32300000000000001,4.0159055028957162
常规控制,13.311302126449663,32875.608176164053,624.05973100853873,2215.6893823449936,284.42907535791539,300.15248910767161,818.24947557327448,390.39081330896261,0,0,0,12.8872,0.32300000000000001,4.0083303383765818
常规控制,13.331562860279874,32812.470052710596,635.37917324898035,2256.5424786261319,289.57395854070649,305.9731908567544,833.33643896893193,397.58887708562042,0,0,0,12.8872,0.32300000000000001,4.0006322768109817
常规控制,13.351823594110087,32748.312768830332,646.87389791712917,2298.055015776989,294.79794178910527,311.89922966961768,848.66693250474293,404.90313027922008,0,0,0,12.8872,0.32300000000000001,3.9928099549842004
常规控制,13.3720843279403,32683.125212141316,658.54550681411183,2340.2341839892306,300.10172357575078,317.93222746276314,864.24361150351876,412.33483975721794,0,0,0,12.8872,0.32300000000000001,3.9848620180285983
常规控制,13.392345061770513,32616.896347468697,670.39557379281518,2383.0871234982055,305.4859886237943,324.07382059966176,880.06911283930685,419.88526358507539,0,0,0,12.8872,0.32300000000000001,3.9767871204899436
常规控制,13.412605795600724,32549.615225782134,682.42564279659427,2426.620918800033,310.9514069902998,330.32565961411314,896.14605280177307,427.55565000734515,0,0,0,12.8872,0.32300000000000001,3.9685839274170989
常规控制,13.432866529430937,32481.270993301445,694.63722586429071,2470.8425927598628,316.49863313420411,336.68940892337218,912.47702492039514,435.34723640958282,0,0,0,12.8872,0.32300000000000001,3.9602511154722229
常规控制,13.45312726326115,32411.852900922568,707.03180107621472,2515.7591005128647,322.12830495743231,343.1667465140909,929.06459771210984,443.26124824373909,0,0,0,12.8872,0.32300000000000001,3.9517873740800193
常规控制,13.473387997091363,32341.350313859704,719.61081045929245,2561.3773232253607,327.84104282743459,349.75936361138383,945.91131237731224,451.29889792890958,0,0,0,12.8872,0.32300000000000001,3.9431914066033467
常规控制,13.493648730921576,32269.752721531175,732.37565784695755,2607.7040616982144,333.63744857917806,356.46896432764578,963.01968043760121,459.46138372429112,0,0,0,12.8872,0.32300000000000001,3.9344619315485483
常规控制,13.513909464751787,32197.049747682693,745.32770669545516,2654.7460298166802,339.51810449739025,363.29726529095251,980.3921813168223,467.74988857508652,0,0,0,12.8872,0.32300000000000001,3.9255976837997153
常规控制,13.534170198582,32123.231160741281,758.46827785821881,2702.5098478509358,345.48357227985844,370.24599525287817,998.03125986696796,476.16557893209836,0,0,0,12.8872,0.32300000000000001,3.9165974158810868
常规控制,13.554430932412213,32048.286884393674,771.79864731996577,2751.0020356114119,351.53439198257269,377.31689467554713,1015.9393238404551,484.70960354574146,0,0,0,12.8872,0.32300000000000001,3.9074598992468061
常规控制,13.574691666242426,31972.207008382487,785.32004389219094,2800.2290054632076,357.67108094752308,384.5117152977636,1034.1187413103637,493.38309223522509,0,0,0,12.8872,0.32300000000000001,3.8981839255972393
常规控制,13.594952400072637,31894.981799513789,799.03364687169937,2850.197055203706,363.89413271393971,391.83221968003704,1052.571838040154,502.18715463363321,0,0,0,12.8872,0.32300000000000001,3.8887683082210627
常规控制,13.61521313390285,31816.601712869568,812.9405836638515,2900.9123608076352,370.20401591378049,399.28018072834055,1071.3008948044348,511.12287890964899,0,0,0,12.8872,0.32300000000000001,3.8792118833623301
常规控制,13.635473867733063,31737.057403228027,827.04192737058133,2952.3809690376238,376.60117315154457,406.85738119539695,1090.3081446600543,520.19133046557977,0,0,0,12.8872,0.32300000000000001,3.8695135116128898
常规控制,13.655734601563276,31656.33973674594,841.33869433519226,3004.6087898852365,383.08601986490538,414.56561315189765,1109.5957701545922,529.39355060551429,0,0,0,12.8872,0.32300000000000001,3.8596720793367347
常规控制,13.675995335393488,31574.439802733199,855.83184167317108,3057.6015889523164,389.6589431793912,422.40667744509358,1129.1659005128045,538.7305551929627,0,0,0,12.8872,0.32300000000000001,3.8496865001056162
常规控制,13.696256069223701,31491.348925646605,870.52226476796989,3111.3649796904883,396.32030074766277,430.3823831304482,1149.0206087706879,548.20333328350387,0,0,0,12.8872,0.32300000000000001,3.8395557161613669
常规控制,13.716516803053914,31407.058677251774,885.410794741941,3165.9044155318716,403.0704195781027,438.49454687948202,1169.1619088693701,557.81284573826645,0,0,0,12.8872,0.32300000000000001,3.8292786998987363
常规控制,13.736777536884127,31321.560888944899,900.49819590412358,3221.2251819163862,409.90959485352039,446.74499236424259,1189.5917527108084,567.56002381918904,0,0,0,12.8872,0.32300000000000001,3.8188544553677097
常规控制,13.757038270714339,31234.847664226025,915.78516317725075,3277.3323882209856,416.83808874111912,455.13554961779255,1210.312027177273,577.44576776700012,0,0,0,12.8872,0.32300000000000001,3.8082820197943015
常规控制,13.777299004544551,31146.911391309834,931.27231950737917,3334.2309595999382,423.85612919534606,463.66805437067217,1231.3245511179812,587.47094536352699,0,0,0,12.8872,0.32300000000000001,3.7975604651181114
常规控制,13.797559738374764,31057.744755859796,946.96021325954484,3391.9256287452936,430.96390875524111,472.34434736329501,1252.6310723062518,597.63639047993991,0,0,0,12.8872,0.32300000000000001,3.7866888995449308
常规控制,13.817820472204977,30967.340753831679,962.8493156028245,3450.420927576557,438.16158333789315,481.16627363421873,1274.2332643705229,607.94290161252422,0,0,0,12.8872,0.32300000000000001,3.775666469112672
常规控制,13.83808120603519,30875.692704412279,978.94001788822277,3509.7211788687805,445.44927102963044,490.13568178425896,1296.1327237026212,618.39124040760214,0,0,0,12.8872,0.32300000000000001,3.7644923592689148
常规控制,13.858341939865401,30782.79426303937,995.23262902276429,3569.8304878280983,452.82705087655097,499.2544232163894,1318.3309663466232,628.98213017719252,0,0,0,12.8872,0.32300000000000001,3.7531657964583469
常规控制,13.878602673695614,30688.639434488705,1011.7273728432032,3630.7527336238577,460.29496167601548,508.52435135138961,1340.8294248716929,639.71625440702633,0,0,0,12.8872,0.32300000000000001,3.7416860497183939
常规控制,13.898863407525827,30593.222586014475,1028.4243854926858,3692.4915608861888,467.85300077069849,517.94732081912298,1363.6294452321486,650.59425525846984,0,0,0,12.8872,0.32300000000000001,3.7300524322813535
常规控制,13.91912414135604,30496.538460537471,1045.3237128031672,3755.0503711726838,475.50112284666176,527.52518662319244,1386.7322836161266,661.61673206500575,0,0,0,12.8872,0.32300000000000001,3.7182643031823495
常规控制,13.939384875186251,30398.582189831232,1062.4253076927794,3818.4323144363802,483.23923873952742,537.25980328325318,1410.1391032947251,672.78423982894583,0,0,0,12.8872,0.32300000000000001,3.7063210688670458
常规控制,13.959645609016464,30299.349307690889,1079.7290275811495,3882.6402805049775,491.0672142502732,547.15302395588242,1433.8509714752968,684.09728772011954,0,0,0,12.8872,0.32300000000000001,3.6942221847972423
常规控制,13.979906342846677,30198.835763099738,1097.2346318228892,3947.6768905614681,498.98486897087247,557.20669952820515,1457.8688561552628,695.55633757481519,0,0,0,12.8872,0.32300000000000001,3.681967157056202
常规控制,14,30097.882652343444,1114.7949371962472,4012.9979189358323,506.92558082648685,567.33776468115946,1481.9917759278273,707.06550018417749,0,0,0,12.8872,0.32300000000000001,3.6696585355873728
常规控制,14.00016707667689,30097.037933351839,1114.9417791667336,4013.5444886532568,506.99197512323087,567.42267768811223,1482.1936229864493,707.1618023997388,0,0,0,12.8872,0.32300000000000001,3.6695555439486078
常规控制,14.020427810507103,29993.95263710757,1132.8500252455071,4080.2451332446562,515.08825641387341,577.80280197156424,1506.826032155441,718.91404488361502,0,0,0,12.8872,0.32300000000000001,3.6569869575923555
常规控制,14.040688544337314,29889.577147360164,1150.9588201020131,4147.7805888269777,523.27338690677868,588.34891078724024,1531.766735285205,730.81337591893828,0,0,0,12.8872,0.32300000000000001,3.644261065499482
常规控制,14.060949278167527,29783.909204291293,1169.2675057559286,4216.1523176004021,531.54698991675673,599.06283641879554,1557.0162723632241,742.86005313636826,0,0,0,12.8872,0.32300000000000001,3.6313775921435765
常规控制,14.08121001199774,29676.947027993956,1187.7753138167648,4285.3614712417284,539.90863692575419,609.94640400497008,1582.5750687013417,755.0542794542589,0,0,0,12.8872,0.32300000000000001,3.6183363205110033
常规控制,14.101470745827953,29568.689331040579,1206.4813631480038,4355.4088827722753,548.35784652449172,621.00143049782196,1608.4434319325962,767.39620164583255,0,0,0,12.8872,0.32300000000000001,3.6051370936332598
常规控制,14.121731479658164,29459.135330874531,1225.3846575874661,4426.2950585400249,556.89408338181852,632.22972359933101,1634.6215490502443,779.88590892648278,0,0,0,12.8872,0.32300000000000001,3.5917798160977989
常规控制,14.141992213488377,29348.284762003095,1244.4840837290096,4498.0201703302464,565.51675724418283,643.63308067663888,1661.1094834942271,792.52343156371546,0,0,0,12.8872,0.32300000000000001,3.5782644555346499
常规控制,14.16225294731859,29236.137887970119,1263.778408770615,4570.584047618674,574.22522196760235,655.21328765616602,1687.9071722902886,805.30873951220576,0,0,0,12.8872,0.32300000000000001,3.5645910440761686
常规控制,14.182513681148803,29122.695513086248,1283.2662784339673,4643.9861699815319,583.0187745845401,666.97211789688527,1715.014423247012,818.24174107649196,0,0,0,12.8872,0.32300000000000001,3.5507596797872436
常规控制,14.202774414979014,29007.958993814809,1302.9462149737196,4718.2256597283931,591.8966544142005,678.91133105204949,1742.4309122351503,831.32228161293017,0,0,0,12.8872,0.32300000000000001,3.5367705280535007
常规控制,14.223035148809227,28891.930249857083,1322.8166152705801,4793.3012747295115,600.8580422133947,691.03267191260375,1770.1561805387746,844.55014226591481,0,0,0,12.8872,0.32300000000000001,3.5226238229328728
常规控制,14.24329588263944,28774.611774989069,1342.8757490018118,4869.2114014039698,609.90205936518419,703.3378692231372,1798.1896322658113,857.92503873243299,0,0,0,12.8872,0.32300000000000001,3.5083198684768617
常规控制,14.263556616469653,28656.006647436483,1363.1217569247194,4945.9540480066144,619.02776712176137,715.82863449359502,1826.5305318689223,871.44662007926445,0,0,0,12.8872,0.32300000000000001,3.4938590399954972
常规控制,14.283817350299866,28536.118539937375,1383.5526492505408,5023.5268381170963,628.23416589103954,728.50666078712061,1855.1780017410219,885.11446759579042,0,0,0,12.8872,0.32300000000000001,3.4792417852842172
常规控制,14.304078084130078,28414.951729372999,1404.1663041298857,5101.927004408295,637.52019457690426,741.37362149509033,1884.1310199139643,898.9280936960273,0,0,0,12.8872,0.32300000000000001,3.4644686257981014
常规控制,14.324338817960291,28292.511105943489,1424.9604662547722,5181.1513827092413,646.88472997545648,754.43116910021308,1913.3884178660005,912.88694087255271,0,0,0,12.8872,0.32300000000000001,3.4495401577706089
常规控制,14.344599551790504,28168.802181865638,1445.9327455822008,5261.1964063773012,656.32658622953579,767.68093392849903,1942.9488784434311,926.99038070491622,0,0,0,12.8872,0.32300000000000001,3.4344570532740444
常规控制,14.364860285620717,28043.831099569605,1467.0806161842738,5342.0581009945281,665.84451434382936,781.12452289093949,1972.8109339019834,941.23771292517085,0,0,0,12.8872,0.32300000000000001,3.4192200612189398
常规控制,14.385121019450928,27917.604639371904,1488.4014152297912,5423.7320794029201,675.4372017628549,794.76351821570131,2002.9729640733428,955.62816454311633,0,0,0,12.8872,0.32300000000000001,3.4038300082895718
常规控制,14.405381753281141,27790.130226601577,1509.8923421023212,5506.2135370934875,685.10327201411906,808.5994761716704,2033.4331946623424,970.1608890338797,0,0,0,12.8872,0.32300000000000001,3.3882877998128174
常规控制,14.425642487111354,27661.41593815681,1531.5504576596763,5589.4972479638118,694.84128441873452,822.63392578414255,2064.1896956802402,984.83496559042464,0,0,0,12.8872,0.32300000000000001,3.3725944205575615
常规控制,14.445903220941567,27531.470508468967,1553.3726836398066,5673.5775604590835,704.64973387180999,836.86836754351032,2095.2403800196125,999.64939844362584,0,0,0,12.8872,0.32300000000000001,3.3567509354618608
常规控制,14.466163954771778,27400.303334851193,1575.3558022180396,5758.4483941113067,714.52705069489116,851.30427210774371,2126.5830021762881,1014.6031162524978,0,0,0,12.8872,0.32300000000000001,3.340758490285062
常规控制,14.486424688601991,27267.924482208662,1597.496455720667,5844.1032364915827,724.47160056276255,865.94307899950093,2158.2151571238355,1029.6949715672065,0,0,0,12.8872,0.32300000000000001,3.324618312182098
常规控制,14.506685422432204,27134.344687087636,1619.7911464998062,5930.5351405901756,734.48168450688922,880.78619529866842,2190.1342793460226,1044.9237403674524,0,0,0,12.8872,0.32300000000000001,3.3083317101971668
常规控制,14.526946156262417,26999.575360971336,1642.2362369846792,6017.7367226839524,744.55553900267716,895.83499434053124,2222.3376420492714,1060.2881216867277,0,0,0,12.8872,0.32300000000000001,3.2919000756655752
常规控制,14.54720689009263,26863.628592542707,1664.8279499452688,6105.700160872274,754.69133615722808,911.09081446570076,2254.8223566219613,1075.7867373543477,0,0,0,12.8872,0.32300000000000001,3.2753248824896262
常规控制,14.567467623922841,26726.517149852913,1687.5623688376761,6194.4171936738785,764.88718393542683,926.55495768328103,2287.585372116263,1091.4181317482319,0,0,0,12.8872,0.32300000000000001,3.2586076874030101
常规控制,14.587728357753054,26588.254481288306,1710.4354383993232,6283.8791194012265,775.14112650528489,942.22868838903446,2320.6234750170875,1107.1807716846665,0,0,0,12.8872,0.32300000000000001,3.2417501300887022
常规控制,14.607989091583267,26448.854715881418,1733.4429654014025,6374.0767959592586,785.45114465673055,958.11323208436636,2353.9332891677632,1123.073046382847,0,0,0,12.8872,0.32300000000000001,3.2247539332168786
常规控制,14.62824982541348,26308.332662830529,1756.5806195874998,6465.0006411562626,795.81515630838794,974.20977410049522,2387.5112758848422,1139.0932675196516,0,0,0,12.8872,0.32300000000000001,3.2076209023863429
常规控制,14.648510559243691,26166.703810183953,1779.8439348049603,6556.640633555201,806.23101710541619,990.51945833364402,2421.3537342724931,1155.2396693796386,0,0,0,12.8872,0.32300000000000001,3.1903529259641048
常规控制,14.668771293073904,26023.98432268274,1803.2283103294767,6648.9863138695709,816.69652110851871,1007.0433859928708,2455.4568017379875,1171.5104091009896,0,0,0,12.8872,0.32300000000000001,3.1729519748223569
常规控制,14.689032026904117,25880.191038755864,1826.7290123833436,6742.0267869076461,827.20940157420603,1023.7826143621168,2489.8164547097053,1187.9035670180724,0,0,0,12.8872,0.32300000000000001,3.1554201019721146
常规控制,14.70929276073433,25735.341466661528,1850.3411758478837,6835.7507240692239,837.76733182642886,1040.7381555781076,2524.4285095591795,1204.4171471013517,0,0,0,12.8872,0.32300000000000001,3.1377594420927473
常规控制,14.729553494564541,25589.453779768621,1874.0598061704745,6930.1463663987333,848.36792621966299,1057.9109754256835,2559.2886237286016,1221.0490774953303,0,0,0,12.8872,0.32300000000000001,3.1199722109566732
常规控制,14.749814228394754,25442.546810971984,1897.8797814666732,7025.201528198776,859.00874119355933,1075.3019921521807,2594.3922970652939,1237.7972111552294,0,0,0,12.8872,0.32300000000000001,3.1020607047484496
常规控制,14.770074962224967,25294.640046235694,1921.7958548178697,7120.9036012079296,869.6872764192384,1092.9120753024431,2629.7348733645663,1254.659326583095,0,0,0,12.8872,0.32300000000000001,3.0840272992775377
常规控制,14.79033569605518,25145.753617257786,1945.8026567649792,7217.2395593469691,880.40097603734694,1110.7420445760961,2665.311542122482,1271.6331286640504,0,0,0,12.8872,0.32300000000000001,3.0658744490839585
常规控制,14.810596429885393,24995.908293250595,1969.8946979986058,7314.1959640373452,891.14722998796344,1128.7926687086645,2701.117340499964,1288.7162496033804,0,0,0,12.8872,0.32300000000000001,3.0476046864361188
常规控制,14.830857163715605,24845.125471830488,1994.0663722461561,7411.7589700959361,901.92337543245219,1147.0646643781424,2737.1471554997111,1305.9062499651507,0,0,0,12.8872,0.32300000000000001,3.0292206202200473
常规控制,14.851117897545818,24693.427169010702,2018.3119593563833,7509.9143322100899,912.72669826736944,1165.5586951386283,2773.395726357423,1323.2006198130691,0,0,0,12.8872,0.32300000000000001,3.0107249347192799
常规控制,14.871378631376031,24540.836008291459,2042.6256285817899,7608.647411996817,923.55443473050832,1184.2753703826029,2809.857647148739,1340.5967799542732,0,0,0,12.8872,0.32300000000000001,2.9921203882846834
常规控制,14.891639365206244,24387.375208793295,2067.0014420548787,7707.9431856810115,934.4037731003491,1203.2152443536411,2846.5273696247955,1358.092083292185,0,0,0,12.8872,0.32300000000000001,2.9734098118876209
常规控制,14.911900099036455,24233.068572647957,2091.4333584203482,7807.7862522541172,945.27185546568148,1222.378815195073,2883.3992062251978,1375.6838162640161,0,0,0,12.8872,0.32300000000000001,2.9545961075825962
常规控制,14.932160832866668,24077.940471575515,2115.9152366717594,7908.1608421592873,956.15577958715789,1241.7665239894523,2920.4673332854372,1393.3692003710435,0,0,0,12.8872,0.32300000000000001,2.9356822468706829
常规控制,14.952421566696881,23922.015832498739,2140.4408401676133,8009.050826599534,967.05260084630129,1261.3787538709857,2957.7257944743683,1411.1453938186426,0,0,0,12.8872,0.32300000000000001,2.9166712689455649
常规控制,14.972682300527094,23765.320122358018,2165.0038408177229,8110.439727363103,977.95933427140994,1281.2158291729181,2995.1685044226992,1429.0094932474624,0,0,0,12.8872,0.32300000000000001,2.8975662788421155
常规控制,14.992943034357305,23607.879332100409,2189.5978234422864,8212.3107271832723,988.87295664346232,1301.278014613742,3032.789252548846,1446.9585355587556,0,0,0,12.8872,0.32300000000000001,2.8783704454842671
常规控制,15,23552.871424590005,2198.1701751905412,8247.9032221582493,992.6753095573589,1308.3187224870182,3045.9334868353303,1453.2297138076988,0,0,0,12.8872,0.32300000000000001,2.8716636535264404
常规控制,15.013203768187518,23449.719959867154,2214.2162902966561,8314.6466806167446,999.79040867857566,1321.5655145240389,3070.5817070762969,1464.9894998310847,0,0,0,12.8872,0.32300000000000001,2.8590869996351715
常规控制,15.033464502017731,23290.868993404554,2238.8526657547682,8417.4301254245838,1010.7085972835403,1342.0784721157258,3108.5394192365716,1483.0993093255734,0,0,0,12.8872,0.32300000000000001,2.8397192317526554
常规控制,15.053725235847944,23131.353891722447,2263.50030114425,8520.6432944399548,1021.624397880989,1362.8169687955308,3146.6558276519518,1501.2848335769288,0,0,0,12.8872,0.32300000000000001,2.82027048975295
常规控制,15.073985969678157,22971.202566025182,2288.1524797261695,8624.2681279066273,1032.534656800728,1383.7810235244654,3184.9242628920633,1519.5428905674105,0,0,0,12.8872,0.32300000000000001,2.800744176685714
常规控制,15.094246703508368,22810.443359939534,2312.8024218124101,8728.2862862723559,1043.4361937337712,1404.9705922251007,3223.3379521984489,1537.8702489809443,0,0,0,12.8872,0.32300000000000001,2.7811437483233385
常规控制,15.114507437338581,22649.105029064118,2337.443290013679,8832.6791634213059,1054.3258042456241,1426.3855672384473,3261.8900243712674,1556.2636305345934,0,0,0,12.8872,0.32300000000000001,2.7614727106675283
常规控制,15.134768171168794,22487.216719865137,2362.0681946110917,8937.4279003294014,1065.200262345342,1448.0257768322033,3300.573514812198,1574.7197123845499,0,0,0,12.8872,0.32300000000000001,2.741734617376185
常规控制,15.155028904999007,22324.807947942714,2386.6701990443689,9042.5133991269631,1076.0563231069214,1469.8909847622081,3339.3813707177292,1593.2351296038801,0,0,0,12.8872,0.32300000000000001,2.7219330671135467
常规控制,15.175289638829218,22161.908575692698,2411.2423255095937,9147.9163375524768,1086.8907253395482,1491.9808898888582,3378.3064564169172,1611.8064777291943,0,0,0,12.8872,0.32300000000000001,2.7020717008266213
常规控制,15.195550372659431,21998.548789388322,2435.7775606595346,9253.6171837817583,1097.7001943032537,1514.2951258503085,3417.3415588477574,1630.4303153734504,0,0,0,12.8872,0.32300000000000001,2.6821541989508897
常规控制,15.215811106489644,21834.759075867209,2460.2688613795258,9359.5962115124603,1108.4814444602061,1536.8332607637749,3456.479393127865,1649.1031668837527,0,0,0,12.8872,0.32300000000000001,2.6621842785678904
常规控制,15.236071840319857,21670.570198895297,2484.7091606135559,9465.8335152576474,1119.2311822486786,1559.5947969680008,3495.7126082023601,1667.8215250359863,0,0,0,12.8872,0.32300000000000001,2.6421656905234063
常规控制,15.256332574150068,21506.013174664866,2509.0913733166149,9572.3090261996113,1129.946108904946,1582.5791708971385,3535.0337926986504,1686.5818538281599,0,0,0,12.8872,0.32300000000000001,2.622102216440088
常规控制,15.276593307980281,21341.119247231913,2533.4084024275267,9679.0025280829796,1140.6229232993794,1605.7857529413766,3574.4354807957179,1705.3805912806754,0,0,0,12.8872,0.32300000000000001,2.6019976657226724
常规控制,15.296854041810494,21175.919863497504,2557.653144897658,9785.893673402843,1151.258324793509,1629.2138473916634,3613.9101582023663,1724.2141522885743,0,0,0,12.8872,0.32300000000000001,2.5818558725076088
常规控制,15.317114775640707,21010.446647888966,2581.8184977566048,9892.9619997871177,1161.8490161115967,1652.8626924388889,3653.4502682071902,1743.0789315080103,0,0,0,12.8872,0.32300000000000001,2.5616806925760836
常规控制,15.33737550947092,20844.731376786935,2605.8973642037608,10000.18694654337,1172.3917062214659,1676.7314602276435,3693.0482177892836,1761.9713062716974,0,0,0,12.8872,0.32300000000000001,2.5414760002360595
常规控制,15.357636243301132,20678.80595274131,2629.8826597149905,10107.547871342185,1182.8831132194216,1700.8192569652656,3732.6963837793724,1780.887639528416,0,0,0,12.8872,0.32300000000000001,2.5212456851785796
常规控制,15.377896977131345,20512.702378519432,2653.7673181536147,10215.024067009141,1193.3199672141036,1725.1251230868859,3772.3871190610575,1799.8242828016575,0,0,0,12.8872,0.32300000000000001,2.5009936493136102
常规控制,15.398157710961557,20346.45273102976,2677.5442978748911,10322.594778397288,1203.6990132040883,1749.6480334771454,3812.1127588017871,1818.7775791624483,0,0,0,12.8872,0.32300000000000001,2.4807238035907133
常规控制,15.41841844479177,20180.089135164169,2701.2065878132348,10430.239219312354,1214.0170139440877,1774.3868977493287,3851.8656267032939,1837.7438662114685,0,0,0,12.8872,0.32300000000000001,2.4604400648097844
常规控制,15.438679178621982,20013.643737602149,2724.7472135413523,10537.936589462521,1224.2707527945729,1799.340560582579,3891.6380412611184,1856.7194790654971,0,0,0,12.8872,0.32300000000000001,2.4401463524271585
常规控制,15.458939912452195,19847.148680620117,2748.1592432905213,10645.666091404955,1234.4570365496534,1824.5078021179263,3931.4223220229246,1875.7007533432868,0,0,0,12.8872,0.32300000000000001,2.4198465853623263
常规控制,15.479200646282408,19680.636075949209,2771.4357939211895,10753.406947460944,1244.5726982380395,1849.8873384137923,3971.2107958352267,1894.684028145906,0,0,0,12.8872,0.32300000000000001,2.3995446788105741
常规控制,15.499461380112621,19514.137978724531,2794.5700368331359,10861.138416571845,1254.6145998919374,1875.4778219617231,4010.9958030682519,1913.6656490266553,0,0,0,12.8872,0.32300000000000001,2.3792445410667642
常规控制,15.519722113942832,19347.686361569333,2817.5552038043779,10968.839811067766,1264.5796352786897,1901.2778422630086,4050.7697038085844,1932.6419709456027,0,0,0,12.8872,0.32300000000000001,2.3589500703655721
常规控制,15.539982847773045,19181.313088952124,2840.3845927482998,11076.4905132596,1274.4647325920889,1927.2859264310632,4090.524883986564,1951.6093611929991,0,0,0,12.8872,0.32300000000000001,2.3386651517549999
常规控制,15.560243581603258,19015.049891924733,2863.051573383389,11184.069991784603,1284.2668571027241,1953.5005397877269,4130.2537614126795,1970.5642022692703,0,0,0,12.8872,0.32300000000000001,2.3183936540163343
常规控制,15.580504315433471,18848.928342743548,2885.5495927957863,11291.557818027553,1293.9830137453398,1979.920086670948,4169.9487918418645,1989.5028947783198,0,0,0,12.8872,0.32300000000000001,2.2981394265698638
常规控制,15.600765049263684,18682.979830109372,2907.872180894145,11398.933682141625,1303.6102496585229,2006.5429111795067,4209.6024748899727,2008.4218602503126,0,0,0,12.8872,0.32300000000000001,2.2779062964560213
常规控制,15.621025783093895,18517.235534685722,2930.0129557476344,11506.177408889122,1313.1456566649031,2033.3672979957923,4249.2073598837296,2027.3175439327106,0,0,0,12.8872,0.32300000000000001,2.2576980653504699
常规控制,15.641286516924108,18351.726405031266,2951.9656287928274,11613.268973214212,1322.5863736861684,2060.3914732587032,4288.7560516117119,2046.1864175340966,0,0,0,12.8872,0.32300000000000001,2.2375185066296899
常规控制,15.661547250754321,18186.483133985264,2973.7240099023174,11720.188515522579,1331.9295890897049,2087.6136054833091,4328.2412159670903,2065.0249819163519,0,0,0,12.8872,0.32300000000000001,2.2173713624917908
常规控制,15.681807984584534,18021.536135538194,2995.2820123080501,11826.916356647136,1341.172542963634,2115.0318065261595,4367.6555854744302,2083.8297697315234,0,0,0,12.8872,0.32300000000000001,2.1972603411364839
常规控制,15.702068718414745,17856.915522220235,3016.6336573722942,11933.433012478641,1350.3125293169803,2142.6441325950227,4406.9919646927592,2102.5973479996478,0,0,0,12.8872,0.32300000000000001,2.1771891140081916
常规控制,15.722329452244958,17692.65108303992,3037.773079199234,12039.719208240349,1359.346898201745,2170.4485853019269,4446.243235487158,2121.3243206238585,0,0,0,12.8872,0.32300000000000001,2.1571613131062373
常规控制,15.742590186075171,17528.772262005645,3058.6945290801054,12145.755892385518,1368.2730577536167,2198.443112758287,4485.4023621610804,2140.0073308390388,0,0,0,12.8872,0.32300000000000001,2.1371805283660983
常规控制,15.762850919905384,17365.308137262233,3079.3923797648745,12251.524250096971,1377.0884761480963,2226.6256107110016,4524.4623964417196,2158.6430635903625,0,0,0,12.8872,0.32300000000000001,2.1172503051156508
常规控制,15.783111653735595,17202.287400875197,3099.8611295533669,12357.005716367525,1385.7906834687733,2254.9939237183116,4563.4164823105757,2177.2282478379857,0,0,0,12.8872,0.32300000000000001,2.0973741416103802
常规控制,15.803372387565808,17039.738339295072,3120.0954061988546,12462.181988640441,1394.3772734845213,2283.5458463642817,4602.2578606715542,2195.7596587842131,0,0,0,12.8872,0.32300000000000001,2.0775554866515149
常规控制,15.823633121396021,16877.688814534435,3140.0899706169957,12567.035038988693,1402.8459053323495,2312.279124510701,4640.9798738487407,2214.2341200194146,0,0,0,12.8872,0.32300000000000001,2.0577977372910476
常规控制,15.843893855226234,16716.166246089528,3159.8397203933196,12671.547125812453,1411.1943051027627,2341.1914565851121,4679.5759699062592,2232.6485055830453,0,0,0,12.8872,0.32300000000000001,2.0381042366275484
常规控制,15.864154589056447,16555.197593560253,3179.3396931218431,12775.700805084714,1419.4202673423238,2370.2804948740381,4718.0397068012553,2250.9997419450601,0,0,0,12.8872,0.32300000000000001,2.018478271687119
常规控制,15.884415322886658,16394.809340003714,3198.585069540346,12879.478941122276,1427.5216564594423,2399.5438468573934,4756.3647563616023,2269.2848099036896,0,0,0,12.8872,0.32300000000000001,1.9989230713937896
常规控制,15.904676056716871,16235.027476180403,3217.5711764132589,12982.86471677913,1435.4964080079531,2428.9790766024284,4794.5449080502949,2287.5007463814554,0,0,0,12.8872,0.32300000000000001,1.9794418046487476
常规控制,15.924936790547084,16075.877485522202,3236.2934892476314,13085.841643172816,1443.342529890225,2458.5837061502993,4832.5740725573723,2305.6446461388941,0,0,0,12.8872,0.32300000000000001,1.960037578497575
常规控制,15.945197524377297,15917.384329926286,3254.747634791519,13188.393568876387,1451.058103456159,2488.355216932825,4870.4462851944909,2323.7136633941222,0,0,0,12.8872,0.32300000000000001,1.9407134363981826
常规控制,15.965458258207509,15759.572436381253,3272.9293933183299,13290.504688571873,1458.6412844991532,2518.2910512125673,4908.1557090906344,2341.7050133475259,0,0,0,12.8872,0.32300000000000001,1.9214723565902101
常规控制,15.985718992037722,15602.465684428316,3290.8347006979457,13392.159551163439,1466.0903041496128,2548.3886135438615,4945.6966381882812,2359.6159736112486,0,0,0,12.8872,0.32300000000000001,1.9023172505662447
常规控制,16,15492.163546229332,3303.2872324891805,13463.52980459171,1471.2592997705331,2569.6989709024188,4972.0535241780544,2372.1909723921885,0,0,0,12.8872,0.32300000000000001,1.8888687569425937
常规控制,16.005979725867935,15446.087394460757,3308.4596502553877,13493.343067348145,1473.4034696665647,2578.6452722523213,4983.063500039274,2377.4438855431099,0,0,0,12.8872,0.32300000000000001,1.883250961645242
常规控制,16.026240459698148,15290.460316864313,3325.8004944178624,13594.040516642575,1480.5791651279544,2609.0583609304699,5020.2508583997378,2395.1861554846605,0,0,0,12.8872,0.32300000000000001,1.8642762636484764
常规控制,16.046501193528361,15135.606622001666,3342.8536461509625,13694.23755386332,1487.615852020187,2639.6251799470388,5057.2534156233041,2412.8402559029946,0,0,0,12.8872,0.32300000000000001,1.8453958596784081
常规控制,16.066761927358574,14981.54789104396,3359.6156801848269,13793.920215059374,1494.5120697274851,2670.3429979675298,5094.0660148519437,2430.4037264360086,0,0,0,12.8872,0.32300000000000001,1.8266123810008246
常规控制,16.087022661188787,14828.305107652292,3376.0833340310646,13893.074922894566,1501.266435921628,2701.2090534836266,5130.683642003678,2447.8741748407506,0,0,0,12.8872,0.32300000000000001,1.8079283860306128
常规控制,16.107283395018996,14675.898650512159,3392.2535087912333,13991.688491478104,1507.8776468526446,2732.2205563490361,5167.101427556493,2465.2492778445308,0,0,0,12.8872,0.32300000000000001,1.7893463594215298
常规控制,16.127544128849209,14524.348286723738,3408.1232697576902,14089.748130641347,1514.3444775410308,2763.3746893193711,5203.314648127739,2482.5267818984635,0,0,0,12.8872,0.32300000000000001,1.7708687112603141
常规控制,16.147804862679422,14373.673166051285,3423.6898468075751,14187.241449658684,1520.6657818720453,2794.668609593582,5239.3187278482483,2499.7045038330639,0,0,0,12.8872,0.32300000000000001,1.7524977763655543
常规控制,16.168065596509635,14223.891816012503,3438.9506345929613,14284.156460424952,1526.840492592959,2826.0994503598004,5275.1092395357427,2516.7803314180874,0,0,0,12.8872,0.32300000000000001,1.73423581368896
常规控制,16.188326330339848,14075.022137560794,3453.9031925641625,14380.481580249163,1532.8676212246344,2857.6643223844208,5310.6819057265584,2533.752223854769,0,0,0,12.8872,0.32300000000000001,1.7160850057889252
常规控制,16.208587064170061,13927.081401841489,3468.5452447782932,14476.205633953401,1538.7462578821594,2889.3603155278315,5346.0325994507584,2550.6182121456354,0,0,0,12.8872,0.32300000000000001,1.6980474584350369
常规控制,16.228847798000274,13780.08624767846,3482.8746795115994,14571.317855499075,1544.4755709973861,2921.1845002966547,5381.157344832709,2567.3763993810417,0,0,0,12.8872,0.32300000000000001,1.6801252003016285
常规控制,16.249108531830487,13634.052679792698,3496.889548704245,14665.80788913958,1550.0548069627228,2953.1339293839292,5416.0523175167473,2584.0249609422594,0,0,0,12.8872,0.32300000000000001,1.6623201827505834
常规控制,16.269369265660696,13488.996067809043,3510.5880672226376,14759.665790062983,1555.4832896894759,2985.2056391990336,5450.713844904536,2600.5621446147197,0,0,0,12.8872,0.32300000000000001,1.6446342797102325
常规控制,16.289629999490909,13344.931146012834,3523.9686119459429,14852.882024549492,1560.760420083164,3017.3966513917417,5485.1384062132047,2616.9862706157537,0,0,0,12.8872,0.32300000000000001,1.627069287645682
常规控制,16.309890733321122,13201.872013836748,3537.0297206830032,14945.44746965643,1565.8856754389278,3049.7039743680662,5519.3226323590179,2633.2957315390886,0,0,0,12.8872,0.32300000000000001,1.6096269256181717
常规控制,16.330151467151335,13059.832137057178,3549.7700909259324,15037.353412444145,1570.8586087601861,3082.1246047957338,5553.2633056715031,2649.4889922184584,0,0,0,12.8872,0.32300000000000001,1.5923088354309423
常规控制,16.350412200981548,12918.824349680377,3562.1885784466094,15128.591548755583,1575.678848003655,3114.6555290969486,5586.9573594427529,2665.5645895125695,0,0,0,12.8872,0.32300000000000001,1.5751165818592023
常规控制,16.370672934811761,12778.860856498082,3574.2841957423066,15219.153981562698,1580.346095253873,3147.2937249262136,5620.40187731675,2681.5211320137523,0,0,0,12.8872,0.32300000000000001,1.5580516529617192
常规控制,16.390933668641974,12639.95323629248,3586.0561103367058,15309.03321889269,1584.8601258303568,3180.0361626309418,5653.5940925235382,2697.3572996825751,0,0,0,12.8872,0.32300000000000001,1.5411154604715829
常规控制,16.411194402472187,12502.1124456704,3597.503642942529,15398.222171347121,1589.2207873305308,3212.8798066925929,5686.5313869630372,2713.0718434107257,0,0,0,12.8872,0.32300000000000001,1.5243093402636874
常规控制,16.4314551363024,12365.348823506585,3608.6262654920356,15486.714149226929,1593.4279986115509,3245.821617146074,5719.2112901433102,2728.6635845144601,0,0,0,12.8872,0.32300000000000001,1.5076345528964696
常规控制,16.45171587013261,12229.672095975884,3619.4235990416132,15574.502859276377,1597.4817487141681,3278.8585509751333,5751.6314779781187,2744.131414160905,0,0,0,12.8872,0.32300000000000001,1.4910922842254595
常规控制,16.471976603962823,12095.091382154085,3629.8954115566985,15661.582401059077,1601.3820957317421,3311.9875634815721,5783.7897714485889,2759.4742927295338,0,0,0,12.8872,0.32300000000000001,1.4746836460861534
常规控制,16.492237337793036,11961.615200099848,3640.0416155628914,15747.947263022712,1605.1291656121912,3345.2056096855331,5815.684135149927,2774.6912491187986,0,0,0,12.8872,0.32300000000000001,1.4584096770355492
常规控制,16.512498071623249,11829.251473433353,3649.8622657090236,15833.592318242368,1608.7231509221713,3378.5096456762576,5847.312675719435,2789.7813799961268,0,0,0,12.8872,0.32300000000000001,1.4422713431542444
常规控制,16.532758805453462,11698.007538486863,3659.3575562411811,15918.512819793816,1612.1643095761244,3411.896629885191,5878.6736401278795,2804.7438489827259,0,0,0,12.8872,0.32300000000000001,1.4262695389182589
常规控制,16.553019539283675,11567.890151846526,3668.5278183609207,16002.704395873623,1615.452963505955,3445.3635243961494,5909.7654138773587,2819.5778857937767,0,0,0,12.8872,0.32300000000000001,1.4104050881185661
常规控制,16.573280273113888,11438.905498342587,3677.373517507689,16086.163044629166,1618.5894972987728,3478.9072962049627,5940.5865190920249,2834.2827853275098,0,0,0,12.8872,0.32300000000000001,1.39467874483529
常规控制,16.593541006944101,11311.059199445006,3685.8952505593484,16168.88512872627,1621.5743567973777,3512.5249184551731,5971.1356125119464,2848.8579067080632,0,0,0,12.8872,0.32300000000000001,1.3790911944613362
常规控制,16.613801740774313,11184.356322039994,3694.0937429574001,16250.867369670446,1624.4080476667039,3546.2133716486305,6001.411483395932,2863.3026722849127,0,0,0,12.8872,0.32300000000000001,1.3636430547724605
常规控制,16.634062474604523,11058.801387562988,3701.9698457635004,16332.106841897436,1627.0911339294294,3579.96964482982,6031.413051339192,2877.6165665916678,0,0,0,12.8872,0.32300000000000001,1.3483348770408026
常规控制,16.654323208434736,10934.39838146343,3709.5245326538802,16412.600966649101,1629.6242364739712,3613.7907367427924,6061.1393640117167,2891.7991352670374,0,0,0,12.8872,0.32300000000000001,1.3331671471888682
常规控制,16.674583942264949,10811.150762977195,3716.758896858234,16492.347505650232,1632.0080315380703,3647.6736569594418,6090.58959482313,2905.8499839407255,0,0,0,12.8872,0.32300000000000001,1.318140286981025
常规控制,16.694844676095162,10689.06147518171,3723.6741480497062,16571.344554602463,1634.2432491711884,3681.6154269781046,6119.7630405200125,2919.7687770870966,0,0,0,12.8872,0.32300000000000001,1.3032546552494653
常规控制,16.715105409925375,10568.132955309617,3730.2716091925513,16649.590536510877,1636.3306716789218,3715.6130812912056,6148.6591187214235,2933.5552368493645,0,0,0,12.8872,0.32300000000000001,1.2885105491516888
常规控制,16.735366143755588,10448.367145296319,3736.5527133540681,16727.08419485929,1638.2711320526498,3749.6636684208465,6177.2773653985505,2947.2091418371233,0,0,0,12.8872,0.32300000000000001,1.273908205456505
常规控制,16.755626877585801,10329.765502536982,3742.5190004874048,16803.824586650004,1640.0655123876286,3783.7642519211563,6205.6174323043106,2960.7303258999891,0,0,0,12.8872,0.32300000000000001,1.2594478018555695
常规控制,16.775887611416014,10212.329010828425,3748.1721141918329,16879.811075323927,1641.7147422927435,3817.9119113462448,6233.679084358756,2974.1186768801749,0,0,0,12.8872,0.32300000000000001,1.2451294582974657
常规控制,16.796148345246223,10096.058191471491,3753.5137984570729,16955.04332357688,1643.2197972951335,3852.103743182598,6261.4621969961527,2987.3741353467617,0,0,0,12.8872,0.32300000000000001,1.2309532383413524
常规控制,16.816409079076436,9980.9531145190958,3758.5458943872504,17029.521286081588,1644.5816972366233,3886.336861758617,6288.9667534772361,3000.4966933133642,0,0,0,12.8872,0.32300000000000001,1.2169191505283707
常规控制,16.836669812906649,9867.0134102283064,3763.270336843495,17103.245202077724,1645.8015046271307,3920.6084002065186,6316.1928421527164,3013.486392932537,0,0,0,12.8872,0.32300000000000001,1.2030271497779312
常规控制,16.856930546736862,9754.2382804897479,3767.6891512077564,17176.215587976563,1646.8803230694391,3954.9155112396666,6343.1406537322046,3026.3433251927659,0,0,0,12.8872,0.32300000000000001,1.1892771387812324
常规控制,16.877191280567075,9642.6265103753776,3771.8044500836281,17248.433229889095,1647.8192956500457,3989.255367985028,6369.8104785248506,3039.0676286019602,0,0,0,12.8872,0.32300000000000001,1.1756689694092142
常规控制,16.897452014397288,9532.1764797854685,3775.6184299975016,17319.899176089897,1648.6196033322356,4023.6251647780696,6396.2027036562749,3051.6594878596411,0,0,0,12.8872,0.32300000000000001,1.1622024441326069
常规控制,16.917712748227501,9422.8861751271379,3779.1333681167116,17390.614729460649,1649.2824633599071,4058.0221179187683,6422.3178102779657,3064.1191325255295,0,0,0,12.8872,0.32300000000000001,1.1488773174458244
常规控制,16.937973482057714,9314.7532010128398,3782.3516189821557,17460.581439920676,1649.8091276703603,4092.443466397141,6448.1563707719079,3076.4468356858592,0,0,0,12.8872,0.32300000000000001,1.1356932972932945
常规控制,16.958234215887927,9207.7747919647318,3785.2756112586867,17529.801096853738,1650.2008813175839,4126.8864725884323,6473.7190459537942,3088.6429126190187,0,0,0,12.8872,0.32300000000000001,1.1226500464965019
常规控制,16.978494949718137,9101.9478241108263,3787.9078445065352,17598.2757215401,1650.4590409075699,4161.3484229181404,6499.006582278219,3100.7077194621352,0,0,0,12.8872,0.32300000000000001,1.1097471841800333
常规控制,16.99875568354835,8997.268826858699,3790.2508859770569,17666.007559603149,1650.5849530471903,4195.8266284970759,6524.0198090492249,3112.6416518802075,0,0,0,12.8872,0.32300000000000001,1.0969842871948832
常规控制,17,8990.87728111264,3790.3854171130902,17670.143166103106,1650.5884062076925,4197.9445834466451,6525.5470799188379,3113.370320256699,0,0,0,12.8872,0.32300000000000001,1.0962050034600921
常规控制,17.019016417378563,8893.7339945329313,3792.3073674360758,17732.999073479456,1650.5799928081694,4230.3184257265375,6548.7596356395097,3124.4451437393827,0,0,0,12.8872,0.32300000000000001,1.0843608915373393
常规控制,17.039277151208776,8791.3391979618191,3794.0799820181046,17799.252934921682,1650.4455622076814,4264.8211768738847,6573.2270487217666,3136.118665786013,0,0,0,12.8872,0.32300000000000001,1.0718764937616816
常规控制,17.059537885038988,8690.079995999502,3795.5714811147222,17864.772017543251,1650.183088707111,4299.3322706185845,6597.4231095154519,3147.6627243330745,0,0,0,12.8872,0.32300000000000001,1.0595305523850098
常规控制,17.079798618869201,8589.9516469693044,3796.7846713003814,17929.559389414033,1649.7940237305029,4333.8491225689504,6621.3489510523787,3159.0778599555665,0,0,0,12.8872,0.32300000000000001,1.0473224892824604
常规控制,17.100059352699414,8490.9491200142074,3797.7224112989356,17993.618305716071,1649.2798412042407,4368.3691757497172,6645.0057754644995,3170.3646461965041,0,0,0,12.8872,0.32300000000000001,1.0352516910711052
常规控制,17.120320086529627,8393.0671063403333,3798.3876089941509,18056.952201468586,1648.6420361194801,4402.8899010606228,6668.3948512972593,3181.5236882851036,0,0,0,12.8872,0.32300000000000001,1.0233175104808021
常规控制,17.14058082035984,8296.3000303393328,3798.7832184874928,18119.564684331297,1647.8821231188758,4437.4087977061736,6691.5175108518815,3192.5556218687711,0,0,0,12.8872,0.32300000000000001,1.0115192677102844
常规控制,17.16084155419005,8200.6420605756157,3798.9122372064639,18181.459527495212,1647.0016351091308,4471.9233935967504,6714.3751475599483,3203.4611117605073,0,0,0,12.8872,0.32300000000000001,0.99985625176676762
常规控制,17.181102288020263,8106.0871206241718,3798.7777030667653,18242.640662670088,1646.0021219009009,4506.43124572125,6736.969213393686,3214.2408507033397,0,0,0,12.8872,0.32300000000000001,0.98832772178734207
常规控制,17.201363021850476,8012.6288997451638,3798.3826916915668,18303.112173177502,1644.8851488775892,4540.9299404913527,6759.3012163152544,3224.8955581533637,0,0,0,12.8872,0.32300000000000001,0.97693290834046465
常规控制,17.221623755680689,7920.2608635012684,3797.7303136516839,18362.878287080985,1643.6522956758206,4575.417094073413,6781.3727177397122,3235.4259790693159,0,0,0,12.8872,0.32300000000000001,0.96567101472046735
常规控制,17.241884489510902,7828.97626441184,3796.8237116963064,18421.943370292316,1642.3051548625508,4609.8903527201574,6803.1853299891827,3245.8328826979414,0,0,0,12.8872,0.32300000000000001,0.95454121824655802
常规控制,17.262145223341115,7738.7681518854934,3795.6660582245577,18480.311920144701,1640.8453307287155,4644.3473929997099,6824.7407139194593,3256.1170614416328,0,0,0,12.8872,0.32300000000000001,0.9435426714738413
常规控制,17.282405957171328,7649.6293823763008,3794.2605526815701,18537.988558821264,1639.2744380486959,4678.7859220553437,6846.0405764931475,3266.279329700571,0,0,0,12.8872,0.32300000000000001,0.93267450343160541
常规控制,17.302666691001541,7561.5526292874983,3792.6104190357987,18594.978026946959,1637.594100879403,4713.2036778335123,6867.0866684131697,3276.3205227436547,0,0,0,12.8872,0.32300000000000001,0.92193582083082182
常规控制,17.32292742483175,7474.5303926797778,3790.7189033192267,18651.285177306851,1635.8059513908447,4747.5984292864687,6887.8807818029472,3286.2414956017024,0,0,0,12.8872,0.32300000000000001,0.91132570924782119
常规控制,17.343188158661963,7388.5550087879255,3788.5892712284544,18706.914968688459,1633.9116287271693,4781.9679765511637,6908.4247479323858,3296.0431219825118,0,0,0,12.8872,0.32300000000000001,0.90084323428460089
常规控制,17.363448892492176,7303.6186593435923,3786.2248057867205,18761.872459849495,1631.9127778981338,4816.3101511052273,6928.7204349901758,3305.7262932080162,0,0,0,12.8872,0.32300000000000001,0.89048744270549574
常规控制,17.383709626322389,7219.7133807014334,3783.6288050669073,18816.162803612893,1629.8110487009403,4850.6228159009952,6948.7697459030969,3315.2919171738558,0,0,0,12.8872,0.32300000000000001,0.88025736354987583
常规控制,17.403970360152602,7136.8310727664011,3780.8045799755723,18869.791241090436,1627.6080946723991,4884.9038654783617,6968.5746162028181,3324.7409173316255,0,0,0,12.8872,0.32300000000000001,0.87015200922059732
常规控制,17.424231093982815,7054.9635077196363,3777.7554520980648,18922.763096036735,1625.3055720713617,4919.1512260573718,6988.137011940833,3334.0742316940759,0,0,0,12.8872,0.32300000000000001,0.86017037654790085
常规控制,17.444491827813028,6974.1023385405424,3774.4847516047712,18975.08376933508,1622.9051388913783,4953.3628556113954,7007.4589276520974,3343.2928118635568,0,0,0,12.8872,0.32300000000000001,0.85031144782845725
常规控制,17.464752561643241,6894.2391073225663,3770.9958152185386,19026.758733616785,1620.4084539035268,4987.5367439217562,7026.5423843679564,3352.3976220839736,0,0,0,12.8872,0.32300000000000001,0.84057419183926163
常规控制,17.485013295473454,6815.3652533802633,3767.2919842433298,19077.793528015525,1617.8171757293644,5021.6709126146889,7045.3894276789488,3361.3896383165443,0,0,0,12.8872,0.32300000000000001,0.83095756482608185
常规控制,17.505274029303663,6737.4721211451897,3763.3766026541548,19128.1937530584,1615.1329619439505,5055.7634151814773,7064.0021258480674,3370.2698473396249,0,0,0,12.8872,0.32300000000000001,0.82146051146615662
常规控制,17.525534763133876,6660.5509678480885,3759.2530152483291,19177.9650656952,1612.3574682088929,5089.8123369826626,7082.3825679750917,3379.039245872902,0,0,0,12.8872,0.32300000000000001,0.81208196580484071
常规控制,17.545795496964089,6584.5929709866741,3754.9245658593609,19227.113174466431,1609.4923474362522,5123.8157952344545,7100.532862212146,3387.6988397260311,0,0,0,12.8872,0.32300000000000001,0.80282085216610755
常规控制,17.566056230794302,6509.5892356136328,3750.3945956447201,19275.643834787665,1606.5392489923033,5157.7719389448484,7118.4551340222179,3396.2496429677644,0,0,0,12.8872,0.32300000000000001,0.7936760860411326
常规控制,17.586316964624515,6435.5308013953118,3745.6664414065694,19323.562844382275,1603.4998179120848,5191.6789488869335,7136.1515244924731,3404.6926771212243,0,0,0,12.8872,0.32300000000000001,0.78464657494891843
常规控制,17.606577698454728,6362.4086494456096,3740.7434339903502,19370.876038859577,1600.3756941542977,5225.5350375333392,7153.6241887012866,3413.0289703848098,0,0,0,12.8872,0.32300000000000001,0.77573121926950983
常规控制,17.626838432284941,6290.2137089760172,3735.6288967375053,19417.589287412007,1597.1685118830715,5259.3384489745704,7170.875294129205,3421.2595568740521,0,0,0,12.8872,0.32300000000000001,0.76692891305479571
常规控制,17.647099166115154,6218.9368637356165,3730.3261439947551,19463.708488648146,1593.8798987769258,5293.0874588277302,7187.9070191200917,3429.3854758874295,0,0,0,12.8872,0.32300000000000001,0.75823854481369912
常规控制,17.667359899945367,6148.5689582439318,3724.8384796824334,19509.23956655978,1590.5114753666974,5326.780374130326,7204.7215513917827,3437.4077711957843,0,0,0,12.8872,0.32300000000000001,0.74965899827211346
常规控制,17.687620633775577,6079.1008038195596,3719.1691959206382,19554.188466621155,1587.0648544017811,5360.4155332200389,7221.3210865955334,3445.3274903550332,0,0,0,12.8872,0.32300000000000001,0.74118915310793698
常规控制,17.70788136760579,6010.5231844073587,3713.3215717119492,19598.561152018483,1583.5416402440128,5393.9913056013665,7237.7078269236017,3453.1456840418368,0,0,0,12.8872,0.32300000000000001,0.73282788566154899
常规控制,17.728142101436003,5942.8268622073065,3707.2988716794957,19642.363600007877,1579.9434282885488,5427.5060917999435,7253.8839797642195,3460.8634054118797,0,0,0,12.8872,0.32300000000000001,0.72457406962210236
常规控制,17.748402835266216,5876.0025831076446,3701.1043448591095,19685.601798399828,1576.2718044110693,5460.9583232055174,7269.8517564033364,3468.4817094804694,0,0,0,12.8872,0.32300000000000001,0.7164265766899558
常规控制,17.768663569096429,5810.0410819253839,3694.7412235443367,19728.281742168412,1572.5283444406537,5494.3464619043834,7285.6133707723957,3476.0016525250867,0,0,0,12.8872,0.32300000000000001,0.70838427721561736
常规控制,17.788924302926642,5744.9330874569914,3688.2127221830679,19770.409430183248,1568.7146136576646,5527.669000502201,7301.1710382414558,3483.424291509587,0,0,0,12.8872,0.32300000000000001,0.70044604081554585
常规控制,17.809185036756855,5680.6693273421579,3681.5220363245462,19811.990862062426,1564.8321663159836,5560.9244619380543,7316.5269744569914,3490.7506835297017,0,0,0,12.8872,0.32300000000000001,0.69261073696516107
常规控制,17.829445770587068,5617.240532743539,3674.6723416155096,19853.032035144555,1560.882545188934,5594.1113992906303,7331.6833942236563,3497.9818852795283,0,0,0,12.8872,0.32300000000000001,0.68487723556941704
常规控制,17.849706504417277,5554.6374428453473,3667.6667928442384,19893.538941577928,1556.8672811382385,5627.2283955774201,7346.6425104293403,3505.1189525386662,0,0,0,12.8872,0.32300000000000001,0.67724440751128923
常规控制,17.86996723824749,5492.850809173643,3660.5085230312461,19933.51756552513,1552.7878927053398,5660.2740635478149,7361.4065330128296,3512.1629396796807,0,0,0,12.8872,0.32300000000000001,0.66971112517852271
常规控制,17.890227972077703,5431.8713997221585,3653.2006425872855,19972.973880493453,1548.6458857375037,5693.2470454427721,7375.9776679779288,3519.1148991977411,0,0,0,12.8872,0.32300000000000001,0.66227626296666886
常规控制,17.910488705907916,5371.6900029142753,3645.7462385149356,20011.913846771331,1544.4427530349328,5726.1460127476994,7390.3581164467432,3525.9758812589334,0,0,0,12.8872,0.32300000000000001,0.65493869776214697
常规控制,17.930749439738129,5312.2974314273233,3638.1483736162791,20050.343408953831,1540.1799739962003,5758.9696659895408,7404.5500737458588,3532.7469332642718,0,0,0,12.8872,0.32300000000000001,0.64769730940851789
常规控制,17.951010173568342,5253.6845258184849,3630.410085781627,20088.268493596552,1535.8590143070346,5791.7167344794698,7418.5557285399163,3539.4290994363255,0,0,0,12.8872,0.32300000000000001,0.64055098114856956
常规控制,17.971270907398555,5195.8421580024469,3622.5343873086304,20125.695006965449,1531.48132564241,5824.3859760642345,7432.3772620006321,3546.0234204227527,0,0,0,12.8872,0.32300000000000001,0.63349860004832681
常规控制,17.991531641228768,5138.7612345699408,3614.5242642639419,20162.628832889557,1527.0483453891984,5856.9761768705357,7446.0168470138187,3552.5309329179668,0,0,0,12.8872,0.32300000000000001,0.62653905740166183
常规控制,18,5115.126655045111,3611.137154325851,20177.921427918991,1525.1794526336644,5870.5741640595561,7451.6643705172019,3555.2253939099796,0,0,0,12.8872,0.32300000000000001,0.62365743155807252
常规控制,18.011792375058981,5082.4326999512541,3606.3826758861042,20199.075830714079,1522.5614963887047,5889.4861510430292,7459.4766474234666,3558.9526693024809,0,0,0,12.8872,0.32300000000000001,0.61967124911600158
常规控制,18.03205310888919,5026.8475394287934,3598.1125540282692,20235.041833351152,1518.022186698377,5921.9147404765808,7472.7588173118747,3565.2896572994619,0,0,0,12.8872,0.32300000000000001,0.6128940760796332
常规控制,18.052313842719403,4971.9967820027387,3589.7168026393833,20270.532645425603,1513.4318093719926,5954.260814543456,7485.8655003149115,3571.54291964803,0,0,0,12.8872,0.32300000000000001,0.60620644451109551
常规控制,18.072574576549616,4917.8715031140091,3581.1982972824685,20305.5540415131,1508.7917422576204,5986.5232698159734,7498.7988289713458,3577.7134737928277,0,0,0,12.8872,0.32300000000000001,0.59960726629117489
常规控制,18.092835310379829,4864.4628272284544,3572.5598846886073,20340.11176446806,1504.1033478126492,6018.7010297853985,7511.5609241053562,3583.8023315894093,0,0,0,12.8872,0.32300000000000001,0.59309545927797991
常规控制,18.113096044210042,4811.7619302864668,3563.8043823452713,20374.21152383865,1499.367972935187,6050.7930445775937,7524.1538942411926,3589.8104990249703,0,0,0,12.8872,0.32300000000000001,0.58666994760560942
常规控制,18.133356778040255,4759.7600420220888,3554.9345781176089,20407.858994366212,1494.5869488111255,6082.7982906661346,7536.5798350490168,3595.7389759539619,0,0,0,12.8872,0.32300000000000001,0.58032966196690583
常规控制,18.153617511870468,4708.4484481556692,3545.9532299013226,20441.059814566528,1489.7615907761656,6114.7157705834852,7548.8408288209703,3601.5887558481136,0,0,0,12.8872,0.32300000000000001,0.5740735398807949
常规控制,18.173878245700681,4657.8184924641837,3536.8630653057548,20473.819585390236,1484.8931981921085,6146.5445126308878,7560.9389439764564,3607.3608255604058,0,0,0,12.8872,0.32300000000000001,0.56790052594470652
常规控制,18.194138979530894,4607.8615787264971,3527.6667813706331,20506.143868964151,1479.9830543394439,6178.2835705824464,7572.87623459733,3613.0561651033049,0,0,0,12.8872,0.32300000000000001,0.56180957207174931
常规控制,18.214399713361104,4558.5691725205979,3518.3670443343594,20538.038187428381,1475.0324263365396,6209.9320233632898,7584.6547399984365,3618.6757474438627,0,0,0,12.8872,0.32300000000000001,0.5557996377098372
常规控制,18.234660447191317,4509.9328029667595,3508.9664893888948,20569.508021808444,1470.0425650484706,6241.488974770602,7596.2764843110845,3624.2205383049932,0,0,0,12.8872,0.32300000000000001,0.5498696900542227
常规控制,18.25492118102153,4461.9440643219359,3499.4677204892819,20600.558810983588,1465.0147050243083,6272.9535531640577,7607.7434761020595,3629.6914959836995,0,0,0,12.8872,0.32300000000000001,0.54401870424189214
常规控制,18.275181914851743,4414.594617476655,3489.8733101832231,20631.195950718266,1459.9500644433092,6304.324911161717,7619.0577080159364,3635.0895711804242,0,0,0,12.8872,0.32300000000000001,0.53824566353407366
常规控制,18.295442648681956,4367.8761913507778,3480.1857994650259,20661.424792759019,1454.8498450725187,6335.6022253358342,7630.2211564415684,3640.4157068399209,0,0,0,12.8872,0.32300000000000001,0.5325495594864128
常规控制,18.315703382512169,4321.7805841885211,3470.4076976549395,20691.250643996511,1449.7152322364343,6366.7846959067674,7641.235781202633,3645.6708380036193,0,0,0,12.8872,0.32300000000000001,0.5269293921068684
常规控制,18.335964116342382,4276.2996647562122,3460.5414823027991,20720.678765690569,1444.547394798187,6397.8715464354054,7652.1035252714282,3650.855891673074,0,0,0,12.8872,0.32300000000000001,0.52138417000174664
常规控制,18.356224850172595,4231.4253734462063,3450.5895991148946,20749.714372755876,1439.3474851516971,6428.8620235144954,7662.8263145050869,3655.9717866841102,0,0,0,12.8872,0.32300000000000001,0.5159129105102962
常规控制,18.376485584002804,4187.1497232904258,3440.5544619029829,20778.362633106182,1434.1166392242587,6459.7553964593235,7673.4060574033947,3661.0194335912797,0,0,0,12.8872,0.32300000000000001,0.51051463982828227
常规控制,18.396746317833017,4143.4648008868999,3430.4384525543596,20806.628667054767,1428.855976489006,6490.5509569981396,7683.8446448873901,3665.9997345622255,0,0,0,12.8872,0.32300000000000001,0.50518839312095487
常规控制,18.41700705166323,4100.3627672428838,3420.2439210219268,20834.517546768937,1423.5665999867301,6521.248018962694,7694.143950097895,3670.9135832815655,0,0,0,12.8872,0.32300000000000001,0.49993321462584484
常规控制,18.437267785493443,4057.8358585378182,3409.9731853331377,20862.034295776342,1418.2495963564811,6551.8459179793917,7704.3058282132115,3675.76186486391,0,0,0,12.8872,0.32300000000000001,0.49474815774578768
常规控制,18.457528519323656,4015.8763868097149,3399.6285316167737,20889.183888520853,1412.9060358744302,6582.3440111613991,7714.3321162851034,3680.5454557756102,0,0,0,12.8872,0.32300000000000001,0.48963228513260959
常规控制,18.477789253153869,3974.4767405683338,3389.2122141464552,20915.971249965813,1407.5369725004373,6612.7416768021312,7724.2246330922808,3685.265223764854,0,0,0,12.8872,0.32300000000000001,0.48458466876188938
常规控制,18.498049986984082,3933.6293853386233,3378.7264553998007,20942.40125524241,1402.1434439317848,6643.0383140705526,7733.9851790105386,3689.9220277997097,0,0,0,12.8872,0.32300000000000001,0.4796043899992169
常规控制,18.518310720814295,3893.3268641378568,3368.1734461321635,20968.478729340946,1396.7264716635279,6673.2333427086778,7743.6155358987489,3694.516718013731,0,0,0,12.8872,0.32300000000000001,0.47469053965836688
常规控制,18.538571454644508,3853.5617978899013,3357.5553454638589,20994.208446842786,1391.287061054926,6703.3262027316996,7753.1174669998691,3699.0501356587265,0,0,0,12.8872,0.32300000000000001,0.4698422180518087
常规控制,18.558832188474717,3814.3268857451653,3346.8742810009412,21019.595131713337,1385.8262014131574,6733.3163541105696,7762.4927168644917,3703.5231130682873,0,0,0,12.8872,0.32300000000000001,0.46505853502971617
常规控制,18.57909292230493,3775.6149053284457,3336.1323489749839,21044.643457141694,1380.3448660862007,6763.2032764518481,7771.7430112916145,3707.9364736295292,0,0,0,12.8872,0.32300000000000001,0.460338610010185
常规控制,18.599353656135143,3737.4187130176861,3325.3316143435718,21069.358045360244,1374.8440125326088,6792.9864687290583,7780.8700572620373,3712.2910317513115,0,0,0,12.8872,0.32300000000000001,0.4556815720132214
常规控制,18.619614389965356,3699.7312440865494,3314.4741109517904,21093.743467552453,1369.3245824239768,6822.6654489684015,7789.8755429042931,3716.5875928479859,0,0,0,12.8872,0.32300000000000001,0.45108655967812405
常规控制,18.639875123795569,3662.5455128180311,3303.5618416898456,21117.804243779312,1363.7875017440365,6852.2397539519461,7798.7611374674971,3720.826953326442,0,0,0,12.8872,0.32300000000000001,0.44655272127733703
常规控制,18.660135857625782,3625.8546125669955,3292.5967786621677,21141.544842938903,1358.2336808929988,6881.7089389221064,7807.5284913064052,3725.0099005789789,0,0,0,12.8872,0.32300000000000001,0.44207921472407402
常规控制,18.680396591455995,3589.6517157734384,3281.580863367582,21164.969682757805,1352.6640147969488,6911.0725772873948,7816.179235878245,3729.1372129817919,0,0,0,12.8872,0.32300000000000001,0.43766520757393579
常规控制,18.700657325286208,3553.9300739286009,3270.5160068899172,21188.083129813029,1347.0793830219861,6940.3302603296379,7824.7149837508141,3733.2096598988373,0,0,0,12.8872,0.32300000000000001,0.43330987702077828
常规控制,18.720918059116421,3518.6830174960778,3259.4040900984082,21210.889499583045,1341.480649892786,6969.4815969128513,7833.1373286213302,3737.2280016908262,0,0,0,12.8872,0.32300000000000001,0.42901240988709377
常规控制,18.741178792946631,3483.9039557900728,3248.2469638572679,21233.393056526587,1335.8686646152762,6998.5262131939653,7841.4478453455185,3741.1929897291025,0,0,0,12.8872,0.32300000000000001,0.42477200260916775
常规控制,18.761439526776844,3449.5863768128825,3237.0464492437709,21255.598014187774,1330.2442614031011,7027.4637523356405,7849.6480899764529,3745.1053664141718,0,0,0,12.8872,0.32300000000000001,0.42058786121726371
常规控制,18.781700260607057,3415.72384705386,3225.8043377742506,21277.508535326211,1324.6082596075796,7056.2938742212655,7857.7395998125876,3748.9658651986201,0,0,0,12.8872,0.32300000000000001,0.41645920131111236
常规控制,18.80196099443727,3382.3100112518596,3214.5223916373261,21299.128732070698,1318.9614638508165,7085.0162551724688,7865.7238934545248,3752.7752106141975,0,0,0,12.8872,0.32300000000000001,0.41238524803094773
常规控制,18.822221728267483,3349.3385921233976,3203.2023439337622,21320.462666095107,1313.3046641616704,7113.630587669235,7873.6024708699706,3756.5341183028077,0,0,0,12.8872,0.32300000000000001,0.40836523602436331
常规控制,18.842482462097696,3316.8033900586274,3191.8458989223091,21341.514348815104,1307.6386361142565,7142.1365800728709,7881.3768134663806,3760.2432950511679,0,0,0,12.8872,0.32300000000000001,0.40439840940924432
常规控制,18.862743195927909,3284.6982827872826,3180.4547322708836,21362.287741604319,1301.9641409686701,7170.5339563520138,7889.0483841707819,3763.903438828896,0,0,0,12.8872,0.32300000000000001,0.40048402173303793
常规控制,18.883003929758122,3253.0172250167052,3169.0304913124683,21382.786756028527,1296.2819258136146,7198.8224558118545,7896.6186275162745,3767.5152388297738,0,0,0,12.8872,0.32300000000000001,0.39662133592862026
常规控制,18.903264663588331,3221.7542480441316,3157.5747953050773,21403.015254096532,1290.5927237106246,7227.0018328268061,7904.0889697346684,3771.0793755159502,0,0,0,12.8872,0.32300000000000001,0.39280962426702459
常规控制,18.923525397418544,3190.9034593453125,3146.0892356951613,21422.97704852634,1284.8972538395558,7255.0718565767984,7911.4608188547872,3774.5965206648398,0,0,0,12.8872,0.32300000000000001,0.38904816830728417
常规控制,18.943786131248757,3160.4590421408584,3134.5753763842931,21442.675903025774,1279.1962216453003,7283.0323107869444,7918.7355648060875,3778.0673374185617,0,0,0,12.8872,0.32300000000000001,0.38533625884355949
常规控制,18.96404686507897,3130.415254875993,3123.0347540340535,21462.115532629057,1273.4903190046871,7310.8829934393771,7925.9145795429777,3781.4924803432523,0,0,0,12.8872,0.32300000000000001,0.38167319584170745
常规控制,18.984307598909183,3100.7664307470345,3111.4688783354959,21481.299604003238,1267.7802243735359,7338.6237165238654,7932.9992171579624,3784.8725954830456,0,0,0,12.8872,0.32300000000000001,0.37805828838154798
常规控制,19,3078.070602639672,3102.4944327101703,21495.984786269284,1263.3551681426566,7360.0338642213846,7938.4224243925319,3787.46003408979,0,0,0,12.8872,0.32300000000000001,0.37529111899962064
常规控制,19.004568332739396,3071.5069772266074,3099.8792322735899,21500.231735755373,1262.0666029305607,7366.2543057970361,7939.9908139950949,3788.2083204142032,0,0,0,12.8872,0.32300000000000001,0.37449085459897596
常规控制,19.024829066569609,3042.6313755169131,3088.2672724223626,21518.915498786308,1256.3501067374459,7393.7746005201425,7946.8906887806179,3791.500284307444,0,0,0,12.8872,0.32300000000000001,0.37097022161930188
常规控制,19.045089800399822,3014.1341800038144,3076.6344292321601,21537.354416643873,1250.6313748941734,7421.18445320915,7953.7001427534142,3794.7491079901815,0,0,0,12.8872,0.32300000000000001,0.36749572549069126
常规控制,19.065350534230035,2986.0100176942465,3064.9821073193066,21555.551965886938,1244.9110336952137,7448.4837293874634,7960.420459799434,3797.9554040106609,0,0,0,12.8872,0.32300000000000001,0.36406671111557154
常规控制,19.085611268060244,2958.2535876379811,3053.3116857578752,21573.511576459547,1239.1896967864491,7475.6723073413168,7967.05290658987,3801.1197767038821,0,0,0,12.8872,0.32300000000000001,0.36068253218013147
常规控制,19.105872001890457,2930.8596603347496,3041.6245183732899,21591.236632074517,1233.4679653226815,7502.7500778779295,7973.5987327228222,3804.2428222591902,0,0,0,12.8872,0.32300000000000001,0.35734255108203467
常规控制,19.12613273572067,2903.8230771278295,3029.9219340375062,21608.730470605842,1227.7464281256196,7529.7169440863736,7980.0591708682032,3807.3251287894082,0,0,0,12.8872,0.32300000000000001,0.35404613885648339
常规控制,19.146393469550883,2877.1387495850263,3018.2052369654443,21625.99638448919,1222.0256618421747,7556.5728211013366,7986.4354369156536,3810.3672764014118,0,0,0,12.8872,0.32300000000000001,0.35079267510074535
常规控制,19.166654203381096,2850.8016588681548,3006.4757070124342,21643.037621129912,1216.3062311029596,7583.3176358697101,7992.7287301252072,3813.3698372680087,0,0,0,12.8872,0.32300000000000001,0.34758154789727802
常规控制,19.186914937211309,2824.806855092022,2994.7345999723802,21659.857383317783,1210.5886886808439,7609.9513269201398,7998.9402332804584,3816.3333757010164,0,0,0,12.8872,0.32300000000000001,0.34441215373557355
常规控制,19.207175671041522,2799.1494566739516,2982.9831478763604,21676.458829647901,1204.8735756494336,7636.4738441355203,8005.0711128440016,3819.2584482254247,0,0,0,12.8872,0.32300000000000001,0.34128389743284959
常规控制,19.227436404871735,2773.824649674872,2971.2225592913896,21692.845074947028,1199.1614215413415,7662.8851485285404,8011.1225191148715,3822.1456036545101,0,0,0,12.8872,0.32300000000000001,0.3381961920537126
常规控制,19.247697138701948,2748.8276871330054,2959.4540196190655,21709.019190704708,1193.4527445061149,7689.1852120202766,8017.0955863877653,3824.9953831658027,0,0,0,12.8872,0.32300000000000001,0.33514845882891797
常规控制,19.267957872532158,2724.1538883911976,2947.6786913938154,21724.984205508539,1187.7480514676856,7715.3740172219323,8022.9914331137761,3827.8083203777692,0,0,0,12.8872,0.32300000000000001,0.33214012707335538
常规控制,19.288218606362371,2699.7986384188803,2935.897714580457,21740.743105482874,1182.0478382812053,7741.4515572197515,8028.8111620624095,3830.584941427117,0,0,0,12.8872,0.32300000000000001,0.32917063410337999
常规控制,19.308479340192584,2675.7573871297732,2924.1122068708246,21756.298834730307,1176.3525898891423,7767.4178353631214,8034.5558604846219,3833.3257650465775,0,0,0,12.8872,0.32300000000000001,0.32623942515362336
常规控制,19.328740074022797,2652.0256486962699,2912.3232639791358,21771.65429577529,1170.6627804764923,7793.272865055982,8040.2266002766528,3836.0313026430704,0,0,0,12.8872,0.32300000000000001,0.32334595329340099
常规控制,19.34900080785301,2628.5990008583331,2900.5319599373925,21786.812350011303,1164.9788736257722,7819.0166695503694,8045.8244381451541,3838.7020583764916,0,0,0,12.8872,0.32300000000000001,0.32048967934244943
常规控制,19.369261541683223,2605.4730841939477,2888.7393474060232,21801.775818172919,1159.3013224796948,7844.6492817305889,8051.3504157815314,3841.338529242887,0,0,0,12.8872,0.32300000000000001,0.31767007178197748
常规控制,19.389522275513436,2582.643601445468,2876.9464579554169,21816.54748077166,1153.6305698885028,7870.1707439221236,8056.8055600229027,3843.9412051512522,0,0,0,12.8872,0.32300000000000001,0.31488660667253132
常规控制,19.409783009343649,2560.1063168193318,2865.1543023585023,21831.130078549144,1147.967048562831,7895.5811076933614,8062.1908830194398,3846.5105690033661,0,0,0,12.8872,0.32300000000000001,0.3121387675686127
常规控制,19.430043743173858,2537.8570552776314,2853.3638708846324,21845.526312935446,1142.3111812270629,7920.8804336583953,8067.5073824036426,3849.0470967745591,0,0,0,12.8872,0.32300000000000001,0.30942604543230462
常规控制,19.450304477004071,2515.8917018333677,2841.5761335897373,21859.738846505112,1136.6633807705548,7946.0687912843987,8072.7560414587469,3851.5512575940547,0,0,0,12.8872,0.32300000000000001,0.30674793854734539
常规控制,19.470565210834284,2494.2062008452472,2829.7920406048884,21873.770303433437,1131.024050397853,7971.1462587017459,8077.9378292872298,3854.0235138253688,0,0,0,12.8872,0.32300000000000001,0.30410395243314775
常规控制,19.490825944664497,2472.796555312354,2818.0125224231633,21887.623269952866,1125.3935837778417,7996.1129225169452,8083.0537009793434,3856.4643211467178,0,0,0,12.8872,0.32300000000000001,0.30149359975880224
常规控制,19.51108667849471,2451.658826169144,2806.2384901847545,21901.300294809153,1119.7723651918066,8020.9688776283119,8088.1045977815911,3858.8741286313943,0,0,0,12.8872,0.32300000000000001,0.29891640025711991
常规控制,19.531347412324923,2430.7891315811362,2794.4708359602082,21914.803889717077,1114.1607696803626,8045.7142270443874,8093.0914472650084,3861.2533788280616,0,0,0,12.8872,0.32300000000000001,0.29637188063875991
常规控制,19.551608146155136,2410.1836462417059,2782.7104330317275,21928.136529815445,1108.5591631892139,8070.3490817050779,8098.0151634932072,3863.6025078409243,0,0,0,12.8872,0.32300000000000001,0.29385957450649208
常规控制,19.571868879985349,2389.8386006703709,2770.9581361724422,21941.300654121143,1102.9679027137067,8094.8735603055056,8102.8766471900417,3865.9219454097242,0,0,0,12.8872,0.32300000000000001,0.29137902226964058
常规控制,19.592129613815562,2369.750280512972,2759.2147819235606,21954.298665981943,1097.3873364421377,8119.2877891225562,8107.6767859068405,3868.2121149895265,0,0,0,12.8872,0.32300000000000001,0.28892977105875944
常规控制,19.612390347645771,2349.9150258441496,2747.4811888693225,21967.132933527821,1091.8178038977803,8143.5919018440964,8112.4164541890741,3870.4734338302374,0,0,0,12.8872,0.32300000000000001,0.28651137464058729
常规控制,19.632651081475984,2330.3292304724814,2735.75815790965,21979.805790120579,1086.2596360795851,8167.786039400874,8117.0965137423955,3872.7063130558258,0,0,0,12.8872,0.32300000000000001,0.28412339333332698
常规控制,19.652911815306197,2310.9893412487504,2724.0464725304419,21992.319534801412,1080.7131556015343,8191.8703498010282,8121.7178135979348,3874.9111577431804,0,0,0,12.8872,0.32300000000000001,0.28176539392230687
常规控制,19.67317254913641,2291.8918573776486,2712.3468990713873,22004.676432736283,1075.1786768305872,8215.8449879672607,8126.2811902767644,3877.0883670005833,0,0,0,12.8872,0.32300000000000001,0.27943694957606069
常规控制,19.693433282966623,2273.0333297333796,2700.6601869912365,22016.878715658739,1069.6565060231994,8239.7101155766159,8130.7874679534325,3879.2383340457295,0,0,0,12.8872,0.32300000000000001,0.27713763976288303
常规控制,19.713694016796836,2254.4103601795341,2688.9870691304382,22028.928582309982,1064.1469414603689,8263.4659009028437,8135.2374586184942,3881.3614462832693,0,0,0,12.8872,0.32300000000000001,0.27486705016790591
常规控制,19.733954750627049,2236.0196008936341,2677.3282619710485,22040.828198875941,1058.6502735811719,8287.1125186613754,8139.631962239896,3883.4580853818115,0,0,0,12.8872,0.32300000000000001,0.27262477261074425
常规控制,19.754215484457262,2217.8577536930243,2665.684465895024,22052.579699423415,1053.1667851152642,8310.6501498564412,8143.9717669240681,3885.5286273507736,0,0,0,12.8872,0.32300000000000001,0.27041040496330571
常规控制,19.774476218287475,2199.921569354256,2654.0563654434504,22064.185186340495,1047.696751215517,8334.0789816294528,8148.2576490785523,3887.5734426179797,0,0,0,12.8872,0.32300000000000001,0.26822355106680723
常规控制,19.794736952117685,2182.2078469631665,2642.4446295646749,22075.64673075706,1042.240439585474,8357.3992071127923,8152.4903735673024,3889.5928961037498,0,0,0,12.8872,0.32300000000000001,0.26606382065253426
常规控制,19.814997685947898,2164.7134332527626,2630.8499118652217,22086.966372973227,1036.7981106076647,8380.6110252842918,8156.6706938689022,3891.587347296389,0,0,0,12.8872,0.32300000000000001,0.26393082926111217
常规控制,19.835258419778111,2147.4352219484113,2619.2728508574487,22098.146122883009,1031.3700174702553,8403.7146408240442,8160.7993522330253,3893.5571503268347,0,0,0,12.8872,0.32300000000000001,0.26182419816266977
常规控制,19.855519153608324,2130.3701531189349,2607.714070204217,22109.187960394207,1025.9564062920792,8426.7102639737332,8164.8770798355017,3895.5026540426397,0,0,0,12.8872,0.32300000000000001,0.259743554277722
常规控制,19.875779887438537,2113.5152125331392,2596.1741789607927,22120.093835844749,1020.557516246148,8449.5981103983413,8168.9045969320678,3897.4242020813258,0,0,0,12.8872,0.32300000000000001,0.25768853009871501
常规控制,19.89604062126875,2096.8674310218398,2584.6537718139734,22130.8656704155,1015.1735796816375,8472.3784010502168,8172.8826130108173,3899.3221329431221,0,0,0,12.8872,0.32300000000000001,0.25565876361224166
常规控制,19.916301355098962,2080.4238838454944,2573.1534293184391,22141.505356539434,1009.8048222443582,8495.051362035445,8176.8118269433016,3901.1967800630518,0,0,0,12.8872,0.32300000000000001,0.25365389822194118
常规控制,19.936562088929175,2064.1816900675326,2561.6737181303233,22152.014758307083,1004.451462995709,8517.6172244825211,8180.6929271342815,3903.0484718823823,0,0,0,12.8872,0.32300000000000001,0.25167358267209228
常规控制,19.956822822759385,2048.1380119334776,2550.2151912380127,22162.395711868325,999.11371453012578,8540.0762244132293,8184.5265916700773,3904.8775319194015,0,0,0,12.8872,0.32300000000000001,0.24971747097191369
常规控制,19.977083556589598,2032.2900542559435,2538.7783881901541,22172.650025830269,993.79178309101712,8562.4286026157861,8188.3134884655319,3906.6842788395365,0,0,0,12.8872,0.32300000000000001,0.24778522232058001
常规控制,19.997344290419811,2016.6350638056383,2527.3638353209058,22182.779481651334,988.48586868520908,8584.6746045200834,8192.0542754095277,3908.4690265247818,0,0,0,12.8872,0.32300000000000001,0.24587650103297048
常规控制,20,2014.597220917907,2525.8693302681677,22184.098054126163,987.79158468197431,8587.5826639889547,8192.5412214790613,3908.701350868148,0,0,0,12.8872,0.32300000000000001,0.24562803878618952
常规控制,20.017605024250024,2001.1703287084172,2515.9720459723862,22192.785834031361,983.19616519588328,8606.8144800751215,8195.749600509067,3910.2320841424344,0,0,0,12.8872,0.32300000000000001,0.24399097646615525
常规控制,20.037865758080237,1985.8931778485176,2504.6035207143564,22202.670811297769,977.92286049402662,8628.8484836285006,8199.400102031861,3911.9737562131327,0,0,0,12.8872,0.32300000000000001,0.24212832294663528
常规控制,20.05812649191045,1970.8009802780568,2493.2587475611144,22212.436115787608,972.66613654839125,8650.7768738080013,8203.0064086474431,3913.6943426781736,0,0,0,12.8872,0.32300000000000001,0.2402882196983458
常规控制,20.078387225740663,1955.8911446328916,2481.9382021856127,22222.083424225544,967.42616953396896,8672.5999134051544,8206.5691395667382,3915.394138966109,0,0,0,12.8872,0.32300000000000001,0.23847035077143555
常规控制,20.098647959570876,1941.1611185549275,2470.6423481307897,22231.614388097634,962.2031299389854,8694.317869260829,8210.0889046801112,3917.0734360586048,0,0,0,12.8872,0.32300000000000001,0.2366744049718324
常规控制,20.118908693401089,1926.6083881209806,2459.3716370181201,22241.030634020906,956.99718267041806,8715.9310121527433,8213.5663046938389,3918.7325205555535,0,0,0,12.8872,0.32300000000000001,0.23490007579160763
常规控制,20.139169427231298,1912.2304772782823,2448.126508753383,22250.333764108571,951.80848715804109,8737.4396166848928,8217.0019312649983,3920.3716747394301,0,0,0,12.8872,0.32300000000000001,0.2331470613401504
常规控制,20.159430161061511,1898.0249472844016,2436.907391729284,22259.52535633244,946.63719745656238,8758.8439611804806,8220.396367135294,3921.9911766391433,0,0,0,12.8872,0.32300000000000001,0.23141506427588088
常规控制,20.179690894891724,1883.9893961528928,2425.7147030257543,22268.606964881623,941.48346234653764,8780.1443275763595,8223.750186263529,3923.5913000932337,0,0,0,12.8872,0.32300000000000001,0.22970379173866123
常规控制,20.199951628721937,1870.1214581113311,2414.5488486077934,22277.58012051319,936.34742543452376,8801.3410013163302,8227.0639539550957,3925.172314811663,0,0,0,12.8872,0.32300000000000001,0.22801295528371704
常规控制,20.22021236255215,1856.4188030608291,2403.4102235199111,22286.446330901879,931.22922525088018,8822.4342712496691,8230.3382269911435,3926.7344864374286,0,0,0,12.8872,0.32300000000000001,0.2263422708157394
常规控制,20.240473096382363,1842.8791360431164,2392.2992120783279,22295.207080984939,926.12899534655958,8843.4244295302251,8233.573553755903,3928.2780766073206,0,0,0,12.8872,0.32300000000000001,0.22469145852390895
常规控制,20.260733830212576,1829.5001967141941,2381.2161880604208,22303.86383330269,921.04686438843703,8864.3117715174285,8236.7704743624672,3929.8033430119299,0,0,0,12.8872,0.32300000000000001,0.22306024281772163
常规控制,20.280994564042789,1816.2797588245296,2370.1615148914593,22312.418028334847,915.98295625319247,8885.0965956791406,8239.9295207769992,3931.3105394549048,0,0,0,12.8872,0.32300000000000001,0.22144835226361209
常规控制,20.301255297873002,1803.2156297057661,2359.1355458286343,22320.871084832663,910.93739011976641,8905.7792034963404,8243.0512169413814,3932.7999159114711,0,0,0,12.8872,0.32300000000000001,0.21985551952237092
常规控制,20.321516031703212,1790.3056497639191,2348.1386241424343,22329.224400146832,905.91028056040557,8926.3598993695759,8246.1360788943166,3934.2717185862098,0,0,0,12.8872,0.32300000000000001,0.21828148128735336
常规控制,20.341776765533425,1777.5476919790253,2337.1710832953809,22337.479350551264,900.90173763031282,8946.838990527187,8249.1846148908917,3935.7261899701002,0,0,0,12.8872,0.32300000000000001,0.21672597822347411
常规控制,20.362037499363637,1764.9396614112454,2326.2332471181671,22345.63729156262,895.91186695593069,8967.216786935207,8252.1973255205903,3937.1635688968249,0,0,0,12.8872,0.32300000000000001,0.21518875490698955
常规控制,20.38229823319385,1752.4794947133571,2315.3254299832124,22353.699558255787,890.94076982186186,8987.4936012089493,8255.1747038237863,3938.58409059835,0,0,0,12.8872,0.32300000000000001,0.21366955976605864
常规控制,20.402558967024063,1740.1651596496361,2304.447936975675,22361.667465575159,885.98854325645482,9007.6697485262393,8258.1172354067076,3939.9879867597733,0,0,0,12.8872,0.32300000000000001,0.21216814502208337
常规控制,20.422819700854276,1727.9946546210954,2293.6010640619452,22369.542308641849,881.05528011606827,9027.7455465422117,8261.0253985548825,3941.3754855734519,0,0,0,12.8872,0.32300000000000001,0.21068426663182335
常规控制,20.443080434684489,1715.9660081970521,2282.7850982556542,22377.325363056752,876.14106916803405,9047.7213153056746,8263.8996643450701,3942.7468117924041,0,0,0,12.8872,0.32300000000000001,0.20921768423028303
常规控制,20.463341168514702,1704.0772786529985,2272.0003177812223,22385.017885199602,871.24599517233673,9067.5973771770077,8266.7404967556849,3944.1021867829927,0,0,0,12.8872,0.32300000000000001,0.20776816107436666
常规控制,20.483601902344912,1692.3265535147514,2261.2469922349778,22392.621112523899,866.37013896202564,9087.3740567475161,8269.5483527757315,3945.4418285768998,0,0,0,12.8872,0.32300000000000001,0.20633546398729921
常规控制,20.503862636175125,1680.7119491088417,2250.5253827438705,22400.136263847831,861.51357752237686,9107.0516807602453,8272.3236825122276,3946.7659519223776,0,0,0,12.8872,0.32300000000000001,0.20491936330380814
常规控制,20.524123370005338,1669.2316101191516,2239.8357421218307,22407.564539641167,856.67638406883191,9126.6305780321854,8275.0669292961593,3948.0747683348004,0,0,0,12.8872,0.32300000000000001,0.20351963281606661
常规控制,20.544384103835551,1657.8837091497242,2229.1783150237306,22414.907122308112,851.85862812369066,9146.111079377908,8277.7785297869395,3949.3684861465013,0,0,0,12.8872,0.32300000000000001,0.20213604972038934
常规控制,20.564644837665764,1646.6664462934064,2218.5533380951092,22422.165176466435,847.06037559024742,9165.4935175379687,8280.4589140754833,3950.6473105559539,0,0,0,12.8872,0.32300000000000001,0.2007683945646401
常规控制,20.584905571495977,1635.5780487065849,2207.9610401221103,22429.339849222619,842.28168882747991,9184.7782271043743,8283.1085057858254,3951.9114436762507,0,0,0,12.8872,0.32300000000000001,0.19941645119638135
常规控制,20.60516630532619,1624.6167701904512,2197.401642178786,22436.432270442805,837.52262672335348,9203.9655444477739,8285.7277221751829,3953.1610845828418,0,0,0,12.8872,0.32300000000000001,0.19808000671182063
常规控制,20.625427039156403,1613.780890777768,2186.8753577710495,22443.443553020174,832.7832447661599,9223.0558076480138,8288.3169742326882,3954.3964293606473,0,0,0,12.8872,0.32300000000000001,0.19675885140542723
常规控制,20.645687772986616,1603.0687163255509,2176.3823929789419,22450.374793138508,828.06359511507742,9242.0493564250901,8290.8766667767286,3955.6176711504927,0,0,0,12.8872,0.32300000000000001,0.19545277872027048
常规控制,20.665948506816825,1592.4785781136441,2165.9229465966123,22457.227070531902,823.36372666953685,9260.9465320714698,8293.4071985508599,3956.8250001948713,0,0,0,12.8872,0.32300000000000001,0.19416158519907611
常规控制,20.686209240647038,1582.0088324491112,2155.4972102700367,22464.001448740775,818.68368513740688,9279.7476773858361,8295.9089623183427,3958.0186038830493,0,0,0,12.8872,0.32300000000000001,0.19288507043599226
常规控制,20.706469974477251,1571.6578602764125,2145.1053686325354,22470.698975364077,814.02351310203017,9298.4531366081137,8298.3823449552856,3959.1986667955052,0,0,0,12.8872,0.32300000000000001,0.19162303702906044
常规控制,20.726730708307464,1561.4240667932645,2134.7475994380907,22477.320682307847,809.38325008811546,9317.0632553558517,8300.8277275424443,3960.3653707477242,0,0,0,12.8872,0.32300000000000001,0.19037529053337968
常规控制,20.746991442137677,1551.3058810721502,2124.4240736925208,22483.867586030123,804.76293262651438,9335.5783805618594,8303.2454854556563,3961.518894833348,0,0,0,12.8872,0.32300000000000001,0.1891416394149594
常规控制,20.76725217596789,1541.3017556874115,2114.1349557825388,22490.340687782234,800.16259431790002,9353.9988604130867,8305.6359884549474,3962.6594154666886,0,0,0,12.8872,0.32300000000000001,0.18792189500525308
常规控制,20.787512909798103,1531.4101663478521,2103.8804036027304,22496.740973846488,795.58226589536787,9372.3250442907283,8307.9996007723275,3963.7871064246106,0,0,0,12.8872,0.32300000000000001,0.18671587145636359
常规控制,20.807773643628316,1521.6296115348046,2093.660568680481,22503.069415770409,791.02197528597617,9390.5572827114975,8310.3366811982669,3964.9021388877995,0,0,0,12.8872,0.32300000000000001,0.18552338569691482
常规控制,20.828034377458529,1511.9586121455829,2083.4755962988957,22509.326970597391,786.48174767124772,9408.6959272700533,8312.6475831669031,3966.0046814814032,0,0,0,12.8872,0.32300000000000001,0.18434425738858001
常规控制,20.848295111288738,1502.395711142276,2073.3256256177397,22515.514581093972,781.96160554665232,9426.7413305825285,8314.9326548399567,3967.0949003150754,0,0,0,12.8872,0.32300000000000001,0.18317830888326112
常规控制,20.868555845118951,1492.9394732057995,2063.2107897924261,22521.633175973671,777.46156878008503,9444.6938462311846,8317.1922391893931,3968.1729590224136,0,0,0,12.8872,0.32300000000000001,0.18202536518090953
常规控制,20.888816578949164,1483.5884843951715,2053.1312160911107,22527.683670117454,772.98165466937098,9462.5538287100626,8319.4266740788498,3969.2390187998058,0,0,0,12.8872,0.32300000000000001,0.18088525388798338
常规控制,20.909077312779377,1474.3413518119221,2043.0870260098975,22533.66696479086,768.52187799880198,9480.3216333716882,8321.6362923438137,3970.2932384446849,0,0,0,12.8872,0.32300000000000001,0.17975780517653103
常规控制,20.92933804660959,1465.1967032695932,2033.0783353862082,22539.583947857871,764.08225109473403,9497.9976163747633,8323.8214218706034,3971.3357743932124,0,0,0,12.8872,0.32300000000000001,0.1786428517438951
常规控制,20.949598780439803,1456.1531869683399,2023.1052545100983,22545.435493991445,759.66278388010119,9515.582134633185,8325.9823856741223,3972.3667807573729,0,0,0,12.8872,0.32300000000000001,0.1775402287730386
常规控制,20.969859514270016,1447.2094711751888,2013.1678882316558,22551.222464880404,755.26348392660827,9533.0755457693103,8328.119501974259,3973.3864093614266,0,0,0,12.8872,0.32300000000000001,0.17644977389356056
常规控制,20.990120248100229,1438.3642439079229,2003.2663360705378,22556.945709433985,750.8843565085989,9550.4782080621262,8330.2330842714255,3974.3948097779471,0,0,0,12.8872,0.32300000000000001,0.17537132714315418
常规控制,21,1434.0863742480083,1998.4510557650185,22559.713676100328,748.75627810371827,9558.9314697660957,8331.2552885980731,3974.8825084448708,0,0,0,12.8872,0.32300000000000001,0.17484975155283888
常规控制,21.010380981930442,1429.6162126245854,1993.4006923215193,22562.606063982723,746.5254046545582,9567.7904803997826,8332.3234414207491,3975.3921293632229,0,0,0,12.8872,0.32300000000000001,0.1743047309297496
常规控制,21.030641715760652,1420.9641039177075,1983.5710461583137,22568.204352476321,742.18662919772805,9585.0127222330975,8334.3908777051383,3976.3785132921116,0,0,0,12.8872,0.32300000000000001,0.17324982999423305
常规控制,21.050902449590865,1412.4066632131767,1973.7774817359123,22573.741386678488,737.86802882599932,9602.1452935295911,8336.4356929072383,3977.3541045923757,0,0,0,12.8872,0.32300000000000001,0.1722064713737316
常规控制,21.071163183421078,1403.9426544738083,1964.0200782911879,22579.21796635873,733.56960013090486,9619.1885547285383,8338.4581823802673,3978.3190441784732,0,0,0,12.8872,0.32300000000000001,0.17117450436547127
常规控制,21.091423917251291,1395.5708599075265,1954.2989102417525,22584.634879481186,729.29133765571578,9636.1428666969878,8340.4586371177375,3979.2734708848288,0,0,0,12.8872,0.32300000000000001,0.17015378049119739
常规控制,21.111684651081504,1387.2900796801196,1944.6140472831332,22589.992902390473,725.03323394266818,9653.0085906867716,8342.4373438221028,3980.2175214985809,0,0,0,12.8872,0.32300000000000001,0.1691441534621525
常规控制,21.131945384911717,1379.099131632491,1934.9655544842803,22595.292799994659,720.79527957933408,9669.7860882924033,8344.394584972315,3981.151330791814,0,0,0,12.8872,0.32300000000000001,0.16814547914460237
常规控制,21.15220611874193,1370.9968510023521,1925.3534923814398,22600.535325945308,716.57746324415109,9686.4757214099191,8346.3306388903329,3982.07503155329,0,0,0,12.8872,0.32300000000000001,0.16715761552590364
常规控制,21.172466852572143,1362.9820901502858,1915.7779170704255,22605.721222814747,712.37977175113156,9703.0778521965767,8348.245779806568,3982.9887546196774,0,0,0,12.8872,0.32300000000000001,0.16618042268110444
常规控制,21.192727586402352,1355.0537182901301,1906.2388802973155,22610.851222270536,708.20219009376433,9719.5928430314234,8350.1402779243253,3983.8926289062888,0,0,0,12.8872,0.32300000000000001,0.16521376274007149
常规控制,21.212988320232565,1347.2106212235974,1896.7364295475982,22615.926045247143,704.04470148812504,9736.0210564767058,8352.0143994832051,3984.7867814373349,0,0,0,12.8872,0.32300000000000001,0.16425749985513394
常规控制,21.233249054062778,1339.4517010791012,1887.2706081338204,22620.946402114962,699.90728741522059,9752.362855240066,8353.8684068215152,3985.6713373757016,0,0,0,12.8872,0.32300000000000001,0.16331150016923995
常规控制,21.253509787892991,1331.7758760546892,1877.8414552817367,22625.912992846639,695.78992766257045,9768.6186021375324,8355.702558437697,3986.5464200522547,0,0,0,12.8872,0.32300000000000001,0.16237563178461403
常规控制,21.273770521723204,1324.1820801650458,1868.4490062150123,22630.826507180776,691.69260036505329,9784.788660057282,8357.5171090507774,3987.4121509946835,0,0,0,12.8872,0.32300000000000001,0.16144976473191064
常规控制,21.294031255553417,1316.6692629924942,1859.0932922385016,22635.687624783026,687.61528204502883,9800.8733919241149,8359.3123096598683,3988.2686499558899,0,0,0,12.8872,0.32300000000000001,0.1605337709398551
常规控制,21.31429198938363,1309.2363894419304,1849.7743408201334,22640.497015404693,683.55794765175597,9816.8731606646543,8361.0884076027305,3989.1160349419238,0,0,0,12.8872,0.32300000000000001,0.1596275242053645
常规控制,21.334552723213843,1301.8824394996345,1840.4921756714321,22645.255339038762,679.52057060012089,9832.7883291732178,8362.8456466134012,3989.9544222394811,0,0,0,12.8872,0.32300000000000001,0.15873090016414057
常规控制,21.354813457044056,1294.6064079961363,1831.2468168261564,22649.963246073348,675.50312280833509,9848.6192602791925,8364.5842668788555,3990.7839264429399,0,0,0,12.8872,0.32300000000000001,0.1578437762617575
常规控制,21.375074190874265,1287.40730437343,1822.0382807164262,22654.621377442316,671.5055747342077,9864.366316716787,8366.3045050946366,3991.6046604808976,0,0,0,12.8872,0.32300000000000001,0.15696603172527976
常规控制,21.395334924704478,1280.2841524544428,1812.8665802508324,22659.230364774448,667.52789541287393,9880.0298610905702,8368.0065945199367,3992.4167356424523,0,0,0,12.8872,0.32300000000000001,0.15609754753515478
常规控制,21.415595658534691,1273.2359902172773,1803.7317248886764,22663.790830539514,663.5700524922097,9895.6102558454895,8369.6907650315479,3993.2202616029394,0,0,0,12.8872,0.32300000000000001,0.15523820639768759
常规控制,21.435856392364904,1266.2618695728206,1794.6337207135111,22668.303388192169,659.63201226797389,9911.1078632366916,8371.3572431769971,3994.0153464492914,0,0,0,12.8872,0.32300000000000001,0.15438789271792602
常规控制,21.456117126195117,1259.3608561459073,1785.5725705054526,22672.768642313556,655.71373971833134,9926.5230452999203,8373.0062522268381,3994.8020967049765,0,0,0,12.8872,0.32300000000000001,0.15354649257297914
常规控制,21.47637786002533,1252.5320290600025,1776.5482738122016,22677.187188750617,651.81519853771863,9941.8561638226311,8374.6380122261089,3995.5806173545543,0,0,0,12.8872,0.32300000000000001,0.15271389368576507
常规控制,21.496638593855543,1245.7744807253616,1767.5608270187961,22681.559614753154,647.9363511700609,9957.1075803157946,8376.2527400449399,3996.3510118678228,0,0,0,12.8872,0.32300000000000001,0.15188998539918239
常规控制,21.516899327685756,1239.0873166306078,1758.6102234161235,22685.886499108725,644.077158841357,9972.277655986356,8377.8506494283683,3997.1133822235793,0,0,0,12.8872,0.32300000000000001,0.15107465865069844
常规控制,21.537160061515969,1232.4696551376803,1749.6964532682107,22690.168412275274,640.23758159164402,9987.3667517103586,8379.4319510453261,3997.8678289329996,0,0,0,12.8872,0.32300000000000001,0.15026780594734859
常规控制,21.557420795346179,1225.9206272800996,1740.819503878321,22694.405916511696,636.41757830635402,10002.3752280067,8380.9968525368531,3998.6144510626345,0,0,0,12.8872,0.32300000000000001,0.14946932134113997
常规控制,21.577681529176392,1219.4393765644893,1731.9793596538709,22698.599566006236,632.61710674707444,10017.303445011497,8382.5455585635154,3999.353346257039,0,0,0,12.8872,0.32300000000000001,0.14867910040485197
常规控制,21.597942263006605,1213.025058775326,1723.1760021702155,22702.749907002857,628.83612358173264,10032.151762453037,8384.0782708520674,4000.0846107610309,0,0,0,12.8872,0.32300000000000001,0.14789704020823077
常规控制,21.618202996836818,1206.6768417828312,1714.4094102332892,22706.857477925507,625.07458441420556,10046.920539627337,8385.5951882413519,4000.8083394415912,0,0,0,12.8872,0.32300000000000001,0.14712303929456663
常规控制,21.638463730667031,1200.3939053539812,1705.6795599411589,22710.922809500418,621.33244381337659,10061.610135374234,8387.0965067274683,4001.524625809413,0,0,0,12.8872,0.32300000000000001,0.14635699765765145
常规控制,21.658724464497244,1194.1754409665691,1696.9864247444925,22714.946424876427,617.6096553416503,10076.220908054029,8388.5824195081877,4002.2335620400954,0,0,0,12.8872,0.32300000000000001,0.14559881671910838
常规控制,21.678985198327457,1188.0206516262704,1688.3299755059784,22718.92883974333,613.90617158293594,10090.753215524654,8390.0531170266768,4002.9352389950027,0,0,0,12.8872,0.32300000000000001,0.14484839930608778
常规控制,21.69924593215767,1181.9287516866584,1679.710180558711,22722.870562448337,610.22194417011542,10105.207415119345,8391.5087870145035,4003.6297462417797,0,0,0,12.8872,0.32300000000000001,0.14410564962932271
常规控制,21.719506665987879,1175.89896667212,1671.1270057635752,22726.772094110664,606.55692381200697,10119.583863624803,8392.9496145339526,4004.3171720745445,0,0,0,12.8872,0.32300000000000001,0.14337047326153807
常规控制,21.739767399818092,1169.9305331036123,1662.580414565635,22730.633928734267,602.91106031983634,10133.88291725982,8394.3757820196515,4004.997603533749,0,0,0,12.8872,0.32300000000000001,0.14264277711620624
常规控制,21.760028133648305,1164.0226983276191,1654.0703680487361,22734.45655331852,599.28430263269365,10148.1049316556,8395.7874693194608,4005.6711264256815,0,0,0,12.8872,0.32300000000000001,0.14192246942669257
常规控制,21.780288867478518,1158.174720347861,1645.5968249893344,22738.240447967102,595.67659884264242,10162.25026183623,8397.1848537346668,4006.3378253416513,0,0,0,12.8872,0.32300000000000001,0.1412094597257369
常规控制,21.800549601308731,1152.3858676589894,1637.1597419108707,22741.986085995606,592.08789622029678,10176.319262197405,8398.568110059734,4006.9977836769494,0,0,0,12.8872,0.32300000000000001,0.14050365882517679
常规控制,21.820810335138944,1146.6554190837137,1628.7590731355606,22745.693934036935,588.51814123888641,10190.312286488077,8399.9374106212199,4007.6510836494153,0,0,0,12.8872,0.32300000000000001,0.13980497879608952
常规控制,21.841071068969157,1140.9826636123676,1620.3947708357866,22749.364452145077,584.96727959818952,10204.229687791747,8401.2929253161055,4008.2978063177288,0,0,0,12.8872,0.32300000000000001,0.13911333294923112
常规控制,21.86133180279937,1135.3669002450822,1612.0667850845455,22752.998093897273,581.43525624799099,10218.071818508277,8402.6348216495207,4008.9380315994022,0,0,0,12.8872,0.32300000000000001,0.13842863581579362
常规控制,21.881592536629583,1129.8074378365368,1603.7750639049684,22756.595306494433,577.9220154110717,10231.839030336159,8403.9632647718299,4009.5718382884806,0,0,0,12.8872,0.32300000000000001,0.1377508031284764
常规控制,21.901853270459792,1124.3035949432369,1595.5195533189351,22760.15653085996,574.42750060574053,10245.531674255293,8405.2784175151319,4010.1993040729508,0,0,0,12.8872,0.32300000000000001,0.13707975180286575
常规控制,21.922114004290005,1118.8546996732859,1587.3001973947851,22763.682201736978,570.95165466791286,10259.150100510209,8406.5804404291484,4010.8205055518688,0,0,0,12.8872,0.32300000000000001,0.13641539991911816
常规控制,21.942374738120218,1113.4600895386143,1579.1169382941741,22767.172747783905,567.49441977275831,10272.694658593717,8407.8694918165511,4011.4355182522099,0,0,0,12.8872,0.32300000000000001,0.1357576667039439
常规控制,21.962635471950431,1108.1191113096145,1570.9697163180547,22770.628591668552,564.05573745591016,10286.165697231037,8409.1457277676764,4012.0444166454354,0,0,0,12.8872,0.32300000000000001,0.1351064725128831
常规控制,21.982896205780644,1102.8311208721514,1562.8584699518294,22774.05015016062,560.63554863425838,10299.563564364309,8410.4093021947083,4012.6472741637981,0,0,0,12.8872,0.32300000000000001,0.13446173881287216
常规控制,22,1098.4078597077053,1556.0390401183722,22776.912191417847,557.76263039164849,10310.817132347594,8411.4662480718962,4013.1515481938295,0,0,0,12.8872,0.32300000000000001,0.13392243648802979
常规控制,22.003156939610857,1097.5954830869052,1554.7831359096765,22777.437834222717,557.23379362633159,10312.888607137542,8411.6603668652824,4013.2441632163759,0,0,0,12.8872,0.32300000000000001,0.13382338816509406
常规控制,22.02341767344107,1092.4115716510073,1546.7436491780772,22780.792049099877,553.85041217227695,10326.141171881931,8412.8990714355477,4013.8351552048475,0,0,0,12.8872,0.32300000000000001,0.13319134420810858
常规控制,22.043678407271283,1087.278768961927,1538.7399430585522,22784.113194407651,550.48534345344933,10339.321604101589,8414.1255634826921,4014.4203205390099,0,0,0,12.8872,0.32300000000000001,0.13256553164125673
常规控制,22.063939141101496,1082.196465983573,1530.7719492096317,22787.401664218727,547.13852611161667,10352.430248459623,8415.3399885369399,4014.9997286520411,0,0,0,12.8872,0.32300000000000001,0.13194587620833526
常规控制,22.084199874931706,1077.1640621145671,1522.8395976880768,22790.657847148166,543.80989826779557,10365.467448764563,8416.5424901130245,4015.5734480155206,0,0,0,12.8872,0.32300000000000001,0.13133230468153606
常规控制,22.104460608761919,1072.1809650586456,1514.9428169893581,22793.882126437271,540.49939754071875,10378.433547957176,8417.7332097411618,4016.1415461542028,0,0,0,12.8872,0.32300000000000001,0.13072474484564514
常规控制,22.124721342592132,1067.2465906971645,1507.0815340874353,22797.07488003606,537.20696106495541,10391.328888097556,8418.9122869975035,4016.7040896605522,0,0,0,12.8872,0.32300000000000001,0.13012312548249758
常规控制,22.144982076422345,1062.3603629636555,1499.2556744737999,22800.236480684449,533.93252550866816,10404.153810352596,8420.0798595341294,4017.2611442090456,0,0,0,12.8872,0.32300000000000001,0.1295273763556832
常规控制,22.165242810252558,1057.5217137208253,1491.4651621949142,22803.36729599184,530.67602709045082,10416.90865498514,8421.2360631084211,4017.8127745701922,0,0,0,12.8872,0.32300000000000001,0.12893742819554968
常规控制,22.185503544082771,1052.7300826391145,1483.7099198901496,22806.467688515688,527.43740159657762,10429.593761341641,8422.3810316120944,4018.3590446243829,0,0,0,12.8872,0.32300000000000001,0.12835321268439587
常规控制,22.205764277912984,1047.9849170771943,1475.9898688288863,22809.538015838829,524.21658439781561,10442.209467840443,8423.514897099747,4018.9000173755076,0,0,0,12.8872,0.32300000000000001,0.12777466244190164
常规控制,22.226025011743197,1043.2856719646591,1468.3049289464479,22812.578630645392,521.01351046559205,10454.75611196108,8424.6377898168921,4019.4357549643373,0,0,0,12.8872,0.32300000000000001,0.12720171101082517
常规控制,22.246285745573406,1038.6318096865357,1460.6550188795977,22815.589880795509,517.82811438797648,10467.234030233552,8425.7498382275517,4019.9663186816833,0,0,0,12.8872,0.32300000000000001,0.1266342928429218
常规控制,22.266546479403619,1034.0227999696685,1453.040056001362,22818.572109398847,514.66033038532726,10479.643558227966,8426.8511690414125,4020.4917689813537,0,0,0,12.8872,0.32300000000000001,0.1260723432850917
常规控制,22.286807213233832,1029.458119770959,1445.4599564552075,22821.525654886904,511.51009232561506,10491.985030544483,8427.9419072405235,4021.0121654928935,0,0,0,12.8872,0.32300000000000001,0.12551579856575354
常规控制,22.307067947064045,1024.9372531674173,1437.9146351885631,22824.450851084173,508.3773337394216,10504.258780803597,8429.0221761055709,4021.5275670341202,0,0,0,12.8872,0.32300000000000001,0.12496459578143918
常规控制,22.327328680894258,1020.4596912480089,1430.4040059857143,22827.348027278098,505.26198783462684,10516.465141636723,8430.0920972417243,4022.0380316234518,0,0,0,12.8872,0.32300000000000001,0.12441867288360706
常规控制,22.347589414724471,1016.0249320072593,1422.9279815000787,22830.217508287929,502.16398751078924,10528.604444677117,8431.1517906040553,4022.5436164920388,0,0,0,12.8872,0.32300000000000001,0.12387796866567018
常规控制,22.367850148554684,1011.6324802405907,1415.4864732858759,22833.059614532442,499.08326537322574,10540.677020551038,8432.201374522554,4023.0443780956948,0,0,0,12.8872,0.32300000000000001,0.12334242275023496
常规控制,22.388110882384897,1007.2818474413607,1408.0793918292027,22835.874662096561,496.01975374679904,10552.683198869247,8433.2409657267235,4023.5403721266352,0,0,0,12.8872,0.32300000000000001,0.12281197557654787
常规控制,22.40837161621511,1002.9725516995737,1400.7066465785288,22838.662962796898,492.97338468941837,10564.623308218754,8434.2706793697871,4024.031653525024,0,0,0,12.8872,0.32300000000000001,0.12228656838814596
常规控制,22.428632350045319,998.70411760223544,1393.3681459746247,22841.424824246216,489.94409000526133,10576.497676154837,8435.290629052497,4024.5182764903352,0,0,0,12.8872,0.32300000000000001,0.12176614322070747
常规控制,22.448893083875532,994.47607613531898,1386.0637974799286,22844.160549916869,486.93180125772074,10588.306629193336,8436.3009268465667,4025.0002944925277,0,0,0,12.8872,0.32300000000000001,0.12125064289009936
常规控制,22.469153817705745,990.28796458732177,1378.7935076073829,22846.870439203212,483.93644978209085,10600.050492803162,8437.3016833177044,4025.4777602830409,0,0,0,12.8872,0.32300000000000001,0.12074001098061839
常规控制,22.489414551535958,986.1393264543708,1371.5571819487311,22849.554787482997,480.95796669798887,10611.729591399084,8438.2930075482982,4025.950725905614,0,0,0,12.8872,0.32300000000000001,0.12023419183342128
常规控制,22.509675285366171,982.02971134685788,1364.3547252022981,22852.213886177775,477.99628292152806,10623.344248334715,8439.275007159722,4026.4192427069283,0,0,0,12.8872,0.32300000000000001,0.11973313053514126
常规控制,22.529936019196384,977.95867489757018,1357.1860412002711,22854.848022812344,475.05132917724382,10634.894785895744,8440.2477883342854,4026.883361347082,0,0,0,12.8872,0.32300000000000001,0.11923677290668686
常规控制,22.550196753026597,973.92577867132206,1350.0510329353976,22857.457481073237,472.12303600972757,10646.381525293489,8441.2114558368321,4027.3431318098919,0,0,0,12.8872,0.32300000000000001,0.11874506549222404
常规控制,22.57045748685681,969.93059007632701,1342.9496025865349,22860.042540866041,469.21133379461077,10657.804786659659,8442.1661130359153,4027.7986034129999,0,0,0,12.8872,0.32300000000000001,0.1182579555483701
常规控制,22.590718220687023,965.97268227653967,1335.8816515449544,22862.603478372137,466.31615275008835,10669.164889039452,8443.1118619247427,4028.2498248178617,0,0,0,12.8872,0.32300000000000001,0.11777539103350625
常规控制,22.610978954517233,962.05163410562136,1328.8470804394519,22865.140566104365,463.43742294776126,10680.462150385976,8444.0488031417372,4028.6968440395594,0,0,0,12.8872,0.32300000000000001,0.11729732059728772
常规控制,22.631239688347446,958.16702998232245,1321.8457891609953,22867.654072961755,460.57507432325735,10691.696887554841,8444.9770359907561,4029.1397084564469,0,0,0,12.8872,0.32300000000000001,0.116823693570327
常规控制,22.651500422177659,954.31845982720517,1314.8776768869916,22870.144264283448,457.72903668667396,10702.869416298852,8445.8966584609843,4029.5784648196432,0,0,0,12.8872,0.32300000000000001,0.11635445995404027
常规控制,22.671761156007872,950.50551898069955,1307.9426421050655,22872.611401901679,454.89923973278428,10713.980051262943,8446.8077672465261,4030.0131592623757,0,0,0,12.8872,0.32300000000000001,0.11588957041065642
常规控制,22.692021889838085,946.72780812248345,1301.0405826363869,22875.055744193967,452.08561305101961,10725.029105979314,8447.7104577656592,4030.4438373091702,0,0,0,12.8872,0.32300000000000001,0.11542897625338754
常规控制,22.712282623668298,942.984933192158,1294.1713956585409,22877.477546134436,449.28808613523006,10736.016892862812,8448.6048241797944,4030.8705438848956,0,0,0,12.8872,0.32300000000000001,0.11497262943675737
常规控制,22.732543357498511,939.27650531120378,1287.3349777279543,22879.877059344293,446.5065883932283,10746.943723206494,8449.4909594121273,4031.293323323659,0,0,0,12.8872,0.32300000000000001,0.11452048254708591
常规控制,22.752804091328724,935.60214070618986,1280.5312248018893,22882.254532141553,443.74104915612111,10757.80990717742,8450.3689551659754,4031.7122193775635,0,0,0,12.8872,0.32300000000000001,0.11407248879312662
常规控制,22.773064825158933,931.96146063322112,1273.7600322600085,22884.610209589897,440.9913976874347,10768.615753812615,8451.2389019428501,4032.1272752253185,0,0,0,12.8872,0.32300000000000001,0.11362860199685487
常规控制,22.793325558989146,928.35409130359574,1267.0212949255222,22886.944333546766,438.25756319203492,10779.361571015254,8452.1008890602025,4032.538533480717,0,0,0,12.8872,0.32300000000000001,0.11318877658440361
常规控制,22.813586292819359,924.77966381066199,1260.3149070859338,22889.257142710732,435.53947482485523,10790.04766555099,8452.9550046689128,4032.9460362009736,0,0,0,12.8872,0.32300000000000001,0.1127529675771457
常规控制,22.833847026649572,921.23781405784121,1253.64076251338,22891.548872668023,432.83706169942678,10800.674343044502,8453.8013357704876,4033.3498248949304,0,0,0,12.8872,0.32300000000000001,0.11232113058291798
常规控制,22.854107760479785,917.72818268780452,1246.9987544845837,22893.81975593837,430.15025289622298,10811.241907976195,8454.6399682339797,4033.7499405311305,0,0,0,12.8872,0.32300000000000001,0.11189322178738623
常规控制,22.874368494309998,914.25041501278008,1240.3887758004271,22896.070022020096,427.47897747082095,10821.750663679049,8455.4709868126411,4034.1464235457661,0,0,0,12.8872,0.32300000000000001,0.11146919794554799
常规控制,22.894629228140211,910.80416094596751,1233.8107188051517,22898.299897434503,424.82316446188423,10832.200912335666,8456.2944751603191,4034.5393138504924,0,0,0,12.8872,0.32300000000000001,0.11104901637337031
常规控制,22.914889961970424,907.38907493404167,1227.2644754051969,22900.509605769541,422.18274289897198,10842.592954975424,8457.1105158475748,4034.9286508401283,0,0,0,12.8872,0.32300000000000001,0.11063263493956028
常规控制,22.935150695800637,904.00481589072297,1220.749937087684,22902.699367722773,419.55764181018037,10852.927091471813,8457.9191903775609,4035.3144734002253,0,0,0,12.8872,0.32300000000000001,0.11022001205746572
常规控制,22.955411429630846,900.65104713144933,1214.2669949384006,22904.869401143678,416.94779022952173,10863.203620540122,8458.7205792016357,4035.6968199145181,0,0,0,12.8872,0.32300000000000001,0.10981110667711014
常规控制,22.975672163461059,897.32743630921675,1207.8155396591492,22907.019921075138,414.35311720396561,10873.422839735702,8459.5147617346884,4036.075728272237,0,0,0,12.8872,0.32300000000000001,0.10940587827736996
常规控制,22.995932897291272,894.03365535113915,1201.3954615856176,22909.151139794503,411.77355180084197,10883.585045451075,8460.3018163703,4036.4512358753427,0,0,0,12.8872,0.32300000000000001,0.10900428685823989
常规控制,23,893.37603407644622,1200.1104786038757,22909.576649198047,411.25754900866502,10885.618143096141,8460.4589561070679,4036.5262080097236,0,0,0,12.8872,0.32300000000000001,0.10892410694818656
常规控制,23.016193631121485,890.7693803962153,1195.0066507042218,22911.263266853835,409.20902311466506,10893.690532914236,8461.081820495614,4036.8233796456179,0,0,0,12.8872,0.32300000000000001,0.10860629293324506
常规控制,23.036454364951698,887.53429173405686,1188.6489966687923,22913.356509119592,406.65946027390009,10903.739596186835,8461.8548505059789,4037.1921960316563,0,0,0,12.8872,0.32300000000000001,0.10821185752197048
常规控制,23.056715098781911,884.32807374458184,1182.3223888169298,22915.431070811606,404.12479244757714,10913.732528162478,8462.6209818193583,4037.5577210157358,0,0,0,12.8872,0.32300000000000001,0.10782094214270822
常规控制,23.076975832612124,881.15041483866128,1176.0267161860402,22917.487153541526,401.60494885174757,10923.669620565199,8463.380288890512,4037.9199901205843,0,0,0,12.8872,0.32300000000000001,0.107433508805221
常规控制,23.097236566442337,878.00100739970981,1169.7618675290394,22919.524956350582,399.09985875578457,10933.551163948057,8464.1328452249509,4038.2790384160403,0,0,0,12.8872,0.32300000000000001,0.10704952000362035
常规控制,23.11749730027255,874.87954772619776,1163.5277313297443,22921.544675746802,396.60945148853176,10943.377447691901,8464.8787233926796,4038.6349005256066,0,0,0,12.8872,0.32300000000000001,0.10666893870935766
常规控制,23.13775803410276,871.78573597507773,1157.3241958179533,22923.546505741597,394.13365644430422,10953.148760004242,8465.6179950417099,4038.9876106328993,0,0,0,12.8872,0.32300000000000001,0.10629172836432649
常规控制,23.158018767932973,868.71927610610169,1151.1511489842162,22925.530637885811,391.67240308874165,10962.865387918302,8466.350730911372,4039.3372024879964,0,0,0,12.8872,0.32300000000000001,0.10591785287407343
常规控制,23.178279501763186,865.67987582702517,1145.0084785943193,22927.497261305172,389.22562096452464,10972.527617292131,8467.0770008454001,4039.6837094136849,0,0,0,12.8872,0.32300000000000001,0.10554727660111719
常规控制,23.198540235593399,862.66724653967151,1138.8960722034649,22929.446562735178,386.79323969694741,10982.135732807912,8467.7968738048257,4040.0271643116084,0,0,0,12.8872,0.32300000000000001,0.10517996435837253
常规控制,23.218800969423611,859.68110328684952,1132.8138171701733,22931.378726555453,384.37518899935833,10991.690017971339,8468.5104178806596,4040.367599668321,0,0,0,12.8872,0.32300000000000001,0.10481588140267824
常规控制,23.239061703253824,856.72116470010587,1126.7616006699038,22933.293934823556,381.97139867846772,11001.190755111142,8469.2177003063807,4040.7050475612427,0,0,0,12.8872,0.32300000000000001,0.10445499342842691
常规控制,23.259322437084037,853.78715294829965,1120.7393097084046,22935.192367308246,379.5817986395279,11010.638225378694,8469.9187874702166,4041.0395396645204,0,0,0,12.8872,0.32300000000000001,0.10409726656129492
常规控制,23.27958317091425,850.87879368698145,1114.7468311347943,22937.074201522249,377.20631889138713,11020.032708747758,8470.6137449272483,4041.3711072548026,0,0,0,12.8872,0.32300000000000001,0.10374266735207048
常规控制,23.29984390474446,847.99581600856459,1108.7840516543872,22938.939612754493,374.84488955142359,11029.374484014304,8471.3026374113088,4041.699781216917,0,0,0,12.8872,0.32300000000000001,0.10339116277057839
常规控制,23.320104638574673,845.13795239326953,1102.8508578412595,22940.788774101842,372.49744085035798,11038.663828796447,8471.9855288467115,4042.0255920494651,0,0,0,12.8872,0.32300000000000001,0.10304272019969889
常规控制,23.340365372404886,842.3049386608343,1096.9471361505766,22942.62185650034,370.16390313695547,11047.901019534465,8472.6624823597849,4042.3485698703253,0,0,0,12.8872,0.32300000000000001,0.10269730742948005
常规控制,23.360626106235099,839.49651392303576,1091.0727729304572,22944.439028755962,367.8442068824811,11057.086331491239,8473.3335602902189,4042.6687444220688,0,0,0,12.8872,0.32300000000000001,0.10235489265134898
常规控制,23.380886840065312,836.71242053696017,1085.2276544336844,22946.240457574808,365.53828268509858,11066.220038752621,8473.99882420223,4042.9861450772833,0,0,0,12.8872,0.32300000000000001,0.10201544445241433
常规控制,23.401147573895525,833.95240405887523,1079.4116668294921,22948.026307592983,363.24606127434532,11075.302414227479,8474.6583348955919,4043.3008008438351,0,0,0,12.8872,0.32300000000000001,0.10167893180984218
常规控制,23.421408307725738,831.21621319893404,1073.6246962147472,22949.796741405877,360.96747351527659,11084.333729648339,8475.3121524164417,4043.6127403700311,0,0,0,12.8872,0.32300000000000001,0.10134532408533344
常规控制,23.441669041555951,828.50359977656035,1067.86662862502,22951.551919597059,358.70245041257283,11093.314255571961,8475.9603360679575,4043.9219919497054,0,0,0,12.8872,0.32300000000000001,0.10101459101968414
常规控制,23.461929775386164,825.81431867652464,1062.137350045419,22953.292000766683,356.45092311453737,11102.244261380009,8476.6029444208471,4044.2285835272282,0,0,0,12.8872,0.32300000000000001,0.10068670272743008
常规控制,23.482190509216373,823.14812780570401,1056.4367464211978,22955.017141559474,354.21282291698628,11111.124015279815,8477.2400353236753,4044.5325427024327,0,0,0,12.8872,0.32300000000000001,0.10036162969157485
常规控制,23.502451243046586,820.50478805051148,1050.7647036681294,22956.727496692252,351.98808126703125,11119.953784305249,8477.8716659130496,4044.8338967354725,0,0,0,12.8872,0.32300000000000001,0.10003934275839936
常规控制,23.522711976876799,817.8840632349893,1045.1211076826714,22958.423218981079,349.77662976676282,11128.733834317669,8478.4978926236199,4045.1326725515946,0,0,0,12.8872,0.32300000000000001,0.099719813132352467
常规控制,23.542972710707012,815.28572007955006,1039.5058443519022,22960.104459367943,347.57840017682923,11137.46443000695,8479.1187711979474,4045.4288967458447,0,0,0,12.8872,0.32300000000000001,0.099403012371020491
常规控制,23.563233444537225,812.70952816035776,1033.9187995632515,22961.771366947021,345.39332441991803,11146.145834892626,8479.7343566962045,4045.7225955877011,0,0,0,12.8872,0.32300000000000001,0.099088912380174823
常规控制,23.583494178367438,810.15525986933949,1028.359859214022,22963.424088990585,343.22133458414186,11154.778311325084,8480.3447035057288,4046.0137950256285,0,0,0,12.8872,0.32300000000000001,0.098777485408896304
常规控制,23.603754912197651,807.62269037481428,1022.8289092207065,22965.062770974455,341.06236292632991,11163.362120486867,8480.9498653504434,4046.3025206915704,0,0,0,12.8872,0.32300000000000001,0.098468704044775035
常规控制,23.624015646027864,805.11159758273175,1017.3258355281076,22966.687556603083,338.91634187522783,11171.89752239402,8481.5498953001006,4046.5887979053659,0,0,0,12.8872,0.32300000000000001,0.098162541209184342
常规控制,23.644276379858077,802.62176209850577,1011.8505241182619,22968.298587834259,336.78320403460862,11180.384775897537,8482.1448457794158,4046.8726516791016,0,0,0,12.8872,0.32300000000000001,0.097858970152627414
常规控制,23.664537113688286,800.1529671894383,1006.4028610191764,22969.89600490341,334.66288218629643,11188.824138684855,8482.7347685770419,4047.1541067213952,0,0,0,12.8872,0.32300000000000001,0.097557964450155882
常规控制,23.684797847518499,797.70499874771519,1000.9827323133741,22971.479946347543,332.55530929310481,11197.215867281437,8483.3197148544095,4047.4331874416157,0,0,0,12.8872,0.32300000000000001,0.09725949799685811
常规控制,23.705058581348712,795.27764525397379,995.59002414626832,22973.050549028841,330.46041850169547,11205.560217052394,8483.8997351544313,4047.7099179540351,0,0,0,12.8872,0.32300000000000001,0.09696354500341714
常规控制,23.725319315178925,792.87069774142026,990.22462273435133,22974.607948157856,328.37814314535376,11213.857442204191,8484.4748794100888,4047.984322081918,0,0,0,12.8872,0.32300000000000001,0.096670079991735824
常规控制,23.745580049009138,790.48394976049542,984.88641437320882,22976.152277316382,326.30841674668454,11222.107795786405,8485.0451969528549,4048.2564233615544,0,0,0,12.8872,0.32300000000000001,0.096379077790628681
常规控制,23.765840782839351,788.11719734413998,979.5752854451506,22977.683668479916,324.25117302010511,11230.311529693861,8485.6107365210119,4048.5262450462142,0,0,0,12.8872,0.32300000000000001,0.09609051353158686
常规控制,23.786101516669564,785.77023897353331,974.29112242695965,22979.20225203986,322.20634587443186,11238.468894668385,8486.1715462678312,4048.7938101100581,0,0,0,12.8872,0.32300000000000001,0.095804362644600988
常规控制,23.806362250499777,783.44287554434243,969.03381189741651,22980.708156825327,320.17386941535688,11246.58014030073,8486.727673769632,4049.0591412519807,0,0,0,12.8872,0.32300000000000001,0.095520600854045942
常规控制,23.826622984329987,781.1349103335225,963.80324054455866,22982.201510124636,318.15367794779127,11254.645515032667,8487.279166033728,4049.3222608993997,0,0,0,12.8872,0.32300000000000001,0.095239204174633191
常规控制,23.8468837181602,778.8461489666131,958.59929517282251,22983.682437706455,316.14570597816174,11262.665266159118,8487.826069506229,4049.5831912119825,0,0,0,12.8872,0.32300000000000001,0.094960148907423311
常规控制,23.867144451990413,776.5763993855337,953.42186271003015,22985.151063840687,314.14988821663718,11270.639639830284,8488.3684300797468,4049.8419540853147,0,0,0,12.8872,0.32300000000000001,0.094683411635899481
常规控制,23.887405185820626,774.32547181686391,948.27083021420799,22986.607511318929,312.16615957927792,11278.568881053894,8488.9062931009666,4050.0985711545227,0,0,0,12.8872,0.32300000000000001,0.094408969222100153
常规控制,23.907665919650839,772.0931787406081,943.14608488025158,22988.051901474733,310.19445519011714,11286.453233697464,8489.4397033781133,4050.3530637978297,0,0,0,12.8872,0.32300000000000001,0.094136798802810645
常规控制,23.927926653481052,769.87933485943245,938.04751404643673,22989.48435420348,308.23471038317143,11294.29294049065,8489.9687051883047,4050.6054531400632,0,0,0,12.8872,0.32300000000000001,0.093866877785812403
常规控制,23.948187387311265,767.68375706836946,932.97500520077926,22990.904987982012,306.28686070438471,11302.088243027625,8490.4933422847898,4050.8557600561107,0,0,0,12.8872,0.32300000000000001,0.093599183846189288
常规控制,23.968448121141478,765.5062644249806,927.92844598724798,22992.313919887907,304.35084191350489,11309.839381769532,8491.0136579040736,4051.1040051743216,0,0,0,12.8872,0.32300000000000001,0.093333694922689586
常规控制,23.988708854971691,763.34667811997087,922.90772421183203,22993.711265618509,302.42658998589695,11317.546596046963,8491.5296947729457,4051.350208879855,0,0,0,12.8872,0.32300000000000001,0.093070389214143359
常规控制,24,762.15086263927651,920.12088637164777,22994.485009947533,301.35930218779464,11321.82279283692,8491.8154369426284,4051.4865378618442,0,0,0,12.8872,0.32300000000000001,0.09292459043698667
常规控制,24.0089695888019,761.20482144824848,917.9127278484691,22995.09713950966,300.51404111429258,11325.210124062505,8492.0414951153944,4051.5943913179804,0,0,0,12.8872,0.32300000000000001,0.092809245175933794
常规控制,24.029230322632113,759.08051978041794,912.94334504483015,22996.471654554127,298.61313171047766,11332.830202893323,8492.5491006594129,4051.836572397327,0,0,0,12.8872,0.32300000000000001,0.092550241516521553
常规控制,24.049491056462326,756.97360053470652,907.99946412797942,22997.834922419774,296.72379840692247,11340.407068493789,8493.0525526437141,4052.0767717930867,0,0,0,12.8872,0.32300000000000001,0.092293357194022013
常规控制,24.069751790292539,754.8838931493093,903.08097360989154,22999.187053467478,294.84597805835108,11347.940955698143,8493.5518918243342,4052.3150089501619,0,0,0,12.8872,0.32300000000000001,0.092038571412833323
常规控制,24.090012524122752,752.8112290551494,898.18776219284666,23000.528156768713,292.97960774325549,11355.432098223209,8494.0471584811439,4052.5513030862767,0,0,0,12.8872,0.32300000000000001,0.091785863620315322
常规控制,24.110273257952965,750.75544164904454,893.31971877469778,23001.858340122944,291.1246247653545,11362.880728671133,8494.5383924242633,4052.7856731950324,0,0,0,12.8872,0.32300000000000001,0.09153521350351787
常规控制,24.130533991783178,748.7163662672732,888.47673245401631,23003.177710074717,289.28096665499942,11370.287078532165,8495.0256330003704,4053.0181380489212,0,0,0,12.8872,0.32300000000000001,0.091286600985957922
常规控制,24.150794725613391,746.69384015953733,883.65869253509618,23004.486371930518,287.44857117051549,11377.651378187504,8495.5089190989293,4053.2487162022958,0,0,0,12.8872,0.32300000000000001,0.0910400062244449
常规控制,24.171055459443604,744.68770246335305,878.86548853269642,23005.784429775333,285.62737629941017,11384.97385691238,8495.9882891583093,4053.4774259942892,0,0,0,12.8872,0.32300000000000001,0.09079540960595843
常规控制,24.191316193273813,742.69779417876759,874.09701017694556,23007.071986489002,283.81732025968984,11392.254742878771,8496.4637811718203,4053.7042855516956,0,0,0,12.8872,0.32300000000000001,0.090552791744565556
常规控制,24.211576927104026,740.72395814346885,869.35314741795742,23008.349143762331,282.01834150102837,11399.494263158385,8496.93543269367,4053.9293127918104,0,0,0,12.8872,0.32300000000000001,0.090312133478386153
常规控制,24.231837660934239,738.76603900828104,864.63379043035286,23009.616002112965,280.2303787058957,11406.692643725675,8497.4032808448119,4054.1525254252201,0,0,0,12.8872,0.32300000000000001,0.09007341586660518
常规控制,24.252098394764452,736.82388321301482,859.9388296176727,23010.87266090099,278.45337079064188,11413.850109460853,8497.8673623187169,4054.3739409585605,0,0,0,12.8872,0.32300000000000001,0.089836620186528174
常规控制,24.272359128594665,734.8973389626774,855.26815561668286,23012.119218344324,276.68725690653366,11420.966884152956,8498.3277133870597,4054.5935766972229,0,0,0,12.8872,0.32300000000000001,0.08960172793068083
常规控制,24.292619862424878,732.98625620403618,850.62165930156743,23013.355771533894,274.93197644074246,11428.043190502931,8498.7843699053192,4054.8114497480324,0,0,0,12.8872,0.32300000000000001,0.089368720803951432
常规控制,24.312880596255091,731.09048660252756,845.99923178801271,23014.582416448586,273.18746901728576,11435.079250126761,8499.2373673182956,4055.0275770218745,0,0,0,12.8872,0.32300000000000001,0.089137580720775461
常规控制,24.333141330085304,729.20988351950791,841.40076443718499,23015.799247969935,271.45367449792201,11442.075283558619,8499.6867406655438,4055.241975236293,0,0,0,12.8872,0.32300000000000001,0.088908289802362039
常规控制,24.353402063915514,727.34430198984239,836.82614885960515,23017.006359896666,269.73053298300135,11449.031510254061,8500.1325245867338,4055.4546609180425,0,0,0,12.8872,0.32300000000000001,0.08868083037396142
常规控制,24.373662797745727,725.49359869982186,832.27527691891623,23018.203844958931,268.01798481227115,11455.948148593232,8500.5747533269223,4055.6656504056073,0,0,0,12.8872,0.32300000000000001,0.088455184962172473
常规控制,24.39392353157594,723.65763196540968,827.74804073556049,23019.391794832438,266.31597056564163,11462.825415884126,8501.0134607417567,4055.8749598516802,0,0,0,12.8872,0.32300000000000001,0.088231336292290519
常规控制,24.414184265406153,721.83626171080573,823.24433269034932,23020.570300152278,264.62443106390702,11469.663528365829,8501.4486803025884,4056.0826052256075,0,0,0,12.8872,0.32300000000000001,0.088009267285693735
常规控制,24.434444999236366,720.02934944732715,818.76404542794273,23021.739450526631,262.94330736942828,11476.462701211842,8501.8804451015276,4056.2886023157953,0,0,0,12.8872,0.32300000000000001,0.087788961057268217
常规控制,24.454705733066579,718.23675825259875,814.3070718602346,23022.899334550188,261.27254078677504,11483.223148533376,8502.3087878564111,4056.4929667320839,0,0,0,12.8872,0.32300000000000001,0.087570400912870758
常规控制,24.474966466896792,716.45835275004777,809.87330516964607,23024.050039817444,259.61207286333064,11489.945083382703,8502.7337409157062,4056.6957139080837,0,0,0,12.8872,0.32300000000000001,0.087353570346828821
常规控制,24.495227200727005,714.69399908869912,805.46263881233165,23025.191652935773,257.96184538985909,11496.62871775651,8503.1553362633313,4056.89685910348,0,0,0,12.8872,0.32300000000000001,0.087138453039476996
常规控制,24.515487934557218,712.94356492326222,801.07496652129703,23026.324259538294,256.32180040103606,11503.274262599281,8503.5736055234211,4057.0964174063001,0,0,0,12.8872,0.32300000000000001,0.086925032854729245
常规控制,24.535748668387427,711.20691939451046,796.71018230943434,23027.447944296597,254.69188017594576,11509.881927806686,8503.9885799650183,4057.2944037351563,0,0,0,12.8872,0.32300000000000001,0.086713293837686556
常规控制,24.55600940221764,709.48393310994595,792.36818047243355,23028.562790933214,253.0720272385214,11516.451922229058,8504.4002905066791,4057.4908328414435,0,0,0,12.8872,0.32300000000000001,0.086503220212279575
常规控制,24.576270136047853,707.77447812477317,788.04885559156469,23029.668882233964,251.46218435792613,11522.984453674944,8504.8087677210333,4057.685719311512,0,0,0,12.8872,0.32300000000000001,0.086294796378948768
常规控制,24.596530869878066,706.07842792310225,783.75210253655075,23030.766300060099,249.8622945489939,11529.479728914426,8505.2140418392719,4057.8790775688103,0,0,0,12.8872,0.32300000000000001,0.086088006912352813
常规控制,24.616791603708279,704.39565739945283,779.47781646821795,23031.855125360275,248.27230107256017,11535.937953682669,8505.6161427555617,4058.0709218759926,0,0,0,12.8872,0.32300000000000001,0.085882836559113218
常规控制,24.637052337538492,702.72604284052272,775.22589284110245,23032.935438182347,246.69214743577902,11542.359332683422,8506.0151000314163,4058.2612663369969,0,0,0,12.8872,0.32300000000000001,0.085679270235591728
常规控制,24.657313071368705,701.06946190722158,770.99622740598102,23034.007317684998,245.12177739240957,11548.744069592562,8506.4109428999654,4058.4501248990973,0,0,0,12.8872,0.32300000000000001,0.085477293025699633
常规控制,24.677573805198918,699.42579361696187,766.78871621232406,23035.070842149195,243.56113494307004,11555.092367061623,8506.8037002702094,4058.6375113549152,0,0,0,12.8872,0.32300000000000001,0.085276890178738685
常规控制,24.697834539029131,697.79491832620636,762.603255610671,23036.12608898948,242.01016433546062,11561.404426721354,8507.1934007311775,4058.8234393444172,0,0,0,12.8872,0.32300000000000001,0.085078047107273222
常规控制,24.71809527285934,696.17671771326843,758.43974225493332,23037.1731347651,240.46881006455627,11567.680449185315,8507.5800725560421,4059.0079223568709,0,0,0,12.8872,0.32300000000000001,0.084880749385033011
常规控制,24.738356006689553,694.57107476135718,754.2980731046199,23038.212055190979,238.93701687276811,11573.920634053447,8507.9637437061647,4059.1909737327787,0,0,0,12.8872,0.32300000000000001,0.084684982744846177
常规控制,24.758616740519766,692.97787374187067,750.17814542699682,23039.24292514853,237.41472975007878,11580.125179915694,8508.3444418350955,4059.3726066657837,0,0,0,12.8872,0.32300000000000001,0.084490733076602154
常规控制,24.778877474349979,691.39700019792747,746.07985679917215,23040.265818696302,235.90189393414661,11586.294284355623,8508.7221942925025,4059.5528342045468,0,0,0,12.8872,0.32300000000000001,0.084297986425243818
常规控制,24.799138208180192,689.8283409281338,742.00310511011367,23041.280809080494,234.39845491038395,11592.428143954046,8509.0970281280552,4059.7316692545965,0,0,0,12.8872,0.32300000000000001,0.084106728988788293
常规控制,24.819398942010405,688.27178397058697,737.9477885625995,23042.287968745299,232.90435841200778,11598.526954292678,8509.4689700952422,4059.9091245801524,0,0,0,12.8872,0.32300000000000001,0.083916947116376581
常规控制,24.839659675840618,686.72721858710383,733.91380567510373,23043.28736934311,231.41955042006515,11604.590909957789,8509.8380466551444,4060.085212805925,0,0,0,12.8872,0.32300000000000001,0.083728627306350653
常规控制,24.859920409670831,685.19453524767778,729.90105528361744,23044.279081744575,229.94397716343255,11610.620204543869,8510.2042839801416,4060.2599464188861,0,0,0,12.8872,0.32300000000000001,0.0835417562043584
常规控制,24.880181143501041,683.67362561515631,725.90943654340811,23045.26317604852,228.47758511879158,11616.615030657296,8510.5677079575889,4060.4333377700159,0,0,0,12.8872,0.32300000000000001,0.083356320601485345
常规控制,24.900441877331254,682.1643825301345,721.93884893071493,23046.239721591712,227.02032101057921,11622.575579920031,8510.9283441934058,4060.6053990760265,0,0,0,12.8872,0.32300000000000001,0.083172307432412954
常规控制,24.920702611161467,680.6666999960662,717.9891922443918,23047.208786958501,225.57213181091754,11628.502042973294,8511.2862180156535,4060.7761424210576,0,0,0,12.8872,0.32300000000000001,0.082989703773603235
常规控制,24.94096334499168,679.18047316458239,714.06036660748521,23048.170439990317,224.13296473951897,11634.394609481265,8511.641354478028,4060.94557975835,0,0,0,12.8872,0.32300000000000001,0.082808496841508664
常规控制,24.961224078821893,677.70559832102606,710.15227246870973,23049.124747795027,222.70276726354587,11640.253468134861,8511.9937783633268,4061.1137229118972,0,0,0,12.8872,0.32300000000000001,0.082628673990808629
常规控制,24.981484812652106,676.24197287019729,706.26481060389517,23050.071776756165,221.28148709746222,11646.078806655451,8512.3435141868486,4061.2805835780678,0,0,0,12.8872,0.32300000000000001,0.082450222712671342
常规控制,25,674.91419598627681,702.73022825330497,23050.930905819747,219.99040993393248,11651.373113989912,8512.6607887612208,4061.4319568240385,0,0,0,12.8872,0.32300000000000001,0.08228833465457383
常规控制,25.001745546482319,674.78949532227966,702.39788211743337,23051.011592542029,219.86907220289297,11651.870811798537,8512.6905861997602,4061.4461733272119,0,0,0,12.8872,0.32300000000000001,0.082273130633037955
常规控制,25.022006280312532,673.34806527897945,698.55138844359806,23051.944260114655,218.46547078842519,11657.629669357515,8513.0350183924056,4061.61050360524,0,0,0,12.8872,0.32300000000000001,0.082097385510932611
常规控制,25.042267014142745,671.91758341986099,694.72523134783512,23052.869843738659,217.07063130940099,11663.355564167414,8513.3768344975779,4061.7735857351809,0,0,0,12.8872,0.32300000000000001,0.081922975236796314
常规控制,25.062527747972954,670.49795148887165,690.91931292799836,23053.788406989963,215.6845024676899,11669.04868010865,8513.7160579937263,4061.9354309187206,0,0,0,12.8872,0.32300000000000001,0.081749887830844137
常规控制,25.082788481803167,669.08907228105727,687.13353561552992,23054.70001276437,214.30703321143974,11674.709200110778,8514.052712108145,4062.0960502377111,0,0,0,12.8872,0.32300000000000001,0.081578111441445347
常规控制,25.10304921563338,667.69084962946442,683.36780217659452,23055.604723286058,212.93817273481048,11680.337306156247,8514.3868198200889,4062.2554546556703,0,0,0,12.8872,0.32300000000000001,0.081407634343526658
常规控制,25.123309949463593,666.30318839222628,679.62201571315643,23056.502600115928,211.57787047768633,11685.933179284173,8514.7184038638752,4062.4136550192493,0,0,0,12.8872,0.32300000000000001,0.081238444936997473
常规控制,25.143570683293806,664.92599443982954,675.8960796640099,23057.393704159855,210.22607612537064,11691.49699959411,8515.0474867319135,4062.5706620596861,0,0,0,12.8872,0.32300000000000001,0.081070531745197641
常规控制,25.163831417124019,663.55917464256004,672.18989780575976,23058.278095676775,208.88273960826189,11697.028946249813,8515.3740906777057,4062.7264863942378,0,0,0,12.8872,0.32300000000000001,0.080903883413366587
常规控制,25.184092150954232,662.20263685812404,668.50337425375528,23059.155834286754,207.54781110151268,11702.529197483027,8515.6982377188142,4062.8811385275881,0,0,0,12.8872,0.32300000000000001,0.080738488707134168
常规控制,25.204352884784445,660.8562899194427,664.836413462976,23060.026978978825,206.22124102467117,11707.997930597259,8516.019949639769,4063.0346288532432,0,0,0,12.8872,0.32300000000000001,0.080574336511032449
常规控制,25.224613618614658,659.52004362261687,661.18892022887303,23060.891588118811,204.90298004130585,11713.435321971565,8516.3392479949489,4063.1869676549022,0,0,0,12.8872,0.32300000000000001,0.080411415827028376
常规控制,25.244874352444867,658.19380871505996,657.56079968816675,23061.749719457002,203.59297905861467,11718.841547064332,8516.6561541114115,4063.338165107808,0,0,0,12.8872,0.32300000000000001,0.080249715773076866
常规控制,25.26513508627508,656.87749688379427,653.951957319597,23062.601430135706,202.29118922701707,11724.216780417059,8516.970689091695,4063.4882312800851,0,0,0,12.8872,0.32300000000000001,0.080089225581693832
常规控制,25.285395820105293,655.57102074391253,650.36229894463804,23063.446776696743,200.99756193973346,11729.561195658147,8517.2828738165736,4063.6371761340524,0,0,0,12.8872,0.32300000000000001,0.079929934598549371
常规控制,25.305656553935506,654.27429382719515,646.79173072816604,23064.285815088784,199.71204883234753,11734.874965506679,8517.5927289477786,4063.7850095275226,0,0,0,12.8872,0.32300000000000001,0.079771832281079966
常规控制,25.325917287765719,652.98723057088819,643.24015917908923,23065.118600674636,198.4346017823558,11740.158261776201,8517.9002749306765,4063.931741215079,0,0,0,12.8872,0.32300000000000001,0.079614908197120207
常规控制,25.346178021595932,651.70974630663227,639.7074911509369,23065.945188238391,197.16517290870215,11745.411255378513,8518.2055319969186,4064.0773808493414,0,0,0,12.8872,0.32300000000000001,0.079459152023552929
常规控制,25.366438755426145,650.44175724955471,636.19363384236374,23066.765631992479,195.9037145712789,11750.634116327497,8518.5085201670427,4064.2219379822072,0,0,0,12.8872,0.32300000000000001,0.079304553544979436
常规控制,25.386699489256358,649.18318048750666,632.69849479768186,23067.579985584645,194.65017937044317,11755.827013742894,8518.8092592530502,4064.3654220660783,0,0,0,12.8872,0.32300000000000001,0.079151102652407032
常规控制,25.406960223086568,647.93393397044133,629.22198190733639,23068.388302104828,193.40452014651291,11760.990115854056,8519.1077688609421,4064.5078424550725,0,0,0,12.8872,0.32300000000000001,0.078998789341954131
常规控制,25.427220956916781,646.69393649994686,625.76400340832447,23069.190634091898,192.16668997924108,11766.123590003761,8519.404068393218,4064.6492084062174,0,0,0,12.8872,0.32300000000000001,0.078847603713573966
常规控制,25.447481690746994,645.46310771892183,622.32446788459231,23069.987033540387,190.93664218728327,11771.227602651988,8519.6981770513448,4064.7895290806277,0,0,0,12.8872,0.32300000000000001,0.078697535969795868
常规控制,25.467742424577207,644.24136810139021,618.90328426739029,23070.777551907031,189.71433032765103,11776.302319379709,8519.9901138381956,4064.9288135446636,0,0,0,12.8872,0.32300000000000001,0.078548576414483387
常规控制,25.48800315840742,643.02863894245797,615.5003618355945,23071.562240117302,188.49970819515383,11781.34790489266,8520.2798975604364,4065.0670707710797,0,0,0,12.8872,0.32300000000000001,0.078400715451609815
常规控制,25.508263892237633,641.82484234840467,612.11561021599459,23072.341148571813,187.29272982182977,11786.364523025128,8520.5675468309091,4065.2043096401526,0,0,0,12.8872,0.32300000000000001,0.078253943584050065
常规控制,25.528524626067846,640.62990122691167,608.74893938354444,23073.114327152623,186.0933494763641,11791.352336743728,8520.8530800709523,4065.3405389407935,0,0,0,12.8872,0.32300000000000001,0.078108251412389293
常规控制,25.548785359898059,639.44373927742424,605.40025966158271,23073.881825229491,184.90152166349714,11796.311508151179,8521.1365155127151,4065.4757673716504,0,0,0,12.8872,0.32300000000000001,0.077963629633747783
常规控制,25.569046093728272,638.26628098164304,602.06948172201794,23074.643691666017,183.71720112342146,11801.242198490072,8521.4178712014291,4065.6100035421891,0,0,0,12.8872,0.32300000000000001,0.077820069040621623
常规控制,25.589306827558481,637.09745159414706,598.75651658548452,23075.39997482573,182.54034283116866,11806.144568146643,8521.6971649976404,4065.7432559737636,0,0,0,12.8872,0.32300000000000001,0.07767756051973948
常规控制,25.609567561388694,635.93717713314277,595.46127562146307,23076.150722578044,181.37090199598518,11811.018776654539,8521.9744145794248,4065.875533100671,0,0,0,12.8872,0.32300000000000001,0.077536095050934575
常规控制,25.629828295218907,634.78538437134011,592.18367054837654,23076.895982304181,180.20883406070061,11815.864982698575,8522.2496374445691,4066.0068432711901,0,0,0,12.8872,0.32300000000000001,0.077395663706032389
常规控制,25.65008902904912,633.64200082695072,588.92361343365189,23077.635800902997,179.05409470108415,11820.683344118488,8522.5228509127228,4066.1371947486105,0,0,0,12.8872,0.32300000000000001,0.077256257647752999
常规控制,25.670349762879333,632.50695475480848,585.68101669375449,23078.370224796716,177.90663982519342,11825.4740179127,8522.7940721275154,4066.2665957122413,0,0,0,12.8872,0.32300000000000001,0.077117868128628572
常规控制,25.690610496709546,631.38017513760985,582.45579309419441,23079.099299936603,176.76642557271418,11830.237160242052,8523.0633180586556,4066.395054258413,0,0,0,12.8872,0.32300000000000001,0.076980486489935232
常规控制,25.710871230539759,630.26159167727155,579.24785574950545,23079.823071808562,175.63340831429167,11834.972926433546,8523.3306055039884,4066.5225784014601,0,0,0,12.8872,0.32300000000000001,0.076844104160639456
常规控制,25.731131964369972,629.15113478640444,576.05711812319771,23080.541585438634,174.50754465085382,11839.681470984084,8523.5959510915454,4066.6491760746967,0,0,0,12.8872,0.32300000000000001,0.076708712656358508
常规控制,25.751392698200185,628.04873557990186,572.88349402767847,23081.25488539847,173.38879141292514,11844.362947564197,8523.8593712815382,4066.7748551313698,0,0,0,12.8872,0.32300000000000001,0.076574303578334807
常规控制,25.771653432030394,626.9543258666472,569.7268976241204,23081.96301581067,172.27710565992183,11849.017509021813,8524.1208823683537,4066.8996233456101,0,0,0,12.8872,0.32300000000000001,0.076440868612424939
常规控制,25.791914165860607,625.8678381413248,566.58724342235928,23082.666020354092,171.17244467946048,11853.645307385937,8524.3805004825008,4067.0234884133642,0,0,0,12.8872,0.32300000000000001,0.076308399528101159
常规控制,25.81217489969082,624.7892055763424,563.46444628073459,23083.363942269076,170.07476598664815,11858.246493870372,8524.6382415925491,4067.1464579533131,0,0,0,12.8872,0.32300000000000001,0.076176888177466609
常规控制,25.832435633521033,623.71836201386304,560.35842140590637,23084.056824362604,168.98402732336422,11862.821218877432,8524.8941215070263,4067.2685395077838,0,0,0,12.8872,0.32300000000000001,0.076046326494283709
常规控制,25.852696367351246,622.65524195794308,557.26908435264988,23084.744709013386,167.90018665753706,11867.369632001653,8525.1481558763044,4067.3897405436433,0,0,0,12.8872,0.32300000000000001,0.075916706493015726
常规控制,25.872957101181459,621.59978056677573,554.19635102362918,23085.42763817688,166.82320218241424,11871.891882033475,8525.4003601944423,4067.5100684531831,0,0,0,12.8872,0.32300000000000001,0.07578802026788091
常规控制,25.893217835011672,620.55191364503582,551.14013766914422,23086.105653390227,165.75303231582552,11876.388116962939,8525.6507498010233,4067.6295305549934,0,0,0,12.8872,0.32300000000000001,0.075660259991919346
常规控制,25.913478568841885,619.51157763632841,548.10036088685695,23086.778795777169,164.68963569944015,11880.858483983378,8525.8993398829589,4067.7481340948243,0,0,0,12.8872,0.32300000000000001,0.075533417916072043
常规控制,25.933739302672095,618.47870961573619,545.07693762149461,23087.447106052845,163.6329711980176,11885.303129495078,8526.1461454762666,4067.8658862464313,0,0,0,12.8872,0.32300000000000001,0.075407486368272394
常规控制,25.954000036502308,617.45324728246544,542.06978516452921,23088.11062452857,162.58299789865197,11889.722199108957,8526.3911814678268,4067.9827941124199,0,0,0,12.8872,0.32300000000000001,0.075282457752549589
常规控制,25.974260770332521,616.43512895259221,539.07882115384007,23088.769391116504,161.53967511001224,11894.115837650226,8526.6344625971196,4068.0988647250665,0,0,0,12.8872,0.32300000000000001,0.075158324548144043
常规控制,25.994521504162734,615.42429355190063,536.10396357335151,23089.423445334305,160.50296236157536,11898.484189162042,8526.8760034579354,4068.21410504714,0,0,0,12.8872,0.32300000000000001,0.075035079308634373
常规控制,26,615.15220701381054,535.30231883251679,23089.599497090825,160.22376566056104,11899.66106538546,8526.9410190050603,4068.2451242815864,0,0,0,12.8872,0.32300000000000001,0.075001905390772658
常规控制,26.014782237992947,614.42068060881877,533.1451307526512,23090.072826309697,159.47281940285478,11902.827396909152,8527.1158185000604,4068.3285219727031,0,0,0,12.8872,0.32300000000000001,0.074912714661076046
常规控制,26.03504297182316,613.42423024744664,530.20224136659021,23090.717572784979,158.44920620262394,11907.145603381534,8527.3539220309449,4068.4421223279105,0,0,0,12.8872,0.32300000000000001,0.074791223305151242
常规控制,26.055303705653373,612.43488318067546,527.27521443486205,23091.357723121473,157.43208294813513,11911.438950298028,8527.5903282173422,4068.5549128717903,0,0,0,12.8872,0.32300000000000001,0.074670598012330114
常规控制,26.075564439483585,611.45258070339889,524.36396932156424,23091.99331530392,156.42141004433321,11915.707578609958,8527.825051086942,4068.6669002970207,0,0,0,12.8872,0.32300000000000001,0.074550831625042877
常规控制,26.095825173313798,610.47726468581084,521.46842573474134,23092.624386944815,155.41714811306534,11919.951628504739,8528.0581045299605,4068.7780912306912,0,0,0,12.8872,0.32300000000000001,0.074431917055862759
常规控制,26.116085907144008,609.50887756679367,518.58850372591053,23093.250975288702,154.4192579922867,11924.171239409481,8528.2895023007259,4068.8884922350589,0,0,0,12.8872,0.32300000000000001,0.074313847286699847
常规控制,26.136346640974221,608.54736234738914,515.72412368956805,23093.873117216361,153.42770073526125,11928.366549994595,8528.5192580192379,4068.9981098082926,0,0,0,12.8872,0.32300000000000001,0.074196615368005064
常规控制,26.156607374804434,607.59266258435923,512.87520636267618,23094.49084924901,152.44243760975834,11932.53769817737,8528.7473851727045,4069.1069503852054,0,0,0,12.8872,0.32300000000000001,0.074080214417984971
常规控制,26.176868108634647,606.64472238383223,510.04167282411885,23095.104207552406,151.46343009724117,11936.684821125576,8528.9738971170646,4069.2150203379788,0,0,0,12.8872,0.32300000000000001,0.073964637621827201
常规控制,26.19712884246486,605.70348639502504,507.22344449417818,23095.713227940894,150.49063989206198,11940.808055261015,8529.1988070784791,4069.3223259768824,0,0,0,12.8872,0.32300000000000001,0.073849878230934987
常规控制,26.217389576295073,604.76889980405167,504.4204431339657,23096.31794588143,149.52402890064639,11944.907536263081,8529.4221281548253,4069.4288735509735,0,0,0,12.8872,0.32300000000000001,0.073735929562172273
常规控制,26.237650310125286,603.84090832781101,501.63259084484537,23096.918396497531,148.56355924067532,11948.983399072315,8529.6438733171435,4069.5346692487997,0,0,0,12.8872,0.32300000000000001,0.073622784997118496
常规控制,26.257911043955499,602.91945820795547,498.85981006784124,23097.514614573163,147.60919324026463,11953.035777893947,8529.8640554110789,4069.6397191990823,0,0,0,12.8872,0.32300000000000001,0.073510437981333235
常规控制,26.278171777785712,602.00449620493623,496.10202358303013,23098.106634556632,146.66089343714131,11957.064806201437,8530.0826871583176,4069.7440294713979,0,0,0,12.8872,0.32300000000000001,0.073398882023630138
常规控制,26.298432511615921,601.09596959212593,493.35915450892008,23098.694490564332,145.7186225778172,11961.07061673998,8530.2997811579753,4069.847606076848,0,0,0,12.8872,0.32300000000000001,0.07328811069536037
常规控制,26.318693245446134,600.19382615001666,490.63112630181132,23099.278216384548,144.78234361675879,11965.053341530038,8530.5153498879954,4069.950454968719,0,0,0,12.8872,0.32300000000000001,0.073178117629705206
常规控制,26.338953979276347,599.2980141604944,487.91786275514852,23099.85784548114,143.85201971555665,11969.013111870836,8530.7294057065119,4070.0525820431358,0,0,0,12.8872,0.32300000000000001,0.07306889652097795
常规控制,26.35921471310656,598.40848240118601,485.21928799885427,23100.433410997193,142.9276142420901,11972.950058343849,8530.9419608531935,4070.1539931397074,0,0,0,12.8872,0.32300000000000001,0.072960441123934669
常规控制,26.379475446936773,597.5251801398789,482.53532649865127,23101.004945758646,142.00909076969091,11976.864310816307,8531.1530274505949,4070.2546940421603,0,0,0,12.8872,0.32300000000000001,0.072852745253093834
常规控制,26.399736180766986,596.64805712901364,479.86590305537158,23101.572482277839,141.09641307630426,11980.755998444645,8531.362617505456,4070.3546904789696,0,0,0,12.8872,0.32300000000000001,0.072745802782064856
常规控制,26.419996914597199,595.77706360024581,477.21094280425291,23102.13605275705,140.18954514364785,11984.625249677978,8531.5707429100075,4070.4539881239775,0,0,0,12.8872,0.32300000000000001,0.072639607642885018
常规控制,26.440257648427412,594.91215025907877,474.57037121422269,23102.695689091943,139.28845115636909,11988.472192261561,8531.7774154432554,4070.5525925970041,0,0,0,12.8872,0.32300000000000001,0.072534153825365058
常规控制,26.460518382257625,594.05326827956469,471.94411408716991,23103.251422875022,138.39309550120052,11992.296953240218,8531.9826467722432,4070.6505094644526,0,0,0,12.8872,0.32300000000000001,0.072429435376443183
常规控制,26.480779116087835,593.20036929907303,469.33209755720668,23103.803285398997,137.50344276611349,11996.099658961784,8532.1864484533035,4070.7477442399072,0,0,0,12.8872,0.32300000000000001,0.072325446399547133
常规控制,26.501039849918048,592.35340541312542,466.73424808991524,23104.351307660141,136.61945773947005,11999.880435080524,8532.3888319332964,4070.844302384719,0,0,0,12.8872,0.32300000000000001,0.072222181053964427
常规控制,26.52130058374826,591.51232917029665,464.15049248158988,23104.895520361573,135.74110540917454,12003.63940656054,8532.5898085508215,4070.9401893085897,0,0,0,12.8872,0.32300000000000001,0.072119633554220741
常规控制,26.541561317578473,590.67709356718012,461.58075785846268,23105.435953916534,134.86835096182273,12007.376697679174,8532.7893895374236,4071.0354103701438,0,0,0,12.8872,0.32300000000000001,0.072017798169466046
常规控制,26.561822051408686,589.84765204341818,459.02497167591309,23105.972638451589,134.0011597818494,12011.092432030404,8532.9875860187767,4071.1299708774968,0,0,0,12.8872,0.32300000000000001,0.071916669222868657
常规控制,26.582082785238899,589.0239584767977,456.48306171767234,23106.505603809805,133.13949745067495,12014.786732528228,8533.1844090158684,4071.2238760888122,0,0,0,12.8872,0.32300000000000001,0.071816241091017266
常规控制,26.602343519069112,588.20596717840169,453.95495609502757,23107.034879553881,132.283329745853,12018.45972141001,8533.379869446142,4071.317131212857,0,0,0,12.8872,0.32300000000000001,0.071716508203329851
常规控制,26.622604252899325,587.39363288782749,451.44058324600326,23107.560494969261,131.43262264021507,12022.111520239869,8533.5739781246484,4071.4097414095445,0,0,0,12.8872,0.32300000000000001,0.071617465041470624
常规控制,26.642864986729535,586.58691076846264,448.93987193453847,23108.082479067169,130.58734230101518,12025.742249911988,8533.7667457651751,4071.5017117904749,0,0,0,12.8872,0.32300000000000001,0.071519106138774075
常规控制,26.663125720559748,585.78575640282236,446.45275124965173,23108.600860587641,129.74745508907296,12029.352030653987,8533.9581829813524,4071.5930474194638,0,0,0,12.8872,0.32300000000000001,0.071421426079676414
常规控制,26.683386454389961,584.99012578794452,443.97915060460184,23109.115668002498,128.91292755791781,12032.940982030215,8534.1483002877685,4071.6837533130715,0,0,0,12.8872,0.32300000000000001,0.07132441949915426
常规控制,26.703647188220174,584.19997533084222,441.5189997360352,23109.626929518283,128.08372645293107,12036.509222945086,8534.3371081010409,4071.7738344411173,0,0,0,12.8872,0.32300000000000001,0.071228081082170033
常规控制,26.723907922050387,583.41526184401448,439.072228703127,23110.134673079174,127.25981871048867,12040.056871646369,8534.5246167408968,4071.8632957271939,0,0,0,12.8872,0.32300000000000001,0.071132405563124723
常规控制,26.7441686558806,582.6359425410127,436.63876788671314,23110.638926369862,126.44117145710332,12043.584045728481,8534.7108364312335,4071.952142049171,0,0,0,12.8872,0.32300000000000001,0.071037387725317258
常规控制,26.764429389710813,581.86197503206165,434.21854798841457,23111.139716818365,125.62775200856632,12047.090862135768,8534.8957773011607,4072.0403782396966,0,0,0,12.8872,0.32300000000000001,0.070943022400410644
常规控制,26.784690123541026,581.09331731973771,431.8115000297534,23111.637071598823,124.81952786908958,12050.577437165772,8535.0794493860321,4072.128009086689,0,0,0,12.8872,0.32300000000000001,0.070849304467905022
常规控制,26.804950857371239,580.32992779469862,429.41755535126208,23112.131017634285,124.01646673044736,12054.04388647248,8535.2618626284748,4072.215039333822,0,0,0,12.8872,0.32300000000000001,0.070756228854616993
常规控制,26.825211591201448,579.57176523146825,427.03664561158456,23112.621581599418,123.21853647111827,12057.490325069586,8535.4430268793876,4072.3014736810078,0,0,0,12.8872,0.32300000000000001,0.070663790534165757
常规控制,26.845472325031661,578.81878878427221,424.66870278656955,23113.108789923204,122.4257051554268,12060.916867333701,8535.6229518989348,4072.3873167848687,0,0,0,12.8872,0.32300000000000001,0.070571984526465265
常规控制,26.865733058861874,578.07095798292744,422.31365916836035,23113.5926687916,121.63794103268629,12064.323627007599,8535.8016473575408,4072.4725732592115,0,0,0,12.8872,0.32300000000000001,0.070480805897223178
常规控制,26.885993792692087,577.32823272878056,419.97144736447405,23114.073244150171,120.85521253634093,12067.710717203407,8535.9791228368467,4072.5572476754824,0,0,0,12.8872,0.32300000000000001,0.070390249757445553
常规控制,26.9062545265223,576.59057329069765,417.64200029687657,23114.550541706674,120.07748828310888,12071.078250405813,8536.155387830675,4072.641344563232,0,0,0,12.8872,0.32300000000000001,0.070300311262947945
常规控制,26.926515260352513,575.85794030110333,415.32525120105174,23115.02458693364,119.30473707212548,12074.426338475252,8536.3304517459746,4072.7248684105612,0,0,0,12.8872,0.32300000000000001,0.07021098561387247
常规控制,26.946775994182726,575.1302947520677,413.02113362506293,23115.495405070884,118.53692788408736,12077.755092651072,8536.5043239037586,4072.8078236645711,0,0,0,12.8872,0.32300000000000001,0.070122268054210762
常规控制,26.967036728012939,574.40759799144587,410.72958142860324,23115.963021128013,117.77402988039793,12081.064623554717,8536.6770135400238,4072.8902147317995,0,0,0,12.8872,0.32300000000000001,0.07003415387133316
常规控制,26.987297461843152,573.68981171906091,408.45052878204962,23116.427459886894,117.01601240231189,12084.355041192855,8536.8485298066644,4072.9720459786599,0,0,0,12.8872,0.32300000000000001,0.069946638395523425
常规控制,27,573.24228054231094,407.02801437773257,23116.717031911729,116.5432461927001,12086.408280958703,8536.9554681525115,4073.0230667847291,0,0,0,12.8872,0.32300000000000001,0.06989207354052443
常规控制,27.007558195673361,572.97689798293413,406.18391016550913,23116.888745904111,116.26284497008146,12087.626454960542,8537.0188817723683,4073.0533217318689,0,0,0,12.8872,0.32300000000000001,0.06985971699951915
常规控制,27.027818929503574,572.26881917556295,403.92966036785532,23117.346903513331,115.51449728210301,12090.878973644323,8537.1880784235163,4073.1340462788712,0,0,0,12.8872,0.32300000000000001,0.069773385098057764
常规控制,27.048079663333787,571.56553803024394,401.68771448576501,23117.801956827727,114.77093921406532,12094.112705425372,8537.3561286650493,4073.2142238682586,0,0,0,12.8872,0.32300000000000001,0.069687638147428455
常规控制,27.068340397164,570.86701761744223,399.45800792274565,23118.25392974231,114.03214081809783,12097.327757882576,8537.523041321343,4073.2938587101835,0,0,0,12.8872,0.32300000000000001,0.069602471645029307
常规控制,27.088601130994213,570.17322134120229,397.24047638816,23118.702845936245,113.2980723219204,12100.524237995649,8537.6888251370656,4073.3729549767686,0,0,0,12.8872,0.32300000000000001,0.069517881128929843
常规控制,27.108861864824426,569.48411293560559,395.03505589624655,23119.148728875145,112.56870412799429,12103.702252148185,8537.8534887780206,4073.4515168025123,0,0,0,12.8872,0.32300000000000001,0.069433862177439049
常规控制,27.129122598654639,568.79965646127027,392.84168276513384,23119.591601813339,111.84400681267404,12106.861906130755,8538.0170408319846,4073.5295482846841,0,0,0,12.8872,0.32300000000000001,0.069350410408678592
常规控制,27.149383332484852,568.1198163018928,390.66029361585208,23120.031487796132,111.1239511253608,12110.003305143937,8538.1794898095341,4073.6070534837218,0,0,0,12.8872,0.32300000000000001,0.069267521480161229
常规控制,27.169644066315062,567.44455716083348,388.49082537134024,23120.468409661968,110.40850798765696,12113.126553801379,8538.3408441448628,4073.6840364236205,0,0,0,12.8872,0.32300000000000001,0.069185191088374384
常规控制,27.189904800145275,566.77384405774069,386.33321525544704,23120.902390044641,109.69764849252134,12116.231756132827,8538.5011121965854,4073.7605010923153,0,0,0,12.8872,0.32300000000000001,0.069103414968368693
常规控制,27.210165533975488,566.10764232521967,384.18740079193259,23121.333451375456,108.99134390342716,12119.319015587138,8538.6603022485378,4073.8364514420646,0,0,0,12.8872,0.32300000000000001,0.069022188893351807
常规控制,27.230426267805701,565.44591760553885,382.05331980346239,23121.761615885363,108.28956565352003,12122.388435035291,8538.818422510556,4073.9118913898224,0,0,0,12.8872,0.32300000000000001,0.06894150867428675
常规控制,27.250687001635914,564.78863584737735,379.93091041059921,23122.186905607032,107.59228534477805,12125.440116773392,8538.9754811192652,4073.9868248176108,0,0,0,12.8872,0.32300000000000001,0.06886137015949538
常规控制,27.270947735466127,564.13576330261105,377.82011103079225,23122.609342376953,106.89947474717323,12128.474162525647,8539.1314861388328,4074.0612555728853,0,0,0,12.8872,0.32300000000000001,0.068781769234266654
常规控制,27.29120846929634,563.48726652313815,375.72086037736238,23123.028947837502,106.21110579783443,12131.490673447341,8539.2864455617455,4074.135187468898,0,0,0,12.8872,0.32300000000000001,0.068702701820469406
常规控制,27.311469203126553,562.84311235774192,373.63309745848511,23123.445743438944,105.527150600212,12134.489750127792,8539.4403673095421,4074.2086242850542,0,0,0,12.8872,0.32300000000000001,0.068624163876169986
常规控制,27.331729936956766,562.20326794899165,371.55676157616989,23123.859750441465,104.84758142324371,12137.471492593309,8539.5932592335594,4074.2815697672672,0,0,0,12.8872,0.32300000000000001,0.068546151395254315
常规控制,27.351990670786975,561.56770073018129,369.49179232523761,23124.270989917124,104.17237070052343,12140.43600031011,8539.7451291156722,4074.3540276283047,0,0,0,12.8872,0.32300000000000001,0.068468660407054668
常规控制,27.372251404617188,560.93637842230544,367.43812959228927,23124.679482751839,103.5014910294726,12143.383372187271,8539.8959846690013,4074.4260015481359,0,0,0,12.8872,0.32300000000000001,0.068391686975981011
常规控制,27.392512138447401,560.30926903107002,365.39571355468365,23125.085249647298,102.83491517051006,12146.313706579613,8540.0458335386411,4074.4974951742711,0,0,0,12.8872,0.32300000000000001,0.068315227201156445
常规控制,27.412772872277614,559.68634084393898,363.36448467950407,23125.488311122888,102.17261604622593,12149.227101290619,8540.1946833023558,4074.5685121220986,0,0,0,12.8872,0.32300000000000001,0.068239277216057229
常规控制,27.433033606107827,559.06756242721667,361.34438372252527,23125.888687517567,101.51456674055706,12152.123653575309,8540.3425414712783,4074.639055975219,0,0,0,12.8872,0.32300000000000001,0.068163833188156983
常规控制,27.45329433993804,558.45290262316519,359.33535172717848,23126.286398991739,100.86074049796426,12155.003460143129,8540.4894154906069,4074.7091302857707,0,0,0,12.8872,0.32300000000000001,0.068088891318575193
常规控制,27.473555073768253,557.84233054715583,357.33733002351369,23126.681465529091,100.21111072261159,12157.866617160802,8540.6353127402781,4074.7787385747561,0,0,0,12.8872,0.32300000000000001,0.068014447841729983
常规控制,27.493815807598466,557.23581558485409,355.35026022716096,23127.073906938429,99.565650977547506,12160.713220255187,8540.780240535636,4074.8478843323642,0,0,0,12.8872,0.32300000000000001,0.06794049902499491
常规控制,27.514076541428679,556.63332738943882,353.37408423828919,23127.463742855452,98.924334983888301,12163.54336451611,8540.9242061281075,4074.9165710182847,0,0,0,12.8872,0.32300000000000001,0.067867041168359801
常规控制,27.534337275258888,556.0348358788533,351.40874424056415,23127.850992744548,98.287136620003722,12166.357144499205,8541.0672167058528,4074.9848020620248,0,0,0,12.8872,0.32300000000000001,0.067794070604095688
常规控制,27.554598009089101,555.4403112330898,349.45418270010276,23128.235675900567,97.654029920704019,12169.154654228714,8541.2092793944139,4075.0525808632133,0,0,0,12.8872,0.32300000000000001,0.067721583696423684
常规控制,27.574858742919314,554.84972389150573,347.5103423644299,23128.617811450509,97.024989076430487,12171.935987200302,8541.3504012573558,4075.1199107919138,0,0,0,12.8872,0.32300000000000001,0.067649576841187803
常规控制,27.595119476749527,554.26304455017225,345.57716626142997,23128.997418355288,96.399988432446818,12174.701236383842,8541.4905892969036,4075.1867951889217,0,0,0,12.8872,0.32300000000000001,0.06757804646553163
常规控制,27.61538021057974,553.68024415925242,343.65459769829914,23129.3745154114,95.779002488033242,12177.450494226192,8541.6298504545648,4075.2532373660633,0,0,0,12.8872,0.32300000000000001,0.067506989027578734
常规控制,27.635640944409953,553.10129392041267,341.7425802604966,23129.749121252622,95.162005895682981,12180.183852653963,8541.7681916117544,4075.319240606495,0,0,0,12.8872,0.32300000000000001,0.067436401016116962
常规控制,27.655901678240166,552.52616528426245,339.84105781069383,23130.121254351634,94.548973460300559,12182.901403076285,8541.9056195903959,4075.3848081649899,0,0,0,12.8872,0.32300000000000001,0.067366278950286351
常规控制,27.676162412070379,551.95482994782515,337.94997448772432,23130.490933021694,93.939880138402643,12185.603236387533,8542.0421411535335,4075.4499432682296,0,0,0,12.8872,0.32300000000000001,0.067296619379270783
常规控制,27.696423145900589,551.3872598520386,336.06927470553154,23130.858175418223,93.334701037321125,12188.289442970061,8542.1777630059314,4075.5146491150895,0,0,0,12.8872,0.32300000000000001,0.067227418881993101
常规控制,27.716683879730802,550.82342717928361,334.19890315211541,23131.222999540427,92.733411414407911,12190.960112696943,8542.3124917946534,4075.5789288769174,0,0,0,12.8872,0.32300000000000001,0.067158674066813973
常规控制,27.736944613561015,550.26330435094246,332.3388047884817,23131.585423232864,92.135986676243164,12193.615334934644,8542.4463341096616,4075.6427856978148,0,0,0,12.8872,0.32300000000000001,0.067090381571234065
常规控制,27.757205347391228,549.70686402498632,330.4889248475863,23131.945464187011,91.542402377846301,12196.25519854575,8542.5792964843786,4075.7062226949106,0,0,0,12.8872,0.32300000000000001,0.067022538061599982
常规控制,27.777466081221441,549.15407909359101,328.64920883328091,23132.303139942789,90.952634221890861,12198.879791891623,8542.7113853962674,4075.7692429586327,0,0,0,12.8872,0.32300000000000001,0.066955140232813487
常规控制,27.797726815051654,548.60492268077871,326.81960251926012,23132.658467890138,90.366658057916339,12201.489202835082,8542.8426072673865,4075.8318495529779,0,0,0,12.8872,0.32300000000000001,0.06688818480804401
常规控制,27.817987548881867,548.05936814008771,325.00005194800599,23133.011465270461,89.784449881547317,12204.083518743075,8542.9729684649574,4075.8940455157776,0,0,0,12.8872,0.32300000000000001,0.066821668538444595
常规控制,27.83824828271208,547.51738905227035,323.19050342973389,23133.362149178152,89.205985833713584,12206.662826489308,8543.1024753019028,4075.9558338589582,0,0,0,12.8872,0.32300000000000001,0.066755588202871086
常规控制,27.858509016542293,546.97895922301643,321.39090354133714,23133.710536562066,88.631242199872673,12209.227212456886,8543.2311340373981,4076.0172175688031,0,0,0,12.8872,0.32300000000000001,0.066689940607604692
常规控制,27.878769750372502,546.44405268070398,319.6011991253327,23134.056644226963,88.060195409235305,12211.776762540943,8543.3589508774076,4076.0781996062078,0,0,0,12.8872,0.32300000000000001,0.06662472258607767
常规控制,27.899030484202715,545.91264367417421,317.82133728880541,23134.400488834959,87.492822033992809,12214.311562151248,8543.4859319752159,4076.1387829069345,0,0,0,12.8872,0.32300000000000001,0.066559930998602052
常规控制,27.919291218032928,545.38470667053446,316.05126540235523,23134.742086906936,86.929098788548202,12216.831696214802,8543.6120834319499,4076.1989703818613,0,0,0,12.8872,0.32300000000000001,0.066495562732101818
常规控制,27.939551951863141,544.86021635298505,314.2909310990417,23135.081454823965,86.369002528749022,12219.337249178438,8543.7374112971047,4076.2587649172301,0,0,0,12.8872,0.32300000000000001,0.066431614699847832
常规控制,27.959812685693354,544.33914761867095,312.54028227333066,23135.41860882867,85.812510251123143,12221.828305011381,8543.8619215690469,4076.3181693748929,0,0,0,12.8872,0.32300000000000001,0.066368083841196079
常规控制,27.980073419523567,543.8214755765589,310.79926708004035,23135.753565026629,85.259599092117185,12224.304947207827,8543.9856201955372,4076.3771865925532,0,0,0,12.8872,0.32300000000000001,0.066304967121328634
常规控制,28,543.3156305032719,309.0963124300909,23136.080868664307,84.719277876172185,12226.726764509332,8544.1064927474472,4076.4348554762555,0,0,0,12.8872,0.32300000000000001,0.066243292394494391
常规控制,28.00033415335378,543.30717554533874,309.0678339332888,23136.086339387723,84.710246327337629,12226.767258789485,8544.1085130742122,4076.4358193840044,0,0,0,12.8872,0.32300000000000001,0.066242261530997909
常规控制,28.020594887183993,542.79622305134831,307.34593150544111,23136.416947747464,84.164429370794508,12229.215322308124,8544.2306060531009,4076.4940705393669,0,0,0,12.8872,0.32300000000000001,0.066179964086273649
常规控制,28.040855621014206,542.28859382652251,305.63350872605776,23136.745405808346,83.622125774147747,12231.649219848105,8544.3519049310944,4076.5519428253224,0,0,0,12.8872,0.32300000000000001,0.06611807182829281
常规控制,28.061116354844415,541.78426380636574,303.93051478084362,23137.071729141124,83.083313225956289,12234.069033028885,8544.4724154584455,4076.6094389853442,0,0,0,12.8872,0.32300000000000001,0.066056581823012425
常规控制,28.081377088674628,541.28320912794698,302.23689911059631,23137.395933186159,82.547969550929338,12236.474843007541,8544.5921433372478,4076.6665617399271,0,0,0,12.8872,0.32300000000000001,0.065995491160965064
常规控制,28.101637822504841,540.7854061279188,300.5526114101587,23137.718033254656,82.016072709181273,12238.866730481259,8544.7110942218933,4076.7233137868111,0,0,0,12.8872,0.32300000000000001,0.0659347969570174
常规控制,28.121898556335054,540.29083134055668,298.87760162736868,23138.038044529956,81.487600795488234,12241.244775689804,8544.8292737195588,4076.7796978012075,0,0,0,12.8872,0.32300000000000001,0.065874496350131068
常规控制,28.142159290165267,539.79946149582304,297.21181996201216,23138.355982068777,80.962532038547877,12243.609058418015,8544.9466873906622,4076.8357164360177,0,0,0,12.8872,0.32300000000000001,0.065814586503126715
常规控制,28.16242002399548,539.31127351745249,295.55521686477624,23138.67186080246,80.440844800244804,12245.959657998241,8545.0633407493151,4076.8913723220512,0,0,0,12.8872,0.32300000000000001,0.065755064602450453
常规控制,28.182680757825693,538.82624452105881,293.90774303620356,23138.985695538195,79.92251757491583,12248.2966533128,8545.1792392637817,4076.946668068244,0,0,0,12.8872,0.32300000000000001,0.065695927857943121
常规控制,28.202941491655906,538.34435181226229,292.26934942564787,23139.297500960231,79.407528988616477,12250.620122796421,8545.2943883569224,4077.0016062618693,0,0,0,12.8872,0.32300000000000001,0.065637173502611917
常规控制,28.223202225486116,537.86557288483914,290.63998723023138,23139.607291631055,78.895857798393322,12252.930144438656,8545.4087934066374,4077.0561894687503,0,0,0,12.8872,0.32300000000000001,0.065578798792404816
常规控制,28.243462959316329,537.38988541889125,289.01960789380104,23139.915081992618,78.387482891557752,12255.226795786308,8545.5224597463057,4077.1104202334668,0,0,0,12.8872,0.32300000000000001,0.065520801005987395
常规控制,28.263723693146542,536.91726727903813,287.40816310588963,23140.220886367464,77.882383284963183,12257.510153945821,8545.6353926652173,4077.1643010795642,0,0,0,12.8872,0.32300000000000001,0.065463177444522319
常规控制,28.283984426976755,536.44769651262618,285.80560480067561,23140.524718959907,77.380538124284456,12259.780295585681,8545.7475974089921,4077.217834509755,0,0,0,12.8872,0.32300000000000001,0.06540592543145117
常规控制,28.304245160806968,535.9811513479616,284.21188515594503,23140.826593857182,76.881926683300605,12262.037296938786,8545.8590791800143,4077.271023006122,0,0,0,12.8872,0.32300000000000001,0.065349042312278838
常规控制,28.324505894637181,535.51761019255957,282.62695659205531,23141.126525030555,76.386528363180389,12264.281233804826,8545.9698431378492,4077.3238690303178,0,0,0,12.8872,0.32300000000000001,0.065292525454360109
常规控制,28.344766628467394,535.05705163141647,281.05077177090044,23141.424526336457,75.894322691770725,12266.512181552629,8546.0798943996451,4077.3763750237604,0,0,0,12.8872,0.32300000000000001,0.065236372246689031
常规控制,28.365027362297607,534.59945442529818,279.48328359487732,23141.720611517601,75.405289322887995,12268.730215122514,8546.1892380405552,4077.4285434078283,0,0,0,12.8872,0.32300000000000001,0.065180580099690202
常规控制,28.38528809612782,534.14479750905014,277.9244452058544,23142.014794204042,74.919408035612292,12270.93540902862,8546.2978790941361,4077.4803765840561,0,0,0,12.8872,0.32300000000000001,0.065125146445012716
常规控制,28.405548829958029,533.69305998992445,276.3742099841416,23142.307087914294,74.436658733584508,12273.127837361233,8546.4058225527424,4077.5318769343216,0,0,0,12.8872,0.32300000000000001,0.065070068735326198
常规控制,28.425809563788242,533.24422114592676,274.83253154746092,23142.597506056383,73.957021444305965,12275.307573789098,8546.5130733679325,4077.583046821037,0,0,0,12.8872,0.32300000000000001,0.065015344444119258
常规控制,28.446070297618455,532.79826042418074,273.2993637499215,23142.886061928915,73.48047631844166,12277.474691561716,8546.6196364508505,4077.6338885873338,0,0,0,12.8872,0.32300000000000001,0.064960971065500056
常规控制,28.466331031448668,532.35515743931103,271.77466068099358,23143.172768722106,73.00700362912562,12279.629263511641,8546.7255166726191,4077.6844045572461,0,0,0,12.8872,0.32300000000000001,0.064906946113999206
常规控制,28.486591765278881,531.91489197184433,270.25837666448575,23143.457639518831,72.536583771269306,12281.771362056748,8546.8307188647123,4077.734597035897,0,0,0,12.8872,0.32300000000000001,0.064853267124374739
常规控制,28.506852499109094,531.47744396662711,268.75046625752378,23143.740687295634,72.069197260872997,12283.901059202521,8546.9352478193487,4077.7844683096741,0,0,0,12.8872,0.32300000000000001,0.064799931651419271
常规控制,28.527113232939307,531.04279353126219,267.25088424953128,23144.021924923763,71.604824734339815,12286.018426544282,8547.0391082898459,4077.8340206464113,0,0,0,12.8872,0.32300000000000001,0.064746937269769322
常规控制,28.54737396676952,530.61092093456102,265.75958566121255,23144.301365170151,71.14344694779291,12288.123535269462,8547.14230499101,4077.8832562955627,0,0,0,12.8872,0.32300000000000001,0.064694281573716636
常规控制,28.567634700599733,530.18180660501594,264.27652574353863,23144.579020698406,70.685044776399494,12290.216456159818,8547.2448425994826,4077.9321774883792,0,0,0,12.8872,0.32300000000000001,0.064641962177021964
常规控制,28.587895434429942,529.75543112928597,262.80165997673322,23144.854904069802,70.229599213691245,12292.297259593666,8547.3467257541179,4077.9807864380796,0,0,0,12.8872,0.32300000000000001,0.064589976712730326
常规控制,28.608156168260155,529.33177525070073,261.3349440692607,23145.129027744231,69.777091370890076,12294.366015548092,8547.4479590563278,4078.0290853400202,0,0,0,12.8872,0.32300000000000001,0.064538322832988687
常规控制,28.628416902090368,528.91081986778033,259.87633395681917,23145.401404081189,69.327502476238308,12296.42279360115,8547.5485470704461,4078.077076371867,0,0,0,12.8872,0.32300000000000001,0.064486998208865484
常规控制,28.648677635920581,528.49254603277177,258.42578580133221,23145.672045340682,68.880813874330343,12298.467662934061,8547.6484943240703,4078.1247616937585,0,0,0,12.8872,0.32300000000000001,0.064436000530172219
常规控制,28.668938369750794,528.0769349502018,256.98325598994455,23145.940963684196,68.437007025447556,12300.500692333386,8547.7478053084105,4078.1721434484734,0,0,0,12.8872,0.32300000000000001,0.064385327505286916
常规控制,28.689199103581007,527.66396797544462,255.54870113402006,23146.208171175611,67.99606350489637,12302.521950193202,8547.8464844786322,4078.2192237615927,0,0,0,12.8872,0.32300000000000001,0.064334976860979526
常规控制,28.70945983741122,527.25362661330564,254.12207806814112,23146.473679782121,67.557965002349079,12304.531504517261,8547.9445362541956,4078.2660047416616,0,0,0,12.8872,0.32300000000000001,0.064284946342239344
常规控制,28.729720571241433,526.84589251662067,252.70334384911126,23146.737501375126,67.122693321187896,12306.529422921129,8548.0419650191852,4078.3124884803497,0,0,0,12.8872,0.32300000000000001,0.064235233712104087
常规控制,28.749981305071643,526.44074748487071,251.29245575495983,23146.999647731158,66.690230377851776,12308.515772634337,8548.1387751226466,4078.3586770526072,0,0,0,12.8872,0.32300000000000001,0.064185836751491102
常规控制,28.770242038901856,526.03817346281096,249.8893712839479,23147.260130532733,66.260558201186086,12310.490620502496,8548.2349708789134,4078.4045725168226,0,0,0,12.8872,0.32300000000000001,0.064136753259030149
常规控制,28.790502772732069,525.63815253911537,248.494048153579,23147.51896136926,65.833658931795753,12312.454032989424,8548.3305565679275,4078.4501769149783,0,0,0,12.8872,0.32300000000000001,0.064087981050898121
常规控制,28.810763506562282,525.24066694503597,247.10644429961002,23147.776151737886,65.409514821400677,12314.406076179243,8548.4255364355595,4078.4954922728002,0,0,0,12.8872,0.32300000000000001,0.064039517960655698
常规控制,28.831024240392495,524.8456990530758,245.72651787506527,23148.031713044362,64.988108232194406,12316.346815778477,8548.5199146939322,4078.5405205999118,0,0,0,12.8872,0.32300000000000001,0.063991361839085409
常规控制,28.851284974222708,524.45323137567743,244.35422724925326,23148.285656603894,64.569421636205632,12318.276317118145,8548.613695521728,4078.5852638899823,0,0,0,12.8872,0.32300000000000001,0.063943510554031815
常规控制,28.871545708052921,524.06324656392428,242.98953100678554,23148.537993641985,64.153437614662536,12320.19464515582,8548.7068830644985,4078.6297241208758,0,0,0,12.8872,0.32300000000000001,0.063895961990243125
常规控制,28.891806441883134,523.6757274062569,241.63238794659827,23148.788735295249,63.740138857360023,12322.101864477709,8548.7994814349768,4078.6739032547966,0,0,0,12.8872,0.32300000000000001,0.063848714049214716
常规控制,28.912067175713347,523.29065682720261,240.2827570809763,23149.037892612268,63.329508162029761,12323.998039300697,8548.8914947133762,4078.717803238435,0,0,0,12.8872,0.32300000000000001,0.06380176464903424
常规控制,28.932327909543556,522.90801788611873,238.9405976345796,23149.285476554363,62.921528433713185,12325.883233474402,8548.9829269476922,4078.7614260031087,0,0,0,12.8872,0.32300000000000001,0.063755111724228333
常规控制,28.952588643373769,522.52779377594902,237.60586904347235,23149.531497996424,62.516182684137732,12327.75751048319,8549.0737821540006,4078.8047734649067,0,0,0,12.8872,0.32300000000000001,0.063708753225611106
常规控制,28.972849377203982,522.14996782199603,236.27853095415742,23149.775967727706,62.113454031100133,12329.620933448216,8549.1640643167484,4078.8478475248294,0,0,0,12.8872,0.32300000000000001,0.063662687120134342
常规控制,28.993110111034195,521.77452348070199,234.9585432226084,23150.01889645261,61.713325697843935,12331.473565129414,8549.2537773890472,4078.890650068925,0,0,0,12.8872,0.32300000000000001,0.063616911390738953
常规控制,29,521.64738916940564,234.51133432822172,23150.101157849935,61.577847106759918,12332.10112552885,8549.2841563518032,4078.905144020136,0,0,0,12.8872,0.32300000000000001,0.06360141064884281
常规控制,29.013370844864408,521.40144433844625,233.64586591330738,23150.260294791446,61.315781012445875,12333.31546792753,8549.34292529296,4078.9331829684288,0,0,0,12.8872,0.32300000000000001,0.063571424036208329
常规控制,29.033631578694621,521.03071411035421,232.34045929828523,23150.500173281242,60.920803407203969,12335.14670388609,8549.4315119197872,4078.9754480798983,0,0,0,12.8872,0.32300000000000001,0.063526223071023069
常规控制,29.053892312524834,520.66231663911901,231.04228385616386,23150.738542376468,60.528376418028223,12336.967334693392,8549.519541130343,4079.0174472453477,0,0,0,12.8872,0.32300000000000001,0.06348130652521744
常规控制,29.074153046355047,520.29623589383596,229.75130027120164,23150.975412449825,60.13848368383438,12338.777421684479,8549.6070167552407,4079.0591822923816,0,0,0,12.8872,0.32300000000000001,0.063436672444237077
常规控制,29.09441378018526,519.93245596884935,228.46746943234155,23151.210793792947,59.751108945940672,12340.577025843098,8549.6939425951641,4079.1006550343245,0,0,0,12.8872,0.32300000000000001,0.063392318888798566
常规控制,29.114674514015469,519.57096108261112,227.19075243226223,23151.444696617178,59.366236047467538,12342.366207803656,8549.7803224211384,4079.1418672703517,0,0,0,12.8872,0.32300000000000001,0.063348243934750179
常规控制,29.134935247845682,519.21173557655163,225.92111056643083,23151.677131054301,58.983848932739967,12344.145027853154,8549.866159974812,4079.1828207856188,0,0,0,12.8872,0.32300000000000001,0.063304445672934279
常规控制,29.155195981675895,518.85476391396367,224.65850533216079,23151.908107157225,58.603931646693432,12345.913545933132,8549.9514589687042,4079.2235173513895,0,0,0,12.8872,0.32300000000000001,0.063260922209051121
常规控制,29.175456715506108,518.50003067889577,223.40289842767044,23152.137634900744,58.226468334282046,12347.671821641581,8550.0362230864812,4079.2639587251597,0,0,0,12.8872,0.32300000000000001,0.063217671663524058
常规控制,29.195717449336321,518.14752057505973,222.15425175114521,23152.365724182218,57.85144323988996,12349.419914234863,8550.1204559832204,4079.304146650783,0,0,0,12.8872,0.32300000000000001,0.063174692171366273
常规控制,29.215978183166534,517.79721842474794,220.91252739980268,23152.592384822277,57.478840706745508,12351.157882629601,8550.204161285661,4079.344082858594,0,0,0,12.8872,0.32300000000000001,0.063131981882048743
常规控制,29.236238916996747,517.44910916776257,219.67768766896049,23152.817626565527,57.108645176338236,12352.885785404589,8550.2873425924608,4079.3837690655314,0,0,0,12.8872,0.32300000000000001,0.063089538959369793
常规控制,29.25649965082696,517.10317786035637,218.44969505110683,23153.041459081207,56.740841187838697,12354.603680802664,8550.3700034744579,4079.4232069752579,0,0,0,12.8872,0.32300000000000001,0.063047361581325859
常规控制,29.27676038465717,516.75940967418398,217.22851223497443,23153.263891963907,56.375413377521213,12356.311626732584,8550.452147474909,4079.4623982782796,0,0,0,12.8872,0.32300000000000001,0.063005447939983625
常规控制,29.297021118487383,516.41778989526449,216.01410210461597,23153.48493473421,56.012346478188967,12358.009680770894,8550.5337781097423,4079.5013446520629,0,0,0,12.8872,0.32300000000000001,0.062963796241353606
常规控制,29.317281852317596,516.07830392295466,214.80642773848453,23153.704596839358,55.65162531860264,12359.697900163774,8550.6148988678124,4079.5400477611565,0,0,0,12.8872,0.32300000000000001,0.062922404705264862
常规控制,29.337542586147809,515.74093726893295,213.60545240851513,23153.922887653924,55.293234822911039,12361.376341828891,8550.6955132111234,4079.578509257301,0,0,0,12.8872,0.32300000000000001,0.062881271565241245
常规控制,29.357803319978022,515.40567555619441,212.41113957921095,23154.139816480449,54.9371600100867,12363.045062357231,8550.7756245750879,4079.6167307795472,0,0,0,12.8872,0.32300000000000001,0.06284039506837874
常规控制,29.378064053808234,515.07250451805658,211.22345290673289,23154.3553925501,54.583385993365056,12364.704118014919,8550.855236368754,4079.6547139543686,0,0,0,12.8872,0.32300000000000001,0.062799773475224308
常规控制,29.398324787638447,514.74140999717383,210.04235623798866,23154.569625023287,54.231897979680539,12366.353564745046,8550.9343519750455,4079.692460395775,0,0,0,12.8872,0.32300000000000001,0.062759405059655743
常规控制,29.41858552146866,514.41237794456322,208.86781360972799,23154.78252299031,53.882681269110897,12367.993458169463,8551.0129747509873,4079.7299717054193,0,0,0,12.8872,0.32300000000000001,0.062719288108762858
常规控制,29.438846255298873,514.08539441864093,207.69978924763979,23154.994095471975,53.535721254322603,12369.623853590594,8551.0911080279493,4079.767249472714,0,0,0,12.8872,0.32300000000000001,0.062679420922729961
常规控制,29.459106989129083,513.76044558426713,206.53824756545265,23155.204351420223,53.191003420019214,12371.244805993214,8551.1687551118594,4079.8042952749333,0,0,0,12.8872,0.32300000000000001,0.062639801814719523
常规控制,29.479367722959296,513.43751771180177,205.38315316403722,23155.413299718712,52.848513342392231,12372.856370046227,8551.2459192834376,4079.8411106773265,0,0,0,12.8872,0.32300000000000001,0.062600429110756931
常规控制,29.499628456789509,513.11659717617079,204.23447083051383,23155.620949183471,52.508236688575487,12374.458600104444,8551.3226037984205,4079.8776972332194,0,0,0,12.8872,0.32300000000000001,0.062561301149616694
常规控制,29.519889190619722,512.79767045593951,203.09216553736098,23155.827308563439,52.170159216101723,12376.051550210334,8551.3988118877787,4079.9140564841246,0,0,0,12.8872,0.32300000000000001,0.062522416282709561
常规控制,29.540149924449935,512.48072413239879,201.95620244152818,23156.032386541105,51.834266772362305,12377.635274095779,8551.4745467579341,4079.9501899598413,0,0,0,12.8872,0.32300000000000001,0.062483772873970847
常规控制,29.560410658280148,512.16574488865751,200.82654688355134,23156.236191733075,51.500545294069681,12379.20982518382,8551.5498115909832,4079.9860991785631,0,0,0,12.8872,0.32300000000000001,0.062445369299750045
常规控制,29.580671392110361,511.8527195087467,199.70316438667146,23156.438732690654,51.16898080672258,12380.775256590379,8551.6246095449023,4080.0217856469767,0,0,0,12.8872,0.32300000000000001,0.062407203948701487
常规控制,29.600932125940574,511.54163487673128,198.58602065595616,23156.640017900419,50.839559424073997,12382.331621125995,8551.6989437537686,4080.0572508603645,0,0,0,12.8872,0.32300000000000001,0.062369275221676013
常规控制,29.621192859770787,511.23247797583196,197.47508157742448,23156.840055784782,50.51226734760187,12383.878971297534,8551.7728173279611,4080.0924963027051,0,0,0,12.8872,0.32300000000000001,0.062331581531613986
常规控制,29.641453593600996,510.92523588755557,196.37031321717481,23157.038854702572,50.187090865982583,12385.417359309888,8551.8462333543794,4080.1275234467716,0,0,0,12.8872,0.32300000000000001,0.062294121303439171
常规控制,29.661714327431209,510.61989579083377,195.27168182051483,23157.23642294958,49.864016354566814,12386.946837067679,8551.9191948966381,4080.1623337542296,0,0,0,12.8872,0.32300000000000001,0.062256892973953842
常规控制,29.681975061261422,510.31644496117178,194.17915381109677,23157.432768759092,49.543030274858658,12388.467456176953,8551.9917049952765,4080.1969286757376,0,0,0,12.8872,0.32300000000000001,0.062219894991734873
常规控制,29.702235795091635,510.01487076980482,193.09269579005317,23157.627900302479,49.224119173996804,12389.979267946841,8552.0637666679613,4080.2313096510356,0,0,0,12.8872,0.32300000000000001,0.062183125817030935
常规控制,29.722496528921848,509.71516068286269,192.01227453513735,23157.821825689683,48.907269684238663,12391.48232339125,8552.1353829096824,4080.26547810905,0,0,0,12.8872,0.32300000000000001,0.062146583921660663
常规控制,29.742757262752061,509.4173022605442,190.93785699986623,23158.014552969809,48.592468522446971,12392.976673230509,8552.2065566929505,4080.2994354679795,0,0,0,12.8872,0.32300000000000001,0.062110267788911953
常规控制,29.763017996582274,509.12128315629928,189.86941031266855,23158.206090131593,48.279702489582242,12394.462367893031,8552.2772909679952,4080.3331831353939,0,0,0,12.8872,0.32300000000000001,0.062074175913442269
常规控制,29.783278730412487,508.82709111601963,188.80690177603401,23158.396445103983,47.968958470194579,12395.939457516943,8552.3475886629567,4080.3667225083227,0,0,0,12.8872,0.32300000000000001,0.062038306801179985
常规控制,29.803539464242697,508.53471397723644,187.75029886566475,23158.585625756619,47.660223431917153,12397.407991951737,8552.4174526840779,4080.4000549733482,0,0,0,12.8872,0.32300000000000001,0.0620026589692265
常规控制,29.823800198072909,508.24413966832736,186.69956922963127,23158.773639900362,47.35348442496489,12398.868020759888,8552.4868859158942,4080.433181906697,0,0,0,12.8872,0.32300000000000001,0.061967230945759622
常规控制,29.844060931903122,507.9553562077312,185.65468068753231,23158.9604952878,47.048728581635196,12400.319593218474,8552.5558912214219,4080.4661046743263,0,0,0,12.8872,0.32300000000000001,0.06193202126993777
常规控制,29.864321665733335,507.66835170317023,184.61560122965594,23159.146199613755,46.745943115810796,12401.762758320781,8552.6244714423374,4080.4988246320158,0,0,0,12.8872,0.32300000000000001,0.061897028491805187
常规控制,29.884582399563548,507.38311435088053,183.58229901614507,23159.330760515772,46.445115322465632,12403.197564777913,8552.6926293991746,4080.5313431254554,0,0,0,12.8872,0.32300000000000001,0.061862251172198061
常规控制,29.904843133393761,507.09963243485009,182.55474237616573,23159.514185574611,46.146232577173393,12404.624061020375,8552.7603678914929,4080.5636614903269,0,0,0,12.8872,0.32300000000000001,0.06182768788265168
常规控制,29.925103867223974,506.81789432606411,181.53289980707859,23159.696482314754,45.849282335618639,12406.042295199659,8552.8276896980624,4080.5957810523992,0,0,0,12.8872,0.32300000000000001,0.061793337205308399
常规控制,29.945364601054187,506.53788848175867,180.51673997361348,23159.877658204867,45.554252133110687,12407.452315189827,8552.894597577053,4080.6277031276031,0,0,0,12.8872,0.32300000000000001,0.0617591977328266
常规控制,29.9656253348844,506.25960344468086,179.50623170704748,23160.057720658282,45.261129584100019,12408.854168589061,8552.9610942661893,4080.6594290221251,0,0,0,12.8872,0.32300000000000001,0.061725268068290574
常规控制,29.98588606871461,505.98302784235727,178.50134400438589,23160.236677033496,44.969902381697388,12410.247902721239,8553.0271824829451,4080.690960032483,0,0,0,12.8872,0.32300000000000001,0.061691546825121235
常规控制,30,505.7913653067655,177.80462919784247,23160.360690982463,44.768142685791148,12411.214025810312,8553.0729805760875,4080.7128105259621,0,0,0,12.8872,0.32300000000000001,0.061668178534806245
常规控制,30.006146802544823,505.70815038636891,177.50204602754556,23160.414534634587,44.680558297195262,12411.633564637477,8553.0928649247089,4080.722297445614,0,0,0,12.8872,0.32300000000000001,0.061658032626987776
常规控制,30.026407536375036,505.43495987163391,176.5083071025434,23160.591300711738,44.39308517959234,12413.011201117664,8553.158144268953,4080.7534425389531,0,0,0,12.8872,0.32300000000000001,0.061624724107720207
常规控制,30.046668270205249,505.16344517569695,175.52009671868569,23160.766982461657,44.10747095512005,12414.380858672013,8553.2230231734084,4080.7843965805178,0,0,0,12.8872,0.32300000000000001,0.061591619911222674
常规控制,30.066929004035462,504.89359525802627,174.53738452776201,23160.941587028043,43.823703626771888,12415.742583542569,8553.287504276228,4080.8151608289822,0,0,0,12.8872,0.32300000000000001,0.061558718691387841
常规控制,30.087189737865675,504.62539915931671,173.56014034324173,23161.115121502044,43.541771273835131,12417.096421704737,8553.3515901961564,4080.8457365337636,0,0,0,12.8872,0.32300000000000001,0.061526019112011825
常规控制,30.107450471695888,504.35884600080055,172.58833413947337,23161.28759292269,43.261662051425091,12418.442418868784,8553.415283532695,4080.876124935096,0,0,0,12.8872,0.32300000000000001,0.061493519846710157
常规控制,30.127711205526101,504.09392498356448,171.6219360508878,23161.459008277343,42.98336419002176,12419.780620481357,8553.4785868662602,4080.9063272641097,0,0,0,12.8872,0.32300000000000001,0.06146121957883463
常规控制,30.147971939356314,503.83062538787351,170.6609163712038,23161.629374502139,42.706865995009224,12421.111071726946,8553.5415027583567,4080.9363447429082,0,0,0,12.8872,0.32300000000000001,0.06142911700139074
常规控制,30.168232673186523,503.56893657250276,169.70524555264009,23161.798698482417,42.432155846220866,12422.433817529396,8553.6040337517188,4080.9661785846447,0,0,0,12.8872,0.32300000000000001,0.061397210816956253
常规控制,30.188493407016736,503.3088479740739,168.75489420512525,23161.966987053122,42.159222197481135,12423.748902553372,8553.6661823704853,4080.9958299935984,0,0,0,12.8872,0.32300000000000001,0.061365499737600346
常规控制,30.208754140846949,503.0503491063987,167.80983309551391,23162.134246999285,41.888053576153027,12425.056371205821,8553.7279511203487,4081.0253001652468,0,0,0,12.8872,0.32300000000000001,0.061333982484803484
常规控制,30.229014874677162,502.79342955982963,166.87003314680561,23162.300485056396,41.618638582687865,12426.356267637453,8553.7893424887116,4081.0545902863419,0,0,0,12.8872,0.32300000000000001,0.061302657789378351
常规控制,30.249275608507375,502.53807900061634,165.93546543736636,23162.46570791084,41.350965890177278,12427.648635744177,8553.8503589448428,4081.0837015349834,0,0,0,12.8872,0.32300000000000001,0.061271524391391261
常规控制,30.269536342337588,502.28428717026816,165.00610120015381,23162.629922200293,41.085024243907782,12428.93351916855,8553.9110029400254,4081.1126350806912,0,0,0,12.8872,0.32300000000000001,0.061240581040084549
常规控制,30.289797076167801,502.0320438849235,164.08191182194525,23162.79313451417,40.820802460917697,12430.21096130122,8553.9712769077123,4081.1413920844766,0,0,0,12.8872,0.32300000000000001,0.061209826493799628
常规控制,30.310057809998014,501.78133903472491,163.16286884256908,23162.955351393968,40.558289429556709,12431.48100528235,8554.0311832636689,4081.1699736989144,0,0,0,12.8872,0.32300000000000001,0.061179259519900796
常规控制,30.330318543828223,501.53216258320055,162.24894395413932,23163.116579333739,40.297474109047883,12432.743694003047,8554.0907244061291,4081.1983810682118,0,0,0,12.8872,0.32300000000000001,0.061148878894699825
常规控制,30.350579277658436,501.28450456665092,161.34010900029261,23163.276824780409,40.038345529051895,12433.999070106769,8554.1499027159352,4081.2266153282822,0,0,0,12.8872,0.32300000000000001,0.06111868340338119
常规控制,30.370840011488649,501.03835509354286,160.43633597542993,23163.436094134238,39.780892789234237,12435.247175990726,8554.2087205566877,4081.2546776068093,0,0,0,12.8872,0.32300000000000001,0.061088671839928207
常规控制,30.391100745318862,500.79370434390813,159.53759702395982,23163.594393749168,39.525105058834249,12436.488053807301,8554.2671802748828,4081.282569023319,0,0,0,12.8872,0.32300000000000001,0.061058843007049654
常规控制,30.411361479149075,500.55054256874882,158.64386443954558,23163.751729933221,39.270971576236846,12437.72174546542,8554.3252842000602,4081.3102906892454,0,0,0,12.8872,0.32300000000000001,0.061029195716107328
常规控制,30.431622212979288,500.30886008944736,157.75511066435516,23163.908108948886,39.018481648546611,12438.948292631938,8554.3830346449449,4081.3378437080014,0,0,0,12.8872,0.32300000000000001,0.060999728787044086
常规控制,30.451882946809501,500.06864729718365,156.87130828831457,23164.063537013477,38.767624651164134,12440.167736733034,8554.4404339055782,4081.36522917504,0,0,0,12.8872,0.32300000000000001,0.060970441048312764
常规控制,30.472143680639714,499.82989465235636,155.99243004836399,23164.218020299533,38.518390027364703,12441.380118955556,8554.4974842614665,4081.3924481779227,0,0,0,12.8872,0.32300000000000001,0.060941331336805654
常规控制,30.492404414469927,499.59259268401098,155.11844882771695,23164.371564935169,38.27076728787938,12442.585480248395,8554.5541879757111,4081.4195017963875,0,0,0,12.8872,0.32300000000000001,0.060912398497784757
常规控制,30.512665148300137,499.35673198927248,154.24933765512296,23164.524177004456,38.024746010478331,12443.783861323844,8554.6105472951422,4081.4463911024081,0,0,0,12.8872,0.32300000000000001,0.06088364138481258
常规控制,30.53292588213035,499.12230323278357,153.38506970413223,23164.675862547771,37.780315839556181,12444.975302658931,8554.666564450461,4081.4731171602639,0,0,0,12.8872,0.32300000000000001,0.060855058859683689
常规控制,30.553186615960563,498.88929714614903,152.52561829236555,23164.826627562165,37.537466485720849,12446.159844496771,8554.7222416563673,4081.499681026597,0,0,0,12.8872,0.32300000000000001,0.060826649792356982
常规控制,30.573447349790776,498.65770452738542,151.67095688078774,23164.976478001725,37.29618772538668,12447.337526847889,8554.7775811116899,4081.5260837504802,0,0,0,12.8872,0.32300000000000001,0.060798413060888463
常规控制,30.593708083620989,498.42751624037476,150.82105907297998,23165.125419777905,37.05646940036403,12448.508389491546,8554.8325849995181,4081.5523263734776,0,0,0,12.8872,0.32300000000000001,0.060770347551364824
常规控制,30.613968817451202,498.19872321432433,149.97589861441872,23165.273458759912,36.818301417455473,12449.672471977065,8554.8872554873378,4081.5784099297043,0,0,0,12.8872,0.32300000000000001,0.060742452157837412
常规控制,30.634229551281415,497.97131644323144,149.13544939175668,23165.420600775007,36.581673748053404,12450.829813625121,8554.9415947271464,4081.6043354458907,0,0,0,12.8872,0.32300000000000001,0.06071472578225709
常规控制,30.654490285111628,497.74528698535357,148.29968543210705,23165.566851608895,36.34657642773962,12451.980453529077,8554.9956048555887,4081.6301039414407,0,0,0,12.8872,0.32300000000000001,0.060687167334409556
常规控制,30.674751018941841,497.52062596268303,147.46858090233056,23165.712217006025,36.112999555887448,12453.124430556249,8555.0492879940812,4081.65571642849,0,0,0,12.8872,0.32300000000000001,0.060659775731851349
常规控制,30.69501175277205,497.29732456042706,146.64211010832591,23165.856702669946,35.880933295266033,12454.261783349206,8555.1026462489317,4081.6811739119717,0,0,0,12.8872,0.32300000000000001,0.060632549899846393
常规控制,30.715272486602263,497.0753740264924,145.82024749432267,23166.000314263649,35.650367871646864,12455.39255032706,8555.1556817114688,4081.7064773896673,0,0,0,12.8872,0.32300000000000001,0.060605488771303256
常规控制,30.735533220432476,496.8547656709755,145.0029676421785,23166.143057409874,35.421293573412861,12456.516769686734,8555.2083964581616,4081.7316278522685,0,0,0,12.8872,0.32300000000000001,0.060578591286712877
常规控制,30.755793954262689,496.63549086565649,144.19024527067808,23166.284937691446,35.193700751169409,12457.63447940422,8555.2607925507364,4081.756626283438,0,0,0,12.8872,0.32300000000000001,0.060551856394086945
常规控制,30.776054688092902,496.41754104349894,143.38205523483578,23166.425960651617,34.967579817357709,12458.745717235861,8555.312872036302,4081.7814736598593,0,0,0,12.8872,0.32300000000000001,0.0605252830488969
常规控制,30.796315421923115,496.2009076981538,142.57837252520133,23166.56613179436,34.742921245870434,12459.850520719585,8555.3646369474627,4081.8061709513004,0,0,0,12.8872,0.32300000000000001,0.060498870214013421
常规控制,30.816576155753328,495.98558238346794,141.77917226716826,23166.705456584699,34.519715571669451,12460.948927176165,8555.4160893024455,4081.8307191206641,0,0,0,12.8872,0.32300000000000001,0.060472616859646534
常规控制,30.836836889583541,495.77155671299755,140.98442972028559,23166.843940449031,34.297953390405794,12462.040973710453,8555.4672311052036,4081.8551191240476,0,0,0,12.8872,0.32300000000000001,0.060446521963286273
常规控制,30.85709762341375,495.55882235952623,140.19412027757244,23166.981588775419,34.077625358041793,12463.126697212612,8555.5180643455369,4081.8793719107953,0,0,0,12.8872,0.32300000000000001,0.060420584509643896
常规控制,30.877358357243963,495.34737105458692,139.4082194648351,23167.11840691392,33.858722190475127,12464.206134359354,8555.5685909992153,4081.9034784235541,0,0,0,12.8872,0.32300000000000001,0.060394803490593667
常规控制,30.897619091074176,495.13719458798903,138.62670293998829,23167.254400176887,33.641234663165399,12465.279321615142,8555.6188130280752,4081.9274395983275,0,0,0,12.8872,0.32300000000000001,0.060369177905115125
常规控制,30.917879824904389,494.9282848073496,137.84954649237798,23167.38957383926,33.425153610762401,12466.346295233421,8555.6687323801416,4081.951256364528,0,0,0,12.8872,0.32300000000000001,0.06034370675923599
常规控制,30.938140558734602,494.72063361762889,137.07672604210785,23167.52393313888,33.210469926736607,12467.407091257817,8555.7183509897386,4081.97492964503,0,0,0,12.8872,0.32300000000000001,0.060318389065975454
常规控制,30.958401292564815,494.51423298067033,136.30821763937004,23167.657483276784,32.997174563013218,12468.461745523335,8555.7676707775991,4081.9984603562248,0,0,0,12.8872,0.32300000000000001,0.060293223845288194
常规控制,30.978662026395028,494.30907491474568,135.5439974637786,23167.790229417493,32.785258529608569,12469.510293657546,8555.8166936509697,4082.0218494080696,0,0,0,12.8872,0.32300000000000001,0.06026821012400882
常规控制,30.998922760225241,494.10515149410247,134.78404182370286,23167.922176689313,32.574712894264643,12470.55277108179,8555.8654215037241,4082.0450977041396,0,0,0,12.8872,0.32300000000000001,0.06024334693579677
常规控制,31,494.09434353817983,134.74375480751985,23167.929169904186,32.563556624379856,12470.608029108907,8555.8680040834151,4082.0463298654986,0,0,0,12.8872,0.32300000000000001,0.06024202918503796
常规控制,31.019183494055454,493.90245484851704,134.02832715560706,23168.053330184619,32.365528782089541,12471.589213012339,8555.9138562164626,4082.0682061416796,0,0,0,12.8872,0.32300000000000001,0.060218633321081759
常规控制,31.039444227885664,493.70097716285153,133.2768300233916,23168.183694960142,32.157697375198836,12472.619654461587,8555.9619996566289,4082.0911756116557,0,0,0,12.8872,0.32300000000000001,0.060194068327009818
常规控制,31.059704961715877,493.50071067661423,132.5295271177371,23168.313276037257,31.951209912358777,12473.644130239205,8556.0098536786045,4082.1140069988023,0,0,0,12.8872,0.32300000000000001,0.060169651007389642
常规控制,31.07996569554609,493.30164768352535,131.78639525545248,23168.442078402259,31.746057688632149,12474.662674953301,8556.0574201238196,4082.1367011816737,0,0,0,12.8872,0.32300000000000001,0.060145380422639678
常规控制,31.100226429376303,493.10378053108548,131.04741137882465,23168.57010700665,31.542232055025696,12475.675323011586,8556.1047008208498,4082.1592590326941,0,0,0,12.8872,0.32300000000000001,0.060121255639735492
常规控制,31.120487163206516,492.90710162014875,130.31255255497197,23168.697366767399,31.339724418139934,12476.68210862251,8556.1516975855247,4082.1816814182043,0,0,0,12.8872,0.32300000000000001,0.06009727573215775
常规控制,31.140747897036729,492.71160340449973,129.58179597520046,23168.823862567238,31.13852623982093,12477.683065796409,8556.198412221027,4082.2039691985096,0,0,0,12.8872,0.32300000000000001,0.060073439779840601
常规控制,31.161008630866942,492.51727839043429,128.85511895436295,23168.949599254924,30.938629036814184,12478.678228346638,8556.2448465179896,4082.226123227932,0,0,0,12.8872,0.32300000000000001,0.060049746869120589
常规控制,31.181269364697155,492.324119136344,128.13249893022098,23169.074581645487,30.740024380420483,12479.667629890699,8556.2910022545948,4082.2481443548509,0,0,0,12.8872,0.32300000000000001,0.060026196092685995
常规控制,31.201530098527368,492.13211825230496,127.41391346280986,23169.198814520532,30.542703896153778,12480.651303851369,8556.336881196683,4082.2700334217552,0,0,0,12.8872,0.32300000000000001,0.06000278654952667
常规控制,31.221790832357577,491.94126839966992,126.69934023380648,23169.322302628487,30.346659263401133,12481.629283457807,8556.3824850978326,4082.2917912652874,0,0,0,12.8872,0.32300000000000001,0.059979517344884346
常规控制,31.24205156618779,491.75156229066374,125.98875704589948,23169.445050684852,30.151882215084399,12482.601601746672,8556.4278156994733,4082.3134187162914,0,0,0,12.8872,0.32300000000000001,0.05995638759020331
常规控制,31.262312300018003,491.56299268798381,125.28214182216355,23169.567063372473,29.95836453732425,12483.568291563226,8556.4728747309673,4082.3349165998548,0,0,0,12.8872,0.32300000000000001,0.059933396403081624
常规控制,31.282573033848216,491.37555240440275,124.57947260543507,23169.688345341801,29.766098069105752,12484.529385562428,8556.5176639097153,4082.3562857353591,0,0,0,12.8872,0.32300000000000001,0.059910542907222739
常规控制,31.302833767678429,491.18923430237538,123.88072755769147,23169.808901211134,29.57507470194605,12485.484916210024,8556.5621849412491,4082.3775269365187,0,0,0,12.8872,0.32300000000000001,0.059887826232387607
常规控制,31.323094501508642,491.00403129364918,123.18588495943308,23169.928735566878,29.385286379563919,12486.434915783646,8556.6064395193171,4082.3986410114312,0,0,0,12.8872,0.32300000000000001,0.059865245514347111
常规控制,31.343355235338855,490.81993633887805,122.49492320906781,23170.047852963799,29.196725097551159,12487.379416373875,8556.6504293259823,4082.4196287626173,0,0,0,12.8872,0.32300000000000001,0.059842799894835014
常规控制,31.363615969169068,490.63694244724041,121.80782082230073,23170.166257925255,29.009382903048227,12488.318449885326,8556.6941560317155,4082.4404909870659,0,0,0,12.8872,0.32300000000000001,0.059820488521501375
常规控制,31.383876702999281,490.45504267606026,121.12455643152401,23170.283954943461,28.823251894419126,12489.252048037708,8556.7376212954805,4082.4612284762766,0,0,0,12.8872,0.32300000000000001,0.059798310547866391
常规控制,31.40413743682949,490.27423013043068,120.44510878520958,23170.400948479717,28.638324220927938,12490.180242366885,8556.7808267648252,4082.4818420163047,0,0,0,12.8872,0.32300000000000001,0.059776265133274428
常规控制,31.424398170659703,490.09449796284235,119.76945674730544,23170.517242964659,28.454592082418749,12491.103064225943,8556.823774075976,4082.5023323877986,0,0,0,12.8872,0.32300000000000001,0.059754351442848817
常规控制,31.444658904489916,489.91583937281439,119.09757929663537,23170.632842798495,28.272047728997133,12492.020544786228,8556.8664648539179,4082.5227003660489,0,0,0,12.8872,0.32300000000000001,0.059732568647446728
常规控制,31.464919638320129,489.73824760652872,118.42945552630022,23170.747752351235,28.090683460713169,12492.932715038394,8556.9089007124894,4082.5429467210247,0,0,0,12.8872,0.32300000000000001,0.059710915923614681
常规控制,31.485180372150342,489.56171595646805,117.7650646430826,23170.861975962929,27.910491627246579,12493.839605793442,8556.951083254462,4082.5630722174164,0,0,0,12.8872,0.32300000000000001,0.059689392453544418
常规控制,31.505441105980555,489.38623776105663,117.10438596685434,23170.975517943913,27.731464627593713,12494.741247683754,8556.9930140716315,4082.5830776146772,0,0,0,12.8872,0.32300000000000001,0.059667997425028985
常规控制,31.525701839810768,489.21180640430475,116.44739892998669,23171.088382575013,27.55359490975648,12495.63767116411,8557.0346947448979,4082.6029636670632,0,0,0,12.8872,0.32300000000000001,0.059646730031419529
常规控制,31.545962573640981,489.03841531545567,115.79408307676321,23171.200574107792,27.376874970433054,12496.528906512729,8557.0761268443566,4082.6227311236739,0,0,0,12.8872,0.32300000000000001,0.059625589471582162
常规控制,31.566223307471191,488.86605796863671,115.14441806279574,23171.31209676477,27.201297354710551,12497.414983832256,8557.117311929378,4082.6423807284914,0,0,0,12.8872,0.32300000000000001,0.059604574949855452
常规控制,31.586484041301404,488.6947278825125,114.49838365444226,23171.422954739661,27.02685465575933,12498.295933050797,8557.1582515486843,4082.6619132204205,0,0,0,12.8872,0.32300000000000001,0.05958368567600815
常规控制,31.606744775131617,488.52441861994214,113.85595972822887,23171.533152197564,26.853539514529444,12499.171783922906,8557.1989472404439,4082.681329333328,0,0,0,12.8872,0.32300000000000001,0.059562920865197377
常规控制,31.62700550896183,488.35512378763872,113.21712627027313,23171.642693275215,26.681344619448545,12500.042566030595,8557.2394005323422,4082.7006297960802,0,0,0,12.8872,0.32300000000000001,0.059542279737927098
常规控制,31.647266242792043,488.1868370358323,112.58186337571082,23171.751582081193,26.510262706121786,12500.908308784314,8557.2796129416693,4082.7198153325835,0,0,0,12.8872,0.32300000000000001,0.059521761520007051
常规控制,31.667526976622256,488.01955205793558,111.95015124812518,23171.859822696126,26.340286557033373,12501.769041423951,8557.319585975396,4082.7388866618207,0,0,0,12.8872,0.32300000000000001,0.059501365442512
常规控制,31.687787710452469,487.85326259021286,111.32197019897872,23171.967419172925,26.171409001249927,12502.624793019802,8557.3593211302505,4082.7578444978885,0,0,0,12.8872,0.32300000000000001,0.059481090741741321
常规控制,31.708048444282682,487.68796241145168,110.6973006470479,23172.074375536991,26.003622914125543,12503.475592473558,8557.3988198928018,4082.7766895500367,0,0,0,12.8872,0.32300000000000001,0.059460936659179044
常规控制,31.728309178112895,487.52364534263711,110.07612311786006,23172.180695786399,25.836921217008541,12504.321468519267,8557.4380837395383,4082.795422522704,0,0,0,12.8872,0.32300000000000001,0.059440902441454058
常规控制,31.748569911943104,487.36030524662982,109.45841824313376,23172.286383892155,25.67129687695018,12505.162449724301,8557.4771141369383,4082.8140441155551,0,0,0,12.8872,0.32300000000000001,0.059420987340300921
常规控制,31.768830645773317,487.19793602784625,108.84416676022288,23172.391443798359,25.506742906417184,12505.998564490324,8557.5159125415539,4082.8325550235177,0,0,0,12.8872,0.32300000000000001,0.059401190612520825
常规控制,31.78909137960353,487.03653163194213,108.23334951156093,23172.49587942244,25.343252363002307,12506.829841054227,8557.5544804000783,4082.8509559368172,0,0,0,12.8872,0.32300000000000001,0.059381511519943038
常规控制,31.809352113433743,486.87608604549769,107.62594744410875,23172.599694655339,25.180818349138296,12507.656307489091,8557.5928191494313,4082.8692475410135,0,0,0,12.8872,0.32300000000000001,0.059361949329386515
常规控制,31.829612847263956,486.71659329570701,107.02194160880541,23172.702893361711,25.019434011813914,12508.477991705135,8557.6309302168247,4082.8874305170366,0,0,0,12.8872,0.32300000000000001,0.059342503312622003
常规控制,31.849873581094169,486.55804745006901,106.42131316002144,23172.805479380149,24.859092542291272,12509.294921450639,8557.668815019837,4082.9055055412218,0,0,0,12.8872,0.32300000000000001,0.059323172746334404
常规控制,31.870134314924382,486.40044261608193,105.82404335501472,23172.907456523357,24.699787175824955,12510.107124312892,8557.7064749664951,4082.9234732853438,0,0,0,12.8872,0.32300000000000001,0.059303956912085502
常规控制,31.890395048754595,486.24377294094006,105.2301135533889,23173.008828578353,24.541511191382824,12510.914627719108,8557.7439114553345,4082.9413344166519,0,0,0,12.8872,0.32300000000000001,0.059284855096276963
常规控制,31.910655782584808,486.08803261123307,104.63950521655451,23173.109599306656,24.384257911368543,12511.717458937357,8557.7811258754828,4082.9590895979036,0,0,0,12.8872,0.32300000000000001,0.059265866590113722
常规控制,31.930916516415017,485.93321585264835,104.05219990719276,23173.209772444508,24.22802070134588,12512.515645077476,8557.818119606718,4082.9767394874002,0,0,0,12.8872,0.32300000000000001,0.059246990689567666
常规控制,31.95117725024523,485.77931692967559,103.46817928872144,23173.309351703028,24.072792969764471,12513.309213091981,8557.8548940195542,4082.9942847390189,0,0,0,12.8872,0.32300000000000001,0.059228226695341626
常规控制,31.971437984075443,485.62633014531383,102.88742512476445,23173.408340768419,23.918568167687596,12514.098189776983,8557.8914504752975,4083.0117260022466,0,0,0,12.8872,0.32300000000000001,0.059209573912833637
常规控制,31.991698717905656,485.47424984078197,102.30991927862271,23173.506743302165,23.765339788521278,12514.882601773081,8557.9277903261227,4083.0290639222117,0,0,0,12.8872,0.32300000000000001,0.059191031652101662
常规控制,32,485.41219957543757,102.07423595660624,23173.546892507202,23.702844910465291,12515.202681033459,8557.9426173439479,4083.0361379646902,0,0,0,12.8872,0.32300000000000001,0.059183466226703244
常规控制,32.011959451735869,485.32307039523033,101.73564371274836,23173.604562941186,23.613101367745166,12515.66247556626,8557.9639149151408,4083.0462991397203,0,0,0,12.8872,0.32300000000000001,0.059172599227828429
常规控制,32.032220185566082,485.17278622545575,101.16458048822112,23173.701803298067,23.461846482645019,12516.437837488782,8557.9998255764713,4083.0634322912852,0,0,0,12.8872,0.32300000000000001,0.059154275959286677
常规控制,32.052480919396295,485.02339178561925,100.59671176422741,23173.798467961198,23.311568752046767,12517.20871372008,8558.0355236352989,4083.0804640091606,0,0,0,12.8872,0.32300000000000001,0.059136061170304746
常规控制,32.072741653226508,484.8748815669652,100.03201979754172,23173.894560494991,23.162261836052181,12517.975130287621,8558.0710104079517,4083.0973949213712,0,0,0,12.8872,0.32300000000000001,0.059117954189232338
常规控制,32.093002387056721,484.72725009754373,99.470486942010652,23173.990084440025,23.013919435776049,12518.737113067817,8558.1062872019611,4083.1142256517483,0,0,0,12.8872,0.32300000000000001,0.059099954348906636
常规控制,32.113263120886934,484.58049194193524,98.912095648039283,23174.085043313255,22.866535293084983,12519.494687786855,8558.141355316131,4083.1309568199558,0,0,0,12.8872,0.32300000000000001,0.059082060986618778
常规控制,32.133523854717147,484.43460170097717,98.356828462080031,23174.179440608179,22.720103190337685,12520.247880021599,8558.1762160405979,4083.1475890415259,0,0,0,12.8872,0.32300000000000001,0.059064273444080502
常规控制,32.15378458854736,484.28957401149336,97.804668026124446,23174.273279794994,22.574616950127336,12520.996715200434,8558.2108706569034,4083.164122927888,0,0,0,12.8872,0.32300000000000001,0.059046591067391151
常规控制,32.174045322377573,484.14540354602627,97.255597077199056,23174.366564320797,22.430070435026991,12521.74121860412,8558.2453204380563,4083.1805590863987,0,0,0,12.8872,0.32300000000000001,0.059029013207005022
常规控制,32.194306056207779,484.00208501257021,96.709598446859829,23174.459297609752,22.286457547332692,12522.481415366656,8558.2795666485836,4083.1968981203731,0,0,0,12.8872,0.32300000000000001,0.059011539217698861
常规控制,32.214566790037992,483.8596131543074,96.16665506069107,23174.551483063238,22.143772228810743,12523.217330476122,8558.3136105446156,4083.2131406291151,0,0,0,12.8872,0.32300000000000001,0.058994168458539685
常规控制,32.234827523868205,483.71798274934707,95.626749937807986,23174.64312406005,22.002008460446383,12523.948988775515,8558.3474533739318,4083.2292872079465,0,0,0,12.8872,0.32300000000000001,0.058976900292852928
常规控制,32.255088257698418,483.5771886104655,95.089866190359785,23174.734223956548,21.861160262193422,12524.676414963606,8558.3810963760279,4083.2453384482374,0,0,0,12.8872,0.32300000000000001,0.058959734088190781
常规控制,32.275348991528631,483.43722558484927,94.555987023036039,23174.824786086818,21.72122169272566,12525.39963359574,8558.4145407821761,4083.2612949374338,0,0,0,12.8872,0.32300000000000001,0.058942669216300883
常规控制,32.295609725358844,483.2980885538401,94.025095732575465,23174.914813762858,21.582186849189831,12526.118669084704,8558.4477878154885,4083.2771572590887,0,0,0,12.8872,0.32300000000000001,0.058925705053095224
常规控制,32.315870459189057,483.15977243268242,93.497175707277037,23175.004310274726,21.444049866960079,12526.833545701524,8558.480838690979,4083.2929259928896,0,0,0,12.8872,0.32300000000000001,0.058908840978619342
常规控制,32.33613119301927,483.02227217027234,92.972210426513541,23175.093278890705,21.30680491939393,12527.544287576289,8558.5136946156163,4083.3086017146879,0,0,0,12.8872,0.32300000000000001,0.058892076377021721
常规控制,32.356391926849483,482.88558274890954,92.450183460247587,23175.181722857458,21.170446217589809,12528.250918698968,8558.5463567883871,4083.324184996527,0,0,0,12.8872,0.32300000000000001,0.058875410636523538
常规控制,32.376652660679696,482.74969918405071,91.93107846854987,23175.269645400203,21.034968010146013,12528.953462920224,8558.5788264003568,4083.3396764066692,0,0,0,12.8872,0.32300000000000001,0.058858843149388648
常规控制,32.396913394509909,482.61461652406558,91.414879201120002,23175.357049722857,20.900364582921174,12529.651943952207,8558.6111046347287,4083.3550765096265,0,0,0,12.8872,0.32300000000000001,0.058842373311893757
常规控制,32.417174128340122,482.48032984999406,90.901569496809515,23175.443939008208,20.766630258796162,12530.346385369365,8558.6431926668938,4083.3703858661838,0,0,0,12.8872,0.32300000000000001,0.058826000524298892
常规控制,32.437434862170335,482.34683427530695,90.391133283147241,23175.53031641804,20.633759397437476,12531.036810609239,8558.6750916644978,4083.3856050334311,0,0,0,12.8872,0.32300000000000001,0.058809724190818154
常规控制,32.457695596000548,482.21412494566698,89.883554575867151,23175.616185093331,20.501746395062014,12531.723242973245,8558.7068027874939,4083.4007345647865,0,0,0,12.8872,0.32300000000000001,0.058793543719590634
常规控制,32.477956329830761,482.08219703869321,89.378817478438251,23175.70154815436,20.370585684203288,12532.405705627476,8558.7383271881972,4083.4157750100258,0,0,0,12.8872,0.32300000000000001,0.058777458522651684
常规控制,32.498217063660974,481.95104576372648,88.876906181597022,23175.7864087009,20.240271733479027,12533.084221603469,8558.7696660113434,4083.4307269153082,0,0,0,12.8872,0.32300000000000001,0.058761468015904268
常规控制,32.518477797491187,481.82066636159732,88.377804962881925,23175.870769812333,20.110799047360171,12533.758813799001,8558.8008203941463,4083.4455908232035,0,0,0,12.8872,0.32300000000000001,0.058745571619090761
常规控制,32.538738531321393,481.69105410439579,87.881498186170433,23175.954634547823,19.982162165941268,12534.429504978845,8558.8317914663457,4083.4603672727167,0,0,0,12.8872,0.32300000000000001,0.058729768755764786
常规控制,32.558999265151606,481.56220429524308,87.387970301218573,23176.038005946448,19.854355664713058,12535.096317775548,8558.8625803502709,4083.4750567993165,0,0,0,12.8872,0.32300000000000001,0.058714058853263411
常规控制,32.579259998981819,481.43411226806552,86.89720584320429,23176.120887027369,19.727374154336882,12535.759274690196,8558.893188160886,4083.4896599349568,0,0,0,12.8872,0.32300000000000001,0.058698441342679625
常规控制,32.599520732812032,481.30677338736979,86.409189432269045,23176.203280789949,19.601212280417617,12536.418398093167,8558.9236160058517,4083.5041772081095,0,0,0,12.8872,0.32300000000000001,0.058682915658834857
常规控制,32.619781466642245,481.18018304802001,85.923905773064945,23176.285190213901,19.475864723280687,12537.073710224904,8558.9538649855731,4083.5186091437813,0,0,0,12.8872,0.32300000000000001,0.058667481240251874
常规控制,32.640042200472458,481.05433667501734,85.44133965430315,23176.366618259461,19.351326197749515,12537.725233196643,8558.9839361932554,4083.532956263547,0,0,0,12.8872,0.32300000000000001,0.05865213752912786
常规控制,32.660302934302671,480.92922972328074,84.961475948304525,23176.447567867479,19.227591452924468,12538.372988991181,8559.01383071495,4083.5472190855667,0,0,0,12.8872,0.32300000000000001,0.058636883971307716
常规控制,32.680563668132883,480.80485767743033,84.484299610552696,23176.528041959613,19.104655271963132,12539.016999463613,8559.0435496296177,4083.5613981246179,0,0,0,12.8872,0.32300000000000001,0.058621720016257615
常规控制,32.700824401963096,480.68121605157148,84.009795679249123,23176.60804343842,18.982512471861995,12539.657286342066,8559.0730940091707,4083.575493892115,0,0,0,12.8872,0.32300000000000001,0.05860664511703869
常规控制,32.721085135793309,480.55830038908147,83.537949274870712,23176.687575187538,18.861157903239505,12540.293871228441,8559.1024649185238,4083.5895068961345,0,0,0,12.8872,0.32300000000000001,0.058591658730281063
常规控制,32.741345869623522,480.43610626239814,83.068745599729397,23176.766640071786,18.740586450120468,12540.926775599139,8559.1316634156537,4083.6034376414418,0,0,0,12.8872,0.32300000000000001,0.05857676031615798
常规控制,32.761606603453735,480.31462927280916,82.602169937534114,23176.84524093732,18.62079302972181,12541.556020805789,8559.1606905516401,4083.6172866295115,0,0,0,12.8872,0.32300000000000001,0.058561949338360259
常规控制,32.781867337283948,480.19386505024465,82.138207652954918,23176.923380611763,18.501772592239647,12542.181628075969,8559.1895473707154,4083.6310543585537,0,0,0,12.8872,0.32300000000000001,0.058547225264070829
常规控制,32.802128071114161,480.07380925306967,81.676844191189204,23177.00106190435,18.383520120637677,12542.803618513928,8559.2182349103259,4083.6447413235373,0,0,0,12.8872,0.32300000000000001,0.058532587563939593
常规控制,32.822388804944374,479.95445756788013,81.218065077530213,23177.078287606026,18.266030630436873,12543.422013101299,8559.2467542011618,4083.6583480162112,0,0,0,12.8872,0.32300000000000001,0.058518035712058478
常规控制,32.842649538774587,479.83580570929922,80.761855916937648,23177.155060489626,18.149299169506484,12544.036832697804,8559.2751062672251,4083.6718749251304,0,0,0,12.8872,0.32300000000000001,0.058503569185936542
常规控制,32.8629102726048,479.71784941977609,80.308202393610415,23177.231383309965,18.033320817856271,12544.648098041966,8559.3032921258618,4083.6853225356767,0,0,0,12.8872,0.32300000000000001,0.058489187466475592
常规控制,32.883171006435006,479.60058446938586,79.857090270561599,23177.307258803987,17.91809068743008,12545.255829751808,8559.3313127878246,4083.6986913300834,0,0,0,12.8872,0.32300000000000001,0.058474890037945641
常规控制,32.903431740265219,479.4840066556315,79.408505389194829,23177.38268969089,17.803603921900429,12545.860048325554,8559.3591692573009,4083.7119817874564,0,0,0,12.8872,0.32300000000000001,0.058460676387960847
常规控制,32.923692474095432,479.36811180324702,78.96243366888433,23177.457678672254,17.689855696464768,12546.460774142322,8559.3868625319828,4083.7251943837964,0,0,0,12.8872,0.32300000000000001,0.058446546007455483
常规控制,32.943953207925645,479.25289576400263,78.518861106555349,23177.532228432159,17.576841217642546,12547.058027462812,8559.4143936030941,4083.7383295920226,0,0,0,12.8872,0.32300000000000001,0.058432498390660198
常规控制,32.964213941755858,479.13835441651167,78.07777377626924,23177.606341637325,17.464555723075215,12547.651828429991,8559.4417634554484,4083.7513878819937,0,0,0,12.8872,0.32300000000000001,0.058418533035078442
常规控制,32.984474675586071,479.02448366603858,77.639157828808393,23177.68002093722,17.35299448132562,12548.242197069781,8559.4689730674927,4083.7643697205308,0,0,0,12.8872,0.32300000000000001,0.058404649441463098
常规控制,33,478.93767845700967,77.30472058832018,23177.73618766135,17.267994910167509,12548.692272366325,8559.489715321768,4083.7742659511528,0,0,0,12.8872,0.32300000000000001,0.05839406579078156
常规控制,33.004735409416284,478.91127944430872,77.20299949126327,23177.753268964192,17.242152791678599,12548.82915329173,8559.4960234113405,4083.7772755714373,0,0,0,12.8872,0.32300000000000001,0.058390847113793283
常规控制,33.024996143246497,478.79873770931931,76.769285066622686,23177.826088333593,17.132025983943826,12549.412716889692,8559.5229154528442,4083.7901058955217,0,0,0,12.8872,0.32300000000000001,0.058377125559251258
常规控制,33.04525687707671,478.68685444515285,76.338000933365436,23177.898481643901,17.022609418259385,12549.992907542495,8559.5496501516081,4083.8028611506193,0,0,0,12.8872,0.32300000000000001,0.058363484288199714
常规控制,33.065517610906923,478.57562566179098,75.909133545054331,23177.970451476824,16.913898484896656,12550.569744814609,8559.5762284610555,4083.8155417916109,0,0,0,12.8872,0.32300000000000001,0.058349922814159114
常规控制,33.085778344737136,478.46504739493065,75.482669429932031,23178.042000397432,16.805888604066375,12551.143248156808,8559.6026513284651,4083.8281482704488,0,0,0,12.8872,0.32300000000000001,0.058336440653785196
常规控制,33.106039078567349,478.35511570580138,75.058595190519185,23178.113130954294,16.698575225726007,12551.71343690683,8559.6289196950111,4083.8406810361721,0,0,0,12.8872,0.32300000000000001,0.058323037326846731
常规控制,33.126299812397562,478.24582668098401,74.636897503214456,23178.183845679556,16.591953829388245,12552.280330290032,8559.6550344958141,4083.8531405349295,0,0,0,12.8872,0.32300000000000001,0.058309712356203455
常规控制,33.146560546227775,478.13717643223106,74.217563117896745,23178.254147089072,16.486019923930801,12552.84394742004,8559.680996659974,4083.8655272100013,0,0,0,12.8872,0.32300000000000001,0.058296465267784141
常规控制,33.166821280057988,478.02916109628848,73.800578857529317,23178.324037682549,16.380769047407345,12553.404307299397,8559.7068071106241,4083.8778415018182,0,0,0,12.8872,0.32300000000000001,0.058283295590564832
常规控制,33.187082013888201,477.92177683471908,73.385931617765991,23178.393519943613,16.276196766859613,12553.961428820214,8559.7324667649646,4083.8900838479813,0,0,0,12.8872,0.32300000000000001,0.058270202856547375
常规控制,33.207342747718414,477.81501983372658,72.973608366559375,23178.462596339963,16.172298678130741,12554.515330764794,8559.7579765343089,4083.9022546832816,0,0,0,12.8872,0.32300000000000001,0.058257186600737913
常规控制,33.227603481548627,477.70888630398224,72.563596143771065,23178.531269323448,16.069070405679696,12555.066031806291,8559.7833373241265,4083.914354439723,0,0,0,12.8872,0.32300000000000001,0.058244246361125809
常规控制,33.247864215378833,477.60337248045192,72.155882060783853,23178.599541330219,15.966507602396922,12555.613550509324,8559.8085500340749,4083.9263835465372,0,0,0,12.8872,0.32300000000000001,0.0582313816786625
常规控制,33.268124949209046,477.49847462222488,71.750453300115325,23178.667414780793,15.86460594942093,12556.157905330616,8559.8336155580528,4083.9383424302077,0,0,0,12.8872,0.32300000000000001,0.058218592097240639
常规控制,33.288385683039259,477.39418901234393,71.347297115034777,23178.734892080214,15.763361155956375,12556.699114619621,8559.8585347842345,4083.9502315144859,0,0,0,12.8872,0.32300000000000001,0.058205877163673411
常规控制,33.308646416869472,477.29051195763702,70.946400829180632,23178.80197561812,15.662768959092864,12557.237196619139,8559.8833085951082,4083.9620512204124,0,0,0,12.8872,0.32300000000000001,0.058193236427673989
常规控制,33.328907150699685,477.18743978855014,70.547751836180439,23178.868667768875,15.562825123625061,12557.772169465939,8559.9079378675196,4083.9738019663341,0,0,0,12.8872,0.32300000000000001,0.058180669441835149
常规控制,33.349167884529898,477.08496885898131,70.151337599272807,23178.93497089166,15.463525441873976,12558.304051191384,8559.9324234727119,4083.9854841679257,0,0,0,12.8872,0.32300000000000001,0.058168175761609021
常规控制,33.369428618360111,476.98309554611643,69.757145650932969,23179.000887330592,15.364865733510797,12558.832859722019,8559.9567662763657,4083.9970982382056,0,0,0,12.8872,0.32300000000000001,0.058155754945287123
常规控制,33.389689352190324,476.88181625026613,69.365163592497126,23179.06641941483,15.266841845379197,12559.358612880202,8559.9809671386265,4084.0086445875572,0,0,0,12.8872,0.32300000000000001,0.058143406553980384
常规控制,33.409950086020537,476.78112739470362,68.975379093790522,23179.131569458663,15.169449651320161,12559.881328384694,8560.0050269141666,4084.0201236237449,0,0,0,12.8872,0.32300000000000001,0.058131130151599472
常规控制,33.43021081985075,476.68102542550417,68.587779892757212,23179.196339761642,15.07268505199791,12560.401023851269,8560.0289464521975,4084.0315357519339,0,0,0,12.8872,0.32300000000000001,0.058118925304835166
常规控制,33.450471553680963,476.58150681138602,68.202353795091639,23179.260732608658,14.976543974726752,12560.917716793309,8560.0527265965247,4084.042881374708,0,0,0,12.8872,0.32300000000000001,0.058106791583138973
常规控制,33.470732287511176,476.48256804355191,67.819088673872216,23179.324750270051,14.881022373299027,12561.431424622397,8560.076368185586,4084.0541608920889,0,0,0,12.8872,0.32300000000000001,0.058094728558703776
常规控制,33.490993021341389,476.38420563553279,67.437972469196538,23179.388395001723,14.78611622781416,12561.942164648908,8560.0998720524749,4084.0653747015494,0,0,0,12.8872,0.32300000000000001,0.058082735806444831
常规控制,33.511253755171602,476.28641612303187,67.058993187818857,23179.451669045215,14.691821544508812,12562.449954082598,8560.1232390249934,4084.076523198039,0,0,0,12.8872,0.32300000000000001,0.058070812903980723
常规控制,33.531514489001815,476.18919606377028,66.682138902789134,23179.514574627836,14.598134355588101,12562.954810033189,8560.1464699256794,4084.0876067739937,0,0,0,12.8872,0.32300000000000001,0.058058959431614557
常规控制,33.551775222832028,476.09254203733445,66.307397753094108,23179.577113962743,14.505050719057918,12563.456749510944,8560.1695655718449,4084.0986258193584,0,0,0,12.8872,0.32300000000000001,0.058047174972315346
常规控制,33.572035956662241,475.9964506450234,65.934757943300227,23179.639289249033,14.412566718558267,12563.955789427255,8560.1925267756178,4084.1095807216016,0,0,0,12.8872,0.32300000000000001,0.058035459111699376
常规控制,33.592296690492446,475.90091850969901,65.564207743198509,23179.701102671879,14.320678463197721,12564.4519465952,8560.215354343969,4084.1204718657341,0,0,0,12.8872,0.32300000000000001,0.058023811438011975
常规控制,33.612557424322659,475.80594227563557,65.195735487450506,23179.762556402558,14.229382087388734,12564.945237730137,8560.2380490787582,4084.1312996343254,0,0,0,12.8872,0.32300000000000001,0.058012231542109167
常规控制,33.632818158152872,475.71151860837188,64.829329575237608,23179.823652598629,14.138673750684303,12565.435679450247,8560.2606117767555,4084.1420644075215,0,0,0,12.8872,0.32300000000000001,0.058000719017439646
常规控制,33.653078891983085,475.61764419456421,64.464978469910591,23179.884393403958,14.048549637615329,12565.923288277121,8560.2830432296942,4084.1527665630597,0,0,0,12.8872,0.32300000000000001,0.057989273460026795
常规控制,33.673339625813298,475.52431574183976,64.102670698641745,23179.944780948859,13.959005957529151,12566.4080806363,8560.3053442242926,4084.163406476287,0,0,0,12.8872,0.32300000000000001,0.057977894468450905
常规控制,33.693600359643511,475.43152997865224,63.742394852078604,23180.00481735016,13.87003894442902,12566.890072857852,8560.3275155422907,4084.1739845201764,0,0,0,12.8872,0.32300000000000001,0.05796658164383147
常规控制,33.713861093473724,475.33928365413766,63.384139583999485,23180.06450471131,13.781644856814575,12567.369281176909,8560.349557960486,4084.1845010653428,0,0,0,12.8872,0.32300000000000001,0.057955334589809712
常规控制,33.734121827303937,475.2475735379719,63.027893610970672,23180.123845122471,13.693819977523283,12567.845721734233,8560.3714722507757,4084.1949564800593,0,0,0,12.8872,0.32300000000000001,0.057944152912531119
常规控制,33.75438256113415,475.15639642022904,62.673645712005843,23180.182840660604,13.606560613573214,12568.31941057676,8560.3932591801713,4084.2053511302734,0,0,0,12.8872,0.32300000000000001,0.057933036220628238
常规控制,33.774643294964363,475.06574911124142,62.321384728228239,23180.24149338956,13.519863096007686,12568.790363658134,8560.414919510853,4084.2156853796237,0,0,0,12.8872,0.32300000000000001,0.057921984125203559
常规控制,33.794904028794576,474.97562844145983,61.971099562531784,23180.299805360177,13.433723779738438,12569.258596839265,8560.4364540001898,4084.2259595894548,0,0,0,12.8872,0.32300000000000001,0.057910996239812516
常规控制,33.815164762624789,474.88603126131517,61.622779179246059,23180.357778610356,13.348139043391658,12569.724125888863,8560.4578634007739,4084.2361741188329,0,0,0,12.8872,0.32300000000000001,0.057900072180446613
常规控制,33.835425496455002,474.79695444108171,61.276412603802555,23180.415415165175,13.263105289154517,12570.18696648396,8560.4791484604611,4084.2463293245623,0,0,0,12.8872,0.32300000000000001,0.057889211565516699
常规控制,33.855686230285215,474.70839487074051,60.931988922402553,23180.472717036941,13.178618942622643,12570.647134210465,8560.5003099223959,4084.2564255612015,0,0,0,12.8872,0.32300000000000001,0.057878414015836405
常规控制,33.875946964115428,474.62034945984442,60.589497281686796,23180.529686225313,13.094676452648574,12571.104644563678,8560.5213485250442,4084.2664631810767,0,0,0,12.8872,0.32300000000000001,0.057867679154605584
常规控制,33.896207697945641,474.5328151373842,60.248926888406842,23180.586324717366,13.011274291191198,12571.559512948827,8560.5422650022319,4084.2764425342989,0,0,0,12.8872,0.32300000000000001,0.057857006607394096
常规控制,33.916468431775854,474.44578885165566,59.910267009098284,23180.642634487682,12.928408953166153,12572.011754681573,8560.5630600831664,4084.2863639687771,0,0,0,12.8872,0.32300000000000001,0.057846396002125516
常规控制,33.93672916560606,474.3592675701272,59.573506969755613,23180.698617498438,12.846076956297214,12572.461384988552,8560.5837344924767,4084.2962278302357,0,0,0,12.8872,0.32300000000000001,0.057835846969061008
常规控制,33.956989899436273,474.27324827930914,59.23863615550836,23180.754275699503,12.764274840968499,12572.908419007883,8560.6042889502405,4084.3060344622268,0,0,0,12.8872,0.32300000000000001,0.057825359140783468
常规控制,33.977250633266486,474.18772798462408,58.905644010300001,23180.80961102849,12.682999170077871,12573.352871789684,8560.6247241720212,4084.3157842061482,0,0,0,12.8872,0.32300000000000001,0.057814932152181579
常规控制,33.997511367096699,474.1027037102773,58.574520036567385,23180.864625410864,12.602246528891017,12573.794758296573,8560.6450408688852,4084.3254774012548,0,0,0,12.8872,0.32300000000000001,0.057804565640434132
常规控制,34,474.0922942099038,58.533976281889835,23180.871360807763,12.592363555938915,12573.848859127678,8560.6475282369374,4084.3266641366768,0,0,0,12.8872,0.32300000000000001,0.057803296471026507
常规控制,34.017772100926912,474.01817249912932,58.245253794922505,23180.919320760026,12.522013524896566,12574.234093404199,8560.66523974745,4084.3351143846758,0,0,0,12.8872,0.32300000000000001,0.057794259244994435
常规控制,34.038032834757125,473.93413141256872,57.917834903835598,23180.973698977385,12.442296787662089,12574.670891901722,8560.6853215098981,4084.344695491428,0,0,0,12.8872,0.32300000000000001,0.057784012607574799
常规控制,34.058293568587338,473.85057753038615,57.592253039320127,23181.027761952442,12.363092968691003,12575.105168492333,8560.7052868540213,4084.3542210544292,0,0,0,12.8872,0.32300000000000001,0.057773825372131216
常规控制,34.078554302417551,473.76750795064925,57.268497934619198,23181.081511562876,12.284398741280372,12575.53693779375,8560.7251364732401,4084.3636914045146,0,0,0,12.8872,0.32300000000000001,0.05776369718484807
常规控制,34.098815036247764,473.68491978957854,56.946559379893692,23181.134949674612,12.206210800379564,12575.96621433871,8560.7448710566405,4084.3731068704496,0,0,0,12.8872,0.32300000000000001,0.057753627694123018
常规控制,34.119075770077977,473.60281018142433,56.626427221911932,23181.188078141917,12.128525862449802,12576.393012575472,8560.7644912889973,4084.3824677789444,0,0,0,12.8872,0.32300000000000001,0.057743616550551977
常规控制,34.13933650390819,473.52117627834434,56.308091363740999,23181.240898807464,12.05134066532457,12576.817346868298,8560.7839978508055,4084.391774454667,0,0,0,12.8872,0.32300000000000001,0.057733663406914236
常规控制,34.159597237738403,473.44001525028256,55.991541764440413,23181.293413502426,11.974651968071536,12577.239231497952,8560.8033914183125,4084.4010272202577,0,0,0,12.8872,0.32300000000000001,0.057723767918157622
常规控制,34.179857971568616,473.35932428484927,55.6767684387572,23181.345624046538,11.898456550855247,12577.658680662169,8560.8226726635457,4084.4102263963441,0,0,0,12.8872,0.32300000000000001,0.057713929741383951
常规控制,34.200118705398829,473.27910058720096,55.363761456821081,23181.397532248189,11.822751214799341,12578.075708476159,8560.8418422543364,4084.419372301551,0,0,0,12.8872,0.32300000000000001,0.057704148535834318
常规控制,34.220379439229042,473.19934137992226,55.05251094384284,23181.449139904485,11.747532781851032,12578.49032897307,8560.8609008543535,4084.4284652525193,0,0,0,12.8872,0.32300000000000001,0.057694423962874719
常规控制,34.240640173059255,473.12004390290787,54.743007079813715,23181.500448801333,11.672798094645996,12578.902556104473,8560.8798491231264,4084.4375055639134,0,0,0,12.8872,0.32300000000000001,0.057684755685981699
常规控制,34.260900906889468,473.04120541324636,54.435240099206418,23181.551460713508,11.598544016374124,12579.312403740832,8560.8986877160823,4084.4464935484398,0,0,0,12.8872,0.32300000000000001,0.057675143370728141
常规控制,34.281161640719681,472.96282318510373,54.129200290677737,23181.602177404755,11.524767430646142,12579.719885671986,8560.9174172845615,4084.4554295168573,0,0,0,12.8872,0.32300000000000001,0.057665586684769045
常规控制,34.301422374549887,472.88489450960896,53.82487799677282,23181.652600627825,11.45146524136114,12580.125015607602,8560.9360384758529,4084.4643137779913,0,0,0,12.8872,0.32300000000000001,0.057656085297827654
常规控制,34.3216831083801,472.80741669473929,53.522263613630486,23181.702732124573,11.378634372574808,12580.527807177654,8560.9545519332223,4084.4731466387448,0,0,0,12.8872,0.32300000000000001,0.057646638881681402
常规控制,34.341943842210313,472.73038706520759,53.221347590691181,23181.752573626025,11.306271768368793,12580.928273932879,8560.9729582959317,4084.4819284041146,0,0,0,12.8872,0.32300000000000001,0.057637247110148199
常规控制,34.362204576040526,472.65380296234946,52.922120430405421,23181.80212685245,11.234374392720623,12581.326429345243,8560.9912581992758,4084.4906593772021,0,0,0,12.8872,0.32300000000000001,0.057627909659072649
常规控制,34.382465309870739,472.577661744012,52.624572687944259,23181.851393513443,11.162939229374601,12581.722286808399,8561.0094522746003,4084.4993398592251,0,0,0,12.8872,0.32300000000000001,0.057618626206312563
常规控制,34.402726043700952,472.50196078444304,52.328694970911215,23181.900375307967,11.091963281713481,12582.115859638136,8561.027541149333,4084.5079701495338,0,0,0,12.8872,0.32300000000000001,0.057609396431725302
常规控制,34.422986777531165,472.42669747418086,52.034477939055684,23181.949073924465,11.021443572630975,12582.507161072834,8561.0455254470107,4084.5165505456189,0,0,0,12.8872,0.32300000000000001,0.057600220017154542
常规控制,34.443247511361378,472.35186921994574,51.741912303987888,23181.997491040904,10.951377144405042,12582.896204273928,8561.0634057872994,4084.5250813431276,0,0,0,12.8872,0.32300000000000001,0.057591096646416845
常规控制,34.463508245191591,472.27747344453121,51.450988828895213,23182.045628324842,10.881761058571989,12583.283002326332,8561.0811827860307,4084.5335628358753,0,0,0,12.8872,0.32300000000000001,0.057582026005288528
常规控制,34.483768979021804,472.20350758669684,51.161698328260186,23182.093487433511,10.812592395801341,12583.6675682389,8561.0988570552145,4084.5419953158548,0,0,0,12.8872,0.32300000000000001,0.057573007781492554
常规控制,34.504029712852017,472.12996910106148,50.874031667579729,23182.141070013888,10.743868255771501,12584.04991494487,8561.1164292030753,4084.5503790732537,0,0,0,12.8872,0.32300000000000001,0.057564041664685504
常规控制,34.52429044668223,472.05685545799736,50.587979763085983,23182.188377702751,10.675585757046182,12584.430055302293,8561.1338998340707,4084.5587143964613,0,0,0,12.8872,0.32300000000000001,0.057555127346444669
常规控制,34.544551180512443,471.98416414352511,50.303533581468592,23182.235412126745,10.607742036951597,12584.80800209448,8561.1512695489218,4084.5670015720848,0,0,0,12.8872,0.32300000000000001,0.05754626452025529
常规控制,34.564811914342656,471.91189265920951,50.020684139599524,23182.282174902477,10.540334251455375,12585.183768030429,8561.1685389446338,4084.5752408849576,0,0,0,12.8872,0.32300000000000001,0.05753745288149778
常规控制,34.585072648172869,471.84003852205637,49.739422504257874,23182.328667636546,10.47335957504502,12585.557365745264,8561.1857086145228,4084.5834326181539,0,0,0,12.8872,0.32300000000000001,0.057528692127435208
常规控制,34.605333382003082,471.76859926440886,49.459739791856315,23182.374891925632,10.406815200607262,12585.928807800665,8561.2027791482378,4084.5915770529987,0,0,0,12.8872,0.32300000000000001,0.057519981957200629
常规控制,34.625594115833294,471.69757243384652,49.181627168169548,23182.42084935656,10.340698339308718,12586.298106685284,8561.21975113179,4084.5996744690806,0,0,0,12.8872,0.32300000000000001,0.057511322071784783
常规控制,34.6458548496635,471.62695559308338,48.905075848064044,23182.466541506357,10.275006220477042,12586.665274815188,8561.2366251475742,4084.6077251442625,0,0,0,12.8872,0.32300000000000001,0.057502712174023675
常规控制,34.666115583493713,471.55674631986773,48.630077095228714,23182.511969942327,10.209736091482787,12587.030324534264,8561.2534017743892,4084.6157293546935,0,0,0,12.8872,0.32300000000000001,0.057494151968586329
常规控制,34.686376317323926,471.48694220688265,48.356622221907998,23182.557136222105,10.144885217622228,12587.393268114653,8561.2700815874705,4084.6236873748189,0,0,0,12.8872,0.32300000000000001,0.057485641161962697
常规控制,34.706637051154139,471.41754086164633,48.08470258863543,23182.60204189373,10.080450882000736,12587.754117757155,8561.2866651585045,4084.631599477395,0,0,0,12.8872,0.32300000000000001,0.057477179462451497
常规控制,34.726897784984352,471.3485399064146,47.814309603969122,23182.646688495712,10.016430385417022,12588.112885591656,8561.3031530556545,4084.6394659334951,0,0,0,12.8872,0.32300000000000001,0.057468766580148288
常规控制,34.747158518814565,471.27993697808296,47.5454347242285,23182.691077557072,9.9528210462481113,12588.469583677535,8561.319545843593,4084.6472870125262,0,0,0,12.8872,0.32300000000000001,0.057460402226933605
常规控制,34.767419252644778,471.21172972808989,47.27806945323254,23182.735210597442,9.8896202003350346,12588.824224004071,8561.3358440835109,4084.6550629822354,0,0,0,12.8872,0.32300000000000001,0.057452086116461069
常规控制,34.787679986474991,471.14391582232059,47.012205342039323,23182.779089127085,9.8268252008692798,12589.176818490854,8561.3520483331467,4084.662794108724,0,0,0,12.8872,0.32300000000000001,0.057443817964145764
常规控制,34.807940720305204,471.07649294101202,46.747833988686949,23182.822714646991,9.7644334182799479,12589.527378988199,8561.3681591468157,4084.6704806564562,0,0,0,12.8872,0.32300000000000001,0.057435597487152552
常规控制,34.828201454135417,471.00945877865757,46.484947037935932,23182.866088648927,9.7024422401216448,12589.875917277526,8561.3841770754207,4084.6781228882724,0,0,0,12.8872,0.32300000000000001,0.057427424404384524
常规控制,34.84846218796563,470.94281104391376,46.22353618101279,23182.909212615486,9.6408490709630517,12590.222445071795,8561.400102666481,4084.6857210653961,0,0,0,12.8872,0.32300000000000001,0.057419298436471596
常规控制,34.868722921795843,470.8765474595063,45.963593155355134,23182.952088020164,9.5796513322762333,12590.566974015866,8561.4159364641564,4084.6932754474483,0,0,0,12.8872,0.32300000000000001,0.057411219305759043
常规控制,34.888983655626056,470.810665762138,45.705109744358012,23182.994716327416,9.5188464623266071,12590.909515686932,8561.4316790092671,4084.7007862924565,0,0,0,12.8872,0.32300000000000001,0.05740318673629629
常规控制,34.909244389456269,470.74516370239633,45.448077777121568,23183.0370989927,9.4584319160636223,12591.250081594884,8561.4473308393135,4084.7082538568648,0,0,0,12.8872,0.32300000000000001,0.057395200453825651
常规控制,34.929505123286482,470.68003904466229,45.192489128200044,23183.079237462571,9.3984051650120985,12591.588683182723,8561.4628924884983,4084.7156783955456,0,0,0,12.8872,0.32300000000000001,0.057387260185771206
常规控制,34.949765857116695,470.61528956702,44.938335717352238,23183.121133174696,9.3387636971643477,12591.925331826938,8561.4783644877534,4084.723060161808,0,0,0,12.8872,0.32300000000000001,0.057379365661227755
常规控制,34.970026590946908,470.55091306116663,44.685609509294309,23183.162787557943,9.2795050168738396,12592.260038837891,8561.4937473647569,4084.7303994074095,0,0,0,12.8872,0.32300000000000001,0.057371516610949871
常规控制,34.990287324777114,470.4869073323232,44.434302513451939,23183.20420203243,9.2206266447479415,12592.592815460215,8561.5090416439562,4084.7376963825664,0,0,0,12.8872,0.32300000000000001,0.057363712767341021
常规控制,35,470.45635483516816,44.314330833512791,23183.22397081933,9.19253541827457,12592.751662076882,8561.5163422157984,4084.7411795209782,0,0,0,12.8872,0.32300000000000001,0.05735998768032198
常规控制,35.010548058607327,470.42327019914575,44.184406783714572,23183.245378009582,9.1621261175421314,12592.923672873183,8561.5242478465861,4084.7449513359629,0,0,0,12.8872,0.32300000000000001,0.057355953864442671
常规控制,35.03080879243754,470.35999949363747,43.935914418191786,23183.286316892187,9.1040009880551125,12593.252622191098,8561.5393664906915,4084.7521645147608,0,0,0,12.8872,0.32300000000000001,0.057348239637923723
常规控制,35.051069526267753,470.29709306106122,43.688817558969888,23183.327020074452,9.0462488250242341,12593.579674463663,8561.5543980911534,4084.7593361646118,0,0,0,12.8872,0.32300000000000001,0.057340569825069666
常规控制,35.071330260097966,470.23454875985294,43.443108391870361,23183.367488942058,8.9888672130217504,12593.904840676363,8561.5693431596992,4084.7664665296643,0,0,0,12.8872,0.32300000000000001,0.057332944164772158
常规控制,35.091590993928179,470.17236446153544,43.198779146209468,23183.407724872228,8.9318537523517065,12594.228131750842,8561.5842022049346,4084.7735558525756,0,0,0,12.8872,0.32300000000000001,0.057325362397518419
常规控制,35.111851727758392,470.11053805063295,42.955822094559153,23183.447729233761,8.8752060589475068,12594.549558545263,8561.5989757323568,4084.7806043745213,0,0,0,12.8872,0.32300000000000001,0.057317824265380894
常规控制,35.132112461588605,470.04906742458621,42.714229552509302,23183.487503387114,8.8189217642701578,12594.869131854688,8561.6136642443744,4084.787612335203,0,0,0,12.8872,0.32300000000000001,0.057310329512006847
常规控制,35.152373195418818,469.98795049366839,42.473993878431138,23183.527048684417,8.7629985152071619,12595.186862411445,8561.6282682403307,4084.7945799728604,0,0,0,12.8872,0.32300000000000001,0.057302877882608121
常规控制,35.172633929249031,469.92718518090123,42.235107473242067,23183.566366469571,8.7074339739720639,12595.50276088548,8561.6427882165244,4084.8015075242788,0,0,0,12.8872,0.32300000000000001,0.057295469123950934
常规控制,35.192894663079244,469.86676942197238,41.997562780171599,23183.605458078277,8.6522258180046432,12595.816837884742,8561.6572246662254,4084.8083952248012,0,0,0,12.8872,0.32300000000000001,0.057288102984345751
常规控制,35.213155396909457,469.80670116515216,41.761352284528655,23183.644324838089,8.5973717398717486,12596.129103955525,8561.6715780796985,4084.8152433083342,0,0,0,12.8872,0.32300000000000001,0.05728077921363723
常规控制,35.23341613073967,469.74697837121295,41.526468513470036,23183.682968068482,8.5428694471687603,12596.439569582835,8561.685848944222,4084.822052007361,0,0,0,12.8872,0.32300000000000001,0.057273497563194248
常规控制,35.253676864569883,469.68759901334676,41.292904035770142,23183.721389080878,8.4887166624216768,12596.748245190753,8561.7000377441054,4084.8288215529474,0,0,0,12.8872,0.32300000000000001,0.057266257785899992
常规控制,35.273937598400096,469.62856107708512,41.060651461591902,23183.759589178735,8.4349111229898224,12597.055141142768,8561.7141449607043,4084.8355521747521,0,0,0,12.8872,0.32300000000000001,0.05725905963614214
常规控制,35.294198332230309,469.56986256021901,40.829703442258896,23183.797569657563,8.3814505809691617,12597.36026774216,8561.7281710724565,4084.8422441010384,0,0,0,12.8872,0.32300000000000001,0.057251902869803049
常规控制,35.314459066060522,469.51150147271903,40.600052670028759,23183.835331804999,8.328332803096222,12597.663635232326,8561.7421165548803,4084.8488975586788,0,0,0,12.8872,0.32300000000000001,0.057244787244250112
常规控制,35.334719799890735,469.45347583665659,40.371691877867597,23183.872876900848,8.2755555706526085,12597.965253797143,8561.7559818806039,4084.8555127731674,0,0,0,12.8872,0.32300000000000001,0.057237712518326073
常规控制,35.354980533720941,469.39578368612564,40.144613839226174,23183.910206217137,8.2231166793703832,12598.265133561308,8561.7697675193849,4084.8620899686275,0,0,0,12.8872,0.32300000000000001,0.057230678452339513
常规控制,35.375241267551154,469.33842306716491,39.918811367817391,23183.947321018164,8.1710139393384313,12598.563284590682,8561.7834739381269,4084.8686293678206,0,0,0,12.8872,0.32300000000000001,0.057223684808055383
常规控制,35.395502001381367,469.28139203768023,39.694277317393947,23183.984222560546,8.1192451749081744,12598.859716892639,8561.797101600896,4084.8751311921546,0,0,0,12.8872,0.32300000000000001,0.057216731348685532
常规控制,35.41576273521158,469.22468866736841,39.471004581527829,23184.020912093274,8.067808224600828,12599.154440416398,8561.8106509689387,4084.8815956616945,0,0,0,12.8872,0.32300000000000001,0.057209817838879372
常规控制,35.436023469041793,469.16831103764042,39.248986093390961,23184.057390857757,8.0167009410150669,12599.447465053365,8561.8241225007096,4084.8880229951683,0,0,0,12.8872,0.32300000000000001,0.05720294404471462
常规控制,35.456284202872006,469.11225724154622,39.028214825537042,23184.093660087878,7.9659211907352336,12599.738800637475,8561.8375166518763,4084.8944134099784,0,0,0,12.8872,0.32300000000000001,0.05719610973368798
常规控制,35.476544936702219,469.05652538369947,38.80868378968448,23184.129721010024,7.9154668542401661,12600.028456945518,8561.8508338753436,4084.9007671222089,0,0,0,12.8872,0.32300000000000001,0.057189314674706129
常规控制,35.496805670532432,469.00111358020291,38.59038603650049,23184.165574843169,7.8653358258126191,12600.316443697484,8561.8640746212714,4084.9070843466325,0,0,0,12.8872,0.32300000000000001,0.057182558638076503
常规控制,35.517066404362645,468.94601995857442,38.37331465538648,23184.201222798885,7.8155260134492748,12600.602770556872,8561.8772393370946,4084.9133652967221,0,0,0,12.8872,0.32300000000000001,0.05717584139549832
常规控制,35.537327138192857,468.89124265767367,38.157462774264452,23184.236666081415,7.7660353387713483,12600.887447131046,8561.8903284675343,4084.9196101846569,0,0,0,12.8872,0.32300000000000001,0.057169162720053658
常规控制,35.55758787202307,468.83677982762879,37.942823559364669,23184.271905887694,7.7168617369357628,12601.170482971545,8561.9033424546196,4084.9258192213324,0,0,0,12.8872,0.32300000000000001,0.057162522386198435
常规控制,35.577848605853283,468.78262962976413,37.729390215014426,23184.306943407435,7.668003156546912,12601.451887574407,8561.9162817377091,4084.9319926163657,0,0,0,12.8872,0.32300000000000001,0.057155920169753745
常规控制,35.598109339683496,468.72879023652825,37.517155983427912,23184.341779823142,7.6194575595689811,12601.731670380499,8561.9291467534968,4084.9381305781076,0,0,0,12.8872,0.32300000000000001,0.057149355847896925
常规控制,35.618370073513709,468.67525983142252,37.306114144497286,23184.37641631017,7.5712229212388289,12602.009840775841,8561.941937936037,4084.9442333136476,0,0,0,12.8872,0.32300000000000001,0.057142829199152929
常规控制,35.638630807343922,468.62203660893005,37.096258015584802,23184.41085403676,7.5232972299794385,12602.286408091915,8561.9546557167632,4084.9503010288245,0,0,0,12.8872,0.32300000000000001,0.057136340003385674
常规控制,35.658891541174135,468.56911877444543,36.88758095131606,23184.445094164101,7.4756784873139015,12602.561381605992,8561.9673005244986,4084.9563339282313,0,0,0,12.8872,0.32300000000000001,0.05712988804178943
常规控制,35.679152275004348,468.51650454420451,36.680076343374346,23184.479137846371,7.4283647077799575,12602.834770541442,8561.9798727854759,4084.962332215227,0,0,0,12.8872,0.32300000000000001,0.057123473096880269
常规控制,35.699413008834554,468.46419214521512,36.47373762029617,23184.512986230762,7.3813539188450843,12603.106584068049,8561.9923729233578,4084.9682960919408,0,0,0,12.8872,0.32300000000000001,0.057117094952487672
常规控制,35.719673742664767,468.4121798151881,36.268558247267478,23184.54664045756,7.3346441608220356,12603.376831302328,8562.0048013592423,4084.9742257592834,0,0,0,12.8872,0.32300000000000001,0.057110753393746008
常规控制,35.73993447649498,468.36046580246858,36.064531725921661,23184.580101660165,7.2882334867850709,12603.64552130783,8562.0171585116932,4084.9801214169515,0,0,0,12.8872,0.32300000000000001,0.057104448207086274
常规控制,35.760195210325193,468.30904836596835,35.861651594138536,23184.613370965126,7.2421199624869859,12603.912663095451,8562.0294447967444,4084.9859832634388,0,0,0,12.8872,0.32300000000000001,0.057098179180227783
常规控制,35.780455944155406,468.25792577509816,35.659911425844506,23184.646449492211,7.1963016662765922,12604.178265623737,8562.041660627925,4084.9918114960406,0,0,0,12.8872,0.32300000000000001,0.05709194610216993
常规控制,35.800716677985619,468.20709630970072,35.459304830812776,23184.679338354446,7.1507766890159967,12604.442337799195,8562.0538064162683,4084.9976063108634,0,0,0,12.8872,0.32300000000000001,0.057085748763184015
常规控制,35.820977411815832,468.1565582599838,35.259825454465762,23184.71203865813,7.1055431339992241,12604.704888476592,8562.0658825703322,4085.003367902832,0,0,0,12.8872,0.32300000000000001,0.057079586954805077
常规控制,35.841238145646045,468.10630992645463,35.061466977678108,23184.744551502907,7.0605991168710744,12604.965926459256,8562.077889496215,4085.009096465697,0,0,0,12.8872,0.32300000000000001,0.057073460469823908
常规控制,35.861498879476258,468.05634961985379,34.864223116580852,23184.776877981811,7.0159427655465247,12605.225460499374,8562.0898275975669,4085.0147921920434,0,0,0,12.8872,0.32300000000000001,0.057067369102279025
常规控制,35.881759613306471,468.00667566109024,34.668087622366656,23184.809019181281,6.9715722201306596,12605.4834992983,8562.1016972756079,4085.0204552732957,0,0,0,12.8872,0.32300000000000001,0.057061312647448674
常规控制,35.902020347136684,467.9572863811764,34.473054281096061,23184.840976181222,6.9274856328391259,12605.740051506833,8562.1134989291495,4085.0260858997262,0,0,0,12.8872,0.32300000000000001,0.057055290901842991
常规控制,35.922281080966897,467.90818012116415,34.279116913504808,23184.872750055049,6.883681167919117,12605.995125725529,8562.1252329545969,4085.0316842604643,0,0,0,12.8872,0.32300000000000001,0.057049303663196119
常规控制,35.94254181479711,467.85935523208065,34.086269374812275,23184.904341869718,6.8401570015708675,12606.248730504984,8562.1368997459758,4085.0372505435002,0,0,0,12.8872,0.32300000000000001,0.057043350730458499
常规控制,35.962802548627323,467.810810074865,33.894505554530845,23184.935752685771,6.7969113218696586,12606.500874346129,8562.1484996949421,4085.0427849356961,0,0,0,12.8872,0.32300000000000001,0.057037431903789002
常规控制,35.983063282457536,467.76254302030554,33.703819376276392,23184.966983557377,6.7539423286883311,12606.751565700519,8562.1600331908012,4085.0482876227893,0,0,0,12.8872,0.32300000000000001,0.057031546984547418
常规控制,36,467.7224069859883,33.545240112433689,23184.992953307265,6.7182339359325223,12606.960019641549,8562.1696237653614,4085.0528633326608,0,0,0,12.8872,0.32300000000000001,0.057026653432977088
常规控制,36.003324016287749,467.71455244897703,33.514204797579737,23184.998035532379,6.7112482336202977,12607.000812970611,8562.1715006205159,4085.0537587894032,0,0,0,12.8872,0.32300000000000001,0.057025695775286704
常规控制,36.023584750117962,467.66683675117861,33.325655809699143,23185.028909652319,6.6688272599030469,12607.248624510066,8562.182902368726,4085.0591986190516,0,0,0,12.8872,0.32300000000000001,0.057019878079745456
常规控制,36.043845483948168,467.61939432687251,33.138166437433902,23185.059606952491,6.6266776423421572,12607.495008624026,8562.1942388177649,4085.0646072941463,0,0,0,12.8872,0.32300000000000001,0.057014093702840447
常规控制,36.064106217778381,467.572223585622,32.951730738938529,23185.090128461976,6.5847976272357149,12607.739973569393,8562.2055103476687,4085.0699849960065,0,0,0,12.8872,0.32300000000000001,0.057008342450659041
常规控制,36.084366951608594,467.52532294653133,32.766342805538656,23185.120475203683,6.543185472299359,12607.98352755511,8562.2167173361959,4085.0753319048608,0,0,0,12.8872,0.32300000000000001,0.057002624130451887
常规控制,36.104627685438807,467.47869083818506,32.581996761547238,23185.150648194391,6.5018394465916538,12608.22567874245,8562.2278601588387,4085.0806481998588,0,0,0,12.8872,0.32300000000000001,0.056996938550625494
常规控制,36.12488841926902,467.43232569858793,32.398686764082036,23185.18064844477,6.4607578304400022,12608.466435245286,8562.2389391888391,4085.0859340590764,0,0,0,12.8872,0.32300000000000001,0.05699128552073493
常规控制,36.145149153099233,467.38622597510539,32.21640700288409,23185.210476959444,6.419938915367017,12608.705805130367,8562.249954797202,4085.0911896595212,0,0,0,12.8872,0.32300000000000001,0.056985664851476568
常规控制,36.165409886929446,467.34039012440479,32.035151700137817,23185.240134737018,6.3793810040179464,12608.943796417587,8562.2609073527092,4085.0964151771414,0,0,0,12.8872,0.32300000000000001,0.056980076354680886
常规控制,36.185670620759659,467.29481661239612,31.85491511029117,23185.269622770113,6.3390824100877614,12609.180417080279,8562.2717972219343,4085.1016107868304,0,0,0,12.8872,0.32300000000000001,0.056974519843305288
常规控制,36.205931354589872,467.24950391417394,31.675691519876818,23185.298942045411,6.2990414582488814,12609.415675045457,8562.2826247692537,4085.1067766624355,0,0,0,12.8872,0.32300000000000001,0.056968995131426968
常规控制,36.226192088420085,467.2044505139595,31.497475247334755,23185.328093543681,6.259256484079617,12609.649578194112,8562.2933903568701,4085.1119129767626,0,0,0,12.8872,0.32300000000000001,0.056963502034235919
常规控制,36.246452822250298,467.15965490504288,31.320260642835663,23185.357078239838,6.2197258339929489,12609.882134361458,8562.3040943448104,4085.1170199015851,0,0,0,12.8872,0.32300000000000001,0.056958040368027825
常规控制,36.266713556080511,467.11511558972626,31.144042088105202,23185.385897102948,6.1804478651657675,12610.113351337221,8562.3147370909519,4085.1220976076474,0,0,0,12.8872,0.32300000000000001,0.056952609950197144
常规控制,36.286974289910724,467.07083107926678,30.968813996249317,23185.414551096299,6.1414209454685844,12610.343236865885,8562.325318951036,4085.1271462646737,0,0,0,12.8872,0.32300000000000001,0.056947210599230205
常规控制,36.307235023740937,467.02679989382034,30.794570811580467,23185.443041177408,6.1026434533957135,12610.571798646961,8562.3358402786707,4085.1321660413737,0,0,0,12.8872,0.32300000000000001,0.056941842134698259
常规控制,36.32749575757115,466.98302056238566,30.621307009444834,23185.471368298084,6.0641137779958987,12610.799044335257,8562.3463014253557,4085.1371571054492,0,0,0,12.8872,0.32300000000000001,0.056936504377250757
常规控制,36.347756491401363,466.93949162274868,30.449017096050458,23185.499533404436,6.0258303188034059,12611.024981541128,8562.3567027404879,4085.1421196236001,0,0,0,12.8872,0.32300000000000001,0.056931197148608503
常规控制,36.368017225231576,466.8962116214272,30.277695608296302,23185.527537436938,5.9877914857695576,12611.249617830737,8562.3670445713815,4085.1470537615301,0,0,0,12.8872,0.32300000000000001,0.056925920271556907
常规控制,36.388277959061789,466.85317911361608,30.10733711360227,23185.555381330425,5.9499956991947114,12611.472960726323,8562.3773272632752,4085.1519596839548,0,0,0,12.8872,0.32300000000000001,0.056920673569939358
常规控制,36.408538692891995,466.81039266313303,29.937936209740187,23185.583066014191,5.9124413896607022,12611.695017706443,8562.3875511593451,4085.1568375546062,0,0,0,12.8872,0.32300000000000001,0.056915456868650557
常规控制,36.428799426722207,466.767850842364,29.769487524665383,23185.610592411947,5.8751269979636342,12611.915796206225,8562.3977166007244,4085.1616875362383,0,0,0,12.8872,0.32300000000000001,0.056910269993629893
常规控制,36.44906016055242,466.72555223221013,29.601985716349816,23185.63796144192,5.83805097504725,12612.135303617639,8562.4078239265073,4085.1665097906375,0,0,0,12.8872,0.32300000000000001,0.056905112771854935
常规控制,36.469320894382633,466.68349542203362,29.43542547261546,23185.665174016849,5.8012117819365914,12612.353547289731,8562.4178734737707,4085.171304478622,0,0,0,12.8872,0.32300000000000001,0.056899985031334893
常规控制,36.489581628212846,466.64167900960535,29.269801510968904,23185.692231044042,5.7646078896721304,12612.570534528879,8562.4278655775761,4085.1760717600532,0,0,0,12.8872,0.32300000000000001,0.056894886601104193
常规控制,36.509842362043059,466.6001016010519,29.105108578436752,23185.719133425388,5.7282377792443313,12612.786272599044,8562.4378005709932,4085.1808117938408,0,0,0,12.8872,0.32300000000000001,0.056889817311215993
常规控制,36.530103095873272,466.55876181080333,28.941341451401932,23185.745882057417,5.69209994152859,12613.000768722013,8562.4476787851072,4085.1855247379458,0,0,0,12.8872,0.32300000000000001,0.056884776992735871
常规控制,36.550363829703485,466.51765826154116,28.778494935440936,23185.772477831313,5.6561928772206818,12613.21403007765,8562.4575005490315,4085.1902107493893,0,0,0,12.8872,0.32300000000000001,0.056879765477735468
常规控制,36.570624563533698,466.47678958414713,28.616563865162675,23185.798921632952,5.6205150967731088,12613.426063804131,8562.4672661899185,4085.1948699842583,0,0,0,12.8872,0.32300000000000001,0.056874782599286182
常规控制,36.590885297363911,466.43615441765166,28.455543104046797,23185.825214342938,5.5850651203308663,12613.636876998196,8562.4769760329727,4085.1995025977099,0,0,0,12.8872,0.32300000000000001,0.056869828191453003
常规控制,36.611146031194124,466.39575140918311,28.295427544283715,23185.851356836647,5.5498414776682239,12613.846476715384,8562.4866304014668,4085.2041087439779,0,0,0,12.8872,0.32300000000000001,0.056864902089288176
常规控制,36.631406765024337,466.355579213917,28.136212106615446,23185.877349984232,5.5148427081258617,12614.054869970278,8562.4962296167487,4085.2086885763797,0,0,0,12.8872,0.32300000000000001,0.056860004128825165
常规控制,36.65166749885455,466.31563649502624,27.977891740177224,23185.903194650673,5.4800673605483574,12614.26206373674,8562.5057739982531,4085.2132422473201,0,0,0,12.8872,0.32300000000000001,0.056855134147072467
常规控制,36.671928232684763,466.27592192363085,27.820461422340003,23185.928891695825,5.4455139932220966,12614.468064948151,8562.5152638635227,4085.2177699082972,0,0,0,12.8872,0.32300000000000001,0.056850291982007507
常规控制,36.692188966514976,466.23643417874871,27.663916158553807,23185.954441974409,5.4111811738135875,12614.672880497641,8562.524699528205,4085.2222717099112,0,0,0,12.8872,0.32300000000000001,0.056845477472570696
常规控制,36.712449700345189,466.19717194724615,27.508250982191981,23185.979846336086,5.3770674793081881,12614.876517238334,8562.5340813060775,4085.2267478018653,0,0,0,12.8872,0.32300000000000001,0.056840690458659318
常规控制,36.732710434175402,466.15813392378919,27.353460954396255,23186.00510562546,5.3431714959492274,12615.07898198357,8562.5434095090513,4085.2311983329737,0,0,0,12.8872,0.32300000000000001,0.056835930781121667
常规控制,36.752971168005608,466.11931881079533,27.199541163922735,23186.030220682125,5.3094918191775502,12615.280281507145,8562.552684447186,4085.2356234511672,0,0,0,12.8872,0.32300000000000001,0.056831198281751094
常规控制,36.773231901835821,466.08072531838462,27.046486726988466,23186.055192340689,5.2760270535713838,12615.480422543531,8562.5619064287002,4085.2400233034996,0,0,0,12.8872,0.32300000000000001,0.056826492803280101
常规控制,36.793492635666034,466.04235216433239,26.894292787119362,23186.080021430807,5.2427758127867223,12615.67941178812,8562.5710757599845,4085.2443980361504,0,0,0,12.8872,0.32300000000000001,0.056821814189374549
常规控制,36.813753369496247,466.0041980740217,26.742954514998431,23186.104708777209,5.2097367194979771,12615.877255897436,8562.5801927456087,4085.2487477944323,0,0,0,12.8872,0.32300000000000001,0.056817162284627847
常规控制,36.83401410332646,465.96626178039566,26.59246710831507,23186.129255199739,5.176908405339061,12616.073961489374,8562.5892576883398,4085.2530727227963,0,0,0,12.8872,0.32300000000000001,0.056812536934555159
常规控制,36.854274837156673,465.92854202391072,26.442825791615157,23186.153661513377,5.1442895108448496,12616.269535143418,8562.5982708891497,4085.2573729648366,0,0,0,12.8872,0.32300000000000001,0.056807937985587767
常规控制,36.874535570986886,465.89103755249027,26.29402581615193,23186.177928528265,5.1118786853930054,12616.463983400863,8562.6072326472204,4085.2616486632965,0,0,0,12.8872,0.32300000000000001,0.056803365285067249
常规控制,36.894796304817099,465.85374712147819,26.146062459737642,23186.202057049755,5.0796745871461795,12616.657312765048,8562.6161432599674,4085.2658999600726,0,0,0,12.8872,0.32300000000000001,0.056798818681240003
常规控制,36.915057038647312,465.81666949359249,25.998931026596079,23186.226047878416,5.0476758829945707,12616.849529701563,8562.6250030230422,4085.2701269962213,0,0,0,12.8872,0.32300000000000001,0.056794298023251463
常规控制,36.935317772477525,465.77980343888026,25.852626847215767,23186.249901810086,5.0158812484988502,12617.040640638481,8562.6338122303405,4085.2743299119634,0,0,0,12.8872,0.32300000000000001,0.056789803161140705
常规控制,36.955578506307738,465.74314773467177,25.707145278204305,23186.273619635886,4.984289367833604,12617.230651966569,8562.6425711740249,4085.2785088466903,0,0,0,12.8872,0.32300000000000001,0.056785333945834751
常规控制,36.975839240137951,465.70670116553589,25.562481702143753,23186.297202142247,4.9528989337313964,12617.419570039505,8562.6512801445224,4085.2826639389664,0,0,0,12.8872,0.32300000000000001,0.056780890229143212
常规控制,36.996099973968164,465.67046252323485,25.418631527445662,23186.320650110956,4.9217086474263549,12617.607401174102,8562.6599394305449,4085.2867953265368,0,0,0,12.8872,0.32300000000000001,0.056776471863752724
常规控制,37,465.66351064353654,25.391034514616045,23186.325148277756,4.9157276347609766,12617.643432912497,8562.6616005941778,4085.2875878758036,0,0,0,12.8872,0.32300000000000001,0.056775624261781246
常规控制,37.016360707798377,465.6344306066801,25.275590188207872,23186.343964319163,4.8907172185987982,12617.794151650513,8562.6685493190944,4085.2909031463323,0,0,0,12.8872,0.32300000000000001,0.056772078703221589
常规控制,37.03662144162859,465.59860422188785,25.133353144071766,23186.367145539436,4.8599233653200438,12617.979827712446,8562.6771100954757,4085.2949875344721,0,0,0,12.8872,0.32300000000000001,0.056767710601974379
常规控制,37.056882175458803,465.56298218193547,24.991915880080377,23186.390194539763,4.8293258139975563,12618.164435567391,8562.6856220433037,4085.2990486262725,0,0,0,12.8872,0.32300000000000001,0.056763367415296563
常规控制,37.077142909289016,465.52756330691761,24.851273906537205,23186.413112083588,4.7989232993204798,12618.347981386802,8562.6940854445202,4085.3030865562478,0,0,0,12.8872,0.32300000000000001,0.056759048999329181
常规控制,37.097403643119229,465.4923464239032,24.711422758865883,23186.435898929849,4.7687145642055127,12618.53047130634,8562.7025005794021,4085.3071014581178,0,0,0,12.8872,0.32300000000000001,0.056754755211063629
常规控制,37.117664376949435,465.45733036689205,24.572357997470611,23186.458555833007,4.7386983597431565,12618.711911426053,8562.7108677265624,4085.3110934648134,0,0,0,12.8872,0.32300000000000001,0.056750485908336333
常规控制,37.137925110779648,465.42251397677251,24.43407520759715,23186.481083543047,4.7088734451442784,12618.892307810604,8562.7191871629748,4085.3150627084792,0,0,0,12.8872,0.32300000000000001,0.056746240949823591
常规控制,37.158185844609861,465.38789610127873,24.296569999195047,23186.503482805543,4.6792385876871041,12619.071666489463,8562.7274591639762,4085.3190093204776,0,0,0,12.8872,0.32300000000000001,0.056742020195036373
常规控制,37.178446578440074,465.35347559494852,24.159838006780156,23186.52575436165,4.6497925626644756,12619.249993457121,8562.7356840032753,4085.3229334313992,0,0,0,12.8872,0.32300000000000001,0.056737823504315207
常规控制,37.198707312270287,465.31925131908179,24.023874889298106,23186.547898948163,4.6205341533314881,12619.427294673291,8562.7438619529676,4085.3268351710603,0,0,0,12.8872,0.32300000000000001,0.056733650738825046
常规控制,37.2189680461005,465.28522214169845,23.888676329988517,23186.569917297522,4.5914621508534657,12619.603576063102,8562.7519932835403,4085.3307146685124,0,0,0,12.8872,0.32300000000000001,0.056729501760550194
常规控制,37.239228779930713,465.2513869374975,23.754238036249916,23186.591810137845,4.5625753542542631,12619.778843517321,8562.7600782638874,4085.334572052046,0,0,0,12.8872,0.32300000000000001,0.056725376432289282
常规控制,37.259489513760926,465.21774458781562,23.620555739505406,23186.613578192948,4.5338725703649043,12619.95310289253,8562.7681171613149,4085.3384074491933,0,0,0,12.8872,0.32300000000000001,0.056721274617650246
常规控制,37.279750247591139,465.18429398058669,23.487625195069036,23186.635222182398,4.5053526137725495,12620.12636001134,8562.7761102415534,4085.3422209867367,0,0,0,12.8872,0.32300000000000001,0.056717196181045378
常规控制,37.300010981421352,465.1510340103008,23.355442182012936,23186.656742821502,4.4770143067697825,12620.298620662581,8562.7840577687639,4085.3460127907092,0,0,0,12.8872,0.32300000000000001,0.056713140987686345
常规控制,37.320271715251565,465.11796357796453,23.224002503035106,23186.678140821354,4.4488564793042196,12620.469890601511,8562.7919600055557,4085.3497829864014,0,0,0,12.8872,0.32300000000000001,0.056709108903579296
常规控制,37.340532449081778,465.0850815910606,23.093301984327958,23186.69941688886,4.4208779689284361,12620.64017554999,8562.7998172129865,4085.3535316983671,0,0,0,12.8872,0.32300000000000001,0.056705099795520006
常规控制,37.360793182911991,465.05238696350818,22.963336475447949,23186.720571726764,4.3930776207504856,12620.809481196695,8562.8076296505787,4085.3572590504227,0,0,0,12.8872,0.32300000000000001,0.056701113531088997
常规控制,37.381053916742204,465.01987861562361,22.834101849185732,23186.741606033669,4.3654542873845967,12620.977813197305,8562.8153975763234,4085.3609651656598,0,0,0,12.8872,0.32300000000000001,0.05669714997864677
常规控制,37.401314650572417,464.98755547408098,22.705594001436431,23186.76252050406,4.3380068289018174,12621.145177174687,8562.8231212466908,4085.3646501664412,0,0,0,12.8872,0.32300000000000001,0.056693209007328993
常规控制,37.42157538440263,464.95541647187338,22.57780885107136,23186.783315828339,4.3107341127814269,12621.3115787191,8562.8308009166485,4085.3683141744123,0,0,0,12.8872,0.32300000000000001,0.05668929048704175
常规控制,37.441836118232843,464.92346054827397,22.450742339810116,23186.80399269284,4.2836350138625097,12621.477023388379,8562.8384368396582,4085.3719573105009,0,0,0,12.8872,0.32300000000000001,0.056685394288456828
常规控制,37.462096852063048,464.89168664879764,22.324390432093502,23186.824551779864,4.2567084142958542,12621.641516708116,8562.84602926769,4085.3755796949231,0,0,0,12.8872,0.32300000000000001,0.056681520283007041
常规控制,37.482357585893261,464.86009372516281,22.1987491149569,23186.844993767689,4.2299532034961302,12621.80506417186,8562.8535784512314,4085.3791814471892,0,0,0,12.8872,0.32300000000000001,0.05667766834288155
常规控制,37.502618319723474,464.8286807352535,22.073814397904787,23186.865319330616,4.203368278094473,12621.967671241297,8562.8610846393003,4085.3827626861053,0,0,0,12.8872,0.32300000000000001,0.056673838341021271
常规控制,37.522879053553687,464.79744664308163,21.949582312785537,23186.88552913897,4.1769525418912918,12622.129343346438,8562.8685480794447,4085.386323529779,0,0,0,12.8872,0.32300000000000001,0.056670030151114228
常规控制,37.5431397873839,464.76639041874949,21.826048913667098,23186.905623859137,4.1507049058094303,12622.290085885803,8562.8759690177631,4085.3898640956236,0,0,0,12.8872,0.32300000000000001,0.056666243647591055
常规控制,37.563400521214113,464.73551103841271,21.703210276713314,23186.925604153592,4.1246242878476291,12622.449904226598,8562.8833476989057,4085.393384500363,0,0,0,12.8872,0.32300000000000001,0.05666247870562037
常规控制,37.583661255044326,464.70480748424319,21.581062500060952,23186.945470680916,4.0987096130342922,12622.608803704912,8562.8906843660807,4085.3968848600348,0,0,0,12.8872,0.32300000000000001,0.056658735201104357
常规控制,37.603921988874539,464.67427874439221,21.459601703697388,23186.965224095813,4.0729598133815452,12622.766789625881,8562.8979792610735,4085.4003652899942,0,0,0,12.8872,0.32300000000000001,0.056655013010674264
常规控制,37.624182722704752,464.64392381295437,21.338824029338937,23186.984865049151,4.0473738278396061,12622.92386726388,8562.9052326242472,4085.4038259049203,0,0,0,12.8872,0.32300000000000001,0.056651312011685905
常规控制,37.644443456534965,464.61374168993092,21.218725640309895,23187.004394187974,4.0219506022514375,12623.0800418627,8562.9124446945516,4085.4072668188178,0,0,0,12.8872,0.32300000000000001,0.0566476320822153
常规控制,37.664704190365178,464.58373138119396,21.099302721422198,23187.023812155519,3.9966890893076936,12623.235318635721,8562.9196157095375,4085.4106881450216,0,0,0,12.8872,0.32300000000000001,0.056643973101054255
常规控制,37.684964924195391,464.55389189845067,20.980551478855734,23187.043119591264,3.9715882485019525,12623.389702766095,8562.9267459053553,4085.4140899962026,0,0,0,12.8872,0.32300000000000001,0.056640334947706018
常规控制,37.705225658025604,464.52422225920765,20.86246814003934,23187.062317130916,3.9466470460862393,12623.543199406917,8562.9338355167783,4085.4174724843706,0,0,0,12.8872,0.32300000000000001,0.056636717502380932
常规控制,37.725486391855817,464.49472148673573,20.745048953532375,23187.081405406465,3.9218644550268227,12623.695813681405,8562.9408847771938,4085.4208357208763,0,0,0,12.8872,0.32300000000000001,0.056633120645992102
常规控制,37.74574712568603,464.46538861003467,20.628290188907009,23187.100385046193,3.8972394549603036,12623.847550683073,8562.9478939186283,4085.4241798164198,0,0,0,12.8872,0.32300000000000001,0.056629544260151203
常规控制,37.766007859516243,464.43622266379862,20.512188136631639,23187.119256674687,3.8727710321503337,12623.998415475899,8562.9548631717371,4085.42750488105,0,0,0,12.8872,0.32300000000000001,0.056625988227164088
常规控制,37.786268593346456,464.40722268838141,20.396739107954193,23187.138020912884,3.8484581794441146,12624.148413094501,8562.9617927658346,4085.4308110241714,0,0,0,12.8872,0.32300000000000001,0.056622452430026768
常规控制,37.806529327176662,464.37838772976198,20.28193943478631,23187.15667837808,3.8242998962293147,12624.297548544309,8562.9686829288839,4085.4340983545476,0,0,0,12.8872,0.32300000000000001,0.05661893675242103
常规控制,37.826790061006875,464.34971683951017,20.167785469588175,23187.175229683944,3.8002951883913618,12624.445826801733,8562.9755338875148,4085.4373669803049,0,0,0,12.8872,0.32300000000000001,0.056615441078710325
常规控制,37.847050794837088,464.32120907475309,20.054273585254251,23187.193675440558,3.7764430682710217,12624.593252814329,8562.9823458670271,4085.4406170089346,0,0,0,12.8872,0.32300000000000001,0.056611965293935709
常规控制,37.867311528667301,464.292863498141,19.941400174999245,23187.212016254431,3.7527425546221722,12624.739831500972,8562.9891190914022,4085.4438485472997,0,0,0,12.8872,0.32300000000000001,0.056608509283811614
常规控制,37.887572262497514,464.26467917781417,19.829161652244935,23187.230252728514,3.7291926725698992,12624.885567752024,8562.9958537833099,4085.4470617016368,0,0,0,12.8872,0.32300000000000001,0.056605072934721813
常规控制,37.907832996327727,464.23665518736908,19.717554450507549,23187.24838546223,3.7057924535688658,12625.030466429491,8563.0025501641157,4085.4502565775606,0,0,0,12.8872,0.32300000000000001,0.056601656133715379
常规控制,37.92809373015794,464.2087906058257,19.606575023285803,23187.26641505149,3.6825409353619558,12625.174532367202,8563.0092084538901,4085.4534332800677,0,0,0,12.8872,0.32300000000000001,0.0565982587685026
常规控制,37.948354463988153,464.18108451759451,19.496219843949547,23187.284342088726,3.6594371619391866,12625.317770370957,8563.0158288714156,4085.4565919135398,0,0,0,12.8872,0.32300000000000001,0.056594880727451023
常规控制,37.968615197818366,464.15353601244391,19.386485405628999,23187.302167162889,3.6364801834968956,12625.460185218704,8563.0224116341906,4085.4597325817472,0,0,0,12.8872,0.32300000000000001,0.056591521899581422
常规控制,37.988875931648579,464.12614418546752,19.277368221104659,23187.319890859504,3.6136690563971876,12625.601781660693,8563.0289569584475,4085.4628553878547,0,0,0,12.8872,0.32300000000000001,0.056588182174563878
常规控制,38,464.11117112311916,19.217719134943689,23187.329579078356,3.6012063896996334,12625.679178257051,8563.0325347974958,4085.4645623923047,0,0,0,12.8872,0.32300000000000001,0.056586356596775397
常规控制,38.009136665478792,464.09890813705221,19.168864822697721,23187.337513760649,3.5910028431276535,12625.742564419637,8563.0354650591489,4085.4659604344224,0,0,0,12.8872,0.32300000000000001,0.056584861442713824
常规控制,38.029397399309005,464.071826972846,19.060971762161198,23187.355036445017,3.5684806122613399,12625.882538190879,8563.0419361499989,4085.4690478234111,0,0,0,12.8872,0.32300000000000001,0.056581559594988159
常规控制,38.049658133139218,464.04489980372597,18.953685610571561,23187.372459487902,3.5461014384169856,12626.021707642549,8563.048370443461,4085.4721176561848,0,0,0,12.8872,0.32300000000000001,0.056578276522981329
常规控制,38.069918866969431,464.01812574576707,18.847002958221005,23187.389783461247,3.5238644022195067,12626.160077415712,8563.0547681507451,4085.4751700335155,0,0,0,12.8872,0.32300000000000001,0.056575012118921547
常规控制,38.090179600799644,463.99150392021011,18.740920414510263,23187.407008933642,3.5017685902607369,12626.297652124542,8563.0611294818355,4085.4782050555868,0,0,0,12.8872,0.32300000000000001,0.056571766275666839
常规控制,38.110440334629857,463.9650334534312,18.635434607842065,23187.424136470359,3.4798130950604156,12626.434436356469,8563.0674546454848,4085.4812228219957,0,0,0,12.8872,0.32300000000000001,0.056568538886701374
常规控制,38.13070106846007,463.93871347691021,18.530542185515092,23187.441166633376,3.457997015027424,12626.570434672334,8563.0737438492288,4085.4842234317575,0,0,0,12.8872,0.32300000000000001,0.056565329846131572
常规控制,38.150961802290283,463.91254312720002,18.426239813618643,23187.458099981377,3.4363194544213091,12626.70565160655,8563.0799972993864,4085.4872069833104,0,0,0,12.8872,0.32300000000000001,0.056562139048682368
常规控制,38.171222536120489,463.88652154589624,18.322524176928304,23187.474937069786,3.4147795233143605,12626.840091667245,8563.0862152010795,4085.4901735745166,0,0,0,12.8872,0.32300000000000001,0.056558966389693557
常规控制,38.191483269950702,463.86064787960635,18.219391978801145,23187.49167845078,3.3933763375532933,12626.973759336426,8563.0923977582224,4085.4931233026664,0,0,0,12.8872,0.32300000000000001,0.05655581176511601
常规控制,38.211744003780915,463.83492127991968,18.116839941072371,23187.508324673323,3.3721090187216292,12627.106659070128,8563.0985451735487,4085.4960562644837,0,0,0,12.8872,0.32300000000000001,0.056552675071507935
常规控制,38.232004737611128,463.80934090337735,18.014864803952168,23187.524876283165,3.3509766941022061,12627.238795298565,8563.1046576486024,4085.4989725561268,0,0,0,12.8872,0.32300000000000001,0.05654955620603138
常规控制,38.252265471441341,463.78390591144239,17.913463325923203,23187.541333822886,3.3299784966399346,12627.370172426274,8563.1107353837524,4085.5018722731929,0,0,0,12.8872,0.32300000000000001,0.056546455066448412
常规控制,38.272526205271554,463.75861547046998,17.812632283638699,23187.557697831879,3.3091135649048051,12627.500794832273,8563.1167785782036,4085.5047555107221,0,0,0,12.8872,0.32300000000000001,0.056543371551117612
常规控制,38.292786939101767,463.73346875167823,17.712368471821055,23187.573968846405,3.2883810430551343,12627.630666870205,8563.1227874299893,4085.5076223631991,0,0,0,12.8872,0.32300000000000001,0.056540305558990443
常规控制,38.31304767293198,463.70846493111844,17.612668703161056,23187.590147399598,3.2677800808010562,12627.759792868486,8563.128762135997,4085.5104729245595,0,0,0,12.8872,0.32300000000000001,0.056537256989607702
常规控制,38.333308406762193,463.68360318964653,17.513529808217612,23187.606234021478,3.2473098333682571,12627.888177130455,8563.1347028919627,4085.5133072881881,0,0,0,12.8872,0.32300000000000001,0.056534225743095926
常规控制,38.353569140592406,463.65888271289384,17.414948635318087,23187.622229238972,3.2269694614619477,12628.01582393452,8563.1406098924799,4085.5161255469284,0,0,0,12.8872,0.32300000000000001,0.056531211720163899
常规控制,38.373829874422619,463.63430269123836,17.316922050459137,23187.638133575947,3.2067581312310693,12628.142737534292,8563.146483331011,4085.5189277930804,0,0,0,12.8872,0.32300000000000001,0.056528214822099181
常规控制,38.394090608252831,463.60986231977631,17.219446937208144,23187.653947553204,3.1866750142327378,12628.268922158742,8563.1523233998851,4085.521714118408,0,0,0,12.8872,0.32300000000000001,0.056525234950764551
常规控制,38.414351342083044,463.58556079829361,17.122520196605148,23187.66967168852,3.1667192873969139,12628.394382012346,8563.1581302903196,4085.5244846141391,0,0,0,12.8872,0.32300000000000001,0.05652227200859461
常规控制,38.434612075913257,463.56139733123803,17.02613874706535,23187.685306496656,3.1468901329913073,12628.519121275214,8563.1639041924082,4085.5272393709711,0,0,0,12.8872,0.32300000000000001,0.056519325898592321
常规控制,38.45487280974347,463.53737112769085,16.930299524282116,23187.700852489364,3.1271867385865009,12628.643144103242,8563.1696452951473,4085.5299784790723,0,0,0,12.8872,0.32300000000000001,0.056516396524325586
常规控制,38.475133543573683,463.51348140133899,16.834999481130541,23187.716310175427,3.1076082970213035,12628.76645462825,8563.1753537864261,4085.5327020280865,0,0,0,12.8872,0.32300000000000001,0.056513483789923886
常规控制,38.495394277403896,463.48972737044784,16.740235587571512,23187.731680060653,3.088154006368319,12628.889056958124,8563.1810298530381,4085.5354101071352,0,0,0,12.8872,0.32300000000000001,0.05651058760007488
常规控制,38.515655011234102,463.46610825783296,16.646004830556336,23187.746962647921,3.0688230698997443,12629.010955176953,8563.1866736806969,4085.5381028048218,0,0,0,12.8872,0.32300000000000001,0.056507707860021017
常规控制,38.535915745064315,463.44262329083369,16.552304213931713,23187.762158437181,3.0496146960533483,12629.132153345166,8563.1922854540298,4085.5407802092327,0,0,0,12.8872,0.32300000000000001,0.056504844475556329
常规控制,38.556176478894528,463.4192717012852,16.459130758345729,23187.777267925452,3.0305280983988365,12629.25265549968,8563.1978653565911,4085.5434424079435,0,0,0,12.8872,0.32300000000000001,0.05650199735302297
常规控制,38.576437212724741,463.39605272549232,16.366481501154208,23187.7922916069,3.0115624956044944,12629.372465654016,8563.2034135708655,4085.5460894880189,0,0,0,12.8872,0.32300000000000001,0.056499166399308041
常规控制,38.596697946554954,463.37296560420202,16.274353496327027,23187.807229972772,2.9927171114036053,12629.491587798459,8563.2089302782806,4085.5487215360176,0,0,0,12.8872,0.32300000000000001,0.056496351521840293
常规控制,38.616958680385167,463.35000958257729,16.182743814355515,23187.822083511495,2.9739911745614767,12629.610025900174,8563.214415659204,4085.5513386379944,0,0,0,12.8872,0.32300000000000001,0.056493552628586859
常规控制,38.63721941421538,463.32718391017045,16.091649542160187,23187.836852708639,2.9553839188425677,12629.72778390335,8563.2198698929587,4085.5539408795048,0,0,0,12.8872,0.32300000000000001,0.056490769628050053
常规控制,38.657480148045593,463.30448784089697,16.001067782999016,23187.851538046951,2.9368945829778332,12629.844865729339,8563.2252931578205,4085.5565283456058,0,0,0,12.8872,0.32300000000000001,0.056488002429264154
常规控制,38.677740881875806,463.28192063300924,15.910995656376169,23187.866140006376,2.9185224106322813,12629.961275276773,8563.2306856310315,4085.5591011208603,0,0,0,12.8872,0.32300000000000001,0.056485250941792214
常规控制,38.698001615706019,463.2594815490707,15.82143029795129,23187.88065906406,2.9002666503727506,12630.07701642171,8563.2360474888046,4085.5616592893393,0,0,0,12.8872,0.32300000000000001,0.056482515075722939
常规控制,38.718262349536232,463.23716985593006,15.732368859449279,23187.895095694388,2.8821265556358964,12630.192093017758,8563.2413789063266,4085.5642029346272,0,0,0,12.8872,0.32300000000000001,0.056479794741667456
常规控制,38.738523083366445,463.21498482469553,15.64380850857057,23187.909450368992,2.8641013846963945,12630.30650889621,8563.2466800577677,4085.56673213982,0,0,0,12.8872,0.32300000000000001,0.056477089850756279
常规控制,38.758783817196658,463.19292573070965,15.555746428901909,23187.923723556742,2.8461904006353502,12630.420267866173,8563.2519511162864,4085.5692469875335,0,0,0,12.8872,0.32300000000000001,0.056474400314636151
常规控制,38.779044551026871,463.17099185352356,15.468179819827633,23187.937915723815,2.8283928713089117,12630.533373714692,8563.2571922540355,4085.5717475599008,0,0,0,12.8872,0.32300000000000001,0.056471726045466991
常规控制,38.799305284857084,463.14918247687228,15.38110589644142,23187.952027333653,2.8107080693170952,12630.64583020688,8563.2624036421676,4085.5742339385811,0,0,0,12.8872,0.32300000000000001,0.056469066955918773
常规控制,38.819566018687297,463.1274968886496,15.294521889458553,23187.966058847025,2.7931352719728069,12630.757641086057,8563.2675854508416,4085.5767062047576,0,0,0,12.8872,0.32300000000000001,0.056466422959168573
常规控制,38.83982675251751,463.10593438088279,15.208425045128633,23187.980010722022,2.7756737612710674,12630.868810073862,8563.2727378492273,4085.5791644391429,0,0,0,12.8872,0.32300000000000001,0.056463793968897433
常规控制,38.860087486347716,463.08449424970877,15.122812625148832,23187.99388341407,2.7583228238584376,12630.979340870381,8563.2778610055157,4085.581608721981,0,0,0,12.8872,0.32300000000000001,0.056461179899287436
常规控制,38.880348220177929,463.0631757953488,15.037681906577436,23188.007677375957,2.7410817510026169,12631.08923715428,8563.282955086921,4085.5840391330494,0,0,0,12.8872,0.32300000000000001,0.056458580665018646
常规控制,38.900608954008142,463.04197832208462,14.95303018174819,23188.021393057843,2.7239498385622838,12631.198502582929,8563.2880202596825,4085.5864557516643,0,0,0,12.8872,0.32300000000000001,0.056455996181266253
常规控制,38.920869687838355,463.02090113823391,14.868854758184783,23188.035030907278,2.7069263869570817,12631.307140792514,8563.2930566890827,4085.5888586566812,0,0,0,12.8872,0.32300000000000001,0.056453426363697434
常规控制,38.941130421668568,462.99994355612637,14.78515295851596,23188.048591369214,2.6900107011378114,12631.415155398176,8563.29806453944,4085.5912479264971,0,0,0,12.8872,0.32300000000000001,0.056450871128468617
常规控制,38.961391155498781,462.97910489207987,14.701922120391343,23188.062074886016,2.6732020905569902,12631.522549994121,8563.3030439741233,4085.5936236390562,0,0,0,12.8872,0.32300000000000001,0.056448330392222419
常规控制,38.981651889328994,462.95838446637651,14.619159596397513,23188.0754818975,2.6564998691394792,12631.629328153751,8563.3079951555483,4085.5959858718488,0,0,0,12.8872,0.32300000000000001,0.056445804072084847
常规控制,39,462.93972151668777,14.544611781904951,23188.087557633029,2.6414655742643469,12631.72549747728,8563.3124546995368,4085.5981135420229,0,0,0,12.8872,0.32300000000000001,0.0564435286079462
常规控制,39.001912623159207,462.93778160323944,14.53686275397429,23188.088812840921,2.6399033552531233,12631.735493429778,8563.3129182451976,4085.5983347019173,0,0,0,12.8872,0.32300000000000001,0.056443292085662344
常规控制,39.02217335698942,462.91729563080861,14.455028975331842,23188.102068150998,2.6234118716798269,12631.841049354347,8563.3178134036098,4085.6006702058576,0,0,0,12.8872,0.32300000000000001,0.056440794351038985
常规控制,39.042434090819633,462.89692588111814,14.37365565736812,23188.115248259935,2.6070247455867266,12631.945999439155,8563.3226807903993,4085.6029924598201,0,0,0,12.8872,0.32300000000000001,0.056438310786773582
常规控制,39.062694824649846,462.8766716900729,14.29274021158675,23188.128353597436,2.5907413084975586,12632.050347175573,8563.3275205642494,4085.6053015395155,0,0,0,12.8872,0.32300000000000001,0.056435841311896932
常规控制,39.082955558480059,462.8565323974255,14.212280064015406,23188.141384590701,2.5745608962642148,12632.154096034759,8563.332332882932,4085.6075975202161,0,0,0,12.8872,0.32300000000000001,0.056433385845908915
常规控制,39.103216292310272,462.83650734675336,14.132272655124611,23188.154341664471,2.5584828490384921,12632.257249467781,8563.3371179032947,4085.6098804767557,0,0,0,12.8872,0.32300000000000001,0.056430944308775773
常规控制,39.123477026140485,462.81659588543579,14.052715439747011,23188.167225241014,2.542506511244023,12632.359810905726,8563.3418757812888,4085.6121504835382,0,0,0,12.8872,0.32300000000000001,0.056428516620927301
常规控制,39.143737759970698,462.79679736463208,13.973605886997092,23188.180035740159,2.5266312315484001,12632.461783759829,8563.3466066719502,4085.6144076145333,0,0,0,12.8872,0.32300000000000001,0.056426102703254127
常规控制,39.163998493800911,462.77711113925795,13.894941480191349,23188.192773579311,2.510856362835471,12632.563171421574,8563.3513107294257,4085.6166519432845,0,0,0,12.8872,0.32300000000000001,0.056423702477104924
常规控制,39.184259227631124,462.75753656796439,13.81671971676889,23188.205439173438,2.4951812621778293,12632.663977262819,8563.355988106965,4085.6188835429089,0,0,0,12.8872,0.32300000000000001,0.056421315864283762
常规控制,39.204519961461337,462.73807301311444,13.73893810821248,23188.218032935129,2.4796052908094737,12632.764204635905,8563.3606389569359,4085.6211024861,0,0,0,12.8872,0.32300000000000001,0.056418942787047309
常规控制,39.224780695291543,462.71871984076205,13.661594179970058,23188.230555274564,2.4641278140986542,12632.86385687377,8563.3652634308182,4085.6233088451309,0,0,0,12.8872,0.32300000000000001,0.056416583168102212
常规控制,39.245041429121756,462.69947642062937,13.584685471376527,23188.243006599572,2.4487482015208686,12632.962937290069,8563.369861679219,4085.6255026918561,0,0,0,12.8872,0.32300000000000001,0.0564142369306024
常规控制,39.265302162951969,462.68034212608558,13.508209535576274,23188.255387315607,2.4334658266320801,12633.061449179268,8563.37443385187,4085.6276840977157,0,0,0,12.8872,0.32300000000000001,0.056411903998146454
常规控制,39.285562896782181,462.66131633412493,13.432163939445809,23188.267697825773,2.4182800670420619,12633.15939581678,8563.3789800976447,4085.6298531337343,0,0,0,12.8872,0.32300000000000001,0.056409584294774918
常规控制,39.305823630612394,462.64239842534545,13.356546263516988,23188.279938530857,2.4031903043879286,12633.256780459058,8563.3835005645451,4085.6320098705278,0,0,0,12.8872,0.32300000000000001,0.056407277744967732
常规控制,39.326084364442607,462.62358778392718,13.281354101900609,23188.292109829319,2.3881959243078343,12633.35360634371,8563.3879953997257,4085.6341543783019,0,0,0,12.8872,0.32300000000000001,0.056404984273641615
常规控制,39.34634509827282,462.60488379761148,13.206585062210445,23188.30421211732,2.3732963164148493,12633.449876689609,8563.392464749486,4085.6362867268585,0,0,0,12.8872,0.32300000000000001,0.056402703806147411
常规控制,39.366605832103033,462.58628585767963,13.132236765488026,23188.316245788723,2.3584908742712041,12633.545594697003,8563.3969087592795,4085.6384069855931,0,0,0,12.8872,0.32300000000000001,0.056400436268267636
常规控制,39.386866565933246,462.56779335893168,13.058306846127335,23188.328211235119,2.3437789953623951,12633.640763547623,8563.4013275737198,4085.640515223502,0,0,0,12.8872,0.32300000000000001,0.056398181586213798
常规控制,39.407127299763459,462.54940569966612,12.984792951800076,23188.340108845841,2.3291600810715534,12633.735386404789,8563.4057213365868,4085.6426115091826,0,0,0,12.8872,0.32300000000000001,0.056395939686623958
常规控制,39.427388033593672,462.53112228165867,12.911692743381451,23188.35193900796,2.3146335366540538,12633.829466413516,8563.4100901908241,4085.6446959108353,0,0,0,12.8872,0.32300000000000001,0.056393710496560126
常规控制,39.447648767423885,462.51294251014184,12.839003894876312,23188.363702106311,2.3001987712122398,12633.923006700623,8563.4144342785548,4085.6467684962668,0,0,0,12.8872,0.32300000000000001,0.056391493943505809
常规控制,39.467909501254098,462.4948657937847,12.766724093345697,23188.37539852352,2.2858551976703207,12634.016010374844,8563.418753741078,4085.6488293328912,0,0,0,12.8872,0.32300000000000001,0.056389289955363471
常规控制,39.488170235084311,462.47689154467213,12.694851038833791,23188.387028639994,2.2716022327494367,12634.108480526917,8563.4230487188743,4085.6508784877337,0,0,0,12.8872,0.32300000000000001,0.056387098460452055
常规控制,39.508430968914524,462.45901917828496,12.623382444295295,23188.398592833939,2.2574392969428869,12634.200420229707,8563.4273193516201,4085.6529160274335,0,0,0,12.8872,0.32300000000000001,0.05638491938750459
常规控制,39.528691702744737,462.4412481134799,12.552316035523202,23188.410091481375,2.2433658144915252,12634.291832538296,8563.4315657781772,4085.6549420182428,0,0,0,12.8872,0.32300000000000001,0.056382752665665663
常规控制,39.54895243657495,462.42357777246912,12.481649551076977,23188.42152495616,2.2293812133593143,12634.382720490099,8563.4357881366104,4085.6569565260334,0,0,0,12.8872,0.32300000000000001,0.05638059822448898
常规控制,39.569213170405156,462.40600758080103,12.411380742211158,23188.432893629993,2.2154849252090476,12634.473087104951,8563.4399865641863,4085.6589596162944,0,0,0,12.8872,0.32300000000000001,0.056378455993935046
常规控制,39.589473904235369,462.38853696734014,12.34150737280423,23188.444197872421,2.2016763853782058,12634.562935385224,8563.4441611973762,4085.6609513541384,0,0,0,12.8872,0.32300000000000001,0.05637632590436864
常规控制,39.609734638065582,462.37116536424759,12.272027219288148,23188.455438050856,2.1879550328550179,12634.65226831592,8563.4483121718695,4085.6629318043028,0,0,0,12.8872,0.32300000000000001,0.056374207886556504
常规控制,39.629995371895795,462.35389220696192,12.202938070577977,23188.466614530596,2.1743203102546294,12634.741088864776,8563.4524396225679,4085.6649010311498,0,0,0,12.8872,0.32300000000000001,0.056372101871664942
常规控制,39.650256105726008,462.33671693417921,12.134237728002084,23188.477727674832,2.1607716637954493,12634.829399982358,8563.4565436835946,4085.666859098671,0,0,0,12.8872,0.32300000000000001,0.05637000779125749
常规控制,39.670516839556221,462.31963898783431,12.065924005232645,23188.48877784465,2.1473085432756416,12634.917204602172,8563.4606244883016,4085.6688060704878,0,0,0,12.8872,0.32300000000000001,0.056367925577292519
常规控制,39.690777573386434,462.30265781308151,11.997994728216554,23188.499765399065,2.133930402049772,12635.004505640751,8563.4646821692695,4085.6707420098573,0,0,0,12.8872,0.32300000000000001,0.056365855162120941
常规控制,39.711038307216647,462.28577285827549,11.930447735106709,23188.510690695017,2.1206366970055965,12635.091305997763,8563.4687168583168,4085.6726669796676,0,0,0,12.8872,0.32300000000000001,0.056363796478483864
常规控制,39.73129904104686,462.26898357495264,11.863280876193663,23188.521554087376,2.1074268885410028,12635.177608556101,8563.4727286864963,4085.6745810424482,0,0,0,12.8872,0.32300000000000001,0.056361749459510349
常规控制,39.751559774877073,462.25228941781222,11.796492013837705,23188.532355928983,2.0943004405411241,12635.26341618199,8563.4767177841113,4085.6764842603652,0,0,0,12.8872,0.32300000000000001,0.056359714038715057
常规控制,39.771820508707286,462.2356898446975,11.730079022401597,23188.543096570636,2.0812568203557724,12635.348731725069,8563.4806842807102,4085.6783766952271,0,0,0,12.8872,0.32300000000000001,0.056357690149996004
常规控制,39.792081242537499,462.21918431657758,11.664039788183073,23188.553776361114,2.0682954987766591,12635.433558018514,8563.4846283050956,4085.6802584084867,0,0,0,12.8872,0.32300000000000001,0.056355677727632301
常规控制,39.812341976367712,462.20277229752878,11.598372209348115,23188.564395647172,2.0554159500149947,12635.517897879097,8563.4885499853281,4085.6821294612414,0,0,0,12.8872,0.32300000000000001,0.056353676706281913
常规控制,39.832602710197925,462.1864532547163,11.533074195864522,23188.57495477359,2.0426176516792012,12635.601754107312,8563.4924494487295,4085.6839899142374,0,0,0,12.8872,0.32300000000000001,0.056351687020979431
常规控制,39.852863444028138,462.17022665837618,11.468143669435852,23188.585454083142,2.0299000847527582,12635.685129487456,8563.4963268218853,4085.68583982787,0,0,0,12.8872,0.32300000000000001,0.056349708607133814
常规控制,39.873124177858351,462.15409198179697,11.403578563435708,23188.595893916634,2.0172627335721929,12635.768026787726,8563.5001822306567,4085.6876792621874,0,0,0,12.8872,0.32300000000000001,0.056347741400526237
常规控制,39.893384911688564,462.13804870130201,11.339376822842405,23188.606274612903,2.0047050858052189,12635.850448760311,8563.5040158001757,4085.689508276892,0,0,0,12.8872,0.32300000000000001,0.056345785337307858
常规控制,39.91364564551877,462.12209629623135,11.275536404174028,23188.616596508848,1.9922266324290256,12635.932398141484,8563.5078276548556,4085.6913269313409,0,0,0,12.8872,0.32300000000000001,0.056343840353997685
常规控制,39.933906379348983,462.10623424892418,11.212055275423747,23188.62685993941,1.9798268677086861,12636.0138776517,8563.5116179183933,4085.693135284549,0,0,0,12.8872,0.32300000000000001,0.056341906387480323
常规控制,39.954167113179196,462.09046204470116,11.148931415995699,23188.63706523761,1.9675052891757545,12636.094889995684,8563.5153867137687,4085.6949333951948,0,0,0,12.8872,0.32300000000000001,0.056339983375003982
常规控制,39.974427847009409,462.07477917184673,11.086162816641014,23188.647212734551,1.9552613976069575,12636.175437862517,8563.5191341632617,4085.6967213216139,0,0,0,12.8872,0.32300000000000001,0.056338071254178168
常规控制,39.994688580839622,462.05918512159195,11.023747479394318,23188.657302759431,1.9430946970030487,12636.255523925744,8563.5228603884407,4085.6984991218101,0,0,0,12.8872,0.32300000000000001,0.056336169962971638
常规控制,40,462.05511172068361,11.007443285089142,23188.659938425972,1.939917864569253,12636.276442686849,8563.5238337346073,4085.6989635100108,0,0,0,12.8872,0.32300000000000001,0.056335673317058535
常规控制,40.014949314669835,462.04367938809673,10.961683417510548,23188.667335639548,1.9310046945677937,12636.335150843443,8563.5265655101794,4085.7002668534515,0,0,0,12.8872,0.32300000000000001,0.056334279439710304
常规控制,40.035210048500048,462.0282614684333,10.899968655402118,23188.677311700318,1.9189909006870951,12636.414321258324,8563.5302496486493,4085.702024573874,0,0,0,12.8872,0.32300000000000001,0.056332399623075111
常规控制,40.055470782330261,462.01293086256828,10.838601228576445,23188.687231265281,1.9070528289082482,12636.493037797829,8563.533912923338,4085.7037723400845,0,0,0,12.8872,0.32300000000000001,0.056330530452099931
常规控制,40.075731516160474,461.99768707334641,10.777579183573804,23188.697094656127,1.8951899959193317,12636.571303074197,8563.5375554530401,4085.7055102087606,0,0,0,12.8872,0.32300000000000001,0.056328671866169508
常规控制,40.095992249990687,461.98252960647318,10.716900577905522,23188.70690219268,1.8834019215287301,12636.649119684576,8563.5411773558681,4085.7072382362544,0,0,0,12.8872,0.32300000000000001,0.056326823805017454
常规控制,40.1162529838209,461.96745797049812,10.656563479992521,23188.716654192929,1.8716881286447848,12636.7264902111,8563.544778749254,4085.7089564785942,0,0,0,12.8872,0.32300000000000001,0.056324986208724045
常规控制,40.136513717651113,461.95247167679827,10.596565969104182,23188.726350973033,1.8600481432555749,12636.803417220974,8563.5483597499569,4085.7106649914849,0,0,0,12.8872,0.32300000000000001,0.056323159017714383
常规控制,40.156774451481326,461.93757023956141,10.536906135297665,23188.735992847338,1.8484814944088921,12636.879903266559,8563.5519204740631,4085.7123638303128,0,0,0,12.8872,0.32300000000000001,0.056321342172756202
常规控制,40.177035185311539,461.92275317576963,10.477582079357671,23188.745580128372,1.8369877141924096,12636.955950885469,8563.5554610369873,4085.714053050142,0,0,0,12.8872,0.32300000000000001,0.05631953561495797
常规控制,40.197295919141752,461.90802000518289,10.418591912736066,23188.755113126881,1.8255663377137057,12637.03156260065,8563.5589815534877,4085.7157327057248,0,0,0,12.8872,0.32300000000000001,0.056317739285766839
常规控制,40.217556652971965,461.89337025032296,10.359933757492247,23188.764592151801,1.8142169030806541,12637.106740920466,8563.562482137655,4085.7174028514942,0,0,0,12.8872,0.32300000000000001,0.056315953126966661
常规控制,40.237817386802178,461.87880343645674,10.301605746233708,23188.774017510317,1.8029389513818712,12637.181488338776,8563.5659629029287,4085.7190635415732,0,0,0,12.8872,0.32300000000000001,0.056314177080676035
常规控制,40.258078120632391,461.86431909158063,10.243606022056968,23188.783389507826,1.7917320266672923,12637.255807335034,8563.5694239620952,4085.7207148297725,0,0,0,12.8872,0.32300000000000001,0.056312411089346308
常规控制,40.278338854462596,461.8499167464044,10.185932738488809,23188.792708447985,1.7805956759288812,12637.329700374359,8563.5728654272916,4085.7223567695933,0,0,0,12.8872,0.32300000000000001,0.056310655095759686
常规控制,40.298599588292809,461.835595934335,10.128584059427775,23188.801974632697,1.7695294490814486,12637.403169907624,8563.5762874100128,4085.7239894142299,0,0,0,12.8872,0.32300000000000001,0.056308909043027197
常规控制,40.318860322123022,461.82135619146129,10.071558159086194,23188.811188362131,1.7585328989436357,12637.476218371541,8563.5796900211117,4085.72561281657,0,0,0,12.8872,0.32300000000000001,0.056307172874586899
常规控制,40.339121055953235,461.80719705653786,10.014853221932317,23188.82034993474,1.747605581218987,12637.548848188735,8563.583073370799,4085.7272270291983,0,0,0,12.8872,0.32300000000000001,0.05630544653420181
常规控制,40.359381789783448,461.79311807096957,9.9584674426328856,23188.829459647244,1.7367470544771637,12637.621061767837,8563.5864375686615,4085.7288321043966,0,0,0,12.8872,0.32300000000000001,0.05630372996595813
常规控制,40.379642523613661,461.77911877879609,9.9023990259959973,23188.838517794684,1.7259568801352796,12637.692861503554,8563.5897827236477,4085.7304280941471,0,0,0,12.8872,0.32300000000000001,0.056302023114263279
常规控制,40.399903257443874,461.76519872667649,9.8466461869142936,23188.847524670375,1.7152346224393569,12637.764249776757,8563.5931089440892,4085.7320150501328,0,0,0,12.8872,0.32300000000000001,0.056300325923844048
常规控制,40.420163991274087,461.75135746387372,9.7912071503084572,23188.856480565973,1.7045798484459014,12637.835228954562,8563.5964163376866,4085.73359302374,0,0,0,12.8872,0.32300000000000001,0.056298638339744723
常规控制,40.4404247251043,461.73759454223972,9.7360801510710235,23188.865385771449,1.6939921280036012,12637.9058013904,8563.5997050115257,4085.7351620660593,0,0,0,12.8872,0.32300000000000001,0.056296960307325228
常规控制,40.460685458934513,461.72390951619991,9.6812634340104911,23188.874240575107,1.6834710337351377,12637.975969424113,8563.6029750720809,4085.736722227889,0,0,0,12.8872,0.32300000000000001,0.056295291772259268
常规控制,40.480946192764726,461.71030194273828,9.6267552537957695,23188.883045263596,1.6730161410191173,12638.045735382017,8563.6062266252065,4085.7382735597353,0,0,0,12.8872,0.32300000000000001,0.056293632680532481
常规控制,40.501206926594939,461.69677138138235,9.5725538749008798,23188.891800121917,1.6626270279721154,12638.115101576986,8563.6094597761567,4085.739816111814,0,0,0,12.8872,0.32300000000000001,0.056291982978440659
常规控制,40.521467660425152,461.68331739418863,9.5186575715500208,23188.900505433452,1.6523032754308364,12638.184070308544,8563.6126746295813,4085.7413499340528,0,0,0,12.8872,0.32300000000000001,0.056290342612587904
常规控制,40.541728394255365,461.66993954572735,9.4650646276628692,23188.909161479933,1.6420444669343848,12638.252643862908,8563.6158712895231,4085.7428750760928,0,0,0,12.8872,0.32300000000000001,0.056288711529884815
常规控制,40.561989128085578,461.65663740306792,9.4117733368004188,23188.91776854148,1.6318501887067614,12638.320824513106,8563.6190498594333,4085.7443915872909,0,0,0,12.8872,0.32300000000000001,0.056287089677546719
常规控制,40.582249861915791,461.6434105357647,9.3587820021109529,23188.926326896624,1.621720029639379,12638.388614519024,8563.6222104421668,4085.7458995167194,0,0,0,12.8872,0.32300000000000001,0.056285477003091874
常规控制,40.602510595746004,461.630258515842,9.3060889362761436,23188.934836822275,1.6116535812736124,12638.456016127499,8563.6253531399907,4085.7473989131695,0,0,0,12.8872,0.32300000000000001,0.056283873454339724
常规控制,40.62277132957621,461.61718091777976,9.2536924614577352,23188.943298593756,1.6016504377835958,12638.523031572384,8563.6284780545811,4085.748889825154,0,0,0,12.8872,0.32300000000000001,0.056282278979409087
常规控制,40.643032063406423,461.60417731849952,9.2015909092443149,23188.951712484832,1.5917101959590643,12638.589663074628,8563.6315852870375,4085.750372300904,0,0,0,12.8872,0.32300000000000001,0.056280693526716517
常规控制,40.663292797236636,461.5912472973497,9.1497826205985877,23188.960078767679,1.5818324551883454,12638.655912842351,8563.6346749378718,4085.7518463883775,0,0,0,12.8872,0.32300000000000001,0.056279117044974403
常规控制,40.683553531066849,461.57839043609181,9.0982659458047621,23188.968397712906,1.5720168174414297,12638.72178307092,8563.6377471070227,4085.7533121352544,0,0,0,12.8872,0.32300000000000001,0.056277549483189374
常规控制,40.703814264897062,461.56560631888607,9.0470392444163092,23188.976669589585,1.5622628872531705,12638.787275943023,8563.6408018938582,4085.7547695889439,0,0,0,12.8872,0.32300000000000001,0.056275990790660542
常规控制,40.724074998727275,461.55289453227766,8.9961008852040205,23188.984894665242,1.5525702717065917,12638.852393628733,8563.6438393971712,4085.7562187965818,0,0,0,12.8872,0.32300000000000001,0.05627444091697776
常规控制,40.744335732557488,461.54025466518272,8.9454492461043333,23188.993073205867,1.5429385804163065,12638.917138285598,8563.6468597151943,4085.7576598050327,0,0,0,12.8872,0.32300000000000001,0.056272899812020008
常规控制,40.764596466387701,461.52768630887431,8.8950827141679589,23189.001205475917,1.5333674255120435,12638.981512058695,8563.6498629455928,4085.7590926608946,0,0,0,12.8872,0.32300000000000001,0.056271367425953574
常规控制,40.784857200217914,461.51518905696901,8.8449996855088049,23189.009291738341,1.5238564216222825,12639.045517080724,8563.6528491854697,4085.760517410496,0,0,0,12.8872,0.32300000000000001,0.056269843709230528
常规控制,40.805117934048127,461.50276250541316,8.7951985652531484,23189.017332254582,1.5144051858579954,12639.109155472057,8563.655818531377,4085.7619340999022,0,0,0,12.8872,0.32300000000000001,0.056268328612586967
常规控制,40.82537866787834,461.49040625246903,8.7456777674891359,23189.025327284584,1.5050133377964934,12639.172429340826,8563.6587710793083,4085.7633427749129,0,0,0,12.8872,0.32300000000000001,0.056266822087041368
常规控制,40.845639401708553,461.47811989870172,8.6964357152165235,23189.033277086794,1.4956804994653778,12639.235340782987,8563.6617069247131,4085.764743481066,0,0,0,12.8872,0.32300000000000001,0.056265324083892967
常规控制,40.865900135538766,461.46590304696525,8.6474708402967195,23189.041181918186,1.4864062953265949,12639.297891882392,8563.6646261624865,4085.7661362636372,0,0,0,12.8872,0.32300000000000001,0.056263834554720081
常规控制,40.886160869368979,461.45375530238971,8.5987815834030794,23189.049042034254,1.4771903522605918,12639.360084710857,8563.6675288869865,4085.7675211676451,0,0,0,12.8872,0.32300000000000001,0.056262353451378533
常规控制,40.906421603199192,461.44167627236766,8.5503663939714976,23189.056857689036,1.4680322995505748,12639.421921328238,8563.6704151920221,4085.7688982378472,0,0,0,12.8872,0.32300000000000001,0.056260880726000002
常规控制,40.926682337029405,461.42966556654113,8.5022237301512469,23189.064629135108,1.4589317688668644,12639.483403782497,8563.6732851708766,4085.7702675187479,0,0,0,12.8872,0.32300000000000001,0.056259416330990436
常规控制,40.946943070859618,461.41772279678844,8.4543520587561041,23189.072356623605,1.4498883942513596,12639.544534109766,8563.6761389162875,4085.7716290545945,0,0,0,12.8872,0.32300000000000001,0.056257960219028423
常规控制,40.967203804689824,461.4058475772112,8.4067498552160007,23189.080040404213,1.4409018121022237,12639.605314334422,8563.6789765204685,4085.7729828893807,0,0,0,12.8872,0.32300000000000001,0.056256512343063621
常规控制,40.987464538520037,461.39403952412135,8.3594156035284755,23189.087680725199,1.4319716611584639,12639.665746469154,8563.6817980751021,4085.7743290668495,0,0,0,12.8872,0.32300000000000001,0.056255072656315214
常规控制,41,461.38676726386825,8.3302630805535678,23189.092386192075,1.4264746137550626,12639.702962832913,8563.68353579422,4085.7751581411112,0,0,0,12.8872,0.32300000000000001,0.056254185992219298
常规控制,41.00772527235025,461.38229825602838,8.3123477962107248,23189.095277833407,1.4230975824847147,12639.725832515032,8563.684603671345,4085.7756676304925,0,0,0,12.8872,0.32300000000000001,0.056253641112270276
常规控制,41.027986006180463,461.37062339362649,8.2655449342517944,23189.102831974262,1.4142792194561182,12639.785574461568,8563.6873933998322,4085.776998623553,0,0,0,12.8872,0.32300000000000001,0.056252217664682296
常规控制,41.048246740010676,461.35901455978166,8.2190055270650753,23189.110343391785,1.4055162177432963,12639.844974286792,8563.6901673506836,4085.7783220890251,0,0,0,12.8872,0.32300000000000001,0.056250802267569518
常规控制,41.068507473840889,461.3474713795195,8.1727280924410692,23189.117812328597,1.396808225297421,12639.904033957308,8563.692925613499,4085.7796380696591,0,0,0,12.8872,0.32300000000000001,0.056249394875213507
常规控制,41.088768207671102,461.33599348001218,8.1267111565003933,23189.12523902594,1.3881548923353833,12639.962755428378,8563.6956682773653,4085.7809466079584,0,0,0,12.8872,0.32300000000000001,0.056247995442157556
常规控制,41.109028941501315,461.32458049056635,8.0809532536470776,23189.132623723664,1.37955587132506,12640.021140643959,8563.698395430858,4085.7822477461841,0,0,0,12.8872,0.32300000000000001,0.056246603923205213
常规控制,41.129289675331528,461.31323204261037,8.03545292652211,23189.139966660256,1.3710108169706789,12640.079191536805,8563.7011071620527,4085.7835415263544,0,0,0,12.8872,0.32300000000000001,0.056245220273418668
常规控制,41.149550409161741,461.30194776968227,7.9902087259572365,23189.147268072829,1.3625193861982807,12640.136910028497,8563.7038035585138,4085.7848279902491,0,0,0,12.8872,0.32300000000000001,0.056243844448117371
常规控制,41.169811142991954,461.2907273074174,7.9452192109290385,23189.154528197145,1.3540812381412746,12640.194298029533,8563.706484707307,4085.7861071794077,0,0,0,12.8872,0.32300000000000001,0.056242476402876482
常规控制,41.190071876822167,461.27957029353604,7.9004829485132442,23189.161747267608,1.3456960341260902,12640.25135743938,8563.7091506949982,4085.7873791351308,0,0,0,12.8872,0.32300000000000001,0.056241116093525348
常规控制,41.21033261065238,461.26847636783168,7.8559985138393147,23189.168925517297,1.337363437657922,12640.308090146538,8563.711801607662,4085.7886438984842,0,0,0,12.8872,0.32300000000000001,0.056239763476146093
常规控制,41.230593344482592,461.25744517215878,7.8117644900452641,23189.17606317794,1.3290831144065658,12640.364498028614,8563.7144375308762,4085.7899015102989,0,0,0,12.8872,0.32300000000000001,0.056238418507072133
常规控制,41.250854078312805,461.24647635042049,7.7677794682327415,23189.183160479952,1.3208547321923465,12640.420582952367,8563.7170585497315,4085.7911520111702,0,0,0,12.8872,0.32300000000000001,0.056237081142886683
常规控制,41.271114812143018,461.23556954855735,7.7240420474223512,23189.19021765242,1.312677960972138,12640.476346773792,8563.7196647488308,4085.7923954414641,0,0,0,12.8872,0.32300000000000001,0.056235751340421331
常规控制,41.291375545973231,461.22472441453482,7.6805508345092299,23189.197234923133,1.3045524728254689,12640.531791338162,8563.7222562122934,4085.7936318413144,0,0,0,12.8872,0.32300000000000001,0.056234429056754576
常规控制,41.311636279803444,461.21394059833233,7.6373044442188514,23189.204212518562,1.2964779419407197,12640.586918480112,8563.7248330237562,4085.7948612506243,0,0,0,12.8872,0.32300000000000001,0.056233114249210438
常规控制,41.33189701363365,461.20321775193059,7.5943014990631017,23189.211150663894,1.2884540446014086,12640.641730023677,8563.7273952663818,4085.79608370907,0,0,0,12.8872,0.32300000000000001,0.056231806875356984
常规控制,41.352157747463863,461.19255552930082,7.5515406292965466,23189.218049583022,1.2804804591725707,12640.696227782373,8563.7299430228522,4085.7972992561008,0,0,0,12.8872,0.32300000000000001,0.056230506893004954
常规控制,41.372418481294076,461.18195358639269,7.509020472873277,23189.224909498564,1.2725568660873481,12640.750413559248,8563.7324763753786,4085.7985079309401,0,0,0,12.8872,0.32300000000000001,0.056229214260206287
常规控制,41.392679215124289,461.17141158112321,7.4667396754034456,23189.231730631862,1.2646829478334283,12640.804289146943,8563.7349954057026,4085.7997097725865,0,0,0,12.8872,0.32300000000000001,0.05622792893525283
常规控制,41.412939948954502,461.16092917336505,7.4246968901103836,23189.238513202992,1.2568583889397262,12640.857856327757,8563.7375001951004,4085.8009048198169,0,0,0,12.8872,0.32300000000000001,0.056226650876674833
常规控制,41.433200682784715,461.15050602493523,7.3828907777878925,23189.245257430775,1.2490828759631263,12640.911116873702,8563.7399908243769,4085.802093111186,0,0,0,12.8872,0.32300000000000001,0.056225380043239639
常规控制,41.453461416614928,461.14014179958406,7.3413200067577788,23189.251963532777,1.2413560974753031,12640.964072546569,8563.7424673738842,4085.8032746850276,0,0,0,12.8872,0.32300000000000001,0.056224116393950294
常规控制,41.473722150445141,461.12983616298351,7.2999832528276007,23189.258631725326,1.2336777440496309,12641.016725097978,8563.7449299235086,4085.8044495794566,0,0,0,12.8872,0.32300000000000001,0.056222859888044117
常规控制,41.493982884275354,461.11958878271662,7.2588791992486756,23189.265262223507,1.2260475082481788,12641.069076269443,8563.7473785526799,4085.8056178323709,0,0,0,12.8872,0.32300000000000001,0.056221610484991476
常规控制,41.514243618105567,461.10939932826585,7.2180065366743165,23189.271855241179,1.2184650846087943,12641.121127792436,8563.7498133403806,4085.8067794814501,0,0,0,12.8872,0.32300000000000001,0.056220368144494305
常规控制,41.53450435193578,461.09926747100252,7.1773639631183004,23189.278410990981,1.2109301696322703,12641.172881388431,8563.7522343651308,4085.8079345641604,0,0,0,12.8872,0.32300000000000001,0.056219132826484816
常规控制,41.554765085765993,461.0891928841757,7.1369501839135809,23189.284929684331,1.2034424617695976,12641.224338768972,8563.7546417050125,4085.8090831177528,0,0,0,12.8872,0.32300000000000001,0.056217904491124203
常规控制,41.575025819596206,461.07917524290133,7.0967639116712107,23189.291411531449,1.1960016614092983,12641.275501635733,8563.7570354376585,4085.8102251792657,0,0,0,12.8872,0.32300000000000001,0.056216683098801241
常规控制,41.595286553426419,461.06921422415127,7.0568038662395169,23189.297856741345,1.1886074708648477,12641.326371680565,8563.7594156402538,4085.8113607855257,0,0,0,12.8872,0.32300000000000001,0.056215468610131013
常规控制,41.615547287256632,461.05930950674286,7.017068774663489,23189.304265521841,1.1812595943621715,12641.37695058556,8563.7617823895453,4085.8124899731497,0,0,0,12.8872,0.32300000000000001,0.056214260985953585
常规控制,41.635808021086845,461.04946077132797,6.9775573711443943,23189.310638079562,1.1739577380272264,12641.427240023106,8563.7641357618431,4085.8136127785442,0,0,0,12.8872,0.32300000000000001,0.056213060187332721
常规控制,41.656068754917058,461.03966770038238,6.9382683969996153,23189.316974619964,1.1667016098736627,12641.477241655946,8563.7664758330211,4085.8147292379099,0,0,0,12.8872,0.32300000000000001,0.056211866175554535
常规控制,41.676329488747264,461.02992997819564,6.8992006006227298,23189.323275347328,1.1594909197905652,12641.52695713723,8563.7688026785163,4085.8158393872382,0,0,0,12.8872,0.32300000000000001,0.056210678912126326
常规控制,41.696590222577477,461.0202472908598,6.8603527374437334,23189.329540464758,1.152325379530261,12641.57638811057,8563.7711163733402,4085.8169432623163,0,0,0,12.8872,0.32300000000000001,0.056209498358775124
常规控制,41.71685095640769,461.0106193262597,6.821723569889615,23189.335770174217,1.1452047026962302,12641.625536210102,8563.7734169920714,4085.8180408987273,0,0,0,12.8872,0.32300000000000001,0.056208324477446552
常规控制,41.737111690237903,461.00104577406233,6.7833118673450192,23189.341964676496,1.138128604731067,12641.674403060531,8563.7757046088664,4085.8191323318511,0,0,0,12.8872,0.32300000000000001,0.056207157230303527
常规控制,41.757372424068116,460.99152632570616,6.7451164061132687,23189.348124171251,1.1310968029045723,12641.722990277191,8563.7779792974543,4085.820217596864,0,0,0,12.8872,0.32300000000000001,0.05620599657972495
常规控制,41.777633157898329,460.98206067439173,6.7071359693776422,23189.354248856995,1.1241090163019498,12641.7712994661,8563.7802411311459,4085.8212967287436,0,0,0,12.8872,0.32300000000000001,0.056204842488304568
常规控制,41.797893891728542,460.9726485150706,6.6693693471625775,23189.360338931103,1.1171649658119263,12641.819332224017,8563.7824901828353,4085.822369762267,0,0,0,12.8872,0.32300000000000001,0.056203694918849606
常规控制,41.818154625558755,460.96328954443578,6.6318153362953547,23189.366394589833,1.1102643741150835,12641.867090138487,8563.7847265249948,4085.8234367320129,0,0,0,12.8872,0.32300000000000001,0.056202553834379596
常规控制,41.838415359388968,460.95398346091133,6.5944727403679035,23189.372416028313,1.103406965672227,12641.914574787901,8563.786950229689,4085.8244976723618,0,0,0,12.8872,0.32300000000000001,0.056201419198125178
常规控制,41.858676093219181,460.94472996464253,6.5573403696988315,23189.378403440569,1.0965924667128297,12641.961787741544,8563.7891613685679,4085.8255526174989,0,0,0,12.8872,0.32300000000000001,0.056200290973526836
常规控制,41.878936827049394,460.935528757486,6.5204170412956737,23189.384357019502,1.0898206052235528,12642.008730559655,8563.7913600128722,4085.826601601414,0,0,0,12.8872,0.32300000000000001,0.056199169124233651
常规控制,41.899197560879607,460.9263795429996,6.4837015788173407,23189.390276956932,1.0830911109368435,12642.055404793477,8563.7935462334408,4085.827644657903,0,0,0,12.8872,0.32300000000000001,0.056198053614102204
常规控制,41.91945829470982,460.91728202643264,6.4471928125367892,23189.396163443573,1.0764037153196073,12642.101811985302,8563.7957201006993,4085.8286818205688,0,0,0,12.8872,0.32300000000000001,0.056196944407195255
常规控制,41.939719028540033,460.90823591471627,6.4108895793038974,23189.402016669053,1.0697581515619554,12642.147953668531,8563.7978816846826,4085.8297131228237,0,0,0,12.8872,0.32300000000000001,0.056195841467780644
常规控制,41.959979762370246,460.89924091645361,6.3747907225085552,23189.407836821916,1.0631541545660268,12642.193831367718,8563.8000310550178,4085.8307385978874,0,0,0,12.8872,0.32300000000000001,0.056194744760330026
常规控制,41.980240496200459,460.89029674191016,6.3388950920439502,23189.413624089637,1.0565914609348819,12642.239446598638,8563.8021682809358,4085.8317582787913,0,0,0,12.8872,0.32300000000000001,0.056193654249517812
常规控制,42,460.88162251526393,6.3040821377084022,23189.419236689395,1.0502306549881588,12642.283681985809,8563.804241002339,4085.8327471842767,0,0,0,12.8872,0.32300000000000001,0.056192596651871506
常规控制,42.000501230030672,460.88140310300417,6.3032015442700704,23189.419378658618,1.0500698089614695,12642.284800868314,8563.804293431278,4085.8327721983783,0,0,0,12.8872,0.32300000000000001,0.056192569900219876
常规控制,42.020761963860885,460.87255971329699,6.2677089419774008,23189.425100714187,1.043588938617666,12642.329895675084,8563.8064065744875,4085.8337803893037,0,0,0,12.8872,0.32300000000000001,0.056191491677512403
常规控制,42.041022697691091,460.86376628798399,6.2324161543508332,23189.430790440634,1.0371485915433853,12642.37473250865,8563.8085077786182,4085.8347828840369,0,0,0,12.8872,0.32300000000000001,0.056190419546670846
常规控制,42.061283431521304,460.8550225438845,6.1973220569337242,23189.436448021192,1.0307485110357506,12642.419312850117,8563.8105971113382,4085.8357797148619,0,0,0,12.8872,0.32300000000000001,0.056189353473168654
常规控制,42.081544165351517,460.84632819943295,6.1624255315922616,23189.442073638042,1.024388442038354,12642.463638172063,8563.8126746399248,4085.8367709138779,0,0,0,12.8872,0.32300000000000001,0.056188293422676186
常规控制,42.10180489918173,460.83768297466935,6.1277254664799123,23189.447667472323,1.0180681311305666,12642.50770993856,8563.8147404312804,4085.8377565130027,0,0,0,12.8872,0.32300000000000001,0.056187239361059557
常规控制,42.122065633011943,460.82908659123001,6.0932207560021192,23189.453229704162,1.011787326516923,12642.551529605254,8563.8167945519162,4085.8387365439708,0,0,0,12.8872,0.32300000000000001,0.056186191254379507
常规控制,42.142326366842155,460.82053877233824,6.0589103007811866,23189.458760512633,1.005545778016574,12642.595098619397,8563.8188370679691,4085.8397110383362,0,0,0,12.8872,0.32300000000000001,0.056185149068890272
常规控制,42.162587100672368,460.81203924279555,6.0247930076214855,23189.464260075809,0.99934323705287254,12642.638418419885,8563.8208680451989,4085.840680027472,0,0,0,12.8872,0.32300000000000001,0.056184112771038519
常规控制,42.182847834502581,460.8035877289721,5.9908677894747244,23189.469728570741,0.99317945664296381,12642.681490437335,8563.8228875489895,4085.8416435425752,0,0,0,12.8872,0.32300000000000001,0.056183082327462178
常规控制,42.203108568332794,460.79518395879796,5.9571335654053588,23189.475166173463,0.98705419138740713,12642.724316094113,8563.8248956443549,4085.8426016146614,0,0,0,12.8872,0.32300000000000001,0.056182057704989331
常规控制,42.223369302163007,460.7868276617541,5.9235892605563061,23189.48057305902,0.98096719745993521,12642.766896804376,8563.8268923959313,4085.8435542745724,0,0,0,12.8872,0.32300000000000001,0.056181038870637183
常规控制,42.24363003599322,460.77851856886315,5.8902338061148232,23189.485949401445,0.97491823259725219,12642.809233974145,8563.8288778679962,4085.8445015529724,0,0,0,12.8872,0.32300000000000001,0.056180025791610917
常规控制,42.263890769823433,460.77025641268085,5.8570661392785572,23189.491295373791,0.96890705608890015,12642.851329001325,8563.8308521244526,4085.8454434803512,0,0,0,12.8872,0.32300000000000001,0.056179018435302604
常规控制,42.284151503653646,460.76204092728705,5.8240852032217969,23189.496611148119,0.96293342876719223,12642.893183275768,8563.832815228845,4085.846380087025,0,0,0,12.8872,0.32300000000000001,0.056178016769290164
常规控制,42.304412237483859,460.75387184827702,5.7912899470619204,23189.501896895512,0.95699711299721413,12642.93479817932,8563.8347672443506,4085.8473114031381,0,0,0,12.8872,0.32300000000000001,0.056177020761336266
常规控制,42.324672971314072,460.74574891275256,5.7586793258260203,23189.507152786067,0.9510978726668895,12642.976175085849,8563.8367082337918,4085.8482374586615,0,0,0,12.8872,0.32300000000000001,0.056176030379387294
常规控制,42.344933705144285,460.73767185931337,5.7262523004177233,23189.512378988937,0.94523547317711265,12643.01731536132,8563.8386382596291,4085.8491582833963,0,0,0,12.8872,0.32300000000000001,0.056175045591572208
常规控制,42.365194438974498,460.72964042804858,5.6940078375841985,23189.517575672286,0.93940968143194437,12643.058220363813,8563.8405573839682,4085.8500739069732,0,0,0,12.8872,0.32300000000000001,0.056174066366201633
常规控制,42.385455172804704,460.72165436052808,5.6619449098833572,23189.52274300333,0.93362026582887603,12643.098891443595,8563.8424656685638,4085.8509843588558,0,0,0,12.8872,0.32300000000000001,0.056173092671766692
常规控制,42.405715906634917,460.71371339979379,5.6300624956511722,23189.527881148333,0.92786699624914371,12643.13932994314,8563.8443631748141,4085.8518896683377,0,0,0,12.8872,0.32300000000000001,0.056172124476937965
常规控制,42.42597664046513,460.70581729035149,5.5983595789693128,23189.532990272604,0.92214964404812816,12643.179537197189,8563.8462499637717,4085.8527898645457,0,0,0,12.8872,0.32300000000000001,0.056171161750564573
常规控制,42.446237374295343,460.6979657781622,5.566835149632821,23189.538070540533,0.91646798204579449,12643.219514532793,8563.8481260961398,4085.8536849764432,0,0,0,12.8872,0.32300000000000001,0.056170204461673014
常规控制,42.466498108125556,460.69015861063377,5.5354882031180406,23189.543122115541,0.91082178451720452,12643.25926326935,8563.8499916322726,4085.8545750328262,0,0,0,12.8872,0.32300000000000001,0.0561692525794662
常规控制,42.486758841955769,460.68239553661289,5.504317740550702,23189.548145160148,0.90521082718308687,12643.298784718669,8563.8518466321875,4085.8554600623274,0,0,0,12.8872,0.32300000000000001,0.056168306073322481
常规控制,42.507019575785982,460.67467630637623,5.4733227686741914,23189.553139835931,0.8996348872004668,12643.338080184983,8563.8536911555548,4085.8563400934167,0,0,0,12.8872,0.32300000000000001,0.056167364912794567
常规控制,42.527280309616195,460.66700067162276,5.4425022998179831,23189.558106303546,0.89409374315335644,12643.377150965023,8563.8555252617043,4085.8572151544013,0,0,0,12.8872,0.32300000000000001,0.056166429067608561
常规控制,42.547541043446408,460.65936838546503,5.4118553518662544,23189.563044722749,0.88858717504350671,12643.415998348039,8563.8573490096333,4085.8580852734281,0,0,0,12.8872,0.32300000000000001,0.056165498507662934
常规控制,42.567801777276621,460.65177920242172,5.381380948226834,23189.567955252372,0.88311496428129221,12643.45462361586,8563.8591624579985,4085.8589504784827,0,0,0,12.8872,0.32300000000000001,0.056164573203027562
常规控制,42.588062511106834,460.64423287840884,5.3510781178000659,23189.572838050346,0.87767689367653645,12643.493028042929,8563.8609656651261,4085.8598107973921,0,0,0,12.8872,0.32300000000000001,0.056163653123942725
常规控制,42.608323244937047,460.63672917073217,5.3209458949479584,23189.577693273714,0.87227274742944538,12643.53121289634,8563.8627586890052,4085.8606662578254,0,0,0,12.8872,0.32300000000000001,0.056162738240818147
常规控制,42.62858397876726,460.6292678380791,5.2909833194635301,23189.582521078606,0.86690231112161575,12643.569179435894,8563.8645415872998,4085.8615168872921,0,0,0,12.8872,0.32300000000000001,0.056161828524231988
常规控制,42.648844712597473,460.62184864051068,5.2611894365403016,23189.587321620274,0.86156537170708758,12643.606928914131,8563.8663144173424,4085.8623627131469,0,0,0,12.8872,0.32300000000000001,0.056160923944929893
常规控制,42.669105446427686,460.6144713394537,5.2315632967419576,23189.592095053089,0.85626171750345659,12643.644462576372,8563.8680772361422,4085.8632037625894,0,0,0,12.8872,0.32300000000000001,0.056160024473824031
常规控制,42.689366180257899,460.6071356976928,5.2021039559721887,23189.596841530536,0.85099113818304617,12643.681781660776,8563.8698301003806,4085.8640400626618,0,0,0,12.8872,0.32300000000000001,0.05615913008199213
常规控制,42.709626914088112,460.59984147936279,5.1728104754446935,23189.601561205236,0.84575342476413728,12643.718887398354,8563.8715730664208,4085.8648716402554,0,0,0,12.8872,0.32300000000000001,0.056158240740676518
常规控制,42.729887647918318,460.59258844994093,5.1436819216533678,23189.606254228933,0.84054836960225821,12643.755781013037,8563.8733061902985,4085.865698522106,0,0,0,12.8872,0.32300000000000001,0.056157356421283222
常规控制,42.750148381748531,460.58537637623897,5.1147173663426049,23189.610920752501,0.83537576638152244,12643.7924637217,8563.8750295277368,4085.8665207347981,0,0,0,12.8872,0.32300000000000001,0.056156477095380943
常规控制,42.770409115578744,460.57820502639555,5.0859158864778724,23189.615560925973,0.83023541010604174,12643.828936734209,8563.8767431341403,4085.8673383047658,0,0,0,12.8872,0.32300000000000001,0.056155602734700209
常规控制,42.790669849408957,460.57107416986884,5.0572765642163384,23189.620174898522,0.82512709709137622,12643.865201253464,8563.8784470645933,4085.8681512582912,0,0,0,12.8872,0.32300000000000001,0.056154733311132389
常规控制,42.81093058323917,460.56398357742847,5.0287984868777267,23189.624762818465,0.82005062495604997,12643.901258475438,8563.8801413738765,4085.8689596215081,0,0,0,12.8872,0.32300000000000001,0.056153868796728776
常规控制,42.831191317069383,460.55693302114867,5.000480746915315,23189.629324833277,0.8150057926131189,12643.937109589209,8563.881826116447,4085.8697634204018,0,0,0,12.8872,0.32300000000000001,0.056153009163699724
常规控制,42.851452050899596,460.54992227440005,4.9723224418870977,23189.633861089605,0.80999240026179253,12643.972755777013,8563.883501346465,4085.8705626808087,0,0,0,12.8872,0.32300000000000001,0.056152154384413608
常规控制,42.871712784729809,460.54295111184257,4.9443226744271032,23189.638371733246,0.80501024937911148,12644.008198214269,8563.885167117769,4085.8713574284179,0,0,0,12.8872,0.32300000000000001,0.056151304431396071
常规控制,42.891973518560022,460.53601930941807,4.9164805522168757,23189.64285690918,0.80005914271167444,12644.043438069637,8563.8868234839028,4085.872147688774,0,0,0,12.8872,0.32300000000000001,0.056150459277328993
常规控制,42.912234252390235,460.52912664434297,4.8887951879571068,23189.647316761555,0.7951388842674213,12644.078476505039,8563.888470498101,4085.872933487276,0,0,0,12.8872,0.32300000000000001,0.056149618895049672
常规控制,42.932494986220448,460.52227289510068,4.8612656993394303,23189.651751433707,0.79024927930746525,12644.113314675709,8563.8901082132925,4085.8737148491764,0,0,0,12.8872,0.32300000000000001,0.05614878325754992
常规控制,42.952755720050661,460.51545784143457,4.8338912090183888,23189.656161068149,0.78539013433799165,12644.147953730228,8563.8917366821079,4085.8744917995868,0,0,0,12.8872,0.32300000000000001,0.0561479523379751
常规控制,42.973016453880874,460.50868126434079,4.8066708445836746,23189.660545806579,0.78056125710226154,12644.182394810559,8563.8933559568832,4085.8752643634743,0,0,0,12.8872,0.32300000000000001,0.056147126109623371
常规控制,42.993277187711087,460.50194294606081,4.7796037385322654,23189.664905789905,0.77576245657254272,12644.216639052094,8563.8949660896469,4085.8760325656649,0,0,0,12.8872,0.32300000000000001,0.056146304545944721
常规控制,43,460.49971548838238,4.7706561862595658,23189.666347051349,0.77417675636545269,12644.227958500809,8563.8954983444964,4085.8762865070485,0,0,0,12.8872,0.32300000000000001,0.056146032965077169
常规控制,43.0135379215413,460.4952426700745,4.7526890282408933,23189.669241158219,0.77099354294218025,12644.250687583686,8563.8965671321384,4085.8767964308418,0,0,0,12.8872,0.32300000000000001,0.056145487620540106
常规控制,43.033798655371513,460.48858022109289,4.7259258559386348,23189.67355205083,0.76625432761770118,12644.284541527686,8563.8981591358042,4085.8775559835508,0,0,0,12.8872,0.32300000000000001,0.056144675307160601
常规控制,43.054059389201726,460.48195538505121,4.6993133686796442,23189.677838606236,0.76154462321096683,12644.318201999982,8563.8997421517906,4085.8783112481947,0,0,0,12.8872,0.32300000000000001,0.05614386757970654
常规控制,43.074320123031939,460.47536794910184,4.6728507183160426,23189.682100962171,0.75686424353137793,12644.351670110043,8563.901316230962,4085.8790622490401,0,0,0,12.8872,0.32300000000000001,0.056143064412226676
常规控制,43.094580856862144,460.46881770160707,4.6465370614709727,23189.686339255568,0.75221300357813226,12644.384946960941,8563.9028814238882,4085.8798090102141,0,0,0,12.8872,0.32300000000000001,0.056142265778917247
常规控制,43.114841590692357,460.46230443213278,4.6203715595117529,23189.690553622579,0.74759071953252676,12644.418033649405,8563.9044377808514,4085.8805515557083,0,0,0,12.8872,0.32300000000000001,0.056141471654121256
常规控制,43.13510232452257,460.45582793144075,4.5943533785232846,23189.694744198609,0.7429972087503246,12644.450931265843,8563.905985351852,4085.8812899093764,0,0,0,12.8872,0.32300000000000001,0.056140682012327525
常规控制,43.155363058352783,460.44938799148235,4.5684816892815077,23189.698911118252,0.73843228975415753,12644.483640894392,8563.907524186603,4085.8820240949367,0,0,0,12.8872,0.32300000000000001,0.056139896828169888
常规控制,43.175623792182996,460.4429844053916,4.5427556672270546,23189.703054515379,0.73389578222598573,12644.51616361294,8563.9090543345337,4085.8827541359728,0,0,0,12.8872,0.32300000000000001,0.056139116076426389
常规控制,43.195884526013209,460.4366169674783,4.5171744924390431,23189.707174523068,0.7293875069996042,12644.54850049318,8563.9105758447949,4085.8834800559353,0,0,0,12.8872,0.32300000000000001,0.056138339732018434
常规控制,43.216145259843422,460.43028547322126,4.4917373496090178,23189.711271273656,0.72490728605319943,12644.580652600624,8563.9120887662575,4085.8842018781397,0,0,0,12.8872,0.32300000000000001,0.056137567770009958
常规控制,43.236405993673635,460.42398971926173,4.4664434280150287,23189.715344898726,0.72045494250195197,12644.612620994656,8563.9135931475157,4085.8849196257706,0,0,0,12.8872,0.32300000000000001,0.056136800165606612
常规控制,43.256666727503848,460.41772950339669,4.4412919214958615,23189.719395529115,0.71603030059068784,12644.644406728563,8563.9150890368837,4085.8856333218796,0,0,0,12.8872,0.32300000000000001,0.056136036894154945
常规控制,43.276927461334061,460.41150462457216,4.4162820284254014,23189.723423294909,0.71163318568657663,12644.676010849567,8563.9165764824047,4085.8863429893886,0,0,0,12.8872,0.32300000000000001,0.056135277931141661
常规控制,43.297188195164274,460.40531488287661,4.3914129516871485,23189.727428325463,0.70726342427187583,12644.707434398864,8563.9180555318489,4085.8870486510878,0,0,0,12.8872,0.32300000000000001,0.056134523252192703
常规控制,43.317448928994487,460.39916007953457,4.3666838986488683,23189.731410749388,0.70292084393672138,12644.738678411653,8563.9195262327139,4085.8877503296389,0,0,0,12.8872,0.32300000000000001,0.056133772833072526
常规控制,43.3377096628247,460.39304001689999,4.3420940811373727,23189.735370694572,0.69860527337196232,12644.769743917179,8563.920988632226,4085.8884480475745,0,0,0,12.8872,0.32300000000000001,0.056133026649683331
常规控制,43.357970396654913,460.38695449844965,4.3176427154135117,23189.739308288183,0.6943165423620703,12644.800631938757,8563.9224427773461,4085.8891418272997,0,0,0,12.8872,0.32300000000000001,0.056132284678064165
常规控制,43.378231130485126,460.38090332877692,4.293329022147315,23189.743223656642,0.69005448177810302,12644.831343493819,8563.9238887147658,4085.8898316910909,0,0,0,12.8872,0.32300000000000001,0.056131546894390268
常规控制,43.398491864315339,460.37488631358542,4.2691522263931008,23189.747116925675,0.68581892357063123,12644.861879593936,8563.925326490913,4085.8905176610997,0,0,0,12.8872,0.32300000000000001,0.056130813274972213
常规控制,43.418752598145552,460.36890325968244,4.2451115575648881,23189.750988220287,0.68160970076278915,12644.892241244865,8563.9267561519537,4085.8911997593509,0,0,0,12.8872,0.32300000000000001,0.056130083796255129
常规控制,43.439013331975758,460.3629539749727,4.2212062494118978,23189.754837664772,0.67742664744334535,12644.922429446562,8563.9281777437864,4085.8918780077438,0,0,0,12.8872,0.32300000000000001,0.056129358434817984
常规控制,43.459274065805971,460.35703826845207,4.1974355399941556,23189.758665382717,0.67326959875981462,12644.952445193241,8563.9295913120532,4085.8925524280539,0,0,0,12.8872,0.32300000000000001,0.056128637167372757
常规控制,43.479534799636184,460.35115595020136,4.173798671658318,23189.762471497004,0.6691383909116273,12644.982289473386,8563.930996902136,4085.8932230419332,0,0,0,12.8872,0.32300000000000001,0.056127919970763704
常规控制,43.499795533466397,460.34530683138013,4.1502948910135418,23189.766256129828,0.66503286114333171,12645.011963269799,8563.9323945591568,4085.8938898709112,0,0,0,12.8872,0.32300000000000001,0.05612720682196664
常规控制,43.52005626729661,460.33949072422041,4.1269234489075455,23189.77001940268,0.6609528477378469,12645.041467559618,8563.9337843279845,4085.8945529363937,0,0,0,12.8872,0.32300000000000001,0.056126497698088092
常规控制,43.540317001126823,460.33370744202057,4.1036836004027863,23189.773761436358,0.65689819000975969,12645.070803314369,8563.9351662532317,4085.8952122596652,0,0,0,12.8872,0.32300000000000001,0.056125792576364623
常规控制,43.560577734957036,460.32795679913926,4.0805746047527798,23189.77748235099,0.65286872829866416,12645.099971499982,8563.9365403792581,4085.8958678618901,0,0,0,12.8872,0.32300000000000001,0.05612509143416209
常规控制,43.580838468787249,460.32223861098953,4.0575957253785413,23189.781182266008,0.64886430396254602,12645.128973076826,8563.9379067501686,4085.8965197641119,0,0,0,12.8872,0.32300000000000001,0.05612439424897487
常规控制,43.601099202617462,460.31655269403217,4.0347462298451688,23189.784861300162,0.64488475937120848,12645.157808999751,8563.9392654098247,4085.8971679872561,0,0,0,12.8872,0.32300000000000001,0.056123700998425119
常规控制,43.621359936447675,460.31089886577058,4.0120253898385574,23189.78851957155,0.64092993789974206,12645.186480218106,8563.9406164018292,4085.8978125521271,0,0,0,12.8872,0.32300000000000001,0.056123011660262088
常规控制,43.641620670277888,460.30527694474415,3.989432481142229,23189.792157197571,0.63699968392203521,12645.214987675781,8563.9419597695451,4085.8984534794131,0,0,0,12.8872,0.32300000000000001,0.05612232621236133
常规控制,43.661881404108101,460.29968675052254,3.9669667836143083,23189.795774294984,0.63309384280432701,12645.243332311238,8563.9432955560878,4085.8990907896837,0,0,0,12.8872,0.32300000000000001,0.056121644632724059
常规控制,43.682142137938314,460.2941281036999,3.9446275811646139,23189.799370979861,0.62921226089880111,12645.271515057539,8563.9446238043238,4085.8997245033916,0,0,0,12.8872,0.32300000000000001,0.056120966899476356
常规控制,43.702402871768527,460.28860082588875,3.9224141617318797,23189.802947367629,0.6253547855372199,12645.299536842374,8563.9459445568809,4085.9003546408744,0,0,0,12.8872,0.32300000000000001,0.056120292990868473
常规控制,43.72266360559874,460.28310473971442,3.9003258172610997,23189.806503573065,0.62152126502459903,12645.327398588099,8563.9472578561436,4085.9009812223544,0,0,0,12.8872,0.32300000000000001,0.056119622885274167
常规控制,43.742924339428953,460.27763966880894,3.8783618436809992,23189.810039710275,0.61771154863292221,12645.355101211764,8563.948563744254,4085.9016042679373,0,0,0,12.8872,0.32300000000000001,0.056118956561189939
常规控制,43.763185073259166,460.27220543780572,3.8565215408817202,23189.813555892739,0.61392548659493695,12645.382645625143,8563.9498622631163,4085.9022237976155,0,0,0,12.8872,0.32300000000000001,0.056118293997234343
常规控制,43.783445807089372,460.26680187233353,3.8348042126925379,23189.817052233277,0.61016293009794875,12645.410032734762,8563.9511534543963,4085.9028398312694,0,0,0,12.8872,0.32300000000000001,0.056117635172147316
常规控制,43.803706540919585,460.26142879901067,3.8132091668596453,23189.820528844073,0.60642373127763483,12645.437263441941,8563.952437359525,4085.9034523886648,0,0,0,12.8872,0.32300000000000001,0.056116980064789455
常规控制,43.823967274749798,460.25608604543964,3.7917357150242088,23189.823985836683,0.60270774321194809,12645.464338642805,8563.953714019699,4085.9040614894561,0,0,0,12.8872,0.32300000000000001,0.056116328654141338
常规控制,43.844228008580011,460.2507734402015,3.7703831727004413,23189.827423322015,0.59901481991503192,12645.491259228331,8563.9549834758745,4085.904667153186,0,0,0,12.8872,0.32300000000000001,0.05611568091930285
常规控制,43.864488742410224,460.24549081284971,3.7491508592538363,23189.830841410356,0.59534481633118275,12645.518026084368,8563.9562457687825,4085.9052693992853,0,0,0,12.8872,0.32300000000000001,0.056115036839492469
常规控制,43.884749476240437,460.24023799390551,3.7280380978795176,23189.834240211374,0.59169758832885044,12645.544640091675,8563.9575009389209,4085.9058682470763,0,0,0,12.8872,0.32300000000000001,0.056114396394046626
常规控制,43.90501021007065,460.23501481485158,3.7070442155807157,23189.837619834096,0.58807299269467894,12645.571102125939,8563.9587490265549,4085.9064637157712,0,0,0,12.8872,0.32300000000000001,0.056113759562418972
常规控制,43.925270943900863,460.22982110812694,3.6861685431473594,23189.840980386951,0.58447088712758566,12645.597413057811,8563.9599900717276,4085.9070558244716,0,0,0,12.8872,0.32300000000000001,0.056113126324179807
常规控制,43.945531677731076,460.22465670712131,3.6654104151347946,23189.844321977736,0.58089113023288019,12645.623573752939,8563.9612241142459,4085.9076445921733,0,0,0,12.8872,0.32300000000000001,0.056112496659015305
常规控制,43.965792411561289,460.21952144616978,3.644769169842617,23189.847644713645,0.57733358151642145,12645.649585071989,8563.9624511937,4085.9082300377613,0,0,0,12.8872,0.32300000000000001,0.056111870546726915
常规控制,43.986053145391502,460.2144151605475,3.6242441492936281,23189.850948701263,0.57379810137881182,12645.675447870679,8563.9636713494474,4085.9088121800164,0,0,0,12.8872,0.32300000000000001,0.056111247967230694
常规控制,44,460.21091690597677,3.6101825664921665,23189.853212223254,0.57137713958666636,12645.693165147854,8563.9645072634048,4085.90921099864,0,0,0,12.8872,0.32300000000000001,0.056110821445541657
常规控制,44.006313879221715,460.20933768646398,3.6038346992129053,23189.854234046568,0.57028455110963061,12645.701162999807,8563.9648846206292,4085.9093910376109,0,0,0,12.8872,0.32300000000000001,0.056110628900556632
常规控制,44.026574613051928,460.20428886105805,3.5835401690069895,23189.857500854945,0.56679279288170314,12645.726731305271,8563.9660910461607,4085.9099666291122,0,0,0,12.8872,0.32300000000000001,0.056110013326848021
常规控制,44.046835346882141,460.19926852239263,3.5633599117431909,23189.860749231164,0.56332268974540711,12645.752153628117,8563.9672906647338,4085.9105389729821,0,0,0,12.8872,0.32300000000000001,0.056109401226360822
常规控制,44.067096080712354,460.19427650944903,3.5432932841290041,23189.86397927942,0.55987410562301632,12645.777430804543,8563.968483514831,4085.9111080875768,0,0,0,12.8872,0.32300000000000001,0.056108792579462975
常规控制,44.087356814542566,460.18931266212195,3.5233396464916433,23189.867191103302,0.55644690530307805,12645.802563665944,8563.9696696347019,4085.9116739911492,0,0,0,12.8872,0.32300000000000001,0.056108187366633762
常规控制,44.107617548372779,460.18437682121447,3.5034983627576834,23189.870384805818,0.55304095443482948,12645.827553038936,8563.9708490623925,4085.9122367018499,0,0,0,12.8872,0.32300000000000001,0.056107585568463264
常规控制,44.127878282202992,460.1794688284325,3.4837688004328169,23189.873560489392,0.54965611952264537,12645.852399745379,8563.9720218357252,4085.9127962377229,0,0,0,12.8872,0.32300000000000001,0.056106987165651566
常规控制,44.148139016033198,460.17458852637986,3.4641503305817354,23189.876718255869,0.54629226792052776,12645.877104602409,8563.9731879923092,4085.9133526167143,0,0,0,12.8872,0.32300000000000001,0.056106392139008324
常规控制,44.168399749863411,460.16973575855297,3.444642327808181,23189.879858206514,0.54294926782666719,12645.901668422461,8563.9743475695432,4085.9139058566648,0,0,0,12.8872,0.32300000000000001,0.056105800469451926
常规控制,44.188660483693624,460.16491036933593,3.4252441702350165,23189.882980442009,0.53962698827797695,12645.926092013304,8563.9755006046125,4085.9144559753163,0,0,0,12.8872,0.32300000000000001,0.056105212138009071
常规控制,44.208921217523837,460.16011220399531,3.4059552394844155,23189.886085062484,0.53632529914468619,12645.950376178054,8563.9766471344883,4085.9150029903089,0,0,0,12.8872,0.32300000000000001,0.056104627125814002
常规控制,44.22918195135405,460.15534110867532,3.3867749206582074,23189.889172167477,0.53304407112497876,12645.974521715223,8563.9777871959359,4085.9155469191833,0,0,0,12.8872,0.32300000000000001,0.056104045414107982
常规控制,44.249442685184263,460.15059693039251,3.367702602318313,23189.892241855989,0.52978317573965805,12645.998529418721,8563.9789208255115,4085.9160877793793,0,0,0,12.8872,0.32300000000000001,0.05610346698423864
常规控制,44.269703419014476,460.14587951703095,3.3487376764672847,23189.89529422644,0.52654248532684911,12646.022400077896,8563.9800480595623,4085.9166255882401,0,0,0,12.8872,0.32300000000000001,0.056102891817659387
常规控制,44.289964152844689,460.14118871733729,3.3298795385289668,23189.898329376698,0.52332187303673317,12646.046134477563,8563.9811689342332,4085.9171603630084,0,0,0,12.8872,0.32300000000000001,0.056102319895928766
常规控制,44.310224886674902,460.13652438091583,3.311127587329258,23189.901347404069,0.52012121282631973,12646.069733398021,8563.9822834854585,4085.9176921208309,0,0,0,12.8872,0.32300000000000001,0.056101751200709919
常规控制,44.330485620505115,460.13188635822354,3.2924812250769864,23189.904348405322,0.51694037945425086,12646.093197615084,8563.9833917489723,4085.9182208787556,0,0,0,12.8872,0.32300000000000001,0.056101185713769937
常规控制,44.350746354335328,460.12727450056542,3.2739398573448883,23189.907332476665,0.51377924847564016,12646.116527900109,8563.9844937603066,4085.9187466537351,0,0,0,12.8872,0.32300000000000001,0.056100623416979314
常规控制,44.371007088165541,460.1226886600893,3.2555028930506995,23189.910299713767,0.51063769623694621,12646.139725020015,8563.9855895547898,4085.9192694626245,0,0,0,12.8872,0.32300000000000001,0.056100064292311291
常规控制,44.391267821995754,460.1181286897812,3.2371697444383476,23189.913250211757,0.50751559987087758,12646.162789737316,8563.986679167554,4085.9197893221854,0,0,0,12.8872,0.32300000000000001,0.056099508321841331
常规控制,44.411528555825967,460.11359444346084,3.2189398270592515,23189.916184065205,0.50441283729133246,12646.185722810143,8563.9877626335256,4085.920306249081,0,0,0,12.8872,0.32300000000000001,0.056098955487746523
常规控制,44.43178928965618,460.10908577577641,3.2008125597537243,23189.919101368174,0.50132928718836989,12646.208524992266,8563.988839987438,4085.9208202598843,0,0,0,12.8872,0.32300000000000001,0.056098405772304953
常规控制,44.452050023486393,460.10460254220004,3.1827873646324809,23189.922002214174,0.49826482902321323,12646.231197033128,8563.989911263825,4085.9213313710711,0,0,0,12.8872,0.32300000000000001,0.056097859157895218
常规控制,44.472310757316606,460.10014459902322,3.164863667058246,23189.924886696197,0.49521934302328618,12646.253739677861,8563.9909764970289,4085.9218395990251,0,0,0,12.8872,0.32300000000000001,0.056097315626995742
常规控制,44.492571491146812,460.095711803352,3.14704089562747,23189.927754906694,0.49219271017728033,12646.276153667312,8563.992035721194,4085.9223449600368,0,0,0,12.8872,0.32300000000000001,0.056096775162184337
常规控制,44.512832224977025,460.09130401310227,3.1293184821521169,23189.930606937596,0.4891848122302494,12646.298439738079,8563.9930889702682,4085.922847470305,0,0,0,12.8872,0.32300000000000001,0.056096237746137513
常规控制,44.533092958807238,460.08692108699529,3.1116958616416106,23189.933442880327,0.48619553167874435,12646.320598622518,8563.9941362780155,4085.9233471459356,0,0,0,12.8872,0.32300000000000001,0.056095703361629966
常规控制,44.553353692637451,460.08256288455311,3.0941724722848387,23189.93626282578,0.48322475176597818,12646.342631048779,8563.9951776779981,4085.923844002944,0,0,0,12.8872,0.32300000000000001,0.056095171991534055
常规控制,44.573614426467664,460.07822926609379,3.0767477554323572,23189.939066864328,0.48027235647705502,12646.364537740828,8563.9962132035962,4085.9243380572543,0,0,0,12.8872,0.32300000000000001,0.056094643618819169
常规控制,44.593875160297877,460.07392009272706,3.0594211555785198,23189.941855085846,0.47733823053415825,12646.386319418474,8563.9972428879973,4085.9248293247015,0,0,0,12.8872,0.32300000000000001,0.056094118226551241
常规控制,44.61413589412809,460.06963522634987,3.0421921203438291,23189.944627579691,0.47442225939182031,12646.407976797384,8563.9982667642016,4085.9253178210292,0,0,0,12.8872,0.32300000000000001,0.056093595797892165
常规控制,44.634396627958303,460.06537452964153,3.0250601004573574,23189.947384434719,0.47152432923221305,12646.429510589114,8563.9992848650236,4085.9258035618932,0,0,0,12.8872,0.32300000000000001,0.05609307631609925
常规控制,44.654657361788516,460.06113786605971,3.0080245497392677,23189.950125739269,0.4686443269604661,12646.450921501133,8564.000297223085,4085.9262865628598,0,0,0,12.8872,0.32300000000000001,0.05609255976452468
常规控制,44.674918095618729,460.05692509983578,2.9910849250834253,23189.952851581194,0.46578214020001679,12646.472210236845,8564.001303870833,4085.9267668394077,0,0,0,12.8872,0.32300000000000001,0.056092046126614975
常规控制,44.695178829448942,460.05273609597032,2.9742406864401172,23189.95556204785,0.46293765728799091,12646.493377495612,8564.0023048405255,4085.927244406927,0,0,0,12.8872,0.32300000000000001,0.056091535385910447
常规控制,44.715439563279155,460.04857072022884,2.9574912967988638,23189.958257226084,0.46011076727061262,12646.514423972774,8564.0033001642369,4085.9277192807208,0,0,0,12.8872,0.32300000000000001,0.056091027526044682
常规控制,44.735700297109368,460.04442883913748,2.9408362221713307,23189.960937202268,0.45730135989864634,12646.535350359683,8564.0042898738611,4085.9281914760068,0,0,0,12.8872,0.32300000000000001,0.056090522530743994
常规控制,44.755961030939581,460.04031031997857,2.9242749315743328,23189.963602062267,0.45450932562286689,12646.556157343715,8564.0052740011106,4085.9286610079148,0,0,0,12.8872,0.32300000000000001,0.05609002038382687
常规控制,44.776221764769794,460.03621503078625,2.907806897012938,23189.966251891477,0.45173455558955961,12646.576845608293,8564.0062525775193,4085.9291278914893,0,0,0,12.8872,0.32300000000000001,0.056089521069203521
常规控制,44.796482498600007,460.03214284034249,2.8914315934636639,23189.968886774797,0.44897694163605001,12646.597415832921,8564.0072256344429,4085.929592141691,0,0,0,12.8872,0.32300000000000001,0.056089024570875279
常规控制,44.81674323243022,460.02809361817253,2.8751484988577678,23189.97150679665,0.44623637628626145,12646.617868693194,8564.0081932030589,4085.9300537733934,0,0,0,12.8872,0.32300000000000001,0.056088530872934132
常规控制,44.837003966260426,460.02406723454061,2.8589570940646358,23189.974112040978,0.44351275274630292,12646.638204860828,8564.0091553143648,4085.9305128013875,0,0,0,12.8872,0.32300000000000001,0.056088039959562144
常规控制,44.857264700090639,460.02006356044609,2.842856862875236,23189.976702591259,0.44080596490008012,12646.658425003681,8564.0101119991887,4085.9309692403808,0,0,0,12.8872,0.32300000000000001,0.056087551815031035
常规控制,44.877525433920852,460.01608246761907,2.8268472919857195,23189.979278530478,0.43811590730494371,12646.678529785771,8564.0110632881806,4085.9314231049952,0,0,0,12.8872,0.32300000000000001,0.056087066423701606
常规控制,44.897786167751065,460.012123828516,2.8109278709810548,23189.981839941171,0.43544247518735602,12646.698519867306,8564.0120092118159,4085.9318744097727,0,0,0,12.8872,0.32300000000000001,0.056086583770023214
常规控制,44.918046901581278,460.00818751631601,2.7950980923187818,23189.984386905388,0.43278556443858929,12646.718395904698,8564.0129498003989,4085.9323231691706,0,0,0,12.8872,0.32300000000000001,0.056086103838533345
常规控制,44.938307635411491,460.00427340491649,2.7793574513128463,23189.986919504729,0.4301450716104504,12646.738158550588,8564.0138850840613,4085.9327693975652,0,0,0,12.8872,0.32300000000000001,0.056085626613857034
常规控制,44.958568369241704,460.00038136892886,2.763705446117569,23189.989437820324,0.42752089391104969,12646.757808453878,8564.0148150927671,4085.9332131092519,0,0,0,12.8872,0.32300000000000001,0.056085152080706378
常规控制,44.978829103071917,459.99651128367498,2.7481415777116993,23189.991941932843,0.42491292920059925,12646.777346259725,8564.0157398563078,4085.9336543184445,0,0,0,12.8872,0.32300000000000001,0.056084680223880135
常规控制,44.999089836902129,459.99266302518271,2.7326653498824673,23189.994431922507,0.42232107598719359,12646.796772609599,8564.0166594043058,4085.9340930392764,0,0,0,12.8872,0.32300000000000001,0.05608421102826306
常规控制,45,459.99249066204214,2.7319721678658659,23189.994543448913,0.42220501995047788,12646.797642684387,8564.0167005907751,4085.934112689542,0,0,0,12.8872,0.32300000000000001,0.056084190013034947
常规控制,45.019350570732342,459.98883647018181,2.7172762692098149,23189.996907869074,0.4197452334226609,12646.816088141271,8564.0175737662175,4085.9345292858015,0,0,0,12.8872,0.32300000000000001,0.056083744478825581
常规控制,45.039611304562555,459.98503149610059,2.7019738450506883,23189.999369851848,0.4171853012984274,12646.835293488861,8564.0184829713289,4085.934963071993,0,0,0,12.8872,0.32300000000000001,0.056083280560623214
常规控制,45.059872038392768,459.98124798106102,2.6867575895234159,23190.001817949698,0.41464118004140832,12646.854389282837,8564.0193870487674,4085.9353944117456,0,0,0,12.8872,0.32300000000000001,0.056082819258796122
常规控制,45.080132772222981,459.97748580387554,2.6716270174921788,23190.004252241029,0.41211277070992636,12646.873376150048,8564.0202860274894,4085.9358233188755,0,0,0,12.8872,0.32300000000000001,0.056082360558568578
常规控制,45.100393506053194,459.97374484404264,2.6565816465515684,23190.006672803822,0.40959997498965739,12646.892254713754,8564.0211799362878,4085.9362498071205,0,0,0,12.8872,0.32300000000000001,0.056081904445248562
常规控制,45.120654239883407,459.97002498174334,2.6416209970112261,23190.009079715594,0.4071026951896019,12646.911025593621,8564.0220688037934,4085.9366738901404,0,0,0,12.8872,0.32300000000000001,0.056081450904227247
常规控制,45.14091497371362,459.96632609783688,2.6267445918805801,23190.011473053441,0.4046208342380837,12646.929689405764,8564.0229526584772,4085.937095581518,0,0,0,12.8872,0.32300000000000001,0.05608099992097848
常规控制,45.161175707543833,459.96264807385728,2.6119519568536558,23190.013852894012,0.40215429567877414,12646.948246762759,8564.0238315286442,4085.9375148947588,0,0,0,12.8872,0.32300000000000001,0.056080551481058408
常规控制,45.181436441374046,459.95899079200922,2.5972426202939833,23190.016219313526,0.39970298366674223,12646.966698273663,8564.0247054424453,4085.9379318432925,0,0,0,12.8872,0.32300000000000001,0.056080105570104941
常规控制,45.201697175204252,459.95535413516433,2.5826161132195868,23190.018572387769,0.39726680296453115,12646.985044544041,8564.0255744278638,4085.9383464404723,0,0,0,12.8872,0.32300000000000001,0.056079662173837308
常规控制,45.221957909034465,459.95173798685727,2.5680719692880318,23190.020912192107,0.39484565893825613,12647.00328617597,8564.0264385127339,4085.9387586995754,0,0,0,12.8872,0.32300000000000001,0.056079221278055563
常规控制,45.242218642864678,459.94814223128236,2.553609724781615,23190.023238801463,0.39243945755373488,12647.021423768081,8564.0272977247241,4085.9391686338045,0,0,0,12.8872,0.32300000000000001,0.056078782868640188
常规控制,45.262479376694891,459.94456675328917,2.539228918592574,23190.025552290346,0.39004810537263551,12647.03945791556,8564.0281520913522,4085.9395762562867,0,0,0,12.8872,0.32300000000000001,0.056078346931551587
常规控制,45.282740110525104,459.94101143837941,2.5249290922084122,23190.027852732841,0.38767150954865187,12647.057389210182,8564.0290016399758,4085.9399815800766,0,0,0,12.8872,0.32300000000000001,0.056077913452829642
常规控制,45.303000844355317,459.9374761727027,2.5107097896972963,23190.030140202616,0.38530957782370268,12647.075218240319,8564.0298463978015,4085.9403846181526,0,0,0,12.8872,0.32300000000000001,0.056077482418593255
常规控制,45.32326157818553,459.93396084305351,2.496570557693536,23190.032414772922,0.38296221852415535,12647.092945590968,8564.0306863918777,4085.9407853834214,0,0,0,12.8872,0.32300000000000001,0.056077053815039926
常规控制,45.343522312015743,459.93046533686686,2.4825109453831393,23190.034676516585,0.38062934055707204,12647.110571843767,8564.0315216491053,4085.9411838887154,0,0,0,12.8872,0.32300000000000001,0.056076627628445258
常规控制,45.363783045845956,459.92698954221487,2.4685305044895149,23190.036925506036,0.3783108534065065,12647.128097577011,8564.0323521962255,4085.9415801467953,0,0,0,12.8872,0.32300000000000001,0.05607620384516257
常规控制,45.384043779676169,459.92353334780353,2.4546287892591763,23190.039161813282,0.37600666712979453,12647.145523365685,8564.0331780598353,4085.9419741703496,0,0,0,12.8872,0.32300000000000001,0.056075782451622404
常规控制,45.404304513506382,459.92009664296836,2.4408053564475267,23190.041385509932,0.37371669235386529,12647.162849781458,8564.0339992663794,4085.9423659719937,0,0,0,12.8872,0.32300000000000001,0.056075363434332108
常规控制,45.424565247336595,459.91667931767159,2.4270597653047625,23190.043596667179,0.3714408402715953,12647.18007739273,8564.0348158421475,4085.9427555642733,0,0,0,12.8872,0.32300000000000001,0.056074946779875415
常规控制,45.444825981166808,459.91328126249812,2.4133915775618382,23190.045795355829,0.36917902263817742,12647.197206764635,8564.0356278132858,4085.9431429596616,0,0,0,12.8872,0.32300000000000001,0.056074532474911981
常规控制,45.465086714997021,459.90990236865201,2.3998003574165079,23190.047981646265,0.36693115176751451,12647.214238459057,8564.0364352057932,4085.9435281705619,0,0,0,12.8872,0.32300000000000001,0.056074120506176946
常规控制,45.485347448827234,459.90654252795321,2.3862856715194529,23190.050155608496,0.36469714052863617,12647.231173034665,8564.0372380455174,4085.9439112093082,0,0,0,12.8872,0.32300000000000001,0.056073710860480581
常规控制,45.505608182657447,459.90320163283371,2.3728470889604814,23190.052317312115,0.36247690234213908,12647.24801104691,8564.0380363581626,4085.9442920881629,0,0,0,12.8872,0.32300000000000001,0.056073303524707713
常规控制,45.52586891648766,459.89987957633451,2.3594841812548104,23190.054466826332,0.36027035117665157,12647.264753048063,8564.0388301692874,4085.94467081932,0,0,0,12.8872,0.32300000000000001,0.056072898485817486
常规控制,45.546129650317866,459.89657625210174,2.3461965223294268,23190.056604219964,0.35807740154532075,12647.281399587222,8564.0396195043049,4085.9450474149044,0,0,0,12.8872,0.32300000000000001,0.056072495730842768
常规控制,45.566390384148079,459.89329155438327,2.3329836885095037,23190.058729561435,0.35589796850231942,12647.297951210334,8564.0404043884846,4085.9454218869723,0,0,0,12.8872,0.32300000000000001,0.056072095246889837
常规控制,45.586651117978292,459.8900253780256,2.3198452585049396,23190.060842918785,0.35373196763938342,12647.314408460208,8564.0411848469539,4085.9457942475119,0,0,0,12.8872,0.32300000000000001,0.056071697021137949
常规控制,45.606911851808505,459.88677761847021,2.3067808133969256,23190.062944359663,0.35157931508236284,12647.330771876548,8564.0419609046949,4085.9461645084439,0,0,0,12.8872,0.32300000000000001,0.056071301040838871
常规控制,45.627172585638718,459.88354817175002,2.2937899366246115,23190.065033951349,0.34943992748779995,12647.34704199595,8564.0427325865548,4085.9465326816198,0,0,0,12.8872,0.32300000000000001,0.056070907293316534
常规控制,45.647433319468931,459.88033693448654,2.2808722139718385,23190.067111760731,0.34731372203952776,12647.363219351935,8564.0434999172321,4085.9468987788268,0,0,0,12.8872,0.32300000000000001,0.056070515765966597
常规控制,45.667694053299144,459.87714380388604,2.2680272335539522,23190.069177854311,0.34520061644529071,12647.379304474964,8564.0442629212921,4085.9472628117824,0,0,0,12.8872,0.32300000000000001,0.056070126446256016
常规控制,45.687954787129357,459.8739686777364,2.2552545858046797,23190.07123229824,0.34310052893338605,12647.395297892446,8564.0450216231566,4085.9476247921402,0,0,0,12.8872,0.32300000000000001,0.056069739321722656
常规控制,45.70821552095957,459.87081145440374,2.2425538634630864,23190.073275158273,0.34101337824932715,12647.411200128774,8564.0457760471108,4085.9479847314869,0,0,0,12.8872,0.32300000000000001,0.056069354379974928
常规控制,45.728476254789783,459.86767203282938,2.2299246615605997,23190.075306499795,0.33893908365252712,12647.427011705324,8564.0465262173057,4085.9483426413435,0,0,0,12.8872,0.32300000000000001,0.056068971608691301
常规控制,45.748736988619996,459.86455031252626,2.2173665774081104,23190.077326387829,0.33687756491300552,12647.442733140484,8564.0472721577516,4085.948698533166,0,0,0,12.8872,0.32300000000000001,0.056068590995619998
常规控制,45.768997722450209,459.86144619357583,2.2048792105832091,23190.079334887028,0.33482874230814164,12647.458364949667,8564.0480138923231,4085.9490524183461,0,0,0,12.8872,0.32300000000000001,0.056068212528578527
常规控制,45.789258456280422,459.85835957662482,2.1924621629173804,23190.081332061676,0.33279253661940328,12647.473907645324,8564.0487514447632,4085.94940430821,0,0,0,12.8872,0.32300000000000001,0.056067836195453323
常规控制,45.809519190110635,459.85529036288193,2.1801150384833297,23190.083317975696,0.33076886912912001,12647.489361736971,8564.0494848386752,4085.9497542140202,0,0,0,12.8872,0.32300000000000001,0.056067461984199367
常规控制,45.829779923940848,459.85223845411491,2.1678374435823802,23190.085292692645,0.32875766161727832,12647.504727731201,8564.050214097535,4085.9501021469769,0,0,0,12.8872,0.32300000000000001,0.056067089882839739
常规控制,45.850040657771061,459.84920375264716,2.1556289867319345,23190.087256275732,0.32675883635833375,12647.520006131692,8564.0509392446784,4085.9504481182139,0,0,0,12.8872,0.32300000000000001,0.056066719879465321
常规控制,45.870301391601274,459.84618616135435,2.1434892786530053,23190.089208787795,0.3247723161180443,12647.535197439242,8564.0516603033193,4085.9507921388058,0,0,0,12.8872,0.32300000000000001,0.056066351962234313
常规控制,45.89056212543148,459.84318558366192,2.1314179322578219,23190.091150291322,0.32279802415032532,12647.550302151771,8564.052377296528,4085.9511342197611,0,0,0,12.8872,0.32300000000000001,0.056065986119371948
常规控制,45.910822859261692,459.84020192354131,2.1194145626374876,23190.093080848448,0.32083588419412173,12647.565320764339,8564.0530902472565,4085.9514743720283,0,0,0,12.8872,0.32300000000000001,0.056065622339170021
常规控制,45.931083593091905,459.83723508550719,2.107478787049748,23190.095000520956,0.318885820470307,12647.580253769178,8564.0537991783167,4085.9518126064927,0,0,0,12.8872,0.32300000000000001,0.056065260609986567
常规控制,45.951344326922118,459.83428497461443,2.0956102249067827,23190.096909370281,0.31694775767859612,12647.595101655679,8564.0545041123969,4085.9521489339795,0,0,0,12.8872,0.32300000000000001,0.056064900920245471
常规控制,45.971605060752331,459.83135149645477,2.0838084977630951,23190.098807457511,0.31502162099448183,12647.609864910441,8564.0552050720598,4085.9524833652504,0,0,0,12.8872,0.32300000000000001,0.0560645432584361
常规控制,45.991865794582544,459.82843455715397,2.0720732293034549,23190.100694843382,0.31310733606618962,12647.624544017259,8564.0559020797318,4085.9528159110087,0,0,0,12.8872,0.32300000000000001,0.056064187613112923
常规控制,46,459.82726810685227,2.0673804090517525,23190.101449587168,0.31234211354290714,12647.630413766547,8564.0561808050406,4085.9529488922121,0,0,0,12.8872,0.32300000000000001,0.056064045394660041
常规控制,46.012126528412757,459.82553406336865,2.0604040453309191,23190.10257158829,0.31120482901165264,12647.639139457158,8564.0565951577191,4085.9531465818945,0,0,0,12.8872,0.32300000000000001,0.056063833972895119
常规控制,46.03238726224297,459.82264992228357,2.0488005737549106,23190.104437752299,0.30931402641550615,12647.65365170841,8564.0572843282007,4085.9534753884909,0,0,0,12.8872,0.32300000000000001,0.056063482326466262
常规控制,46.052647996073183,459.81978204160805,2.037262444579369,23190.106293395118,0.30743485532610054,12647.668081246531,8564.0579696132299,4085.9538023413188,0,0,0,12.8872,0.32300000000000001,0.056063132662573914
常规控制,46.072908729903396,459.81693032957378,2.0257892898909642,23190.108138576124,0.30556724325253376,12647.68242854432,8564.0586510347348,4085.9541274508401,0,0,0,12.8872,0.32300000000000001,0.056062784970029263
常规控制,46.093169463733609,459.81409469493099,2.0143807438473766,23190.109973354363,0.30371111816170249,12647.696694071856,8564.0593286145195,4085.9544507274582,0,0,0,12.8872,0.32300000000000001,0.056062439237706797
常规控制,46.113430197563822,459.81127504694621,2.00303644266564,23190.111797788548,0.30186640847537166,12647.710878296528,8564.0600023742627,4085.9547721815165,0,0,0,12.8872,0.32300000000000001,0.056062095454543909
常规控制,46.133690931394035,459.80847129539904,1.9917560246105495,23190.113611937046,0.30003304306726236,12647.724981683039,8564.0606723355268,4085.9550918233008,0,0,0,12.8872,0.32300000000000001,0.056061753609540535
常规控制,46.153951665224248,459.80568335057916,1.9805391299831492,23190.115415857908,0.29821095126016361,12647.739004693429,8564.0613385197448,4085.9554096630391,0,0,0,12.8872,0.32300000000000001,0.056061413691758842
常规控制,46.174212399054461,459.80291112328359,1.969385401109319,23190.117209608856,0.29640006282307924,12647.75294778709,8564.0620009482354,4085.9557257109,0,0,0,12.8872,0.32300000000000001,0.056061075690322815
常规控制,46.194473132884674,459.80015452481382,1.9582944823283257,23190.118993247273,0.29460030796835024,12647.766811420777,8564.0626596421898,4085.9560399769966,0,0,0,12.8872,0.32300000000000001,0.056060739594417971
常规控制,46.214733866714887,459.79741346697273,1.9472660199815135,23190.120766830234,0.29281161734882744,12647.780596048626,8564.0633146226846,4085.9563524713835,0,0,0,12.8872,0.32300000000000001,0.056060405393290956
常规控制,46.2349946005451,459.79468786206206,1.9362996624010398,23190.122530414479,0.29103392205505479,12647.794302122165,8564.0639659106728,4085.9566632040578,0,0,0,12.8872,0.32300000000000001,0.056060073076249238
常规控制,46.255255334375306,459.79197762287941,1.9253950598986769,23190.124284056434,0.28926715361247096,12647.807930090336,8564.0646135269963,4085.9569721849625,0,0,0,12.8872,0.32300000000000001,0.056059742632660739
常规控制,46.275516068205519,459.78928266271521,1.9145518647546567,23190.126027812206,0.28751124397862604,12647.821480399507,8564.0652574923715,4085.9572794239816,0,0,0,12.8872,0.32300000000000001,0.05605941405195345
常规控制,46.295776802035732,459.78660289535043,1.9037697312066197,23190.127761737574,0.28576612554042263,12647.834953493488,8564.0658978274005,4085.9575849309454,0,0,0,12.8872,0.32300000000000001,0.056059087323615205
常规控制,46.316037535865945,459.78393823505331,1.8930483154385851,23190.129485888021,0.2840317311113692,12647.848349813536,8564.0665345525704,4085.9578887156276,0,0,0,12.8872,0.32300000000000001,0.056058762437193245
常规控制,46.336298269696158,459.78128859657693,1.8823872755700046,23190.131200318701,0.28230799392885408,12647.861669798385,8564.0671676882503,4085.9581907877468,0,0,0,12.8872,0.32300000000000001,0.056058439382293886
常规控制,46.356559003526371,459.77865389515614,1.8717862716448748,23190.132905084458,0.28059484765143655,12647.874913884252,8564.0677972546946,4085.9584911569659,0,0,0,12.8872,0.32300000000000001,0.056058118148582234
常规控制,46.376819737356584,459.77603404650529,1.8612449656209071,23190.134600239831,0.27889222635615574,12647.888082504851,8564.068423272045,4085.958789832895,0,0,0,12.8872,0.32300000000000001,0.056057798725781809
常规控制,46.397080471186797,459.77342896681489,1.8507630213587636,23190.136285839046,0.27720006453585672,12647.901176091405,8564.069045760325,4085.9590868250884,0,0,0,12.8872,0.32300000000000001,0.056057481103674228
常规控制,46.41734120501701,459.7708385727496,1.8403401046113474,23190.13796193603,0.27551829709653347,12647.914195072677,8564.0696647394507,4085.9593821430462,0,0,0,12.8872,0.32300000000000001,0.056057165272098891
常规控制,46.437601938847223,459.76826278144478,1.8299758830131576,23190.139628584395,0.27384685935468933,12647.927139874957,8564.0702802292217,4085.9596757962158,0,0,0,12.8872,0.32300000000000001,0.056056851220952608
常规控制,46.457862672677436,459.76570151050458,1.8196700260697005,23190.14128583745,0.2721856870347138,12647.940010922101,8564.0708922493268,4085.9599677939909,0,0,0,12.8872,0.32300000000000001,0.056056538940189339
常规控制,46.478123406507649,459.76315467799884,1.8094222051469602,23190.142933748219,0.27053471626627629,12647.952808635528,8564.071500819342,4085.960258145712,0,0,0,12.8872,0.32300000000000001,0.056056228419819797
常规控制,46.498384140337862,459.76062220246035,1.7992320934609274,23190.144572369412,0.26889388358173588,12647.965533434246,8564.0721059587358,4085.9605468606665,0,0,0,12.8872,0.32300000000000001,0.05605591964991119
常规控制,46.518644874168075,459.75810400288259,1.789099366067185,23190.14620175344,0.26726312591356793,12647.978185734859,8564.0727076868643,4085.9608339480897,0,0,0,12.8872,0.32300000000000001,0.056055612620586857
常规控制,46.538905607998288,459.75559999871695,1.7790236998505531,23190.147821952418,0.26564238059180584,12647.990765951583,8564.0733060229741,4085.9611194171644,0,0,0,12.8872,0.32300000000000001,0.05605530732202596
常规控制,46.559166341828501,459.75311010986991,1.7690047735148144,23190.149433018178,0.26403158534151072,12648.003274496257,8564.0739009862045,4085.9614032770219,0,0,0,12.8872,0.32300000000000001,0.056055003744463185
常规控制,46.579427075658714,459.75063425670095,1.7590422675725004,23190.151035002244,0.26243067828025601,12648.01571177836,8564.074492595586,4085.9616855367408,0,0,0,12.8872,0.32300000000000001,0.056054701878188423
常规控制,46.59968780948892,459.7481723600194,1.7491358643346719,23190.152627955864,0.26083959791560485,12648.028078205029,8564.0750808700395,4085.961966205351,0,0,0,12.8872,0.32300000000000001,0.056054401713546441
常规控制,46.619948543319133,459.74572434108234,1.7392852479008056,23190.154211929981,0.25925828314262528,12648.040374181053,8564.0756658283826,4085.9622452918275,0,0,0,12.8872,0.32300000000000001,0.056054103240936536
常规控制,46.640209277149346,459.743290121592,1.7294901041487496,23190.155786975258,0.25768667324141881,12648.05260010892,8564.0762474893254,4085.9625228050982,0,0,0,12.8872,0.32300000000000001,0.056053806450812343
常规控制,46.660470010979559,459.7408696236929,1.7197501207247003,23190.157353142073,0.25612470787465985,12648.064756388796,8564.0768258714688,4085.9627987540384,0,0,0,12.8872,0.32300000000000001,0.056053511333681402
常规控制,46.680730744809772,459.73846276996977,1.710064987033256,23190.158910480517,0.25457232708515398,12648.076843418557,8564.0774009933139,4085.963073147474,0,0,0,12.8872,0.32300000000000001,0.056053217880104915
常规控制,46.700991478639985,459.73606948344479,1.7004343942275217,23190.160459040395,0.25302947129341152,12648.0888615938,8564.0779728732523,4085.9633459941801,0,0,0,12.8872,0.32300000000000001,0.056052926080697431
常规控制,46.721252212470198,459.73368968757507,1.6908580351992708,23190.161998871237,0.25149608129523726,12648.100811307853,8564.0785415295759,4085.9636173028844,0,0,0,12.8872,0.32300000000000001,0.056052635926126526
常规控制,46.741512946300411,459.73132330625054,1.6813356045691619,23190.163530022288,0.24997209825933545,12648.112692951794,8564.0791069804709,4085.9638870822628,0,0,0,12.8872,0.32300000000000001,0.056052347407112527
常规控制,46.761773680130624,459.72897026379104,1.671866798677011,23190.165052542518,0.24845746372493074,12648.12450691445,8564.0796692440217,4085.9641553409433,0,0,0,12.8872,0.32300000000000001,0.056052060514428223
常规控制,46.782034413960837,459.72663048494434,1.6624513155721194,23190.166566480613,0.24695211959940425,12648.13625358243,8564.0802283382091,4085.9644220875052,0,0,0,12.8872,0.32300000000000001,0.056051775238898531
常规控制,46.80229514779105,459.72430389488301,1.6530888550036522,23190.168071884997,0.24545600815594476,12648.14793334012,8564.0807842809136,4085.9646873304796,0,0,0,12.8872,0.32300000000000001,0.0560514915714002
常规控制,46.822555881621263,459.721990419203,1.6437791184110764,23190.169568803809,0.24396907203121515,12648.159546569706,8564.0813370899141,4085.9649510783483,0,0,0,12.8872,0.32300000000000001,0.056051209502861549
常规控制,46.842816615451476,459.71968998392038,1.6345218089146458,23190.171057284915,0.24249125422303347,12648.171093651184,8564.0818867828875,4085.9652133395457,0,0,0,12.8872,0.32300000000000001,0.056050929024262175
常规控制,46.863077349281689,459.71740251546936,1.6253166313059439,23190.172537375929,0.24102249808806894,12648.182574962369,8564.0824333774162,4085.9654741224599,0,0,0,12.8872,0.32300000000000001,0.056050650126632635
常规控制,46.883338083111902,459.71512794069986,1.6161632920384768,23190.174009124166,0.23956274733955252,12648.193990878914,8564.0829768909771,4085.9657334354283,0,0,0,12.8872,0.32300000000000001,0.056050372801054148
常规控制,46.903598816942115,459.71286618687515,1.6070614992183159,23190.175472576702,0.2381119460450013,12648.205341774321,8564.0835173409505,4085.9659912867455,0,0,0,12.8872,0.32300000000000001,0.056050097038658361
常规控制,46.923859550772328,459.71061718166953,1.5980109625947976,23190.176927780329,0.23667003862395816,12648.216628019945,8564.0840547446205,4085.9662476846556,0,0,0,12.8872,0.32300000000000001,0.056049822830627025
常规控制,46.94412028460254,459.70838085316581,1.58901139355127,23190.178374781583,0.2352369698457446,12648.227849985018,8564.0845891191693,4085.9665026373582,0,0,0,12.8872,0.32300000000000001,0.056049550168191707
常规控制,46.964381018432746,459.70615712985335,1.5800625050959334,23190.179813626728,0.23381268482724471,12648.239008036655,8564.0851204816863,4085.966756153005,0,0,0,12.8872,0.32300000000000001,0.056049279042633508
常规控制,46.984641752262959,459.70394594062532,1.5711640118526708,23190.181244361782,0.23239712903068077,12648.250102539871,8564.0856488491627,4085.9670082397033,0,0,0,12.8872,0.32300000000000001,0.056049009445282828
常规控制,47,459.70227810083793,1.5644520908530557,23190.182323526249,0.2313298782575251,12648.258470386962,8564.0860473823541,4085.9671983818316,0,0,0,12.8872,0.32300000000000001,0.0560488060953468
常规控制,47.004902486093172,459.70174721477701,1.5623156300519594,23190.182667032488,0.23099024826140932,12648.261133857581,8564.0861742384932,4085.967258905514,0,0,0,12.8872,0.32300000000000001,0.056048741367519021
常规控制,47.025163219923385,459.69956088200269,1.5535170775218257,23190.184081684343,0.22959198866573566,12648.272102350629,8564.0866966664762,4085.9675081584514,0,0,0,12.8872,0.32300000000000001,0.056048474800770146
常规控制,47.045423953753598,459.69738687239436,1.5447680736788587,23190.185488362575,0.22820229672874026,12648.283008377784,8564.0872161498191,4085.9677560064865,0,0,0,12.8872,0.32300000000000001,0.056048209736512707
常规控制,47.065684687583811,459.69522511643862,1.5360683395192689,23190.186887112162,0.22682111927211937,12648.29385229577,8564.0877327051294,4085.9680024575428,0,0,0,12.8872,0.32300000000000001,0.056047946166271352
常规控制,47.085945421414024,459.69307554501501,1.5274175976099971,23190.188277977828,0.22544840345203954,12648.304634459251,8564.0882463489252,4085.9682475195013,0,0,0,12.8872,0.32300000000000001,0.056047684081618636
常规控制,47.106206155244237,459.69093808939334,1.5188155720798771,23190.189661004053,0.22408409675700613,12648.315355220879,8564.0887570976283,4085.9684912001981,0,0,0,12.8872,0.32300000000000001,0.056047423474174685
常规控制,47.12646688907445,459.68881268123198,1.5102619886108453,23190.191036235046,0.22272814700574578,12648.326014931265,8564.0892649675716,4085.9687335074232,0,0,0,12.8872,0.32300000000000001,0.056047164335606997
常规控制,47.146727622904663,459.68669925257512,1.5017565744292014,23190.192403714784,0.2213805023451027,12648.336613939029,8564.0897699749912,4085.9689744489247,0,0,0,12.8872,0.32300000000000001,0.056046906657630124
常规控制,47.166988356734876,459.68459773585101,1.4932990582969174,23190.193763486983,0.22004111124794842,12648.347152590783,8564.0902721360326,4085.9692140324055,0,0,0,12.8872,0.32300000000000001,0.056046650432005428
常规控制,47.187249090565089,459.68250806386965,1.4848891705029972,23190.195115595121,0.21870992251110508,12648.357631231154,8564.0907714667537,4085.9694522655263,0,0,0,12.8872,0.32300000000000001,0.056046395650540849
常规控制,47.207509824395302,459.68043016982051,1.4765266428548829,23190.196460082429,0.21738688525328198,12648.368050202802,8564.0912679831181,4085.9696891559038,0,0,0,12.8872,0.32300000000000001,0.056046142305090564
常规控制,47.227770558225515,459.67836398727053,1.4682112086699093,23190.197796991895,0.21607194891302539,12648.378409846415,8564.0917617009982,4085.9699247111112,0,0,0,12.8872,0.32300000000000001,0.056045890387554753
常规控制,47.248031292055728,459.67630945016185,1.4599426027668054,23190.199126366253,0.21476506324668124,12648.388710500734,8564.092252636181,4085.9701589386796,0,0,0,12.8872,0.32300000000000001,0.056045639889879394
常规控制,47.268292025885941,459.67426649280975,1.4517205614572468,23190.200448248008,0.21346617832637094,12648.398952502563,8564.0927408043608,4085.9703918460978,0,0,0,12.8872,0.32300000000000001,0.05604539080405594
常规控制,47.288552759716154,459.67223504990068,1.4435448225374481,23190.201762679415,0.21217524453797965,12648.409136186769,8564.0932262211427,4085.9706234408113,0,0,0,12.8872,0.32300000000000001,0.056045143122121069
常规控制,47.30881349354636,459.67021505648984,1.4354151252798106,23190.203069702507,0.21089221257915788,12648.419261886304,8564.0937089020499,4085.9708537302249,0,0,0,12.8872,0.32300000000000001,0.056044896836156453
常规控制,47.329074227376573,459.66820644799947,1.427331210424599,23190.204369359068,0.20961703345733307,12648.429329932216,8564.0941888625111,4085.9710827216995,0,0,0,12.8872,0.32300000000000001,0.056044651938288503
常规控制,47.349334961206786,459.66620916021634,1.4192928201716952,23190.205661690634,0.20834965848773973,12648.439340653653,8564.0946661178677,4085.9713104225571,0,0,0,12.8872,0.32300000000000001,0.056044408420688079
常规控制,47.369595695036999,459.66422312929006,1.4112996981724109,23190.206946738526,0.20709003929147224,12648.449294377879,8564.0951406833792,4085.9715368400757,0,0,0,12.8872,0.32300000000000001,0.056044166275570274
常规控制,47.389856428867212,459.66224829173092,1.4033515895212865,23190.208224543829,0.20583812779352503,12648.459191430284,8564.0956125742177,4085.9717619814946,0,0,0,12.8872,0.32300000000000001,0.056043925495194158
常规控制,47.410117162697425,459.66028458440763,1.3954482407479725,23190.209495147392,0.20459387622086025,12648.469032134397,8564.0960818054664,4085.9719858540111,0,0,0,12.8872,0.32300000000000001,0.056043686071862504
常规控制,47.430377896527638,459.65833194454569,1.3875893998091577,23190.210758589823,0.20335723710048678,12648.478816811885,8564.0965483921264,4085.9722084647806,0,0,0,12.8872,0.32300000000000001,0.056043447997921582
常规控制,47.450638630357851,459.65639030972488,1.3797748160805361,23190.212014911518,0.20212816325755076,12648.488545782582,8564.0970123491115,4085.9724298209198,0,0,0,12.8872,0.32300000000000001,0.056043211265760867
常规控制,47.470899364188064,459.65445961787782,1.3720042403488186,23190.213264152633,0.20090660781343783,12648.498219364486,8564.0974736912558,4085.9726499295057,0,0,0,12.8872,0.32300000000000001,0.056042975867812851
常规控制,47.491160098018277,459.6525398072875,1.3642774248037941,23190.214506353106,0.1996925241838883,12648.507837873778,8564.0979324333039,4085.9728687975735,0,0,0,12.8872,0.32300000000000001,0.056042741796552727
常规控制,47.51142083184849,459.65063081658542,1.3565941230304306,23190.215741552645,0.19848586607712426,12648.517401624822,8564.0983885899223,4085.9730864321191,0,0,0,12.8872,0.32300000000000001,0.056042509044498208
常规控制,47.531681565678703,459.64873258474972,1.3489540900010257,23190.216969790734,0.19728658749198918,12648.526910930186,8564.0988421756902,4085.9733028400997,0,0,0,12.8872,0.32300000000000001,0.056042277604209233
常规控制,47.551942299508916,459.6468450511033,1.3413570820673979,23190.218191106629,0.19609464271609928,12648.536366100645,8564.0992932051067,4085.9735180284333,0,0,0,12.8872,0.32300000000000001,0.056042047468287823
常规控制,47.572203033339129,459.64496815531152,1.3338028569531228,23190.21940553937,0.19490998632400702,12648.545767445201,8564.0997416925911,4085.9737320039981,0,0,0,12.8872,0.32300000000000001,0.05604181862937771
常规控制,47.592463767169342,459.64310183738053,1.3262911737458147,23190.220613127782,0.19373257317537618,12648.555115271076,8564.1001876524751,4085.9739447736329,0,0,0,12.8872,0.32300000000000001,0.056041591080164217
常规控制,47.612724500999555,459.64124603765543,1.3188217928894488,23190.221813910459,0.19256235841316896,12648.564409883744,8564.1006310990178,4085.9741563441403,0,0,0,12.8872,0.32300000000000001,0.056041364813373941
常规控制,47.632985234829768,459.63940069681792,1.3113944761767276,23190.223007925782,0.1913992974618442,12648.573651586921,8564.101072046391,4085.974366722281,0,0,0,12.8872,0.32300000000000001,0.056041139821774576
常规控制,47.653245968659974,459.63756575588485,1.3040089867414919,23190.224195211918,0.19024334602556764,12648.582840682591,8564.1015105086881,4085.9745759147804,0,0,0,12.8872,0.32300000000000001,0.056040916098174645
常规控制,47.673506702490187,459.63574115620617,1.2966650890511622,23190.225375806815,0.18909446008643149,12648.591977471002,8564.1019464999263,4085.974783928325,0,0,0,12.8872,0.32300000000000001,0.056040693635423293
常规控制,47.6937674363204,459.63392683946296,1.2893625488992451,23190.226549748211,0.18795259590268928,12648.601062250687,8564.102380034039,4085.9749907695627,0,0,0,12.8872,0.32300000000000001,0.056040472426410012
常规控制,47.714028170150613,459.63212274766562,1.2821011333978571,23190.22771707362,0.18681771000699735,12648.61009531847,8564.1028111248816,4085.9751964451057,0,0,0,12.8872,0.32300000000000001,0.056040252464064515
常规控制,47.734288903980826,459.63032882315207,1.274880610970303,23190.228877820358,0.18568975920466971,12648.619076969477,8564.1032397862364,4085.9754009615276,0,0,0,12.8872,0.32300000000000001,0.056040033741356368
常规控制,47.754549637811039,459.62854500858566,1.2677007513437002,23190.230032025524,0.18456870057194696,12648.628007497135,8564.1036660318005,4085.9756043253637,0,0,0,12.8872,0.32300000000000001,0.056039816251294845
常规控制,47.774810371641252,459.62677124695369,1.2605613255416686,23190.231179726004,0.18345449145428491,12648.636887193206,8564.104089875198,4085.9758065431151,0,0,0,12.8872,0.32300000000000001,0.056039599986928743
常规控制,47.795071105471465,459.62500748156526,1.2534621058769975,23190.232320958483,0.18234708946462969,12648.645716347768,8564.104511329977,4085.9760076212442,0,0,0,12.8872,0.32300000000000001,0.056039384941346054
常规控制,47.815331839301678,459.6232536560496,1.2464028659444009,23190.233455759437,0.18124645248172278,12648.654495249246,8564.1049304096068,4085.9762075661783,0,0,0,12.8872,0.32300000000000001,0.056039171107673841
常规控制,47.835592573131891,459.6215097143542,1.2393833806133028,23190.234584165129,0.18015253864841194,12648.663224184413,8564.1053471274809,4085.9764063843072,0,0,0,12.8872,0.32300000000000001,0.056038958479077944
常规控制,47.855853306962103,459.61977560074314,1.2324034260206622,23190.235706211632,0.17906530636997292,12648.671903438397,8564.1057614969159,4085.9766040819841,0,0,0,12.8872,0.32300000000000001,0.056038747048762792
常规控制,47.876114040792316,459.6180512597951,1.2254627795638369,23190.236821934792,0.17798471431244206,12648.680533294697,8564.1061735311559,4085.976800665529,0,0,0,12.8872,0.32300000000000001,0.056038536809971194
常规控制,47.896374774622529,459.61633663640163,1.2185612198934908,23190.237931370277,0.17691072140095968,12648.689114035187,8564.1065832433706,4085.9769961412239,0,0,0,12.8872,0.32300000000000001,0.056038327755984121
常规控制,47.916635508452742,459.61463167576557,1.2116985269065392,23190.239034553539,0.17584328681812433,12648.69764594013,8564.1069906466528,4085.9771905153157,0,0,0,12.8872,0.32300000000000001,0.05603811988012046
常规控制,47.936896242282955,459.61293632339903,1.2048744817391346,23190.240131519837,0.17478237000235786,12648.706129288184,8564.1073957540211,4085.9773837940156,0,0,0,12.8872,0.32300000000000001,0.056037913175736809
常规控制,47.957156976113168,459.61125052512176,1.1980888667596936,23190.241222304227,0.17372793064628067,12648.714564356409,8564.107798578425,4085.977575983502,0,0,0,12.8872,0.32300000000000001,0.056037707636227299
常规控制,47.977417709943381,459.60957422705934,1.1913414655619587,23190.242306941564,0.17267992869509782,12648.722951420283,8564.1081991327355,4085.9777670899161,0,0,0,12.8872,0.32300000000000001,0.056037503255023345
常规控制,47.997678443773594,459.60790737564179,1.1846320629581057,23190.243385466514,0.17163832434499526,12648.731290753703,8564.108597429753,4085.9779571193653,0,0,0,12.8872,0.32300000000000001,0.05603730002559347
常规控制,48,459.60771698194566,1.1838656894941924,23190.243508659467,0.17151937988388136,12648.732243272372,8564.1086429246552,4085.9779788252044,0,0,0,12.8872,0.32300000000000001,0.056037276812005328
常规控制,48.0179391776038,459.60624991760113,1.1779604449718855,23190.244457913544,0.17060307804154659,12648.739582629005,8564.1089934822085,4085.9781460779222,0,0,0,12.8872,0.32300000000000001,0.056037097941443015
常规控制,48.038199911434013,459.60460179997051,1.1713263988317957,23190.245524316924,0.16957415047812832,12648.747827316962,8564.1093873027567,4085.978333971625,0,0,0,12.8872,0.32300000000000001,0.056036896996114041
常规控制,48.058460645264226,459.60296297008182,1.1647297129643144,23190.246584710731,0.16855150259434867,12648.75602508679,8564.1097789039832,4085.9785208064791,0,0,0,12.8872,0.32300000000000001,0.05603669718318504
常规控制,48.078721379094439,459.60133337556442,1.1581701769871444,23190.247639128855,0.16753509557448262,12648.764176206181,8564.1101682984008,4085.9787065884534,0,0,0,12.8872,0.32300000000000001,0.056036498496270772
常规控制,48.098982112924652,459.59971296434327,1.1516475817025114,23190.248687604992,0.16652489084591868,12648.772280941283,8564.1105554984533,4085.9788913234866,0,0,0,12.8872,0.32300000000000001,0.056036300929022023
常规控制,48.119242846754865,459.59810168463736,1.145161719090491,23190.24973017264,0.16552085007761472,12648.780339556717,8564.1109405165171,4085.9790750174811,0,0,0,12.8872,0.32300000000000001,0.056036104475125442
常规控制,48.139503580585078,459.59649948495792,1.1387123823023784,23190.25076686512,0.16452293517856367,12648.788352315605,8564.1113233648903,4085.9792576763061,0,0,0,12.8872,0.32300000000000001,0.0560359091283033
常规控制,48.159764314415291,459.59490631410694,1.1322993656541074,23190.251797715558,0.16353110829627576,12648.79631947955,8564.1117040558111,4085.9794393058,0,0,0,12.8872,0.32300000000000001,0.056035714882313327
常规控制,48.180025048245504,459.59332212117528,1.1259224646197072,23190.252822756891,0.16254533181526823,12648.80424130866,8564.1120826014412,4085.9796199117654,0,0,0,12.8872,0.32300000000000001,0.056035521730948459
常规控制,48.200285782075717,459.59174685554132,1.119581475824756,23190.253842021881,0.16156556835555239,12648.812118061562,8564.1124590138788,4085.9797994999744,0,0,0,12.8872,0.32300000000000001,0.056035329668036718
常规控制,48.22054651590593,459.59018046686901,1.1132761970399123,23190.254855543088,0.16059178077114369,12648.819949995393,8564.1128333051511,4085.979978076165,0,0,0,12.8872,0.32300000000000001,0.056035138687440915
常规控制,48.240807249736143,459.58862290510666,1.1070064271744677,23190.255863352904,0.15962393214857698,12648.827737365827,8564.1132054872178,4085.9801556460434,0,0,0,12.8872,0.32300000000000001,0.05603494878305855
常规控制,48.261067983566356,459.587074120485,1.1007719662699365,23190.256865483534,0.15866198580543131,12648.835480427069,8564.1135755719733,4085.9803322152834,0,0,0,12.8872,0.32300000000000001,0.056034759948821518
常规控制,48.281328717396569,459.58553406351569,1.0945726154936832,23190.257861966991,0.15770590528886422,12648.843179431873,8564.1139435712375,4085.9805077895271,0,0,0,12.8872,0.32300000000000001,0.056034572178696028
常规控制,48.301589451226782,459.58400268498963,1.0884081771325851,23190.258852835119,0.15675565437415587,12648.850834631543,8564.1143094967774,4085.9806823743852,0,0,0,12.8872,0.32300000000000001,0.056034385466682289
常规控制,48.321850185056995,459.58247993597575,1.0822784545867299,23190.259838119582,0.15581119706326238,12648.858446275952,8564.1146733602782,4085.9808559754351,0,0,0,12.8872,0.32300000000000001,0.056034199806814414
常规控制,48.342110918887208,459.58096576781884,1.076183252363152,23190.260817851864,0.15487249758337868,12648.866014613535,8564.1150351733686,4085.9810285982239,0,0,0,12.8872,0.32300000000000001,0.056034015193160182
常规控制,48.362371652717414,459.57946013213865,1.0701223760696024,23190.261792063258,0.15393952038551084,12648.87353989131,8564.1153949476084,4085.9812002482677,0,0,0,12.8872,0.32300000000000001,0.056033831619820847
常规控制,48.382632386547627,459.57796298082764,1.0640956324083461,23190.262760784903,0.15301223014305593,12648.881022354883,8564.1157526944935,4085.9813709310506,0,0,0,12.8872,0.32300000000000001,0.056033649080930954
常规控制,48.40289312037784,459.57647426605013,1.0581028291700136,23190.263724047742,0.15209059175039444,12648.888462248451,8564.1161084254545,4085.9815406520261,0,0,0,12.8872,0.32300000000000001,0.05603346757065817
常规控制,48.423153854208053,459.57499394024035,1.0521437752274669,23190.264681882556,0.1511745703214879,12648.895859814815,8564.1164621518583,4085.9817094166174,0,0,0,12.8872,0.32300000000000001,0.056033287083203084
常规控制,48.443414588038266,459.57352195610076,1.0462182805297084,23190.265634319952,0.15026413118848764,12648.903215295391,8564.1168138850044,4085.981877230216,0,0,0,12.8872,0.32300000000000001,0.056033107612798991
常规控制,48.463675321868479,459.57205826660106,1.0403261560958244,23190.266581390359,0.14935923990035146,12648.910528930212,8564.1171636361323,4085.9820440981839,0,0,0,12.8872,0.32300000000000001,0.056032929153711747
常规控制,48.483936055698692,459.57060282497622,1.0344672140089588,23190.267523124025,0.14845986222146937,12648.917800957928,8564.117511416418,4085.982210025853,0,0,0,12.8872,0.32300000000000001,0.05603275170023958
常规控制,48.504196789528905,459.56915558472531,1.0286412674103225,23190.268459551055,0.14756596413029757,12648.925031615841,8564.1178572369681,4085.9823750185242,0,0,0,12.8872,0.32300000000000001,0.056032575246712894
常规控制,48.524457523359118,459.56771649960962,1.0228481304932349,23190.26939070136,0.14667751181800129,12648.932221139883,8564.1182011088367,4085.9825390814681,0,0,0,12.8872,0.32300000000000001,0.056032399787494067
常规控制,48.544718257189331,459.56628552365157,1.0170876184971984,23190.270316604689,0.14579447168710588,12648.939369764641,8564.1185430430087,4085.9827022199279,0,0,0,12.8872,0.32300000000000001,0.056032225316977352
常规控制,48.564978991019544,459.56486261113298,1.0113595477020321,23190.271237290621,0.14491681035016604,12648.946477723359,8564.118883050407,4085.982864439115,0,0,0,12.8872,0.32300000000000001,0.056032051829588564
常规控制,48.585239724849757,459.56344771659377,1.0056637354220035,23190.272152788573,0.14404449462843094,12648.953545247945,8564.1192211418947,4085.9830257442122,0,0,0,12.8872,0.32300000000000001,0.056031879319785038
常规控制,48.60550045867997,459.5620407948303,0.999999999999999,23190.273063127795,0.14317749155051965,12648.960572568985,8564.1195573282748,4085.9831861403727,0,0,0,12.8872,0.32300000000000001,0.056031707782055365
