strategy,t,S,I,Sq,Iq,R,Cc,Cq,J_c,J_q,J,c,q,Rt,Itcum,It_cum
情景一阈值控制,0,92174.196956788917,0.0010065918886718701,0,0,0,0,0,0,0,0,12.8872,0.32300000000000001,4.4258388718164561,0,0
情景一阈值控制,0.032745481922219856,92174.196773487012,0.001040495696752996,0.0001186042599482996,2.077765506062272e-05,1.0016182723603133e-05,4.3800306250843242e-05,2.0897339614508651e-05,0,0,0,12.8872,0.32300000000000001,4.4258388630150272,6.469764586535189e-05,6.469764586535189e-05
情景一阈值控制,0.065490963844439712,92174.196584011181,0.0010755414453978498,0.0002412033224153982,4.2016281882594292e-05,2.0608584957494796e-05,8.9075884754228767e-05,4.2498538811840297e-05,0,0,0,12.8872,0.32300000000000001,4.42583885391715,0.00013157442356606907,0.00013157442356606907
情景一阈值控制,0.098236445766659575,92174.196388153461,0.0011117675971894275,0.00036793173943839159,6.3734152669614726e-05,3.1793868941782825e-05,0.00013587642529730264,6.4827304831652482e-05,0,0,0,12.8872,0.32300000000000001,4.4258388445128398,0.00020070373012895512,0.00020070373012895512
情景一阈值控制,0.13098192768887942,92174.196185698893,0.0011492139101996837,0.00049892859500927649,8.5950123500093617e-05,4.3589289696937695e-05,0.00018425329130872001,8.7908143416124922e-05,0,0,0,12.8872,0.32300000000000001,4.4258388347917759,0.00027216143472484492,0.00027216143472484492
情景一阈值控制,0.16372740961109927,92174.195976425297,0.0011879214816175893,0.00063433765769718383,0.00010868365435308065,5.6012714623974401e-05,0.00023425957622171835,0.00011176638570105624,0,0,0,12.8872,0.32300000000000001,4.4258388247432885,0.00034602596192277458,0.00034602596192277458
情景一阈值控制,0.19647289153331915,92174.195760103001,0.0012279327928609973,0.00077430753846135798,0.00013195482981108263,6.9082643775448559e-05,0.00028595016175412099,0.00013642821602153789,0,0,0,12.8872,0.32300000000000001,4.425838814356351,0.0004223783777756589,0.0004223783777756589
情景一阈值控制,0.229218373455539,92174.19553649459,0.0012692917562050082,0.00091899185376925524,0.00015578438045471952,8.2818230812010881e-05,0.00033938177814751141,0.00016192070065235771,0,0,0,12.8872,0.32300000000000001,4.4258388036195626,0.00050130247879986913,0.00050130247879986913
情景一阈值控制,0.26196385537775885,92174.195305354646,0.0013120437629530217,0.0010685493941113438,0.00018019370496119463,9.7239304656322165e-05,0.00039461306639939877,0.00018827181749927005,0,0,0,12.8872,0.32300000000000001,4.4258387925211409,0.00058288488389866876,0.00058288488389866876
情景一阈值控制,0.29470933729997872,92174.195066429485,0.0013562357332729583,0.0012231442983411135,0.00020520489296255046,0.00011236639189961188,0.00045170464264662074,0.00021551048681663003,0,0,0,12.8872,0.32300000000000001,4.4258387810489044,0.00066721512946325075,0.00066721512946325075
情景一阈值控制,0.32745481922219855,92174.194819456912,0.0014019161676952668,0.0013829462338284398,0.00023084074866217962,0.00012822073995933487,0.00051071916469560446,0.00024366660294930617,0,0,0,12.8872,0.32300000000000001,4.4258387691902623,0.00075438576764491063,0.00075438576764491063
情景一阈值控制,0.36020030114441842,92174.194564165882,0.0014491352003176132,0.0015481305825833665,0.00025712481523011645,0.0001448243410081797,0.00057172140075749389,0.00027277106712654433,0,0,0,12.8872,0.32300000000000001,4.4258387569321993,0.00084449246788403823,0.00084449246788403823
情景一阈值控制,0.3929457830666383,92174.194300276169,0.0014979446538342333,0.0017188786337630334,0.00028408140003102062,0.00016219995672767375,0.00063477830054055513,0.00030285582138050098,0,0,0,12.8872,0.32300000000000001,4.4258387442612639,0.00093763412192105606,0.00093763412192105606
情景一阈值控制,0.42569126498885812,92174.19402749819,0.0015483980964445905,0.0018953777827529091,0.00031173560070983371,0.00018037114391103947,0.00069995906877046252,0.00033395388362313029,0,0,0,12.8872,0.32300000000000001,4.425838731163549,0.0010339129523935929,0.0010339129523935929
情景一阈值控制,0.458436746911078,92174.193745532568,0.0016005509006418719,0.0020778217368241738,0.00034011333213536296,0.00019936228091552366,0.00076733524113914149,0.00036609938388174686,0,0,0,12.8872,0.32300000000000001,4.4258387176246794,0.0011334346250208883,0.0011334346250208883
情景一阈值控制,0.49118222883329782,92174.193454069842,0.0016544603039021929,0.0022664107274402985,0.00036924135421134756,0.00021919859497361062,0.00083698076270914538,0.0003993276017061357,0,0,0,12.8872,0.32300000000000001,4.4258387036297968,0.0012363083644152811,0.0012363083644152811
情景一阈值控制,0.52392771075551769,92174.193152790132,0.0017101854715740555,0.0024613517302606593,0.00039914730069185892,0.00023990619049832625,0.00090897206916053491,0.00043367500493183571,0,0,0,12.8872,0.32300000000000001,4.425838689163542,0.0013426470740923707,0.0013426470740923707
情景一阈值控制,0.55667319267773752,92174.192841362776,0.0017677875618303028,0.002662858692359325,0.00042985970893812315,0.0002615120783204314,0.00098338817070230036,0.00046917928971468693,0,0,0,12.8872,0.32300000000000001,4.4258386742100368,0.0014525674604169872,0.0014525674604169872
情景一阈值控制,0.58941867459995745,92174.192519445991,0.0018273297927410429,0.002871152766863532,0.00046140805064348996,0.00028404420588388579,0.0010603107387238632,0.00050587942187268532,0,0,0,12.8872,0.32300000000000001,4.4258386587528715,0.0015661901605965485,0.0015661901605965485
情景一阈值控制,0.62216415652217727,92174.192186686487,0.0018888775116381929,0.0030864625556088522,0.00049382276360452389,0.00030753148847660448,0.0011398241954071243,0.00054381567964032699,0,0,0,12.8872,0.32300000000000001,4.4258386427750818,0.0016836398750474514,0.0016836398750474514
情景一阈值控制,0.65490963844439709,92174.191842719054,0.0019524982668818701,0.0033090243601966432,0.00052713528458858932,0.0003320038415462527,0.0012220158064414576,0.00058302969790338405,0,0,0,12.8872,0.32300000000000001,4.4258386262591314,0.0018050455043448416,0.0018050455043448416
情景一阈值控制,0.68765512036661702,92174.191487166187,0.0020182618820381833,0.0035390824414872229,0.00056137808330231011,0.00035749221410537758,0.0013069757768539982,0.00062356451392000221,0,0,0,12.8872,0.32300000000000001,4.4258386091868953,0.0019305402907740005,0.0019305402907740005
情景一阈值控制,0.72040060228883684,92174.191119637675,0.0020862405324614374,0.0037768892875042846,0.00059658469745772107,0.00038402862322270583,0.0013947973499461861,0.00066546461452380808,0,0,0,12.8872,0.32300000000000001,4.4258385915396357,0.0020602619644699942,0.0020602619644699942
情景一阈值控制,0.75314608421105667,92174.19073973014,0.0021565088243590959,0.0040227058900246648,0.00063278976897192284,0.00041164618963596377,0.0014855769094377909,0.00070877598485732127,0,0,0,12.8872,0.32300000000000001,4.4258385732979839,0.002194352894295112,0.002194352894295112
情景一阈值控制,0.7858915661332766,92174.190347026655,0.0022291438768969195,0.0042768020318034432,0.0006700290815549074,0.00044037917473783533,0.0015794140855385453,0.00075354615897924688,0,0,0,12.8872,0.32300000000000001,4.4258385544419223,0.0023329602445177921,0.0023329602445177921
情景一阈值控制,0.81863704805549642,92174.189941096207,0.0023042254067743928,0.0045394565824407552,0.00070833959942521649,0.00047026301867778209,0.0016764118642111385,0.00079982427199438359,0,0,0,12.8872,0.32300000000000001,4.4258385349507545,0.0024762361362055223,0.0024762361362055223
情景一阈值控制,0.85138252997771624,92174.189521493303,0.0023818358156549257,0.0048109578042353348,0.00074775950732909743,0.00050133437975327861,0.0017766767001222976,0.00084766111394313497,0,0,0,12.8872,0.32300000000000001,4.4258385148030897,0.0026243378140654327,0.0026243378140654327
情景一阈值控制,0.88412801189993606,92174.189087757433,0.0024620602805836265,0.0050916036684894037,0.00078832825192384369,0.00053363117515039941,0.001880318633453522,0.00089710918553247826,0,0,0,12.8872,0.32300000000000001,4.4258384939768156,0.0027774278189860004,0.0027774278189860004
情景一阈值控制,0.91687349382215599,92174.188639412576,0.0025449868475430006,0.005381702182790815,0.00083008658459402017,0.00056719262310160991,0.001987451410765697,0.00094822275580106396,0,0,0,12.8872,0.32300000000000001,4.425838472449076,0.0029356741665667609,0.0029356741665667609
情景一阈值控制,0.94961897574437582,92174.188175966658,0.0026307065281483185,0.0056815717292785948,0.0008730766057013867,0.00060205928646153814,0.0020981926099198555,0.0010010579217195176,0,0,0,12.8872,0.32300000000000001,4.4258384501962436,0.0030992505316393732,0.0030992505316393732
情景一阈值控制,0.98236445766659564,92174.18769691106,0.0027193133994693878,0.0059915414138454635,0.00091734181026246987,0.00063827311769472817,0.0022126637690369419,0.0010556726697177729,0,0,0,12.8872,0.32300000000000001,4.4258384271938969,0.003268336438754715,0.003268336438754715
情景一阈值控制,1,92174.187432258084,0.0027682640298159395,0.0061627833416950254,0.00094172547483835475,0.00065834988246053945,0.0022759030564458854,0.0010858444419970768,0,0,0,12.8872,0.32300000000000001,4.4258384144863117,0.0033617474984429623,0.0033617474984429623
情景一阈值控制,1.0151099395888155,92174.187201720037,0.0028109047070394469,0.0063119514264897503,0.00096292713508153627,0.00067587750530276986,0.0023309905195750243,0.0011121269391768578,0,0,0,12.8872,0.32300000000000001,4.4258384034167904,0.0034431174587518818,0.0034431174587518818
情景一阈值控制,1.0478554215110354,92174.186689850088,0.0029055809718909909,0.0066431534157545685,0.0010098790077226608,0.00071491732206988847,0.0024533027246088999,0.0011704826884027693,0,0,0,12.8872,0.32300000000000001,4.4258383788388285,0.0036237854130116692,0.0036237854130116692
情景一阈值控制,1.0806009034332553,92174.186160739468,0.0030034461008510527,0.0069855108745694268,0.0010582453969702685,0.00075543897478053742,0.0025797346213206015,0.0012308039626093858,0,0,0,12.8872,0.32300000000000001,4.4258383534330372,0.0038105385839299873,0.0038105385839299873
情景一阈值控制,1.113346385355475,92174.185613807451,0.0031046075004699811,0.0073393995388027619,0.001108075864949051,0.0007974904555778274,0.0027104249681840159,0.0012931569641409708,0,0,0,12.8872,0.32300000000000001,4.425838327171534,0.0040035819323249872,0.0040035819323249872
情景一阈值控制,1.146091867277695,92174.185048453801,0.0032091761948546786,0.007705207799473316,0.0011594216210270619,0.00084112139508509551,0.0028455171971936899,0.0013576101251012729,0,0,0,12.8872,0.32300000000000001,4.4258383000254966,0.0042031273222949625,0.0042031273222949625
情景一阈值控制,1.1788373491999149,92174.184464058038,0.0033172669476042305,0.0080833371293127371,0.0012123355775924343,0.00088638311737994509,0.002985159571393507,0.0014242341825112298,0,0,0,12.8872,0.32300000000000001,4.4258382719651337,0.0044093937539047365,0.0044093937539047365
情景一阈值控制,1.2115828311221346,92174.183859978788,0.0034289983878731845,0.008474202523767807,0.0012668724077152746,0.00093332869683214893,0.0031295053477378939,0.0014931022560108413,0,0,0,12.8872,0.32300000000000001,4.4258382429596468,0.004622607603748735,0.004622607603748735
情景一阈值控制,1.2443283130443545,92174.183235553093,0.0035444931405417988,0.0088782329563699188,0.0013230886046852899,0.00098201301679606769,0.00327871294525882,0.001564289928092465,0,0,0,12.8872,0.32300000000000001,4.4258382129772054,0.0048430028733512853,0.0048430028733512853
情景一阈值控制,1.2770737949665745,92174.182590095617,0.0036638779604824794,0.0092958718484341014,0.0013810425434202433,0.001032492830152709,0.0034329461185246702,0.00163787532685889,0,0,0,12.8872,0.32300000000000001,4.4258381819849006,0.0050708214453835604,0.0050708214453835604
情景一阈值控制,1.3098192768887942,92174.181922898017,0.0037872838718046118,0.0097275775561738043,0.0014407945441483,0.00108482682209964,0.0035923741375307209,0.0017139392118499597,0,0,0,12.8872,0.32300000000000001,4.4258381499487207,0.0053063133493806806,0.0053063133493806806
情景一阈值控制,1.3425647588110141,92174.18123322801,0.0039148463119727779,0.010173823874864058,0.0015024069383163057,0.0011390756751413419,0.0037571719738855413,0.0017925650628730131,0,0,0,12.8872,0.32300000000000001,4.4258381168335061,0.0055497370367585544,0.0055497370367585544
情景一阈值控制,1.375310240733234,92174.180520328693,0.0040467052801809811,0.010635100557893266,0.0015659441364419371,0.0011953021360013121,0.0039275204924957468,0.0018738391714566119,0,0,0,12.8872,0.32300000000000001,4.4258380826029136,0.0058013596639523591,0.0058013596639523591
情景一阈值控制,1.4080557226554538,92174.179783417683,0.0041830054909247358,0.011111913853998533,0.001631472698340053,0.0012535710848810559,0.004103606649965879,0.0019578507355080938,0,0,0,12.8872,0.32300000000000001,4.4258380472193721,0.0060614573854739732,0.0060614573854739732
情景一阈值控制,1.4408012045776737,92174.179021686199,0.0043238965328798078,0.011604787063065052,0.0016990614057729625,0.0013139496071150657,0.0042856236998539679,0.002044691957241997,0,0,0,12.8872,0.32300000000000001,4.4258380106440516,0.0063303156570959649,0.0063303156570959649
情景一阈值控制,1.4735466864998936,92174.178234298262,0.004469533033241534,0.012114261111028016,0.0017687813375949373,0.0013765070672912473,0.0044737714049816078,0.0021344581444742387,0,0,0,12.8872,0.32300000000000001,4.4258379728368107,0.0066082295494558465,0.0066082295494558465
情景一阈值控制,1.5062921684221133,92174.177420389708,0.0046200748274946865,0.012640895143772084,0.0018407059473772721,0.001441315185823244,0.0046682562567597948,0.0022272478152635363,0,0,0,12.8872,0.32300000000000001,4.4258379337561538,0.0068955040720233311,0.0068955040720233311
情景一阈值控制,1.5390376503443333,92174.176579067265,0.0047756871345838621,0.01318526713992324,0.0019149111435001729,0.0015084481179610844,0.0048692917014916881,0.0023231628058815587,0,0,0,12.8872,0.32300000000000001,4.4258378933591915,0.0071924545073732467,0.0071924545073732467
情景一阈值控制,1.5717831322665532,92174.175709407617,0.0049365407378366309,0.013747974543765437,0.0019914753718724286,0.0015779825353991503,0.0050770983741074008,0.0024223083823289374,0,0,0,12.8872,0.32300000000000001,4.4258378516015888,0.0074994067564363382,0.0074994067564363382
情景一阈值控制,1.6045286141887729,92174.174810456301,0.0051028121732744867,0.014329634924001621,0.0020704797020258793,0.0016499977112194822,0.0052919043414430787,0.0025247933564048965,0,0,0,12.8872,0.32300000000000001,4.4258378084375174,0.0078166976978479748,0.0078166976978479748
情景一阈值控制,1.6372740961109928,92174.173881226714,0.005274683922962784,0.014930886650142578,0.0021520079155115846,0.0017245756071102044,0.0055139453520298967,0.0026307302048828021,0,0,0,12.8872,0.32300000000000001,4.4258377638196027,0.0081446755569126988,0.0081446755569126988
情景一阈值控制,1.6700195780332125,92174.172920699042,0.0054523446151781268,0.01555238959274499,0.0022361465974102281,0.0018018009636618204,0.0057434650946905086,0.0027402351928877914,0,0,0,12.8872,0.32300000000000001,4.4258377176988786,0.0084837002875783,0.0084837002875783
情景一阈值控制,1.7027650599554325,92174.171927819101,0.0056359892313683092,0.016194825847411685,0.0023229852309454052,0.0018817613937301453,0.0059807154659108318,0.0028534285014611511,0,0,0,12.8872,0.32300000000000001,4.4258376700247268,0.0088341439673719838,0.0088341439673719838
情景一阈值控制,1.7355105418776524,92174.170901497229,0.0058258193203335525,0.016858900484053876,0.0024126162953956917,0.0019645474790593877,0.0062259568465410425,0.0029704343595757131,0,0,0,12.8872,0.32300000000000001,4.4258376207448267,0.0091963912061167555,0.0091963912061167555
情景一阈值控制,1.7682560237998721,92174.169840607035,0.0060220432196194289,0.017545342321381871,0.0025051353673011091,0.0020502528701610415,0.0064794583878133704,0.0030913811805963354,0,0,0,12.8872,0.32300000000000001,4.4258375698050925,0.0095708395684097058,0.0095708395684097058
情景一阈值控制,1.8010015057220921,92174.168743984192,0.0062248762840793094,0.018254904726476642,0.002600641224944732,0.0021389743894295412,0.0067414983066222183,0.0032164017031594931,0,0,0,12.8872,0.32300000000000001,4.4258375171496187,0.0099579000097817123,0.0099579000097817123
情景一阈值控制,1.833746987644312,92174.167610425167,0.0064345411215908964,0.018988366439388362,0.0026992359561023968,0.0022308121374877165,0.0070123641900466868,0.0033456331364624518,0,0,0,12.8872,0.32300000000000001,4.4258374627206161,0.010357997326509138,0.010357997326509138
情景一阈值控制,1.8664924695665317,92174.166438685876,0.0066512678377323321,0.019746532429077923,0.0028010250698854251,0.0023258696035769982,0.0072923533114479921,0.0034792173110748917,0,0,0,12.8872,0.32300000000000001,4.4258374064583492,0.010771570622522883,0.010771570622522883
情景一阈值控制,1.8992379514887516,92174.165227480364,0.0068752942888714638,0.02053023477878994,0.0029061176124267202,0.0024242537797457353,0.0075817729574358759,0.0036173008349361714,0,0,0,12.8872,0.32300000000000001,4.4258373483010711,0.011199073792372047,0.011199073792372047
情景一阈值控制,1.9319834334109716,92174.1639754793,0.0071068663426961083,0.021340333597456383,0.0030146262859660788,0.0025260752783967861,0.0078809407644480668,0.003760035253939034,0,0,0,12.8872,0.32300000000000001,4.4258372881849519,0.011640976018387102,0.011640976018387102
情景一阈值控制,1.9647289153331913,92174.162681308677,0.0073462381479143298,0.022177717963179421,0.0031266675721246901,0.0026314484539748445,0.0081901850671765291,0.0039075772181654646,0,0,0,12.8872,0.32300000000000001,4.4258372260440186,0.012097762285341995,0.012097762285341995
情景一阈值控制,1.9974743972554112,92174.161343548112,0.0075936724132778435,0.023043306899329034,0.0032423618594387945,0.0027404915288625933,0.0085098452590382824,0.0040600886538690777,0,0,0,12.8872,0.32300000000000001,4.4258371618100689,0.012569933912907359,0.012569933912907359
情景一阈值控制,2,92174.161238516375,0.0076130992457900063,0.023111266974707726,0.0032514404524897384,0.0027490577640623473,0.0085349427733747395,0.0040720628002954814,0,0,0,12.8872,0.32300000000000001,4.4258371567668622,0.01260700557367022,0.01260700557367022
情景一阈值控制,2.0302198791776309,92174.159960729434,0.0078494406962100506,0.023938050384240302,0.0033618335752811234,0.002853326723612755,0.0088402721650545028,0.0042177369413775546,0,0,0,12.8872,0.32300000000000001,4.4258370954126081,0.013058009106432057,0.013058009106432057
情景一阈值控制,2.0629653610998511,92174.158531335008,0.0081138237009806512,0.02486293039430712,0.0034852113221435976,0.0029700803914898192,0.0091818284270628672,0.0043806950988793305,0,0,0,12.8872,0.32300000000000001,4.4258370267787637,0.013562523525942198,0.013562523525942198
情景一阈值控制,2.0957108430220708,92174.157053796065,0.0083871115863685952,0.025818961980268826,0.0036126280182547069,0.0030908831572951795,0.0095348889011879559,0.0045491419720586554,0,0,0,12.8872,0.32300000000000001,4.4258369558332129,0.014084030873246611,0.014084030873246611
情景一阈值控制,2.1284563249442905,92174.155526491042,0.0086696042832497908,0.026807194378216229,0.0037442210427309423,0.0032158700606726362,0.0098998410681334741,0.0047232624298480241,0,0,0,12.8872,0.32300000000000001,4.4258368824980909,0.014623103497981498,0.014623103497981498
情景一阈值控制,2.1612018068665106,92174.153947743733,0.0089616118253524387,0.027828712166661683,0.0038801323867439616,0.0033451807053580572,0.010277085460485809,0.0049032475682967763,0,0,0,12.8872,0.32300000000000001,4.4258368066929155,0.015180333028782585,0.015180333028782585
情景一阈值控制,2.1939472887887304,92174.15231582144,0.0092634546889589497,0.028884636454906642,0.0040205088087749046,0.0034789594124678721,0.010667036101575713,0.0050892949199541435,0,0,0,12.8872,0.32300000000000001,4.4258367283344873,0.015756331021529856,0.015756331021529856
情景一阈值控制,2.2266927707109501,92174.150628933188,0.009575464144359629,0.029976126112520235,0.0041655019952375645,0.0036173553790926341,0.011070120959522157,0.0052816086704957996,0,0,0,12.8872,0.32300000000000001,4.4258366473368129,0.016351729630017957,0.016351729630017957
情景一阈值控制,2.2594382526331702,92174.148885227594,0.009897982619266615,0.031104379040658062,0.0043152687265656546,0.0037605228422897211,0.011486782416727733,0.0054803998827223878,0,0,0,12.8872,0.32300000000000001,4.4258365636109955,0.016967182299450122,0.016967182299450122
情景一阈值控制,2.2921837345553899,92174.147082790951,0.010231364074930985,0.032270633487820111,0.0044699710491036201,0.00390862124881054,0.011917477755785307,0.0056858867283879656,0,0,0,12.8872,0.32300000000000001,4.4258364770651459,0.017603364484173274,0.017603364484173274
情景一阈值控制,2.3249292164776096,92174.145219645128,0.010575974394997393,0.03347616941016817,0.0046297764528167081,0.0040618154305777253,0.01236267966184041,0.0058982947278795449,0,0,0,12.8872,0.32300000000000001,4.4258363876042832,0.018260974389719957,0.018260974389719957
情景一阈值控制,2.3576746983998298,92174.143293745306,0.010932191787016907,0.034722309876125047,0.0047948580547840462,0.0042202757858765295,0.012822876741306798,0.0061178569976988121,0,0,0,12.8872,0.32300000000000001,4.4258362951302228,0.018940733739005608,0.018940733739005608
情景一阈值控制,2.3904201803220495,92174.141302977849,0.011300407196538796,0.036010422514978491,0.0049653947884385329,0.0043841784662246369,0.013298574056832872,0.0063448145056972209,0,0,0,12.8872,0.32300000000000001,4.4258361995414752,0.019643388562530093,0.019643388562530093
情景一阈值控制,2.4231656622442692,92174.139245157887,0.011681024736019946,0.037341921017321325,0.0051415715995764008,0.0045537055699308984,0.013790293681411086,0.0065794163354442872,0,0,0,12.8872,0.32300000000000001,4.4258361007331333,0.020369710016855374,0.020369710016855374
情景一阈值控制,2.4559111441664894,92174.137118026993,0.012074462130212181,0.038718266693135717,0.0053235796498949878,0.0047290453430923907,0.014298575273775243,0.0068219199607524447,0,0,0,12.8872,0.32300000000000001,4.4258359985967557,0.021120495234527688,0.021120495234527688
情景一阈值控制,2.4886566260887091,92174.13491925066,0.012481151173318933,0.040140970071050171,0.0055116165259074725,0.0049103923859044754,0.014823976669002745,0.0070725915274562632,0,0,0,12.8872,0.32300000000000001,4.4258358930202482,0.021896568196459007,0.021896568196459007
情景一阈值控制,2.5214021080109288,92174.132646415732,0.012901538202727039,0.041611592555580786,0.0057058864554302572,0.0050979478664530805,0.015367074490530363,0.0073317061454081399,0,0,0,12.8872,0.32300000000000001,4.4258357838877416,0.022698780635938502,0.022698780635938502
情景一阈值控制,2.5541475899331489,92174.130297027805,0.013336084588864551,0.043131748140785887,0.0059066005314378483,0.0052919197417864803,0.015928464783003308,0.0075995481904136972,0,0,0,12.8872,0.32300000000000001,4.4258356710794642,0.023528012973417004,0.023528012973417004
情景一阈值控制,2.5868930718553687,92174.127868508469,0.01378526724207732,0.044703105183457104,0.006113976943693103,0.0054925229866695712,0.016508763667111015,0.0078764116166571054,0,0,0,12.8872,0.32300000000000001,4.4258355544716101,0.024385175283768122,0.024385175283768122
情景一阈值控制,2.6196385537775884,92174.125358192396,0.014249579136417024,0.046327388235471438,0.0063282412181038519,0.0056999798299721864,0.017108608016270944,0.0081626002795502466,0,0,0,12.8872,0.32300000000000001,4.4258354339362027,0.02527120829582119,0.02527120829582119
情景一阈值控制,2.6523840356998085,92174.122763324573,0.014729529850233198,0.048006379934928588,0.0065496264637567737,0.0059145199986429704,0.017728656155021644,0.008458428268939425,0,0,0,12.8872,0.32300000000000001,4.4258353093409548,0.026187084423961067,0.026187084423961067
情景一阈值控制,2.6851295176220282,92174.120081057132,0.015225646123719022,0.049741922956597275,0.006778373627696975,0.0061363809693364265,0.01836958857931853,0.0087642202527620176,0,0,0,12.8872,0.32300000000000001,4.4258351805491243,0.027133808832080546,0.027133808832080546
情景一阈值控制,2.7178749995442479,92174.117308446352,0.015738472438884724,0.051535922040819672,0.0070147317599542616,0.0063658082301638946,0.019032108705804088,0.0090803118345269152,0,0,0,12.8872,0.32300000000000001,4.4258350474193655,0.028112420540331001,0.028112420540331001
情景一阈值控制,2.7506204814664681,92174.114442449281,0.016268571617474022,0.05339034608518587,0.0072589582867671129,0.0066030555505442656,0.019716943644258852,0.0094070499218546679,0,0,0,12.8872,0.32300000000000001,4.4258349098055696,0.029123993566113518,0.029123993566113518
情景一阈值控制,2.7833659633886878,92174.111479920524,0.016816525437682691,0.055307230301983451,0.00751131929239688,0.0068483852595422065,0.020424844994343081,0.009744793106606817,0,0,0,12.8872,0.32300000000000001,4.4258347675567036,0.0301696381009499,0.0301696381009499
情景一阈值控制,2.8161114453109075,92174.108417608746,0.017382935272298266,0.057288678450584433,0.0077720898107288402,0.0071020685338760601,0.02115658967001258,0.010093912058218704,0,0,0,12.8872,0.32300000000000001,4.4258346205166532,0.031250501728231281,0.031250501728231281
情景一阈值控制,2.8488569272331277,92174.105252153095,0.01796842274905119,0.059336865147534272,0.0080415541270211967,0.0073643856959522015,0.021912980752629783,0.010454789930722925,0,0,0,12.8872,0.32300000000000001,4.4258344685240445,0.032367770683352712,0.032367770683352712
情景一阈值控制,2.8816024091553474,92174.101980079504,0.018573630433582199,0.06145403825575891,0.0083200060899869619,0.0076356265221085131,0.022694848373292918,0.010827822783712873,0,0,0,12.8872,0.32300000000000001,4.425834311412066,0.033522671157005787,0.033522671157005787
情景一阈值控制,2.9143478910775671,92174.098597796925,0.019199222534881204,0.063642521352383796,0.0086077494341426277,0.0079160905610017509,0.023503050624196452,0.01121342001715725,0,0,0,12.8872,0.32300000000000001,4.4258341490082893,0.034716470641353706,0.034716470641353706
情景一阈值控制,2.9470933729997872,92174.095101593324,0.019845885633052816,0.065904716274657951,0.0089050981123574204,0.0082060874620733838,0.024338474498835545,0.011612004819976198,0,0,0,12.8872,0.32300000000000001,4.4258339811344776,0.035950479318811741,0.035950479318811741
情景一阈值控制,2.979838854922007,92174.091487631667,0.020514329430929932,0.068243105749305644,0.0092123766392982823,0.0085059373147806511,0.025202036863020139,0.012024014633316852,0,0,0,12.8872,0.32300000000000001,4.4258338076063914,0.037226051496336988,0.037226051496336988
情景一阈值控制,3,92174.089202257266,0.020937035723597116,0.069721841819582159,0.0094066496569035884,0.0086955963381124997,0.025748131014870269,0.012284558815071053,0,0,0,12.8872,0.32300000000000001,4.4258336978717887,0.038032689829941319,0.038032689829941319
情景一阈值控制,3.0125843368442267,92174.087751945684,0.021205287537144242,0.070660256131923449,0.0095299204492470535,0.0088159710020273927,0.026094685466528586,0.012449901633218224,0,0,0,12.8872,0.32300000000000001,4.4258336282335868,0.038544587099746813,0.038544587099746813
情景一阈值控制,3.0453298187664468,92174.083890435504,0.021919518269331254,0.073158820216813955,0.0098580762631166764,0.009136530562683931,0.027017399980773404,0.012890133225686577,0,0,0,12.8872,0.32300000000000001,4.4258334428192034,0.039907533206459983,0.039907533206459983
情景一阈值控制,3.0780753006886665,92174.079898863129,0.022657805485905892,0.075741540146767802,0.010197202468520863,0.0094679695670039435,0.027971193073377715,0.013345192559381101,0,0,0,12.8872,0.32300000000000001,4.4258332511597507,0.041316385632758815,0.041316385632758815
情景一阈值控制,3.1108207826108862,92174.075772847922,0.023420959445993782,0.078411250421342726,0.010547669512707627,0.0098106535047510317,0.02895711151912644,0.013815579055654122,0,0,0,12.8872,0.32300000000000001,4.4258330530448866,0.042772690574780559,0.042772690574780559
情景一阈值控制,3.1435662645331064,92174.071507861605,0.024209817699448091,0.081170881010390883,0.010909860309238462,0.010164960186906173,0.029976237349785419,0.014301808957135438,0,0,0,12.8872,0.32300000000000001,4.4258328482571816,0.044278046306920858,0.044278046306920858
情景一阈值控制,3.1763117464553261,92174.067099223408,0.025025246006938152,0.084023460572786118,0.011284170658406882,0.010531280160949806,0.031029689042770744,0.014804415894852218,0,0,0,12.8872,0.32300000000000001,4.4258326365718847,0.045834104937622966,0.045834104937622966
情景一阈值控制,3.2090572283775458,92174.062542094907,0.025868139289915298,0.086972119779671189,0.011671009681307418,0.01091001713963087,0.032118622748417008,0.015323951473764693,0,0,0,12.8872,0.32300000000000001,4.4258324177566717,0.047442574222181705,0.047442574222181705
情景一阈值控制,3.2418027102997655,92174.05783147474,0.026739422610262534,0.090020094741547832,0.012070800267466718,0.011301588443135455,0.033244233555594534,0.015860985876598288,0,0,0,12.8872,0.32300000000000001,4.4258321915714003,0.049105219432192822,0.049105219432192822
情景一阈值控制,3.2745481922219857,92174.052962193062,0.027640052185472615,0.093170730559655981,0.012483979538707132,0.01170642545729326,0.034407756803226351,0.016416108489574765,0,0,0,12.8872,0.32300000000000001,4.4258319577678318,0.050823865292801113,0.050823865292801113
情景一阈值控制,3.3072936741442054,92174.047928905915,0.028571016442376692,0.096427485012214834,0.012910999330623585,0.012124974109186074,0.035610469441609283,0.016989928551905176,0,0,0,12.8872,0.32300000000000001,4.4258317160893723,0.052600397993514458,0.052600397993514458
情景一阈值控制,3.3400391560664251,92174.042726089334,0.02953333709882516,0.099793932338449215,0.013352326686831405,0.012557695355374404,0.036853691429847089,0.017583075822511989,0,0,0,12.8872,0.32300000000000001,4.4258314662707825,0.054436767252359075,0.054436767252359075
情景一阈值控制,3.3727846379886453,92174.037348033307,0.03052807028458044,0.10327376715979182,0.013808444371129623,0.01300506568782479,0.038138787183942216,0.018196201270920739,0,0,0,12.8872,0.32300000000000001,4.4258312080378914,0.056334988454862955,0.056334988454862955
情景一阈值控制,3.405530119910865,92174.03178883552,0.03155630770041859,0.10687080853475157,0.014279851397121457,0.013467577657085008,0.039467167074250284,0.018829977791702878,0,0,0,12.8872,0.32300000000000001,4.425830941107292,0.058297144865953165,0.058297144865953165
情景一阈值控制,3.4382756018330847,92174.026042394849,0.032619177817493704,0.11058900415463384,0.014767063576230383,0.01394574041363438,0.040840288974950803,0.019485100943735768,0,0,0,12.8872,0.32300000000000001,4.4258306651860329,0.060325389918686571,0.060325389918686571
情景一阈值控制,3.4710210837553048,92174.020102404655,0.033717847116703663,0.11443243467919817,0.015270614083992426,0.014440080267291263,0.042259659865196558,0.020162289714118899,0,0,0,12.8872,0.32300000000000001,4.4258303799712939,0.062421949579315461,0.062421949579315461
情景一阈值控制,3.5037665656775245,92174.013962345925,0.034853521367796403,0.11840531821134097,0.015791054044505391,0.014951141264560052,0.043726837481604594,0.020862287306585361,0,0,0,12.8872,0.32300000000000001,4.4258300851500589,0.064589124788189956,0.064589124788189956
情景一阈值控制,3.5365120475997442,92174.007615480034,0.036027446948516437,0.12251201491185201,0.016328953133172116,0.015479485784053105,0.045243432022476229,0.021585861954593541,0,0,0,12.8872,0.32300000000000001,4.4258297803987645,0.06682929397706977,0.06682929397706977
情景一阈值控制,3.5692575295219644,92174.001054841428,0.037240912216851982,0.12675703179993367,0.016884900203704856,0.016025695155882771,0.046811107920618746,0.022333807767148984,0,0,0,12.8872,0.32300000000000001,4.4258294653829546,0.069144915687767733,0.069144915687767733
情景一阈值控制,3.6020030114441841,92173.994273229953,0.038495248925999245,0.13114502770315858,0.017459503934646708,0.016590370300336839,0.048431585671354464,0.023106945600956424,0,0,0,12.8872,0.32300000000000001,4.4258291397569041,0.071538531272310885,0.071538531272310885
情景一阈值控制,3.6347484933664038,92173.987263202871,0.039791833683461342,0.135680818361825,0.018053393496057713,0.017174132386477272,0.050106643717548617,0.023906123959775791,0,0,0,12.8872,0.32300000000000001,4.4258288031632445,0.074012767677324412,0.074012767677324412
情景一阈值控制,3.667493975288624,92173.980017066875,0.041132089460946805,0.14036938171102584,0.018667219239410834,0.017777623513670807,0.051838120400266356,0.024732219925090167,0,0,0,12.8872,0.32300000000000001,4.4258284552325708,0.07657034032535652,0.07657034032535652
情景一阈值控制,3.7002394572108437,92173.972526869475,0.042517487156791454,0.14521586334646139,0.01930165341148532,0.018401507416829572,0.053627915977286084,0.025586140119148327,0,0,0,12.8872,0.32300000000000001,4.4258280955830385,0.079214056096434407,0.079214056096434407
情景一阈值控制,3.7329849391330634,92173.964784390322,0.043949547211955931,0.15022558217767823,0.019957390892738423,0.019046470195836877,0.055477994710828746,0.026468821701030574,0,0,0,12.8872,0.32300000000000001,4.4258277238199391,0.081946816411859316,0.081946816411859316
情景一阈值控制,3.7657304210552835,92173.956781132234,0.045429841279249053,0.15540403626750912,0.020635149959995432,0.019713221069000347,0.057390387024050867,0.027381233395522071,0,0,0,12.8872,0.32300000000000001,4.4258273395352701,0.084771620419572938,0.084771620419572938
情景一阈值控制,3.7984759029775033,92173.948508311776,0.046959993945427138,0.16075690885649208,0.021335673073298297,0.020402493150374745,0.059367191725849949,0.02832437655457835,0,0,0,12.8872,0.32300000000000001,4.4258269423072871,0.087691568280428303,0.087691568280428303
情景一阈值控制,3.831221384899723,92173.939956849776,0.048541684509211272,0.16629007458290912,0.02205972768830267,0.021115044252327603,0.061410578307911849,0.029299286253257811,0,0,0,12.8872,0.32300000000000001,4.4258265317000429,0.090709864561169667,0.090709864561169667
情景一阈值控制,3.8639668668219431,92173.931117361179,0.050176648834056883,0.17200960596433371,0.022808107102828788,0.021851657721849362,0.063522789338332747,0.030307032431730409,0,0,0,12.8872,0.32300000000000001,4.4258261072629059,0.09382982177006316,0.09382982177006316
情景一阈值控制,3.8967123487441628,92173.921980144893,0.051866681249078388,0.17792178004764184,0.023581631325413851,0.02261314329860269,0.065706142917454399,0.031348721066968663,0,0,0,12.8872,0.32300000000000001,4.4258256685300683,0.097054863984423062,0.097054863984423062
情景一阈值控制,3.9294578306663825,92173.912535173018,0.053613636516871496,0.18403308529305507,0.024381147974429501,0.023400338003171314,0.067963035220126908,0.032425495385673568,0,0,0,12.8872,0.32300000000000001,4.4258252150200299,0.10038853060580047,0.10038853060580047
情景一阈值控制,3.9622033125886027,92173.902772079979,0.055419431868069455,0.19035022869164206,0.025207533207689491,0.024214107055434548,0.070295943124187146,0.033538537118334516,0,0,0,12.8872,0.32300000000000001,4.425824746235075,0.10383448024252166,0.10383448024252166
情景一阈值控制,3.9949487945108224,92173.892680151068,0.057286049107102659,0.19688014313191476,0.026061692684589615,0.025055344825085212,0.072707426930927507,0.034689067797178147,0,0,0,12.8872,0.32300000000000001,4.4258242616607282,0.10739649472810565,0.10739649472810565
情景一阈值控制,4,92173.891093426835,0.057579531824364809,0.19790682231861942,0.026195984440373753,0.025187615383032737,0.073086577416910325,0.034869962342189149,0,0,0,12.8872,0.32300000000000001,4.4258241854725329,0.10795653975909947,0.10795653975909947
情景一阈值控制,4.0276942764330421,92173.882248310634,0.059215536789263376,0.2036299950158757,0.026944562560826467,0.025924975814337146,0.075200133177686229,0.035878350098068931,0,0,0,12.8872,0.32300000000000001,4.4258237607651809,0.11107848327575516,0.11107848327575516
情景一阈值控制,4.0604397583552618,92173.871465110031,0.061210012468607113,0.21060719212287754,0.027857110515480829,0.026823955672611033,0.077776797541954337,0.037107689226072771,0,0,0,12.8872,0.32300000000000001,4.425823242998713,0.11488448676802711,0.11488448676802711
情景一阈值控制,4.0931852402774824,92173.860318715029,0.063271665016222542,0.21781939171965861,0.028800336810251972,0.027753272242987664,0.080440247836395029,0.038378434344395279,0,0,0,12.8872,0.32300000000000001,4.4258227077930918,0.11881868218079031,0.11881868218079031
情景一阈值控制,4.1259307221997021,92173.848796892809,0.065402757020483565,0.22527450895718176,0.029775275386148988,0.028713946645670931,0.083193407109778586,0.039691980053853021,0,0,0,12.8872,0.32300000000000001,4.4258221545609482,0.12288538716363161,0.12288538716363161
情景一阈值控制,4.1586762041219218,92173.836886998528,0.067605627282011471,0.23298072559880345,0.030782995003454508,0.02970703440420612,0.086039296870277143,0.041049767930723076,0,0,0,12.8872,0.32300000000000001,4.4258215826951242,0.12708906480100021,0.12708906480100021
情景一阈值控制,4.1914216860441416,92173.824575961466,0.069882693372216947,0.24094649897087111,0.031824600410737591,0.030733626600402228,0.08898104039090167,0.042453288103783224,0,0,0,12.8872,0.32300000000000001,4.4258209915680169,0.13143432849468489,0.13143432849468489
情景一阈值控制,4.2241671679663613,92173.811850270649,0.072236454285594054,0.2491805712413003,0.032901233556701111,0.031794851071577791,0.092021866136061156,0.043904080889139947,0,0,0,12.8872,0.32300000000000001,4.4258203805308831,0.13592594702520111,0.13592594702520111
情景一阈值控制,4.256912649888581,92173.798695960126,0.074669493181831539,0.25769197901236746,0.034014074843066185,0.032891873648354608,0.095165111304160985,0.045403738480419488,0,0,0,12.8872,0.32300000000000001,4.4258197489131339,0.14056884978458048,0.14056884978458048
情景一阈值控制,4.2896581318108007,92173.785098593478,0.07718448022344887,0.26649006324768532,0.035164344421101064,0.034025899435575956,0.098414225493614366,0.046953906697839651,0,0,0,12.8872,0.32300000000000001,4.4258190960215895,0.145368132191454,0.145368132191454
情景一阈值控制,4.3224036137330213,92173.771043248111,0.079784175508346378,0.27558447953122522,0.036353303531515661,0.035198174136074074,0.10177277449147788,0.048556286795786358,0,0,0,12.8872,0.32300000000000001,4.4258184211397245,0.15032906128726425,0.15032906128726425
情景一阈值控制,4.355149095655241,92173.756514498746,0.082471432096642858,0.28498520865619592,0.037582255887435322,0.036409985417004763,0.10524444418390229,0.05021263732850878,0,0,0,12.8872,0.32300000000000001,4.4258177235268805,0.15545708151241105,0.15545708151241105
情景一阈值控制,4.3878945775774607,92173.741496400718,0.085249199131897713,0.29470256754411822,0.038852549100498172,0.037662664318793261,0.10883304458852418,0.051924776073993081,0,0,0,12.8872,0.32300000000000001,4.4258170024174568,0.16075782066251726,0.16075782066251726
情景一阈值控制,4.4206400594996804,92173.725972472239,0.088120525085348927,0.30474722059425752,0.040165576163157683,0.038957586719615481,0.11254251404578777,0.053694582033662425,0,0,0,12.8872,0.32300000000000001,4.4258162570200641,0.1662370960794502,0.1662370960794502
情景一阈值控制,4.4533855414219001,92173.709925676463,0.091088561106620822,0.31513019140553233,0.04152277697963036,0.040296174847946842,0.11637692354782118,0.055523997497704959,0,0,0,12.8872,0.32300000000000001,4.4258154865166608,0.17190092104552615,0.17190092104552615
情景一阈值控制,4.4861310233441198,92173.693338402707,0.094156564474791454,0.32586287484952403,0.042925639942697068,0.04167989884042117,0.12034048119697398,0.057415030172263834,0,0,0,12.8872,0.32300000000000001,4.4258146900616495,0.17775551136923781,0.17775551136923781
情景一阈值控制,4.5188765052663404,92173.67619244715,0.097327902170762565,0.33695704956785555,0.044375703565926725,0.043110278354453815,0.12443753682107297,0.059369755381398229,0,0,0,12.8872,0.32300000000000001,4.4258138667809588,0.18380729220247122,0.18380729220247122
情景一阈值控制,4.5516219871885601,92173.658468992915,0.10060605457341908,0.34842489090263756,0.045874558172458398,0.044588884236751898,0.12867258674860918,0.061390318345348305,0,0,0,12.8872,0.32300000000000001,4.4258130157710749,0.19006290509395748,0.19006290509395748
情景一阈值控制,4.5843674691107799,92173.640148589358,0.10399461928297714,0.36027898427187588,0.047423847641895028,0.046117340249247026,0.13305027874824779,0.063478936537199507,0,0,0,12.8872,0.32300000000000001,4.4258121360980542,0.19652921528544731,0.19652921528544731
情景一阈值控制,4.6171129510329996,92173.621211130681,0.10749731507068189,0.37253233898690707,0.049025271214925469,0.047697324852072703,0.1375754171315785,0.065637902117429661,0,0,0,12.8872,0.32300000000000001,4.4258112267964975,0.20321331924900815,0.20321331924900815
情景一阈值控制,4.6498584329552193,92173.60163583394,0.1111179859540192,0.38519840250893972,0.050680585355292795,0.049330573043209834,0.14225296801802642,0.067869584445823555,0,0,0,12.8872,0.32300000000000001,4.425810286868491,0.21012255246384998,0.21012255246384998
情景一阈值控制,4.682603914877439,92173.581401216317,0.11486060540214499,0.39829107516115692,0.052391605671258029,0.051018878256924548,0.14708806476800088,0.070176432673654796,0,0,0,12.8872,0.32300000000000001,4.4258093152825131,0.21726449744165566,0.21726449744165566
情景一阈值控制,4.7153493967996596,92173.560485071372,0.11872928071752877,0.41182472545729243,0.054160208917575052,0.052764094341761499,0.15208601364370697,0.072560978444486501,0,0,0,12.8872,0.32300000000000001,4.4258083109723003,0.22464699208819347,0.22464699208819347
情景一阈值控制,4.7480948787218793,92173.538864444781,0.12272825753664847,0.4258142058467092,0.055988335051858941,0.054568137592291115,0.15725229962376974,0.075025838668356909,0,0,0,12.8872,0.32300000000000001,4.4258072728356774,0.23227813829212665,0.23227813829212665
情景一阈值控制,4.780840360644099,92173.51651560911,0.12686192448427402,0.44027486899680446,0.057877989361127903,0.056432988850201982,0.16259259241629301,0.077573718390639049,0,0,0,12.8872,0.32300000000000001,4.4258061997333451,0.24016631080693207,0.24016631080693207
情景一阈值控制,4.8135858425663187,92173.493414037846,0.13113481798657647,0.45522258463106358,0.059831244660911366,0.058360695677103086,0.1681127526771172,0.080207413758801846,0,0,0,12.8872,0.32300000000000001,4.4258050904876409,0.24832016643591903,0.24832016643591903
情景一阈值控制,4.8463313244885384,92173.469534378411,0.1355516272525524,0.47067375695596186,0.061850243571259907,0.060353374603320714,0.17381883844553825,0.082929815092922951,0,0,0,12.8872,0.32300000000000001,4.425803943881232,0.25674865353846121,0.25674865353846121
情景一阈值控制,4.8790768064107581,92173.444850424377,0.14011719942477308,0.48664534268024895,0.063937200870118421,0.062413213453147258,0.17971711179879141,0.085743910060575496,0,0,0,12.8872,0.32300000000000001,4.4258027586557906,0.26546102185936693,0.26546102185936693
情景一阈值控制,4.9118222883329787,92173.419335086612,0.144836544898339,0.50315486962270339,0.066094405923551036,0.064542473746038373,0.18581404572385671,0.088652786955399882,0,0,0,12.8872,0.32300000000000001,4.4258015335106045,0.27446683267925659,0.27446683267925659
情景一阈值控制,4.9445677702551984,92173.392960363723,0.14971484280692091,0.52022045590444388,0.068324225192306076,0.066743493173254592,0.19211633120513921,0.091659638078670558,0,0,0,12.8872,0.32300000000000001,4.4258002671011569,0.28377596928380977,0.28377596928380977
情景一阈值控制,4.9773132521774182,92173.365697311325,0.15475744669615141,0.53786082979669181,0.070629104823980271,0.069018688159096217,0.19863088455420647,0.094767763236349611,0,0,0,12.8872,0.32300000000000001,4.4257989580376549,0.29339864779055608,0.29339864779055608
情景一阈值控制,5,92173.346272270181,0.15835032321240941,0.55042967144542021,0.072271316867813781,0.070639799083589694,0.20327253160527045,0.096982315669870561,0,0,0,12.8872,0.32300000000000001,4.4257980253243252,0.30025484727514101,0.30025484727514101
情景一阈值控制,5.0100587340996379,92173.337516010099,0.15996989042974671,0.55609535038273739,0.073011573351515438,0.071370556527217202,0.20536485504020965,0.097980573379597827,0,0,0,12.8872,0.32300000000000001,4.4257976048834911,0.30334542841980749,0.30334542841980749
情景一阈值控制,5.0428042160218576,92173.308385533121,0.16535789424220521,0.57494402873272543,0.075474244458664574,0.073801680233131245,0.21232563270968785,0.10130159433564133,0,0,0,12.8872,0.32300000000000001,4.4257962061536773,0.31362722704532919,0.31362722704532919
情景一阈值控制,5.0755496979440773,92173.278273911885,0.17092737101332725,0.59442754985448876,0.078019819846806143,0.076314728196877041,0.21952085649296518,0.10473447067537334,0,0,0,12.8872,0.32300000000000001,4.4257947603132122,0.32425532716833849,0.32425532716833849
情景一阈值控制,5.1082951798662979,92173.247148101233,0.17668443275425402,0.61456729538439803,0.080651092198399665,0.078912459231194179,0.22695842258383414,0.10828296971134181,0,0,0,12.8872,0.32300000000000001,4.4257932657753996,0.33524139229517597,0.33524139229517597
情景一阈值控制,5.1410406617885176,92173.21497394309,0.18263539732006406,0.63538536707083337,0.083370948243953219,0.08159772507200036,0.2346464931119531,0.11195098563539263,0,0,0,12.8872,0.32300000000000001,4.4257917209001034,0.3465974787473457,0.3465974787473457
情景一阈值控制,5.1737861437107373,92173.181716128951,0.18878679534779053,0.65690461104631381,0.086182371931983789,0.084373473510659575,0.24259350510649294,0.11574254379526909,0,0,0,12.8872,0.32300000000000001,4.425790123991951,0.35833604890176202,0.35833604890176202
情景一阈值控制,5.206531625632957,92173.147338161172,0.1951453774183613,0.67914864288304355,0.089088447701285572,0.087242751627368068,0.2508081797490983,0.11966180510924478,0,0,0,12.8872,0.32300000000000001,4.4257884732984696,0.37046998485834309,0.37046998485834309
情景一阈值控制,5.2392771075551767,92173.111802312953,0.20171812144150095,0.7021418734285213,0.092092363855067139,0.090208709125226619,0.25929953191492422,0.12371307061819867,0,0,0,12.8872,0.32300000000000001,4.4257867670081668,0.38301260253312286,0.38301260253312286
情景一阈值控制,5.2720225894773964,92173.075069586994,0.20851224032181342,0.72590953562488281,0.095197416063557805,0.093274601791281886,0.26807688007696334,0.12790078621101794,0,0,0,12.8872,0.32300000000000001,4.4257850032485493,0.39597766628798126,0.39597766628798126
情景一阈值控制,5.304768071399617,92173.037099672554,0.21553518989444398,0.75047771227139803,0.098407010989781787,0.096443795079303896,0.27714985655867874,0.13222954751617907,0,0,0,12.8872,0.32300000000000001,4.4257831800840535,0.40937940407485784,0.40937940407485784
情景一阈值控制,5.3375135533218367,92172.997850901316,0.22279467708538259,0.775873364572924,0.10172467001796831,0.099719767794017714,0.28652841807688773,0.13670410493180907,0,0,0,12.8872,0.32300000000000001,4.4257812955139331,0.42323252300869679,0.42323252300869679
情景一阈值控制,5.3702590352440565,92172.957280201706,0.23029866836252758,0.80212436170562396,0.10515403311480724,0.10310611590664022,0.29622285666032028,0.14132936883498295,0,0,0,12.8872,0.32300000000000001,4.4257793474700629,0.43755222549530326,0.43755222549530326
情景一阈值控制,5.4030045171662762,92172.915343051587,0.23805539847758539,0.82925951140022103,0.1086988628235844,0.10660655650175839,0.30624381094395153,0.1461104149703048,0,0,0,12.8872,0.32300000000000001,4.4257773338146666,0.45235422591425634,0.45235422591425634
情景一阈值控制,5.4357499990884959,92172.87199342945,0.24607337951005137,0.8573085915821389,0.11236304839633443,0.11022493186063058,0.31660227785363931,0.15105249002470528,0,0,0,12.8872,0.32300000000000001,4.4257752523379716,0.46765476787834459,0.46765476787834459
情景一阈值控制,5.4684954810107156,92172.827183763773,0.25436141021127312,0.88630238306154008,0.11615061006309778,0.11396521368001311,0.32730962467848723,0.15616101738722502,0,0,0,12.8872,0.32300000000000001,4.4257731007557863,0.48347064206571222,0.48347064206571222
情景一阈值控制,5.5012409629329362,92172.780864881017,0.26292858564659716,0.91627270326628107,0.12006570343736821,0.11783150742561498,0.33837760152835505,0.1614416030925534,0,0,0,12.8872,0.32300000000000001,4.4257708767069897,0.49981920462090845,0.49981920462090845
情景一阈值控制,5.5339864448551559,92172.732985951734,0.27178430714141677,0.94725244103814632,0.12411262406038907,0.12182805682281188,0.3498183541840354,0.16690004195191049,0,0,0,12.8872,0.32300000000000001,4.4257685777509543,0.51671839613594583,0.51671839613594583
情景一阈值控制,5.5667319267773756,92172.683494434634,0.28093829263759068,0.97927559286482635,0.128295812132943,0.12595924853268425,0.36164443747764768,0.17254232393689836,0,0,0,12.8872,0.32300000000000001,4.4257662013648567,0.53418676141454602,0.53418676141454602
情景一阈值控制,5.5994774086995953,92172.632336018942,0.29040058735032714,1.0123773001631831,0.13261985738442073,0.13022961696377677,0.37386882906127045,0.17837464074858245,0,0,0,12.8872,0.32300000000000001,4.4257637449409089,0.55224346980985284,0.55224346980985284
情景一阈值控制,5.632222890621815,92172.579454564897,0.30018157477300722,1.0465938877798737,0.13708950410085757,0.13464384924101294,0.38650494362514148,0.18440339260106448,0,0,0,12.8872,0.32300000000000001,4.4257612057835027,0.57090833622620596,0.57090833622620596
情景一阈值控制,5.6649683725440347,92172.524792042255,0.31029198806106456,1.0819629038182219,0.14170965632615687,0.13920679034582062,0.39956664760563881,0.19063519523873157,0,0,0,12.8872,0.32300000000000001,4.4257585811062556,0.59020184284437038,0.59020184284437038
情景一阈值控制,5.6977138544662553,92172.468288466451,0.32074292181295105,1.1185231608544035,0.14648538324473542,0.14392344843561097,0.41306827440633165,0.19707688719829405,0,0,0,12.8872,0.32300000000000001,4.425755868028947,0.61014516160462573,0.61014516160462573
情景一阈值控制,5.730459336388475,92172.409881832893,0.33154584425320099,1.156314778560511,0.15142192474788288,0.14879900034488475,0.42702464013859004,0.20373553731870683,0,0,0,12.8872,0.32300000000000001,4.4257530635743629,0.63076017745729684,0.63076017745729684
情景一阈值控制,5.7632048183106948,92172.349508048806,0.34271260981493068,1.1953792277251867,0.15652469718261666,0.1538387972667703,0.44145105987831235,0.21061845249733357,0,0,0,12.8872,0.32300000000000001,4.4257501646650237,0.65206951237564592,0.65206951237564592
情景一阈值控制,5.7959503002329145,92172.287100863119,0.35425547211909475,1.2357593756624736,0.16179929928180858,0.15904837061379476,0.45636336443531977,0.2177331856907064,0,0,0,12.8872,0.32300000000000001,4.4257471681198144,0.67409655012602621,0.67409655012602621
情景一阈值控制,5.8286957821551342,92172.222591793921,0.36618709738330801,1.2774995331236776,0.16725151829057372,0.16443343807270641,0.47177791767780936,0.22508754418010696,0,0,0,12.8872,0.32300000000000001,4.4257440706505058,0.69686546185791631,0.69686546185791631
情景一阈值控制,5.8614412640773539,92172.15591005297,0.37852057839230635,1.3206455031742839,0.17288733634926365,0.16999990991297723,0.48771163458249761,0.2326895981833777,0,0,0,12.8872,0.32300000000000001,4.4257408688581288,0.72040123276587531,0.72040123276587531
情景一阈值控制,5.8941867459995745,92172.086982468201,0.3912694488188127,1.3652446312970026,0.17871293703655308,0.17575389545364647,0.5041819997375705,0.24054768968276993,0,0,0,12.8872,0.32300000000000001,4.425737559229252,0.74472968942034046,0.74472968942034046
情景一阈值控制,5.9269322279217942,92172.015733403532,0.40444769806031727,1.4113458572999502,0.18473471214823906,0.18170170976322744,0.52120708651226677,0.24867044157084514,0,0,0,12.8872,0.32300000000000001,4.4257341381321291,0.76987752808311194,0.76987752808311194
情景一阈值控制,5.9596777098440139,92171.94208467596,0.41806978657640431,1.4589997689762377,0.19095926870473096,0.18784988058575322,0.5388055768732527,0.25706676710496401,0,0,0,12.8872,0.32300000000000001,4.4257306018127238,0.79587234397821671,0.79587234397821671
情景一阈值控制,5.9924231917662336,92171.865955469679,0.43215066176232703,1.50825865763988,0.19739343620354313,0.19420515550909018,0.55699678189391744,0.26574587969237123,0,0,0,12.8872,0.32300000000000001,4.4257269463905828,0.82274266158628873,0.82274266158628873
情景一阈值控制,6,92171.847978156249,0.43547574922083654,1.5198907568638682,0.1989128098754821,0.19570590859432235,0.56129249191793318,0.26779538388403606,0,0,0,12.8872,0.32300000000000001,4.425726083191388,0.8290878758019693,0.8290878758019693
情景一阈值控制,6.0251686736884533,92171.78726224741,0.44670577435773268,1.5591765755342151,0.20404427411628742,0.20077450937503905,0.57580066295518229,0.27471730300520508,0,0,0,12.8872,0.32300000000000001,4.4257231678545761,0.85051796596038742,0.85051796596038742
情景一阈值控制,6.057914155610673,92171.705918658743,0.46175109538696524,1.6118093951003614,0.21091907962853329,0.20756515192962741,0.59523785363321957,0.2839908814232347,0,0,0,12.8872,0.32300000000000001,4.4257192620585011,0.87922873505645427,0.87922873505645427
情景一阈值控制,6.0906596375328936,92171.621835445738,0.47730313362745275,1.6662148700935207,0.21802539562093798,0.21458453571203107,0.61532968226957485,0.29357679080217525,0,0,0,12.8872,0.32300000000000001,4.4257152247165461,0.9089064730717501,0.9089064730717501
情景一阈值控制,6.1234051194551133,92171.534920344973,0.49337895371612256,1.7224526989317752,0.22537101894188044,0.221840364231772,0.63609819536574697,0.30348554963535634,0,0,0,12.8872,0.32300000000000001,4.4257110513985864,0.93958374500110331,0.93958374500110331
情景一阈值控制,6.1561506013773331,92171.445077985991,0.5099961949371421,1.7805845904288828,0.23296400899137878,0.22934060045375709,0.65756618185817139,0.31372803063543481,0,0,0,12.8872,0.32300000000000001,4.4257067375253136,0.97129421249360615,0.97129421249360615
情景一阈值控制,6.1888960832995528,92171.352209786972,0.52717309050938621,1.8406743312758127,0.24081269653332052,0.23709347550920309,0.67975719803901202,0.32431547262422589,0,0,0,12.8872,0.32300000000000001,4.4257022783632189,1.0040726706632379,1.0040726706632379
情景一阈值控制,6.2216415652217725,92171.256213846704,0.54492848757201606,1.9027878559650808,0.24892569282664467,0.24510749772202195,0.70269559337907128,0.33525949285293966,0,0,0,12.8872,0.32300000000000001,4.4256976690194119,1.037955086232011,1.037955086232011
情景一阈值控制,6.2543870471439922,92171.156984832836,0.56328186785117551,1.9669933190984594,0.25731189906771107,0.25339146194301704,0.726406537230878,0.34657209974235398,0,0,0,12.8872,0.32300000000000001,4.4256929044362492,1.0729786369732319,1.0729786369732319
情景一阈值控制,6.2871325290662128,92171.054413866193,0.58225336904348834,2.0333611702029537,0.26598051616015966,0.26195445920802357,0.75091604645807075,0.35826570606492902,0,0,0,12.8872,0.32300000000000001,4.4256879793857875,1.1091817525229999,1.1091817525229999
情景一阈值控制,6.3198780109884325,92170.948388401317,0.60186380691158481,2.1019642310383935,0.27494105481007813,0.27080588671786737,0.77625101398493124,0.37035314256592733,0,0,0,12.8872,0.32300000000000001,4.4256828884640402,1.1466041565508585,1.1466041565508585
情景一阈值控制,6.3526234929106522,92170.838792103255,0.62213469808689781,2.1728777753800324,0.28420334594430235,0.27995545813802059,0.80243923825993169,0.38284767202061731,0,0,0,12.8872,0.32300000000000001,4.4256776260850641,1.185286910280549,1.185286910280549
情景一阈值控制,6.3853689748328719,92170.725504720249,0.64308828358495507,2.2461796112945027,0.29377755145423717,0.28941321422034233,0.829509453640074,0.39576300373078865,0,0,0,12.8872,0.32300000000000001,4.4256721864748476,1.2252724573708627,1.2252724573708627
情景一阈值控制,6.4181144567550916,92170.608401951584,0.66474755326758184,2.3219501667292337,0.30367417537229768,0.29918953385275582,0.85749136199888332,0.40911330860508027,0,0,0,12.8872,0.32300000000000001,4.425666563664965,1.2666046706039635,1.2666046706039635
情景一阈值控制,6.4508599386773113,92170.487355311125,0.68713627106469821,2.4002725777601017,0.31390407539538734,0.3092951454523401,0.88641566531608151,0.4229132347076725,0,0,0,12.8872,0.32300000000000001,4.4256607514860224,1.309328900023754,1.309328900023754
情景一阈值控制,6.483605420599531,92170.362231986757,0.71027900098086538,2.4812327795853824,0.32447847476690456,0.31974113871322724,0.91631409928146457,0.43717792329086125,0,0,0,12.8872,0.32300000000000001,4.4256547435609086,1.3534920225723259,1.3534920225723259
情景一阈值控制,6.5163509025217516,92170.232894694767,0.73420113400652354,2.5649196006856672,0.33540897457207547,0.33053897676348992,0.94721946806796353,0.45192302538545392,0,0,0,12.8872,0.32300000000000001,4.4256485332978057,1.3991424934534176,1.3991424934534176
情景一阈值控制,6.5490963844439714,92170.099201529389,0.75892891596372891,2.6514248602540991,0.34670756646023332,0.34170050874451408,0.97916568031242779,0.4671647189673771,0,0,0,12.8872,0.32300000000000001,4.4256421138829607,1.4463303992798049,1.4463303992798049
情景一阈值控制,6.5818418663661911,92169.961005806908,0.78448947630530552,2.7408434689631713,0.35838664580268248,0.35323798282144253,1.012187786328594,0.48291972671216543,0,0,0,12.8872,0.32300000000000001,4.4256354782732066,1.4951075130407594,1.4951075130407594
情景一阈值控制,6.6145873482884108,92169.818155904999,0.81091085786102235,2.8332735330458392,0.37045902528322788,0.3651640596218565,1.0463220165440237,0.49920533433341185,0,0,0,12.8872,0.32300000000000001,4.4256286191882381,1.5455273508774354,1.5455273508774354
情景一阈值控制,6.6473328302106305,92169.670495096594,0.8382220475244343,2.9288164616687706,0.38293794891846022,0.37749182609987098,1.0816058211528217,0.51603940950127258,0,0,0,12.8872,0.32300000000000001,4.4256215291026475,1.5976452306540943,1.5976452306540943
情景一阈值控制,6.6800783121328502,92169.517861378699,0.86645300793306901,3.0275770777821225,0.39583710653186571,0.390234809849478,1.118077911052227,0.53344042137351466,0,0,0,12.8872,0.32300000000000001,4.4256142002376935,1.6515183324257416,1.6515183324257416
情景一阈值控制,6.7128237940550708,92169.36008729384,0.89563471047914556,3.1296637336255579,0.40917064883581589,0.40340699401941821,1.1557783004987443,0.55142746094696393,0,0,0,12.8872,0.32300000000000001,4.4256066245527315,1.7072057614457083,1.7072057614457083
情景一阈值控制,6.7455692759772905,92169.19699974687,0.92579916917752192,3.2351884292348245,0.42295320290518729,0.41702283261597567,1.1947483508723786,0.57002026193763444,0,0,0,12.8872,0.32300000000000001,4.4255987937364214,1.7647686128100131,1.7647686128100131
情景一阈值控制,6.7783147578995102,92169.02841981544,0.95697947572143882,3.3442669351054626,0.4371998881936407,0.43109726634299533,1.2350308159760857,0.58923922239331739,0,0,0,12.8872,0.32300000000000001,4.425590699197623,1.824270038369403,1.824270038369403
情景一阈值控制,6.8110602398217299,92168.854162553995,0.98920983572520971,3.4570189190107885,0.45192633309217045,0.44564573897880749,1.2766698888693879,0.60910542703812787,0,0,0,12.8872,0.32300000000000001,4.4255823320559831,1.8857753159075159,1.8857753159075159
情景一阈值控制,6.8438057217439496,92168.674036790937,1.0225256062323875,3.5735680772490084,0.46714869206580018,0.4606842143255851,1.3197112503376633,0.62964067039743787,0,0,0,12.8872,0.32300000000000001,4.4255736831322032,1.9493519207351011,1.9493519207351011
情景一阈值控制,6.8765512036661693,92168.487844918884,1.0569633344914062,3.6940422703266167,0.48288366336933597,0.47622919373212313,1.3642021189997391,0.65086748070445466,0,0,0,12.8872,0.32300000000000001,4.4255647429379614,2.0150695997041939,2.0150695997041939
情景一阈值控制,6.9092966855883899,92168.295382678247,1.0925607979901784,3.8185736630484253,0.49914850733828076,0.49229773418628281,1.4101913030428499,0.67280914458322083,0,0,0,12.8872,0.32300000000000001,4.4255555016655208,2.0830004476260706,2.0830004476260706
情景一阈值控制,6.9420421675106097,92168.096438933862,1.1293570457411288,3.9472988689845687,0.51596106525101182,0.50890746697334022,1.4577292535740001,0.69548973250280943,0,0,0,12.8872,0.32300000000000001,4.425545949177013,2.1532189860768094,2.1532189860768094
情景一阈值控制,6.9747876494328294,92167.890795443906,1.167392441021526,4.0803591000313517,0.53333977885582262,0.52607661699282326,1.5068681198524758,0.71893412512902466,0,0,0,12.8872,0.32300000000000001,4.4255360749933299,2.2258022449815007,2.2258022449815007
情景一阈值控制,7,92167.727753686937,1.1975482901278398,4.1858541675264913,0.54711824172466461,0.53968899449001084,1.5458272286252523,0.73752170582859156,0,0,0,12.8872,0.32300000000000001,4.4255282463756744,2.2833489344538438,2.2833489344538438
情景一阈值控制,7.0075331313550491,92167.678226619639,1.2067087057968655,4.2179003218629179,0.55130371066687966,0.543824022836773,1.5576618066978201,0.74316804071402653,0,0,0,12.8872,0.32300000000000001,4.4255258682825973,2.3008298474118467,2.3008298474118467
情景一阈值控制,7.0402786132772688,92167.458499279048,1.2473489662729818,4.3600734133346588,0.56987256477582482,0.56216915737927697,1.6101660333571819,0.76821806318223018,0,0,0,12.8872,0.32300000000000001,4.4255153178483395,2.3783840965394121,2.3783840965394121
情景一阈值控制,7.0730240951994885,92167.231372391441,1.28935780011323,4.5070343317149684,0.58906670842407116,0.58113214911955025,1.6644383945250578,0.7941116712431221,0,0,0,12.8872,0.32300000000000001,4.4255044121172222,2.45855006576818,2.45855006576818
情景一阈值控制,7.1057695771217091,92166.996596813507,1.3327812852501078,4.6589442834984283,0.60890719430351414,0.60073380424678557,1.7205384234242451,0.82087726848749065,0,0,0,12.8872,0.32300000000000001,4.4254931391263721,2.5414156919117357,2.5414156919117357
情景一阈值控制,7.1385150590439288,92166.753915016161,1.3776670503918518,4.8159699011523944,0.62941578363158879,0.62099562947230769,1.7785276570779907,0.84854421452908557,0,0,0,12.8872,0.32300000000000001,4.4254814865102645,2.6270718716070762,2.6270718716070762
情景一阈值控制,7.1712605409661485,92166.503060802221,1.4240643272129203,4.9782834257584767,0.65061496999560053,0.64193985562417832,1.8384697037591067,0.87714285718492069,0,0,0,12.8872,0.32300000000000001,4.4254694414871683,2.7156125609440274,2.7156125609440274
情景一阈值控制,7.2040060228883682,92166.243759015124,1.4720240042169437,5.14606289550923,0.67252800396110579,0.66358946199925872,1.900430312601407,0.90670456568722968,0,0,0,12.8872,0.32300000000000001,4.4254569908451575,2.8071348782886369,2.8071348782886369
情景一阈值控制,7.2367515048105879,92165.975725238546,1.5215986822751297,5.3194923400707905,0.69517891844570079,0.68596820147422854,1.9644774453774245,0.93726176492896307,0,0,0,12.8872,0.32300000000000001,4.4254441209276916,2.9017392103063875,2.9017392103063875
情景一阈值控制,7.2694969867328076,92165.69866548416,1.5728427323524998,5.4987619826042975,0.71859255509231568,0.7091006266070764,2.0306813511045001,0.96884797105872011,0,0,0,12.8872,0.32300000000000001,4.4254308176186168,2.9995293221632204,2.9995293221632204
情景一阈值控制,7.3022424686550282,92165.412275869283,1.625812355105706,5.6840684483400707,0.74279459149750948,0.73301211658648302,2.0991146430707954,1.0014978282302314,0,0,0,12.8872,0.32300000000000001,4.4254170663266956,3.1006124713010266,3.1006124713010266
情景一阈值控制,7.334987950577248,92165.116242284857,1.6805656422731905,5.8756149794276888,0.76781156925855887,0.75772890499351642,2.1698523781789745,1.0352471464576192,0,0,0,12.8872,0.32300000000000001,4.4254028519696567,3.2050995246365934,3.2050995246365934
情景一阈值控制,7.3677334324994677,92164.810240051753,1.7371626402120877,6.0736116573022159,0.79367092300125308,0.78327810853588009,2.2429721390655919,1.0701329407949565,0,0,0,12.8872,0.32300000000000001,4.4253881589576993,3.3131050798605486,3.3131050798605486
情景一阈值控制,7.4004789144216874,92164.49393356526,1.7956654156296212,6.2782756327340135,0.82040101041020252,0.80968775677648208,2.3185541190580081,1.1061934718696249,0,0,0,12.8872,0.32300000000000001,4.425372971176416,3.424747590927633,3.424747590927633
情景一阈值控制,7.4332243963439071,92164.166975927321,1.8561381235648882,6.4898313637581539,0.8480311432871922,0.83698682288183313,2.3966812100412289,1.1434682878040126,0,0,0,12.8872,0.32300000000000001,4.4253572719691396,3.5401494978452415,3.5401494978452415
情景一阈值控制,7.4659698782661268,92163.829008566769,1.9186470776057596,6.7085108614305025,0.87659161963058962,0.86520525538365123,2.4774390932151098,1.1819982675162188,0,0,0,12.8872,0.32300000000000001,4.42534104411871,3.6594373607313289,3.6594373607313289
情景一阈值控制,7.4987153601883474,92163.479660847443,1.9832608223256323,6.9345539433575434,0.90611375672882188,0.8943740109470637,2.5609163327223969,1.2218256653904493,0,0,0,12.8872,0.32300000000000001,4.425324269828649,3.7827419981128463,3.7827419981128463
情景一阈值控制,7.5314608421105671,92163.118549663923,2.0500502080399734,7.168208495350096,0.93662992531357414,0.92452508819080981,2.6472044722768993,1.2629941573787866,0,0,0,12.8872,0.32300000000000001,4.425306930703754,3.9101986296556861,3.9101986296556861
情景一阈值控制,7.5642063240327868,92162.745279020077,2.1190884686820208,7.4097307439981366,0.96817358513791796,0.95569156292072832,2.7363981358248011,1.3055488890271945,0,0,0,12.8872,0.32300000000000001,4.425289007729865,4.0419470248519955,4.0419470248519955
情景一阈值控制,7.5969518059550065,92162.359439596767,2.1904513017473679,7.6593855364929224,1.0007793214994982,0.98790762430264711,2.8285951308823902,1.3495365247784519,0,0,0,12.8872,0.32300000000000001,4.4252704812531034,4.1781316556608417,4.1781316556608417
情景一阈值控制,7.6296972878772262,92161.96060830442,2.2642169509912367,7.9174466300893966,1.0344828830211854,1.0212086122838135,2.923896555433922,1.3950052989736432,0,0,0,12.8872,0.32300000000000001,4.4252513309583872,4.3189018544075655,4.3189018544075655
情景一阈值控制,7.6624427697994459,92161.548347820513,2.3404662919269255,8.1841969913791974,1.069321220711333,1.0556310562851499,3.0224069084525187,1.4420050685822201,0,0,0,12.8872,0.32300000000000001,4.4252315358472254,4.4644119770347386,4.4644119770347386
情景一阈值控制,7.6951882517216665,92161.1222061109,2.4192829202982362,8.4599291059795458,1.1053325283825781,1.0912127152427598,3.1242342042676308,1.4905873677672734,0,0,0,12.8872,0.32300000000000001,4.4252110742147348,4.614821572034904,4.614821572034904
情景一阈值控制,7.7279337336438862,92160.681715935163,2.5007532435358772,8.7449452986738674,1.1425562844337314,1.1279926190036984,3.2294900907922992,1.540805464292337,0,0,0,12.8872,0.32300000000000001,4.4251899236258847,4.770295555084636,4.770295555084636
情景一阈值控制,7.760679215566106,92160.226394335637,2.584966575177376,9.039558063933363,1.1810332949853923,1.1660111110672491,3.3382899715840915,1.5927144177572545,0,0,0,12.8872,0.32300000000000001,4.4251680608909671,4.9310043893413464,4.9310043893413464
情景一阈值控制,7.7934246974883257,92159.755742110792,2.6720152322299553,9.3440904067485988,1.220805738359874,1.2053098926629291,3.450753131713487,1.6463711396505998,0,0,0,12.8872,0.32300000000000001,4.4251454620403052,5.0971242713640867,5.0971242713640867
情景一阈值控制,7.8261701794105454,92159.269243270071,2.7619946359247414,9.6588761953406017,1.2619172111102837,1.2459320683682094,3.5670028680193591,1.7018344554952036,0,0,0,12.8872,0.32300000000000001,4.4251221022980838,5.2688373235145622,5.2688373235145622
情景一阈值控制,7.8589156613327651,92158.766364467127,2.8550034164522913,9.9842605278168595,1.3044127758682829,1.287922193533042,3.6871666245142678,1.7591651694506771,0,0,0,12.8872,0.32300000000000001,4.4250979560551293,5.4463317939649452,5.4463317939649452
情景一阈值控制,7.8916611432549857,92158.246554419064,2.9511435203421743,10.320600108094578,1.348339010399531,1.3313263229078778,3.8113761312121377,1.8184261305487748,0,0,0,12.8872,0.32300000000000001,4.4250729968410258,5.6298022617609123,5.6298022617609123
情景一阈值控制,7.9244066251772054,92157.709243304053,3.0505203217509447,10.668263635516004,1.3937440584444405,1.3761920610468823,3.9397675480123842,1.8796823013412118,0,0,0,12.8872,0.32300000000000001,4.4250471972951919,5.819449849353596,5.819449849353596
情景一阈值控制,7.9571521070994251,92157.153842139072,3.1532427374901779,11.02763220756801,1.440677682267316,1.4225686144109715,4.0724816134234203,1.9430008288563738,0,0,0,12.8872,0.32300000000000001,4.4250205291370017,6.0154824422797937,6.0154824422797937
情景一阈值控制,7.9898975890216448,92156.579742135931,3.2594233460320856,11.39909973653829,1.4891913170223594,1.4705068452787138,4.2096637984329179,2.0084511180115698,0,0,0,12.8872,0.32300000000000001,4.4249929631348666,6.2181149164444882,6.2181149164444882
情景一阈值控制,8,92156.398753274116,3.2928974522762768,11.516207356989794,1.5044855402899262,1.4856197571271585,4.2529113988337759,2.0290847589709151,0,0,0,12.8872,0.32300000000000001,4.424984272768512,6.2819961578046914,6.2819961578046914
情景一阈值控制,8.0226430709438645,92155.986314035938,3.3691785104663818,11.783073380017658,1.539338126924487,1.5200593274541045,4.351464465491417,2.0761049074648854,0,0,0,12.8872,0.32300000000000001,4.42496446907428,6.4275693729563024,6.4275693729563024
情景一阈值控制,8.0553885528660842,92155.372907423298,3.4826285053807653,12.179973985153273,1.5911730632122927,1.5712804037595822,4.4980390325741073,2.1460363478898619,0,0,0,12.8872,0.32300000000000001,4.4249350157248601,6.6440753804639687,6.6440753804639687
情景一阈值控制,8.0881340347883039,92154.738850017224,3.5998976476731435,12.590236546682748,1.6447529239068372,1.6242262453188538,4.6495481423318807,2.2183220826782826,0,0,0,12.8872,0.32300000000000001,4.424904570806353,6.8678702250101633,6.8678702250101633
情景一阈值控制,8.1208795167105237,92154.083446936289,3.7211144324914636,13.01431068293495,1.7001364159126044,1.6789549131706136,4.8061578378774295,2.2930413318085807,0,0,0,12.8872,0.32300000000000001,4.424873100953314,7.0991991696860097,7.0991991696860097
情景一阈值控制,8.1536249986327434,92153.40597993914,3.8464116735403606,13.452661127137713,1.7573842191129785,1.7355264218707263,4.9680397442241624,2.3702759784112315,0,0,0,12.8872,0.32300000000000001,4.4248405716786436,7.3383157226353939,7.3383157226353939
情景一阈值控制,8.1863704805549649,92152.705706642257,3.9759266476082491,13.905768233522219,1.8165590523933322,1.7940028050178154,5.1353712551895017,2.4501106579412233,0,0,0,12.8872,0.32300000000000001,4.424806947336033,7.5854819131307245,7.5854819131307245
情景一阈值控制,8.2191159624771846,92151.981859710635,4.1098012441144913,14.374128501024121,1.8777257419570157,1.8544481830647461,5.3083357267966145,2.5326328504509679,0,0,0,12.8872,0.32300000000000001,4.4247721910811055,7.8409685772475823,7.8409685772475823
情景一阈值控制,8.2518614443994043,92151.233646020541,4.2481821197951621,14.858255114998057,1.9409512919883467,1.916928833470676,5.4871226773284532,2.6179329760370598,0,0,0,12.8872,0.32300000000000001,4.424736264831207,8.1050556533655129,8.1050556533655129
情景一阈值控制,8.284606926321624,92150.460245793816,4.3912208586490573,15.35867850737389,2.006304957718128,1.9815132632501378,5.6719279941922984,2.7061044935363538,0,0,0,12.8872,0.32300000000000001,4.4246991292238471,8.3780324877286532,8.3780324877286532
情景一阈值控制,8.3173524082438437,92149.660811703783,4.5390741371066161,15.875946935126768,2.0738583208745807,2.0482722839038314,5.8629541475475344,2.797244002448823,0,0,0,12.8872,0.32300000000000001,4.4246607435737637,8.6601981499963578,8.6601981499963578
情景一阈值控制,8.3500978901660634,92148.834467953275,4.6919038943842315,16.410627076932432,2.1436853675024801,2.1172790887157271,6.0604104106492214,2.891451348064547,0,0,0,12.8872,0.32300000000000001,4.4246210658286547,8.9518617587137683,8.9518617587137683
情景一阈值控制,8.3828433720882831,92147.980309322724,4.8498775082960242,16.96330464896252,2.2158625682747499,2.1886093325409606,6.2645130872600152,2.9888297299630495,0,0,0,12.8872,0.32300000000000001,4.4245800525234715,9.2533428172230643,9.2533428172230643
情景一阈值控制,8.4155888540105028,92147.097400179235,5.0131679783414445,17.534585046185569,2.290468962127215,2.2623412149078881,6.4754857484812929,3.0894858150065843,0,0,0,12.8872,0.32300000000000001,4.4245376587328389,9.5649715634878767,9.5649715634878767
情景一阈值控制,8.4483343359327225,92146.184773459463,5.1819541135601588,18.12509400039993,2.3675862420703266,2.3385555653029968,6.6935594757633394,3.1935298532814738,0,0,0,12.8872,0.32300000000000001,4.4244938380222143,9.8870893290448123,9.8870893290448123
情景一阈值控制,8.4810798178549422,92145.241429617483,5.3564207268817219,18.735478261046776,2.4472988439670575,2.4173359314212282,6.9189731123281693,3.3010757980531715,0,0,0,12.8872,0.32300000000000001,4.424448542397375,10.22004891038134,10.22004891038134
情景一阈值控制,8.513825299777162,92144.266335537221,5.5367588359974977,19.366406298903005,2.5296940382894082,2.4987686703962262,7.1519735230418524,3.4122414297526107,0,0,0,12.8872,0.32300000000000001,4.4244017222521856,10.564214952794464,10.564214952794464
情景一阈值控制,8.5465707816993817,92143.2584234073,5.7231658711656905,20.018569034095744,2.6148620250411798,2.5829430431984362,7.3928158632687655,3.5271484842478729,0,0,0,12.8872,0.32300000000000001,4.4243533263145887,10.919964347516638,10.919964347516638
情景一阈值控制,8.5793162636216014,92142.216589558331,5.9158458899558406,20.692680588465365,2.702896031849789,2.6699513122066247,7.6417638567176684,3.6459227854059177,0,0,0,12.8872,0.32300000000000001,4.4243033015907622,11.287686642123585,11.287686642123585
情景一阈值控制,8.6120617455438229,92141.139693262681,6.1150097988816023,21.389479062102893,2.7938924152036528,2.759888841932463,7.8990900822153653,3.7686943819136829,0,0,0,12.8872,0.32300000000000001,4.4242515933074946,11.667784464129049,11.667784464129049
情景一阈值控制,8.6448072274660426,92140.026555497359,6.3208755818706077,22.109727333887413,2.8879507648116416,2.8528542028777695,8.1650762693435031,3.8955976883278458,0,0,0,12.8872,0.32300000000000001,4.4241981448527845,12.060673957671348,12.060673957671348
情景一阈值控制,8.6775527093882623,92138.875957662836,6.5336685368204561,22.85421389039913,2.9851740116551424,2.9489492790916891,8.440013604554423,4.0267716311241939,0,0,0,12.8872,0.32300000000000001,4.4241428977143231,12.466785235678618,12.466785235678618
情景一阈值控制,8.710298191310482,92137.686640253567,6.7536215210925459,23.623753686194895,3.0856685401217283,3.0482793798164094,8.7242030488691427,4.1623598002728714,0,0,0,12.8872,0.32300000000000001,4.4240857914156555,12.886562849142013,12.886562849142013
情景一阈值控制,8.7430436732327017,92136.45730149388,6.9809752033702051,24.419189026446578,3.189544303044523,3.1509533540616195,9.0179556638338578,4.302510604753822,0,0,0,12.8872,0.32300000000000001,4.4240267634506845,13.32046626858768,13.32046626858768
情景一阈值控制,8.7757891551549214,92135.186595924941,7.215978324519857,25.241390481183085,3.2969149408526719,3.2570837093043341,9.3215929491476075,4.4473774336405878,0,0,0,12.8872,0.32300000000000001,4.4239657492158182,13.768970382788195,13.768970382788195
情景一阈值控制,8.8085346370771411,92133.873132944529,7.4588879671838271,26.091257830192344,3.4078979047087907,3.36678673419491,9.6354471916126272,4.5971188225862321,0,0,0,12.8872,0.32300000000000001,4.4239026819398637,14.232566014198859,14.232566014198859
情景一阈值控制,8.8412801189993608,92132.515475296663,7.7099698345727488,26.96972104022889,3.5226145838470231,3.480182625485245,9.9598618260150662,4.751898626001279,0,0,0,12.8872,0.32300000000000001,4.4238374926114954,14.711760452016346,14.711760452016346
情景一阈值控制,8.8740256009215805,92131.112137511896,7.9694985383870609,27.877741274288717,3.6411904370793096,3.5973956191521284,10.295191807848093,4.9118861948817329,0,0,0,12.8872,0.32300000000000001,4.4237701099043685,15.207078002729826,15.207078002729826
情景一阈值控制,8.9067710828438003,92129.66158429817,8.2377578957971025,28.816311932713333,3.7637551284374737,3.7185541256887267,10.641803997789445,5.0772565602451847,0,0,0,12.8872,0.32300000000000001,4.4237004600998588,15.719060558034631,15.719060558034631
情景一阈值控制,8.93951656476602,92128.162228882196,8.5150412355687575,29.786459726435776,3.8904426669906669,3.8437908696083714,11.000077558048964,5.2481906222301546,0,0,0,12.8872,0.32300000000000001,4.4236284670074122,16.248268180279119,16.248268180279119
情景一阈值控制,8.9722620466882397,92126.612431284957,8.8016517163152717,30.789245792809055,4.0213915521997112,3.9732430345135814,11.370404364441706,5.4248753466981832,0,0,0,12.8872,0.32300000000000001,4.4235540518817507,16.795279711139891,16.795279711139891
情景一阈值控制,9,92125.258914830425,9.0519619613077289,31.665029471688044,4.1357552001560256,4.0863019172295845,11.693829453566755,5.5791830332379044,0,0,0,12.8872,0.32300000000000001,4.4234890613970395,17.27301248680466,17.27301248680466
情景一阈值控制,9.0050075286104612,92125.010496545452,9.0979026542684931,31.825766844905981,4.1567449236171603,4.1070524125583594,11.753189430821964,5.6075039677333729,0,0,0,12.8872,0.32300000000000001,4.4234771333375775,17.360693398555338,17.360693398555338
情景一阈值控制,9.0377530105326809,92123.354672889138,9.404117861225739,32.897156356597499,4.2966507152326407,4.2453655586064549,12.148851346730259,5.7962761964458966,0,0,0,12.8872,0.32300000000000001,4.4233976272616378,17.945127543176156,17.945127543176156
情景一阈值控制,9.0704984924549006,92121.643149834141,9.7206319939692722,34.004585787960877,4.441261815055757,4.3883339496790246,12.557822729934008,5.9913984368813642,0,0,0,12.8872,0.32300000000000001,4.4233154467217801,18.549221166815371,18.549221166815371
情景一阈值控制,9.1032439743771203,92119.874056232729,10.047790915575071,35.149265852487368,4.5907362301266668,4.53611414988662,12.980550694404682,6.1930840092949939,0,0,0,12.8872,0.32300000000000001,4.423230501872923,19.173634703699676,19.173634703699676
情景一阈值控制,9.13598945629934,92118.045458247347,10.385952068786127,36.332447826717427,4.7452372570340842,4.6888679809331091,13.417497333963363,6.4015533809012775,0,0,0,12.8872,0.32300000000000001,4.4231426998598664,19.819050714864641,19.819050714864641
情景一阈值控制,9.1687349382215597,92116.155357261436,10.735484861351868,37.555424901974199,4.9049336578954144,4.8467626981556027,13.869140221473121,6.6170344040410862,0,0,0,12.8872,0.32300000000000001,4.423051944716982,20.486174625514206,20.486174625514206
情景一阈值控制,9.2014804201437794,92114.201687725887,11.096771063235343,38.819533577866231,5.0699998417537637,5.0099711720644517,14.335972923456628,6.8397625617082554,0,0,0,12.8872,0.32300000000000001,4.4229581372648035,21.175735485164886,21.175735485164886
情景一阈值控制,9.2342259020659991,92112.18231493546,11.470205216669397,40.126155101008536,5.2406160518397629,5.1786720758357818,14.818505531412896,7.0699812210433723,0,0,0,12.8872,0.32300000000000001,4.4228611750032636,21.888486752456267,21.888486752456267
情景一阈值控制,9.2669713839882188,92110.095032715122,11.856195062792798,41.476716962039454,5.4169685604023234,5.3530500804549446,15.317265214662463,7.3079418970989272,0,0,0,12.8872,0.32300000000000001,4.4227609520005986,22.625207111761391,22.625207111761391
情景一阈值控制,9.2997168659104386,92107.937561049097,12.255161978814233,42.872694429770128,5.5992498683429881,5.5332960547840324,15.832796786905599,7.5539045231469792,0,0,0,12.8872,0.32300000000000001,4.4226573587795057,23.38670131005258,23.38670131005258
情景一阈值控制,9.3324623478326583,92105.707543626602,12.667541430473348,44.315612139179464,5.7876589118322324,5.7196072727227376,16.365663292665541,7.808137730474102,0,0,0,12.8872,0.32300000000000001,4.4225502821993015,24.173801023139642,24.173801023139642
情景一阈值控制,9.365207829754878,92103.402545306788,13.093783439347941,45.807045731696746,5.9824012757012879,5.9121876272699501,16.916446613041458,8.0709191373890494,0,0,0,12.8872,0.32300000000000001,4.4224396053341906,24.987365750430506,24.987365750430506
情景一阈值控制,9.3979533116770995,92101.020049497602,13.534353065988018,47.348623551227242,6.1836894140570511,6.1112478519427835,17.48574809204715,8.3425356480520314,0,0,0,12.8872,0.32300000000000001,4.4223252073474173,25.828283740099181,25.828283740099181
情景一阈值控制,9.4306987935993192,92098.557455448725,13.989730908798306,48.942028395672914,6.3917428780836776,6.3170057495325924,18.074189183444041,8.6232837610818631,0,0,0,12.8872,0.32300000000000001,4.4222069633612815,26.697472944525906,26.697472944525906
情景一阈值控制,9.4634442755215389,92096.012075459672,14.460413618530527,50.588999323489446,6.6067885509669058,6.5296864281502902,18.682412117898881,8.9134698878601686,0,0,0,12.8872,0.32300000000000001,4.4220847443230804,27.595882005759051,27.595882005759051
情景一阈值控制,9.4961897574437586,92093.381132003182,14.946914428278431,52.291333514931431,6.8290608898916885,6.7495225445276352,19.311080590337749,9.2134106804713305,0,0,0,12.8872,0.32300000000000001,4.4219584168669837,28.524491270809079,28.524491270809079
情景一阈值控制,9.5289352393659783,92090.661754743487,15.449763702788132,54.050888201359761,7.0588021768542122,6.9767545563161333,19.96088047243526,9.5234333716345425,0,0,0,12.8872,0.32300000000000001,4.4218278431708686,29.484313844069803,29.484313844069803
情景一阈值控制,9.561680721288198,92087.850977452559,15.969509506497928,55.869582660596599,7.2962627780199316,7.211630983138857,20.63252054949497,9.8438761262730736,0,0,0,12.8872,0.32300000000000001,4.4216928808082452,30.476396675768044,30.476396675768044
情景一阈值控制,9.5944262032104177,92084.945734841574,16.506718187077844,57.749400267053559,7.5417014101514539,7.4544086749510372,21.326733277557459,10.175088402734204,0,0,0,12.8872,0.32300000000000001,4.4215533825961177,31.501821680291663,31.501821680291663
情景一阈值控制,9.6271716851326374,92081.942859283576,17.061974978951472,59.692390612364257,7.7953854161532075,7.70535308976116,22.044275566545544,10.51743132643162,0,0,0,12.8872,0.32300000000000001,4.4214091964376196,32.561706892977163,32.561706892977163
情景一阈值控制,9.6599171670548571,92078.839077427168,17.635884626764764,61.700671696431918,8.0575910497160184,7.9647385807159345,22.785929589413549,10.871278075894493,0,0,0,12.8872,0.32300000000000001,4.4212601651594179,33.657207665308043,33.657207665308043
情景一阈值控制,9.6926626489770769,92075.631006697731,18.22907202948533,63.776432191328873,8.3286037693729202,8.2328486928837652,23.552503618200713,11.237014281652625,0,0,0,12.8872,0.32300000000000001,4.4211061263437115,34.789517899853337,34.789517899853337
情景一阈值控制,9.7254081308992966,92072.315151686926,18.842182904932329,65.921933777395452,8.6087185418738645,8.5099764696727949,24.344832886747639,11.615038437842667,0,0,0,12.8872,0.32300000000000001,4.420946912154875,35.95987132459031,35.95987132459031
情景一阈值控制,9.7581536128215163,92068.887900431786,19.475884474537089,68.139513550884956,8.8982401547869845,8.7964247688195059,25.163780479834571,12.005762326420326,0,0,0,12.8872,0.32300000000000001,4.4207823491607909,37.169542806254896,37.169542806254896
情景一阈值控制,9.7908990947437378,92065.345520579955,20.130866168890243,70.431586505147664,9.1974835385793341,9.0925065882262572,26.010238249477446,12.409611454329704,0,0,0,12.8872,0.32300000000000001,4.4206122581487239,38.419849703807152,38.419849703807152
情景一阈值控制,9.8236445766659575,92061.684155402982,20.807840361187576,72.800648110310092,9.5067741014248899,9.3985454049012258,26.885127767598139,12.827025508026875,0,0,0,12.8872,0.32300000000000001,4.4204364539338865,39.712153275625013,39.712153275625013
情景一阈值控制,9.8563900585881772,92057.899819702609,21.507543120135342,75.249276961963105,9.8264480728833075,9.7148755232118251,27.789401304179403,13.258458820162394,0,0,0,12.8872,0.32300000000000001,4.4202547451628886,41.047860124341796,41.047860124341796
情景一阈值控制,9.8891355405103969,92053.988395585795,22.230734986905482,77.780137514991893,10.156852858545106,10.04184243456605,28.724042836862633,13.704380851265324,0,0,0,12.8872,0.32300000000000001,4.42006693411086,42.428423688127957,42.428423688127957
情景一阈值控制,9.9218810224326166,92049.945628101501,22.97820177731381,80.395982906720832,10.498347406177716,10.379803189090458,29.690069093529381,14.165276687163935,0,0,0,12.8872,0.32300000000000001,4.4198728164719503,43.855345780693312,43.855345780693312
情景一阈值控制,9.9546265043548363,92045.767120732518,23.750755410497195,83.099657873906793,10.851302583953904,10.729126779920371,30.68853062954086,14.641647552941938,0,0,0,12.8872,0.32300000000000001,4.4196721811428628,45.330178182482797,45.330178182482797
情景一阈值控制,9.987371986277056,92041.448330741739,24.549234764164233,85.894101763923445,11.216101570794887,11.090194540182283,31.720512939762106,15.134011343490625,0,0,0,12.8872,0.32300000000000001,4.4194648099994023,46.854524283252729,46.854524283252729
情景一阈值控制,10,92039.744353508228,24.864271527952205,86.996648722459128,11.360031287882425,11.232658334276298,32.127681235916477,15.32827332230578,0,0,0,12.8872,0.32300000000000001,4.4193829917799254,47.45595455822226,47.45595455822226
情景一阈值控制,10.020117468199276,92036.984564374201,25.374506556127216,88.782351639195028,11.593140258692799,11.463400552582483,32.787137605022863,15.642903170490955,0,0,0,12.8872,0.32300000000000001,4.4192504776660986,48.430040775513817,48.430040775513817
情景一阈值控制,10.052862950121495,92032.370971916651,26.227466251822761,91.767545473937588,11.98282766687713,11.849152071515947,33.88956347266749,16.168875925659666,0,0,0,12.8872,0.32300000000000001,4.4190289512789809,50.058439398327153,50.058439398327153
情景一阈值控制,10.085608432043715,92027.602542595268,27.109039001303412,94.852925455487011,12.385586369414005,12.24786995932268,35.028987875728511,16.7125008624229,0,0,0,12.8872,0.32300000000000001,4.4187999902405899,51.741488738151411,51.741488738151411
情景一阈值控制,10.118353913965935,92022.674099280179,28.020180611540638,98.041841410776058,12.801852938903865,12.659989139402017,36.20664789831747,17.274368199640378,0,0,0,12.8872,0.32300000000000001,4.4185633459657101,53.481016097957848,53.481016097957848
情景一阈值控制,10.151099395888155,92017.580293063816,28.961878541543314,101.3377543142953,13.232078400567366,13.085959060572009,37.423821671107554,17.855087739686464,0,0,0,12.8872,0.32300000000000001,4.4183187616210438,55.278909410794014,55.278909410794014
情景一阈值控制,10.183844877810376,92012.315597653083,29.935152931432398,104.74423991667594,13.676728701805926,13.526244177796192,38.681829711361743,18.455289507784112,0,0,0,12.8872,0.32300000000000001,4.4180659718559419,57.137119219145859,57.137119219145859
情景一阈值控制,10.216590359732596,92006.874303583681,30.94105766382199,108.26499248822182,14.136285196480921,13.981324448589216,39.982036305411349,19.075624411592123,0,0,0,12.8872,0.32300000000000001,4.4178047025246059,59.057660717003472,59.057660717003472
情景一阈值控制,10.249335841654815,92001.250512246115,31.980681459460822,111.90382868436495,14.611245144801458,14.451695846061659,41.325850936160684,19.716764922274599,0,0,0,12.8872,0.32300000000000001,4.4175346703992329,61.042615858435283,61.042615858435283
情景一阈值控制,10.282081323577035,91995.438129725211,33.055149006720569,115.66469153173938,15.102122228628575,14.937870888497953,42.714729755135856,20.379405776822576,0,0,0,12.8872,0.32300000000000001,4.4172555828742182,63.094135531958429,63.094135531958429
情景一阈值控制,10.314826805499255,91989.430860455468,34.165622124495627,119.55165453349279,15.609447081993991,15.440379185351476,44.150177098567795,21.064264701384634,0,0,0,12.8872,0.32300000000000001,4.4169671376615085,65.214441799952425,65.214441799952425
情景一阈值控制,10.347572287421475,91983.222200692573,35.31330095835937,123.5689258934368,16.133767836759404,15.95976799966817,45.633747047362128,21.772083155536137,0,0,0,12.8872,0.32300000000000001,4.4166690224771328,67.405830202898272,67.405830202898272
情景一阈值控制,10.380317769343694,91976.805431747125,36.499425219960344,127.72085289417085,16.67565068797305,16.496602831564282,47.167045043931296,22.503627103677704,0,0,0,12.8872,0.32300000000000001,4.4163609147163072,69.670672147608997,69.670672147608997
情景一阈值控制,10.413063251265914,91970.173613014427,37.725275463297208,132.01192640708783,17.235680476013787,17.051468019978216,48.751729557730158,23.259687809670371,0,0,0,12.8872,0.32300000000000001,4.41604248111876,72.011417367400526,72.011417367400526
情景一阈值控制,10.445808733188134,91963.319574811321,38.992174395814573,136.44678552722439,17.814461284579092,17.624967361859309,50.389513796896615,24.041082653467662,0,0,0,12.8872,0.32300000000000001,4.4157133774247788,74.430596450364277,74.430596450364277
情景一阈值控制,10.478554215110353,91956.235910982417,40.301488231239055,141.03022235741278,18.412617057672694,18.21772475205951,52.082167475028896,24.848655974053671,0,0,0,12.8872,0.32300000000000001,4.4153732480201953,76.930823449082567,76.930823449082567
情景一阈值控制,10.511299697032573,91948.914971271821,41.654628084759878,145.76718694403868,19.030792235863842,18.830384844308764,53.831518633950637,25.68327993909314,0,0,0,12.8872,0.32300000000000001,4.4150217255701047,79.514798573043777,79.514798573043777
情景一阈值控制,10.544045178954793,91941.348853456308,43.053051411303173,150.66279236727482,19.669652412155198,19.463613733753238,55.639455523523608,26.545855441799297,0,0,0,12.8872,0.32300000000000001,4.4146584306411309,82.185310965322913,82.185310965322913
情景一阈值控制,10.576790660877013,91933.529395242789,44.498263486237661,155.72231998372089,20.329885007151393,20.118099660897954,57.507928537743659,27.437313024654653,0,0,0,12.8872,0.32300000000000001,4.4142829713123755,84.945241562398309,84.945241562398309
情景一阈值控制,10.609536142799234,91925.448165933558,45.991818927849195,160.95122481938029,21.012199963220183,20.794553736795407,59.438952206355822,28.358613829620275,0,0,0,12.8872,0.32300000000000001,4.4138949427752179,87.797566035976104,87.797566035976104
情景一阈值控制,10.642281624721454,91917.09645784949,47.535323263288113,166.35514111919943,21.717330458418918,21.493710690399773,61.434607244287669,29.310750575930449,0,0,0,12.8872,0.32300000000000001,4.4134939269214879,90.745357820218118,90.745357820218118
情景一阈值控制,10.675027106643673,91908.465277429277,49.130434553052076,171.93988810627579,22.446033647059146,22.21632964511981,63.497042678512777,30.294748574829576,0,0,0,12.8872,0.32300000000000001,4.4130794919160889,93.791791253342353,93.791791253342353
情景一阈值控制,10.707772588565893,91899.545336119118,50.778865052771984,177.71147587662654,23.199091417205327,22.963194915082038,65.628478024976545,31.311666768194122,0,0,0,12.8872,0.32300000000000001,4.4126511917595561,96.940144793170674,96.940144793170674
情景一阈值控制,10.740518070488113,91890.327040980235,52.482382925590393,183.67611147644268,23.977311171169902,23.73511682734928,67.831205532913543,32.362598799307349,0,0,0,12.8872,0.32300000000000001,4.4122085658370684,100.19380433222089,100.19380433222089
情景一阈值控制,10.773263552410333,91880.800485013489,54.242814005264208,189.84020516263416,24.781526629057112,24.532932570349729,70.10759249685367,33.448674115928711,0,0,0,12.8872,0.32300000000000001,4.4117511384538721,103.55626661278238,103.55626661278238
情景一阈值控制,10.806009034332552,91870.955437184835,56.062043612734435,196.21037685664299,25.61259865660071,25.357507069971604,72.460083640002026,34.571059107416033,0,0,0,12.8872,0.32300000000000001,4.4112784183563454,107.03114274741806,107.03114274741806
情景一阈值控制,10.838754516254772,91860.78133215438,57.942018425687998,202.7934627902975,26.471416117069182,26.209733893354493,74.891203568538955,35.730958275684024,0,0,0,12.8872,0.32300000000000001,4.4107898982388241,110.62216184422297,110.62216184422297
情景一阈值控制,10.871499998176992,91850.267259713233,59.884748400087126,209.59652234055258,27.35889674676109,27.090536180159347,77.403559295675464,36.929615439443388,0,0,0,12.8872,0.32300000000000001,4.4102850542364083,114.33317473511886,114.33317473511886
情景一阈值控制,10.904245480099211,91839.401953933469,61.892308742641625,216.62684504996466,28.275988053613126,28.00086760109912,79.999842834299912,38.168314971165252,0,0,0,12.8872,0.32300000000000001,4.4097633454039808,118.16815780546517,118.16815780546517
情景一阈值控制,10.936990962021431,91828.173781990117,63.966841941637995,223.89195785935678,29.223668242296601,28.941713347372595,82.682833867986318,39.448383071432168,0,0,0,12.8872,0.32300000000000001,4.4092242131794865,122.13121693941849,122.13121693941849
情景一阈值控制,10.969736443943651,91816.570732595472,66.110559866972849,231.39963259130747,30.202947170743403,29.914091156286272,85.455402514631061,40.77118908748276,0,0,0,12.8872,0.32300000000000001,4.4086670808285913,126.22659160211381,126.22659160211381
情景一阈值控制,11,91805.503054110406,68.155291441789871,238.56089919265651,31.137002170479615,30.841716465449661,88.100043359907204,42.032960125923232,0,0,0,12.8872,0.32300000000000001,4.4081356548625701,130.13300348583044,130.13300348583044
情景一阈值控制,11.002481925865872,91804.580404189852,68.325745912665852,239.15789359123298,31.214867325886942,30.919052361147894,88.320512148288714,42.138146859523268,0,0,0,12.8872,0.32300000000000001,4.4080913528776513,130.45865900781197,130.45865900781197
情景一阈值控制,11.035227407788092,91792.189992762054,70.614757205051035,247.17502560809177,32.260504829197011,31.957682976399653,91.281222309499853,43.550716109259156,0,0,0,12.8872,0.32300000000000001,4.4074964145288993,134.83193841875902,134.83193841875902
情景一阈值控制,11.067972889710312,91779.386279322862,72.980026872166476,255.45958189955397,33.340970469951081,33.031104816260218,94.340691698513112,45.010403867975974,0,0,0,12.8872,0.32300000000000001,4.4068816310589733,139.35109556648908,139.35109556648908
情景一阈值控制,11.100718371632532,91766.155617012177,75.424066377744481,264.02039257426122,34.457410767780644,34.140476648822265,97.502181256064532,46.518765946394154,0,0,0,12.8872,0.32300000000000001,4.4062463471998479,144.02094720245867,144.02094720245867
情景一阈值控制,11.133463853554751,91752.483917847057,77.949467918229715,272.86657316642351,35.611009063758317,35.286995385319102,100.76905732995827,48.077408445460158,0,0,0,12.8872,0.32300000000000001,4.4055898865025327,148.84646577541844,148.84646577541844
情景一阈值控制,11.166209335476971,91738.356639118167,80.558906881215833,282.00753343786846,36.802986639274117,36.471897304256998,104.14479492564502,49.687989307213215,0,0,0,12.8872,0.32300000000000001,4.404911550683881,153.83278423285822,153.83278423285822
情景一阈值控制,11.198954817399191,91723.758769441192,83.255144363909523,291.45298640342571,38.03460386204933,37.696459310210145,107.63298103927775,51.352219905002535,0,0,0,12.8872,0.32300000000000001,4.4042106189568333,158.98520094428028,158.98520094428028
情景一阈值控制,11.23170029932141,91708.674814367158,86.041029769042922,301.21295764163585,39.307161367223799,38.962000235735765,111.23731809613703,53.071866683976758,0,0,0,12.8872,0.32300000000000001,4.4034863473394878,164.30918478011378,164.30918478011378
情景一阈值控制,11.26444578124363,91693.088781591243,88.919503470681661,311.29779486529344,40.622001270046518,40.269882183527933,114.96162748501271,54.848752847354675,0,0,0,12.8872,0.32300000000000001,4.4027379679448799,169.8103803323674,169.8103803323674
情景一阈值控制,11.29719126316585,91676.984165837348,91.893599535421401,321.71817770181576,41.98050840352635,41.621511902680702,118.80985317007377,56.684760079665935,0,0,0,12.8872,0.32300000000000001,4.401964688255199,175.4946132497397,175.4946132497397
情景一阈值控制,11.329936745088069,91660.34393329508,94.966448521375952,332.48512776314965,43.384111591247915,43.018342209935412,122.78606540966393,58.581830321006592,0,0,0,12.8872,0.32300000000000001,4.4011656903745218,181.36789573067051,181.36789573067051
情景一阈值控制,11.362682227010289,91643.150505647034,98.141280347704694,343.61001898083947,44.834284952018471,44.46187345320044,126.89446457302058,60.541967588014266,0,0,0,12.8872,0.32300000000000001,4.4003401302618563,187.43643216103484,187.43643216103484
情景一阈值控制,11.395427708932511,91625.385743680483,101.42142723537758,355.10458820993836,46.332549236638215,45.953655018362433,131.1393850562774,62.567239842212111,0,0,0,12.8872,0.32300000000000001,4.3994871369442476,193.70662489848951,193.70662489848951
情景一阈值控制,11.428173190854729,91607.030930491936,104.81032671729697,366.98094609641424,47.880473195908223,47.495286879236694,135.52529929577452,64.659780904778671,0,0,0,12.8872,0.84608759480157369,1.0000000000001652,200.18508020055319,200.18508020055319
情景一阈值控制,11.539366667504098,91477.402820121351,104.81032671729761,474.26480858511889,64.573375755226309,53.146632201789295,138.96679182501356,83.562536257410912,0,0.085896314545451463,0.13270880957687056,12.8872,0.84586949313237536,1.0000000000002032,222.52932808242446,222.52932808242446
情景一阈值控制,11.650560144153465,91347.985756175796,104.81032671729838,581.36923940327392,80.592572241281502,59.440068843137205,142.40828435425274,102.43367685557563,0,0.17175678556119503,0.26530688659327634,12.8872,0.8456511290655746,1.0000000000002407,244.84196120982836,244.84196120982836
情景一阈值控制,11.761753620802834,91218.779395052363,104.81032671729928,688.29453068205999,95.964051914898548,66.349659014169291,145.84977688349213,121.27325417098633,0,0.25758136993482378,0.397794144161148,12.8872,0.84543250241775336,1.0000000000002789,267.12303105447847,267.12303105447847
情景一阈值控制,11.872947097452203,91089.783393707577,104.81032671730031,795.0409740770383,110.71280332562419,73.850465553251141,149.29126941273165,140.0813195915554,0,0.34337002452382182,0.53017049546647432,12.8872,0.8452136130057506,1.000000000000316,289.37258900428708,289.37258900428708
情景一阈值控制,11.984140574101572,90960.997409656469,104.81032671730145,901.60886076892825,124.86285284108911,81.918513397000282,152.73276194197138,158.85792442153084,0,0.42912270615561277,0.66243585376980141,12.8872,0.84499446064666284,1.0000000000003537,311.59068636350219,311.59068636350219
情景一阈值控制,12,90942.645873777612,104.81032671730163,916.79400995647234,126.83363155383051,83.114121375568885,153.22361893639365,161.53345411841872,0,0.44135060045703334,0.68129169382972132,12.8872,0.84496318170497808,1.0000000000003597,314.75707305481239,314.75707305481239
情景一阈值控制,12.095334050750939,90832.421100971667,104.81032671730273,1007.9984814643791,138.43730169201521,90.530752535414464,156.17425447121119,177.60311988163255,0,0.5148393716276003,0.79459013240670751,12.8872,0.84477504515784607,1.0000000000003915,333.77737435284371,333.77737435284371
情景一阈值控制,12.206527527400308,90704.054126282514,104.81032671730415,1114.2101263967481,151.45836159272338,99.665022391501907,159.61574700045122,196.31695710918956,0,0.60051997770721333,0.926633244788304,12.8872,0.84455536635691686,1.0000000000004292,355.93270410964078,355.93270410964078
情景一阈值控制,12.317721004049677,90575.896144774073,104.81032671730567,1220.2440853268627,163.94738898831787,109.3000175742301,163.05723952969143,214.99948715827358,0,0.68616448113194484,1.0585651044017166,12.8872,0.84433542406175355,1.0000000000004674,378.05672668796501,378.05672668796501
情景一阈值控制,12.428914480699046,90447.946816186333,104.81032671730735,1326.1006475437935,175.92491798414335,119.41525494920559,166.49873205893186,233.65076099983571,0,0.77177283860939716,1.190385624810578,12.8872,0.84411521809049805,1.0000000000005054,400.14949305876758,400.14949305876758
情景一阈值控制,12.540107957348413,90320.205800813274,104.81032671730915,1431.7801018656185,187.41069200765941,129.99104197693416,169.94022458817241,252.27082952184159,0,0.85734500681732317,1.3220947196555153,12.8872,0.84389474826155664,1.0000000000005427,422.211054110014,422.211054110014
情景一阈值控制,12.651301433997782,90192.672759501875,104.81032671731109,1537.2827366402007,198.42369425074381,141.00844627065445,173.38171711741319,270.85974352940747,0,0.94288094240367681,1.4536923026546542,12.8872,0.84367401439360157,1.00000000000058,444.24146064682066,444.24146064682066
情景一阈值控制,12.762494910647151,90065.347353651363,104.81032671731316,1642.6088397459425,208.98217694037052,152.44926632579251,176.82320964665416,289.4175537449334,0,1.0283806019866479,1.5851782876040965,12.8872,0.84345301630557235,1.0000000000006175,466.24076339158756,466.24076339158756
情景一阈值控制,12.873688387296518,89938.22924521222,104.81032671731535,1747.7586985925525,219.10368948147814,164.29600337722906,180.26470217589528,307.94431080823853,0,1.1138439421547102,1.7165525883784212,12.8872,0.84323175381667714,1.0000000000006553,488.20901298413378,488.20901298413378
情景一阈值控制,12.984881863945887,89811.318096685252,104.81032671731766,1852.7326001218123,228.80510551781228,176.53183433859218,183.70619470513668,326.4400652766966,0,1.1992709194666684,1.8478151189311809,12.8872,0.84301022674639414,1.000000000000693,510.14625998183328,510.14625998183328
情景一阈值控制,13,89794.078911422315,104.81032671731798,1866.9915351953589,230.09259166510662,178.22459838068812,184.17410841603134,328.95240175519257,0,1.2108829690011333,1.8656532563769581,12.8872,0.84298008694409998,1.0000000000006979,513.12651017122391,513.12651017122391
情景一阈值控制,13.096075340595256,89684.613571120819,104.81032671732012,1957.5308308083354,238.10264894926883,189.14058578504697,187.14768723437825,344.90486762536875,0,1.2846614904516973,1.9789657932953924,12.8872,0.84278843491447297,1.0000000000007296,532.05255485974703,532.05255485974703
情景一阈值控制,13.207268817244625,89558.115332117814,104.8103267173227,2062.1536766603276,247.01191894850635,202.10670893681822,190.58917976362008,363.33876824713843,0,1.3700156116093896,2.110004525584035,12.8872,0.84256637814093538,1.0000000000007672,553.92794801075854,553.92794801075854
情景一阈值控制,13.318462293893992,89431.823043822849,104.8103267173254,2166.601423220347,255.54791401390713,215.41525560636225,194.03067229286205,381.74181745284403,0,1.4553332394097982,2.2409312299905455,12.8872,0.84234405624607778,1.0000000000008047,575.77248974570603,575.77248974570603
情景一阈值控制,13.429655770543361,89305.736370929328,104.81032671732825,2270.8743555660662,263.72505509698101,229.0518550710982,197.47216482210422,400.11406547141456,0,1.5406143302934878,2.3717458207893243,12.8872,0.84212146905047158,1.0000000000008422,597.58623029351884,597.58623029351884
情景一阈值控制,13.54084924719273,89179.854978676536,104.81032671733124,2374.9727583110193,271.55720783880366,243.00269183710131,200.91365735134676,418.45556245000074,0,1.6258588406715719,2.5024482123362226,12.8872,0.8418986163749651,1.0000000000008795,619.36921980134753,619.36921980134753
情景一阈值控制,13.652042723842097,89054.178532848833,104.81032671733433,2478.8969156053663,279.05770395025991,257.25448425899333,204.35514988058938,436.76635845410948,0,1.7110667269257629,2.6330383190690521,12.8872,0.84167549804068476,1.0000000000009162,641.12150833469889,641.12150833469889
情景一阈值控制,13.763236200491466,88928.706699774688,104.81032671733753,2582.6471111366473,286.23936176989093,271.79446398222927,207.79664240983229,455.04650346773673,0,1.7962379454084187,2.7635160555080756,12.8872,0.84145211386903618,1.0000000000009532,662.84314587756899,662.84314587756899
情景一阈值控制,13.874429677140835,88803.439146325793,104.81032671734087,2686.2236281305295,293.11450602926766,286.61035617785524,211.23813493907542,473.29604739349958,0,1.8813724524425852,2.8938813362565172,12.8872,0.84122846368170601,1.0000000000009901,684.53418233257503,684.53418233257503
情景一阈值控制,13.985623153790204,88678.375539916247,104.81032671734432,2789.6267493515647,299.69498685806764,301.6903605375648,214.67962746831881,491.51504005276917,0,1.9664702043220454,3.0241340760010602,12.8872,0.84100454730066287,1.0000000000010278,706.19466752108792,706.19466752108792
情景一阈值控制,14,88662.220216860369,104.81032671734478,2802.9836911563311,300.52489824540447,303.65883040134656,215.12459789568587,493.86845087652131,0,1.9774702980633743,3.0409669836615891,12.8872,0.84097557641659804,1.0000000000010321,708.9930487722072,708.9930487722072
情景一阈值控制,14.096816630439573,88553.5155485016,104.81032671734792,2892.8567571039353,305.99219805678837,317.02313300111763,218.12111999756249,509.70353118580272,0,2.0515311573113642,3.1542741895123485,12.8872,0.84078036454815941,1.0000000000010643,727.82465118336518,727.82465118336518
情景一阈值控制,14.20801010708894,88428.858840578003,104.81032671735166,2995.9139332322084,312.01709466682144,332.59776818639756,221.56261252680628,527.86157045187576,0,2.1365552676459352,3.2843015916454923,12.8872,0.84055591524673257,1.0000000000011011,749.42418297868198,749.42418297868198
情景一阈值控制,14.319203583738309,88304.405085181352,104.81032671735552,3098.7985591220859,317.78020986314993,348.40378249684846,225.00410505605043,545.98920742941482,0,2.2215424915320314,3.4142161973405791,12.8872,0.84033119921920585,1.0000000000011384,770.99331248546525,770.99331248546525
情景一阈值控制,14.430397060387676,88180.153951886343,104.8103267173595,3201.5109157011416,323.29167119703925,364.43109787891154,228.44559758529479,564.08649161612686,0,2.3064927851468457,3.5440179216231695,12.8872,0.84010621628869053,1.0000000000011751,792.53208920142163,792.53208920142163
情景一阈值控制,14.541590537037045,88056.105110805642,104.81032671736361,3304.0512834395799,328.56121621351969,380.67002620467809,231.88709011453943,582.15347242913322,0,2.3914061046385449,3.6737066796048063,12.8872,0.83988096627858666,1.0000000000012121,814.04056254367265,814.04056254367265
情景一阈值控制,14.652784013686414,87932.25823258904,104.81032671736784,3406.4199423509694,333.59820746726109,397.11125425614313,235.32858264378439,600.19019920509913,0,2.4762824061263107,3.8032823864835223,12.8872,0.83965544901258493,1.0000000000012488,835.51878184888346,835.51878184888346
情景一阈值控制,14.763977490335783,87808.612988422508,104.81032671737221,3508.617171992993,338.41164696057336,413.74582928733764,238.77007517302957,618.19672120036512,0,2.5611216457003936,3.9327449575443509,12.8872,0.8394296643146677,1.000000000001285,856.96679637339469,856.96679637339469
情景一阈值控制,14.875170966985152,87685.169050027354,104.8103267173767,3610.643251468186,343.01019002508406,430.56514514278064,242.211567702275,636.17308759107789,0,2.6459237794221564,4.0620943081598311,12.8872,0.83920361200911031,1.0000000000013216,878.38465529335292,878.38465529335292
情景一阈值控制,14.986364443634519,87561.926089659377,104.8103267173813,3712.4984594246812,347.40215866970789,447.56092890964067,245.65306023152067,654.11934747332077,0,2.7306887633241232,4.1913303537905158,12.8872,0.83897729192048298,1.0000000000013585,899.7724077048415,899.7724077048415
情景一阈值控制,15,87546.82673398625,104.81032671738188,3724.9771241402809,347.92691564278283,449.65686289409183,246.07508737536011,656.31801128700795,0,2.7410808580204535,4.2071706509238203,12.8872,0.83894952004991374,1.0000000000013627,902.39309866236806,902.39309866236806
情景一阈值控制,15.097557920283888,87438.883780107935,104.81032671738602,3814.1830740569485,351.59555441389881,464.72522808461537,249.09455276076665,672.03554986324502,0,2.8154165534100346,4.3204530099854939,12.8872,0.83875070387365169,1.0000000000013947,921.13010262401167,921.13010262401167
情景一阈值控制,15.208751396933257,87316.041794695164,104.81032671739089,3915.6973731065277,355.59807062727742,482.05039823443138,252.53604529001294,689.92174369719817,0,2.9001071056548851,4.4494621923828843,12.8872,0.83852384769377974,1.0000000000014306,942.45778898721107,942.45778898721107
情景一阈值控制,15.319944873582624,87193.399807275011,104.81032671739587,4017.0416338627706,359.4171043939516,499.52909113165555,255.97753781925945,707.77797783185486,0,2.9847603760049783,4.5783578167103567,12.8872,0.83829672320632909,1.0000000000014673,963.75551565111437,963.75551565111437
情景一阈值控制,15.431138350231993,87070.957492232468,104.81032671740097,4118.2161331635807,363.05976792026667,517.15424334707495,259.41903034850628,725.60430104434772,0,3.0693763203779798,4.7071397987856542,12.8872,0.83806933023706198,1.000000000001503,985.02333139285406,985.02333139285406
情景一阈值控制,15.542331826881362,86948.714524482595,104.81032671740617,4219.2211473961415,366.5328995031108,534.91906528151969,262.86052287775345,743.40076203239482,0,3.1539548946629581,4.8358080545170861,12.8872,0.8378416686120419,1.000000000001539,1006.2612849101483,1006.2612849101483
情景一阈值控制,15.653525303530731,86826.670579469821,104.81032671741154,4320.0569524976499,369.84307407587295,552.81703062003453,266.30201540700091,761.16740941442947,0,3.2384960547204398,4.964362499904059,12.8872,0.83761373815763529,1.0000000000015754,1027.4694248214305,1027.4694248214305
情景一阈值控制,15.7647187801801,86704.825333166853,104.81032671741704,4420.7238239560556,372.99661334876464,570.84186619168645,269.74350793624865,778.90429172973086,0,3.3229997563824578,5.0928030510375866,12.8872,0.83738553870051313,1.0000000000016109,1048.6477996659796,1048.6477996659796
情景一阈值控制,15.875912256829467,86583.178462074065,104.81032671742267,4521.2220368107855,375.99959555823443,588.98754222027878,273.18500046549673,796.61145743855059,0,3.4074659554526017,5.2211296241008025,12.8872,0.83715707006765161,1.0000000000016473,1069.7964579040472,1069.7964579040472
情景一阈值控制,15.987105733478836,86461.729643218423,104.81032671742842,4621.551865653485,378.85786484136651,607.2482629500829,276.62649299474515,814.28895492224422,0,3.4918946077060702,5.3493421353694908,12.8872,0.83692833208633455,1.0000000000016824,1090.9154479169893,1090.9154479169893
情景一阈值控制,16,86447.65894244524,104.81032671742909,4633.1754743528081,379.18021173851639,609.37300812679234,277.02557685505695,816.3369631357923,0,3.5016827284858079,5.3642025864487008,12.8872,0.83690178963658024,1.0000000000016869,1093.3625399908492,1093.3625399908492
情景一阈值控制,16.098299210128204,86340.478554152782,104.81032671743426,4721.7135846287265,381.57704024903904,625.61845763280496,280.06798552399374,831.93683248339596,0,3.5762856688897164,5.477440501212584,12.8872,0.83669932458415364,1.0000000000017186,1112.0048180073898,1112.0048180073898
情景一阈值控制,16.209492686777573,86219.424872954944,104.81032671744025,4821.7074674347614,384.16252441248963,644.0927718611523,283.50947805324273,849.5551383459507,0,3.660639094722105,5.6054246380926962,12.8872,0.83647004738901098,1.0000000000017542,1133.0646163991935,1133.0646163991935
情景一阈值控制,16.320686163426942,86098.568278226827,104.81032671744634,4921.5337873242297,386.61951187577182,662.66605923650218,286.95097058249206,867.14392065533968,0,3.7449548408935578,5.7332944625666391,12.8872,0.83624050032911967,1.0000000000017901,1154.0948912378317,1154.0948912378317
情景一阈值控制,16.431879640076311,85977.908449093651,104.81032671745255,5021.192817104893,388.9529971075786,681.33337335720785,290.39246311174173,884.7032274786086,0,3.8292328630662071,5.8610498912859388,12.8872,0.83601068323300576,1.0000000000018252,1175.0956905903504,1175.0956905903504
情景一阈值控制,16.543073116725679,85857.445065203006,104.81032671745889,5120.6848291403539,391.16778220469195,700.08996011527552,293.83395564099169,902.2331068045462,0,3.9134731168740484,5.9886908409973589,12.8872,0.83578059592950915,1.0000000000018603,1196.0670624455379,1196.0670624455379
情景一阈值控制,16.654266593375048,85737.177806724067,104.81032671746534,5220.0100953507845,393.2684842986672,718.93125028980853,297.27544817024204,919.73360654381054,0,3.9976755579229906,6.1162172285434249,12.8872,0.83555023824778529,1.0000000000018954,1217.0090547140526,1217.0090547140526
情景一阈值控制,16.765460070024417,85617.106354346703,104.81032671747192,5319.1688872136474,395.25954267749074,737.85285242547616,300.71694069949268,937.20477452905743,0,4.0818401417909085,6.2436289708629467,12.8872,0.83531961001730681,1.0000000000019305,1237.9217152285501,1237.9217152285501
情景一阈值控制,16.876653546673783,85497.230389280681,104.81032671747862,5418.1614757644102,397.14522563282043,756.85054598539864,304.15843322874355,954.64665851506572,0,4.1659668240276924,6.3709259849915334,12.8872,0.83508871106786442,1.0000000000019655,1258.8050917438093,1258.8050917438093
情景一阈值控制,16.987847023323152,85377.549593254749,104.81032671748545,5516.988131597278,398.92963704397198,775.92027476729254,307.59992575799487,972.05930617886668,0,4.2500555601553103,6.4981081880621359,12.8872,0.83485754122956868,1.0000000000020011,1279.6592319368615,1279.6592319368615
情景一阈值控制,17,85364.480806198582,104.81032671748622,5527.7794196340546,399.11869615790823,778.00871467275238,307.97606633477909,973.96066462147917,0,4.2592438011243257,6.5120017014567093,12.8872,0.83483225891534074,1.0000000000020042,1281.9367309562583,1281.9367309562583
情景一阈值控制,17.099040499972521,85258.063648515876,104.81032671749242,5615.6491248658958,400.61672270801699,795.05814057349312,311.04141828724659,989.44276511986754,0,4.3341063056678459,6.6251754973055519,12.8872,0.83462610033285167,1.000000000002035,1300.4841834071142,1300.4841834071142
情景一阈值控制,17.21023397662189,85138.772237828336,104.81032671749948,5714.144725284078,402.21027642639433,814.26039712447334,314.48291081649853,1006.7970828599803,0,4.4181190160315609,6.7521278300509593,12.8872,0.83439438820846745,1.0000000000020703,1321.2799936764789,1321.2799936764789
情景一阈值控制,17.321427453271259,85019.675044472882,104.81032671750665,5812.4752021265194,403.713945857081,833.52344420679765,317.92440334575093,1024.1223068437459,0,4.502093646684945,6.8789651037264479,12.8872,0.8341624046874947,1.0000000000021054,1342.0467101894969,1342.0467101894969
情景一阈值控制,17.432620929920624,84900.771752245928,104.81032671751396,5910.6408242295056,405.1312381415421,852.84382204629765,321.36589587500356,1041.4184844384615,0,4.5860301530387702,7.0056872358595381,12.8872,0.83393014960133738,1.0000000000021396,1362.7843803134651,1362.7843803134651
情景一阈值控制,17.543814406569993,84782.06204545869,104.81032671752139,6008.6418599916451,406.46552531493649,872.21820589799518,324.80738840425664,1058.6856629343076,0,4.66992849047615,7.1322941440777257,12.8872,0.8336976227817261,1.0000000000021743,1383.4930513385643,1383.4930513385643
情景一阈值控制,17.655007883219362,84663.545608936358,104.81032671752892,6106.4785773745571,407.72004950798424,891.64340084435594,328.24888093351012,1075.9238895444705,0,4.7537886143525796,7.2587857461089857,12.8872,0.83346482406072031,1.000000000002208,1404.1727704779805,1404.1727704779805
情景一阈值控制,17.766201359868731,84545.222128017267,104.81032671753658,6204.1512439035987,408.89792794875973,911.11633679362467,331.69037346276389,1093.1332114052684,0,4.8376104799960018,7.3851619597823213,12.8872,0.83323175327070853,1.0000000000022429,1424.8235848680324,1424.8235848680324
情景一阈值控制,17.8773948365181,84427.091288552023,104.81032671754437,6301.6601266685711,410.00215777166034,930.63406367098082,335.13186599201811,1110.3136755762787,0,4.921394042706857,7.5114227030282876,12.8872,0.83299841024441112,1.0000000000022768,1445.4455415682969,1445.4455415682969
情景一阈值控制,17.988588313167469,84309.152776902731,104.81032671755227,6399.0054923244306,411.03562064139788,950.19374679467228,338.57335852127267,1127.465329040461,0,5.0051392577581391,7.6375678938795248,12.8872,0.83276479481488075,1.0000000000023106,1466.0386875617337,1466.0386875617337
情景一阈值控制,18,84297.059722836988,104.81032671755307,6408.9867185524035,411.13779078711764,952.20340448672755,338.92655581452931,1129.2239595849803,0,5.0137317825876746,7.6505075204296249,12.8872,0.83274080365333014,1.0000000000023141,1468.1505153995097,1468.1505153995097
情景一阈值控制,18.099781789816838,84191.406279942094,104.81032671756026,6496.1876070919916,412.00108719880876,969.79266243032907,342.01485105052762,1144.5882187042819,0,5.0888460803954461,7.7635974504712886,12.8872,0.83253090681550412,1.0000000000023448,1486.6030697548094,1486.6030697548094
情景一阈值控制,18.210975266466207,84073.851485052641,104.81032671756837,6593.2067367586369,412.90122133569804,989.42819351624576,345.45634357978292,1161.6823913978405,0,5.1725144658370406,7.889511291041984,12.8872,0.83229674608000359,1.0000000000023783,1507.1387349776235,1507.1387349776235
情景一阈值控制,18.322168743115576,83956.48808012584,104.81032671757661,6690.0631466790264,413.73858430488798,1009.0978255534551,348.89783610903862,1178.7478938749923,0,5.2561443692739029,8.0153093339337005,12.8872,0.83206231244243833,1.0000000000024118,1527.6457299840308,1527.6457299840308
情景一阈值控制,18.433362219764945,83839.315753561328,104.81032671758497,6786.7571017757982,414.51563867210649,1028.7991426539652,352.33932863829472,1195.784772813473,0,5.3397357458697874,8.1409914975927435,12.8872,0.83182760573720593,1.0000000000024456,1548.1241014517677,1548.1241014517677
情景一阈值控制,18.54455569641431,83722.334194266063,104.81032671759344,6883.2888665402634,415.23475211577397,1048.5298237410943,355.78082116755115,1212.793074815022,0,5.4232885507612698,8.266557700570166,12.8872,0.83159262579904392,1.0000000000024787,1568.573895982573,1568.573895982573
情景一阈值控制,18.655749173063679,83605.543091653453,104.81032671760204,6979.6587050331318,415.89820108040095,1068.2876388962025,359.22231369680799,1229.7728464055087,0,5.5068027390578216,8.392007861522325,12.8872,0.83135737246303087,1.000000000002512,1588.9951601023167,1588.9951601023167
情景一阈值控制,18.766942649713048,83488.942135642588,104.81032671761074,7075.8668808851889,416.50817428940047,1088.0704458459952,362.66380622606533,1246.7241340350522,0,5.5902782658418495,8.5173418992113881,12.8872,0.83112184556458835,1.0000000000025449,1609.3879402611176,1609.3879402611176
情景一阈值控制,18.878136126362417,83372.53101665742,104.81032671761955,7171.9136572980042,417.06677612253924,1107.8761865852007,366.10529875532291,1263.6469840781476,0,5.6737150861687535,8.6425597325058909,12.8872,0.8308860449394817,1.0000000000025784,1629.7522828334704,1629.7522828334704
情景一阈值控制,18.989329603011786,83256.309425625906,104.81032671762848,7267.799297044633,417.57602986353652,1127.7028841290924,369.54679128458105,1280.5414428337876,0,5.7571131550669934,8.767661280381267,12.8872,0.83064997042382249,1.000000000002611,1650.0882341183687,1650.0882341183687
情景一阈值控制,19,83245.166473631398,104.81032671762934,7276.9922528712841,417.6223761947175,1129.606533965758,369.87704529431005,1282.1611849919061,0,5.7651141975717737,8.7796602118633196,12.8872,0.83062730172929267,1.0000000000026141,1652.0382302862163,1652.0382302862163
情景一阈值控制,19.100523079661151,83140.277053979167,104.81032671763751,7363.5240624703101,418.03788082243176,1147.5486393912443,372.98828381383936,1297.4075565255855,0,5.8404724275381339,8.8926464619203909,12.8872,0.83041362185406886,1.0000000000026439,1670.3958403394249,1670.3958403394249
情景一阈值控制,19.21171655631052,83024.433593650741,104.81032671764667,7459.0882154931596,418.45419933784859,1167.411628181392,376.42977634309835,1314.2453713018999,0,5.9237928585569168,9.0175151963141253,12.8872,0.83017699906702758,1.0000000000026767,1690.6751476449983,1690.6751476449983
情景一阈值控制,19.322910032959889,82908.778737075729,104.81032671765594,7554.4920176048627,418.82678366362387,1187.2900983189211,379.87126887235769,1331.0549332359544,0,6.0070744030712993,9.1422674028618438,12.8872,0.82994010189985568,1.0000000000027087,1710.9262021083121,1710.9262021083121
情景一阈值控制,19.434103509609258,82793.312177189946,104.81032671766533,7649.735729871375,419.15736274433726,1207.1823668574648,383.31276140161737,1347.8362883259613,0,6.0903170160025253,9.2669030009719862,12.8872,0.82970293019006125,1.0000000000027414,1731.1490497275786,1731.1490497275786
情景一阈值控制,19.545296986258627,82678.033607429155,104.81032671767485,7744.8196129336184,419.4475988839377,1227.0868174163975,386.75425393087755,1364.5894824952438,0,6.1735206522451804,9.3914219101625918,12.8872,0.82946548377550555,1.0000000000027738,1751.3437364261213,1751.3437364261213
情景一阈值控制,19.656490462907996,82562.94272172825,104.81032671768445,7839.7439270081586,419.69909031159989,1247.0018976150998,390.19574646013825,1381.3145615923574,0,6.2566852666672474,9.5158240500618483,12.8872,0.82922776249440422,1.0000000000028058,1771.5103080524957,1771.5103080524957
情景一阈值控制,19.767683939557365,82448.03921452038,104.81032671769414,7934.5089318879072,419.9133736488966,1266.9261166059096,393.63723898939924,1398.0115713912121,0,6.3398108141101659,9.6401093404086353,12.8872,0.8289897661853286,1.0000000000028375,1791.6488103806114,1791.6488103806114
情景一阈值控制,19.878877416206734,82333.322780736227,104.81032671770393,8029.1148869428143,420.09192628185542,1286.8580427021845,397.07873151866062,1414.6805575911944,0,6.4228972493888925,9.7642777010530644,12.8872,0.82875149468720744,1.0000000000028695,1811.759289109855,1811.759289109855
情景一阈值控制,19.990070892856103,82218.793115803142,104.81032671771386,8123.5620511205452,420.23616864177598,1306.7963010976089,400.52022404792245,1431.3215658172876,0,6.5059445272919563,9.8883290519570295,12.8872,0.82851294783932805,1.0000000000029017,1831.8417898652101,1831.8417898652101
情景一阈值控制,20,82208.575174310448,104.81032671771474,8131.9880693982168,420.24742687120994,1308.5769660831957,400.82753477412371,1432.806178306108,0,6.5133583919979552,9.8994006194384596,12.8872,0.82849163321780528,1.0000000000029041,1833.6337130802317,1833.6337130802317
情景一阈值控制,20.101264369505472,82104.449915644334,104.81032671772392,8217.8506829471808,420.34746639815853,1326.7395716733836,403.9617165771848,1447.9346416201925,0,6.5889526025815206,10.012263313194744,12.8872,0.8282741254813385,1.0000000000029328,1851.8963581973771,1851.8963581973771
情景一阈值控制,20.212457846154837,81990.292876678111,104.81032671773406,8311.9810405278877,420.42713256729922,1346.686586889753,407.40320910644743,1464.5198304764501,0,6.6719214299934402,10.136080404953294,12.8872,0.82803502745324797,1.0000000000029641,1871.9230395828977,1871.9230395828977
情景一阈值控制,20.323651322804206,81876.321695816994,104.81032671774425,8405.9533815476316,420.47642953960292,1366.6361297588141,410.84470163571058,1481.0771777885618,0,6.7548509642373284,10.259780247533193,12.8872,0.82779565359542906,1.0000000000029958,1891.9218794242724,1891.9218794242724
情景一阈值控制,20.434844799453575,81762.536070466987,104.81032671775462,8499.7679632718264,420.49657102887755,1386.5870318953398,414.28619416497423,1497.6067288851093,0,6.837741159996602,10.383362761348909,12.8872,0.82755600374861926,1.0000000000030267,1911.8929230500835,1911.8929230500835
情景一阈值控制,20.546038276102944,81648.935698526737,104.81032671776509,8593.4250425470418,420.48872394660901,1406.5381716426268,417.72768669423834,1514.1085290208741,0,6.9205919719285545,10.506827866929433,12.8872,0.8273160777539218,1.000000000003058,1931.8362157151125,1931.8362157151125
情景一阈值控制,20.65723175275231,81535.520278386772,104.81032671777565,8686.9248758016747,420.45401020402181,1426.4884722705535,421.16917922350274,1530.5826233769596,0,7.0034033546644068,10.630175484918809,12.8872,0.82707587545280781,1.0000000000030889,1951.7518026004623,1951.7518026004623
情景一阈值控制,20.768425229401679,81422.289508928574,104.8103267177863,8780.2677190466402,420.39350844480003,1446.4369002429812,424.61067175276776,1547.0290570609116,0,7.0861752628093848,10.753405536076714,12.8872,0.82683539668711736,1.0000000000031197,1971.6397288136793,1971.6397288136793
情景一阈值控制,20.879618706051048,81309.243089523996,104.81032671779711,8873.4538278760356,420.30825571103901,1466.3824635519197,428.05216428203317,1563.4478751068343,0,7.1689076509427547,10.87651794127898,12.8872,0.82659464129906135,1.0000000000031499,1991.5000393888674,1991.5000393888674
情景一阈值控制,20.990812182700417,81196.380720034256,104.81032671780801,8966.4834574678334,420.1992490451446,1486.3242101157484,431.49365681129916,1579.8391224755135,0,7.2516004736179021,10.999512621518152,12.8872,0.82635360913122224,1.0000000000031806,2011.3327792868126,2011.3327792868126
情景一阈值控制,21,81187.063226553902,104.81032671780891,8974.1634212250719,420.18920948030103,1487.9717794037101,431.77802425397283,1581.1922847559588,0,7.258431536319236,11.009670293599367,12.8872,0.82633368047448141,1.0000000000031826,2012.9703090099315,2012.9703090099315
情景一阈值控制,21.102005659349786,81083.702100809242,104.81032671781898,9059.3568625845473,420.06744702996394,1506.2612262392061,434.93514934056549,1596.2028440545348,0,7.3342536853623894,11.122389497904051,12.8872,0.82611230002655656,1.0000000000032105,2031.1379933951002,2031.1379933951002
情景一阈值控制,21.213199135999155,80971.206932686735,104.81032671783007,9152.0742975739195,419.91377126967109,1526.1926351326219,438.37664186983227,1612.5390846584021,0,7.4168672406780152,11.245148491664317,12.8872,0.82587071382839561,1.0000000000032405,2050.9157265282342,2050.9157265282342
情景一阈值控制,21.324392612648523,80858.894916991543,104.81032671784128,9244.6360163695899,419.73910781361894,1546.1175954881858,441.81813439909962,1628.8478890286581,0,7.4994410940408764,11.367789524144966,12.8872,0.8256288503804472,1.0000000000032707,2070.6660234277579,2070.6660234277579
情景一阈值控制,21.435586089297892,80746.765755534754,104.81032671785259,9337.0422724917698,419.54430852538565,1566.0353001110184,445.25962692836742,1645.1293018340007,0,7.5819751999014322,11.490312516810944,12.8872,0.82538670952679727,1.0000000000033005,2090.3889287623679,2090.3889287623679
情景一阈值控制,21.546779565947261,80634.819150612937,104.81032671786402,9429.2933190479162,419.33019239909413,1585.9449746029709,448.70111945763568,1661.3833676704048,0,7.6644695126845637,11.612717391246685,12.8872,0.82514429111191112,1.0000000000033302,2110.0844871280406,2110.0844871280406
情景一阈值控制,21.65797304259663,80523.054805007356,104.81032671787553,9521.3894087334065,419.09754682503763,1605.8458760971178,452.14261198690446,1677.610131061238,0,7.7469239867896373,11.735004069156661,12.8872,0.8249015949806352,1.0000000000033595,2129.7527430481423,2129.7527430481423
情景一阈值控制,21.769166519245999,80411.472421983141,104.81032671788714,9613.3307938322032,418.8471288066288,1625.7372920409259,455.58410451617368,1693.8096364573798,0,7.8293385765905699,11.85717247236594,12.8872,0.82465862097819831,1.0000000000033891,2149.3937409735536,2149.3937409735536
情景一阈值控制,21.880359995895365,80300.071705288588,104.81032671789885,9705.1177262175261,418.57966613043305,1645.618539026339,459.02559704544319,1709.9819282373394,0,7.9117132364358849,11.979222522820747,12.8872,0.82441536895021339,1.0000000000034179,2169.0075252827828,2169.0075252827828
情景一阈值控制,21.991553472544734,80188.852359154276,104.81032671791066,9796.7504573525348,418.29585849119553,1665.4889616648707,462.46708957471338,1726.127050707375,0,7.9940479206487893,12.101154142589024,12.8872,0.82417183874267863,1.0000000000034468,2188.5941402820886,2188.5941402820886
情景一阈值控制,22,80180.411270191689,104.81032671791156,9803.7048083684112,418.27365100716207,1666.9979070956028,462.72851373385936,1727.3523644949289,0,8.0003006289531715,12.110411523530766,12.8872,0.82415332822211851,1.0000000000034492,2190.0808782287882,2190.0808782287882
情景一阈值控制,22.102746949194103,80077.814088292333,104.81032671792256,9888.2292382909691,417.99637857351956,1685.347931506039,465.90858210398414,1742.2450481016085,0,8.0763425835272198,12.222967253860977,12.8872,0.82392803020197936,1.0000000000034757,2208.1536302055929,2208.1536302055929
情景一阈值控制,22.213940425843468,79966.956597895667,104.81032671793459,9979.5543196778344,417.68187309194269,1705.1948459974117,469.35007463325508,1758.3359645821454,0,8.1585971793439107,12.344661778949643,12.8872,0.82368394317488935,1.0000000000035043,2227.6860392154003,2227.6860392154003
情景一阈值控制,22.325133902492837,79856.279593637097,104.81032671794668,10070.725951750068,417.35296379092335,1725.0291274847368,472.7915671625268,1774.3998442391917,0,8.2408116623464789,12.466237640291455,12.8872,0.82343957750857255,1.0000000000035325,2247.1914114017186,2247.1914114017186
情景一阈值控制,22.436327379142206,79745.78278166872,104.81032671795889,10161.744384337195,417.01024840634267,1744.8502222505554,476.23305969179899,1790.4367310911698,0,8.3229859867574518,12.587694760446791,12.8872,0.823194933050584,1.0000000000035612,2266.6697907829689,2266.6697907829689
情景一阈值控制,22.547520855791575,79635.465868620988,104.81032671797119,10252.609866861994,416.65430159000232,1764.6575995898224,479.67455222107162,1806.4466690848355,0,8.4051201067743619,12.709033062100541,12.8872,0.82295000964887211,1.0000000000035891,2286.1212213059071,2286.1212213059071
情景一阈值控制,22.658714332440944,79525.328561601986,104.81032671798357,10343.322648341162,416.28567579850193,1784.4507509211451,483.11604475034477,1822.4297020953973,0,8.487213976569798,12.830252468062675,12.8872,0.82270480715177952,1.0000000000036176,2305.5457468457421,2305.5457468457421
情景一阈值控制,22.769907809090313,79415.370568196668,104.81032671799605,10433.882977385974,415.90490214791555,1804.2291889322239,486.55753727961849,1838.3858739266288,0,8.569267550291471,12.951352901268793,12.8872,0.82245932540804523,1.0000000000036449,2324.9434112062472,2324.9434112062472
情景一阈值控制,22.881101285739682,79305.591596466067,104.81032671800865,10524.291102202946,415.51249123553197,1823.9924467582282,489.99902980889266,1854.3152283109878,0,8.6512807820622815,13.0723342847807,12.8872,0.82221356426680525,1.0000000000036731,2344.3142581198804,2344.3142581198804
情景一阈值控制,22.992294762389051,79195.991354946513,104.81032671802134,10614.547270594483,415.10893393000129,1843.7400771917648,493.44052233816728,1870.2178089097317,0,8.7332536259803852,13.193196541786959,12.8872,0.82196752357759517,1.0000000000037006,2363.6583312478988,2363.6583312478988
情景一阈值控制,23,79188.403136098481,104.81032671802222,10620.796017818629,415.08056832425962,1845.1079144213913,493.67900321378545,1871.3187996579995,0,8.7389324998426137,13.201567369521184,12.8872,0.8219504636377597,1.0000000000037019,2364.9978028717851,2364.9978028717851
情景一阈值控制,23.10348823903842,79086.569552648871,104.81032671803416,10704.651729959553,414.69470213101465,1863.4716519233157,496.88201486744254,1886.0936593130339,0,8.8151860361192558,13.31393959560347,12.8872,0.82172120319035091,1.0000000000037272,2382.9756741804763,2382.9756741804763
情景一阈值控制,23.214681715687789,78977.325899057745,104.81032671804704,10794.604727294331,414.27024949975896,1883.1867608108987,500.32350739671818,1901.9428230400981,0,8.8970779665277551,13.434563369674024,12.8872,0.82147460295541019,1.0000000000037543,2402.2663304368161,2402.2663304368161
情景一阈值控制,23.325875192337158,78868.260104130764,104.81032671806,10884.406509192864,413.83601216124146,1902.8850111778563,503.76499992599446,1917.7653435392749,0,8.9789293712301959,13.555067787570865,12.8872,0.82122772272351463,1.0000000000037814,2421.5303434652692,2421.5303434652692
情景一阈值控制,23.437068668986523,78759.371878297738,104.81032671807306,10974.057321847715,413.39240937957908,1922.5660271376842,507.20649245527102,1933.5612641881771,0,9.0607402042264056,13.67545277299527,12.8872,0.82098056234581096,1.0000000000038081,2440.7677566434481,2440.7677566434481
情景一阈值控制,23.548262145635892,78650.660932459927,104.81032671808619,11063.557411050633,412.93984420728106,1942.229448944865,510.64798498454832,1949.3306282937958,0,9.1425104194918063,13.795718249778114,12.8872,0.82073312167385237,1.0000000000038349,2459.9786132783443,2459.9786132783443
情景一阈值控制,23.659455622285261,78542.126977989275,104.81032671809943,11152.907022193185,412.47870410952623,1961.8749323707013,514.08947751382618,1965.0734790926131,0,9.2242399709774627,13.915864141880427,12.8872,0.82048540055960029,1.0000000000038611,2479.1629566064394,2479.1629566064394
情景一阈值控制,23.77064909893463,78433.769726727653,104.81032671811276,11242.106400267423,412.00936156442998,1981.5021481031677,517.5309700431045,1980.7898597507183,0,9.3059288126101638,14.03589037339397,12.8872,0.82023739885542568,1.0000000000038878,2498.3208297938227,2498.3208297938227
情景一阈值控制,23.881842575583995,78325.588890986066,104.81032671812621,11331.155789866527,411.53217464016961,2001.1107811698971,520.97246257238328,1996.4798133639219,0,9.3875768982924779,14.155796868541804,12.8872,0.81998911641411099,1.0000000000039133,2517.4522759363053,2517.4522759363053
情景一阈值控制,23.993036052233364,78217.584183543906,104.81032671813971,11420.055435185464,411.04748754991039,2020.700530383373,524.41395510166262,2012.143382957873,0,9.4691841819028397,14.275583551678867,12.8872,0.81974055308885097,1.0000000000039395,2536.5573380595356,2536.5573380595356
情景一阈值控制,24,78210.825799773243,104.81032671814057,11425.618163006489,411.01689009827618,2021.9267837846473,524.62949269375304,2013.1235013154235,0,9.4742938141457334,14.283081695701378,12.8872,0.81972497644063025,1.0000000000039411,2537.7529940091763,2537.7529940091763
情景一阈值控制,24.104229528882733,78109.75531764816,104.81032671815332,11508.805580021623,410.55563118534923,2040.2711078074951,527.85544763094254,2027.7806114881673,0,9.5507506172955985,14.395250347292526,12.8872,0.81949170873325494,1.0000000000039653,2555.6360591191096,2555.6360591191096
情景一阈值控制,24.215423005532102,78002.102007012742,104.81032671816702,11597.406467775467,410.05692362973775,2059.8222382446738,531.2969401602229,2043.3915418404679,0,9.6322761583010905,14.514797180003166,12.8872,0.81924258320134791,1.0000000000039906,2574.6884820006908,2574.6884820006908
情景一阈值控制,24.326616482181471,77894.623965817605,104.81032671818079,11685.858341451185,409.55167065113119,2079.3536587426943,534.73843268950395,2058.9762168306147,0,9.7137607587257175,14.634223974564751,12.8872,0.81899317634757196,1.0000000000040163,2593.7146495201187,2593.7146495201187
情景一阈值控制,24.43780995883084,77787.320908708047,104.81032671819466,11774.161443657333,409.04016617665354,2098.8651181205641,538.17992521878557,2074.5346792047389,0,9.7952043723520035,14.753530655865404,12.8872,0.81874348802678842,1.0000000000040408,2612.7146044235246,2612.7146044235246
情景一阈值控制,24.549003435480209,77680.192550793989,104.8103267182086,11862.316016607472,408.52269274851193,2118.3563765126141,541.62141774806764,2090.0669716393791,0,9.8766069529386726,14.872717148927974,12.8872,0.81849351809427862,1.0000000000040659,2631.6883893874465,2631.6883893874465
情景一阈值控制,24.660196912129578,77573.238607649138,104.81032671822264,11950.322302120825,407.99952196243885,2137.8272049301672,545.06291027735017,2105.573136741591,0,9.9579684542207119,14.991783378910613,12.8872,0.81824326640574585,1.0000000000040909,2650.6360470189411,2650.6360470189411
情景一阈值控制,24.771390388778947,77466.458795310304,104.81032671823675,12038.180541622909,407.47091488926571,2157.2773848400807,548.50440280663338,2121.0532170490619,0,10.039288829909443,15.110729271107349,12.8872,0.8179927328173171,1.0000000000041152,2669.5576198556955,2669.5576198556955
情景一阈值控制,24.882583865428316,77359.852830276592,104.81032671825096,12125.890976146175,406.93712248025093,2176.7067077595284,551.94589533591704,2136.5072550302252,0,10.120568033692596,15.229554750948665,12.8872,0.81774191718554401,1.0000000000041394,2688.4531503661424,2688.4531503661424
情景一阈值控制,24.993777342077685,77253.420429508682,104.81032671826524,12213.453846330654,406.39838595682227,2196.1149748663729,555.38738786520139,2151.9352930843716,0,10.20180601923437,15.348259744002062,12.8872,0.81749081936740475,1.0000000000041638,2707.3226809495727,2707.3226809495727
情景一阈值控制,25,77247.469335594258,104.81032671826605,12218.349722695559,406.36809560255801,2197.2004827701571,555.57998217376382,2152.7979163253294,0,10.206351076056555,15.354899203145141,12.8872,0.8174767589809151,1.0000000000041649,2708.3778984990931,2708.3778984990931
情景一阈值控制,25.10497081872705,77147.16131042807,104.81032671827964,12300.869392424587,405.85493718529278,2215.5019966245604,558.82888039448608,2167.337373541759,0,10.283002740175508,15.466844175972652,12.8872,0.81723943922030584,1.0000000000041878,2726.1662539362451,2726.1662539362451
情景一阈值控制,25.216164295376419,77041.075190916323,104.81032671829409,12388.137854285082,405.30699903716157,2234.8675924239369,562.27037292377145,2182.7135386637328,0,10.364158150133379,15.585307972703729,12.8872,0.81698777660208299,1.0000000000042117,2744.9839115875043,2744.9839115875043
情景一阈值控制,25.327357772025788,76935.161789314297,104.81032671830862,12475.259471378726,404.75478573553733,2254.2115902339283,565.71186545305738,2198.0638306428295,0,10.445272202702027,15.703651060177336,12.8872,0.81673583137100347,1.0000000000042348,2763.7756960958868,2763.7756960958868
情景一阈值控制,25.438551248675157,76829.420824421439,104.81032671832321,12562.234482782234,404.19850318822819,2273.5338262705727,569.15335798234389,2213.3882916028929,0,10.526344851452253,15.821873364514854,12.8872,0.81648360338576675,1.0000000000042581,2782.5416495852369,2782.5416495852369
情景一阈值控制,25.549744725324523,76723.852015495009,104.81032671833786,12649.063127183088,403.63834930800266,2292.8341446763629,572.59485051163074,2228.6869635991848,0,10.607376049931688,15.939974811977576,12.8872,0.81623109250550685,1.0000000000042817,2801.2818141108155,2801.2818141108155
情景一阈值控制,25.660938201973892,76618.455082249333,104.81032671835266,12735.74564288016,403.07451432051766,2312.1123972124356,576.03634304091838,2243.9598886184999,0,10.688365751664868,16.057955328967296,12.8872,0.81597829858979343,1.0000000000043048,2819.9962316594183,2819.9962316594183
情景一阈值控制,25.772131678623261,76513.229744855082,104.81032671836752,12822.282267784351,402.50718106040125,2331.3684429625969,579.47783557020659,2259.2071085792713,0,10.769313910153292,16.175814842026874,12.8872,0.81572522149863358,1.0000000000043276,2838.6849441494778,2838.6849441494778
情景一阈值控制,25.88332515527263,76408.175723938504,104.8103267183825,12908.673239419222,401.93652525592285,2350.6021480487648,582.91932809949537,2274.4286653316867,0,10.850220478875503,16.293553277840818,12.8872,0.81547186109247316,1.0000000000043496,2857.3479934311822,2857.3479934311822
情景一阈值控制,25.994518631921999,76303.292740580699,104.81032671839752,12994.918794921623,401.36271580271153,2369.8133853573613,586.36082062878472,2289.6246006577976,0,10.931085411287164,16.411170563235881,12.8872,0.81521821723219834,1.0000000000043721,2875.9854212865821,2875.9854212865821
情景一阈值控制,26,76298.126871739601,104.81032671839826,12999.166579308838,401.3343507559029,2370.7598348580495,586.53047165381929,2290.3730340866437,0,10.935070632757222,16.416965463319318,12.8872,0.81520570632933409,1.0000000000043732,2876.9035057404631,2876.9035057404631
情景一阈值控制,26.105712108571367,76198.58051631687,104.8103267184126,13081.019171042324,400.7859150269291,2389.0020342762518,589.80231315807464,2304.7949562716308,0,11.011908660821119,16.528666625181625,12.8872,0.81496428977913737,1.0000000000043947,2894.5972694297052,2894.5972694297052
情景一阈值控制,26.216905585220736,76094.038773135602,104.81032671842775,13166.974604146639,400.20627893831954,2408.1679804418036,593.24380568736501,2319.9397738192979,0,11.092690180887478,16.646041390791012,12.8872,0.81471007859506228,1.0000000000044158,2913.1835795066627,2913.1835795066627
情景一阈值控制,26.328099061870105,75989.667233478074,104.81032671844294,13252.785330215067,399.62395747350581,2427.3111154957028,596.68529821665595,2335.0590948791078,0,11.173429924873682,16.763294787320977,12.8872,0.81445558354218961,1.0000000000044378,2931.7443930957638,2931.7443930957638
情景一阈值控制,26.439292538519474,75885.465620237388,104.81032671845827,13338.451584843902,399.03909472992291,2446.4313368511298,600.12679074594769,2350.1529609616755,0,11.254127846144579,16.880426742173022,12.8872,0.81420080448318277,1.00000000000446,2950.2797517076233,2950.2797517076233
情景一阈值控制,26.550486015168843,75781.43365675777,104.81032671847366,13423.973603245862,398.45182919074693,2465.5285474679404,603.56828327523988,2365.2214135100335,0,11.334783898042495,16.997437182893805,12.8872,0.81394574128115371,1.0000000000044809,2968.7896967852735,2968.7896967852735
情景一阈值控制,26.661679491818212,75677.571066833902,104.81032671848911,13509.351620250729,397.86229394115895,2484.6026556365132,607.00977580453252,2380.2644938997405,0,11.415398033887314,17.114326037175704,12.8872,0.81369039379966368,1.0000000000045017,2987.2742697042731,2987.2742697042731
情景一阈值控制,26.772872968467578,75573.877574710132,104.81032671850464,13594.585870305948,397.27061687628634,2503.6535747699149,610.45126833382585,2395.2822434389923,0,11.495970206976541,17.231093232857418,12.8872,0.81343476190272535,1.0000000000045226,3005.733511772818,3005.733511772818
情景一阈值控制,26.884066445116947,75470.352905079766,104.81032671852023,13679.676587477275,396.67692090113206,2522.681223204087,613.89276086311975,2410.2747033687319,0,11.576500370585393,17.347738697924552,12.8872,0.81317884545480412,1.0000000000045437,3024.1674642318517,3024.1674642318517
情景一阈值控制,26.995259921766316,75366.996783084367,104.81032671853589,13764.624005449376,396.08132412281543,2541.6855240057084,617.33425339241421,2425.2419148627573,0,11.656988477966854,17.464262360510187,12.8872,0.81292264432082018,1.0000000000045646,3042.5761682551715,3042.5761682551715
情景一阈值控制,27,75362.594545763306,104.81032671853657,13768.242056697896,396.05589385779876,2542.4951403432456,617.48096113392091,2425.8793931937721,0,11.660418678503135,17.469226951869025,12.8872,0.81291171636747594,1.0000000000045648,3043.3603543276931,3043.3603543276931
情景一阈值控制,27.106453398415681,75263.80893431291,104.81032671855162,13849.428357526454,395.48394003540153,2560.666404787476,620.77574592170924,2440.183919027832,0,11.737434482351762,17.580664148895487,12.8872,0.81266615836614953,1.0000000000045843,3060.9596649495411,3060.9596649495411
情景一阈值控制,27.21764687506505,75160.789084801218,104.81032671856744,13934.089876632883,394.88487769762003,2579.6237975305003,624.21723845100496,2455.1007569037947,0,11.817838336948887,17.696943991510285,12.8872,0.8124093874566255,1.0000000000046045,3079.3179953547997,3079.3179953547997
情景一阈值控制,27.328840351714419,75057.936961031126,104.81032671858333,14018.608795313812,394.28424190373875,2598.5576384135334,627.65873098030124,2469.9924694636661,0,11.898199994944992,17.813101816933649,12.8872,0.81215233145854082,1.0000000000046241,3097.6512004439674,3097.6512004439674
情景一阈值控制,27.440033828363788,74955.252289929762,104.81032671859927,14102.985345735775,393.68213334786054,2617.467867648787,631.1002235095981,2484.8590976137607,0,11.978519409504925,17.929137553894495,12.8872,0.81189499023864864,1.0000000000046438,3115.9593211233587,3115.9593211233587
情景一阈值控制,27.551227305013157,74852.734798868885,104.81032671861529,14187.219759687328,393.07864878189224,2636.354429324068,634.54171603889552,2499.7006821937916,0,12.058796533771678,18.04505113127216,12.8872,0.81163736366416461,1.0000000000046636,3134.2423982326873,3134.2423982326873
情景一阈值控制,27.662420781662526,74750.384215664075,104.81032671863137,14271.312268579652,392.47388116743059,2655.2172712510037,637.98320856819362,2514.5172639769839,0,12.139031320866479,18.160842478096999,12.8872,0.81137945160276814,1.0000000000046829,3152.5004725451777,3152.5004725451777
情景一阈值控制,27.773614258311895,74648.200268574074,104.81032671864752,14355.263103447165,391.86791982180398,2674.0563448191065,641.42470109749229,2529.3088836701777,0,12.219223723888861,18.276511523550973,12.8872,0.81112125392260404,1.0000000000047014,3170.73358476767,3170.73358476767
情景一阈值控制,27.884807734961264,74546.182686300031,104.81032671866375,14439.072494948143,391.26085055848688,2692.8716048554688,644.86619362679153,2544.0755819139399,0,12.299373695916733,18.392058196968236,12.8872,0.81086277049228372,1.0000000000047207,3188.9417755407312,3188.9417755407312
情景一阈值控制,27.996001211610633,74444.331197984793,104.81032671868002,14522.740673365332,390.65275582211098,2711.6630094898592,648.30768615609134,2558.817399282671,0,12.379481190006471,18.507482427835733,12.8872,0.81060400118088771,1.0000000000047389,3207.1250854387622,3207.1250854387622
情景一阈值控制,28,74440.671460817801,104.81032671868063,14525.746957362537,390.63086916208249,2712.3383493196761,648.43145061406995,2559.3470879944812,0,12.382361258842057,18.511631082723309,12.8872,0.81059468987884586,1.0000000000047398,3207.7785386085511,3207.7785386085511
情景一阈值控制,28.107194688259998,74342.645533212242,104.81032671869637,14606.267868606548,390.04371481827519,2730.4305200250192,651.74917868539171,2573.5343762847106,0,12.459546159192978,18.622784145793783,12.8872,0.81034494585796624,1.0000000000047573,3225.2835549701022,3225.2835549701022
情景一阈值控制,28.218388164909367,74241.125422006444,104.81032671871276,14689.654310205313,389.43380363836093,2749.1741008119579,655.19067121469277,2588.2265533624509,0,12.53956855648978,18.737963280636684,12.8872,0.81008560439354127,1.0000000000047757,3243.4172245771438,3243.4172245771438
情景一阈值控制,28.329581641558736,74139.770594831032,104.81032671872921,14772.900227321428,388.8230953795395,2767.8937191300506,658.6321637439944,2602.8939708924372,0,12.619548334889085,18.853019762313291,12.8872,0.80982597665810818,1.0000000000047933,3261.5261346364314,3261.5261346364314
情景一阈值控制,28.440775118208105,74038.580782588513,104.81032671874576,14856.005848741608,388.21166026015726,2786.5893450717595,662.07365627329659,2617.5366691854779,0,12.699485447361873,18.967953520927615,12.8872,0.80956606252263696,1.0000000000048113,3279.6103254587742,3279.6103254587742
情景一阈值控制,28.551968594857474,73937.555716619449,104.81032671876235,14938.971402880088,387.59956573068354,2805.2609514317946,665.51514880259947,2632.154688486753,0,12.779379846857971,19.082764486739411,12.8872,0.80930586185857423,1.0000000000048284,3297.6698372893525,3297.6698372893525
情景一阈值控制,28.663162071506843,73836.695128701846,104.81032671877898,15021.797117779217,386.98687658038006,2823.9085136005515,668.95664133190292,2646.7480689759195,0,12.859231486306129,19.197452590164787,12.8872,0.80904537453784431,1.0000000000048457,3315.7047103078226,3315.7047103078226
情景一阈值控制,28.774355548156212,73735.9987510504,104.81032671879566,15104.483221110071,386.37365503986842,2842.5320094616495,672.39813386120693,2661.3168507672181,0,12.939040318614103,19.312017761776779,12.8872,0.80878460043285128,1.000000000004863,3333.7149846284251,3333.7149846284251
情景一阈值控制,28.885549024805581,73635.466316315738,104.81032671881243,15187.029940173063,385.7599608797446,2861.1314192934228,675.83962639051163,2675.8610739095798,0,13.01880629666873,19.426459932305971,12.8872,0.80852353941648036,1.0000000000048797,3351.7007003000913,3351.7007003000913
情景一阈值控制,28.996742501454946,73535.097557583824,104.81032671882926,15269.437501898527,385.14585150540023,2879.7067256742071,679.28111891981689,2690.3807783867319,0,13.098529373336008,19.540779032641051,12.8872,0.80826219136209954,1.0000000000048961,3369.6618973065488,3369.6618973065488
情景一阈值控制,29,73532.159642513201,104.81032671882977,15271.849599129047,385.12785500583044,2880.2505400138725,679.38194009426729,2690.8057750523772,0,13.100864274968215,19.544126242505794,12.8872,0.80825453064058184,1.000000000004897,3370.1877151466442,3370.1877151466442
情景一阈值控制,29.107935978104315,73434.892208375109,104.8103267188462,15351.70613284735,384.53138204818947,2898.2579133912809,682.72261144912272,2704.8760041173055,0,13.178209501461183,19.654974993829462,12.8872,0.80800055614356081,1.0000000000049125,3387.5986155664282,3387.5986155664282
情景一阈值控制,29.219129454753684,73334.850002643972,104.81032671886312,15433.836059211546,383.91660545308758,2916.7849693533058,686.16410397842924,2719.3467909549395,0,13.257846633868812,19.769047747077941,12.8872,0.80773863363520237,1.0000000000049292,3405.5108949333689,3405.5108949333689
情景一阈值控制,29.330322931403053,73234.970674777898,104.81032671888011,15515.827506814869,383.30157256297389,2935.2878825061584,689.60559650773632,2733.7931786883878,0,13.337440723362858,19.882997223753158,12.8872,0.80747642371184991,1.0000000000049452,3423.398775196124,3423.398775196124
情景一阈值控制,29.441516408052422,73135.253959596812,104.81032671889714,15597.680701113411,382.68633219966938,2953.7666437519906,693.04708903704409,2748.215207041625,0,13.416991722726765,19.996823355382286,12.8872,0.80721392624881805,1.0000000000049603,3441.2622960786694,3441.2622960786694
情景一阈值控制,29.552709884701791,73035.699592352379,104.81032671891423,15679.395867196212,382.07093124185462,2972.2212458714221,696.48858156635242,2762.6129156739503,0,13.496499584723535,20.110526073653624,12.8872,0.8069511411219118,1.000000000004976,3459.1014972403027,3459.1014972403027
情景一阈值控制,29.66390336135116,72936.307308727308,104.81032671893138,15760.973229785828,381.45541469998602,2990.651683448727,699.93007409566133,2776.9863441800953,0,13.575964262095818,20.224105310417173,12.8872,0.806688068207429,1.0000000000049911,3476.9164182757568,3476.9164182757568
情景一阈值控制,29.775096838000525,72837.076844834635,104.81032671894859,15842.413013238955,380.83982578833002,3009.0579527999071,703.37156662497091,2791.3355320903265,0,13.655385707565978,20.337560997685237,12.8872,0.80642470738216088,1.0000000000050062,3494.7070987152974,3494.7070987152974
情景一阈值控制,29.886290314649894,72738.007937217029,104.81032671896585,15923.715441547023,380.22420599422122,3027.4400519035348,706.81305915428106,2805.660518870553,0,13.734763873836194,20.450893067633054,12.8872,0.80616105852339404,1.0000000000050211,3512.4735780248338,3512.4735780248338
情景一阈值控制,29.997483791299263,72639.100322846105,104.81032671898316,16004.880738336771,379.60859514465534,3045.7979803342696,710.2545516835919,2819.9613439224281,0,13.814098713588525,20.564101452599349,12.8872,0.80589712150891246,1.0000000000050357,3530.2158956060202,3530.2158956060202
情景一阈值控制,30,72636.863996404121,104.81032671898355,16006.715851294886,379.59466482767658,3046.2131241351194,710.33242957451421,2820.2846795153773,0,13.815893488212321,20.566661825234036,12.8872,0.80589114551579044,1.0000000000050364,3530.6171090898915,3530.6171090898915
情景一阈值控制,30.108677267948632,72540.353739121667,104.81032671900051,16085.909126870863,378.99303147031708,3064.1317391989305,713.6960442129033,2834.2380465834572,0,13.893390179484998,20.677186085086962,12.8872,0.8056328962169983,1.00000000000505,3547.9340907963606,3547.9340907963606
情景一阈值控制,30.219870744598001,72441.767923871113,104.81032671901792,16166.800830048465,378.37755166714396,3082.4413310750406,717.13753674221539,2848.4906661270993,0,13.972638224167689,20.790146897763446,12.8872,0.80536838252643417,1.0000000000050639,3565.6282028693149,3565.6282028693149
情景一阈值控制,30.33106422124737,72343.342615348651,104.81032671903537,16247.556070405839,377.76219095551818,3100.7267599517359,720.57902927152793,2862.7192417628735,0,14.051842800258807,20.902983823461657,12.8872,0.8051035803165042,1.0000000000050784,3583.2982710344013,3583.2982710344013
情景一阈值控制,30.442257697896739,72245.077552234638,104.81032671905288,16328.175070116951,377.1469831371798,3118.988031172958,724.02052180084127,2876.9238126364617,0,14.131003860360778,21.015696795180375,12.8872,0.80483848946699632,1.0000000000050919,3600.944334437303,3600.944334437303
情景一阈值控制,30.553451174546105,72146.972473634887,104.81032671907043,16408.658050994032,376.53196064994955,3137.2251513828351,727.46201433015506,2891.1044178298125,0,14.210121357056316,21.128285746084881,12.8872,0.80457310985820296,1.0000000000051057,3618.5664321599675,3618.5664321599675
情景一阈值控制,30.664644651195474,72049.027119079969,104.810326719088,16489.005234488202,375.91715462034301,3155.4381284731735,730.90350685946953,2905.2610963612478,0,14.289195242908528,21.240750609507582,12.8872,0.80430744137092347,1.0000000000051184,3636.1646032207173,3636.1646032207173
情景一阈值控制,30.775838127844843,71951.241228524537,104.81032671910563,16569.216841690017,375.30259491415978,3173.6269715329686,734.34499938878469,2919.3938871855617,0,14.368225470460978,21.353091318948604,12.8872,0.80404148388646512,1.000000000005131,3653.7388865743465,3653.7388865743465
情景一阈值控制,30.887031604494211,71853.614542346593,104.81032671912331,16649.293093330085,374.68831018512452,3191.7916907998674,737.78649191810052,2933.5028291941271,0,14.447211992237776,21.465307808076393,12.8872,0.80377523728664491,1.0000000000051437,3671.2893211122278,3671.2893211122278
情景一阈值控制,30.99822508114358,71756.14680134684,104.81032671914105,16729.23420977965,374.07432792165537,3209.9322976135063,741.22798444741693,2947.5879612149984,0,14.526154760743664,21.577400010728319,12.8872,0.80350870145379127,1.0000000000051565,3688.8159456624153,3688.8159456624153
情景一阈值控制,31,71754.592266094987,104.81032671914133,16730.509170247566,374.0645298662285,3210.2216704528673,741.28291905481103,2947.812601391538,0,14.527414524668425,21.579188267290469,12.8872,0.80350444454645442,1.0000000000051565,3689.0955204463489,3689.0955204463489
情景一阈值控制,31.109418557792949,71658.837746747988,104.81032671915881,16809.040411051163,373.46067449183073,3228.0488043706464,744.66947697673402,2961.6493220130146,0,14.605053728464101,21.68936786091129,12.8872,0.80324187627074584,1.0000000000051683,3706.3187989897488,3706.3187989897488
情景一阈值控制,31.220612034442318,71561.687120194052,104.81032671917662,16888.711916798889,372.84737518662541,3246.1412244820376,748.11096950605167,2975.6869502899008,0,14.683908847865347,21.801211292802336,12.8872,0.80297476162086423,1.0000000000051807,3723.7979197959526,3723.7979197959526
情景一阈值控制,31.331805511091687,71464.694663749702,104.81032671919446,16968.248946319454,372.23445426148157,3264.2095723309553,751.5524620353699,2989.7008846843742,0,14.762720071394538,21.912930240749237,12.8872,0.80270735738801879,1.0000000000051927,3741.2533467197441,3741.2533467197441
情景一阈值控制,31.442998987741053,71367.860119899502,104.81032671921238,17047.651718552464,371.62193497627931,3282.2538632333253,754.99395456468869,3003.6911637722415,0,14.841487351479786,22.024524639271117,12.8872,0.80243966345659934,1.0000000000052036,3758.6851183369299,3758.6851183369299
情景一阈值控制,31.554192464390422,71271.183231547315,104.81032671923035,17126.920452081074,371.00983963376723,3300.2741133994059,758.43544709400828,3017.6578260665087,0,14.920210640530264,22.135994423059053,12.8872,0.80217167971151482,1.0000000000052158,3776.0932731605171,3776.0932731605171
情景一阈值控制,31.665385941039791,71174.663742015531,104.81032671924829,17206.055365132554,370.39818961651451,3318.2703398969279,761.87693962332855,3031.6009100174751,0,14.998889890936271,22.247339526976674,12.8872,0.80190340603819577,1.000000000005226,3793.4778496408035,3793.4778496408035
情景一阈值控制,31.77657941768916,71078.301395044517,104.81032671926629,17285.056675578886,369.78700542243888,3336.2425606156726,765.31843215264928,3045.5204540128416,0,15.077525055069335,22.358559886060767,12.8872,0.80163484232259441,1.0000000000052376,3810.8388861654907,3810.8388861654907
情景一阈值控制,31.887772894338529,70982.095934791781,104.8103267192843,17363.924600937338,369.17630669896749,3354.1907942334165,768.75992468197057,3059.4164963778098,0,15.156116085282303,22.469655435521908,12.8872,0.801365988451188,1.000000000005248,3828.1764210597803,3828.1764210597803
情景一阈值控制,31.998966370987898,70886.047105831371,104.81032671930238,17442.659358371042,368.56611227588184,3372.1150601831805,772.20141721129278,3073.2890753751853,0,15.234662933909414,22.580626110745026,12.8872,0.80109684431097894,1.0000000000052587,3845.490492586478,3845.490492586478
情景一阈值控制,32,70885.154991954754,104.81032671930257,17443.390634565392,368.56044247172599,3372.281567669605,772.23340853515845,3073.4179217335882,0,15.235392879958384,22.581657082647268,12.8872,0.80109434104685673,1.0000000000052582,3845.6513302687467,3845.6513302687467
情景一阈值控制,32.110159847637263,70790.154653153251,104.81032671932051,17521.261164689553,367.95644019689809,3390.0153786217597,775.64290974061521,3087.1382292054759,0,15.313165553266385,22.69147184729005,12.8872,0.8008274097894974,1.0000000000052685,3862.7811389460912,3862.7811389460912
情景一阈值控制,32.221353324286632,70694.418322162499,104.81032671933868,17599.730236349464,367.34730775003106,3407.8917703994539,779.08440226993866,3100.9639960069985,0,15.391623895650518,22.802192580892505,12.8872,0.80055768477480216,1.0000000000052782,3880.0483982769374,3880.0483982769374
情景一阈值控制,32.332546800936001,70598.837858678729,104.81032671935688,17678.066789454937,366.73873149678985,3425.7442570309781,782.52589479926269,3114.7664138559758,0,15.470037913340763,22.91278824746411,12.8872,0.80028766915548277,1.000000000005288,3897.2923086552382,3897.2923086552382
情景一阈值控制,32.44374027758537,70503.413008935371,104.81032671937507,17756.271039758311,366.13072730024805,3443.5728606674888,785.96738732858728,3128.5455207666382,0,15.548407558597816,23.023258783093397,12.8872,0.80001736282066105,1.0000000000052973,3914.5129080952256,3914.5129080952256
情景一阈值控制,32.554933754234739,70408.143519579011,104.81032671939332,17834.343202660646,365.52331035203412,3461.377604069698,789.40887985791244,3142.3013546913271,0,15.626732783664208,23.133604124046311,12.8872,0.79974676565999248,1.0000000000053066,3931.7102345492394,3931.7102345492394
情景一阈值控制,32.666127230884108,70313.029137668738,104.81032671941156,17912.283493212326,364.91649519828132,3479.1585105820241,792.85037238723828,3156.0339535205921,0,15.705013540764389,23.243824206766835,12.8872,0.79947587756366811,1.0000000000053153,3948.8843259078303,3948.8843259078303
情景一阈值控制,32.777320707533477,70218.069610675448,104.81032671942985,17990.092126113599,364.31029576457968,3496.9156041077376,796.29186491656458,3169.7433550832957,0,15.78324978210482,23.353918967877586,12.8872,0.7992046984224157,1.0000000000053242,3966.0352199998601,3966.0352199998601
情景一阈值控制,32.888514184182846,70123.264686481125,104.8103267194482,18067.769315715166,363.70472537996591,3514.6489090850741,799.73335744589178,3183.4295971467104,0,15.861441459874053,23.463888344180429,12.8872,0.79893322812750189,1.0000000000053326,3983.1629545926021,3983.1629545926021
情景一阈值控制,32.999707660832215,70028.614113378309,104.81032671946657,18145.315276018748,363.09979679999032,3532.3584504642681,803.17484997521933,3197.0927174166195,0,15.939588526242831,23.573732272657093,12.8872,0.79866146657073345,1.0000000000053413,4000.2675673918388,4000.2675673918388
情景一阈值控制,33,70028.365470432269,104.81032671946662,18145.518979607579,363.09820723685294,3532.4049793846179,803.18389801555668,3197.1286087334943,0,15.939793924134696,23.574020898326392,12.8872,0.79866075169747086,1.0000000000053411,4000.312506749051,4000.312506749051
情景一阈值控制,33.110901137481576,69934.117640069293,104.81032671948495,18222.730220677648,362.49552222889474,3550.0442536854725,806.61634250454756,3210.7327535374184,0,16.017690933364168,23.683450690469765,12.8872,0.79838941364445926,1.0000000000053491,4017.3490960419658,4017.3490960419658
情景一阈值控制,33.222094614130953,69839.77501566548,104.81032671950337,18300.014362997332,361.89191334093726,3567.7063446575385,810.05783503387681,3224.3497430922162,0,16.095748633373454,23.793043534961743,12.8872,0.79811706924157111,1.0000000000053568,4034.4075781260931,4034.4075781260931
情景一阈值控制,33.333288090780314,69745.585989686806,104.81032671952183,18377.167915935966,361.28898130089544,3585.3447497376028,813.49932756320607,3237.9437236029271,0,16.173761578388504,23.902510743657967,12.8872,0.79784443325550636,1.0000000000053644,4051.443051166133,4051.443051166133
情景一阈值控制,33.44448156742969,69651.55031206095,104.8103267195403,18454.191092105022,360.68673678377894,3602.9594957114896,816.94082009253657,3251.5147325303856,0,16.251729720509712,24.011852254265744,12.8872,0.7975715055802487,1.0000000000053719,4068.4555526229224,4068.4555526229224
情景一阈值控制,33.555675044079052,69557.667733122813,104.81032671955883,18531.084103769801,360.08518999378492,3620.5506097748366,820.38231262186741,3265.0628072744266,0,16.32965301182006,24.12106800467523,12.8872,0.7972982861103306,1.0000000000053786,4085.4451198962943,4085.4451198962943
情景一阈值控制,33.666868520728428,69463.938003613672,104.81032671957735,18607.847162850037,359.48435068252212,3638.1181195149884,823.82380515119905,3278.5879851740024,0,16.407531404385306,24.230157932960182,12.8872,0.79702477474083366,1.0000000000053855,4102.4117903252018,4102.4117903252018
情景一阈值控制,33.77806199737779,69370.360874680686,104.81032671959589,18684.480480920414,358.88422816653309,3655.6620528935559,827.26529768053103,3292.0903035072679,0,16.485364850253969,24.339121977378429,12.8872,0.7967509713673917,1.0000000000053924,4119.355601187799,4119.355601187799
情景一阈值控制,33.889255474027159,69276.936097876169,104.81032671961444,18760.984269211182,358.2848313441425,3673.1824382296841,830.70679020986381,3305.5697994916914,0,16.563153301457511,24.44796007637261,12.8872,0.79647687588619154,1.0000000000053983,4136.2765897015552,4136.2765897015552
情景一阈值控制,34,69184.039713963313,104.81032671963294,18837.050631601207,357.68858436264077,3690.6087067339904,834.13438749600618,3318.9722237283722,0,16.64058290672229,24.556233490075467,12.8872,0.79620359663925722,1.0000000000054046,4153.1066112243789,4153.1066112243789
情景一阈值控制,34.000448950676528,69183.663425156905,104.81032671963303,18837.358738608666,357.68616871165597,3690.6793041839387,834.14828273919716,3319.026510284144,0,16.640896710010367,24.556672168570707,12.8872,0.79620248819397432,1.0000000000054048,4153.1747930233414,4153.1747930233414
情景一阈值控制,34.111642427325897,69090.542608883508,104.81032671965164,18913.604099655859,357.08824837893519,3708.1526797428337,837.5897752685313,3332.460472981003,0,16.718595027910066,24.665258192786688,12.8872,0.7959278081880381,1.0000000000054106,4170.050248249534,4170.050248249534
情景一阈值控制,34.222835903975266,68997.573401819813,104.81032671967026,18989.720562552971,356.49107808437304,3725.6025942039591,841.03126779786589,3345.8717246182496,0,16.79624820713731,24.773718088021113,12.8872,0.79565283576623869,1.0000000000054157,4186.902992416115,4186.902992416115
情景一阈值控制,34.334029380624635,68904.755557132157,104.81032671968889,19065.708337157983,355.89466520929233,3743.0290771616746,844.4727603272014,3359.2603021715677,0,16.873856199656078,24.882051793461766,12.8872,0.79537757082699123,1.0000000000054214,4203.733062498769,4203.733062498769
情景一阈值控制,34.445222857274004,68812.088828388718,104.81032671970758,19141.567632987211,355.29901679179028,3760.4321584933659,847.91425285653725,3372.6262425564405,0,16.951418957413704,24.990259248484239,12.8872,0.79510201326927255,1.0000000000054268,4220.5404954129781,4220.5404954129781
情景一阈值控制,34.556416333923373,68719.572969558925,104.81032671972626,19217.29865921586,354.70413954004846,3777.811868346234,851.35574538587377,3385.9695826282486,0,17.028936432340974,25.098340392652577,12.8872,0.7948261629926221,1.0000000000054314,4237.3253280141225,4237.3253280141225
情景一阈值控制,34.667609810572742,68627.207735012751,104.81032671974498,19292.901624678572,354.11003984513167,3795.1682371245911,854.7972379152111,3399.2903591823701,0,17.10640857635223,25.206295165719872,12.8872,0.79455001989714358,1.0000000000054363,4254.0875970975812,4254.0875970975812
情景一阈值控制,34.778803287222104,68534.992879520083,104.81032671976368,19368.376737869989,353.51672379329318,3812.5012954776544,858.23873044454865,3412.5886089542764,0,17.183835341345436,25.314123507628885,12.8872,0.79427358388350722,1.0000000000054403,4270.8273393988247,4270.8273393988247
情景一阈值控制,34.88999676387148,68442.928158250055,104.81032671978241,19443.724206945324,352.92419717780604,3829.8110742878171,861.68022297388734,3425.8643686196319,0,17.261216679202313,25.421825358512688,12.8872,0.79399685485295035,1.0000000000054443,4287.5445915935197,4287.5445915935197
情景一阈值控制,35,68351.996411461092,104.81032671980095,19518.139741232269,352.33879531431228,3846.9126886533054,865.08487697650662,3438.9759271190255,0,17.337724961899905,25.528249818239331,12.8872,0.79372279956830982,1.0000000000054476,4304.0608040955321,4304.0608040955321
情景一阈值控制,35.001190240520842,68351.013326770422,104.81032671980115,19518.944239720855,352.33246551033886,3847.0976046593573,865.12171550322614,3439.1176747943841,0,17.338552541788378,25.529400658695206,12.8872,0.79371983270728008,1.0000000000054481,4304.23939029761,4304.23939029761
情景一阈值控制,35.112383717170218,68259.24814104689,104.81032671981991,19594.037043674562,351.74153403189291,3864.3609179076147,868.56320803256619,3452.3485640348749,0,17.415842880953097,25.636849348691939,12.8872,0.79344251734887417,1.0000000000054521,4320.9117720674412,4320.9117720674412
情景一阈值控制,35.22357719381958,68167.63235744249,104.81032671983867,19669.002825946587,351.15140772331955,3881.6010455485552,872.00470056190625,3465.5570728379207,0,17.493087648529922,25.744171369210466,12.8872,0.79316490868068312,1.0000000000054556,4337.561773399827,4337.561773399827
情景一阈值控制,35.334770670468956,68076.165732716865,104.81032671985746,19743.84179333987,350.56209131543005,3898.8180192887708,875.44619309124744,3478.7432376409242,0,17.57028679633644,25.851366661151175,12.8872,0.79288700660623146,1.0000000000054585,4354.1894307321718,4354.1894307321718
情景一阈值控制,35.445964147118318,67984.848024025734,104.81032671987624,19818.554152320619,349.97358929871848,3916.0118710158399,878.88768562058897,3491.9070948219601,0,17.647440276174404,25.95843516560776,12.8872,0.79260881102961944,1.0000000000054619,4370.7947804425494,4370.7947804425494
情景一阈值控制,35.557157623767687,67893.678988920161,104.81032671989506,19893.140109018928,349.38590593270828,3933.1826327890931,882.32917814993118,3505.0486806998788,0,17.724548039829902,26.065376823867954,12.8872,0.79233032185552488,1.0000000000054645,4387.3778588498099,4387.3778588498099
情景一阈值控制,35.668351100417055,67802.658385345945,104.81032671991386,19967.599869229274,348.79904525494067,3950.3303368307061,885.77067067927396,3518.1680315344001,0,17.801610039073388,26.172191577414068,12.8872,0.79205153898920455,1.000000000005467,4403.9387022136743,4403.9387022136743
情景一阈值控制,35.779544577066424,67711.785971642981,104.81032671993268,20041.933638411087,348.21301108961393,3967.455015517166,889.21216320861743,3531.2651835262081,0,17.878626225659811,26.278879367923633,12.8872,0.79177246233649579,1.000000000005469,4420.4773467348259,4420.4773467348259
情景一阈值控制,35.890738053715793,67621.061506544589,104.81032671995155,20116.14162168929,347.62780705589353,3984.5567013710547,892.65365573796157,3544.3401728170516,0,17.955596551328703,26.385440137270024,12.8872,0.79149309180381822,1.000000000005471,4436.9938285550134,4436.9938285550134
情景一阈值控制,36,67532.056889381332,104.81032671997005,20188.93821674812,347.05358048245154,4001.3389500489111,896.03536645705799,3557.1664842023883,0,18.031185113821476,26.49002606380623,12.8872,0.79121828783079073,1.0000000000054727,4453.2018506594468,4453.2018506594468
情景一阈值控制,36.001931530365162,67530.484749176918,104.81032671997039,20190.224023854844,347.04343657589925,4001.6354270531579,896.09514826730629,3557.3930354898353,0,18.03252096780427,26.491873827523069,12.8872,0.79121342729817545,1.0000000000054727,4453.4881837571411,4453.4881837571411
情景一阈值控制,36.113125007014531,67440.055459058232,104.81032671998922,20264.181049365296,346.45990288238625,4018.6912253548794,899.53664079665168,3570.4238075687167,0,18.109399426795491,26.598180380949668,12.8872,0.79093346872715653,1.0000000000054741,4469.9604483653684,4469.9604483653684
情景一阈值控制,36.2243184836639,67349.77339609839,104.81032672000805,20338.012902345305,345.87720902612904,4035.7241291909518,902.97813332599765,3583.4325250192051,0,18.186231879996225,26.704359740014421,12.8872,0.79065321599893756,1.000000000005475,4486.410658345203,4486.410658345203
情景一阈值控制,36.335511960313269,67259.638320598082,104.81032672002691,20411.719786587204,345.29535788302235,4052.7341715924349,906.41962585534441,3596.4192237482534,0,18.263018279085287,26.810411847380237,12.8872,0.79037266902228343,1.0000000000054758,4502.8388496035977,4502.8388496035977
情景一阈值控制,36.446705436962631,67169.649993248313,104.81032672004577,20485.301905551536,344.71435216090777,4069.7213856999783,909.86111838469128,3609.3839396043541,0,18.339758575726556,26.916336645908945,12.8872,0.7900918277065494,1.000000000005477,4519.2450579890456,4519.2450579890456
情景一阈值控制,36.557898913612007,67079.808175129627,104.81032672006461,20558.759462367601,344.13419440613654,4086.6858047573633,913.30261091403941,3622.3267083776386,0,18.416452721569087,27.022134078661956,12.8872,0.78981069196168285,1.0000000000054774,4535.6293192916783,4535.6293192916783
情景一阈值控制,36.669092390261369,66990.112627711598,104.81032672008345,20632.09265983395,343.55488700988161,4103.6274621052708,916.74410344338753,3635.2475657999621,0,18.493100668247163,27.127804088900795,12.8872,0.78952926169822457,1.0000000000054778,4551.9916692433499,4551.9916692433499
情景一阈值控制,36.780285866910745,66900.563112852135,104.81032672010231,20705.301700419011,342.97643221420412,4120.5463911753286,920.18559597273691,3648.1465475450123,0,18.569702367380462,27.23334662008784,12.8872,0.78924753682731064,1.0000000000054778,4568.3321435177495,4568.3321435177495
情景一阈值控制,36.891479343560107,66811.159392796908,104.81032672012115,20778.386786261523,342.3988321178885,4137.4426254843529,923.62708850208639,3661.0236892283901,0,18.646257770574074,27.33876161588681,12.8872,0.7889655172606741,1.0000000000054778,4584.6507777304769,4584.6507777304769
情景一阈值控制,37,66724.045073353758,104.81032672013956,20849.59575657835,341.83594212586354,4153.9108646026662,926.98585593765972,3673.5702709191232,0,18.720928282077924,27.441519664606957,12.8872,0.78868999251809213,1.0000000000054772,4600.5561268567826,4600.5561268567826
情景一阈值控制,37.002672820209483,66721.90123017857,104.81032672014003,20851.348119171162,341.82208868205026,4154.3161986288515,927.06858103143702,3673.8790264077184,0,18.722766829418681,27.444049020163519,12.8872,0.78868320291064631,1.0000000000054774,4600.947607439155,4600.947607439155
情景一阈值控制,37.113866296858845,66632.788388016372,104.81032672015887,20924.185900629021,341.24620373553029,4171.1671442797051,930.51007356078753,3686.7125945827211,0,18.799229495490579,27.549208776986365,12.8872,0.78840059369015902,1.0000000000054763,4617.2226681435086,4617.2226681435086
情景一阈值控制,37.225059773508214,66543.820629715265,104.81032672017771,20996.900331788176,340.67117898007916,4187.9954961770991,933.95156609013918,3699.5244291953309,0,18.875645720351837,27.654240830627064,12.8872,0.78811768951274519,1.0000000000054758,4633.4759952854702,4633.4759952854702
情景一阈值控制,37.336253250157583,66454.997719065446,104.81032672019656,21069.491613474194,340.09701599534316,4204.8012881256145,937.3930586194914,3712.3145656297766,0,18.952015455550367,27.759145125561197,12.8872,0.7878344902925416,1.0000000000054745,4649.7076242492676,4649.7076242492676
情景一阈值控制,37.447446726806952,66366.319420241693,104.81032672021541,21141.959946185685,339.52371624365747,4221.5845539895345,940.83455114884418,3725.0830392126768,0,19.028338652620018,27.86392160646885,12.8872,0.78755099594428979,1.0000000000054734,4665.9175903615214,4665.9175903615214
情景一阈值控制,37.558640203456321,66277.785497802732,104.81032672023426,21214.305530094836,338.95128107465433,4238.3453276883311,944.27604367819754,3737.8298852131365,0,19.104615263080699,27.96857021823525,12.8872,0.78726720638333791,1.0000000000054721,4682.1059288913339,4682.1059288913339
情景一阈值控制,37.66983368010569,66189.395716690589,104.81032672025306,21286.528565047924,338.37971172969526,4255.0836431923281,947.71753620755169,3750.555138842838,0,19.180845238438454,28.073090905951364,12.8872,0.78698312152564254,1.0000000000054696,4698.2726750503898,4698.2726750503898
情景一阈值控制,37.781027156755059,66101.149842229992,104.81032672027189,21358.629250565864,337.80900934613004,4271.7995345185282,951.15902873690607,3763.2588352561374,0,19.257028530185586,28.177483614914536,12.8872,0.78669874128776962,1.0000000000054674,4714.4178639930433,4714.4178639930433
情景一阈值控制,37.89222063340442,66013.047640127756,104.81032672029072,21430.607785844724,337.23917496139353,4288.4930357266185,954.60052126626113,3775.9410095501548,0,19.333165089800726,28.281748290629093,12.8872,0.78641406558689697,1.0000000000054654,4730.5415308164156,4730.5415308164156
情景一阈值控制,38,65927.787450371878,104.81032672030894,21500.25988148111,336.68766622367355,4304.6526385838251,957.93634541831125,3788.2132795176099,0,19.406919287299626,28.38268935164427,12.8872,0.78613784856215729,1.0000000000054625,4746.1496249359207,4746.1496249359207
情景一阈值控制,38.003414110053797,65925.088876472131,104.8103267203095,21502.464369756293,336.67020951694394,4305.1641809151224,958.04201379561721,3788.6016967648725,0,19.409254868748977,28.385884878806994,12.8872,0.78612909434081524,1.000000000005463,4746.64371056049,4746.64371056049
情景一阈值控制,38.114607586703158,65837.273317732179,104.81032672032832,21574.199200848529,336.10211386204941,4321.813004217699,961.4835063249734,3801.2409318832174,0,19.485297818481964,28.489893325368399,12.8872,0.78584382746793002,1.0000000000054601,4762.7244382081908,4762.7244382081908
情景一阈值控制,38.225801063352534,65749.600730757229,104.81032672034709,21645.812477346182,335.53488875742784,4338.4395397996113,964.92499885433074,3813.8587498311695,0,19.561293890437987,28.593773576442363,12.8872,0.78555826488726299,1.0000000000054574,4778.7837486855005,4778.7837486855005
情景一阈值控制,38.336994540001896,65662.070882776141,104.81032672036579,21717.304397151242,334.96853487874807,4355.0438218542986,968.36649138368807,3826.4551854778374,0,19.637243036042069,28.697525578367376,12.8872,0.78527240651845409,1.0000000000054534,4794.8216768615257,4794.8216768615257
情景一阈值控制,38.448188016651272,65574.683541396778,104.81032672038458,21788.675157843518,334.40305281999497,4371.6258846001228,971.80798391304654,3839.0302736355688,0,19.713145206706113,28.801149277692073,12.8872,0.78498625228176233,1.0000000000054501,4810.8382575486157,4810.8382575486157
情景一阈值控制,38.559381493300634,65487.438474605355,104.81032672040332,21859.924956681123,333.83844309670434,4388.1857622772095,975.24947644240513,3851.5840490600258,0,19.789000353828946,28.904644621175752,12.8872,0.78469980209806833,1.0000000000054463,4826.8335255024313,4826.8335255024313
情景一阈值控制,38.67057496995001,65400.335450765815,104.8103267204221,21931.053990601034,333.27470614907475,4404.723489144445,978.69096897176485,3864.116546450291,0,19.86480842879649,29.008011555789111,12.8872,0.78441305588887544,1.0000000000054421,4842.807515422056,4842.807515422056
情景一阈值控制,38.781768446599372,65313.374238619253,104.81032672044084,22002.062456219581,332.7118423449578,4421.2390994765592,982.13246150112468,3876.6278004489473,0,19.940569382981778,29.11125002871476,12.8872,0.78412601357631129,1.0000000000054383,4858.7602619500722,4858.7602619500722
情景一阈值控制,38.892961923248741,65226.554607283251,104.81032672045953,22072.950549832993,332.14985198273433,4437.7326275613614,985.57395403048542,3889.1178456421831,0,20.016283167745147,29.214359987347937,12.8872,0.78383867508312988,1.0000000000054337,4874.6917996726688,4874.6917996726688
情景一阈值控制,39,65143.113031532514,104.81032672047752,22141.075966221848,331.60968901066207,4453.5889498952974,988.886834899012,3901.1211241355386,0,20.089122856899802,29.313495185529337,12.8872,0.78356179483089761,1.000000000005429,4890.0079590345504,4890.0079590345504
情景一阈值控制,39.00415539989811,65139.87632625128,104.81032672047822,22143.718467417904,331.58873529407873,4454.204107697049,989.01544655984674,3901.5867165598729,0,20.091949734434273,29.317341379297062,12.8872,0.7835510403327125,1.0000000000054288,4890.60216311972,4890.60216311972
情景一阈值控制,39.115348876547479,65053.339165392128,104.8103267204969,22214.366404631895,331.02849244661752,4470.6535741896569,992.4569390892085,3914.0344476756759,0,20.167569034384311,29.420194152384386,12.8872,0.78326310924907006,1.0000000000054237,4906.4913867648847,4906.4913867648847
情景一阈值控制,39.226542353196848,64966.942894949229,104.81032672051556,22284.894556813982,330.46912354648481,4487.081061350581,995.89843161857095,3926.4610734071239,0,20.243141018917981,29.522918254646626,12.8872,0.78297488175684404,1.0000000000054188,4922.3595050256945,4922.3595050256945
情景一阈值控制,39.337735829846217,64880.687285540102,104.81032672053421,22355.303118985157,329.91062864077963,4503.4866034942188,999.33992414793397,3938.8666281157125,0,20.318665639345681,29.625513634335551,12.8872,0.78268635778130902,1.0000000000054128,4938.2065522636467,4938.2065522636467
情景一阈值控制,39.448929306495586,64794.572108155713,104.81032672055281,22425.592285848903,329.3530077199282,4519.870234935699,1002.7814166772978,3951.2511461069953,0,20.394142846965586,29.727980239918647,12.8872,0.78239753724837313,1.0000000000054072,4954.0325627842931,4954.0325627842931
情景一阈值控制,39.560122783144948,64708.597134159871,104.8103267205714,22495.762251791697,328.79626071995523,4536.2319899886952,1006.2229092066618,3963.6146616306733,0,20.469572593063752,29.830318020079698,12.8872,0.78210842008458059,1.0000000000054015,4969.8375708373351,4969.8375708373351
情景一阈值控制,39.671316259794324,64622.76213528862,104.81032672058998,22565.813210883563,328.24038752466788,4552.5719029633419,1009.6644017360268,3975.9572088806867,0,20.544954828914236,29.932526923719458,12.8872,0.78181900621711309,1.0000000000053952,4985.621610616714,4985.621610616714
情景一阈值控制,39.782509736443686,64537.066883649677,104.81032672060856,22635.745356878524,327.68538796775499,4568.8900081642159,1013.105894265392,3988.2788219953013,0,20.620289505779159,30.034606899956202,12.8872,0.78152929557379114,1.0000000000053892,5001.3847162606935,5001.3847162606935
情景一阈值控制,39.893703213093062,64451.511151721737,104.81032672062713,22705.558883215192,327.13126183480557,4585.1863398884198,1016.5473867947582,4000.5795350572084,0,20.695576574908877,30.136557898126433,12.8872,0.78123928808307619,1.0000000000053821,5017.1269218519665,5017.1269218519665
情景一阈值控制,40,64369.853315317669,104.81032672064484,22772.187270791164,326.60235440249869,4600.7446961488076,1019.8373243797611,4012.3190463003043,0,20.767503630958821,30.233898593001001,12.8872,0.780961774223634,1.0000000000053759,5032.1563706800653,5032.1563706800653
情景一阈值控制,40.004896689742424,64366.094712353966,104.81032672064565,22775.25398301721,326.57800886524973,4601.4609324237172,1019.9888793241246,4012.8593820936017,0,20.770815987542012,30.238379867785426,12.8872,0.78094898367407151,1.0000000000053755,5032.8482614177265,5032.8482614177265
情景一阈值控制,40.1160901663918,64280.817338765293,104.81032672066412,22844.830849093825,326.02562875422433,4617.7138200467743,1023.430371853492,4025.1183970762841,0,20.84600769490563,30.340072758707922,12.8872,0.78065838227652462,1.0000000000053682,5048.5487689297761,5048.5487689297761
情景一阈值控制,40.227283643041162,64195.678804543953,104.81032672068257,22914.289673940344,325.47412115436674,4633.945037021439,1026.8718643828595,4037.3566139217423,0,20.921151648215272,30.441636520888672,12.8872,0.78036748382082843,1.0000000000053608,5064.2284783046016,5064.2284783046016
情景一阈值控制,40.338477119690531,64110.678883646709,104.810326720701,22983.630649738705,324.92348567753919,4650.1546175971225,1030.3133569122278,4049.5740664912491,0,20.996247798675135,30.543071104543142,12.8872,0.78007628823802277,1.0000000000053537,5079.8874234034774,5079.8874234034774
情景一阈值控制,40.449670596339899,64025.817350398414,104.81032672071943,23052.853968357933,324.37372189648755,4666.3425960072209,1033.7548494415969,4061.7707885909449,0,21.071296097478125,30.644376460108074,12.8872,0.77978479545979662,1.0000000000053459,5095.5256380325418,5095.5256380325418
情景一阈值控制,40.560864072989268,63941.093979491299,104.81032672073779,23121.959821354696,323.82482934643468,4682.5090064676106,1037.1963419709662,4073.9468139719306,0,21.146296495805984,30.745552538242137,12.8872,0.77949300541848898,1.0000000000053377,5111.1431559428966,5111.1431559428966
情景一阈值控制,40.672057549638637,63856.508545984441,104.81032672075614,23190.948399973757,323.27680752661331,4698.6538831752114,1040.6378345003361,4086.1021763303588,0,21.221248944829398,30.846599289826536,12.8872,0.77920091804709091,1.0000000000053295,5126.7400108306947,5126.7400108306947
情景一阈值控制,40.783251026288006,63772.060825303124,104.81032672077447,23259.819895148546,322.72965590173953,4714.7772603066005,1044.0793270297067,4098.2369093075213,0,21.2961533957081,30.947516665965651,12.8872,0.77890853327924692,1.0000000000053215,5142.3162363372285,5142.3162363372285
情景一阈值控制,40.894444502937375,63687.750593238263,104.81032672079277,23328.57449750162,322.18337390342936,4730.8791720166801,1047.5208195590781,4110.3510464899373,0,21.371009799590968,31.048304617987643,12.8872,0.77861585104925723,1.0000000000053122,5157.8718660490158,5157.8718660490158
情景一阈值控制,41,63607.84225141038,104.81032672081012,23393.734971168567,321.66559477137292,4746.1448193096539,1050.7878138605572,4121.8319203493929,0,21.44202616824948,31.143862403502983,12.8872,0.77833773376649207,1.0000000000053042,5172.6197342099504,5172.6197342099504
情景一阈值控制,41.005637979586744,63603.577625945814,104.81032672081105,23397.212397345193,321.63796093155992,4746.9596524374119,1050.9623120884498,4122.444621409446,0,21.445818107616166,31.14896309744508,12.8872,0.778322871292078,1.000000000005304,5173.4069334978958,5173.4069334978958
情景一阈值控制,41.116831456236113,63519.541699946174,104.81032672082929,23465.733784681615,321.09341635557962,4763.0187356765928,1054.4038046178223,4134.517667543294,0,21.520578270911201,31.249492056115574,12.8872,0.77802959394332483,1.0000000000052944,5188.9214721611161,5188.9214721611161
情景一阈值控制,41.228024932885475,63435.642592123564,104.8103267208475,23534.138849203919,320.5497395157667,4779.0564558166861,1057.845297147195,4146.5702183142193,0,21.59529024059308,31.349891446002374,12.8872,0.77773601893927236,1.0000000000052858,5204.4155154614145,5204.4155154614145
情景一阈值控制,41.339218409534851,63351.880079725481,104.81032672086567,23602.427780296301,320.00692972443881,4795.072846913703,1061.2867896765688,4158.602307090553,0,21.669953967768397,31.45016121933504,12.8872,0.77744214621685781,1.0000000000052758,5219.8890967671214,5219.8890967671214
情景一阈值控制,41.450411886184213,63268.253940362083,104.81032672088382,23670.600767034586,319.46498626711696,4811.0679429961174,1064.7282822059426,4170.6139671862893,0,21.744569403533422,31.550301328569983,12.8872,0.77714797571368111,1.000000000005266,5235.3422493922317,5235.3422493922317
情景一阈值控制,41.561605362833589,63184.763952005575,104.81032672090193,23738.657998186824,318.92390840364345,4827.0417780638527,1068.1697747353173,4182.6052318611946,0,21.819136498974267,31.65031172639118,12.8872,0.77685350736800718,1.0000000000052556,5250.775006596512,5250.775006596512
情景一阈值控制,41.672798839482951,63101.409892989672,104.81032672091999,23806.599662213663,318.38369536925813,4842.9943860872772,1071.6112672646921,4194.576134320876,0,21.893655205166912,31.750192365710713,12.8872,0.77655874111876733,1.000000000005246,5266.1874015855683,5266.1874015855683
情景一阈值控制,41.783992316132327,63018.191542008957,104.81032672093802,23874.425947268992,317.84434637563072,4858.9258010062722,1075.0527597940682,4206.5267077168874,0,21.968125473177412,31.849943199669475,12.8872,0.77626367690556153,1.0000000000052349,5281.5794675109555,5281.5794675109555
情景一阈值控制,41.895185792781689,62935.108678118348,104.81032672095601,23942.137041200313,317.30586061185568,4874.8360567293184,1078.4942523234442,4218.4569851467995,0,22.042547254061908,31.949564181637694,12.8872,0.77596831466865868,1.0000000000052245,5296.9512374702435,5296.9512374702435
情景一阈值控制,42,62856.916205036883,104.81032672097294,24005.858189638708,316.79905787572295,4889.8141841085026,1081.7383033413994,4229.6842587719129,0,22.112654952403123,32.043350885793274,12.8872,0.77568962470767844,1.0000000000052141,5311.4225621133119,5311.4225621133119
情景一阈值控制,42.006379269431058,62852.161080732454,104.81032672097398,24009.733131549321,316.76823724540714,4890.7251871326316,1081.935744852821,4230.3669996543058,0,22.116920498866829,32.049055265215657,12.8872,0.77567265434899968,1.0000000000052132,5312.3027445071266,5312.3027445071266
情景一阈值控制,42.117572746080427,62769.348529625029,104.81032672099191,24077.214405552379,316.23147542305759,4906.5932260593327,1085.3772373821985,4242.2567842292974,0,22.191245158628934,32.148416404234254,12.8872,0.7753766958881978,1.0000000000052025,5327.6340216114959,5327.6340216114959
情景一阈值控制,42.228766222729796,62686.670804928377,104.81032672100977,24144.581050140994,315.69557427176022,4922.4402073186475,1088.8187299115764,4254.1263718079554,0,22.265521184375451,32.247647552755637,12.8872,0.77508043922854142,1.000000000005191,5342.9451017195315,5342.9451017195315
情景一阈值控制,42.339959699379165,62604.127687132757,104.81032672102762,24211.833251942346,315.16053289949838,4938.266164685152,1092.2602224409547,4265.9757952728378,0,22.33974852712419,32.346748665073839,12.8872,0.77478388431299472,1.0000000000051792,5358.2360177137925,5358.2360177137925
情景一阈值控制,42.451153176028534,62521.718957085832,104.81032672104543,24278.971197279767,314.62635039610137,4954.0711318980393,1095.7017149703338,4277.8050874529663,0,22.41392713788364,32.445719695715376,12.8872,0.77448703108519967,1.0000000000051679,5373.5068024233005,5373.5068024233005
情景一阈值控制,42.562346652677903,62439.444395992039,104.81032672106321,24345.995072173235,314.09302583402882,4969.8551426604226,1099.1432074997133,4289.6142811239151,0,22.488056967653101,32.54456059943989,12.8872,0.77418987948947793,1.0000000000051554,5388.7574886236289,5388.7574886236289
情景一阈值控制,42.673540129327272,62357.303785412056,104.81032672108091,24412.905062339862,313.56055826912484,4985.6182306386709,1102.5847000290935,4301.4034090078967,0,22.562137967422775,32.643271331240769,12.8872,0.77389242947083159,1.0000000000051437,5403.98810903699,5403.98810903699
情景一阈值控制,42.784733605976641,62275.296907262164,104.8103267210986,24479.70135319441,313.02894674134274,5001.3604294617671,1106.0261925584741,4313.1725037738479,0,22.636170088173891,32.741851846345746,12.8872,0.77359468097494588,1.0000000000051308,5419.1986963323216,5419.1986963323216
情景一阈值控制,42.895927082626002,62193.423543813762,104.81032672111623,24546.384129849761,312.49819027544231,5017.0817727206995,1109.467685087855,4324.9215980375166,0,22.71015328087881,32.840302100217549,12.8872,0.77329663394818993,1.0000000000051179,5434.3892831253715,5434.3892831253715
情景一阈值控制,43,62116.913921827632,104.8103267211327,24608.694024666565,312.00219596381419,5031.7774942016486,1112.6887928222864,4335.9002174724219,0,22.779354398216341,32.932329784559336,12.8872,0.77301740261256258,1.0000000000051059,5448.5890102947087,5448.5890102947087
情景一阈值控制,43.007120559275378,62111.683477692692,104.81032672113383,24612.953577117427,311.96828788165925,5032.7822939678845,1112.909177617237,4336.6507243615542,0,22.784087496501154,32.938622048554528,12.8872,0.77299828833761852,1.0000000000051055,5449.5599019787915,5449.5599019787915
情景一阈值控制,43.11831403592474,62030.076491878688,104.81032672115143,24679.409879508006,311.43923855634955,5048.4620267165938,1116.350670146619,4348.3599152555889,0,22.857972685995879,33.036811647291202,12.8872,0.77269964409097436,1.0000000000050921,5464.7105854022084,5464.7105854022084
情景一阈值控制,43.229507512574116,61948.602369704844,104.81032672116892,24745.753221231727,310.9110412826081,5064.1210044404406,1119.7921626760019,4360.0492031763297,0,22.931808800309444,33.134870852599001,12.8872,0.77240070115668857,1.0000000000050788,5479.8413658523314,5479.8413658523314
情景一阈值控制,43.340700989223478,61867.260894857012,104.81032672118636,24811.983786198874,310.38369503086443,5079.7592605728541,1123.233655205385,4371.718620527633,0,23.005595790379868,33.232799620886759,12.8872,0.77210145948388331,1.0000000000050653,5494.9522757330178,5494.9522757330178
情景一阈值控制,43.451894465872847,61786.051851373195,104.81032672120377,24878.101758020337,309.85719875945392,5095.3768285066062,1126.6751477347689,4383.3681996606083,0,23.079333607136892,33.330597908801444,12.8872,0.77180191902237272,1.0000000000050515,5510.0433473953772,5510.0433473953772
情景一阈值控制,43.563087942522216,61704.975023643005,104.81032672122114,24944.107320008061,309.33155141516806,5110.9737415933396,1130.1166402641534,4394.9979728736889,0,23.153022201502061,33.428265673228708,12.8872,0.77150207972266471,1.0000000000050377,5525.1146131378428,5525.1146131378428
情景一阈值控制,43.674281419171585,61624.030196407111,104.81032672123845,25010.000655175536,308.80675193378329,5126.5500331431276,1133.5581327935383,4406.6079724127239,0,23.226661524388849,33.525802871293529,12.8872,0.77120194153596289,1.0000000000050233,5540.1661052062627,5540.1661052062627
情景一阈值控制,43.785474895820954,61543.217154756618,104.81032672125572,25075.781946238301,308.28279924056847,5142.1057364240523,1136.9996253229235,4418.1982304710655,0,23.300251526702773,33.62320946036084,12.8872,0.77090150441416749,1.0000000000050089,5555.1978557939892,5555.1978557939892
情景一阈值控制,43.896668372470323,61462.535684132548,104.81032672127294,25141.451375614404,307.75969225077353,5157.6408846617996,1140.4411178523094,4429.7687791896496,0,23.373792159341512,33.720485398036132,12.8872,0.77060076830987767,1.0000000000049942,5570.2098970419593,5570.2098970419593
情景一阈值控制,44,61387.676493189399,104.8103267212889,25202.377580338107,307.27432830513288,5172.0592348268683,1143.6392823032161,4440.5036009581872,0,23.44208885809795,33.810766357011829,12.8872,0.77032102745848685,1.0000000000049807,5584.1428832614038,5584.1428832614038
情景一阈值控制,44.007861849119692,61381.985570325218,104.8103267212901,25207.009125424909,307.23742987009899,5173.1555110392792,1143.8826103816959,4441.3196506570848,0,23.447283373195006,33.817630642166087,12.8872,0.77029973317639255,1.0000000000049796,5585.2022610387812,5585.2022610387812
情景一阈值控制,44.119055325769061,61301.566599473728,104.81032672130721,25272.455377494371,306.7160109951472,5188.6496486962524,1147.3241029110827,4452.8508769097371,0,23.520725119145595,33.914645150839185,12.8872,0.76999839896771327,1.0000000000049643,5600.1749798208202,5600.1749798208202
情景一阈值控制,44.23024880241843,61221.278558065322,104.81032672132427,25337.790313351306,306.19543451385567,5204.1233307289904,1150.7655954404704,4464.3624899318129,0,23.594117348068114,34.011528882386337,12.8872,0.76969676563854406,1.0000000000049492,5615.1280853722837,5615.1280853722837
情景一阈值控制,44.341442279067799,61141.121232934907,104.8103267213413,25403.014114228699,305.67569930591429,5219.5765901899367,1154.2070879698583,4475.8545216554476,0,23.667460010830016,34.108281795381501,12.8872,0.76939483314429435,1.0000000000049341,5630.0616096253061,5630.0616096253061
情景一阈值控制,44.452635755717168,61061.094411264414,104.81032672135824,25468.126961064463,305.15680424316605,5235.0094600873945,1157.6485804992467,4487.3270039607851,0,23.740753058291496,34.204903848642282,12.8872,0.76909260144108027,1.0000000000049181,5644.9755844600313,5644.9755844600313
情景一阈值控制,44.563829232366537,60981.197880582273,104.81032672137515,25533.129034501937,304.63874818999187,5250.4219733852233,1161.0900730286355,4498.7799686760682,0,23.813996441305587,34.301395001230581,12.8872,0.76879007048572578,1.0000000000049023,5659.8700417047039,5659.8700417047039
情景一阈值控制,44.675022709015906,60901.431428762822,104.81032672139199,25598.020514890348,304.12153000368113,5265.8141630025575,1164.531565558025,4510.2134475777193,0,23.887190110718301,34.397755212453191,12.8872,0.76848724023576487,1.0000000000048861,5674.7450131357446,5674.7450131357446
情景一阈值控制,44.786216185665268,60821.79484402579,104.81032672140879,25662.80158228529,303.60514853478691,5281.1860618135306,1167.9730580874148,4521.6274723904244,0,23.960334017368719,34.493984441862416,12.8872,0.7681841106494427,1.0000000000048699,5689.6005304778391,5689.6005304778391
情景一阈值控制,44.897409662314637,60742.28791493566,104.81032672142551,25727.472416449233,303.08960262746865,5296.5377026470214,1171.4145506168052,4533.0220747872227,0,24.033428112089148,34.590082649256708,12.8872,0.76788068168571755,1.0000000000048532,5704.4366254040278,5704.4366254040278
情景一阈值控制,45,60669.047322181163,104.8103267214409,25787.041995372594,302.61468505557747,5310.6836340500276,1174.5897717841872,4543.5178674509725,0,24.100822628655727,34.678629409428879,12.8872,0.7676004637292263,1.0000000000048379,5718.1076392351597,5718.1076392351597
情景一阈值控制,45.008603138964006,60662.910430401185,104.81032672144218,25792.033196851953,302.57489111982022,5311.869118286405,1174.8560431461963,4544.3972863895842,0,24.106472345705182,34.686049794681267,12.8872,0.7675769533042619,1.0000000000048368,5719.2533295357807,5719.2533295357807
情景一阈值控制,45.119796615613375,60583.662179674793,104.81032672145879,25856.484102671049,302.06101284418594,5327.1803414693259,1178.2975356755876,4555.7531387674962,0,24.179466669035875,34.781885838428657,12.8872,0.76727292546546488,1.0000000000048197,5734.0506744430841,5734.0506744430841
情景一阈值控制,45.230990092262743,60504.542952352,104.81032672147536,25920.825312792396,301.54796662746429,5342.4714048874739,1181.7390282049796,4567.0896634395467,0,24.252411032893818,34.877590741039427,12.8872,0.76696859813043272,1.0000000000048028,5748.8286916445268,5748.8286916445268
情景一阈值控制,45.342183568912112,60425.55253837091,104.81032672149185,25985.057005810624,301.03575129139944,5357.7423411863783,1185.1805207343721,4578.4068918730109,0,24.32530538808528,34.973164463302744,12.8872,0.76666397126099139,1.0000000000047855,5763.5874126073832,5763.5874126073832
情景一阈值控制,45.453377045561481,60346.690728011621,104.81032672150829,26049.179360029601,300.52436565286183,5372.9931829652105,1188.6220132637648,4589.7048554839294,0,24.398149685410317,35.068606966256979,12.8872,0.76635904481968753,1.000000000004768,5778.3268687476939,5778.3268687476939
情景一阈值控制,45.56457052221085,60267.957311895669,104.81032672152466,26113.192553462897,300.01380852411711,5388.2239627765994,1192.0635057931584,4600.9835856371965,0,24.470943875662897,35.163918211190357,12.8872,0.76605381876979017,1.0000000000047502,5793.0470914303551,5793.0470914303551
情景一阈值控制,45.675763998860219,60189.352080985467,104.81032672154097,26177.096763834259,299.50407871308602,5403.4347131264531,1195.504998322552,4612.2431136466412,0,24.543687909631011,35.259098159641539,12.8872,0.76574829307529246,1.0000000000047324,5807.7481119691929,5807.7481119691929
情景一阈值控制,45.786957475509588,60110.874826583778,104.81032672155725,26240.892168578084,298.99517502359225,5418.6254664737944,1198.9464908519462,4623.4834707751115,0,24.616381738096795,35.354146773400274,12.8872,0.76544246770091329,1.0000000000047142,5822.4299616270582,5822.4299616270582
情景一阈值控制,45.898150952158957,60032.52534033313,104.81032672157345,26304.578944839886,298.48709625560218,5433.7962552306062,1202.3879833813412,4634.7046882345549,0,24.689025311836648,35.449064014507968,12.8872,0.76513634261209829,1.000000000004696,5837.0926716158956,5837.0926716158956
情景一阈值控制,46,59960.872089886332,104.81032672158823,26362.818471712901,298.02243801043454,5447.6746370495439,1205.5402612651981,4644.9661339244831,0,24.755519957422393,35.535889333622222,12.8872,0.76485568050901542,1.0000000000046791,5850.5063951896809,5850.5063951896809
情景一阈值控制,46.009344428808326,59954.30341421529,104.81032672158959,26368.157269476782,297.97984120545431,5448.9471117616822,1205.8294759107364,4645.9067971861032,0,24.761618581621363,35.543849845258343,12.8872,0.76482991777502229,1.000000000004678,5851.7362730968398,5851.7362730968398
情景一阈值控制,46.120537905457695,59876.20884055068,104.81032672160563,26431.627319057934,297.47340866608039,5464.0780683844896,1209.270968440132,4657.0898287401569,0,24.834161498216229,35.638504228198045,12.8872,0.76452319315659045,1.0000000000046589,5866.3607971802885,5866.3607971802885
情景一阈值控制,46.231731382107064,59798.241411997871,104.81032672162162,26494.989269865044,296.96779742721725,5479.1891573690409,1212.7124609695281,4668.2538139564649,0,24.906654012381157,35.733027126127233,12.8872,0.76421616872443954,1.0000000000046401,5880.9662749259933,5880.9662749259933
情景一阈值控制,46.342924858756433,59720.40092155298,104.81032672163751,26558.243297892808,296.46300627561095,5494.2804109377703,1216.1539534989249,4679.3987838442072,0,24.97909607487081,35.827418502100208,12.8872,0.76390884444694007,1.0000000000046207,5895.5527373431323,5895.5527373431323
情景一阈值控制,46.454118335405795,59642.687162549133,104.81032672165342,26621.389578849372,295.95903399521234,5509.3518612654207,1219.5954460283217,4690.5247693620777,0,25.051487636434711,35.921678319426029,12.8872,0.76360122029319744,1.0000000000046014,5910.1202153903996,5910.1202153903996
情景一阈值控制,46.565311812055164,59565.099928655982,104.81032672166921,26684.428288156847,295.45587936736575,5524.4035404789411,1223.0369385577192,4701.6318014183698,0,25.12382864781738,36.01580654166915,12.8872,0.76329329623305375,1.0000000000045823,5924.6687399760885,5924.6687399760885
情景一阈值控制,46.676505288704533,59487.639013879038,104.81032672168496,26747.35960095171,294.95354117098941,5539.435480657382,1226.4784310871171,4712.7199108710529,0,25.196119059758431,36.109803132649972,12.8872,0.76298507223708933,1.0000000000045626,5939.1983419581702,5939.1983419581702
情景一阈值控制,46.787698765353902,59410.304212559226,104.81032672170063,26810.183692085317,294.45201818274933,5554.447713831808,1229.9199236165157,4723.7891285278556,0,25.26835882299271,36.203668056445515,12.8872,0.76267654827662423,1.0000000000045428,5953.7090521443715,5953.7090521443715
情景一阈值控制,46.898892242003271,59333.095319372318,104.81032672171622,26872.900736124335,293.95130917722645,5569.4402719852105,1233.3614161459143,4734.8394851463518,0,25.340547888250416,36.297401277389994,12.8872,0.76236772432371991,1.0000000000045228,5968.2009012922663,5968.2009012922663
情景一阈值控制,47,59262.998722274257,104.81032672173035,26929.8363026999,293.49672214684637,5583.0558895380673,1236.4907507462462,4744.8711810685109,0,25.40614504972012,36.382518143295819,12.8872,0.76208665157606204,1.0000000000045044,5981.3619318147576,5981.3619318147576
情景一阈值控制,47.01008571865264,59256.01212932833,104.81032672173177,26935.510907351239,293.45141292707649,5584.4131870524297,1236.8029086753138,4745.8710114340365,0,25.412686206257224,36.391002760075459,12.8872,0.76205860035118056,1.0000000000045028,5982.6739201093505,5982.6739201093505
情景一阈值控制,47.121279195302009,59179.054437771061,104.81032672174724,26998.014379764736,292.95232820318438,5599.3664909200807,1240.2444012047133,4756.8837380484119,0,25.484773727734392,36.48447246935239,12.8872,0.76174917633255512,1.0000000000044824,5997.1281392531255,5997.1281392531255
情景一阈值控制,47.232472671951378,59102.222040377485,104.81032672176264,27060.411327080263,292.45405377481239,5614.3002154264923,1243.6858937341135,4767.8776955970661,0,25.556810403398906,36.577810370330305,12.8872,0.76143945224213816,1.000000000004462,6011.5635893311792,6011.5635893311792
情景一阈值控制,47.343666148600747,59025.514733157223,104.81032672177794,27122.701922730426,291.95658840974187,5629.2143923616377,1247.1273862635142,4778.8529146377559,0,25.628796183963583,36.671016428378387,12.8872,0.76112942805497219,1.0000000000044411,6025.9803009012703,6025.9803009012703
情景一阈值控制,47.454859625250116,58948.93231245206,104.81032672179322,27184.886339865465,291.45993087441025,5644.1090534670857,1250.5688787929153,4789.8094256784861,0,25.700731020137209,36.764090609126072,12.8872,0.76081910374684869,1.0000000000044198,6040.3783044714019,6040.3783044714019
情景一阈值控制,47.566053101899485,58872.474574935295,104.81032672180841,27246.964751353724,290.96407993404171,5658.9842304359481,1254.0103713223168,4800.7472591775932,0,25.772614862624653,36.857032878463677,12.8872,0.76050847929430965,1.0000000000043994,6054.7576304999102,6054.7576304999102
情景一阈值控制,47.677246578548854,58796.141317611291,104.81032672182349,27308.937329782086,290.46903435277392,5673.8399549128335,1257.4518638517186,4811.6664455438249,0,25.844447662126992,36.949843202543022,12.8872,0.76019755467464989,1.0000000000043778,6069.1183093955433,6069.1183093955433
情景一阈值控制,47.788440055198222,58719.932337814913,104.81032672183852,27370.804247456468,289.97479289377827,5688.6762584938087,1260.8933563811211,4822.5670151364166,0,25.916229369341636,37.042521547778001,12.8872,0.75988632986591742,1.0000000000043565,6083.4603715175381,6083.4603715175381
情景一阈值控制,47.899633531847591,58643.847433210976,104.81032672185343,27432.565676402239,289.48135431937658,5703.4931727263638,1264.3348489105238,4833.448998265183,0,25.987959934962454,37.135067880845234,12.8872,0.75957480484691597,1.000000000004335,6097.7838471757068,6097.7838471757068
情景一阈值控制,48,58575.277357543688,104.81032672186686,27488.222900837023,289.03665069672655,5716.85072758151,1267.4412402273299,4843.2554581808854,0,26.05266207566271,37.218489510266778,12.8872,0.75929335549545907,1.000000000004315,6110.6966984082155,6110.6966984082155
情景一阈值控制,48.01082700849696,58567.886401793701,104.81032672186832,27494.221788364706,288.98871739115265,5718.2907291093788,1267.7763414399267,4844.3124251905856,0,26.059639309679891,37.227482168684624,12.8872,0.75926297959720612,1.0000000000043128,6112.0887666305125,6112.0887666305125
情景一阈值控制,48.122020485146322,58492.049041886225,104.81032672188313,27555.772754809546,288.4968808700595,5733.068959093097,1271.2178339693301,4855.1573261238209,0,26.131267444181095,37.319764378500018,12.8872,0.75895085409710683,1.0000000000042908,6126.375160093151,6126.375160093151
情景一阈值控制,48.233213961795691,58416.335152139989,104.81032672189787,27617.218746923292,288.00584351652196,5747.8278940791042,1274.6593264987341,4865.9837312269019,0,26.202844289150057,37.411914477759808,12.8872,0.75863842832769712,1.0000000000042688,6140.643057725636,6140.643057725636
情景一阈值控制,48.34440743844506,58340.744531534292,104.81032672191256,27678.559935613757,287.51560409053582,5762.5675654203078,1278.1008190281386,4876.7916706127307,0,26.274369795267717,37.503932434197488,12.8872,0.75832570227081764,1.0000000000042464,6154.8924896408698,6154.8924896408698
情景一阈值控制,48.455600915094429,58265.276979375689,104.81032672192711,27739.7964915105,287.02616135176334,5777.288004420926,1281.5423115575434,4887.5811743451841,0,26.345843913212086,37.595818215812322,12.8872,0.75801267590907195,1.0000000000042242,6169.1234859027272,6169.1234859027272
情景一阈值控制,48.566794391743798,58189.932295297484,104.81032672194162,27800.928584965292,286.53751405962288,5791.9892423364672,1284.9838040869486,4898.3522724391951,0,26.41726659365839,37.687571790869903,12.8872,0.7576993492258286,1.0000000000042013,6183.3360765261441,6183.3360765261441
情景一阈值控制,48.677987868393167,58114.710279259198,104.81032672195605,27861.956386052538,286.04966097337785,5806.6713103737329,1288.4252966163542,4909.1049948608252,0,26.488637787279181,37.779193127902808,12.8872,0.75738572220522205,1.0000000000041782,6197.5302914771792,6197.5302914771792
情景一阈值控制,48.789181345042536,58039.610731546039,104.8103267219704,27922.880064569763,285.56260085222004,5821.3342396908092,1291.8667891457601,4919.8393715273505,0,26.559957444744473,37.870682195711147,12.8872,0.75707179483215459,1.0000000000041549,6211.7061606731104,6211.7061606731104
情景一阈值控制,48.900374821691905,57964.633452768379,104.81032672198465,27983.69979003803,285.07633245535038,5835.9780613970606,1295.3082816751667,4930.5554323073402,0,26.631225516721862,37.962038963363227,12.8872,0.75675756709229758,1.000000000004132,6225.8637139825069,6225.8637139825069
情景一阈值控制,49,57897.560313941351,104.81032672199736,28038.103825150873,284.64132567565923,5849.0821718909219,1298.391729708447,4940.1410879882424,0,26.695035177294528,38.043778800517714,12.8872,0.75647577571141245,1.0000000000041109,6238.5328176966896,6238.5328176966896
情景一阈值控制,49.011568298341274,57889.77824386119,104.81032672199882,28044.415731702429,284.59085454205632,5850.6028065531391,1298.7497742045732,4941.2532070207326,0,26.702441953876651,38.053263400196094,12.8872,0.75644303897209353,1.0000000000041087,6240.002981225306,6240.002981225306
情景一阈值控制,49.122761774990643,57815.044906083545,104.81032672201293,28105.028058532469,284.10616587178606,5865.2085061709868,1302.1912667339802,4951.9327254389163,0,26.773606706871981,38.144355475816198,12.8872,0.75612821045875711,1.000000000004085,6254.1239921728966,6254.1239921728966
情景一阈值控制,49.233955251640012,57740.433241018116,104.81032672202694,28165.536939222595,283.62226520422047,5879.7951912138424,1305.6327592633879,4962.5940172848132,0,26.844719726368957,38.235315160099958,12.8872,0.75581308154027682,1.0000000000040614,6268.2267765482011,6268.2267765482011
情景一阈值控制,49.345148728289381,57665.943050570582,104.8103267220409,28225.942542192588,283.13915129934048,5894.3628925962512,1309.0742517927956,4973.2371122329487,0,26.91578096302678,38.326142423194362,12.8872,0.75549765220541665,1.0000000000040377,6282.3113640257443,6282.3113640257443
情景一阈值控制,49.45634220493875,57591.574136969153,104.81032672205477,28286.245035588017,282.65682291749363,5908.9116411840823,1312.515744322204,4983.8620399095371,0,26.986790367502859,38.416837235517612,12.8872,0.75518192244371751,1.0000000000040137,6296.3777842317413,6296.3777842317413
情景一阈值控制,49.567535681588119,57517.326302764021,104.81032672206855,28346.444587280719,282.17527881945648,5923.4414677945369,1315.9572368516126,4994.4688298925603,0,27.057747890452955,38.50739956775967,12.8872,0.75486589224549872,1.0000000000039895,6310.4260667441731,6310.4260667441731
情景一阈值控制,49.678729158237481,57443.199350826864,104.81032672208222,28406.54136486919,281.69451776649595,5937.9524031961737,1319.3987293810214,5005.0575117118415,0,27.128653482531302,38.597829390882893,12.8872,0.75454956160185971,1.0000000000039651,6324.4562410928629,6324.4562410928629
情景一阈值控制,49.78992263488685,57369.193084350271,104.81032672209584,28466.535535679086,281.2145385204264,5952.4444781089269,1322.8402219104307,5015.6281148491298,0,27.199507094390743,38.68812667612265,12.8872,0.75423293050468121,1.0000000000039404,6338.4683367595608,6338.4683367595608
情景一阈值控制,49.901116111536219,57295.307306847273,104.81032672210932,28526.427266763629,280.73533984366566,5966.9177232041275,1326.2817144398405,5026.1806687381732,0,27.270308676682841,38.778291394987868,12.8872,0.75391599894662709,1.000000000003916,6352.4623831780136,6352.4623831780136
情景一阈值控制,50,57229.702058048759,104.81032672212127,28579.602808153886,280.30984522046356,5979.7729252355766,1329.3422191895952,5035.5498713966781,0,27.33322847586512,38.858363110049275,12.8872,0.75363390063869329,1.000000000003894,6364.8920905862733,6364.8920905862733
情景一阈值控制,50.012309588185587,57221.541822150808,104.81032672212275,28586.216724904061,280.2569204992887,5981.3721691045266,1329.7232069692507,5036.715202764799,0,27.341058180058024,38.868323519261693,12.8872,0.75359876692114591,1.0000000000038911,6366.4384097340499,6366.4384097340499
情景一阈值控制,50.123503064834956,57147.89643441316,104.81032672213612,28645.904076610102,279.77927925107849,5995.8078463843276,1333.1646994986611,5047.2317462669926,0,27.411755555165705,38.958223021002027,12.8872,0.75328123442247197,1.0000000000038665,6380.3964457656539,6380.3964457656539
情景一阈值控制,50.234696541484325,57074.370948105512,104.8103267221494,28705.489488120365,279.30241486357534,6010.2247855692085,1336.6061920280717,5057.7303285349726,0,27.482400752654421,39.047989872542196,12.8872,0.75296340144562768,1.0000000000038411,6394.3365205630444,6394.3365205630444
情景一阈值控制,50.345890018133694,57000.965168017356,104.8103267221626,28764.973125402812,278.82632610212352,6024.6230171363586,1340.0476845574831,5068.2109788112739,0,27.552993723171952,39.137624046491496,12.8872,0.75264526798642395,1.0000000000038156,6408.258663368757,6408.258663368757
情景一阈值控制,50.457083494783063,56927.67889925601,104.81032672217566,28824.355154155208,278.35101173291747,6039.0025715145075,1343.4891770868944,5078.6737262908182,0,27.623534417365452,39.227125515735807,12.8872,0.75232683404146261,1.0000000000037905,6422.1629033777126,6422.1629033777126
情景一阈值控制,50.568276971432432,56854.511947246094,104.81032672218868,28883.635739805522,277.87647052304379,6053.3634790839587,1346.9306696163064,5089.1186001209971,0,27.694022785881589,39.316494253438186,12.8872,0.75200809960813775,1.0000000000037645,6436.0492697373038,6436.0492697373038
情景一阈值控制,50.679470448081801,56781.464117729032,104.81032672220159,28942.815047512424,277.40270124052375,6067.705770176628,1350.3721621457184,5099.5456294017467,0,27.76445877936666,39.405730233039478,12.8872,0.7516890646846367,1.0000000000037392,6449.9177915474647,6449.9177915474647
情景一阈值控制,50.79066392473117,56708.535216762502,104.8103267222144,29001.893242165672,276.92970265435264,6082.0294750760804,1353.8136546751309,5109.9548431856283,0,27.83484234846674,39.4948334282589,12.8872,0.75136972926994239,1.0000000000037128,6463.7684978607595,6463.7684978607595
情景一阈值控制,50.901857401380539,56635.725050719928,104.81032672222713,29060.870488386554,276.45747353453805,6096.3346240175661,1357.2551472045438,5120.3462704778985,0,27.905173443827792,39.583803813094633,12.8872,0.75105009336383388,1.0000000000036871,6477.6014176824428,6477.6014176824428
情景一阈值控制,51,56571.55917353015,104.8103267222383,29112.841782414718,276.0413086856849,6108.9453720280244,1360.2927086707721,5129.5032921732873,0,27.96720607923826,39.662221300500342,12.8872,0.7507677237532262,1.000000000003664,6489.7960008440596,6489.7960008440596
情景一阈值控制,51.013050878029908,56563.033426290007,104.81032672223978,29119.746950528366,275.9860126521362,6110.6212471880644,1360.696639733957,5130.719940236595,0,27.975452016095812,39.672641361824439,12.8872,0.75073015696688883,1.0000000000036608,6491.4165799705515,6491.4165799705515
情景一阈值控制,51.124244354679277,56490.460150476138,104.81032672225236,29178.522792676809,275.51531877928721,6124.8893747263246,1364.1381322633704,5141.0758813726061,0,28.045678015916959,39.761346049006207,12.8872,0.75040992008048424,1.0000000000036344,6505.2140136359767,6505.2140136359767
情景一阈值控制,51.235437831328646,56418.005030595952,104.81032672226483,29237.198178650437,275.04539068924879,6139.1390367229114,1367.5796247927842,5151.414122749753,0,28.115851393937682,39.849917849478608,12.8872,0.75008938270679837,1.0000000000036082,6518.9937475425377,6518.9937475425377
情景一阈值控制,51.346631307978008,56345.667874280771,104.8103267222772,29295.773272001097,274.57622715642771,6153.3702632202421,1371.0211173221981,5161.7346931848597,0,28.18597210080485,39.938356738361641,12.8872,0.74976854484881217,1.0000000000035814,6532.7558105070575,6532.7558105070575
情景一阈值控制,51.457824784627377,56273.448489475115,104.81032672228949,29354.248236014359,274.10782695641115,6167.5830842126406,1374.4626098516126,5172.037621447841,0,28.256040087165896,40.026662691057247,12.8872,0.7494474065103105,1.0000000000035549,6546.5002312994538,6546.5002312994538
情景一阈值控制,51.569018261276746,56201.346684436197,104.81032672230171,29412.623233709939,273.64018886599598,6181.7775296463824,1377.9041023810273,5182.3229362617649,0,28.326055303668937,40.1148356832499,12.8872,0.74912596769588413,1.0000000000035283,6560.2270386427917,6560.2270386427917
情景一阈值控制,51.680211737926115,56129.362267733391,104.81032672231377,29470.898427842152,273.17331166321725,6195.9536294197378,1381.3455949104423,5192.5906663029382,0,28.396017700962908,40.202875690907192,12.8872,0.74880422841093086,1.0000000000035008,6573.9362612133809,6573.9362612133809
情景一阈值控制,51.791405214575484,56057.495048247751,104.81032672232577,29529.073980900339,272.70719412737441,6210.111413383027,1384.7870874398577,5202.8408402009818,0,28.465927229697694,40.290782690280416,12.8872,0.74848218866165661,1.0000000000034739,6587.6279276408395,6587.6279276408395
情景一阈值控制,51.902598691224853,55985.74483517147,104.81032672233763,29587.150055109272,272.241835039058,6224.2509113386659,1388.2285799692734,5213.0734865389004,0,28.535783840524275,40.378556657905172,12.8872,0.74815984845507821,1.0000000000034461,6601.302066508174,6601.302066508174
情景一阈值控制,52,55922.990330335189,104.81032672234799,29637.940906742151,271.83482016656171,6236.621579414561,1391.2431981519749,5222.0225215596074,0,28.59693208943413,40.455334034503593,12.8872,0.74787724368172115,1.0000000000034219,6613.2657197115823,6613.2657197115823
情景一阈值控制,52.013792167874222,55914.111438007429,104.81032672234946,29645.126812429637,271.77723318017399,6238.3721530412222,1391.6700724986893,5223.288633853168,0,28.605587484094841,40.466197570601942,12.8872,0.74783720779902341,1.0000000000034186,6614.9587063518575,6614.9587063518575
情景一阈值控制,52.124985644523591,55842.594666568621,104.81032672236118,29703.004414558396,271.31338733396746,6252.4751681974594,1395.1115650281054,5233.4863106337934,0,28.675338111062942,40.553705405476698,12.8872,0.74751426670213306,1.0000000000033913,6628.5978756618988,6628.5978756618988
情景一阈值控制,52.23617912117296,55771.194330977698,104.81032672237279,29760.783022929292,270.85029628504515,6266.5599864664,1398.5530575575219,5243.6665453244077,0,28.745035672083613,40.641080139921463,12.8872,0.74719102517386293,1.0000000000033633,6642.2196028819299,6642.2196028819299
情景一阈值控制,52.347372597822329,55699.910241666446,104.81032672238429,29818.462798713208,270.38795881939711,6280.6266374593733,1401.9945500869387,5253.8293663223267,0,28.814680117813499,40.728321751614914,12.8872,0.74686748322448437,1.0000000000033358,6655.8239164092656,6655.8239164092656
情景一阈值控制,52.458566074471698,55628.742209375276,104.81032672239574,29876.043902818648,269.92637372441777,6294.6751507400677,1405.436042616356,5263.9748019786366,0,28.884271398911014,40.815430218522977,12.8872,0.74654364086508629,1.0000000000033078,6669.4108445949923,6669.4108445949923
情景一阈值控制,52.569759551121066,55557.690045152747,104.81032672240707,29933.526495892125,269.4655397889249,6308.7055558245947,1408.8775351457732,5274.1028805982642,0,28.95380946603645,40.902405518899378,12.8872,0.74621949810757671,1.0000000000032794,6682.9804157440376,6682.9804157440376
情景一阈值控制,52.680953027770435,55486.75356035505,104.81032672241832,29990.91073831862,269.00545580317919,6322.7178821815351,1412.3190276751907,5284.2136304400537,0,29.023294269852126,40.989247631286268,12.8872,0.74589505496468378,1.0000000000032512,6696.532658115244,6696.532658115244
情景一阈值控制,52.792146504419804,55415.932566645475,104.81032672242947,30048.196790221991,268.54612055890186,6336.7121592320063,1415.7605202046086,5294.3070797168411,0,29.092725761022518,41.075956534514795,12.8872,0.74557031144995767,1.0000000000032228,6710.06759992145,6710.06759992145
情景一阈值控制,52.903339981069173,55345.226875993976,104.81032672244051,30105.384811465381,268.08753284929224,6350.6884163497107,1419.202012734027,5304.3832565955281,0,29.162103890214397,41.162532207705659,12.8872,0.74524526757777187,1.0000000000031941,6723.5852693295546,6723.5852693295546
情景一阈值控制,53,55283.856254349739,104.81032672245003,30155.018591988031,267.68949091741644,6362.8232994031614,1422.1936876332015,5313.1284228179384,0,29.222370610303152,41.237683810742688,12.8872,0.74496246429025725,1.0000000000031697,6735.3221104511395,6735.3221104511395
情景一阈值控制,53.014533457718535,55274.636300676633,104.81032672245145,30162.474961651675,267.62969146904391,6364.6466828609982,1422.6435052634451,5314.4421891971597,0,29.231428608096955,41.248974630269743,12.8872,0.74491992336332469,1.0000000000031657,6737.0856944606048,6737.0856944606048
情景一阈值控制,53.125726934367904,55204.160653275125,104.81032672246229,30219.467400123922,267.17259521436023,6378.5869880449272,1426.084997792864,5324.4839055969969,0,29.300699865341961,41.33528378190865,12.8872,0.74459427882264051,1.000000000003137,6750.5689033898607,6750.5689033898607
情景一阈值控制,53.236920411017273,55133.799746676312,104.81032672247304,30276.362285965719,266.71624288296999,6392.5093611333205,1429.5264903222828,5334.5084338245933,0,29.369917612623883,41.421459642615318,12.8872,0.74426833397257164,1.0000000000031082,6764.0349241468757,6764.0349241468757
情景一阈值控制,53.348113887666642,55063.553394071656,104.81032672248368,30333.159778001685,266.26063327414084,6406.4138313108297,1432.9679828517019,5344.515801863864,0,29.439081800620006,41.507502192674579,12.8872,0.74394208883079949,1.0000000000030791,6777.4837847155659,6777.4837847155659
情景一阈值控制,53.459307364316011,54993.421408956776,104.81032672249424,30389.86003479785,265.8057651886935,6420.3004277149876,1436.4094753811214,5354.5060376531665,0,29.508192380010609,41.593411412663741,12.8872,0.7436155434158358,1.0000000000030502,6790.9155130342879,6790.9155130342879
情景一阈值控制,53.57050084096538,54923.40360513093,104.8103267225047,30446.463214662072,265.35163742901415,6434.1691794362805,1439.8509679105412,5364.4791690853708,0,29.577249301479068,41.679187283453182,12.8872,0.743288697747025,1.0000000000030205,6804.3301369959117,6804.3301369959117
情景一阈值控制,53.681694317614749,54853.499796696538,104.81032672251503,30502.969475644477,264.89824879906763,6448.0201155182021,1443.2924604399611,5374.4352240079361,0,29.646252515712003,41.764829786206903,12.8872,0.74296155184454404,1.0000000000029916,6817.7276844478974,6817.7276844478974
情景一阈值控制,53.792887794264118,54783.709798058662,104.81032672252528,30559.378975537882,264.44559810440802,6461.8532649573172,1446.7339529693811,5384.3742302229821,0,29.715201973399431,41.850338902383136,12.8872,0.7426341057294058,1.0000000000029623,6831.108183192363,6831.108183192363
情景一阈值控制,53.904081270913487,54714.033423924549,104.81032672253541,30615.691871878193,263.99368415219084,6475.6686567033285,1450.1754454988018,5394.2962154873649,0,29.784097625234871,41.935714613734895,12.8872,0.74230635942345902,1.0000000000029325,6844.4716609861662,6844.4716609861662
情景一阈值控制,54,54654.01969748798,104.81032672254409,30664.191526474944,263.60444099489376,6487.5719717004386,1453.1441771144493,5402.8415557115395,0,29.843485755329766,42.009254998677399,12.8872,0.74202339477172352,1.000000000002907,6855.9857328259886,6855.9857328259886
情景一阈值控制,54.015274747562856,54644.470489303101,104.81032672254544,30671.908321944833,263.54250575118317,6489.4663196591309,1453.6169380282224,5404.2012075127495,0,29.852939421915515,42.020956902310559,12.8872,0.74197831294939032,1.0000000000029026,6857.8181455409722,6857.8181455409722
情景一阈值控制,54.126468224212225,54575.020809504422,104.8103267225554,30728.028482761154,263.09206171177379,6503.246282680886,1457.0584305576431,5414.0892339656848,0,29.921727314142334,42.106065750454441,12.8872,0.74164996633072544,1.0000000000028733,6871.1476645233279,6871.1476645233279
情景一阈值控制,54.237661700861594,54505.684200139302,104.81032672256519,30784.052511094873,262.64235084598289,6517.0085745780771,1460.499923087064,5423.960322467673,0,29.990461252620246,42.1910411408074,12.8872,0.74132131959183134,1.0000000000028433,6884.4602455547374,6884.4602455547374
情景一阈值控制,54.348855177510963,54436.460477118708,104.81032672257487,30839.980563458466,262.19337196747102,6530.7532241135768,1463.9414156164853,5433.8145005952501,0,30.059141188058234,42.275883056307343,12.8872,0.7409923727579163,1.0000000000028133,6897.7559162117359,6897.7559162117359
情景一阈值控制,54.460048654160332,54367.349456653355,104.81032672258453,30895.812796109589,261.74512389154791,6544.4802600037156,1467.3829081459069,5443.6517958800523,0,30.127767071169494,42.360591480189868,12.8872,0.74066312585503291,1.0000000000027831,6911.0347040259594,6911.0347040259594
情景一阈值控制,54.571242130809694,54298.350955253176,104.81032672259406,30951.549365051513,261.29760543518057,6558.1897109183337,1470.8244006753284,5453.472235808892,0,30.196338852671555,42.445166395988778,12.8872,0.74033357891007823,1.0000000000027529,6924.2966364842205,6924.2966364842205
情景一阈值控制,54.682435607459063,54229.464789726822,104.81032672260353,31007.1904260335,260.85081541700083,6571.8816054808667,1474.2658932047505,5463.275847823832,0,30.264856483286461,42.529607787536719,12.8872,0.74000373195079572,1.0000000000027225,6937.5417410285827,6937.5417410285827
情景一阈值控制,54.793629084108431,54160.690777181218,104.81032672261286,31062.736134551255,260.40475265731317,6585.5559722683902,1477.7073857341727,5473.062659322256,0,30.333319913740862,42.613915638965679,12.8872,0.73967358500577673,1.0000000000026925,6950.7700450564289,6950.7700450564289
情景一阈值控制,54.9048225607578,54092.028735021056,104.81032672262205,31118.186645847316,259.95941597810122,6599.2128398117002,1481.148878263595,5482.8326976569406,0,30.401729094766178,42.698089934707582,12.8872,0.73934313810446228,1.0000000000026614,6963.9815759205358,6963.9815759205358
情景一阈值控制,55,54033.345408219619,104.81032672262985,31165.574701053931,259.57880035746302,6610.8887270271543,1484.0946665957154,5491.1821809196445,0,30.460241655564552,42.770033872902111,12.8872,0.73906004973201889,1.0000000000026352,6975.2768475153598,6975.2768475153598
情景一阈值控制,55.016016037407169,54023.478480948295,104.81032672263117,31173.542114911455,259.5148042030346,6612.8522365953722,1484.5903707930174,5492.5859901361328,0,30.470083977098735,42.782130659494882,12.8872,0.73901239127714313,1.0000000000026308,6977.1763609291502,6977.1763609291502
情景一阈值控制,55.127209514056538,53955.039832961702,104.81032672264018,31228.802696481143,259.07091615747481,6626.4741910578296,1488.0318633224401,5502.3225640236169,0,30.538384511479908,42.866037798361106,12.8872,0.73868134455496282,1.0000000000025999,6990.3544273460575,6990.3544273460575
情景一阈值控制,55.238402990705907,53886.712609356357,104.81032672264908,31283.968545041887,258.62775066848133,6640.0787315914104,1491.4733558518633,5512.0424465387896,0,30.60663064865625,42.949811336641417,12.8872,0.73834999796991785,1.0000000000025695,7003.5158023906533,7003.5158023906533
情景一阈值控制,55.349596467355276,53818.496628723173,104.81032672265788,31339.039814827709,258.18530656481698,6653.6658865424315,1494.9148483812862,5521.7456648567331,0,30.674822339379642,43.033451259973184,12.8872,0.73801835155485995,1.0000000000025384,7016.6605132380191,7016.6605132380191
情景一阈值控制,55.460789944004645,53750.391709948417,104.81032672266655,31394.016659821489,257.74358267695328,6667.2356842112613,1498.3563409107094,5531.4322461082838,0,30.742959534407429,43.116957554296555,12.8872,0.73768640534349694,1.0000000000025078,7029.788587018993,7029.788587018993
情景一阈值控制,55.571983420654014,53682.397672213214,104.81032672267513,31448.899233755452,257.30257783707492,6680.7881528523803,1501.7978334401328,5541.1022173801102,0,30.811042184502575,43.200330205855018,12.8872,0.73735415937039417,1.0000000000024765,7042.9000508202425,7042.9000508202425
情景一阈值控制,55.683176897303383,53614.51433499308,104.8103267226836,31503.687690111485,256.86229087908515,6694.3233206744544,1505.2393259695564,5550.7556057147785,0,30.879070240433776,43.283569201195952,12.8872,0.73702161367097618,1.0000000000024454,7055.9949316843349,7055.9949316843349
情景一阈值控制,55.794370373952752,53546.741518057454,104.81032672269195,31558.382182121641,256.42272063860855,6707.8412158403953,1508.6808184989802,5560.3924381108272,0,30.947043652975626,43.366674527171206,12.8872,0.73668876828152796,1.0000000000024141,7069.0732566098077,7069.0732566098077
情景一阈值控制,55.905563850602121,53479.079041469202,104.81032672270021,31612.982862768451,255.98386595299647,6721.3418664674346,1512.1223110284041,5570.0127415228399,0,31.014962372908744,43.44964617093764,12.8872,0.73635562323919634,1.0000000000023823,7082.1350525512444,7082.1350525512444
情景一阈值控制,56,53421.700102525981,104.81032672270712,31659.281433797674,255.61170958373515,6732.7943907506979,1515.0451560769966,5578.1702643882563,0,31.072602467682632,43.520008647102756,12.8872,0.73607244927491822,1.0000000000023559,7093.2154204652525,7093.2154204652525
情景一阈值控制,56.01675732725149,53411.526725584146,104.81032672270834,31667.489884785417,255.5457256613301,6734.8253006271907,1515.5638035578281,5579.6165428615141,0,31.082826351019925,43.532484119957694,12.8872,0.73602217858199115,1.0000000000023508,7095.1803464193417,7095.1803464193417
情景一阈值控制,56.127950803900859,53344.084391050565,104.81032672271637,31721.903400657342,255.10829860442396,6748.2915463457357,1519.0052960872526,5589.2038689937353,0,31.150635538102279,43.615188361999969,12.8872,0.73568843434878683,1.0000000000023193,7108.209165080988,7108.209165080988
情景一阈值控制,56.239144280550221,53276.751858808784,104.81032672272431,31776.223562620795,254.67158362482925,6761.7406316036586,1522.4467886166769,5598.774746742647,0,31.218389884955361,43.697758885139734,12.8872,0.73535439057932417,1.0000000000022879,7121.2215353593238,7121.2215353593238
情景一阈值控制,56.35033775719959,53209.528950090593,104.81032672273217,31830.450522664487,254.23557956683655,6775.1725843361437,1525.8882811461012,5608.3292028877249,0,31.286089342385345,43.780195677759544,12.8872,0.735020047314211,1.000000000002256,7134.2174840338266,7134.2174840338266
情景一阈值控制,56.461531233848959,53142.415486418875,104.81032672273986,31884.584432529657,253.80028527647895,6788.5874324330343,1529.3297736755262,5617.86726416484,0,31.353733861205129,43.862498728549745,12.8872,0.73468540459492382,1.0000000000022244,7147.1970378403657,7147.1970378403657
情景一阈值控制,56.572724710498328,53075.411289607087,104.81032672274746,31938.62544371052,253.36569960153426,6801.9852037388937,1532.771266204951,5627.3889572663375,0,31.421323392234495,43.944668026509056,12.8872,0.73435046246380953,1.0000000000021922,7160.1602234712882,7160.1602234712882
情景一阈值控制,56.683918187147697,53008.516181758787,104.81032672275495,31992.573707454634,252.93182139152748,6815.3659260530867,1536.2127587343759,5636.8943088411061,0,31.488857886300263,44.026703560945109,12.8872,0.734015220964086,1.0000000000021609,7173.1070675754818,7173.1070675754818
情景一阈值控制,56.795111663797066,52941.729985267142,104.81032672276234,32046.429374763313,252.49864949773288,6828.7296271298392,1539.6542512638011,5646.3833454946453,0,31.556337294236414,44.108605321475018,12.8872,0.73367968013984464,1.0000000000021283,7186.0375967584459,7186.0375967584459
情景一阈值控制,56.906305140446435,52875.05252281452,104.8103267227696,32100.192596392018,252.06618277317611,6842.0763346783087,1543.0957437932263,5655.8560937891416,0,31.623761566884244,44.190373298025932,12.8872,0.73334384003605013,1.000000000002097,7198.9518375823682,7198.9518375823682
情景一阈值控制,57,52818.952435278428,104.81032672277566,32145.423394334539,251.70232032378789,6853.3094867212558,1545.9956455582908,5663.8254816176413,0,31.68053238216643,44.259169507576679,12.8872,0.73306061908550291,1.0000000000020692,7209.8211271759319,7209.8211271759319
情景一阈值控制,57.017498617095804,52808.48361737193,104.81032672277678,32153.863522850785,251.63442007263532,6855.4060763626594,1546.5372363226518,5665.3125802435325,0,31.691130655092508,44.272007480835548,12.8872,0.7330077006985436,1.0000000000020646,7211.849816566184,7211.849816566184
情景一阈值控制,57.128692093745173,52742.023092198651,104.81032672278386,32207.442304404591,251.20336025264336,6868.7188798021198,1549.9787288520774,5674.7528313335824,0,31.75844450971756,44.353507860452709,12.8872,0.73267126217404255,1.0000000000020322,7224.7315601856599,7224.7315601856599
情景一阈值控制,57.239885570394542,52675.670770841672,104.81032672279079,32260.929091073773,250.77300217148914,6882.0147725710594,1553.4202213815033,5684.1768734919497,0,31.825703081623502,44.434874427737938,12.8872,0.73233452451014269,1.000000000002,7237.597094873453,7237.597094873453
情景一阈值控制,57.35107904704391,52609.42647713529,104.8103267227976,32314.324032634428,250.34334468921824,6895.2937821990581,1556.861713910929,5693.5847331082578,0,31.892906321682322,44.516107173863965,12.8872,0.7319974877553197,1.0000000000019675,7250.446447019187,7250.446447019187
情景一阈值控制,57.462272523693279,52543.290035200596,104.81032672280431,32367.627278618784,249.91438666763466,6908.5559361709702,1560.3032064403546,5702.9764365291667,0,31.960054180774048,44.597206090316305,12.8872,0.73166015195892997,1.0000000000019347,7263.2796429695209,7263.2796429695209
情景一阈值控制,57.573466000342648,52477.261269445036,104.8103267228109,32420.838978315634,249.48612697030114,6921.8012619269975,1563.7446989697805,5712.3520100584401,0,32.027146609786882,44.67817116889379,12.8872,0.73132251717121199,1.0000000000019025,7276.0967090282211,7276.0967090282211
情景一阈值控制,57.684659476992017,52411.340004561949,104.81032672281739,32473.959280770719,249.05856446254066,6935.0297868627558,1567.1861914992066,5721.711479957019,0,32.094183559617342,44.75900240170909,12.8872,0.73098458344328843,1.0000000000018694,7288.8976714562259,7288.8976714562259
情景一阈值控制,57.795852953641379,52345.526065530074,104.81032672282376,32526.988334787104,248.63169801143621,6948.2415383293464,1570.6276840286328,5731.0548724430855,0,32.16116498117043,44.839699781189303,12.8872,0.73064635082716611,1.0000000000018374,7301.6825564717183,7301.6825564717183
情景一阈值控制,57.907046430290748,52279.819277613104,104.81032672283004,32579.926288925595,248.20552648583177,6961.4365436334247,1574.0691765580586,5740.3822136921399,0,32.228090825359764,44.920263300076478,12.8872,0.73030781937573896,1.0000000000018043,7314.4513902501985,7314.4513902501985
情景一阈值控制,58,52224.972972033269,104.8103267228352,32624.11062782857,247.84979556369612,6972.4542412324172,1576.946135039595,5748.1672218874655,0,32.283995631610516,44.987508646279593,12.8872,0.73002459051205815,1.0000000000017775,7325.1133569270605,7325.1133569270605
情景一阈值控制,58.018239906940117,52214.219466359224,104.81032672283619,32632.773291505135,247.78004875633252,6974.6148300372697,1577.5106690874852,5749.6935298370645,0,32.294961043107705,45.000692951428128,12.8872,0.72996898914278807,1.0000000000017715,7327.2041989245499,7327.2041989245499
情景一阈值控制,58.129433383589486,52148.726457600613,104.81032672284223,32685.529490603185,247.35526369530527,6987.7764247588475,1580.9521616169116,5758.9888469681955,0,32.361775585345541,45.080988728617818,12.8872,0.72962986018298337,1.0000000000017388,7339.9410085851068,7339.9410085851068
情景一阈值控制,58.240626860238855,52083.340077453067,104.81032672284815,32738.195034056112,246.9311701768782,7000.9213549718907,1584.3936541463383,5768.2681911333893,0,32.428534403013593,45.161150625335679,12.8872,0.72929043255188541,1.000000000001706,7352.6618452797275,7352.6618452797275
情景一阈值控制,58.351820336888224,52018.060152315433,104.81032672285397,32790.770069459606,246.50776707694115,7014.0496478059567,1587.8351466757649,5777.5315883380999,0,32.495237447061392,45.24117863558893,12.8872,0.72895070630594616,1.0000000000016733,7365.3667350138649,7365.3667350138649
情景一阈值控制,58.463013813537593,51952.886508869226,104.81032672285968,32843.254744169055,246.08505327314558,7027.1613303465083,1591.2766392051917,5786.7790645454343,0,32.56188466844781,45.32107275370246,12.8872,0.7286106815025104,1.0000000000016402,7378.055703750626,7378.055703750626
情景一阈值控制,58.574207290186962,51887.818974078109,104.81032672286526,32895.649205299946,245.66302764490379,7040.2564296349719,1594.7181317346183,5796.0106456762351,0,32.628476018141221,45.400832974319329,12.8872,0.72827035819981711,1.0000000000016072,7390.7287774108536,7390.7287774108536
情景一阈值控制,58.685400766836331,51822.857375187501,104.81032672287076,32947.953599728222,245.24168907338935,7053.334972668812,1598.1596242640451,5805.2263576091391,0,32.695011447119619,45.480459292401306,12.8872,0.72792973645700121,1.0000000000015736,7403.3859818731844,7403.3859818731844
情景一阈值控制,58.7965942434857,51758.00153972405,104.81032672287611,33000.168074090725,244.82103644153599,7066.3969864016035,1601.6011167934721,5814.4262261806552,0,32.761490906370796,45.559951703229423,12.8872,0.72758881633409356,1.0000000000015405,7416.0273429741274,7416.0273429741274
情景一阈值控制,58.907787720135069,51693.251295495225,104.81032672288134,33052.29277478555,244.40106863403773,7079.4424977430926,1605.0426093228991,5823.6102771852247,0,32.827914346892484,45.639310202404474,12.8872,0.72724759789202387,1.0000000000015077,7428.6528865081236,7428.6528865081236
情景一阈值控制,59,51639.634161236892,104.81032672288561,33095.451578610649,244.05330975960686,7090.2485870507662,1607.8966245209067,5831.2145924204633,0,32.882956499146239,45.705020293363219,12.8872,0.72696440064633738,1.0000000000014801,7439.11121694137,7439.11121694137
情景一阈值控制,59.018981196784438,51628.606470588849,104.81032672288649,33104.327847972439,243.98178453734778,7092.4715335592728,1608.4841018523261,5832.7785363752928,0,32.894281719692486,45.718534785847595,12.8872,0.72690608119262112,1.0000000000014746,7441.2626382276194,7441.2626382276194
情景一阈值控制,59.130174673433807,51564.06689337259,104.81032672289149,33156.27343957319,243.56318303967788,7105.4841206724532,1611.9255943817532,5841.9310294613806,0,32.960592975788828,45.797625449800734,12.8872,0.72656426629861492,1.0000000000014408,7453.856623843134,7453.856623843134
情景一阈值控制,59.241368150083176,51499.632392493593,104.81032672289638,33208.129695271986,243.14526303099802,7118.4802858613193,1615.3670869111802,5851.0677821121453,0,33.026848066209936,45.876582190827229,12.8872,0.72622215327363682,1.0000000000014073,7466.4348690233255,7466.4348690233255
情景一阈值控制,59.352561626732545,51435.302796877964,104.81032672290118,33259.896760515876,242.72802340303497,7131.4600558610173,1618.8085794406072,5860.1888199544583,0,33.093046941994736,45.955405005812324,12.8872,0.72587974218222151,1.0000000000013742,7478.9973993950653,7478.9973993950653
情景一阈值控制,59.463755103381907,51371.07793573034,104.81032672290583,33311.574780515068,242.31146304927165,7144.4234573632084,1622.2500719700345,5869.294168573465,0,33.159189554192835,46.034093891963671,12.8872,0.72553703308980866,1.0000000000013405,7491.5442405434997,7491.5442405434997
情景一阈值控制,59.574948580031275,51306.957638533422,104.81032672291037,33363.163900243373,241.89558086494608,7157.3705170161484,1625.6915644994617,5878.3838535126552,0,33.22527585386468,46.112648846811915,12.8872,0.72519402606274341,1.000000000001307,7504.0754180121166,7504.0754180121166
情景一阈值控制,59.686142056680644,51242.941735047527,104.81032672291482,33414.664264438565,241.48037574705063,7170.3012614247455,1629.133057028889,5887.4579002739347,0,33.291305792081673,46.191069868211137,12.8872,0.72485072116827809,1.0000000000012736,7516.5909573028239,7516.5909573028239
情景一阈值控制,59.797335533330013,51179.030055310141,104.81032672291914,33466.076017602769,241.06584659433005,7183.2157171506424,1632.5745495583162,5896.5163343176873,0,33.357279319926327,46.269356954339443,12.8872,0.7245071184745735,1.0000000000012399,7529.0908838760033,7529.0908838760033
情景一阈值控制,59.908529009979382,51115.222429635462,104.81032672292341,33517.399304002858,240.65199230728112,7196.1139107122717,1636.0160420877435,5905.5591810628466,0,33.42319638849245,46.347510103699449,12.8872,0.72416321805070005,1.0000000000012064,7541.5752231505903,7541.5752231505903
情景一阈值控制,60,51062.81030683525,104.81032672292677,33559.55311346591,240.31204888091767,7206.7121674757936,1638.8471140022225,5912.9864224855301,0,33.477379326983659,46.411700749166961,12.8872,0.72388009240209039,1.0000000000011788,7551.833536487753,7551.833536487753
情景一阈值控制,60.019722486628751,51051.518688613964,104.8103267229275,33568.634267670823,240.23881178815111,7208.9958685849379,1639.4575346171707,5914.5864658869586,0,33.489056948885242,46.425529315118823,12.8872,0.723819019966639,1.0000000000011726,7554.0440005041291,7554.0440005041291
情景一阈值控制,60.13091596327812,50987.918663111923,104.81032672293145,33619.781052404142,239.8263039409363,7221.8616172008742,1642.8990271465982,5923.5982141262566,0,33.554860952221503,46.503414587750804,12.8872,0.72347452429328385,1.0000000000011391,7566.4972412728548,7566.4972412728548
情景一阈值控制,60.242109439927489,50924.422184270974,104.81032672293532,33670.839801766197,239.41446767138063,7234.7111829493197,1646.3405196760255,5932.5944510757226,0,33.62060834962972,46.5811659210747,12.8872,0.72312973110244139,1.0000000000011056,7578.9349707517486,7578.9349707517486
情景一阈值控制,60.353302916576858,50861.029083507681,104.81032672293905,33721.810659086623,239.00330188697444,7247.5445921765804,1649.7820122054529,5941.5752019891552,0,33.686299092250273,46.658783314896425,12.8872,0.72278464046683344,1.0000000000010716,7591.3572141946079,7591.3572141946079
情景一阈值控制,60.464496393226227,50797.739192513094,104.81032672294269,33772.693767461707,238.59280549695296,7260.3618711861081,1653.2235047348806,5950.5404920792371,0,33.751933131235539,46.736266769349001,12.8872,0.72243925246009733,1.0000000000010376,7603.7639968141175,7603.7639968141175
情景一阈值控制,60.575689869875596,50734.552343252239,104.8103267229462,33823.489269754769,238.18297741229446,7273.1630462385583,1656.6649972643079,5959.4903465176039,0,33.817510417750093,46.813616284893094,12.8872,0.72209356715678763,1.0000000000010039,7616.1553437819121,7616.1553437819121
情景一阈值控制,60.686883346524965,50671.468367963753,104.81032672294961,33874.197308596515,237.77381654571923,7285.9481435518628,1660.1064897937354,5968.4247904349104,0,33.883030902970809,46.890831862317505,12.8872,0.72174758463237754,1.0000000000009699,7628.5312802286462,7628.5312802286462
情景一阈值控制,60.798076823174334,50608.4870991594,104.81032672295288,33924.818026385452,237.36532181168729,7298.7171893013028,1663.5479823231626,5977.3438489208929,0,33.948494538087033,46.967913502739684,12.8872,0.72140130496325972,1.0000000000009364,7640.8918312440555,7640.8918312440555
情景一阈值控制,60.909270299823703,50545.608369623631,104.81032672295603,33975.351565288249,236.95749212639728,7311.4702096195679,1666.9894748525901,5986.2475470244444,0,34.013901274300743,47.04486120760626,12.8872,0.72105472822674765,1.0000000000009026,7653.2370218770347,7653.2370218770347
情景一阈值控制,61,50494.377541281814,104.81032672295854,34016.520544582425,236.62521039034516,7321.8643404032537,1669.7976034835394,5993.5012674411309,0,34.067228525068117,47.107548415626624,12.8872,0.72077171459175637,1.0000000000008744,7663.2988709246702,7663.2988709246702
情景一阈值控制,61.020463776473072,50482.832012413128,104.8103267229591,34025.798067240095,236.5503264077845,7324.2072305968304,1670.4309673820173,5995.1359097536688,0,34.079251062826692,47.121674978693527,12.8872,0.72070785450107733,1.0000000000008682,7665.5668771356859,7665.5668771356859
情景一阈值控制,61.131657253122434,50420.157860856372,104.81032672296203,34076.157673945127,236.14382357551904,7336.9282782808123,1673.8724599114444,6004.0089620759627,0,34.144543854892547,47.198354818107958,12.8872,0.72036068386540741,1.0000000000008342,7677.8814219874075,7677.8814219874075
情景一阈值控制,61.242850729771803,50357.585748553225,104.81032672296486,34126.430526876757,235.73798255100434,7349.6333786768573,1677.3139524408718,6012.8667289180667,0,34.209779601739065,47.274900728286745,12.8872,0.72001321639982152,1.0000000000008007,7690.1806813589383,7690.1806813589383
情景一阈值控制,61.354044206421172,50295.115509374416,104.81032672296756,34176.61676727805,235.33280225737494,7362.3225577479861,1680.7554449702989,6021.7092351661431,0,34.27495825462023,47.351312711998247,12.8872,0.71966545218532896,1.0000000000007665,7702.4646801364415,7702.4646801364415
情景一阈值控制,61.465237683070541,50232.746977461204,104.81032672297013,34226.716536162145,234.92828161949487,7374.9958414149833,1684.1969374997261,6030.5365056658347,0,34.340079764803392,47.427590772342526,12.8872,0.71931739130386618,1.0000000000007321,7714.7334431655609,7714.7334431655609
情景一阈值控制,61.57643115971991,50170.479987224848,104.81032672297259,34276.729974312584,234.5244195639556,7387.6532555564454,1687.6384300291536,6039.3485652223335,0,34.405144083569461,47.503734912751867,12.8872,0.71896903383829747,1.0000000000006981,7726.9869952514873,7726.9869952514873
情景一阈值控制,61.687624636369279,50108.314373346191,104.81032672297493,34326.657222283691,234.12121501907464,7400.2948260088651,1691.0799225585806,6048.145438600448,0,34.470151162213007,47.579745136991235,12.8872,0.71862037987241645,1.0000000000006648,7739.2253611590286,7739.2253611590286
情景一阈值控制,61.798818113018648,50046.249970775258,104.81032672297717,34376.498420400974,233.71866691489254,7412.9205785666891,1694.5214150880076,6056.9271505246634,0,34.535100952042463,47.655621449158815,12.8872,0.71827142949094802,1.0000000000006299,7751.4485656126708,7751.4485656126708
情景一阈值控制,61.910011589668017,49984.286614730787,104.81032672297931,34426.253708761469,233.31677418317193,7425.5305389823889,1697.9629076174349,6065.693725679218,0,34.599993404380228,47.731363853686496,12.8872,0.71792218277954789,1.0000000000005962,7763.6566332966531,7763.6566332966531
情景一阈值控制,62,49934.213798938224,104.81032672298092,34466.45765216594,232.99200318038487,7435.7241823732775,1700.7480929648552,6072.7774127199009,0,34.652468579848644,47.792563827062772,12.8872,0.71763932200121805,1.0000000000005684,7773.5255056847564,7773.5255056847564
情景一阈值控制,62.021205066317386,49922.424140699783,104.8103267229813,34475.923227234118,232.91553575739476,7438.1247329665275,1701.4044001468619,6074.445188708155,0,34.664828470562874,47.806972355340363,12.8872,0.71757263982480546,1.0000000000005622,7775.8495888550169,7775.8495888550169
情景一阈值控制,62.132398542966754,49860.662384437092,104.81032672298316,34525.507115460139,232.51495057276085,7450.7031861878304,1704.8458926762889,6083.1815642153988,0,34.729606101941251,47.882446959221205,12.8872,0.71722280071424405,1.0000000000005282,7788.0274568916875,7788.0274568916875
情景一阈值控制,62.243592019616123,49799.001181964959,104.81032672298493,34575.005512853422,232.11501756618532,7463.265924273247,1708.2873852057157,6091.9028767648142,0,34.794326249880669,47.957787670764986,12.8872,0.71687266553632223,1.0000000000004938,7800.1902619705297,7800.1902619705297
情景一阈值控制,62.354785496265492,49737.440369572636,104.81032672298655,34624.418558600853,231.71573567629665,7475.812972808023,1711.7288777351425,6100.6091508802747,0,34.858988865761049,48.032994495743388,12.8872,0.71652223438043505,1.0000000000004599,7812.338028615417,7812.338028615417
情景一阈值控制,62.465978972914861,49675.979783815877,104.81032672298808,34673.746391662738,231.31710384343518,7488.3443573357645,1715.1703702645696,6109.3004110457296,0,34.923593900977053,48.108067440264236,12.8872,0.71617150733691548,1.0000000000004259,7824.4707813102996,7824.4707813102996
情景一阈值控制,62.57717244956423,49614.619261516549,104.81032672298947,34722.989150773101,230.91912100964956,7500.8601033585055,1718.6118627939961,6117.9766817052596,0,34.988141306938282,48.183006510772039,12.8872,0.71582048449703528,1.0000000000003915,7836.5885444992555,7836.5885444992555
情景一阈值控制,62.688365926213592,49553.358639762191,104.81032672299078,34772.14697444014,230.52178611869599,7513.3602363367791,1722.0533553234227,6126.6379872631551,0,35.052631035069375,48.257811714048458,12.8872,0.71546916595300591,1.0000000000003575,7848.6913425865778,7848.6913425865778
情景一阈值控制,62.799559402862961,49492.197755905574,104.81032672299193,34821.220000946523,230.12509811603525,7525.8447816896796,1725.494847852849,6135.2843520839697,0,35.117063036810229,48.332483057212826,12.8872,0.71511755179798042,1.0000000000003237,7860.7791999368183,7860.7791999368183
情景一阈值控制,62.91075287951233,49431.136447564262,104.810326722993,34870.208368349791,229.72905594883096,7538.3137647949306,1728.9363403822754,6143.9158004925912,0,35.18143726361609,48.40702054772256,12.8872,0.71476564212605409,1.0000000000002893,7872.8521408748666,7872.8521408748666
情景一阈值控制,63,49382.198789861715,104.81032672299375,34909.466706725769,229.41164747986193,7548.3104925904581,1731.6985824461663,6150.8328777552597,0,35.233064063155382,48.466749680311224,12.8872,0.71448297546251305,1.0000000000002618,7882.5314602014259,7882.5314602014259
情景一阈值控制,63.021946356161699,49370.174552620207,104.81032672299393,34919.112214482702,229.33365856594673,7550.767210988949,1732.3778329117017,6152.5323567742998,0,35.245753666957754,48.481424193373726,12.8872,0.71441343703226545,1.0000000000002554,7884.9101896860011,7884.9101896860011
情景一阈值控制,63.133139832811068,49309.311909219316,104.81032672299473,34967.931676953624,228.93890491794465,7563.2051455669234,1735.8193254411281,6161.1340451748465,0,35.310012198321687,48.555694002301479,12.8872,0.71406093661259806,1.0000000000002212,7896.9533706159746,7896.9533706159746
情景一阈值控制,63.244333309460437,49248.548355770981,104.81032672299544,35016.666893146874,228.54479395708256,7575.6275937828632,1739.2608179705542,6169.7208899004982,0,35.374212809210213,48.629829982980567,12.8872,0.71370814096398094,1.0000000000001872,7908.9817078710521,7908.9817078710521
情景一阈值控制,63.355526786109806,49187.883730947709,104.81032672299601,35065.318000223109,228.1513246373118,7588.0345808496777,1742.7023104999803,6178.292915118117,0,35.438355451141639,48.703832144225778,12.8872,0.71335505018429024,1.000000000000153,7920.9952256180968,7920.9952256180968
情景一阈值控制,63.466720262759175,49127.317873684631,104.81032672299648,35113.885135119657,227.75849591427527,7600.4261319392408,1746.1438030294064,6186.8501449552177,0,35.502440075650448,48.777700495192455,12.8872,0.71300166437235002,1.0000000000001188,7932.9939479846244,7932.9939479846244
情景一阈值控制,63.577913739408544,49066.850623179125,104.81032672299682,35162.368434550925,227.3663067453046,7612.8022721824536,1749.5852955588325,6195.392603500035,0,35.566466634287401,48.851435045376967,12.8872,0.71264798362793347,1.0000000000000846,7944.9778990588675,7944.9778990588675
情景一阈值控制,63.689107216057913,49006.481818890374,104.81032672299705,35210.76803500871,226.97475608941861,7625.1630266693128,1753.0267880882582,6203.9203148015831,0,35.630435078619755,48.925035804617167,12.8872,0.71229400805176435,1.0000000000000508,7956.9471028898415,7956.9471028898415
情景一阈值控制,63.800300692707282,48946.211300538911,104.81032672299717,35259.084072762598,226.58384290731999,7637.5084204489776,1756.4682806176841,6212.4333028697238,0,35.694345360231367,48.998502783092867,12.8872,0.71193973774551766,1.0000000000000164,7968.9015834874081,7968.9015834874081
情景一阈值控制,63.911494169356651,48886.03890810626,104.81032672299722,35307.316683860328,226.19356616139356,7649.8384785298331,1759.9097731471095,6220.9315916752266,0,35.75819743072288,49.071835991326338,12.8872,0.71158517281182077,0.99999999999998268,7980.8413648223359,7980.8413648223359
情景一阈值控制,64,48838.213973974096,104.81032672299712,35345.648491036423,225.88337474017612,7659.6417969071099,1762.6490719274705,6227.6854198509263,0,35.808979641182717,49.130110864157871,12.8872,0.71130274192440179,0.99999999999995526,7990.334491778397,7990.334491778397
情景一阈值控制,64.02268764600602,48825.964481834424,104.81032672299708,35355.466004128117,225.80392481570408,7662.1532258795605,1763.3512656765351,6229.4152051498395,0,35.821991241711878,49.145035440182767,12.8872,0.71123031335425524,0.99999999999994849,7992.7664708263746,7992.7664708263746
情景一阈值控制,64.133881122655396,48765.987862225542,104.81032672299683,35403.532169171071,225.41491783599344,7674.4526874251987,1766.7927582059606,6237.8841671863429,0,35.885726744833022,49.218101140870715,12.8872,0.7108751594773568,0.99999999999991485,8004.676925392303,8004.676925392303
情景一阈值控制,64.245074599304758,48706.108890041425,104.81032672299648,35451.515314373493,225.02654418967845,7686.7368880532122,1770.2342507353853,6246.3385016386146,0,35.949403891738221,49.291033104942592,12.8872,0.71051971128661773,0.99999999999988021,8016.5727523739997,8016.5727523739997
情景一阈值控制,64.356268075954119,48646.32740630312,104.81032672299598,35499.415574899285,224.63880284584855,7699.0058526095581,1773.6757432648103,6254.7782323217052,0,36.013022634096806,49.363831344295136,12.8872,0.71016396888848643,0.99999999999984623,8028.4539755865153,8028.4539755865153
情景一阈值控制,64.467461552603481,48586.643252290523,104.8103267229954,35547.233085692285,224.25169277526356,7711.2596058997478,1777.1172357942351,6263.2033830118862,0,36.076582923595659,49.436495871169868,12.8872,0.70980793239036977,0.99999999999981282,8040.3206188061213,8040.3206188061213
情景一阈值控制,64.578655029252857,48527.056269541914,104.8103267229947,35594.967981476628,223.86521295035058,7723.4981726889209,1780.55872832366,6271.6139774467192,0,36.140084711939387,49.509026698153562,12.8872,0.70945160190063405,0.99999999999977873,8052.1727057703793,8052.1727057703793
情景一阈值控制,64.689848505902233,48467.566299853599,104.81032672299388,35642.620396757113,223.47936234520245,7735.7215777018955,1784.000220853085,6280.0100393251205,0,36.203527950850464,49.581423838178701,12.8872,0.7090949775286054,0.99999999999974476,8064.0102601782055,8064.0102601782055
情景一阈值控制,64.801041982551595,48408.173185279455,104.81032672299295,35690.190465819542,223.09413993557484,7747.9298456232482,1787.4417133825093,6288.391592307421,0,36.266912592069403,49.65368730452392,12.8872,0.70873805938457157,0.9999999999997109,8075.8333056899301,8075.8333056899301
情景一阈值控制,64.912235459200957,48348.876768130467,104.8103267229919,35737.678322731088,222.70954469888406,7760.1230010973741,1790.8832059119336,6296.75866001543,0,36.330238587354913,49.725817110814518,12.8872,0.70838084757978237,0.9999999999996767,8087.6418659273641,8087.6418659273641
情景一阈值控制,65,48302.142535606283,104.81032672299098,35775.102321779741,222.40642750798375,7769.7363517638041,1793.5995614087644,6303.3525379941284,0,36.380180083575091,49.782654488039888,12.8872,0.70809869452068575,0.9999999999996505,8096.9520994028926,8096.9520994028926
情景一阈值控制,65.023428935850333,48289.676890974391,104.81032672299074,35785.084101340668,222.32557561420421,7772.3010687285523,1794.3246984413581,6305.1112660325025,0,36.393505888484064,49.797813271022868,12.8872,0.70802334222645102,0.99999999999964317,8099.4359644738606,8099.4359644738606
情景一阈值控制,65.134622412499709,48230.573396635278,104.81032672298946,35832.407935279254,221.94223166226521,7784.464073081007,1797.7661909707822,6313.4494339035946,0,36.456714447252416,49.869675799468887,12.8872,0.70766554343775578,0.99999999999960942,8111.2156248743768,8111.2156248743768
情景一阈值控制,65.245815889149071,48171.566128193102,104.81032672298807,35879.649957960282,221.55951182545047,7796.612038678978,1801.207683500206,6321.7731871353253,0,36.5198642154742,49.941404710820471,12.8872,0.70730745132784001,0.99999999999957556,8122.9808706355316,8122.9808706355316
情景一阈值控制,65.357009365798433,48112.654928983276,104.81032672298655,35926.810302579957,221.17741508779361,7808.7449900067822,1804.6491760296296,6330.0825491960486,0,36.582955144982485,50.013000020094012,12.8872,0.70694906601181384,0.99999999999954192,8134.731725225678,8134.731725225678
情景一阈值控制,65.468202842447809,48053.839642596307,104.81032672298488,35973.889102117646,220.79594043497681,7820.862951508886,1808.0906685590535,6338.3775435159087,0,36.645987187629338,50.084461742654781,12.8872,0.7065903876057551,0.99999999999950828,8146.4682120749621,8146.4682120749621
情景一阈值控制,65.579396319097185,47995.120112877346,104.81032672298312,36020.886489336197,220.41508685432808,7832.9659475899534,1811.5321610884769,6346.6581934869018,0,36.708960295285934,50.155789894217392,12.8872,0.70623141622671048,0.99999999999947398,8158.1903545753785,8158.1903545753785
情景一阈值控制,65.690589795746547,47936.496183925781,104.81032672298126,36067.802596782298,220.03485333481905,7845.0540026149247,1814.9736536178998,6354.9245224629394,0,36.771874419842774,50.22698449084627,12.8872,0.70587215199269604,0.99999999999944056,8169.8981760808392,8169.8981760808392
情景一阈值控制,65.801783272395909,47877.967700094792,104.81032672297928,36114.637556786882,219.65523886706171,7857.1271409090796,1818.4151461473227,6363.1765537599131,0,36.834729513209822,50.298045548956097,12.8872,0.70551259502269903,0.9999999999994067,8181.591699907236,8181.591699907236
情景一阈值控制,65.912976749045285,47819.534505991018,104.81032672297722,36161.391501465405,219.27624244330673,7869.1853867580976,1821.8566386767459,6371.4143106557522,0,36.897525527316667,50.368973085312241,12.8872,0.70515274543667816,0.99999999999937383,8193.2709493324983,8193.2709493324983
情景一阈值控制,66,47773.869358413256,104.81032672297549,36197.926070872265,218.98005928903984,7878.6121480832626,1824.5500508900461,6377.8514766133476,0,36.946630272611976,50.424389909975361,12.8872,0.70487091263617496,0.99999999999934719,8202.4015275033944,8202.4015275033944
情景一阈值控制,66.024170225694647,47761.196446474045,104.81032672297499,36208.064562718224,218.89786305744099,7881.2287644081243,1825.2981312061684,6379.6378163904865,0,36.96026241411267,50.439767117031188,12.8872,0.70479260335556559,0.99999999999934019,8204.9359475966558,8204.9359475966558
情景一阈值控制,66.135363702344023,47702.95336665606,104.81032672297268,36254.656872230953,218.52009970498446,7893.2572980658315,1828.7396237355911,6387.8470941663136,0,37.022940125567146,50.510427661581033,12.8872,0.70443216890126692,0.99999999999930655,8216.5867179019042,8216.5867179019042
情景一阈值控制,66.246557178993385,47644.805111901442,104.81032672297022,36301.168561474813,218.14295138308833,7905.271011898486,1832.1811162650129,6396.0421671476488,0,37.085558613669491,50.580954736781848,12.8872,0.70407144219666273,0.99999999999927291,8228.2232834126626,8228.2232834126626
情景一阈值控制,66.357750655642747,47586.751527826287,104.81032672296766,36347.599761706988,217.76641709053203,7917.2699300340182,1835.6226087944349,6404.223058461198,0,37.148117830429399,50.651348360806196,12.8872,0.70371042336560929,0.99999999999923961,8239.8456672556331,8239.8456672556331
情景一阈值控制,66.468944132292123,47528.792460298071,104.81032672296497,36393.950603970959,217.39049582772148,7929.254076561072,1839.0641013238571,6412.3897911960175,0,37.210617727876965,50.721608552179518,12.8872,0.7033491125329403,0.99999999999920575,8251.453892519874,8251.453892519874
情景一阈值控制,66.580137608941499,47470.927755435223,104.8103267229622,36440.221219096849,217.01518659668557,7941.2234755290801,1842.5055938532789,6420.5423884035654,0,37.273058258062861,50.791735329780572,12.8872,0.70298750982446667,0.99999999999917311,8263.047982256845,8263.047982256845
情景一阈值控制,66.691331085590861,47413.157259606676,104.8103267229593,36486.411737701761,216.64048840107461,7953.1781509483235,1845.9470863827003,6428.6808730977737,0,37.335439373058506,50.861728712841867,12.8872,0.70262561536697909,0.99999999999913947,8274.6279594804746,8274.6279594804746
情景一阈值控制,66.802524562240222,47355.480819431519,104.81032672295628,36532.522290190172,216.26640024615716,7965.1181267899974,1849.3885789121211,6436.805268255107,0,37.397761024956246,50.931588720950124,12.8872,0.70226342928824737,0.99999999999910649,8286.1938471672274,8286.1938471672274
情景一阈值控制,66.913718038889598,47297.898281778507,104.81032672295314,36578.55300675425,215.89292113881805,7977.0434269862735,1852.8300714415425,6444.9155968146206,0,37.460023165869472,51.001315374046683,12.8872,0.70190095171702249,0.9999999999990733,8297.7456682561624,8297.7456682561624
情景一阈值控制,67,47253.281000653929,104.81032672295062,36614.21618648227,215.60353440651249,7986.2869151151353,1855.5005403713121,6451.199229281402,0,37.508295212488456,51.055328763683043,12.8872,0.70161948197019874,0.99999999999904732,8306.6997696527142,8306.6997696527142
情景一阈值控制,67.024911515538975,47240.409493765765,104.81032672294991,36624.504017374165,215.52005008755555,7988.9540754303634,1856.2715639709634,6453.0118816780205,0,37.522225747932801,51.070908692427913,12.8872,0.70153818278303737,0.99999999999904032,8309.2834456489836,8309.2834456489836
情景一阈值控制,67.136104992188336,47183.014302760312,104.81032672294654,36670.375451818494,215.14778610247888,8000.8500959765743,1859.7130565003838,6461.0941457097315,0,37.584368723302248,51.140368696745661,12.8872,0.70117512261700776,0.99999999999900724,8320.8072022101151,8320.8072022101151
情景一阈值控制,67.247298468837698,47125.712556377635,104.81032672294307,36716.167439644531,214.77612819530614,8012.7315124403876,1863.1545490298042,6469.1624117369502,0,37.646452044155374,51.209695408007676,12.8872,0.70081177135063322,0.99999999999897382,8332.3169607667551,8332.3169607667551
情景一阈值控制,67.358491945487074,47068.504102481333,104.81032672293946,36761.880110198646,214.40507537936094,8024.5983485985153,1866.5960415592244,6477.2167025497074,0,37.708475662691455,51.278888847578038,12.8872,0.7004481291165976,0.99999999999894096,8343.8127441089309,8343.8127441089309
情景一阈值控制,67.46968542213645,47011.388789182725,104.81032672293576,36807.513592616619,214.03462666957097,8036.4506281889553,1870.0375340886444,6485.2570409009322,0,37.770439531131643,51.347949037177543,12.8872,0.70008419604857131,0.99999999999890798,8355.2945749895771,8355.2945749895771
情景一阈值控制,67.580878898785812,46954.366464840386,104.81032672293192,36853.068015823956,213.66478108246457,8048.2883749110597,1873.4790266180642,6493.283449506509,0,37.83234360171911,51.416875998884151,12.8872,0.69971997228121086,0.9999999999988749,8366.7624761245734,8366.7624761245734
情景一阈值控制,67.692072375435174,46897.436978059784,104.810326722928,36898.543508536321,213.29553763616889,8060.111612425605,1876.9205191474832,6501.2959510453366,0,37.894187826719239,51.485669755133422,12.8872,0.69935545795016041,0.99999999999884237,8378.2164701928195,8378.2164701928195
情景一阈值控制,67.803265852084536,46840.600177692868,104.81032672292396,36943.940199259756,212.92689535040694,8071.9203643548472,1880.3620116769023,6509.2945681593919,0,37.955972158419776,51.554330328718891,12.8872,0.69899065319205311,0.99999999999880973,8389.6565798362935,8389.6565798362935
情景一阈值控制,67.914459328733912,46783.85591283768,104.8103267229198,36989.25821629112,212.55885324649526,8083.7146542825822,1883.8035042063216,6517.2793234537921,0,38.017696549130982,51.622857742792505,12.8872,0.69862555814451111,0.99999999999877676,8401.0828276601133,8401.0828276601133
情景一阈值控制,68,46740.265670830537,104.81032672291653,37024.067713741169,212.27612785607931,8092.7781242301062,1886.4510298525604,6523.4125423646565,0,38.065140038687815,51.675484984854371,12.8872,0.69834449459755965,0.99999999999875178,8409.8635722172166,8409.8635722172166
情景一阈值控制,68.025652805383288,46727.204032837944,104.81032672291555,37034.497687718387,212.19141034734156,8095.4945057542136,1887.2449967357402,6525.250239496846,0,38.079360951185812,51.691252020865029,12.8872,0.69826017294614717,0.99999999999874467,8412.4952362325857,8412.4952362325857
情景一阈值控制,68.13684628203265,46670.644387282657,104.81032672291117,37079.658741420979,211.82456567744205,8107.2599422768108,1890.6864892651588,6533.2073388201215,0,38.14096531694004,51.759513186806444,12.8872,0.69789449773656576,0.99999999999871192,8423.8938280852799,8423.8938280852799
情景一阈值控制,68.248039758682012,46614.176826005707,104.81032672290667,37124.741505070131,211.45831826287898,8119.0109873191768,1894.1279817945765,6541.1506439185005,0,38.202509598772487,51.827641264846392,12.8872,0.69752853265636316,0.99999999999867961,8435.2786257130774,8435.2786257130774
情景一阈值控制,68.359233235331388,46557.801199085465,104.81032672290208,37169.74610612922,211.09266713131791,8130.7476643119071,1897.5694743239949,6549.0801772502473,0,38.263993749085145,51.895636279574539,12.8872,0.69716227784712914,0.99999999999864708,8446.6496515742419,8446.6496515742419
情景一阈值控制,68.470426711980764,46501.517356844372,104.81032672289736,37214.672671854081,210.72761131200596,8142.4699966474491,1901.0109668534126,6556.9959612370549,0,38.325417720303314,51.963498255941012,12.8872,0.69679573345144741,0.99999999999861477,8458.0069280904681,8458.0069280904681
情景一阈值控制,68.581620188630126,46445.325149848592,104.81032672289254,37259.521329293377,210.36314983576835,8154.1780076801706,1904.4524593828298,6564.8980182641171,0,38.38678146487581,52.031227219256763,12.8872,0.69642889961289689,0.99999999999858247,8469.3504776469472,8469.3504776469472
情景一阈值控制,68.692813665279488,46389.224428907553,104.81032672288761,37304.292205288941,209.99928173500649,8165.8717207264153,1907.8939519122468,6572.7863706801782,0,38.448084935275119,52.098823195194029,12.8872,0.69606177647605239,0.99999999999855005,8480.680322592425,8480.680322592425
情景一阈值控制,68.804007141928864,46333.215045073572,104.81032672288256,37348.98542647608,209.63600604369523,8177.551159064571,1911.3354444416636,6580.6610407976013,0,38.509328083997559,52.166286209786691,12.8872,0.69569436418648523,0.99999999999851796,8491.9964852392659,8491.9964852392659
情景一阈值控制,68.91520061857824,46277.296849641498,104.81032672287741,37393.601119283921,209.27332179738079,8189.2163459351259,1914.7769369710804,6588.5220508924185,0,38.57051086356342,52.233616289430671,12.8872,0.69532666289076484,0.99999999999848599,8503.298987863498,8503.298987863498
情景一阈值控制,69,46234.713203682448,104.81032672287341,37427.574315153521,208.9971251594275,8198.1029926625215,1917.4015193337887,6594.5079186191506,0,38.617130027442137,52.284874836539537,12.8872,0.69504604902682421,0.99999999999846134,8511.9094379529397,8511.9094379529397
情景一阈值控制,69.026394095227602,46221.469694148269,104.81032672287213,37438.139409935749,208.91122803317765,8200.8673045407286,1918.2184295004965,6596.369423204399,0,38.631633226517152,52.300813460884321,12.8872,0.69495867273645917,0.99999999999845379,8514.5878527048953,8514.5878527048953
情景一阈值控制,69.137587571876963,46165.733430372529,104.81032672286676,37482.600424449367,208.54972378976646,8212.504058046261,1921.6599220299124,6604.203179937097,0,38.692695125427534,52.36787775126885,12.8872,0.69459039387213539,0.99999999999842204,8525.8631019670102,8525.8631019670102
情景一阈值控制,69.248781048526325,46110.087910334252,104.81032672286128,37526.984288637403,208.18880810739165,8224.1266295788846,1925.1014145593281,6612.0233432579253,0,38.753696512887828,52.434809188068705,12.8872,0.69422182644736119,0.99999999999839029,8537.1247578172533,8537.1247578172533
情景一阈值控制,69.359974525175701,46054.532986294318,104.81032672285569,37571.291128107652,207.82848002785838,8235.7350422281143,1928.542907088744,6619.8299352982012,0,38.814637341515947,52.501607799131932,12.8872,0.69385297061270546,0.99999999999835831,8548.3728423869452,8548.3728423869452
情景一阈值控制,69.471168001825077,45999.068510754158,104.81032672284999,37615.521068263384,207.46873859453075,8247.3293190458735,1931.9843996181592,6627.6229781532111,0,38.875517563954595,52.568273612670595,12.8872,0.69348382651973917,0.99999999999832678,8559.60737777137,8559.60737777137
情景一阈值控制,69.582361478474439,45943.694336455337,104.8103267228442,37659.674234303733,207.10958285232888,8258.9094830465529,1935.4258921475737,6635.4024938822668,0,38.936337132871465,52.634806657261123,12.8872,0.69311439432103616,0.99999999999829514,8570.8283860298397,8570.8283860298397
情景一阈值控制,69.693554955123801,45888.410316379181,104.81032672283825,37703.750751223968,206.75101184772666,8270.4755572070771,1938.8673846769882,6643.1685045087688,0,38.997096000959402,52.701206961844768,12.8872,0.69274467417017405,0.99999999999826339,8582.0358891857577,8582.0358891857577
情景一阈值控制,69.804748431773177,45833.216303746347,104.81032672283222,37747.750743815901,206.39302462874892,8282.0275644669673,1942.3088772064025,6650.921032020261,0,39.057794120936556,52.767474555727915,12.8872,0.69237466622173494,0.99999999999823219,8593.2299092266639,8593.2299092266639
情景一阈值控制,69.915941908422553,45778.112152016489,104.81032672282606,37791.674336668111,206.03562024496924,8293.5655277283931,1945.7503697358168,6658.6600983684866,0,39.118431445546534,52.833609468582488,12.8872,0.6920043706313066,0.99999999999820099,8604.4104681043027,8604.4104681043027
情景一阈值控制,70,45736.515036529308,104.81032672282134,37824.828290710197,205.76582221727986,8302.2784872011835,1948.3520088149937,6664.5016207344052,0,39.164230605276991,52.883516933609577,12.8872,0.69172425025585116,0.99999999999817679,8612.8536295493996,8612.8536295493996
情景一阈值控制,70.027135385071915,45723.097714887852,104.81032672281982,37835.521654166376,205.67879774750776,8305.0894698562388,1949.1918622652304,6666.3857254694512,0,39.179007927558587,52.899611730446324,12.8872,0.69163378755548321,0.99999999999816946,8615.5775877346823,8615.5775877346823
情景一阈值控制,70.138328861721277,45668.172846296846,104.81032672281347,37879.292820493945,205.32255618902795,8316.5994136781665,1952.6333547946433,6674.0979352034783,0,39.239523519767765,52.965481371723563,12.8872,0.69126291715186561,0.99999999999813838,8626.7312899981225,8626.7312899981225
情景一阈值控制,70.249522338370653,45613.337400417673,104.81032672280702,37922.987959631908,204.96689462373467,8328.0953819846727,1956.0748473240565,6681.7967494152717,0,39.299978174995111,53.031218423185031,12.8872,0.6908917595790629,0.99999999999810718,8637.8715967393291,8637.8715967393291
情景一阈值控制,70.360715815020029,45558.591231662002,104.81032672280044,37966.607195359473,204.61181210737166,8339.5773975291468,1959.5163398534694,6689.4821899139652,0,39.360371846087766,53.096822915968552,12.8872,0.69052031499669275,0.99999999999807621,8648.9985297674339,8648.9985297674339
情景一阈值控制,70.471909291669391,45503.934194678499,104.81032672279376,38010.150651254335,204.25730769721918,8351.0454830279414,1962.9578323828814,6697.1542784731873,0,39.420704485919181,53.162294881579392,12.8872,0.69014858356538267,0.99999999999804501,8660.1121108560692,8660.1121108560692
情景一阈值控制,70.583102768318753,45449.366144352491,104.810326722787,38053.618450693008,203.903380452091,8362.4996611604183,1966.3993249122932,6704.8130368311176,0,39.480976047389284,53.227634351890579,12.8872,0.68977656544677013,0.99999999999801414,8671.2123617434117,8671.2123617434117
情景一阈值控制,70.694296244968129,45394.886935805545,104.81032672278012,38097.010716851117,203.55002943233248,8373.939954569023,1969.8408174417052,6712.4584866905443,0,39.541186483424632,53.292841359143317,12.8872,0.68940426080350381,0.99999999999798395,8682.2993041322497,8682.2993041322497
情景一阈值控制,70.805489721617491,45340.496424395125,104.81032672277311,38140.327572703754,203.19725369981805,8385.3663858593318,1973.2823099711163,6720.0906497189208,0,39.601335746978563,53.357915935947275,12.8872,0.68903166979924502,0.99999999999795286,8693.3729596900375,8693.3729596900375
情景一阈值控制,70.916683198266867,45286.194465714158,104.81032672276602,38183.5691410258,202.84505231794853,8396.7789776001227,1976.7238025005277,6727.709547548423,0,39.661423791031403,53.422858115281045,12.8872,0.68865879259866669,0.99999999999792266,8704.4333500489502,8704.4333500489502
情景一阈值控制,71,45245.564185958094,104.81032672276065,38215.920597708951,202.58152516273074,8405.3213278282619,1979.3024982961736,6733.4096748256943,0,39.706407358636099,53.471432266256862,12.8872,0.68837920982445278,0.99999999999789946,8712.7121731218685,8712.7121731218685
情景一阈值控制,71.027876674916229,45231.980915590728,104.81032672275883,38226.735544392242,202.49342435164886,8408.177752323425,1980.1652950299381,6735.3152017760067,0,39.721450568590576,53.487667930492407,12.8872,0.68828562936745619,0.99999999999789213,8715.4804968059452,8715.4804968059452
情景一阈值控制,71.139070151565591,45177.855630087586,104.81032672275157,38269.826905178503,202.14236886736541,8419.5627325245896,1983.606787559348,6742.9076339634712,0,39.781416032690828,53.55234541529876,12.8872,0.68791218027231471,0.99999999999786193,8726.5144215228192,8726.5144215228192
情景一阈值控制,71.250263628214967,45123.81846550187,104.81032672274414,38312.843345560781,201.79188493306404,8430.933940662344,1987.0482800887582,6750.4868656375074,0,39.841320136394373,53.616890603787446,12.8872,0.68753844548095855,0.9999999999978314,8737.5351457262659,8737.5351457262659
情景一阈值控制,71.361457104864343,45069.869278364655,104.81032672273662,38355.784987516337,201.44197161822694,8442.2913991588484,1990.4897726181682,6758.0529182897562,0,39.901162832791037,53.681303530416116,12.8872,0.68716442516212006,0.99999999999780098,8748.5426909079251,8748.5426909079251
情景一阈值控制,71.472650581513705,45016.007925440608,104.81032672272903,38398.651952823857,201.09262799385098,8453.6351303997562,1993.9312651475775,6765.605813376872,0,39.96094407499843,53.745584230013037,12.8872,0.68679011948554769,0.99999999999777123,8759.5370785244486,8759.5370785244486
情景一阈值控制,71.583844058163066,44962.234263727594,104.81032672272133,38441.444363063754,200.74385313244443,8464.9651567342844,1997.3727576769859,6773.1455723205763,0,40.02066381616217,53.809732737777544,12.8872,0.68641552862200783,0.99999999999774103,8770.5183299975615,8770.5183299975615
情景一阈值控制,71.695037534812442,44908.548150456292,104.81032672271348,38484.162339618517,200.39564610802532,8476.2815004752556,2000.8142502063947,6780.6722165077117,0,40.080322009455976,53.873749089280288,12.8872,0.6860406527432843,0.99999999999771128,8781.4864667141064,8781.4864667141064
情景一阈值控制,71.806231011461819,44854.949443089841,104.81032672270557,38526.806003672973,200.04800599611846,8487.5841838991691,2004.2557427358031,6788.1857672903006,0,40.139918608081857,53.937633320463618,12.8872,0.6856654920221803,0.99999999999768108,8792.4415100261031,8792.4415100261031
情景一阈值控制,71.91742448811118,44801.437999323411,104.81032672269751,38569.375476214685,199.70093187375329,8498.8732292462537,2007.6972352652108,6795.6862459856065,0,40.199453565270304,54.001385467641938,12.8872,0.68529004663251802,0.99999999999765177,8803.3834812508176,8803.3834812508176
情景一阈值控制,72,44761.755224849447,104.81032672269149,38600.940870286649,199.44355021542862,8507.2479913065854,2010.2529877773252,6801.2478738754917,0,40.243626043581507,54.0486442224962,12.8872,0.68501104586409078,0.99999999999762978,8811.5008616528175,8811.5008616528175
情景一阈值控制,72.028617964760542,44748.013677083902,104.81032672268937,38611.870878034213,199.35442281946123,8510.1486587205363,2011.138727794618,6803.1736738761801,0,40.258926834280444,54.065005567502034,12.8872,0.68491431674914038,0.99999999999762224,8814.3124016707989,8814.3124016707989
情景一阈值控制,72.139811441409918,44694.67633452946,104.81032672268114,38654.292329725497,199.00847791327351,8521.4104944898882,2014.5802203240255,6810.6480722099295,0,40.318338368400198,54.128493657103419,12.8872,0.68453830254791104,0.9999999999975927,8825.228292533955,8825.228292533955
情景一阈值控制,72.251004918059294,44641.425830049229,104.81032672267283,38696.639951686091,198.66309623671862,8532.6587586860915,2018.0217128534323,6818.1094622001619,0,40.377688120946452,54.19184977387868,12.8872,0.68416200420571527,0.99999999999756362,8836.1311750535933,8836.1311750535933
情景一阈值控制,72.362198394708656,44588.262022262876,104.81032672266441,38738.913864117545,198.31827687281972,8543.8934734048962,2021.4632053828386,6825.557865025653,0,40.436976045265233,54.255073955633776,12.8872,0.6837854219004611,0.99999999999753419,8847.0210704084911,8847.0210704084911
情景一阈值控制,72.473391871358018,44535.184770020242,104.81032672265586,38781.114187025734,197.97401890609274,8555.11466070608,2024.9046979122443,6832.9933018306956,0,40.496202094731863,54.318166240548422,12.8872,0.68340855581107929,0.99999999999750488,8857.8979997429396,8857.8979997429396
情景一阈值控制,72.58458534800738,44482.193932400987,104.81032672264722,38823.241040221124,197.63032142254332,8566.3223426135028,2028.3461904416499,6840.4157937251539,0,40.555366222751161,54.381126667176396,12.8872,0.68303140611752444,0.9999999999974758,8868.7619841668038,8868.7619841668038
情景一阈值控制,72.695778824656756,44429.289368714177,104.81032672263848,38865.294543319142,197.28718350966474,8577.5165411151738,2031.7876829710551,6847.825361784533,0,40.614468382757565,54.443955274445884,12.8872,0.68265397300077568,0.99999999999744682,8879.6130447555879,8879.6130447555879
情景一阈值控制,72.806972301306132,44376.470938497987,104.81032672262965,38907.274815740457,196.9446042564357,8588.6972781632976,2035.2291755004601,6855.2220270500138,0,40.673508528215322,54.506652101659753,12.8872,0.68227625664283742,0.9999999999974184,8890.4512025504737,8890.4512025504737
情景一阈值控制,72.918165777955494,44323.738501519227,104.81032672262072,38949.181976711297,196.60258275331771,8599.8645756743426,2038.6706680298644,6862.6058105285274,0,40.732486612618665,54.569217188495948,12.8872,0.68189825722674002,0.99999999999738953,8901.2764785583913,8901.2764785583913
情景一阈值控制,73,44284.984259738245,104.81032672261408,38979.977438667345,196.35122353697932,8608.0747147156198,2041.2034772584475,6868.0317811248769,0,40.775852595564992,54.615178609629368,12.8872,0.68161988314450506,0.99999999999736866,8909.2352583833235,8909.2352583833235
情景一阈值控制,73.029359254604856,44271.091917773039,104.81032672261168,38991.016145263806,196.26111809225239,8611.0184555290944,2042.1121605592682,6869.9767331928006,0,40.791402589491973,54.631650575007775,12.8872,0.68151997493653982,0.99999999999736111,8912.0888937520685,8912.0888937520685
情景一阈值控制,73.140552731254232,44218.531047482502,104.81032672260255,39032.777440236321,195.92020936665952,8622.1589395727169,2045.553653088672,6877.3348159814177,0,40.850256412389939,54.693952301624243,12.8872,0.68114140995732075,0.99999999999733269,8922.8884690700907,8922.8884690700907
情景一阈值控制,73.251746207903608,44166.055751098276,104.81032672259332,39074.465980273686,195.57985567143464,8633.2860496148078,2048.9951456180756,6884.6800797988708,0,40.909048034897737,54.75612240915035,12.8872,0.68076256247519462,0.99999999999730416,8933.675225416946,8933.675225416946
情景一阈值控制,73.36293968455297,44113.665889298216,104.81032672258399,39116.081883827603,195.24005610294651,8644.3998074294523,2052.4366381474783,6892.0125455156158,0,40.967777410631172,54.818160938767427,12.8872,0.6803834326773015,0.99999999999727629,8944.449183663095,8944.449183663095
情景一阈值控制,73.474133161202332,44061.361322986988,104.8103267225746,39157.62526915691,194.90080975903447,8655.5002347552945,2055.8781306768801,6899.3322339681336,0,41.026444493236916,54.880067932033455,12.8872,0.68000402075181077,0.99999999999724776,8955.2103646450141,8955.2103646450141
情景一阈值控制,73.585326637851708,44009.141913295723,104.81032672256511,39199.096254327924,194.56211573900657,8666.5873532955793,2059.3196232062828,6906.6391659589781,0,41.085049236392607,54.941843430883367,12.8872,0.67962432688792118,0.99999999999721989,8965.9587891652609,8965.9587891652609
情景一阈值控制,73.696520114501084,43957.007521581683,104.81032672255547,39240.494957214709,194.2239731436371,8677.6611847182212,2062.7611157356846,6913.9333622568392,0,41.143591593807038,55.003487477629342,12.8872,0.67924435127586236,0.99999999999719225,8976.6944779925234,8976.6944779925234
情景一阈值控制,73.807713591150446,43904.958009427799,104.81032672254577,39281.821495499447,193.88638107516368,8688.7217506558518,2066.2026082650855,6921.2148435965864,0,41.202071519220318,55.06500011496113,12.8872,0.67886409410689497,0.99999999999716427,8987.417451861671,8987.417451861671
情景一阈值控制,73.918907067799807,43852.993238642382,104.81032672253599,39323.075986672709,193.54933863728547,8699.7690727058907,2069.6441007944863,6928.4836306793359,0,41.26048896640409,55.126381385946381,12.8872,0.67848355557331075,0.99999999999713662,8998.1277314738218,8998.1277314738218
情景一阈值控制,74,43815.148908503375,104.81032672252877,39353.117348130407,193.30388108781656,8707.8174989366726,2072.1539667395377,6933.7767334155906,0,41.303053139266005,55.171063674635953,12.8872,0.67820585311717774,0.99999999999711675,9005.9307001551279,9005.9307001551279
情景一阈值控制,74.030100544449184,43801.113071258733,104.81032672252609,39364.258548033788,193.21284493516066,8710.8031724305929,2073.0855933238868,6935.7397441725034,0,41.318843889161649,55.187631334030911,12.8872,0.67810273586843417,0.99999999999710898,9008.8253374963897,9008.8253374963897
情景一阈值控制,74.141294021098545,43749.31736953478,104.81032672251608,39405.369296691002,192.876899075404,8721.8240713571049,2076.5270858532863,6942.9832047098471,0,41.377136241328103,55.248750003039007,12.8872,0.67772163518662221,0.99999999999708211,9019.5102905631338,9019.5102905631338
情景一阈值控制,74.252487497747921,43697.605995952683,104.81032672250599,39446.408349562007,192.54150016608446,8732.8317909775269,2079.9685783826858,6950.2140328915411,0,41.435365976770619,55.309737437173744,12.8872,0.67734025372326589,0.99999999999705469,9030.1826112742274,9030.1826112742274
情景一阈值控制,74.363680974397283,43645.978813218528,104.81032672249582,39487.375823374081,192.20664731672289,8743.8263527489707,2083.4100709120848,6957.4322492842139,0,41.493533049388475,55.370593681017269,12.8872,0.67695859167478978,0.99999999999702704,9040.8423201962978,9040.8423201962978
情景一阈值控制,74.474874451046645,43594.435684261902,104.81032672248553,39528.271834664512,191.87233963828993,8754.8077780936092,2086.851563441483,6964.6378744210124,0,41.551637413113355,55.431318779531104,12.8872,0.67657664923865291,0.9999999999970004,9051.4894378624958,9051.4894378624958
情景一阈值控制,74.586067927696021,43542.976472235561,104.81032672247517,39569.096499780811,191.53857624320295,8765.7760883987485,2090.2930559708816,6971.8309288016544,0,41.609679021909436,55.491912778056445,12.8872,0.67619442661335005,0.99999999999697364,9062.1239847725356,9062.1239847725356
情景一阈值控制,74.697261404345397,43491.601040515074,104.81032672246474,39609.84993488108,191.20535624532457,8776.7313050168596,2093.7345485002802,6979.011432892481,0,41.667657829773574,55.552375722314409,12.8872,0.6758119239984115,0.99999999999694655,9072.7459813927617,9072.7459813927617
情景一阈值控制,74.808454880994759,43440.309252698433,104.81032672245418,39650.532255934289,190.87267875995965,8787.6734492656633,2097.176041029677,6986.1794071265094,0,41.725573790735474,55.612707658406372,12.8872,0.67542914159440381,0.99999999999692024,9083.355448156186,9083.355448156186
情景一阈值控制,74.919648357644121,43389.100972605709,104.81032672244353,39691.143578720636,190.54054290385349,8798.6025424281634,2100.6175335590738,6993.3348719034966,0,41.783426858857908,55.672908632814242,12.8872,0.6750460796029305,0.99999999999689415,9093.9524054625708,9093.9524054625708
情景一阈值控制,75,43352.148278382199,104.81032672243578,39720.446377702639,190.30086848571082,8806.4921120878207,2103.1044562205934,6998.4978444834824,0,41.825193998491351,55.716330123454,12.8872,0.67476909395553464,0.99999999999687461,9101.6023007040749,9101.6023007040749
情景一阈值控制,75.030841834293497,43337.976064278671,104.81032672243281,39731.684018831787,190.20894779518883,8809.5186057527208,2104.0590260884705,7000.477847589983,0,41.841216988236809,55.732978692400728,12.8872,0.67466273822663281,0.99999999999686762,9104.536873678453,9104.536873678453
情景一阈值控制,75.142035310942873,43286.934391980474,104.81032672242196,39772.153691671221,189.87789255358413,8820.4216604530993,2107.5005186178664,7007.6083545193487,0,41.898944133001493,55.792917884409626,12.8872,0.67427911766918969,0.9999999999968413,9115.1088731372147,9115.1088731372147
情景一阈值控制,75.253228787592235,43235.975820195257,104.81032672241105,39812.552712454526,189.54737630009123,8831.3117277085221,2110.9420111472618,7014.7264129918713,0,41.956608247314797,55.852726256466092,12.8872,0.67389521813531861,0.99999999999681521,9125.668424139134,9125.668424139134
情景一阈值控制,75.364422264241597,43185.100213627753,104.81032672240003,39852.881196209717,189.21739815719238,8842.188828663735,2114.3835036766573,7021.8320432747796,0,42.01420928537329,55.912403856576944,12.8872,0.6735110398307762,0.99999999999678968,9136.2155469514364,9136.2155469514364
情景一阈值控制,75.475615740890959,43134.307437203017,104.81032672238896,39893.13925777754,188.88795724879847,8853.0529844290559,2117.8249962060513,7028.9252656023018,0,42.071747201407419,55.971950733130917,12.8872,0.67312658296235894,0.9999999999967637,9146.7502618083527,9146.7502618083527
情景一阈值控制,75.586809217540349,43083.597356065977,104.81032672237778,39933.327011811758,188.55905270024658,8863.9042160804402,2121.2664887354467,7036.0061001757276,0,42.129221949681671,56.031366934898934,12.8872,0.67274184773790302,0.99999999999673761,9157.2725889111753,9157.2725889111753
情景一阈值控制,75.698002694189711,43032.969835581163,104.8103267223665,39973.444572779459,188.23068363829802,8874.7425446595153,2124.7079812648399,7043.0745671634495,0,42.186633484494749,56.090652511034349,12.8872,0.67235683436628546,0.99999999999671219,9167.7825484282894,9167.7825484282894
情景一阈值控制,75.809196170839073,42982.424741332266,104.81032672235514,40013.492054961382,187.90284919113506,8885.5679911736643,2128.149473794233,7050.1306867010317,0,42.243981760179757,56.149807511073277,12.8872,0.67197154305742446,0.99999999999668676,9178.2801604952656,9178.2801604952656
情景一阈值控制,75.920389647488435,42931.961939121822,104.81032672234376,40053.46957245221,187.57554848835957,8896.3805765960642,2131.5909663236262,7057.1744788912511,0,42.301266731104363,56.208831984934804,12.8872,0.67158597402227993,0.99999999999666145,9188.7654452148781,9188.7654452148781
情景一阈值控制,76,42895.882944304685,104.8103267223355,40082.049058578574,187.34154086602143,8904.1140929091835,2134.0549457016141,7062.210008204037,0,42.342241706131908,56.251011139114205,12.8872,0.67130975059178755,0.99999999999664357,9196.2649539056511,9196.2649539056511
情景一阈值控制,76.031583124137825,42881.581294970871,104.81032672233221,40093.377239160858,187.24878066099043,8907.1803218657478,2135.0324588530189,7064.205963804161,0,42.358488351670985,56.267725982921306,12.8872,0.6712001274728534,0.9999999999966368,9199.2384226571794,9199.2384226571794
情景一阈值控制,76.142776600787187,42831.282675118586,104.8103267223206,40133.215168810777,186.92254484146102,8917.9672478876491,2138.4739513824106,7071.2251614771303,0,42.415646576316909,56.326489555718595,12.8872,0.67081400362219012,0.99999999999661127,9209.69911285954,9209.69911285954
情景一阈值控制,76.253970077436549,42781.065946021896,104.81032672230891,40172.983474940302,186.59684016361712,8928.7413755326779,2141.915443911802,7078.2320919149133,0,42.472741359514522,56.385122754396328,12.8872,0.67042760268437718,0.99999999999658662,9220.1475358267162,9220.1475358267162
情景一阈值控制,76.36516355408591,42730.930974355149,104.81032672229716,40212.682270902878,186.27166576271443,8939.502725637758,2145.3569364411928,7085.2267750896872,0,42.529772655771467,56.443625630408143,12.8872,0.67004092487454603,0.99999999999656175,9230.5837115308805,9230.5837115308805
情景一阈值控制,76.476357030735301,42680.877627009766,104.81032672228525,40252.311669867435,185.94702077541663,8950.2513190058962,2148.7984289705842,7092.2092309411237,0,42.586740419630807,56.501998235592005,12.8872,0.66965397040887154,0.99999999999653777,9241.0076599117074,9241.0076599117074
情景一阈值控制,76.587550507384663,42630.905771093901,104.8103267222733,40291.871784818613,185.6229043397928,8960.9871764062154,2152.2399214999741,7099.1794793764175,0,42.643644605671156,56.560240622170326,12.8872,0.66926673950457416,0.9999999999965129,9251.4194008763916,9251.4194008763916
情景一阈值控制,76.698743984034024,42581.015273932033,104.81032672226131,40331.362728557149,185.29931559531508,8971.710318574038,2155.6814140293632,7106.1375402703616,0,42.70048516850693,56.618352842750362,12.8872,0.66887923237991809,0.9999999999964887,9261.8189542997243,9261.8189542997243
情景一阈值控制,76.809937460683386,42531.206003064683,104.81032672224917,40370.784613700082,184.97625368285676,8982.4207662109256,2159.1229065587518,7113.0834334653891,0,42.757262062788485,56.676334950324382,12.8872,0.66849144925421344,0.99999999999646461,9272.2063400241404,9272.2063400241404
情景一阈值控制,76.921130937332748,42481.477826247996,104.81032672223695,40410.137552681146,184.65371774468969,8993.1185399847291,2162.5643990881404,7120.0171787716254,0,42.81397524320225,56.734186998269891,12.8872,0.66810339034781618,0.99999999999644074,9282.5815778597662,9282.5815778597662
情景一阈值控制,77,42446.254927542883,104.81032672222825,40438.008692272728,184.42526274376445,9000.6987540991977,2165.0054351825966,7124.9279017907029,0,42.854163014171107,56.775142398692189,12.8872,0.66782797475032551,0.99999999999642386,9289.9333369732994,9289.9333369732994
情景一阈值控制,77.032324413982138,42431.830611453435,104.81032672222467,40449.421657750994,184.33170692448184,9003.803660529662,2166.0058916175294,7126.9387959669484,0,42.870624664470988,56.791909040349942,12.8872,0.66771505588212843,0.99999999999641687,9292.9446875844769,9292.9446875844769
情景一阈值控制,77.1435178906315,42382.264226867432,104.81032672221232,40488.637040977526,184.01022036729557,9014.4761484463288,2169.4473841469166,7133.8483047970294,0,42.927210281353823,56.849501130713286,12.8872,0.66732644607959912,0.999999999996393,9303.2956889439465,9303.2956889439465
情景一阈值控制,77.254711367280862,42332.778540891013,104.81032672219985,40527.783814246199,183.68925721958504,9025.1360243018044,2172.8888766763034,7140.7457249753952,0,42.983732048646587,56.906963323894679,12.8872,0.66693756116372405,0.99999999999636935,9313.6346016516982,9313.6346016516982
情景一阈值控制,77.365904843930224,42283.373422139441,104.81032672218731,40566.862089260292,183.36881662919384,9035.7833086296778,2176.3303692056902,7147.6310761834784,0,43.040189921181863,56.964295674815098,12.8872,0.66654840135904658,0.99999999999634615,9323.9614453891681,9323.9614453891681
情景一阈值控制,77.477098320579614,42234.048739441911,104.81032672217471,40605.871977541254,183.04889774535278,9046.4180219301052,2179.771861735077,7154.5043780706665,0,43.096583853829216,57.021498238781966,12.8872,0.66615896689115806,0.99999999999632305,9334.2762398057439,9334.2762398057439
情景一阈值控制,77.588291797228976,42184.804361841176,104.81032672216203,40644.813590428916,182.729499718678,9057.040184669866,2183.2133542644624,7161.3656502543545,0,43.15291380149533,57.078571071489343,12.8872,0.66576925798669806,0.99999999999630029,9344.5790045188169,9344.5790045188169
情景一阈值控制,77.699485273878338,42135.640158593174,104.81032672214924,40683.68703908188,182.41062170116845,9067.6498172824213,2186.6548467938474,7168.2149123200024,0,43.209179719124215,57.135514229018234,12.8872,0.66537927487335513,0.9999999999962772,9354.8697591138498,9354.8697591138498
情景一阈值控制,77.8106787505277,42086.55599916674,104.81032672213641,40722.492434477754,182.09226284620323,9078.2469401679627,2190.0963393232319,7175.0521838211816,0,43.26538156169736,57.192327767836737,12.8872,0.66498901777986652,0.99999999999625411,9365.148523144413,9365.148523144413
情景一阈值控制,77.92187222717709,42037.551753243184,104.81032672212349,40761.229887413472,181.77442230853998,9088.831573693471,2193.5378318526168,7181.8774842796292,0,43.321519284233929,57.249011744800335,12.8872,0.66459848693601864,0.99999999999623168,9375.4153161322465,9375.4153161322465
情景一阈值控制,78,42003.167674670854,104.81032672211437,40788.407368507826,181.55140787752939,9096.2611856024723,2195.9559246635404,7186.6659889466864,0,43.36092490374017,57.288762089043544,12.8872,0.66432392497755943,0.99999999999621614,9382.6219136102263,9382.6219136102263
情景一阈值控制,78.033065703826452,41988.627290716038,104.81032672211049,40799.899508505579,181.45709924431267,9099.4037381927592,2196.9793243820004,7188.6908331852937,0,43.377592841790864,57.305566217152005,12.8872,0.66420768257264862,0.99999999999620937,9385.6701575672942,9385.6701575672942
情景一阈值控制,78.144259180475814,41939.782481690614,104.8103267220974,40838.50140819051,181.14029281102862,9109.9634539665458,2200.4208169113831,7195.4922499963986,0,43.433602189463151,57.361991242522571,12.8872,0.66381660492164296,0.99999999999618694,9395.9130669077822,9395.9130669077822
情景一阈值控制,78.255452657125176,41891.017196483735,104.81032672208424,40877.035696724917,180.8240021675671,9120.5107412824909,2203.8623094407653,7202.2817541394879,0,43.489547282383931,57.418286878930822,12.8872,0.66342525421593901,0.99999999999616473,9406.1440635802537,9406.1440635802537
情景一阈值控制,78.366646133774537,41842.331305623346,104.81032672207103,40915.502484185941,180.50822647417644,9131.0456203752638,2207.3038019701476,7209.0593650094743,0,43.545428075724693,57.474453184783755,12.8872,0.66303363068952481,0.99999999999614275,9416.3631669796214,9416.3631669796214
情景一阈值控制,78.477839610423928,41793.724679848165,104.8103267220577,40953.901880471523,180.19296489247242,9141.5681114465842,2210.7452944995298,7215.8251019696945,0,43.60124452469546,57.530490218876793,12.8872,0.66264173457743969,0.99999999999612121,9426.5703964692239,9426.5703964692239
情景一阈值控制,78.58903308707329,41745.197190107407,104.81032672204432,40992.233995300638,179.87821658543561,9152.0782346652795,2214.1867870289107,7222.5789843519597,0,43.656996584544899,57.586398040393945,12.8872,0.66224956611577468,0.99999999999609934,9436.7657713808694,9436.7657713808694
情景一阈值控制,78.700226563722651,41696.748707560357,104.81032672203088,41030.498938213655,179.56398071740909,9162.5760101673477,2217.6282795582915,7229.3210314566059,0,43.712684210560582,57.642176708908082,12.8872,0.66185712554167231,0.99999999999607814,9446.9493110148978,9446.9493110148978
情景一阈值控制,78.811420040372013,41648.379103576073,104.81032672201735,41068.696818572622,179.25025645409664,9173.0614580559977,2221.069772087671,7236.0512625525498,0,43.768307358069116,57.69782628438108,12.8872,0.6614644130933276,0.99999999999605671,9457.1210346402204,9457.1210346402204
情景一阈值控制,78.922613517021404,41600.088249733024,104.81032672200374,41106.827745561495,178.93704296256018,9183.5345984017149,2224.5112646170514,7242.769696877338,0,43.823865982436303,57.753346827164066,12.8872,0.66107142900998772,0.99999999999603528,9467.280961494389,9467.280961494389
情景一阈值控制,79,41566.526036830772,104.81032672199422,41133.325982842805,178.71935913526994,9190.8162578499614,2226.9064141444428,7247.4385229708923,0,43.862494595214763,57.791910921287503,12.8872,0.66079776666813261,0.99999999999602074,9474.3449371153347,9474.3449371153347
情景一阈值控制,79.033806993670765,41551.876017818809,104.81032672199007,41144.89182818649,178.62433941121787,9193.9954512422992,2227.95275714643,7249.4763536371865,0,43.879360039067308,57.80873839799753,12.8872,0.66067817353195291,0.99999999999601441,9477.4291107836161,9477.4291107836161
情景一阈值控制,79.145000470320127,41503.742279829705,104.81032672197634,41182.889175276345,178.3121449698414,9204.4440365829341,2231.3942496758086,7256.1712520070541,0,43.934789483406888,57.864001058011638,12.8872,0.66028464690057631,0.99999999999599354,9487.5655016828623,9487.5655016828623
情景一阈值控制,79.256193946969489,41455.686907970427,104.8103267219625,41220.819895482622,178.00045880955435,9214.8803743962308,2234.8357422051863,7262.8544111306737,0,43.990154270939506,57.919134868726324,12.8872,0.65989084935826448,0.999999999995973,9497.6901533358596,9497.6901533358596
情景一阈值控制,79.367387423618879,41407.70977465374,104.81032672194858,41258.684097279998,177.6892801028296,9225.3044846222874,2238.2772347345644,7269.5258501206126,0,44.045454357189541,57.974139892051546,12.8872,0.65949678114847754,0.99999999999595235,9507.8030848551771,9507.8030848551771
情景一阈值控制,79.478580900268241,41359.810752500147,104.81032672193464,41296.481888966504,177.37860802348749,9235.716387168728,2241.7187272639412,7276.1855880583198,0,44.100689697721421,58.0290161902874,12.8872,0.65910244251572969,0.99999999999593203,9517.904315322261,9517.904315322261
情景一阈值控制,79.589774376917603,41311.989714337527,104.81032672192063,41334.213378663888,177.06844174669308,9246.1161019107731,2245.1602197933175,7282.8336439941804,0,44.155860248139831,58.083763826124375,12.8872,0.65870783370558916,0.99999999999591171,9527.9938637874984,9527.9938637874984
情景一阈值控制,79.700967853566965,41264.2465332008,104.81032672190652,41371.878674317857,176.7587804489547,9256.5036486912813,2248.6017123226934,7289.4700369475604,0,44.210965964089887,58.138382862643503,12.8872,0.65831295496467856,0.99999999999589151,9538.0717492702533,9538.0717492702533
情景一阈值控制,79.812161330216327,41216.581082331613,104.81032672189232,41409.477883698368,176.44962330812103,9266.8790473208101,2252.0432048520684,7296.0947859068647,0,44.266006801257291,58.192873363316536,12.8872,0.65791780654067511,0.99999999999587208,9548.1379907589326,9548.1379907589326
情景一阈值控制,79.923354806865717,41168.993235177957,104.81032672187807,41447.011114399931,176.14096950337927,9277.2423175776585,2255.4846973814438,7302.7079098295826,0,44.320982715368515,58.247235392006125,12.8872,0.65752238868231128,0.99999999999585221,9558.1926072110255,9558.1926072110255
情景一阈值控制,80,41136.236249300513,104.81032672186822,41472.844254044401,175.92850836196877,9284.378624952049,2257.8569036253034,7307.2595498186938,0,44.358839558347668,58.284632144005336,12.8872,0.65724967208740703,0.99999999999583866,9565.1164534439977,9565.1164534439977
情景一阈值控制,80.034548283515079,41121.482865393911,104.81032672186379,41484.478473841853,175.8328182152533,9287.5934792079224,2258.9261899108183,7309.3094276423326,0,44.375893662190954,58.301469012965974,12.8872,0.65712670163937448,0.99999999999583267,9568.2356175531513,9568.2356175531513
情景一阈值控制,80.145741760164441,41074.049846839211,104.81032672184939,41521.880069268584,175.5251686256008,9297.9325519255581,2262.3676824401919,7315.8993582409266,0,44.430739597533126,58.355574290841055,12.8872,0.65673074566270739,0.99999999999581324,9578.2670406811194,9578.2670406811194
情景一阈值控制,80.256935236813803,41026.694053578984,104.81032672183498,41559.216007749957,175.21801991761143,9308.2595554124146,2265.8091749695645,7322.4777204904085,0,44.48552047724484,58.409551290667729,12.8872,0.65633452100420842,0.99999999999579403,9588.2868954599726,9588.2868954599726
情景一阈值控制,80.368128713463193,40979.415359883365,104.81032672182052,41596.486396181499,174.91137127580473,9318.5745093183123,2269.2506674989381,7329.0445332251129,0,44.54023625721738,58.46340007787397,12.8872,0.65593802791683176,0.99999999999577505,9598.295200724051,9598.295200724051
情景一阈值控制,80.479322190112555,40932.213640227237,104.81032672180592,41633.69134128467,174.60522188602826,9328.8774332610647,2272.6921600283099,7335.5998152487009,0,44.594886893383617,58.517120718279422,12.8872,0.65554126665458778,0.99999999999575606,9608.2919752770104,9608.2919752770104
情景一阈值控制,80.590515666761917,40885.088769289803,104.81032672179127,41670.830949607196,174.2995709354544,9339.168346826551,2276.1336525576812,7342.1435853342282,0,44.649472341718273,58.570713278095688,12.8872,0.65514423747254269,0.99999999999573752,9618.277237891909,9618.277237891909
情景一阈值控制,80.701709143411279,40838.040621954329,104.8103267217766,41707.905327523353,173.99441761257933,9349.4472695687655,2279.5751450870521,7348.6758622241823,0,44.703992558238021,58.624177823926409,12.8872,0.6547469406268196,0.99999999999571876,9628.2510073112353,9628.2510073112353
情景一阈值控制,80.812902620060669,40791.069073307743,104.81032672176183,41744.914581234203,173.68976110722008,9359.71422100987,2283.0166376164234,7355.19666463054,0,44.758447499001718,58.677514422767437,12.8872,0.65434937637459734,0.99999999999570066,9638.2133022469643,9638.2133022469643
情景一阈值控制,80.924096096710031,40744.173998640414,104.810326721747,41781.858816767905,173.38560061051319,9369.9692206402287,2286.4581301457929,7361.7060112348081,0,44.812837120110501,58.730723142006951,12.8872,0.65395154497411279,0.99999999999568245,9648.164141380601,9648.164141380601
情景一阈值控制,81,40712.205911358637,104.81032672173684,41807.040741205994,173.17825624917512,9376.9627278452572,2288.8073931061203,7366.1429111181606,0,44.84992752243177,58.766971555120641,12.8872,0.6536798203901415,0.99999999999567002,9654.9503042242814,9654.9503042242814
情景一阈值控制,81.035289573359393,40697.355273445675,104.81032672173211,41818.73813998,173.08193531491156,9380.2122879184863,2289.8996226751624,7368.2039206880809,0,44.867161377708058,58.783804049425704,12.8872,0.65355344668465865,0.99999999999566436,9658.1035433632424,9658.1035433632424
情景一阈值控制,81.146483050008754,40650.612773419605,104.8103267217172,41855.552656553693,172.77876441418303,9390.443442271604,2293.3411152045305,7374.6904116110863,0,44.921420227980718,58.836757213197053,12.8872,0.65315508176658521,0.99999999999564637,9668.0315268156173,9668.0315268156173
情景一阈值控制,81.257676526658145,40603.946374460647,104.81032672170217,41892.302472000134,172.47608710340822,9400.6627030949148,2296.7826077339,7381.1655025942382,0,44.975613627157692,58.889582701887207,12.8872,0.65275645048129949,0.99999999999562883,9677.9481103281378,9677.9481103281378
情景一阈值控制,81.368870003307507,40557.355952669313,104.8103267216871,41928.987691658651,172.17390257897799,9410.8700897521703,2300.2241002632672,7387.6292121976803,0,45.029741531511156,58.942280584455261,12.8872,0.65235755309126686,0.99999999999561118,9687.8533124609476,9687.8533124609476
情景一阈值控制,81.480063479956868,40510.841384347834,104.81032672167198,41965.608420697106,171.87221003859156,9421.0656215755989,2303.6655927926345,7394.0815589513395,0,45.083803897356539,58.994850930253442,12.8872,0.6519583898600092,0.99999999999559386,9697.7471517439735,9697.7471517439735
情景一阈值控制,81.59125695660623,40464.402545999794,104.81032672165682,42002.164764112145,171.57100868125431,9431.2493178659533,2307.1070853220008,7400.5225613549783,0,45.137800681052596,59.047293809027167,12.8872,0.65155896105210664,0.99999999999557654,9707.6296466769782,9707.6296466769782
情景一阈值控制,81.702450433255592,40418.039314329879,104.81032672164154,42038.656826729442,171.27029770727597,9441.4211978925687,2310.5485778513666,7406.9522378782322,0,45.191731839001662,59.099609290915232,12.8872,0.6511592669331967,0.99999999999555966,9717.5008157295997,9717.5008157295997
情景一阈值控制,81.813643909904982,40371.751566243482,104.81032672162624,42075.084713204029,170.97007631826776,9451.5812808934006,2313.9900703807325,7413.3706069606751,0,45.245597327649776,59.151797446449912,12.8872,0.65075930776997493,0.9999999999955429,9727.3606773414067,9727.3606773414067
情景一阈值控制,81.924837386554344,40325.539178846455,104.81032672161091,42111.448528020519,170.67034371714104,9461.7295860750837,2317.4315629100975,7419.7776870118514,0,45.299397103486832,59.203858346557041,12.8872,0.65035908383019514,0.99999999999552602,9737.2092499219489,9737.2092499219489
情景一阈值控制,82,40294.343966442153,104.81032672160049,42135.992860617444,170.46801220640168,9468.5827973932101,2319.7578825868927,7424.1022471424303,0,45.335726486487857,59.238977512429351,12.8872,0.65008839763527693,0.99999999999551525,9743.8601297293226,9743.8601297293226
情景一阈值控制,82.036030863203706,40279.402029444675,104.81032672159547,42147.748375493444,170.37109910810506,9471.8661326129877,2320.8730554394615,7426.1734964113384,0,45.353131123046836,59.255792062556267,12.8872,0.64995859538266854,0.9999999999955097,9747.046551850799,9747.046551850799
情景一阈值控制,82.147224339853068,40233.339995543807,104.81032672157998,42183.984359767492,170.07234169666427,9481.9909396512576,2324.3145479688251,7432.5580535087884,0,45.406799342908016,59.307598666161041,12.8872,0.64955784269726524,0.99999999999549316,9756.872601477613,9756.872601477613
情景一阈值控制,82.258417816502458,40187.352954848939,104.81032672156448,42220.156584817814,169.77407068961671,9492.104026302879,2327.7560404981891,7438.931376623982,0,45.46040171969301,59.359278229478846,12.8872,0.64915682604491287,0.99999999999547728,9766.6874171221716,9766.6874171221716
情景一阈值控制,82.36961129315182,40141.440785264276,104.81032672154889,42256.265154450222,169.47628529505198,9502.2054116497038,2331.1975330275518,7445.2934840468652,0,45.513938210069014,59.410830825011189,12.8872,0.64875554569759819,0.99999999999546152,9776.491017074417,9776.491017074417
情景一阈值控制,82.480804769801182,40095.603364892806,104.81032672153324,42292.310172301586,169.17898472234899,9512.295114742532,2334.6390255569136,7451.6443940376139,0,45.567408770748031,59.462256525653842,12.8872,0.64835400192836579,0.99999999999544598,9786.283419594527,9786.283419594527
情景一阈值控制,82.591998246450544,40049.840572035959,104.81032672151753,42328.29174184001,168.88216818217359,9522.3731546011422,2338.0805180862749,7457.9841248266703,0,45.62081335848697,59.513555404696895,12.8872,0.64795219501131884,0.99999999999543032,9796.0646429129447,9796.0646429129447
情景一阈值控制,82.703191723099934,40004.152285193304,104.8103267215018,42364.209966365175,168.58583488647679,9532.439550214347,2341.5220106156366,7464.3126946148013,0,45.674151930087866,59.564727535824865,12.8872,0.64755012522161892,0.99999999999541489,9805.834705230438,9805.834705230438
情景一阈值控制,82.814385199749296,39958.538383062252,104.81032672148599,42400.064949008527,168.28998404849287,9542.4943205400414,2344.9635031449966,7470.6301215731337,0,45.727424442397989,59.615772993116785,12.8872,0.64714779283548629,0.99999999999539968,9815.5936247181307,9815.5936247181307
情景一阈值控制,82.925578676398658,39912.998744537683,104.81032672147012,42435.856792733655,167.99461488273676,9552.5374845052556,2348.4049956743561,7476.9364238432172,0,45.780630852310111,59.666691851046345,12.8872,0.64674519813019993,0.99999999999538425,9825.3414195175737,9825.3414195175737
情景一阈值控制,83,39882.560682592964,104.81032672145949,42459.776902389502,167.79719423436731,9559.2528574425069,2350.7083720676201,7481.1509997388239,0,45.816204729471281,59.700700942748391,12.8872,0.64647559679674949,0.9999999999953747,9831.859371806444,9831.859371806444
情景一阈值控制,83.03677215304802,39867.533248711639,104.81032672145422,42471.58560033649,167.6997266050023,9562.5690610062065,2351.8464882037156,7483.2316195370595,0,45.83377111676262,59.717484184481989,12.8872,0.64634234138409685,0.99999999999536948,9835.0781077407755,9835.0781077407755
情景一阈值控制,83.147965629697381,39822.141774873031,104.81032672143829,42507.25147444562,167.40531843235996,9572.5890689083499,2355.2879807330742,7489.5157267371851,0,45.886845192739699,59.768150068686992,12.8872,0.64593922287657324,0.99999999999535494,9844.8037074702588,9844.8037074702588
情景一阈值控制,83.259159106346772,39776.824202507276,104.81032672142226,42542.854517522523,167.1113895831551,9582.5975270464205,2358.7294732624327,7495.7887634966764,0,45.939853037271526,59.818689579319567,12.8872,0.64553584288808363,0.99999999999534028,9854.5182367591096,9854.5182367591096
情景一阈值控制,83.370352582996134,39731.580411296047,104.8103267214062,42578.394831861857,166.81793927700559,9592.5944542244888,2362.17096579179,7502.0507478392219,0,45.992794607434377,59.869102792432933,12.8872,0.64513220170014152,0.99999999999532585,9864.2217136310119,9864.2217136310119
情景一阈值控制,83.481546059645495,39686.410281116841,104.8103267213901,42613.87251959175,166.52496673479973,9602.5798692160151,2365.6124583211472,7508.3016977591687,0,46.04566986035092,59.919389784475449,12.8872,0.64472829959531852,0.99999999999531175,9873.9141560803164,9873.9141560803164
情景一阈值控制,83.592739536294857,39641.313692042771,104.81032672137394,42649.287682674068,166.23247117869434,9612.55379076389,2369.0539508505035,7514.5416312215675,0,46.098478753190278,59.96955063229067,12.8872,0.64432413685724499,0.99999999999529843,9883.5955820720701,9883.5955820720701
情景一阈值控制,83.703933012944248,39596.290524342177,104.81032672135774,42684.640422904653,165.94045183211267,9622.5162375804975,2372.4954433798598,7520.7705661622185,0,46.151221243168266,60.019585413117454,12.8872,0.64391971377061052,0.99999999999528411,9893.2660095420779,9893.2660095420779
情景一阈值控制,83.815126489593609,39551.340658478366,104.81032672134148,42719.930841913607,165.64890791974233,9632.4672283477394,2375.9369359092148,7526.988520487721,0,46.20389728754752,60.069494204589994,12.8872,0.64351503062116233,0.99999999999527078,9902.9254563969353,9902.9254563969353
情景一阈值控制,83.926319966242971,39506.463975109225,104.81032672132521,42755.159041165592,165.35783866753295,9642.4067817171181,2379.3784284385692,7533.1955120755201,0,46.256506843637723,60.119277084737952,12.8872,0.64311008769570699,0.99999999999525702,9912.5739405140885,9912.5739405140885
情景一阈值控制,84,39476.767633188814,104.81032672131438,42778.468046836431,165.16522880006221,9648.9867278341717,2381.6588615483006,7537.3024152153585,0,46.291330820491645,60.152195349652565,12.8872,0.64284161777025384,0.99999999999524836,9918.961276763659,9918.961276763659
情景一阈值控制,84.037513442892333,39461.660355086962,104.81032672130884,42790.325121960064,165.06724330269478,9652.3349163097664,2382.8199209679233,7539.3915587739584,0,46.309049868795732,60.168934131986532,12.8872,0.64270488528210867,0.99999999999524403,9922.2114797418817,9922.2114797418817
情景一阈值控制,84.148706919541723,39416.929679457753,104.81032672129245,42825.429185431567,164.77712105369585,9662.2516507164946,2386.2614134972773,7545.5766784023162,0,46.361526320425796,60.218465425156502,12.8872,0.64229942366929071,0.99999999999523104,9931.8380918995936,9931.8380918995936
情景一阈值控制,84.259900396191085,39372.271829461461,104.81032672127604,42860.471332549954,164.48747115026055,9672.1570034978449,2389.70290602663,7551.7508887508629,0,46.413936155979663,60.267871043464304,12.8872,0.64189370314723471,0.99999999999521816,9941.4537947774934,9941.4537947774934
情景一阈值控制,84.371093872840447,39327.686686531306,104.81032672125957,42895.451664120723,164.19829282336721,9682.050993184148,2393.1443985559822,7557.9142075809041,0,46.466279332956823,60.317151066522115,12.8872,0.64148772400698029,0.99999999999520572,9951.0586061368867,9951.0586061368867
情景一阈值控制,84.482287349489809,39283.174132293505,104.81032672124304,42930.370280785246,163.9095853052464,9691.9336382755628,2396.585891085334,7564.0666526248306,0,46.518555808904665,60.366305574337915,12.8872,0.64108148654062547,0.99999999999519296,9960.6525437101645,9960.6525437101645
情景一阈值控制,84.593480826139199,39238.734048567021,104.81032672122647,42965.22728302105,163.62134782937832,9701.8049572421296,2400.0273836146853,7570.2082415861596,0,46.570765541418638,60.415334647315547,12.8872,0.64067499104132608,0.99999999999518074,9970.2356252008449,9970.2356252008449
情景一阈值控制,84.704674302788561,39194.366317363259,104.81032672120989,43000.02277114203,163.33357963049147,9711.6649685238117,2403.4688761440361,7576.3389921395865,0,46.622908488142379,60.46423836625474,12.8872,0.64026823780329667,0.99999999999516886,9979.8078682836222,9979.8078682836222
情景一阈值控制,84.815867779437923,39150.070820885681,104.81032672119323,43034.75684529882,163.0462799445601,9721.5136905305553,2406.9103686733856,7582.4589219310328,0,46.674984606768,60.513016812351225,12.8872,0.63986122712180915,0.99999999999515721,9989.369290604418,9989.369290604418
情景一阈值控制,84.927061256087285,39105.847441529528,104.81032672117652,43069.429605478959,162.75944800880245,9731.3511416423316,2410.3518612027351,7588.5680485776857,0,46.726993855036156,60.561670067196765,12.8872,0.63945395929319371,0.99999999999514499,9998.9199097804212,9998.9199097804212
情景一阈值控制,85,39076.877677954442,104.81032672116558,43092.140380620265,162.57155071362169,9737.7980273713074,2412.6093510289343,7592.5695471852696,0,46.761073629039409,60.593516819770699,12.8872,0.63918666737588192,0.99999999999513711,10005.178898214204,10005.178898214204
情景一阈值控制,85.038254732736647,39061.69606188155,104.81032672115983,43104.041151507219,162.47308306167852,9741.1773402091912,2413.7933537320832,7594.6663896680575,0,46.778936190736282,60.610198212779167,12.8872,0.63904643461483768,0.99999999999513356,10008.459743400141,10008.459743400141
情景一阈值控制,85.149448209386037,39017.616564719603,104.81032672114307,43138.591583045854,162.18718434288806,9750.9923045513096,2417.2348462614323,7600.7539627620199,0,46.830811571706739,60.658601331482409,12.8872,0.63863865338518622,0.99999999999512201,10017.988809023453,10017.988809023453
情景一阈值控制,85.260641686035399,38973.608833012455,104.81032672112624,43173.080999594815,161.90175109336923,9760.7960529590273,2420.6763387907799,7606.8307853908545,0,46.882619955834961,60.706879506086572,12.8872,0.6382306159037423,0.99999999999511113,10027.507124181635,10027.507124181635
情景一阈值控制,85.371835162684761,38929.672749919366,104.81032672110942,43207.50950049211,161.61678255529529,9770.5886036929132,2424.1178313201267,7612.8968750573022,0,46.934361301057713,60.755032819767997,12.8872,0.63782232247106596,0.99999999999509992,10037.014706377429,10037.014706377429
情景一阈值控制,85.483028639334123,38885.80819878984,104.81032672109257,43241.877184913981,161.33227797207368,9780.369974983807,2427.5593238494725,7618.9522492356091,0,46.986035565361171,60.803061356099249,12.8872,0.63741377338877414,0.99999999999508937,10046.511573085081,10046.511573085081
情景一阈值控制,85.594222115983513,38842.015063163279,104.81032672107565,43276.184151875241,161.04823658834346,9790.1401850328639,2431.0008163788193,7624.9969253715735,0,47.037642706781178,60.850965199049206,12.8872,0.63700496895954117,0.99999999999507827,10055.997741750392,10055.997741750392
情景一阈值控制,85.705415592632875,38798.293226768728,104.81032672105869,43310.430500229435,160.7646576499738,9799.8992520116008,2434.4423089081643,7631.0309208825811,0,47.089182683403322,60.898744432983001,12.8872,0.63659590948709799,0.99999999999506795,10065.473229790745,10065.473229790745
情景一阈值控制,85.816609069282237,38754.642573524507,104.81032672104168,43344.616328669224,160.48154040406135,9809.6471940619649,2437.8838014375087,7637.0542531576693,0,47.140655453363195,60.946399142662173,12.8872,0.63618659527623223,0.99999999999505773,10074.938054595179,10074.938054595179
情景一阈值控制,85.927802545931598,38711.062987537931,104.81032672102465,43378.741735726559,160.1988840989286,9819.3840292963505,2441.3252939668528,7643.0669395575615,0,47.192060974846548,60.993929413244601,12.8872,0.63577702663278801,0.99999999999504796,10084.392233524413,10084.392233524413
情景一阈值控制,86,38682.804944249023,104.81032672101358,43400.866912660211,160.01560300697776,9825.7001767435668,2443.5598405095202,7646.9652593701485,0,47.225402335213339,61.02472402761277,12.8872,0.63551095935656632,0.99999999999504119,10090.525099879669,10090.525099879669
情景一阈值控制,86.038996022580989,38667.554353104999,104.8103267210076,43412.806819772995,159.91668798412186,9829.109775797675,2444.7667864961968,7649.0689974147199,0,47.243399206089443,61.041335330284589,12.8872,0.63536720386366596,0.99999999999503764,10093.835783910916,10093.835783910916
情景一阈值控制,86.150189499230351,38624.116554710097,104.8103267209905,43446.811679019884,159.63495131040943,9838.82445161941,2448.208279025539,7655.06044403338,0,47.294670105378401,61.088616979732805,12.8872,0.63495712727682241,0.99999999999502809,10103.268723058918,10103.268723058918
情景一阈值控制,86.261382975879712,38580.749477025682,104.81032672097341,43480.756411518734,159.35367332977918,9848.5280747856286,2451.6497715548817,7661.041296689611,0,47.345873631050658,61.135774447936406,12.8872,0.63454679718126994,0.99999999999501843,10112.691068244492,10112.691068244492
情景一阈值控制,86.372576452529074,38537.453004911942,104.81032672095625,43514.641115161387,159.0728532954368,9858.2206632910729,2455.091264084223,7667.0115726313534,0,47.397009741494266,61.182807821638974,12.8872,0.63413621388707642,0.9999999999950091,10122.102836715576,10122.102836715576
情景一阈值控制,86.483769929178436,38494.22702341657,104.81032672093906,43548.465887680308,158.79249046180411,9867.9022351011754,2458.5327566135638,7672.9712890784649,0,47.448078395148293,61.229717187980569,12.8872,0.6337253777053653,0.99999999999500044,10131.504045692029,10131.504045692029
情景一阈值控制,86.594963405827826,38451.071417774365,104.81032672092184,43582.230826648862,158.51258408451636,9877.5728081521283,2461.9742491429047,7678.920463222772,0,47.499079550503012,61.276502634497717,12.8872,0.63331428894831554,0.99999999999499101,10140.894712365676,10140.894712365676
情景一阈值控制,86.706156882477188,38407.986073407024,104.81032672090458,43615.936029481534,158.23313342042107,9887.2324003509129,2465.4157416722446,7684.859112228105,0,47.550013166100015,61.323164249123401,12.8872,0.63290294792916058,0.99999999999498257,10150.27485390035,10150.27485390035
情景一阈值控制,86.81735035912655,38364.970875922751,104.81032672088729,43649.581593434217,157.95413772757564,9896.8810295753628,2468.8572342015837,7690.7872532303536,0,47.600879200532468,61.369702120187121,12.8872,0.63249135496218889,0.99999999999497424,10159.644487431937,10159.644487431937
情景一阈值控制,86.928543835775912,38322.025711116003,104.81032672086998,43683.16761560447,157.67559626524522,9906.5187136742061,2472.2987267309222,7696.7049033375106,0,47.651677612445219,61.416116336414845,12.8872,0.63207951036274346,0.99999999999496569,10169.003630068433,10169.003630068433
情景一阈值控制,87,38294.46480862586,104.81032672085885,43704.719589810673,157.4968368142724,9912.7064014091284,2474.5103299900579,7700.5022283623139,0,47.684286439942497,61.445878238901152,12.8872,0.63181471437226244,0.99999999999496014,10175.012558352371,10175.012558352371
情景一阈值控制,87.039737312425302,38279.150464967155,104.81032672085264,43716.694192931776,157.39750829390096,9916.1454704671087,2475.7402192602608,7702.6120796297118,0,47.702408360535031,61.462406986929032,12.8872,0.63166741444722097,0.99999999999495714,10178.352298889973,10178.352298889973
情景一阈值控制,87.150930789074664,38236.345023642265,104.81032672083529,43750.161422197758,157.11987307521815,9925.7613177447183,2479.1817117895985,7708.5087991592864,0,47.753071403550656,61.508574161248589,12.8872,0.63125506753307259,0.99999999999494926,10187.690510948885,10187.690510948885
情景一阈值控制,87.262124265724026,38193.609273492679,104.81032672081788,43783.569400026492,156.84268987207429,9935.3662732687299,2482.6232043189348,7714.3950789507999,0,47.803666700293135,61.554617949288918,12.8872,0.63084246993880266,0.99999999999494193,10197.018283269736,10197.018283269736
情景一阈值控制,87.373317742373388,38150.943101054792,104.81032672080048,43816.918222884742,156.56595794854655,9944.9603547719125,2486.0646968482711,7720.2709360011004,0,47.854194209615883,61.600538441361863,12.8872,0.63042962198396957,0.99999999999493405,10206.335632849372,10206.335632849372
情景一阈值控制,87.484511219022778,38108.346393049695,104.81032672078307,43850.207987082234,156.28967656991048,9954.5435799581719,2489.5061893776078,7726.136387279369,0,47.904653890424889,61.646335728175728,12.8872,0.63001652398918351,0.99999999999492672,10215.642576656977,10215.642576656977
情景一阈值控制,87.59570469567214,38065.819036382978,104.8103267207656,43883.43878877184,156.01384500263796,9964.1159665025771,2492.9476819069428,7731.9914497271502,0,47.95504570167887,61.692009900835203,12.8872,0.62960317627610896,0.9999999999949194,10224.939131634093,10224.939131634093
情景一阈值控制,87.706898172321502,38023.360918144288,104.81032672074808,43916.610723949932,155.73846251439502,9973.6775320514316,2496.3891744362768,7737.8361402584114,0,48.005369602389486,61.737561050841428,12.8872,0.62918957916746132,0.99999999999491263,10234.225314694688,10234.225314694688
情景一阈值控制,87.818091648970864,37980.97192560714,104.81032672073057,43949.723888456574,155.46352837403987,9983.2282942223101,2499.8306669656104,7743.6704757595817,0,48.055625551621482,61.782989270091889,12.8872,0.62877573298700928,0.99999999999490563,10243.501142725192,10243.501142725192
情景一阈值控制,87.929285125620225,37938.651946228558,104.81032672071306,43982.778377975803,155.18904185162106,9992.768270604096,2503.2721594949439,7749.4944730895995,0,48.105813508492858,61.828294650880444,12.8872,0.62836163805957246,0.99999999999489897,10252.766632584544,10252.766632584544
情景一阈值控制,88,37911.773878660257,104.81032672070189,44003.769312311117,155.01471125400457,9998.8297344347138,2505.4608194705474,7753.192946346986,0,48.137695775196427,61.85704331238032,12.8872,0.62809815998980145,0.99999999999489442,10258.653765817533,10258.653765817533
情景一阈值控制,88.040478602269616,37896.400867648801,104.81032672069549,44015.774288035878,154.91500221837592,10002.297478757046,2506.7136520242771,7755.3081490799532,0,48.155933432175075,61.873477285897287,12.8872,0.62794729471102217,0.99999999999489253,10262.021801104231,10262.021801104231
情景一阈值控制,88.151672078918978,37854.218577691077,104.81032672067789,44048.711714009492,154.64140874672793,10011.815936212815,2510.1551445536093,7761.1115205347251,0,48.205985281893149,61.918537268228874,12.8872,0.62753270326828103,0.99999999999488598,10271.266665088335,10271.266665088335
情景一阈值控制,88.262865555568339,37812.10496436122,104.8103267206603,44081.590751114105,154.3682607102852,10021.323660474527,2513.5966370829406,7766.9046042306454,0,48.255969016925931,61.963474691357938,12.8872,0.62711786405932179,0.99999999999488054,10280.501241313586,10280.501241313586
情景一阈值控制,88.374059032217701,37770.059915847378,104.81032672064268,44114.411494412132,154.09555738383847,10030.820669016801,2517.038129612271,7772.6874169171242,0,48.305884596606198,62.008289649163437,12.8872,0.62670277741316849,0.99999999999487388,10289.725546529395,10289.725546529395
情景一阈值控制,88.485252508867092,37728.083320519763,104.81032672062503,44147.174038811238,153.82329804335933,10040.306979285813,2520.4796221416022,7778.4599753163084,0,48.355731980320883,62.052982235920517,12.8872,0.62628744365989375,0.99999999999486844,10298.939597457911,10298.939597457911
情景一阈值控制,88.596445985516453,37686.175066930329,104.81032672060736,44179.878479064537,153.55148196599802,10049.782608699325,2523.9211146709317,7784.2222961231109,0,48.405511127511161,62.097552546300413,12.8872,0.62587186313062104,0.99999999999486278,10308.143410794042,10308.143410794042
情景一阈值控制,88.707639462165815,37644.335043812469,104.81032672058973,44212.524909770909,153.28010843008164,10059.247574646748,2527.3626072002608,7789.9743960052747,0,48.455221997672737,62.142000675370497,12.8872,0.62545603615752232,0.99999999999485778,10317.337003205535,10317.337003205535
情景一阈值控制,88.818832938815177,37602.563140080732,104.81032672057199,44245.113425375188,153.00917671511223,10068.701894489186,2530.8040997295893,7795.7162916033949,0,48.50486455035594,62.186326718594152,12.8872,0.62503996307381859,0.99999999999485267,10326.520391332984,10326.520391332984
情景一阈值控制,88.930026415464567,37560.859244830521,104.81032672055427,44277.644120168494,152.73868610176487,10078.145585559467,2534.2455922589179,7801.447999530983,0,48.554438745165911,62.230530771830772,12.8872,0.62462364421377892,0.99999999999484779,10335.693591789901,10335.693591789901
情景一阈值控制,89,37534.649975041772,104.81032672054312,44298.085949011285,152.5686933128892,10084.083019294309,2536.4113089509888,7805.0497237848658,0,48.585600514177202,62.258285700080421,12.8872,0.62436153066835853,0.99999999999484435,10341.461032735855,10341.461032735855
情景一阈值控制,89.041219892113929,37519.223247337817,104.81032672053657,44310.117088288353,152.46863587188594,10087.578665162206,2537.6870847882446,7807.1695363744966,0,48.603944541762765,62.274612931335625,12.8872,0.62420707991272084,0.9999999999948429,10344.85662116274,10344.85662116274
情景一阈值控制,89.152413368763291,37477.655037058837,104.81032672051887,44342.532423719102,152.19902530849066,10097.00115057384,2541.1285773175714,7812.8809186933931,0,48.653381899861792,62.318573293759904,12.8872,0.62379027050700908,0.99999999999483802,10354.009496010964,10354.009496010964
情景一阈值控制,89.263606845412653,37436.154503629819,104.81032672050107,44374.890220292022,151.92985369576212,10106.413059042687,2544.5700698468972,7818.5821630201681,0,48.702750779233632,62.362411956150574,12.8872,0.62337321633405518,0.99999999999483391,10363.152232867065,10363.152232867065
情景一阈值控制,89.374800322062043,37394.721536866637,104.81032672048327,44407.190571685642,151.66112031904819,10115.814407788976,2548.0115623762235,7824.2732858604004,0,48.752051139704406,62.40612901595037,12.8872,0.62295591773231762,0.99999999999482969,10372.284848236624,10372.284848236624
情景一阈值控制,89.485993798711405,37353.356026764595,104.81032672046551,44439.433571425972,151.39282446486075,10125.2052140049,2551.4530549055485,7829.9543036927935,0,48.801282941155897,62.449724570997653,12.8872,0.62253837504130138,0.99999999999482581,10381.407358598342,10381.407358598342
情景一阈值控制,89.597187275360767,37312.05786349807,104.8103267204477,44471.619312886745,151.12496542087302,10134.585494854662,2554.8945474348725,7835.6252329692261,0,48.850446143525765,62.493198719526426,12.8872,0.62212058860155661,0.99999999999482225,10390.519780404098,10390.519780404098
情景一阈值控制,89.708380752010129,37270.826937420243,104.81032672042987,44503.747889289676,150.85754247591819,10143.955267474525,2558.3360399641961,7841.2860901147924,0,48.899540706807677,62.536551560166195,12.8872,0.62170255875467895,0.99999999999481881,10399.622130078988,10399.622130078988
情景一阈值控制,89.819574228659491,37229.663139062824,104.81032672041205,44535.819393704725,150.59055491998708,10153.314548972845,2561.7775324935187,7846.9368915278401,0,48.948566591051495,62.579783191941928,12.8872,0.62128428584330908,0.99999999999481493,10408.714424021358,10408.714424021358
情景一阈值控制,89.930767705308881,37188.566359135737,104.81032672039422,44567.83391905031,150.32400204422646,10162.663356430132,2565.2190250228423,7852.577653580026,0,48.997523756363456,62.622893714273964,12.8872,0.62086577021113132,0.99999999999481126,10417.796678602868,10417.796678602868
情景一阈值控制,90,37163.012113926983,104.81032672038309,44587.73835237485,150.15825773140236,10168.478912627179,2567.3617984313814,7856.0846920556969,0,49.027971181486606,62.649674446011858,12.8872,0.62060506774047774,0.99999999999480949,10423.446490487078,10423.446490487078
情景一阈值控制,90.041961181958243,37147.53648852685,104.81032672037635,44599.791558093544,150.05788314093738,10172.001706899078,2568.6605175521636,7858.2083926163441,0,49.046412162906286,62.66588322697789,12.8872,0.62044701220287402,0.99999999999480882,10426.868910168509,10426.868910168509
情景一阈值控制,90.153154658607605,37106.573418301683,104.81032672035847,44631.692403450565,149.79219750357291,10181.329617404621,2572.1020100814849,7863.8291249551821,0,49.09523177089946,62.708751830264532,12.8872,0.62002801216430958,0.99999999999480571,10435.931135036666,10435.931135036666
情景一阈值控制,90.264348135256967,37065.677039703085,104.81032672034061,44663.536547586664,149.52694442673652,10190.647104943975,2575.5435026108057,7869.4398668883605,0,49.143982540619312,62.751499624739793,12.8872,0.61960877044225193,0.99999999999480338,10444.983369499167,10444.983369499167
情景一阈值控制,90.375541611906357,37024.847244150973,104.81032672032272,44695.324082816638,149.26212320618001,10199.954186486684,2578.9849951401266,7875.0406346811742,0,49.192664432399248,62.794126711404616,12.8872,0.61918928738455814,0.99999999999480083,10454.025629821301,10454.025629821301
情景一阈值控制,90.486735088555719,36984.083923242069,104.81032672030481,44727.055101304955,148.99773313880215,10209.250878974661,2582.4264876694456,7880.6314445724356,0,49.241277406629841,62.836633191654826,12.8872,0.61876956334012667,0.99999999999479838,10463.057932241882,10463.057932241882
情景一阈值控制,90.597928565205081,36943.386968749583,104.81032672028691,44758.729695066046,148.73377352264595,10218.537199322234,2585.8679801987646,7886.2123127745181,0,49.289821423759101,62.879019167281093,12.8872,0.61834959865889716,0.99999999999479627,10472.080292973282,10472.080292973282
情景一阈值控制,90.709122041854442,36902.756272622901,104.81032672026898,44790.34795596452,148.47024365689742,10227.813164416206,2589.3094727280827,7891.7832554734041,0,49.338296444292588,62.921284740468799,12.8872,0.61792939369184996,0.99999999999479416,10481.092728201487,10481.092728201487
情景一阈值控制,90.820315518503833,36862.19172698733,104.81032672025107,44821.909975715454,148.20714284188355,10237.078791115871,2592.7509652574013,7897.34428882872,0,49.386702428793598,62.963430013797947,12.8872,0.61750894879100526,0.9999999999947925,10490.095254086122,10490.095254086122
情景一阈值控制,90.931508995153195,36821.693224143848,104.81032672023316,44853.415845884563,147.94447037907068,10246.334096253082,2596.192457786718,7902.8954289737821,0,49.435039337883296,63.005455090242997,12.8872,0.6170882643094231,0.99999999999479117,10499.087886760501,10499.087886760501
情景一阈值控制,91,36796.780489548975,104.81032672022211,44872.794373264842,147.78288689099119,10252.029886955766,2598.3122879117259,7906.3098060633674,0,49.464778663262109,63.031281183269016,12.8872,0.61682901938860135,0.99999999999479028,10504.622093975093,10504.622093975093
情景一阈值控制,91.042702471802556,36781.260656568724,104.81032672021523,44884.865657888506,147.68222557106213,10255.579096632286,2599.6339503160343,7908.4366920156426,0,49.483307132240967,63.04736007317284,12.8872,0.61666734060120243,0.9999999999947895,10508.070642331677,10508.070642331677
情景一阈值控制,91.153895948451918,36740.893916913315,104.81032672019732,44916.259502995112,147.42040772159672,10264.813809030575,2603.0754428453502,7913.9680940351318,0,49.531505772604106,63.089145066350632,12.8872,0.61624617802148007,0.99999999999478861,10517.043536880483,10517.043536880483
情景一阈值控制,91.26508942510128,36700.59289800375,104.81032672017938,44947.597472323607,147.15901613554706,10274.03825019772,2606.5169353746655,7919.4896510868939,0,49.579635219768647,63.130810173933696,12.8872,0.61582477692643112,0.99999999999478784,10526.006586461559,10526.006586461559
情景一阈值控制,91.37628290175067,36660.357492840616,104.81032672016144,44978.879656844882,146.89805011891715,10283.25243685623,2609.9584279039809,7925.0013791994397,0,49.627695434589107,63.17235550047338,12.8872,0.6154031376732676,0.99999999999478684,10534.95980710342,10534.95980710342
情景一阈值控制,91.487476378400032,36620.187594598756,104.81032672014349,45010.106147381681,146.63750897884114,10292.456385701376,2613.3999204332949,7930.5032943751785,0,49.675686377978721,63.213781150914926,12.8872,0.61498126062023817,0.99999999999478628,10543.903214808473,10543.903214808473
情景一阈值控制,91.598669855049394,36580.083096626899,104.81032672012554,45041.277034608931,146.37739202358111,10301.65011340126,2616.841412962608,7935.9954125904706,0,49.723608010909693,63.25508723059739,12.8872,0.61455914612662732,0.99999999999478595,10552.836825553079,10552.836825553079
情景一阈值控制,91.709863331698756,36540.043892447429,104.81032672010762,45072.392409053893,146.11769856252545,10310.833636596839,2620.2829054919212,7941.4777497956647,0,49.771460294413309,63.296273845253481,12.8872,0.61413679455275472,0.99999999999478617,10561.760655287586,10561.760655287586
情景一阈值控制,91.821056808348146,36500.069875756053,104.81032672008968,45103.452361096475,145.85842790618671,10320.006971901987,2623.7243980212343,7946.950321915142,0,49.819243189580128,63.337341101009422,12.8872,0.61371420625997519,0.99999999999478562,10570.674719936376,10570.674719936376
情景一阈值控制,91.932250284997508,36460.160940421607,104.81032672007176,45134.456980969408,145.59957936620023,10329.170135903512,2627.165890550546,7952.4131448473508,0,49.86695665756011,63.378289104384805,12.8872,0.61329138161067698,0.99999999999478595,10579.579035397897,10579.579035397897
情景一阈值控制,92,36435.876457079779,104.81032672006083,45153.320875514,145.44207070292256,10334.748233364029,2629.2627773920221,7955.7368468031027,0,49.895994217274691,63.403180129523051,12.8872,0.61303364061705823,0.99999999999478595,10584.999624195125,10584.999624195125
情景一阈值控制,92.04344376164687,36420.316980485673,104.81032672005381,45165.406358758519,145.34115225532204,10338.323145161232,2630.6073830798568,7957.8662344648637,0,49.914600659562858,63.419117962292496,12.8872,0.61286832096828214,0.99999999999478617,10588.473617544721,10588.473617544721
情景一阈值控制,92.154637238296232,36380.537890162355,104.81032672003586,45196.300584402983,145.08314588742692,10347.466016207996,2634.0488756091677,7963.3096066144044,0,49.962175156857739,63.459827782038438,12.8872,0.61244502469724504,0.99999999999478684,10597.358482223572,10597.358482223572
情景一阈值控制,92.265830714945622,36340.823563837977,104.81032672001794,45227.139747695546,144.82555957750674,10356.598765549747,2637.4903681384785,7968.7432771169069,0,50.00968011077407,63.500418671321555,12.8872,0.61202149316305232,0.99999999999478739,10606.233645255386,10606.233645255386
情景一阈值控制,92.377024191594984,36301.173896070854,104.81032672000001,45257.923938282736,144.56839264166879,10365.721409665537,2640.931860667788,7974.1672617675313,0,50.057115482701256,63.54089073823355,12.8872,0.61159772673222212,0.99999999999478839,10615.09912243532,10615.09912243532
情景一阈值控制,92.488217668244346,36261.588781590915,104.81032671998209,45288.653245665169,144.31164439713376,10374.833965007605,2644.3733531970965,7979.5815763357368,0,50.104481234089008,63.581244091258803,12.8872,0.61117372577230289,0.9999999999947895,10623.954929532832,10623.954929532832
情景一阈值控制,92.599411144893708,36222.068115299502,104.81032671996415,45319.327759197709,144.0553141622338,10383.936448001394,2647.8148457264047,7984.9862365652998,0,50.151777326447494,63.621478839274175,12.8872,0.61074949065187334,0.99999999999479083,10632.801082291704,10632.801082291704
情景一阈值控制,92.710604621543098,36182.611792269061,104.81032671994625,45349.947568089767,143.7994012564109,10393.028875045611,2651.2563382557128,7990.3812581743696,0,50.199003721347495,63.661595091548904,12.8872,0.61032502174054093,0.99999999999479228,10641.637596430082,10641.637596430082
情景一阈值控制,92.82179809819246,36143.219707742894,104.81032671992834,45380.512761405495,143.5439050002154,10402.111262512262,2654.69783078502,7995.7666568554978,0,50.246160380420569,63.701592957744346,12.8872,0.60990031940894252,0.99999999999479416,10650.464487640518,10650.464487640518
情景一阈值控制,92.932991574841822,36103.891757134828,104.81032671991041,45411.023428064058,143.28882471530343,10411.183626746697,2658.1393233143267,8001.1424482756966,0,50.293247265359248,63.741472547913929,12.8872,0.60947538402874224,0.99999999999479572,10659.281771590024,10659.281771590024
情景一阈值控制,93,36080.22251574212,104.81032671989962,45429.383750283174,143.13530649874861,10416.646064136854,2660.2132668722711,8004.3774238913438,0,50.321589482982048,63.765448080885037,12.8872,0.60921919321946438,0.99999999999479683,10664.590690763614,10664.590690763614
情景一阈值控制,93.044185051491183,36064.62783602898,104.8103267198925,45441.479656839831,143.03415972443571,10420.245984067653,2661.5808158436325,8006.5086480764621,0,50.340264337917198,63.781233972502889,12.8872,0.60905021597263098,0.99999999999479794,10668.089463920094,10668.089463920094
情景一阈值控制,93.155378528140545,36025.427840179465,104.81032671987461,45471.881536362685,142.77990935147545,10429.298350767305,2665.0223083729375,8011.8652718738304,0,50.387211559909368,63.820877342348162,12.8872,0.6086248156143268,0.99999999999480027,10676.887580246768,10676.887580246768
情景一阈值控制,93.266572004789936,35986.291665510093,104.81032671985672,45502.229155118162,142.52607292138694,10438.340743111299,2668.4638009022433,8017.2123352584122,0,50.434088893212198,63.860402768678178,12.8872,0.6081991833285727,0.99999999999480249,10685.676136160655,10685.676136160655
情景一阈值控制,93.377765481439297,35947.219208114169,104.81032671983883,45532.522601447767,142.27264976023326,10447.373177338794,2671.9052934315469,8022.5498537954318,0,50.480896299763707,63.899810363112664,12.8872,0.60777331949113678,0.99999999999480493,10694.455147226978,10694.455147226978
情景一阈值控制,93.488958958088659,35908.210364254133,104.81032671982099,45562.76196354915,142.01963919517473,10456.395669662517,2675.3467859608504,8027.8778430247748,0,50.527633741563768,63.939100237662515,12.8872,0.60734722447881107,0.99999999999480771,10703.224628985625,10703.224628985625
情景一阈值控制,93.600152434738021,35869.265030361326,104.81032671980311,45592.947329476403,141.76704055446717,10465.408236268797,2678.7882784901535,8033.1963184610286,0,50.574301180674212,63.978272504729595,12.8872,0.60692089866941112,0.9999999999948106,10711.984596951183,10711.984596951183
情景一阈值控制,93.711345911387411,35830.383103035711,104.81032671978525,45623.078787140228,141.51485316746007,10474.410893317616,2682.2297710194566,8038.5052955935171,0,50.620898579219009,64.017327277106517,12.8872,0.60649434244177458,0.99999999999481393,10720.735066612973,10720.735066612973
情景一阈值控制,93.822539388036773,35791.564479045592,104.81032671976742,45653.156424308218,141.26307636459481,10483.40365694263,2685.6712635487584,8043.804789886346,0,50.667425899384405,64.056264667976464,12.8872,0.60606755617576158,0.99999999999481681,10729.476053435104,10729.476053435104
情景一阈值控制,93.933732864686135,35752.809055327351,104.81032671974961,45683.180328605049,141.01170947740277,10492.386543251243,2689.1127560780596,8049.0948167784481,0,50.713883103419157,64.095084790913035,12.8872,0.605640540252252,0.99999999999482048,10738.207572856507,10738.207572856507
情景一阈值控制,94,35729.742292166869,104.81032671973898,45701.047930210785,140.86209892236403,10497.735315361038,2691.1637563524732,8052.2429780587809,0,50.741536491530091,64.118164404122354,12.8872,0.60538594574150117,0.99999999999482281,10743.406734411254,10743.406734411254
情景一阈值控制,94.044926341335497,35714.116728985173,104.81032671973178,45713.15058751277,140.76075183850384,10501.359568324631,2692.5542486073605,8054.3753916836195,0,50.760270153634657,64.133787759880008,12.8872,0.6052132950531468,0.99999999999482425,10746.92964029098,10746.92964029098
情景一阈值控制,94.156119817984887,35675.487397290715,104.81032671971397,45743.06728837097,140.51020278160419,10510.322748217788,2695.9957411366613,8059.6465299905576,0,50.806587012405096,64.172373689231151,12.8872,0.60478582096136568,0.99999999999482803,10755.642271127219,10755.642271127219
情景一阈值控制,94.267313294634249,35636.920957682974,104.81032671969619,45772.93051837707,140.26006164149513,10519.276098959564,2699.4372336659608,8064.9082470629082,0,50.852833642167631,64.210842693710006,12.8872,0.60435811836084719,0.99999999999483213,10764.345480728869,10764.345480728869
情景一阈值控制,94.378506771283611,35598.417307767864,104.81032671967841,45802.740364586483,140.01032775405065,10528.219636552722,2702.8787261952593,8070.160558239304,0,50.899010005422582,64.249194888449722,12.8872,0.60393018763654704,0.99999999999483635,10773.039284434562,10773.039284434562
情景一阈值控制,94.489700247932973,35559.976345318006,104.81032671966065,45832.496913912946,139.76100045622633,10537.153376973962,2706.3202187245579,8075.4034788334029,0,50.945116064733568,64.287430388972808,12.8872,0.60350202917443807,0.99999999999484068,10781.723697557962,10781.723697557962
情景一阈值控制,94.600893724582335,35521.597968272486,104.8103267196429,45862.200253128634,139.51207908605696,10546.077336173976,2709.761711253856,8080.6370241339337,0,50.991151782727705,64.325549311190912,12.8872,0.60307364336150848,0.99999999999484557,10790.398735387789,10790.398735387789
情景一阈值控制,94.712087201231725,35483.282074736519,104.81032671962517,45891.850468864504,139.26356298265509,10554.991530077494,2713.2032037831536,8085.8612094047321,0,51.037117122095736,64.363551771404673,12.8872,0.60264503058576202,0.99999999999485045,10799.064413187885,10799.064413187885
情景一阈值控制,94.823280677881087,35445.028562981257,104.81032671960745,45921.447647610425,139.01545148620949,10563.895974583302,2716.6446963124504,8091.0760498847822,0,51.083012045592199,64.401437886303412,12.8872,0.60221619123621672,0.99999999999485489,10807.720746197232,10807.720746197232
情景一阈值控制,94.934474154530449,35406.837331443443,104.81032671958975,45950.991875715459,138.767743937983,10572.79068556432,2720.0861888417467,8096.2815607882576,0,51.128836516035626,64.439207772964963,12.8872,0.60178712570290305,0.99999999999486022,10816.367749630004,10816.367749630004
情景一阈值控制,95,35384.360523992575,104.81032671957934,45968.377403356542,138.6219598236346,10578.027749488465,2722.114245832629,8099.3447836071637,0,51.155807675696153,64.461411027212861,12.8872,0.6015341734390347,0.99999999999486333,10821.459029439793,10821.459029439793
情景一阈值控制,95.045667631179811,35368.708278725186,104.81032671957209,45980.483239388115,138.52043968031091,10581.67567886761,2723.527681371042,8101.4777573045649,0,51.17459049630871,64.476861548855453,12.8872,0.60135783437686463,0.99999999999486566,10825.005438675607,10825.005438675607
情景一阈值控制,95.156861107829201,35330.641303593664,104.81032671955445,46009.921824696525,138.27353805659919,10590.550970314449,2726.9691739003379,8106.6646545983776,0,51.220273949358443,64.514399331829054,12.8872,0.60092831765015631,0.99999999999487088,10833.633828498716,10833.633828498716
情景一阈值控制,95.268054584478563,35292.636304980915,104.8103267195368,46039.307717568685,138.02703841132322,10599.416575700339,2730.4106664296323,8111.8422678096804,0,51.265886838196266,64.551821240127708,12.8872,0.60049857591584344,0.99999999999487676,10842.252934239314,10842.252934239314
情景一阈值控制,95.379248061127925,35254.693181983464,104.81032671951918,46068.641003792705,137.78094009002513,10608.272510795077,2733.8521589589259,8117.0106120538085,0,51.311429125898286,64.589127392381002,12.8872,0.60006860956800123,0.99999999999488198,10850.862771012735,10850.862771012735
情景一阈值控制,95.490441537777286,35216.811833862179,104.81032671950159,46097.921769017019,137.53524243931281,10617.118791342782,2737.2936514882194,8122.16970242149,0,51.356900775605418,64.626317907605852,12.8872,0.599638419001713,0.99999999999488842,10859.463353909709,10859.463353909709
情景一阈值控制,95.601635014426677,35178.992160041867,104.810326719484,46127.15009875063,137.28994480685773,10625.955433061941,2740.735144017513,8127.3195539788831,0,51.402301750523556,64.663392905206251,12.8872,0.59920800461307056,0.9999999999948942,10868.054697996396,10868.054697996396
情景一阈值控制,95.712828491076039,35141.234060111172,104.81032671946646,46156.326078363316,137.04504654139382,10634.782451645448,2744.1766365468052,8132.4601817676148,0,51.447632013923709,64.70035250497304,12.8872,0.59877736679917215,0.99999999999490075,10876.63681831442,10876.63681831442
情景一阈值控制,95.8240219677254,35103.53743382213,104.81032671944891,46185.449793085842,136.80054699271497,10643.599862760646,2747.6181290760969,8137.5916008048243,0,51.492891529142206,64.737196827083736,12.8872,0.59834650595812211,0.99999999999490752,10885.20972988092,10885.20972988092
情景一阈值控制,95.935215444374762,35065.902181090045,104.81032671943136,46214.521328010269,136.5564455116737,10652.407682049374,2751.0596216053877,8142.7138260832035,0,51.538080259580845,64.773925992102136,12.8872,0.59791542248902951,0.99999999999491429,10893.773447688591,10893.773447688591
情景一阈值控制,96,35044.003043703538,104.81032671942117,46231.435226942282,136.41440815357157,10657.534957861975,2753.0647353127388,8145.6939508303403,0,51.564375879766793,64.795272428223157,12.8872,0.59766415823154784,0.99999999999491807,10898.758686143079,10898.758686143079
情景一阈值控制,96.046408921024124,35028.32820199315,104.81032671941387,46243.540768090046,136.31274145017963,10661.205925128004,2754.5011141346781,8147.8268725710304,0,51.58319816870705,64.810540120978175,12.8872,0.59748411679200752,0.99999999999492095,10902.327986705708,10902.327986705708
情景一阈值控制,96.157602397673514,34990.815396772341,104.8103267193964,46272.508198140371,136.06943416119717,10669.994607587483,2757.9426066639689,8152.9307552122191,0,51.628245220054069,64.847039335047668,12.8872,0.59705258926817173,0.99999999999492828,10910.873361876187,10910.873361876187
情景一阈值控制,96.268795874322876,34953.363665830977,104.81032671937896,46301.423702838314,135.82652299874457,10678.773744993372,2761.3840991932584,8158.0254889263479,0,51.673221377221061,64.883423756031931,12.8872,0.59662084031964058,0.99999999999493516,10919.409588119606,10919.409588119606
情景一阈值控制,96.379989350972238,34915.972909734526,104.81032671936156,46330.287366723111,135.58400731789146,10687.54335288589,2764.8255917225474,8163.1110886087081,0,51.718126603873365,64.919693506037675,12.8872,0.59618887034953283,0.99999999999494249,10927.936680331255,10927.936680331255
情景一阈值控制,96.4911828276216,34878.643029210376,104.81032671934415,46359.099274196349,135.34188647475776,10696.303446779963,2768.2670842518355,8168.1875691303394,0,51.762960863742599,64.95584870755664,12.8872,0.59575667976196722,0.99999999999495026,10936.454653382174,10936.454653382174
情景一阈值控制,96.60237630427099,34841.373925147498,104.81032671932681,46387.859509522204,135.10015982651132,10705.054042165246,2771.7085767811241,8173.2549453380707,0,51.807724120626823,64.991889483465357,12.8872,0.5953242689620617,0.99999999999495792,10944.963522119195,10944.963522119195
情景一阈值控制,96.713569780920352,34804.165498596281,104.8103267193095,46416.568156827649,134.858826731367,10713.795154506181,2775.1500693104117,8178.3132320545565,0,51.852416338390711,65.027815957024842,12.8872,0.59489163835593184,0.99999999999496603,10953.463301364969,10953.463301364969
情景一阈值控制,96.824763257569714,34767.017650768168,104.81032671929216,46445.225300102713,134.61788654858424,10722.52679924203,2778.591561839698,8183.3624440783206,0,51.897037480965757,65.06362825188036,12.8872,0.59445878835069066,0.99999999999497369,10961.954005918018,10961.954005918018
情景一阈值控制,96.935956734219076,34729.930283035457,104.81032671927488,46473.831023200662,134.3773386384658,10731.248991786926,2782.0330543689843,8188.4025961837924,0,51.94158751235036,65.099326492061152,12.8872,0.59402571935444581,0.99999999999498224,10970.435650552776,10970.435650552776
情景一阈值控制,97,34708.596762703091,104.81032671926495,46490.283540892895,134.23896986103179,10736.268363204488,2784.0152247928045,8191.3014284000928,0,51.967214369343381,65.119835622498726,12.8872,0.59377618865086101,0.99999999999498723,10975.316653192898,10975.316653192898
情景一阈值控制,97.047150210868466,34692.903296931021,104.81032671925763,46502.385409838251,134.13718236235582,10739.961747529898,2785.4745468982705,8193.4337031213508,0,51.986066396610084,65.134910801980098,12.8872,0.59359243177630094,0.99999999999499067,10978.908250019622,10978.908250019622
情景一阈值控制,97.158343687517828,34655.936594148036,104.81032671924039,46530.888543595946,133.89741708263838,10748.665081834919,2788.9160394275555,8198.455779617354,0,52.030474097877693,65.170381306433441,12.8872,0.59315892602635278,0.99999999999499933,10987.371819044909,10987.371819044909
情景一阈值控制,97.26953716416719,34619.030076539755,104.81032671922321,46559.340507918103,133.65804216273563,10757.359010040958,2792.3575319568404,8203.4688403741875,0,52.074810580353457,65.205738130600579,12.8872,0.59272520251569083,0.99999999999500833,10995.826372331028,10995.826372331028
情景一阈值控制,97.380730640816552,34582.183646119192,104.81032671920605,46587.741386113266,133.41905696710594,10766.043547462003,2795.7990244861239,8208.472900070301,0,52.119075808305212,65.240981400043665,12.8872,0.59229126165639645,0.99999999999501699,11004.271924556426,11004.271924556426
情景一阈值控制,97.491924117465942,34545.397205058907,104.81032671918895,46616.091261354319,133.18046086124255,10774.718709387113,2799.2405170154084,8213.4679733602461,0,52.163269746068579,65.276111240707365,12.8872,0.59185710386154033,0.99999999999502653,11012.708490375655,11012.708490375655
情景一阈值控制,97.603117594115304,34508.670655690745,104.81032671917184,46644.390216678737,132.94225321167181,10783.384511080447,2802.6820095446915,8218.4540748747095,0,52.207392358047066,65.311127778918532,12.8872,0.59142272954518438,0.99999999999503542,11021.136084419401,11021.136084419401
情景一阈值控制,97.714311070764666,34472.003900505544,104.81032671915477,46672.638334988798,132.70443338595135,10792.040967781324,2806.1235020739741,8223.4312192205671,0,52.251443608712307,65.346031141385964,12.8872,0.59098813912237691,0.99999999999504496,11029.554721294542,11029.554721294542
情景一阈值控制,97.825504547414027,34435.396842152899,104.81032671913775,46700.835699051822,132.46700075266835,10800.688094704245,2809.5649946032559,8228.3994209809061,0,52.29542346260417,65.380821455199992,12.8872,0.59055333300915458,0.99999999999505451,11037.964415584162,11037.964415584162
情景一阈值控制,97.936698024063389,34398.849383440909,104.81032671912079,46728.982391500365,132.22995468143807,10809.325907038943,2813.0064871325376,8233.3586947150761,0,52.339331884330953,65.415498847832296,12.8872,0.59011831162253947,0.9999999999950645,11046.365181847614,11046.365181847614
情景一阈值控制,98,34378.069655618441,104.81032671911112,46744.983581180357,132.09517779091973,10814.239222071952,2814.965714272827,8236.1780057172673,0,52.364296841068409,65.435190148155939,12.8872,0.58987055978512382,0.9999999999950705,11051.143719990094,11051.143719990094
情景一阈值控制,98.04789150071278,34362.361427335898,104.81032671910381,46757.078494832458,131.99329454290225,10817.954419950423,2816.4479796618189,8238.3090549587214,0,52.383168838569517,65.450063447135477,12.8872,0.58968307538053866,0.9999999999950745,11054.757034620539,11054.757034620539
情景一阈值控制,98.159084977362141,34325.932876962186,104.81032671908687,46785.124091411788,131.75701970872714,10826.573648578991,2819.8894721910997,8243.2505162238176,0,52.426934290065432,65.484515381342817,12.8872,0.5892476247021432,0.9999999999950846,11063.139988414918,11063.139988414918
情景一阈值控制,98.270278454011503,34289.5636356018,104.81032671906999,46813.119263467997,131.52112955160186,10835.183608040314,2823.3309647203791,8248.1830929987154,0,52.470628203633204,65.518854779067951,12.8872,0.5888119600073265,0.99999999999509503,11071.514057719094,11071.514057719094
情景一阈值控制,98.381471930660865,34253.253606694248,104.81032671905312,46841.0640930968,131.28562344523706,10843.78431342544,2826.7724572496586,8253.1067997481805,0,52.514250544156397,65.55308176930447,12.8872,0.58837608171704336,0.99999999999510514,11079.87925699784,11079.87925699784
情景一阈值控制,98.492665407310255,34217.002693836228,104.8103267190363,46868.958662260302,131.05050076436297,10852.375779800856,2830.2139497789381,8258.0216509134279,0,52.557801276587774,65.58719648142575,12.8872,0.58793999025322874,0.9999999999951158,11088.235600692366,11088.235600692366
情景一阈值控制,98.603858883959617,34180.810800781408,104.8103267190195,46896.803052787109,130.81576088472784,10860.958022208513,2833.6554423082162,8262.9276609121534,0,52.601280365949485,65.621199045184426,12.8872,0.58750368603879699,0.99999999999512679,11096.58310322037,11096.58310322037
情景一阈值控制,98.715052360608979,34144.677831440153,104.81032671900276,46924.597346372662,130.58140318309617,10869.531055665873,2837.0969348374938,8267.8248441385877,0,52.644687777333225,65.655089590712223,12.8872,0.58706716949763993,0.99999999999513822,11104.921778976081,11104.921778976081
情景一阈值控制,98.826245837258341,34108.603689879252,104.81032671898605,46952.341624579341,130.34742703724717,10878.094895165952,2840.538427366771,8272.7132149635236,0,52.688023475900394,65.688868248519555,12.8872,0.58663044105462681,0.99999999999514877,11113.251642330295,11113.251642330295
情景一阈值控制,98.937439313907731,34072.588280321695,104.81032671896938,46980.035968836775,130.11383182597314,10886.649555677357,2843.9799198960491,8277.5927877343602,0,52.731287426882254,65.722535149495172,12.8872,0.58619350113560098,0.99999999999515998,11121.57270763041,11121.57270763041
情景一阈值控制,99,34052.350744833908,104.81032671896003,46995.595692973489,129.98257158387091,10891.458627270555,2845.9162037528067,8280.3343152286889,0,52.755597432265624,65.741428049867352,12.8872,0.58594757321806334,0.99999999999516664,11126.250518981495,11126.250518981495
情景一阈值控制,99.048632790557093,34036.631507146434,104.81032671895277,47007.680460442003,129.8806169290778,10895.195052144314,2847.4214124253249,8282.4635767751297,0,52.774479595580075,65.756090424905835,12.8872,0.58575635016738148,0.99999999999517153,11129.884989200455,11129.884989200455
情景一阈值控制,99.159826267206455,34000.733274888044,104.81032671893621,47035.275180559693,129.64778172737442,10903.731399486729,2850.8629049546007,8287.3255963865522,0,52.817599947365323,65.789534206395999,12.8872,0.58531898857775955,0.99999999999518319,11138.188501341152,11138.188501341152
情景一阈值控制,99.271019743855817,33964.893488236572,104.81032671891963,47062.820210222388,129.41532560268467,10912.258612600217,2854.3043974838761,8292.1788608460574,0,52.860648447679814,65.82286662598743,12.8872,0.58488141679549832,0.99999999999519518,11146.483258329934,11146.483258329934
情景一阈值控制,99.382213220505179,33929.112052037206,104.81032671890311,47090.31563033069,129.18324793783634,10920.776706356135,2857.7458900131505,8297.0233844078357,0,52.90362506203585,65.856087816078841,12.8872,0.58444363525033194,0.99999999999520661,11154.769274420985,11154.769274420985
情景一阈值控制,99.493406697154569,33893.388871290081,104.81032671888667,47117.761521653512,128.95154811666211,10929.285695601637,2861.1873825424259,8301.8591813028706,0,52.94652975601641,65.889197909445571,12.8872,0.58400564437296298,0.99999999999521882,11163.046563845297,11163.046563845297
情景一阈值控制,99.604600173803931,33857.723851149996,104.81032671887024,47145.157964828213,128.72022552399807,10937.785595159688,2864.6288750716999,8306.6862657389684,0,52.989362495275266,65.922197039239222,12.8872,0.58356744459506305,0.99999999999523104,11171.315140810668,11171.315140810668
情景一阈值控制,99.715793650453293,33822.116896926156,104.81032671885383,47172.505040360935,128.48927954568171,10946.276419829141,2868.0703676009725,8311.5046519008156,0,53.0321232455372,65.955085338987274,12.8872,0.5831290363492696,0.99999999999524392,11179.575019501788,11179.575019501788
情景一阈值控制,99.826987127102655,33786.567914081927,104.8103267188375,47199.802828626714,128.25870956855033,10954.758184384742,2871.5118601302456,8316.3143539499961,0,53.074811972598106,65.987862942592756,12.8872,0.5826904200691867,0.99999999999525591,11187.826214080242,11187.826214080242
情景一阈值控制,99.938180603752045,33751.076808234604,104.81032671882123,47227.051409869717,128.0285149804395,10963.230903577187,2874.9533526595187,8321.1153860250397,0,53.117428642325201,66.020529984333848,12.8872,0.58225159618938105,0.99999999999526867,11196.068738684558,11196.068738684558
情景一阈值控制,100,33731.370085249182,104.81032671881218,47242.179343596566,127.90069757739326,10967.937510238817,2876.866693232746,8323.7808347103874,0,53.141090730486845,66.03864386093376,12.8872,0.58200753696347962,0.99999999999527578,11200.647527943132,11200.647527943132
情景一阈值控制,100.04937408040141,33715.643485155153,104.81032671880494,47254.250864203481,127.79869517018172,10971.69459213315,2878.3948451887904,8325.907762241457,0,53.159973220657129,66.053086598863516,12.8872,0.58181256514538371,0.99999999999528144,11204.302607430247,11204.302607430247
情景一阈值控制,100.16056755705077,33680.267850767923,104.81032671878873,47281.401271611117,127.56924952760428,10980.149264755335,2881.8363377180613,8330.6914966917793,0,53.202445673604153,66.085532921209136,12.8872,0.58137332737368652,0.99999999999529465,11212.527834409841,11212.527834409841
情景一阈值控制,100.27176103370013,33644.949811150451,104.81032671877256,47308.502711945504,127.34017744352793,10988.59493612251,2885.2778302473325,8335.4666034455913,0,53.244845967248331,66.117869086772131,12.8872,0.58093388331174201,0.99999999999530775,11220.744433692924,11220.744433692924
情景一阈值控制,100.38295451034952,33609.689272533178,104.81032671875646,47335.555264929528,127.11147830976519,10997.031620889544,2888.7193227766033,8340.2330965495748,0,53.287174067743621,66.150095231327597,12.8872,0.58049423339796125,0.99999999999532108,11228.952419326179,11228.952419326179
情景一阈值控制,100.49414798699888,33574.486141299225,104.81032671874036,47362.559010156248,126.88315151911907,11005.459333687439,2892.1608153058733,8344.9909900275361,0,53.329429941316072,66.182211491023864,12.8872,0.58005437807171356,0.99999999999533462,11237.151805333409,11237.151805333409
情景一阈值控制,100.60534146364824,33539.340323984106,104.81032671872433,47389.514027089172,126.65519646538071,11013.878089123382,2895.6023078351427,8349.7402978804566,0,53.371613554263973,66.214218002382182,12.8872,0.57961431777332384,0.99999999999534817,11245.342605715599,11245.342605715599
情景一阈值控制,100.71653494029761,33504.251727275529,104.81032671870832,47416.420395062421,126.42761254332841,11022.287901780779,2899.0438003644113,8354.481034086517,0,53.413724872958028,66.246114902296284,12.8872,0.57917405294407232,0.99999999999536227,11253.524834450927,11253.524834450927
情景一阈值控制,100.827728416947,33469.220258013091,104.81032671869239,47443.278193280952,126.20039914872585,11030.688786219296,2902.4852928936807,8359.2132126011456,0,53.455763863841497,66.277902328032013,12.8872,0.57873358402619279,0.99999999999537581,11261.698505494827,11261.698505494827
情景一阈值控制,100.93892189359636,33434.24582318811,104.81032671867651,47470.08750082078,125.97355567832051,11039.080756974883,2905.9267854229488,8363.936847357043,0,53.497730493430318,66.309580417226883,12.8872,0.5782929114628711,0.99999999999539013,11269.863632779992,11269.863632779992
情景一阈值控制,101,33415.058749259217,104.81032671866781,47484.79313529942,125.84910870844857,11043.686643395013,2907.8171827126457,8366.5278895175961,0,53.520751782958605,66.326934583638462,12.8872,0.57805076539498823,0.99999999999539779,11274.345072230242,11274.345072230242
情景一阈值控制,101.05011537024572,33399.328329943281,104.81032671866069,47496.848396629139,125.74708152984191,11047.463828559836,2909.3682779522155,8368.6519522642338,0,53.539624728313335,66.341149307889765,12.8872,0.57785203569824417,0.99999999999540423,11278.020230216449,11278.020230216449
情景一阈值控制,101.16130884689508,33364.467685572512,104.81032671864494,47523.560959524788,125.52097610200008,11055.838015462818,2912.8097704814832,8373.3585412100911,0,53.581446535152402,66.372609138400364,12.8872,0.57741095717739799,0.99999999999541866,11286.168311691574,11286.168311691574
情景一阈值控制,101.27250232354444,33329.663797520632,104.81032671862917,47550.225268198112,125.29523879448421,11064.203332148903,2916.2512630107494,8378.0566280593775,0,53.623195880682566,66.403960047508946,12.8872,0.57696967634636698,0.99999999999543332,11294.307891070126,11294.307891070126
情景一阈值控制,101.38369580019383,33294.916573383147,104.81032671861348,47576.841401211423,125.06986900796059,11072.55979305962,2919.6927555400162,8382.7462266542898,0,53.664872731712194,66.435202174335828,12.8872,0.57652819365213182,0.9999999999954482,11302.438982194306,11302.438982194306
情景一阈值控制,101.4948892768432,33260.225920906043,104.81032671859785,47603.409436999071,124.84486614407153,11080.907412612976,2923.1342480692815,8387.4273508144761,0,53.706477055123145,66.46633565837098,12.8872,0.57608650954261886,0.99999999999546285,11310.561598883758,11310.561598883758
情景一阈值控制,101.60608275349256,33225.591747985469,104.81032671858226,47629.929453867771,124.62022960543335,11089.246205203513,2926.5757405985473,8392.1000143370948,0,53.748008817870939,66.497360639473641,12.8872,0.57564462446669795,0.99999999999547773,11318.675754935643,11318.675754935643
情景一阈值控制,101.71727623014192,33191.013962667537,104.81032671856671,47656.401529996692,124.39595879563511,11097.576185202335,2930.0172331278113,8396.7642309968378,0,53.789467986984896,66.528277257871892,12.8872,0.57520253887418149,0.99999999999549261,11326.78146412465,11326.78146412465
情景一阈值控制,101.82846970679131,33156.492473148064,104.81032671855124,47682.825743437759,124.17205311923665,11105.897366957146,2933.4587256570762,8401.420014545969,0,53.830854529568278,66.559085654162217,12.8872,0.57476025321582214,0.99999999999550815,11334.878740203045,11334.878740203045
情景一阈值控制,101.93966318344067,33122.027187772357,104.81032671853583,47709.202172115809,123.94851198176747,11114.209764792293,2936.9002181863398,8406.067378714366,0,53.872168412798466,66.589785969309062,12.8872,0.57431776794331335,0.99999999999552336,11342.967596900706,11342.967596900706
情景一阈值控制,102,33103.348811952688,104.81032671852748,47723.49481784166,123.82736441744905,11118.71664245045,2938.7676721925072,8408.5856548020311,0,53.894556105921396,66.606399667880979,12.8872,0.5740775791710111,0.99999999999553224,11347.353326994538,11347.353326994538
情景一阈值控制,102.05085666009003,33087.618015034925,104.81032671852044,47735.530893828807,123.72533478972488,11122.513393008798,2940.3417107156038,8410.7063372095508,0,53.913409603927107,66.62037834464445,12.8872,0.5738750835092854,0.99999999999553923,11351.048047925155,11351.048047925155
情景一阈值控制,102.1620501367394,33053.264863579243,104.81032671850511,47761.811986248038,123.50252095057236,11130.808265884407,2943.7832032448659,8415.3369037167286,0,53.95457807028027,66.650862921867542,12.8872,0.5734322003673058,0.99999999999555478,11359.120106961595,11359.120106961595
情景一阈值控制,102.27324361338879,33018.967642197531,104.81032671848986,47788.045526918395,123.28006987273807,11139.094397673616,2947.2246957741295,8419.9590918988251,0,53.995673779258603,66.681239843044139,12.8872,0.57298911897187654,0.99999999999557099,11367.183787672955,11367.183787672955
情景一阈值控制,102.38443709003815,32984.726259830546,104.81032671847467,47814.231593258424,123.05798096561352,11147.371802607709,2950.6661883033912,8424.5729153965167,0,54.036696698337451,66.711509250606312,12.8872,0.57254583977843432,0.99999999999558675,11375.239103699907,11375.239103699907
情景一阈值控制,102.49563056668751,32950.540625567235,104.81032671845951,47840.370262560718,122.83625363955173,11155.640494894807,2954.1076808326529,8429.1783878282768,0,54.077646795067061,66.741671287351949,12.8872,0.57210236324334662,0.99999999999560274,11383.286068660929,11383.286068660929
情景一阈值控制,102.60682404333687,32916.410648644589,104.8103267184444,47866.461611991966,122.61488730586552,11163.900488719899,2957.5491733619133,8433.7755227904054,0,54.118524037072724,66.771726096444254,12.8872,0.57165868982391221,0.9999999999956195,11391.324696152318,11391.324696152318
情景一阈值控制,102.71801751998623,32882.336238447373,104.81032671842934,47892.50571859326,122.39388137682623,11172.151798244873,2960.9906658911746,8438.3643338570655,0,54.159328392054888,66.80167382141137,12.8872,0.57121481997835921,0.99999999999563538,11399.354999748241,11399.354999748241
情景一阈值控制,102.82921099663562,32848.317304507851,104.81032671841436,47918.502659280261,122.17323526566219,11180.394437608571,2964.4321584204349,8442.944834580323,0,54.200059827789367,66.831514606145902,12.8872,0.57077075416584244,0.99999999999565214,11407.376993000758,11407.376993000758
情景一阈值控制,102.94040447328499,32814.353756505632,104.81032671839942,47944.452510843381,121.95294838655698,11188.628420926801,2967.8736509496948,8447.5170384901721,0,54.240718312127427,66.86124859490441,12.8872,0.57032649284644377,0.99999999999566869,11415.390689439868,11415.390689439868
情景一阈值控制,103,32796.173336525768,104.81032671839145,47958.341300893881,121.83503055365203,11193.037968689083,2969.7181616723319,8449.9641576969043,0,54.262479693854715,66.877140988089593,12.8872,0.57008830515502484,0.99999999999567768,11419.682319369236,11419.682319369236
情景一阈值控制,103.05159794993435,32780.445504267322,104.81032671838456,47970.355349948011,121.73302015464795,11196.8537622924,2971.3151434789543,8452.0809590945883,0,54.281303812996015,66.89087593230704,12.8872,0.56988203648116886,0.99999999999568545,11423.396102573543,11423.396102573543
情景一阈值控制,103.16279142658371,32746.592457766361,104.81032671836974,47996.211253134752,121.51344998602455,11205.070475775257,2974.7566360082137,8456.6366098795497,0,54.321816298397849,66.920396763336996,12.8872,0.56943738553194656,0.99999999999570255,11431.393245887764,11431.393245887764
情景一阈值控制,103.2739849032331,32712.794527122747,104.81032671835499,48022.020296819581,121.29423729772709,11213.278575422359,2978.1981285374727,8461.1840043090797,0,54.362255736411612,66.949811233340114,12.8872,0.56899254046162717,0.99999999999571942,11439.382132846553,11439.382132846553
情景一阈值控制,103.38517837988246,32679.051622602841,104.81032671834028,48047.782557294035,121.07538150774489,11221.478075257814,2981.6396210667308,8465.7231558252788,0,54.402622095192044,66.979119488024338,12.8872,0.56854750173398072,0.99999999999573674,11447.362776892009,11447.362776892009
情景一阈值控制,103.49637185653182,32645.363654619068,104.81032671832565,48073.498110725457,120.85688203501472,11229.668989282902,2985.0811135959884,8470.2540778483635,0,54.442915342970174,67.008321673459321,12.8872,0.56810226981369571,0.99999999999575406,11455.335191444352,11455.335191444352
情景一阈值控制,103.60756533318118,32611.730533729726,104.81032671831107,48099.16703315721,120.63873829941963,11237.851331476109,2988.5226061252456,8474.776783776706,0,54.483135448053403,67.037417936075911,12.8872,0.56765684516637704,0.99999999999577172,11463.299389901951,11463.299389901951
情景一阈值控制,103.71875880983058,32578.152170638707,104.81032671829655,48124.789400508809,120.42094972178694,11246.025115793167,2991.9640986545028,8479.2912869868578,0,54.523282378825705,67.066408422665646,12.8872,0.56721122825854486,0.99999999999578915,11471.255385641361,11471.255385641361
情景一阈值控制,103.82995228647994,32544.628476195325,104.8103267182821,48150.365288576199,120.20351572388704,11254.190356167073,2995.4055911837595,8483.7976008335918,0,54.563356103747715,67.095293280380318,12.8872,0.56676541955763282,0.99999999999580702,11479.20319201735,11479.20319201735
情景一阈值控制,103.9411457631293,32511.15936139402,104.8103267182677,48175.894773031891,119.9864357284316,11262.347066508151,2998.8470837130149,8488.2957386499456,0,54.603356591356949,67.124072656731485,12.8872,0.56631941953198639,0.99999999999582534,11487.142822362961,11487.142822362961
情景一阈值控制,104,32493.46635990803,104.81032671826011,48189.388666258557,119.8716792819295,11266.660931213992,3000.6686511521216,8490.6732794701693,0,54.624499028580736,67.139262818413926,12.8872,0.56608327633107924,0.99999999999583455,11491.341930622291,11491.341930622291
情景一阈值控制,104.05233923977866,32477.744737374127,104.81032671825338,48201.377929425238,119.76970915907236,11270.495260704078,3002.2885762422707,8492.785713747242,0,54.643283810267903,67.152746699589969,12.8872,0.56587322865086154,0.99999999999584299,11495.074289989512,11495.074289989512
情景一阈值控制,104.16353271642802,32444.384515419682,104.81032671823911,48226.814833182529,119.55333544039922,11278.634952619914,3005.7300687715256,8497.2675394151356,0,54.683137729172238,67.181315557185343,12.8872,0.56542684738442239,0.9999999999958612,11502.997608186661,11502.997608186661
情景一阈值控制,104.27472619307741,32411.078606959127,104.8103267182249,48252.205559607319,119.33731399793895,11286.766156098152,3009.1715613007814,8501.7412289216463,0,54.722918316838907,67.20977937810548,12.8872,0.56498027620374036,0.99999999999587941,11510.912790222428,11510.912790222428
情景一阈值控制,104.38591966972677,32377.826923565142,104.81032671821075,48277.550183880521,119.12164425815368,11294.888884958744,3012.6130538300354,8506.2067955131806,0,54.762625542114279,67.238138311296041,12.8872,0.56453351558079246,0.99999999999589784,11518.819849343216,11518.819849343216
情景一阈值控制,104.49711314637614,32344.629376954352,104.81032671819665,48302.848781060646,118.90632564843932,11303.003152999139,3016.0545463592894,8510.6642524145973,0,54.802259373922347,67.266392506059944,12.8872,0.56408656598845908,0.99999999999591627,11526.718798773887,11526.718798773887
情景一阈值控制,104.6083066230255,32311.485878987114,104.81032671818264,48328.101426084017,118.69135759712393,11311.108973994333,3019.4960388885429,8515.1136128292073,0,54.841819781264839,67.294542112056916,12.8872,0.56363942790052257,0.99999999999593503,11534.60965171775,11534.60965171775
情景一阈值控制,104.71950009967489,32278.396341667289,104.81032671816871,48353.308193764962,118.47673953346629,11319.206361696886,3022.9375314177969,8519.5548899388341,0,54.881306733221386,67.322587279302923,12.8872,0.5631921017916659,0.9999999999959539,11542.49242135663,11542.49242135663
情景一阈值控制,104.83069357632425,32245.360677142013,104.81032671815483,48378.469158795982,118.2624708876546,11327.295329836968,3026.3790239470495,8523.9880969038386,0,54.920720198949624,67.350528158169709,12.8872,0.56274458813747086,0.99999999999597267,11550.367120850888,11550.367120850888
情景一阈值控制,104.94188705297361,32212.378797701447,104.81032671814098,48403.584395747981,118.04855109080461,11335.375892122398,3029.8205164763017,8528.4132468631524,0,54.960060147685397,67.378364899384266,12.8872,0.56229688741441586,0.99999999999599143,11558.233763339455,11558.233763339455
情景一阈值控制,105,32195.162878597548,104.81032671813378,48416.692179913043,117.93688899089524,11339.595689161151,3031.6191406318785,8530.722757646412,0,54.980591088239755,67.392871806201185,12.8872,0.56206283171460902,0.99999999999600198,11562.34189827829,11562.34189827829
情景一阈值控制,105.05308052962297,32179.450615778551,104.81032671812724,48428.653979070448,117.83497957495824,11343.44806223868,3033.2620090055534,8532.8303529343211,0,54.999326548742886,67.406097654028301,12.8872,0.56184900009987482,0.99999999999601086,11566.092361939875,11566.092361939875
情景一阈值控制,105.16427400627236,32146.576043948837,104.81032671811357,48453.677983091708,117.62175577308206,11351.51185384903,3036.703501534806,8537.2394282135283,0,55.038519371514745,67.43372657353774,12.8872,0.56140092667211516,0.99999999999602995,11573.942929748335,11573.942929748335
情景一阈值控制,105.27546748292173,32113.754994930197,104.81032671809992,48478.656482018989,117.40887911906616,11359.567280594421,3040.1449940640568,8541.6404857756388,0,55.077638585472243,67.461251809702219,12.8872,0.5609526676102965,0.99999999999604972,11581.785479839695,11581.785479839695
情景一阈值控制,105.38666095957109,32080.987381582578,104.81032671808636,48503.589549938755,117.1963490477219,11367.61435609362,3043.5864865933077,8546.0335386742299,0,55.116684160165441,67.48867351466447,12.8872,0.56050422339446848,0.99999999999606914,11589.620025267537,11589.620025267537
情景一阈值控制,105.49785443622045,32048.273116907822,104.8103267180729,48528.477260816864,116.98416499478098,11375.653093943223,3047.0279791225585,8550.4185999416277,0,55.15565606522329,67.515991840919924,12.8872,0.56005559450556897,0.99999999999608868,11597.446579064186,11597.446579064186
情景一阈值控制,105.60904791286984,32015.6121140494,104.81032671805946,48553.319688498734,116.7723263968937,11383.683507717684,3050.4694716518093,8554.7956825889378,0,55.194554270353855,67.543206941316072,12.8872,0.55960678142542264,0.99999999999610822,11605.265154240748,11605.265154240748
情景一阈值控制,105.7202413895192,31983.00428629222,104.81032671804611,48578.116906709518,116.56083269162784,11391.705610969357,3053.9109641810587,8559.1647996060819,0,55.233378745344353,67.570318969051968,12.8872,0.55915778463673926,0.9999999999961281,11613.075763787141,11613.075763787141
情景一阈值控制,105.83143486616856,31950.449547062337,104.81032671803284,48602.86898905439,116.3496833174665,11399.719417228536,3057.3524567103082,8563.5259639618362,0,55.272129460061393,67.597328077677702,12.8872,0.55870860462311178,0.99999999999614808,11620.878420672145,11620.878420672145
情景一阈值控制,105.94262834281793,31917.947809926773,104.81032671801967,48627.576009018681,116.1388777138071,11407.724940003483,3060.7939492395572,8567.8791886038616,0,55.31080638445107,67.624234421093831,12.8872,0.55825924186901421,0.99999999999616818,11628.67313784342,11628.67313784342
情景一阈值控制,106,31901.198834701947,104.81032671801285,48640.306303877413,116.03024420236689,11411.852253881023,3062.5696301116045,8570.1221880979083,0,55.33073335613043,67.638076943761106,12.8872,0.5580273162585625,0.99999999999617872,11632.691818209512,11632.691818209512
情景一阈值控制,106.05382181946729,31885.49898859327,104.81032671800649,48652.238039968055,115.92841532095997,11415.722192780468,3064.2354417688057,8572.2244864587392,0,55.349409488539123,67.651038153550829,12.8872,0.55780969685980075,0.99999999999618827,11636.459928227545,11636.459928227545
情景一阈值控制,106.16501529611668,31853.102996910053,104.81032671799341,48676.855155148762,115.71829558014632,11423.711189023808,3067.6769342980551,8576.5618704320023,0,55.387938742431096,67.677739429648611,12.8872,0.5573599700817029,0.99999999999620914,11644.238804730057,11644.238804730057
情景一阈值控制,106.27620877276604,31820.759748865632,104.81032671798042,48701.427427687755,115.5085179334974,11431.691942175892,3071.1184268273028,8580.8913534081767,0,55.426394116312444,67.704338404335857,12.8872,0.55691006202182902,0.99999999999622946,11652.009780235479,11652.009780235479
情景一阈值控制,106.3874022494154,31788.469158588534,104.81032671796748,48725.954930592983,115.29908182405256,11439.664465657224,3074.5599193565504,8585.2129482508044,0,55.464775580448702,67.730835232909584,12.8872,0.5564599731681612,0.99999999999624956,11659.772867607355,11659.772867607355
情景一阈值控制,106.49859572606476,31756.231140347085,104.81032671795461,48750.437736753498,115.08998669575807,11447.628772866467,3078.0014118857976,8589.5266678024927,0,55.503083105185645,67.757230071014462,12.8872,0.55600970400955363,0.99999999999627043,11667.528079688291,11667.528079688291
情景一阈值控制,106.60978920271415,31724.045608549204,104.81032671794182,48774.875918939688,114.88123199346525,11455.584877180461,3081.4429044150452,8593.8325248849342,0,55.541316660949391,67.783523074642403,12.8872,0.55555925503573178,0.99999999999629163,11675.27542929998,11675.27542929998
情景一阈值控制,106.72098267936352,31691.91247774216,104.81032671792913,48799.269549803474,114.67281716292952,11463.532791954269,3084.8843969442919,8598.1305322989465,0,55.579476218246569,67.809714400131824,12.8872,0.55510862673729011,0.99999999999631217,11683.014929243238,11683.014929243238
情景一阈值控制,106.83217615601288,31659.831662612349,104.81032671791645,48823.618701878469,114.46474165080862,11471.472530521214,3088.3258894735377,8602.420702824511,0,55.617561747664453,67.835804204167232,12.8872,0.55465781960568938,0.99999999999633327,11690.746592298048,11690.746592298048
情景一阈值控制,106.94336963266224,31627.80307798506,104.81032671790386,48847.92344758023,114.25700490466104,11479.404106192906,3091.7673820027835,8606.7030492207978,0,55.655573219871123,67.861792643778571,12.8872,0.554206834133256,0.99999999999635414,11698.470431223581,11698.470431223581
情景一阈值控制,107,31611.511102182609,104.81032671789748,48860.284707909712,114.15133548214676,11483.440491088393,3093.5201195913019,8608.8810271052462,0,55.67490382940791,67.874989538427499,12.8872,0.55397708075487828,0.9999999999963648,11702.401146696548,11702.401146696548
情景一阈值控制,107.05456310931163,31595.826638824248,104.81032671789137,48872.183859206387,114.04960637294474,11487.327532259291,3095.2088745320298,8610.9775842262079,0,55.693510605615579,67.887679876340655,12.8872,0.553755670813179,0.99999999999637568,11706.186458758239,11706.186458758239
情景一阈值控制,107.16575658596099,31563.902260232328,104.81032671787897,48896.400008936864,113.84254550501572,11495.242821988666,3098.6503670612747,8615.244320558395,0,55.73137387572789,67.913466059572585,12.8872,0.55330433013950997,0.99999999999639699,11713.89468761967,11713.89468761967
情景一阈值控制,107.27695006261035,31532.029857449936,104.81032671786659,48920.571968834091,113.63582175112656,11503.149988627734,3102.09185959052,8619.5032709143179,0,55.769163001119345,67.93915135153722,12.8872,0.55285281260715913,0.99999999999641853,11721.595130504838,11721.595130504838
情景一阈值控制,107.38814353925972,31500.209345855685,104.81032671785429,48944.699810843158,113.4294345624246,11511.049045401631,3105.5333521197645,8623.7544479702556,0,55.806877952782607,67.964735910640542,12.8872,0.55240111871189479,0.99999999999643996,11729.28780009002,11729.28780009002
情景一阈值控制,107.49933701590908,31468.440640965982,104.81032671784212,48968.783606792022,113.22338339095096,11518.940005513958,3108.974844649008,8627.9978643818504,0,55.844518701791813,67.990219895631071,12.8872,0.55194924895034081,0.99999999999646161,11736.972709030859,11736.972709030859
情景一阈值控制,107.61053049255847,31436.723658434759,104.81032671782999,48992.823428391697,113.01766768963878,11526.82288214682,3112.4163371782533,8632.2335327841483,0,55.882085219302759,68.015603465599327,12.8872,0.55149720381997525,0.99999999999648281,11744.649869962403,11744.649869962403
情景一阈值控制,107.72172396920783,31405.058314053309,104.81032671781792,49016.819347236451,112.8122869123121,11534.697688460865,3115.8578297074964,8636.4614657916081,0,55.919577476552995,68.040886779977143,12.8872,0.55104498381912781,0.9999999999965048,11752.319295499105,11752.319295499105
情景一阈值控制,107.83291744585719,31373.444523749975,104.81032671780592,49040.771434803974,112.60724051368392,11542.564437595307,3119.2993222367395,8640.6816759981666,0,55.956995444862002,68.066069998537174,12.8872,0.55059258944697853,0.999999999996527,11759.980998234907,11759.980998234907
情景一阈值控制,107.94411092250655,31341.882203590016,104.81032671779406,49064.67976245562,112.4025279493551,11550.423142667973,3122.7408147659826,8644.8941759772479,0,55.994339095631325,68.091153281392224,12.8872,0.55014002120355565,0.99999999999654898,11767.63499074323,11767.63499074323
情景一阈值控制,108,31326.037473298918,104.81032671778807,49076.680281030996,112.29975935209903,11554.370122980943,3124.470609070971,8647.0085933879654,0,56.013081027633035,68.103723180925883,12.8872,0.54991248173135077,0.99999999999656031,11771.479202458937,11771.479202458937
情景一阈值控制,108.05530439915594,31310.371269775304,104.8103267177822,49088.54440143652,112.19814867581289,11558.273816775332,3126.1823072952257,8649.0989782818106,0,56.031608400344702,68.116136788994666,12.8872,0.5496872795897334,0.99999999999657119,11775.281285577035,11775.281285577035
情景一阈值控制,108.16649787580531,31278.9116386442,104.81032671777042,49112.365422875817,111.99410215042946,11566.116472992529,3129.6237998244683,8653.2960954443697,0,56.068803330568187,68.141020682135846,12.8872,0.54923436510723067,0.99999999999659339,11782.919895268838,11782.919895268838
情景一阈值控制,108.27769135245467,31247.503226671226,104.81032671775874,49136.142897786885,111.79038783146027,11573.951124373425,3133.0652923537095,8657.4855399770404,0,56.105923857950323,68.165805121945453,12.8872,0.54878127825860823,0.99999999999661615,11790.550832330749,11790.550832330749
情景一阈值控制,108.38888482910403,31216.1459504669,104.81032671774713,49159.876897067443,111.58700517804289,11581.777783950622,3136.5067848829513,8661.6673243715686,0,56.142969954222274,68.190490269890944,12.8872,0.54832801954726795,0.99999999999663813,11798.17410925452,11798.17410925452
情景一阈值控制,108.50007830575342,31184.839726777511,104.81032671773559,49183.567491499802,111.38395365019545,11589.596464735514,3139.9482774121934,8665.8414610993586,0,56.179941591197945,68.215076287776895,12.8872,0.54787458947744905,0.999999999996661,11805.789738511552,11805.789738511552
情景一阈值控制,108.61127178240278,31153.584472484912,104.81032671772414,49207.214751751002,111.18123270881527,11597.407179718299,3143.3897699414347,8670.0079626115112,0,56.216838740774122,68.239563337744372,12.8872,0.54742098855422849,0.99999999999668365,11813.397732552945,11813.397732552945
情景一阈值控制,108.72246525905214,31122.38010460624,104.81032671771278,49230.818748373087,110.97884181567728,11605.20994186803,3146.831262470675,8674.1668413388543,0,56.253661374930623,68.263951582270352,12.8872,0.54696721728351694,0.99999999999670619,11820.998103809528,11820.998103809528
情景一阈值控制,108.8336587357015,31091.22654029377,104.8103267177015,49254.379551803191,110.77678043343282,11613.004764132655,3150.2727549999149,8678.3181096919816,0,56.29040946573042,68.288241184167077,12.8872,0.54651327617205747,0.99999999999672906,11828.590864691896,11828.590864691896
情景一阈值控制,108.9448522123509,31060.123696834631,104.81032671769029,49277.897232363794,110.57504802560787,11620.79165943903,3153.7142475291562,8682.4617800612814,0,56.327082985319805,68.312432306581428,12.8872,0.54605916572742386,0.99999999999675226,11836.176027590438,11836.176027590438
情景一阈值控制,109,31044.716645249751,104.81032671768475,49289.545142882816,110.47511820350707,11624.650730326997,3155.4210985506152,8684.5140701056825,0,56.345244001165824,68.32439371205875,12.8872,0.5458338813439263,0.99999999999676348,11839.935168656299,11839.935168656299
情景一阈值控制,109.05604568900026,31029.071491650655,104.81032671767917,49301.371860262851,110.3736440566021,11628.570640692966,3157.1557400583965,8686.5978648169603,0,56.363681905928466,68.336525112994281,12.8872,0.54560488645801897,0.99999999999677502,11843.753604875357,11843.753604875357
情景一阈值控制,109.16723916564962,30998.069842298086,104.81032671766813,49324.803505594049,110.172567991687,11636.341720779266,3160.5972325876355,8690.7263763090959,0,56.400206199869693,68.360519767219884,12.8872,0.54515043887307102,0.99999999999679845,11851.323608896731,11851.323608896731
情景一阈值控制,109.27843264229898,30967.118666467402,104.81032671765715,49348.192238336931,109.97181929700474,11644.104912561756,3164.038725116875,8694.8473268676516,0,56.436655839540471,68.384416433405235,12.8872,0.54469582348263379,0.99999999999682143,11858.886051984526,11858.886051984526
情景一阈值控制,109.38962611894834,30936.217881983095,104.81032671764625,49371.538128357133,109.7713974395666,11651.860228883314,3167.4802176461135,8698.9607288025218,0,56.473030797421636,68.408215276029438,12.8872,0.54424104079758262,0.99999999999684475,11866.440946448634,11866.440946448634
情景一阈值控制,109.50081959559773,30905.367406803427,104.81032671763543,49394.841245406533,109.57130188725159,11659.607682565913,3170.9217101753534,8703.0665944035554,0,56.509331046077982,68.431916459903036,12.8872,0.54378609132961353,0.99999999999686806,11873.988304578908,11873.988304578908
情景一阈值控制,109.61201307224709,30874.567159020273,104.81032671762469,49418.101659123407,109.3715321088052,11667.347286410644,3174.3632027045915,8707.164935940591,0,56.545556558158417,68.455520150167359,12.8872,0.54333097559124122,0.99999999999689171,11881.528138645182,11881.528138645182
情景一阈值控制,109.72320654889646,30843.817056858821,104.81032671761403,49441.319439032719,109.17208757383773,11675.079053197767,3177.8046952338295,8711.2557656634981,0,56.581707306396105,68.479026512293942,12.8872,0.5428756940957965,0.99999999999691502,11889.060460897328,11889.060460897328
情景一阈值控制,109.83440002554582,30813.117018677411,104.81032671760347,49464.494654546193,108.97296775282305,11682.802995686725,3181.2461877630676,8715.3390958021937,0,56.617783263608587,68.502435712083809,12.8872,0.54242024735742411,0.99999999999693867,11896.585283565262,11896.585283565262
情景一阈值控制,109.94559350219521,30782.466962967294,104.81032671759299,49487.627374962576,108.77417211709697,11690.519126616196,3184.6876802923066,8719.4149385666897,0,56.653784402697909,68.525747915666813,12.8872,0.54196463589108124,0.99999999999696243,11904.102618858997,11904.102618858997
情景一阈值控制,110,30767.488207009232,104.81032671758788,49498.930654919335,108.67702021169005,11694.291754522916,3186.3715880302357,8721.4065068300642,0,56.671372339396477,68.537119187722737,12.8872,0.54174164726447793,0.99999999999697409,11907.778094860299,11907.778094860299
情景一阈值控制,110.05678697884457,30751.86680835245,104.81032671758257,49510.717669467762,108.5757001388565,11698.22745870411,3188.1291728215438,8723.4833061471127,0,56.689710696650749,68.548963289501017,12.8872,0.54150886021253508,0.9999999999969863,11911.612478968656,11911.612478968656
情景一阈值控制,110.16798045549393,30721.316473589319,104.81032671757224,49533.765607135014,108.37755129115742,11705.928004647692,3191.5706653507805,8727.5442107137496,0,56.725562118538598,68.572082000372049,12.8872,0.54105292083836098,0.99999999999701028,11919.11487606453,11919.11487606453
情景一阈值控制,110.27917393214329,30690.815877566631,104.81032671756201,49556.771256925145,108.17972504791369,11713.620777123502,3195.0121578800172,8731.5976644170696,0,56.761338641517824,68.59510421539234,12.8872,0.54059681828593997,0.99999999999703437,11926.609822297087,11926.609822297087
情景一阈值控制,110.39036740879268,30660.364939305149,104.81032671755185,49579.734687686701,107.98222088389565,11721.305788787457,3198.4536504092548,8735.6436793877601,0,56.797040238829879,68.618030102000588,12.8872,0.54014055307345687,0.99999999999705824,11934.097329797016,11934.097329797016
情景一阈值控制,110.50156088544205,30629.963577957518,104.81032671754176,49602.655968156098,107.78503827472899,11728.983052274865,3201.8951429384915,8739.6822677367563,0,56.832666883801338,68.640859827960952,12.8872,0.53968412571989854,0.99999999999708256,11941.577410675247,11941.577410675247
情景一阈值控制,110.61275436209141,30599.611712807971,104.81032671753177,49625.535166957889,107.58817669689294,11736.652580200471,3205.3366354677278,8743.7134415552773,0,56.868218549844109,68.663593561362518,12.8872,0.53922753674505097,0.99999999999710654,11949.050077023005,11949.050077023005
情景一阈值控制,110.72394783874077,30569.309263272175,104.81032671752185,49648.372352604871,107.39163562771904,11744.314385158474,3208.7781279969631,8747.7372129148607,0,56.903695210455545,68.686231470618495,12.8872,0.53877078666949763,0.99999999999713096,11956.515340911825,11956.515340911825
情景一阈值控制,110.83514131539013,30539.05614889698,104.81032671751201,49671.167593498307,107.19541454538999,11751.968479722573,3212.2196205261985,8751.7535938673846,0,56.939096839218564,68.70877372446563,12.8872,0.53831387601461755,0.99999999999715528,11963.973214393583,11963.973214393583
情景一阈值控制,110.94633479203952,30508.852289360231,104.81032671750226,49693.920957928094,106.9995129289378,11759.614876445998,3215.6611130554347,8755.7625964451108,0,56.974423409801773,68.731220491963469,12.8872,0.53785680530258273,0.99999999999717948,11971.423709500545,11971.423709500545
情景一阈值控制,111,30494.292626354079,104.81032671749759,49704.887431436786,106.9050792518631,11763.302499620528,3217.3220775098357,8757.6948214881631,0,56.991446178807379,68.742019842273479,12.8872,0.53763615256411801,0.99999999999719169,11975.016898997999,11975.016898997999
情景一阈值控制,111.05752826868888,30478.697604470555,104.81032671749261,49716.632514072939,106.80393025824291,11767.253587861529,3219.1026055846701,8759.7642326607056,0,57.009674895959613,68.753571942493679,12.8872,0.53739957505635616,0.99999999999720435,11978.866838245376,11978.866838245376
情景一阈值控制,111.16872174533825,30448.592014167116,104.81032671748304,49739.302330000559,106.60866601403232,11774.884626481562,3222.544098113905,8763.7585145072808,0,57.044851271532472,68.775828245759428,12.8872,0.53694218579968989,0.99999999999722877,11986.302612621186,11986.302612621186
情景一阈值控制,111.27991522198761,30418.535438519444,104.81032671747354,49761.93047366786,106.41371967787872,11782.508004798101,3225.9855906431399,8767.7454539584214,0,57.079952510446851,68.797989571784555,12.8872,0.53648463805712232,0.99999999999725353,11993.731044601562,11993.731044601562
情景一阈值控制,111.391108698637,30388.52779772718,104.81032671746412,49784.517012921082,106.21909073219855,11790.123735282827,3229.4270831723748,8771.7250629682239,0,57.114978586715459,68.820056090913013,12.8872,0.53602693235397658,0.99999999999727784,12001.152146140599,12001.152146140599
情景一阈值控制,111.50230217528636,30358.569012119919,104.8103267174548,49807.06201549602,106.0247786602512,11797.731830387105,3232.8685757016096,8775.6973534713125,0,57.149929474437322,68.842027973808101,12.8872,0.53556906921635794,0.99999999999730282,12008.565929172923,12008.565929172923
情景一阈值控制,111.61349565193572,30328.659002156943,104.81032671744556,49829.565549018189,105.83078294613718,11805.332302542038,3236.3100682308432,8779.6623373828879,0,57.184805147797981,68.863905391451752,12.8872,0.53511104917115204,0.99999999999732769,12015.972405613731,12015.972405613731
情景一阈值控制,111.72468912858508,30298.797688427043,104.81032671743641,49852.027681002997,105.637103074797,11812.925164158481,3239.7515607600772,8783.6200265987463,0,57.219605581069558,68.885688515143897,12.8872,0.53465287274602202,0.99999999999735278,12023.371587358823,12023.371587358823
情景一阈值控制,111.83588260523447,30268.984991648278,104.81032671742734,49874.448478855942,105.44373853200966,11820.51042762709,3243.1930532893116,8787.5704329953278,0,57.254330748610919,68.907377516501697,12.8872,0.53419454046940706,0.99999999999737799,12030.763486284639,12030.763486284639
情景一阈值控制,111.94707608188384,30239.22083266783,104.81032671741838,49896.82800987277,105.25068880439149,11828.088105318342,3246.6345458185451,8791.5135684297184,0,57.288980624867754,68.928972567458842,12.8872,0.53373605287052017,0.99999999999740286,12038.148114248263,12038.148114248263
情景一阈值控制,112,30225.071237079581,104.81032671741414,49907.465350442413,105.15891481621968,11831.692134325114,3248.2725669894166,8793.3878022774425,0,57.305446210859436,68.939218050256173,12.8872,0.53351777559210833,0.99999999999741507,12041.66036926686,12041.66036926686
情景一阈值控制,112.0582695585332,30209.505132461705,104.81032671740948,49919.166341239652,105.05795337939469,11835.65820958258,3250.0760383477782,8795.4494447397174,0,57.323555184372772,68.950473840264848,12.8872,0.53327741047934474,0.99999999999742806,12045.525483087495,12045.525483087495
情景一阈值控制,112.16946303518256,30179.837812134585,104.81032671740067,49941.463540033415,104.86553174530567,11843.220752750032,3253.5175308770108,8799.378073743841,0,57.358054401745775,68.971881507484355,12.8872,0.53281861382663376,0.99999999999745326,12052.895604620851,12052.895604620851
情景一阈值控制,112.28065651183192,30150.218792919612,104.81032671739196,49963.71967322164,104.67342339124417,11850.775747130863,3256.9590234062439,8803.2994672413661,0,57.392478251693809,68.993195741996402,12.8872,0.53235966344390695,0.99999999999747879,12060.25849064761,12060.25849064761
情景一阈值控制,112.39184998848131,30120.64799617813,104.81032671738332,49985.934807662896,104.4816278071616,11858.32320501518,3260.400515935477,8807.213637012359,0,57.42682670901128,69.014416716993694,12.8872,0.53190055986344853,0.999999999997504,12067.614152947835,12067.614152947835
情景一阈值控制,112.50304346513067,30091.12534339957,104.81032671737476,50008.109010106869,104.29014448383992,11865.863138673096,3263.8420084647096,8811.1205948177103,0,57.461099748580061,69.035544605981841,12.8872,0.53144130361830511,0.99999999999752953,12074.96260328242,12074.96260328242
情景一阈值控制,112.61423694178004,30061.650756201136,104.81032671736631,50030.242347194624,104.09897291288998,11873.395560354733,3267.2835009939413,8815.0203523991549,0,57.495297345369671,69.056579582778753,12.8872,0.53098189524228312,0.99999999999755507,12082.303853393096,12082.303853393096
情景一阈值控制,112.7254304184294,30032.224156327669,104.81032671735795,50052.334885458695,103.90811258675033,11880.920482290278,3270.7249935231735,8818.9129214793229,0,57.529419474437347,69.077521821513741,12.8872,0.53052233526994708,0.99999999999758027,12089.637915002497,12089.637915002497
情景一阈值控制,112.83662389507879,30002.845465651415,104.81032671734967,50074.3866913233,103.71756299868602,11888.437916690007,3274.1664860524061,8822.7983137617466,0,57.563466110928204,69.098371496626953,12.8872,0.53006262423661632,0.99999999999760603,12096.964799814152,12096.964799814152
情景一阈值控制,112.94781737172815,29973.514606171822,104.81032671734147,50096.397831104492,103.52732364278705,11895.94787574431,3277.6079785816373,8826.6765409309101,0,57.5974372300753,69.119128782868486,12.8872,0.52960276267836415,0.99999999999763156,12104.284519512548,12104.284519512548
情景一阈值控制,113,29959.766226401593,104.81032671733765,50106.713564365324,103.43815193222193,11899.469693964278,3279.2230564689817,8828.4941095529666,0,57.613353689696361,69.128838286522424,12.8872,0.52938689985043486,0.99999999999764366,12107.717166021948,12107.717166021948
情景一阈值控制,113.05901084837751,29944.231500015314,104.81032671733337,50118.368371010401,103.33739401396701,11903.450371623736,3281.049471110869,8830.547614652276,0,57.631332807199854,69.139793855297768,12.8872,0.52914275113201437,0.99999999999765732,12111.597085763146,12111.597085763146
情景一阈值控制,113.17020432502687,29914.996069435121,104.81032671732538,50140.298377141335,103.14777360796185,11910.945416479013,3284.4909636401007,8834.4115465723098,0,57.665152817711281,69.160366889282727,12.8872,0.5286825901351393,0.99999999999768308,12118.902510212411,12118.902510212411
情景一阈值控制,113.28139780167626,29885.808236811034,104.81032671731744,50162.187915489987,102.95846192132859,11918.433022441095,3287.9324561693325,8838.2683483185192,0,57.698897237107374,69.18084806049913,12.8872,0.52822228022605766,0.99999999999770883,12126.200804487851,12126.200804487851
情景一阈值控制,113.39259127832563,29856.667924649231,104.81032671730959,50184.037051941596,102.76945845144388,11925.913201621177,3291.3739486985633,8842.1180314994781,0,57.732566040974383,69.201237544929754,12.8872,0.52776182194383214,0.99999999999773503,12133.491980198041,12133.491980198041
情景一阈值控制,113.50378475497499,29827.575055582052,104.81032671730181,50205.845852274149,102.58076269650257,11933.385966110742,3294.8154412277945,8845.9606077048629,0,57.766159204987162,69.221535518863661,12.8872,0.52730121582826706,0.9999999999977609,12140.776048932657,12140.776048932657
情景一阈值控制,113.61497823162435,29798.529552367796,104.81032671729416,50227.614382158565,102.39237415551659,11940.851327981583,3298.2569337570249,8849.7960885054799,0,57.799676704909302,69.241742158895491,12.8872,0.5268404624199059,0.9999999999977871,12148.053022262506,12148.053022262506
情景一阈值控制,113.72617170827374,29769.531337890512,104.81032671728659,50249.342707158801,102.20429232831351,11948.309299285844,3301.6984262862557,8853.6244854532979,0,57.833118516593217,69.261857641924649,12.8872,0.52637956226002935,0.99999999999781286,12155.322911739553,12155.322911739553
情景一阈值控制,113.8373651849231,29740.580335159826,104.81032671727912,50271.030892732073,102.01651671553525,11955.759892056038,3305.139918815486,8857.4458100814754,0,57.866484615980291,69.281882145154569,12.8872,0.52591851589065253,0.99999999999783895,12162.585728896962,12162.585728896962
情景一阈值控制,113.94855866157246,29711.676467310681,104.81032671727175,50292.679004229067,101.82904681863668,11963.203118305099,3308.5814113447163,8861.2600739043992,0,57.899774979100982,69.301815846091927,12.8872,0.5254573238545226,0.99999999999786504,12169.841485249115,12169.841485249115
情景一阈值控制,114,29698.320622541763,104.81032671726835,50302.680510611448,101.7424210820782,11966.644082428207,3310.1735459485317,8863.0222776871324,0,57.915150439660501,69.311007084755488,12.8872,0.52524391386412106,0.99999999999787725,12173.195823635664,12173.195823635664
情景一阈值控制,114.05975213822182,29682.819657603188,104.81032671726443,50314.287106894029,101.64188213988443,11970.638990026391,3312.0229038739462,8865.0672884177038,0,57.932989582074967,69.321658922545936,12.8872,0.52499598669511705,0.99999999999789135,12177.090192291649,12177.090192291649
情景一阈值控制,114.17094561487119,29654.009829422375,104.81032671725723,50335.855265865008,101.45502218235536,11978.067519193764,3315.4643964031766,8868.8674650983103,0,57.966128401111241,69.341411552627505,12.8872,0.52453450495664056,0.99999999999791767,12184.331861501487,12184.331861501487
情景一阈值控制,114.28213909152058,29625.246906278018,104.81032671725011,50357.383546173987,101.2684664499354,11985.488717761569,3318.9058889324069,8872.6606154044566,0,57.999191412508246,69.361073914748516,12.8872,0.52407287918402301,0.99999999999794387,12191.566504336864,12191.566504336864
情景一阈值控制,114.39333256816994,29596.530811804434,104.81032671724309,50378.872012747081,101.08221444731834,11992.902597664684,3322.3473814616368,8876.4467507757217,0,58.032178592653949,69.380646187621039,12.8872,0.52361110992291704,0.99999999999797051,12198.794132237359,12198.794132237359
情景一阈值控制,114.5045260448193,29567.861469760257,104.81032671723614,50400.320730404681,100.89626568000429,12000.309170818575,3325.7888739908658,8880.2258826330617,0,58.065089918026054,69.400128550256525,12.8872,0.52314919771969581,0.99999999999799682,12206.014756623928,12206.014756623928
情景一阈值控制,114.61571952146866,29539.238804028257,104.8103267172293,50421.72976386168,100.71061965429834,12007.708449119291,3329.2303665200948,8883.9980223788352,0,58.097925365192012,69.419521181965095,12.8872,0.52268714312145015,0.99999999999802314,12213.22838889893,12213.22838889893
情景一阈值控制,114.72691299811805,29510.662738615123,104.81032671722258,50443.09917772757,100.52527587730941,12015.100444443526,3332.6718590493251,8887.7631813968455,0,58.130684910809236,69.4388242623547,12.8872,0.52222494667598629,0.99999999999805023,12220.435040446171,12220.435040446171
情景一阈值控制,114.83810647476741,29482.133197651274,104.81032671721589,50464.429036506699,100.34023385694907,12022.485168648627,3336.1133515785546,8891.5213710523512,0,58.163368531625125,69.458037971330327,12.8872,0.52176260893182436,0.99999999999807654,12227.634722630906,12227.634722630906
情景一阈值控制,114.94929995141678,29453.65010539065,104.81032671720931,50485.719404598327,100.15549310192985,12029.862633572646,3339.5548441077826,8895.2726026921137,0,58.195976204477255,69.477162489093274,12.8872,0.52130013043819412,0.99999999999810329,12234.827446799896,12234.827446799896
情景一阈值控制,115,29440.678282493394,104.81032671720635,50495.413921965053,100.07135812339288,12033.224074081703,3341.1240354280699,8896.9807169023425,0,58.210818862614083,69.485852994428669,12.8872,0.52108921104736083,0.99999999999811506,12238.104752330411,12238.104752330411
情景一阈值控制,115.06049342806614,29425.213386210507,104.81032671720284,50506.970346296934,99.971053121764157,12037.232851034354,3342.9963366370112,8899.0168876444204,0,58.228507906293459,69.496197996140296,12.8872,0.52083751174503456,0.99999999999812961,12242.013224281432,12242.013224281432
情景一阈值控制,115.17168690471553,29396.82296461123,104.81032671719646,50528.181925792291,99.786913426762979,12044.595832833285,3346.437829166241,8902.7542372191147,0,58.260963614091978,69.515144673262853,12.8872,0.52037475340298944,0.99999999999815647,12249.192066385356,12249.192066385356
情景一阈值控制,115.28288038136489,29368.478765216125,104.81032671719015,50549.354207169657,99.603073528034813,12051.951590749755,3349.8793216954696,8906.4846627076222,0,58.293343304981505,69.534002701546285,12.8872,0.51991185596340705,0.99999999999818334,12256.363984403091,12256.363984403091
情景一阈值控制,115.39407385801425,29340.180712771209,104.81032671718393,50570.487254409963,99.419532937483709,12059.300136544913,3353.3208142246976,8910.2081753829916,0,58.325646956161371,69.552772262369032,12.8872,0.51944881997833581,0.99999999999820999,12263.52898960769,12263.52898960769
情景一阈值控制,115.50526733466361,29311.928732145028,104.81032671717782,50591.581131390005,99.236291167808616,12066.641481960745,3356.7623067539262,8913.9247864999143,0,58.35787454492165,69.571453537401823,12.8872,0.51898564600052288,0.99999999999823652,12270.68709325384,12270.68709325384
情景一阈值控制,115.61646081131298,29283.722748328444,104.81032671717179,50612.635901882517,99.053347732501777,12073.975638720134,3360.2037992831542,8917.6345072947606,0,58.390026048643229,69.590046708606877,12.8872,0.51852233458341113,0.99999999999826361,12277.838306577914,12277.838306577914
情景一阈值控制,115.72765428796237,29255.562686434434,104.81032671716586,50633.651629556451,98.870702145847503,12081.302618526866,3363.6452918123832,8921.3373489856058,0,58.422101444797988,69.608551958237086,12.8872,0.51805888628113739,0.99999999999829048,12284.982640797989,12284.982640797989
情景一阈值控制,115.83884776461173,29227.448471697917,104.81032671716002,50654.628377977089,98.688353922921024,12088.622433065677,3367.0867843416108,8925.0333227722567,0,58.454100710948836,69.626969468835213,12.8872,0.51759530164852918,0.99999999999831723,12292.120107113868,12292.120107113868
情景一阈值控制,115.95004124126109,29199.38002947552,104.81032671715428,50675.566210606208,98.506302579586901,12095.935094002281,3370.5282768708389,8928.7224398362923,0,58.486023824749893,69.645299423233084,12.8872,0.5171315812411027,0.99999999999834421,12299.250716707131,12299.250716707131
情景一阈值控制,116,29186.783879965227,104.81032671715175,50684.960836839011,98.424604210970088,12099.218315648395,3372.0745249075976,8930.3777150770293,0,58.500341945059553,69.653506536223247,12.8872,0.51692318956555283,0.99999999999835631,12302.452239984626,12302.452239984626
情景一阈值控制,116.06123471791045,29171.357285245409,104.81032671714863,50696.465190802308,98.324547632498138,12103.240612983396,3373.9697694000665,8932.404711341087,0,58.517870763946569,69.663542004550749,12.8872,0.51666772561506025,0.99999999999837097,12306.374480741153,12306.374480741153
情景一阈值控制,116.17242819455984,29143.380164607061,104.81032671714307,50717.325381820687,98.143088599094312,12110.53900163678,3377.4112619292951,8936.0801484318326,0,58.549641506375686,69.681697396195702,12.8872,0.51620373532728703,0.99999999999839817,12313.491410361128,12313.491410361128
情景一阈值控制,116.2836216712092,29115.4485932811,104.81032671713761,50738.146846813659,97.961924997601074,12117.830271571258,3380.8527544585227,8939.7487622355839,0,58.581336029965577,69.699765781862013,12.8872,0.51573961093535037,0.99999999999842504,12320.601516694107,12320.601516694107
情景一阈值控制,116.39481514785857,29087.56249710908,104.81032671713224,50758.929648830766,97.781056347028084,12125.114434376756,3384.2942469877498,8943.4105638612746,0,58.612954312736221,69.717747345529531,12.8872,0.51527535299749516,0.99999999999845235,12327.704810849023,12327.704810849023
情景一阈值控制,116.50600862450793,29059.721802053282,104.81032671712697,50779.673850818857,97.600482167168352,12132.391501624328,3387.7357395169779,8947.0655643997543,0,58.644496332799335,69.735642271463092,12.8872,0.51481096207264287,0.99999999999847944,12334.801303916733,12334.801303916733
情景一阈值控制,116.61720210115732,29031.926434196532,104.81032671712177,50800.379515622313,97.420201978596566,12139.661484866196,3391.1772320462055,8950.7137749238173,0,58.675962068358494,69.753450744211605,12.8872,0.51434643872038777,0.99999999999850664,12341.891006970023,12341.891006970023
情景一阈值控制,116.72839557780668,29004.176319742015,104.81032671711667,50821.046705983201,97.24021530266802,12146.924395635764,3394.6187245754336,8954.355206488226,0,58.707351497709233,69.771172948607273,12.8872,0.51388178350099567,0.99999999999853373,12348.97393106366,12348.97393106366
情景一阈值控制,116.83958905445604,28976.471385013047,104.81032671711168,50841.675484541425,97.060521661517285,12154.180245447667,3398.0602171046608,8957.9898701297479,0,58.738664599239165,69.788809069764767,12.8872,0.51341699697540055,0.9999999999985606,12356.050087234409,12356.050087234409
情景一阈值控制,116.9507825311054,28948.811556452893,104.81032671710676,50862.265913834904,96.881120578056908,12161.429045797791,3401.5017096338879,8961.6177768671787,0,58.769901351428096,69.806359293080376,12.8872,0.51295207970520162,0.99999999999858791,12363.119486501066,12363.119486501066
情景一阈值控制,117,28936.582893500676,104.81032671710462,50871.367609375688,96.80180571975518,12164.635328067534,3403.0250143871185,8963.2214395253886,0,58.783703265053326,69.814100155934781,12.8872,0.51274625219333003,0.99999999999860012,12366.246453912507,12366.246453912507
情景一阈值控制,117.06197600775479,28921.196760624582,104.81032671710196,50882.818056299788,96.702011575976158,12168.67080816331,3404.9432021631155,8965.2389377013824,0,58.801061732848119,69.823823804231139,12.8872,0.51248703225266201,0.999999999998615,12370.182139864497,12370.182139864497
情景一阈值控制,117.17316948440416,28893.626924210719,104.81032671709724,50903.331974270499,96.523194179739875,12175.905544002695,3408.3846946923427,8968.8533636153006,0,58.832145722163716,69.841202789174062,12.8872,0.51202185518070498,0.99999999999864275,12377.238058307643,12377.238058307643
情景一阈值控制,117.28436296105352,28866.101974013258,104.81032671709261,50923.807729980035,96.344667914587134,12183.133264755781,3411.8261872215694,8972.4610655740034,0,58.863153298131898,69.858496434145223,12.8872,0.51155654905291281,0.99999999999866984,12384.287252795573,12384.287252795573
情景一阈值控制,117.39555643770288,28838.621836953331,104.81032671708809,50944.24538556004,96.166432306529771,12190.353981843768,3415.2676797507966,8976.0620545247002,0,58.894084439602295,69.875704925658908,12.8872,0.51109111443352206,0.99999999999869726,12391.329734275496,12391.329734275496
情景一阈值控制,117.50674991435224,28811.186440071047,104.8103267170837,50964.645003041012,95.988486882351467,12197.567706669264,3418.7091722800228,8979.6563413967888,0,58.924939125517263,69.892828450506826,12.8872,0.51062555188742298,0.99999999999872435,12398.365513676812,12398.365513676812
情景一阈值控制,117.61794339100163,28783.795710525294,104.81032671707933,50985.006644352456,95.810831169606288,12204.77445061632,3422.1506648092509,8983.2439371018645,0,58.955717334911988,69.909867195757229,12.8872,0.5101598619801555,0.999999999998752,12405.394601911115,12405.394601911115
情景一阈值控制,117.72913686765099,28756.449575593582,104.8103267170751,51005.330371323056,95.633464696617622,12211.974225050431,3425.5921573384771,8986.8248525337567,0,58.986419046914591,69.92682134875399,12.8872,0.50969404527790818,0.99999999999877909,12412.417009872233,12412.417009872233
情景一阈值控制,117.84033034430036,28729.147962671785,104.81032671707092,51025.616245680809,95.45638699247661,12219.167041318609,3429.0336498677038,8990.3990985685632,0,59.017044240746237,69.943691097115845,12.8872,0.50922810234751381,0.99999999999880673,12419.432748436268,12419.432748436268
情景一阈值控制,117.95152382094972,28701.890799274006,104.81032671706686,51045.864329053264,95.27959758704111,12226.352910749387,3432.475142396931,8993.9666860646739,0,59.047592895721266,69.960476628735478,12.8872,0.50876203375644802,0.99999999999883415,12426.441828461604,12426.441828461604
情景一阈值控制,118,28690.021594769816,104.81032671706512,51054.679919401176,95.202614168896545,12229.483508323799,3433.9755038666335,8995.5199387512403,0,59.060886998906795,69.967768176898588,12.8872,0.50855880616867943,0.99999999999884592,12429.495442617874,12429.495442617874
情景一阈值控制,118.06271729759911,28674.678013032328,104.81032671706291,51066.074682967585,95.103096010934479,12233.531844652847,3435.9166349261582,8997.5276258627982,0,59.078064991247253,69.977178131778672,12.8872,0.50829584007282624,0.99999999999886136,12433.444260788956,12433.444260788956
情景一阈值控制,118.17391077424847,28647.509531696716,104.81032671705903,51086.247368850774,94.926881795544261,12240.703854320665,3439.3581274553849,9001.0819287859958,0,59.108460506825125,69.993795794683408,12.8872,0.50782952186540098,0.99999999999888922,12440.440056241381,12440.440056241381
情景一阈值控制,118.28510425089783,28620.385283134707,104.81032671705528,51106.38244802985,94.750954473020897,12247.86895102613,3442.7996199846111,9004.6296056397059,0,59.138779422049318,70.010329806159064,12.8872,0.50736307970355998,0.99999999999891631,12447.429225624317,12447.429225624317
情景一阈值控制,118.39629772754719,28593.305195331301,104.81032671705159,51126.479981731958,94.575313576276514,12255.027146024177,3446.2411125138378,9008.170667211778,0,59.169021716607794,70.026780355185466,12.8872,0.50689651415732173,0.99999999999894396,12454.411779725615,12454.411779725615
情景一阈值控制,118.50749120419658,28566.269196388737,104.810326717048,51146.540031084573,94.399958638983748,12262.178450551419,3449.682605043065,9011.7051242724956,0,59.199187370282218,70.043147631012062,12.8872,0.50642982579733498,0.99999999999897138,12461.38772931556,12461.38772931556
情景一阈值控制,118.61868468084594,28539.27721452633,104.8103267170445,51166.562657115646,94.224889195574477,12269.322875826168,3453.1240975722912,9015.2329875746054,0,59.229276362948021,70.059431823157041,12.8872,0.50596301519487463,0.99999999999899913,12468.357085146898,12468.357085146898
情景一阈值控制,118.72987815749531,28512.329178080239,104.81032671704112,51186.547920753765,94.050104781238488,12276.460433048482,3456.565590101518,9018.7542678533518,0,59.259288674574506,70.07563312140644,12.8872,0.50549608292184001,0.99999999999902678,12475.31985795487,12475.31985795487
情景一阈值控制,118.84107163414467,28485.425015503304,104.8103267170378,51206.495882828327,93.875604931922453,12283.591133400174,3460.0070826307447,9022.2689758264987,0,59.289224285224982,70.091751715813245,12.8872,0.50502902955075113,0.99999999999905431,12482.276058457242,12482.276058457242
情景一阈值控制,118.95226511079403,28458.564655364851,104.8103267170346,51226.406604069685,93.70138918432842,12290.714988044861,3463.4485751599709,9025.7771221943603,0,59.319083175056811,70.10778779669657,12.8872,0.50456185565474698,0.99999999999908151,12489.225697354332,12489.225697354332
情景一阈值控制,119,28447.047037031756,104.81032671703325,51234.942782234604,93.626686146913457,12293.77113125046,3464.9259933461458,9027.2811441763697,0,59.33187792766909,70.114646750966813,12.8872,0.5043612630432549,0.9999999999990935,12492.207137522515,12492.207137522515
情景一阈值控制,119.06345858744342,28431.748026350491,104.81032671703149,51246.280145109347,93.52745707591275,12297.83200812798,3466.8900676891981,9029.2787176398324,0,59.348865324321579,70.123741554640674,12.8872,0.50409456180758205,0.99999999999910916,12496.168785329031,12496.168785329031
情景一阈值控制,119.17465206409278,28404.975057261974,104.81032671702847,51266.11656648005,93.353808144884937,12304.942204776817,3470.3315602184248,9032.7737728284155,0,59.378570713365114,70.139613180494166,12.8872,0.50362714858362467,0.9999999999991368,12503.10533304684,12503.10533304684
情景一阈值控制,119.28584554074214,28378.245677016937,104.81032671702553,51285.915928616036,93.180441930206356,12312.045589100555,3473.773052747651,9036.2622984082445,0,59.408199322627667,70.155402865369069,12.8872,0.50315961655785346,0.99999999999916422,12510.035351155895,12510.035351155895
情景一阈值控制,119.39703901739151,28351.55981464875,104.81032671702272,51305.678291853117,93.007357971588846,12319.142172190277,3477.2145452768777,9039.7443050101192,0,59.437751132643946,70.171110800639894,12.8872,0.50269196630585444,0.99999999999919209,12516.958850286997,12516.958850286997
情景一阈值控制,119.5082324940409,28324.917399306327,104.81032671701999,51325.403716428904,92.834555809493665,12326.231965119019,3480.6560378061049,9043.2198032475371,0,59.467226124043293,70.186737177942803,12.8872,0.50222419840381938,0.99999999999921951,12523.875841053643,12523.875841053643
情景一阈值控制,119.61942597069026,28298.318360253939,104.81032671701736,51345.092262482896,92.66203498513039,12333.314978941782,3484.0975303353316,9046.6888037167064,0,59.496624277549671,70.202282189174682,12.8872,0.50175631342854188,0.99999999999924727,12530.786334052038,12530.786334052038
情景一阈值控制,119.73061944733962,28271.762626871016,104.8103267170148,51364.743990056704,92.489795040455434,12340.391224695568,3487.5390228645579,9050.1513169965892,0,59.525945573981879,70.217746026492222,12.8872,0.50128831195741586,0.99999999999927458,12537.690339861147,12537.690339861147
情景一阈值控制,119.84181292398898,28245.250128651969,104.81032671701236,51384.358959094192,92.317835518170938,12347.460713399418,3490.9805153937846,9053.6073536489257,0,59.555189994253581,70.233128882311036,12.8872,0.50082019456843141,0.99999999999930222,12544.587869042711,12544.587869042711
情景一阈值控制,119.95300640063837,28218.780795205981,104.81032671701004,51403.937229441624,92.146155961723508,12354.523456054427,3494.4220079230117,9057.0569242182573,0,59.58435751937342,70.248430949304762,12.8872,0.50035196184017305,0.99999999999932998,12551.478932141268,12551.478932141268
情景一阈值控制,120,28207.60704376478,104.81032671700906,51412.200558354692,92.073683237950803,12357.506351306321,3495.8764828256581,9058.5128718437318,0,59.596661443385983,70.25487380807246,12.8872,0.50015403852899021,0.99999999999934164,12554.389354669391,12554.389354669391
情景一阈值控制,120.06419987728773,28192.354556256869,104.81032671700777,51423.478860847805,91.974755915303319,12361.579463643773,3497.863500452238,9060.5000392319544,0,59.613448130445107,70.263652420404085,12.8872,0.4998836143518175,0.99999999999935729,12558.363539684193,12558.363539684193
情景一阈值控制,120.1753933539371,28165.971341642846,104.81032671700561,51442.983912964301,91.803634923842338,12368.628747132767,3501.3049929814647,9063.9367092002576,0,59.642461808667555,70.278793488795927,12.8872,0.49941515268312908,0.99999999999938516,12565.241702181722,12565.241702181722
情景一阈值控制,120.28658683058646,28139.631081316347,104.81032671700355,51462.452445345545,91.632792533013628,12375.671317468854,3504.7464855106914,9067.3669446162894,0,59.671398535334923,70.293854347922476,12.8872,0.49894657741445869,0.99999999999941258,12572.113430126981,12572.113430126981
情景一阈值控制,120.39778030723585,28113.333705343866,104.81032671700159,51481.884517448998,91.46222828922977,12382.707185581668,3508.1879780399186,9070.7907559560899,0,59.700258291836761,70.308835191480242,12.8872,0.49847788912673996,0.99999999999944034,12578.978733996009,12578.978733996009
情景一阈值控制,120.50897378388521,28087.079143905758,104.81032671699971,51501.280188635326,91.291941739642041,12389.736362383035,3511.6294705691448,9074.2081536786409,0,59.729041059658044,70.323736213419195,12.8872,0.49800908840148761,0.99999999999946798,12585.837624247786,12585.837624247786
情景一阈值控制,120.62016726053457,28060.867327296033,104.81032671699791,51520.639518168573,91.121932432138834,12396.758858767023,3515.0709630983715,9077.6191482258982,0,59.757746820379346,70.338557607941823,12.8872,0.49754017582079346,0.99999999999949563,12592.690111324269,12592.690111324269
情景一阈值控制,120.73136073718393,28034.698185922207,104.81032671699623,51539.96256521625,90.952199915344622,12403.774685609967,3518.5124556275987,9081.0237500228195,0,59.786375555676862,70.353299569502155,12.8872,0.49707115196732443,0.99999999999952327,12599.536205650418,12599.536205650418
情景一阈值控制,120.8425542138333,28008.571650305083,104.81032671699462,51559.249388849581,90.782743738618876,12410.783853770488,3521.9539481568249,9084.4219694773874,0,59.814927247322565,70.367962292804918,12.8872,0.49660201742431931,0.99999999999955091,12606.375917634212,12606.375917634212
情景一阈值控制,120.95374769048269,27982.487651078594,104.81032671699313,51578.500048043585,90.613563452054592,12417.786374089532,3525.395440686053,9087.8138169806371,0,59.843401877184249,70.382545972804593,12.8872,0.49613277277558621,0.99999999999957834,12613.209257666691,12613.209257666691
情景一阈值控制,121,27971.650197461979,104.81032671699253,51586.496962925856,90.543271949108089,12420.697204326823,3526.8269723051712,9089.2228240958611,0,59.855223555129577,70.388589004416431,12.8872,0.49593755234112524,0.99999999999958966,12616.049796401032,12616.049796401032
情景一阈值控制,121.06494116713205,27956.446118989606,104.81032671699174,51597.714601677297,90.444658606477432,12424.78225739039,3528.8369332152793,9091.1993029066889,0,59.871799427225625,70.397050804704378,12.8872,0.49566341860549989,0.99999999999960576,12620.036236121969,12620.036236121969
情景一阈值控制,121.17613464378141,27930.446984897739,104.81032671699043,51616.893108533848,90.276028753444194,12431.771514478733,3532.2784257445064,9094.5784376127722,0,59.90011987950647,70.411476983955424,12.8872,0.49519395549899858,0.9999999999996334,12626.85686335728,12626.85686335728
情景一阈值控制,121.28732812043077,27904.490179775163,104.81032671698921,51636.03562730072,90.107673445241943,12438.754156142648,3535.7199182737331,9097.9512314392559,0,59.928363216182653,70.425824706255753,12.8872,0.49472438404158148,0.99999999999966105,12633.671149712989,12633.671149712989
情景一阈值控制,121.39852159708016,27878.575634706442,104.8103267169881,51655.142216569795,89.939592234886462,12445.730193152647,3539.1614108029607,9101.3176947096708,0,59.956529419506268,70.440094167549404,12.8872,0.49425470481930556,0.99999999999968847,12640.479105512632,12640.479105512632
情景一阈值控制,121.50971507372952,27852.703280888349,104.81032671698709,51674.212934837582,89.771784676121442,12452.699636261714,3542.6029033321879,9104.6778377307419,0,59.984618471825684,70.454285564025426,12.8872,0.49378491841878347,0.99999999999971612,12647.28074106293,12647.28074106293
情景一阈值控制,121.62090855037889,27826.873049629667,104.81032671698615,51693.247840505363,89.604250323417062,12459.662496205316,3546.0443958614151,9108.0316707924158,0,60.012630355585706,70.468399092117011,12.8872,0.49331502542717998,0.99999999999974343,12654.07606665383,12654.07606665383
情景一阈值控制,121.73210202702825,27801.084872351013,104.81032671698532,51712.246991879329,89.436988731968839,12466.618783701457,3549.4858883906422,9111.3792041678789,0,60.040565053327583,70.482434948500497,12.8872,0.49284502643220918,0.99999999999977107,12660.865092558521,12660.865092558521
情景一阈值控制,121.84329550367764,27775.33868058466,104.81032671698459,51731.210447170743,89.269999457696429,12473.568509450683,3552.9273809198703,9114.7204481136014,0,60.068422547689167,70.496393330094435,12.8872,0.49237492202213207,0.99999999999979883,12667.647829033471,12667.647829033471
情景一阈值控制,121.954488980327,27749.63440597435,104.81032671698395,51750.138264496076,89.103282057242609,12480.51168413611,3556.3688734490975,9118.0554128693475,0,60.096202821404951,70.510274434058601,12.8872,0.49190471278575376,0.99999999999982625,12674.424286318445,12674.424286318445
情景一阈值控制,122,27739.125828589764,104.81032671698372,51757.875075185526,89.035123638824459,12483.351609249659,3557.777461784689,9119.4185912288867,0,60.107550894793476,70.515933669316766,12.8872,0.49171222803776349,0.99999999999983702,12677.196053013577,12677.196053013577
情景一阈值控制,122.06568245697636,27723.971980275121,104.8103267169834,51769.030501877212,88.936836087971983,12487.448318423474,3559.8103659783246,9121.3841086582142,0,60.123905857306198,70.524078457793124,12.8872,0.49143439931242006,0.99999999999985356,12681.194474636539,12681.194474636539
情景一阈值控制,122.17687593362572,27698.351335353113,104.81032671698294,51787.88721724155,88.770661107969673,12494.378422961145,3563.2518585075522,9124.706545686653,0,60.151531638321003,70.537805598937439,12.8872,0.49096398219201476,0.99999999999988098,12687.958404194205,12687.958404194205
情景一阈值控制,122.28806941027509,27672.772403185398,104.81032671698257,51806.708468422199,88.604756676040338,12501.302008380146,3566.6933510367794,9128.0227341444988,0,60.17908014747438,70.551456055369428,12.8872,0.49049346201495725,0.9999999999999083,12694.716085181279,12694.716085181279
情景一阈值控制,122.39926288692448,27647.235115859796,104.81032671698232,51825.494313158073,88.439122351706942,12508.219085294204,3570.1348435660079,9131.3326842049955,0,60.206551367888395,70.565030025204351,12.8872,0.49002283937219893,0.99999999999993594,12701.467527771003,12701.467527771003
情景一阈值控制,122.51045636357384,27621.739405574692,104.81032671698213,51844.244809094125,88.273757695209738,12515.129664299759,3573.576336095236,9134.6364060248252,0,60.233945282782173,70.578527706793949,12.8872,0.48955211485522132,0.99999999999996314,12708.21274212006,12708.21274212006
情景一阈值控制,122.6216498402232,27596.285204638862,104.81032671698208,51862.960013781412,88.108662267504712,12522.033755976001,3577.0178286244636,9137.9339097441334,0,60.261261875472059,70.59194929872551,12.8872,0.48908128905603199,0.99999999999999079,12714.951738368596,12714.951738368596
情景一阈值控制,122.73284331687256,27570.872445471286,104.81032671698216,51881.639984677335,87.943835630262711,12528.931370884895,3580.4593211536921,9141.2252054865585,0,60.28850112937166,70.605294999820799,12.8872,0.4886103625671625,1.000000000000018,12721.684526640251,12721.684526640251
情景一阈值控制,122.84403679352195,27545.501060600971,104.81032671698223,51900.284779145732,87.779277345868351,12535.822519571213,3583.9008136829207,9144.5103033592532,0,60.315663027991967,70.618565009135196,12.8872,0.48813933598166526,1.0000000000000455,12728.411117042175,12728.411117042175
情景一阈值控制,122.95523027017131,27520.170982666779,104.81032671698244,51918.894454457019,87.614986977418624,12542.707212562555,3587.3423062121487,9147.7892134529156,0,60.342747554941397,70.631759525956682,12.8872,0.48766820989311066,1.0000000000000728,12735.131519665065,12735.131519665065
情景一阈值控制,123,27509.984004707112,104.81032671698256,51926.377347695066,87.54891444630637,12545.477369815289,3588.7279512642126,9149.1076531224753,0,60.353630722648617,70.637050750760281,12.8872,0.48747849285608447,1.0000000000000839,12737.835604386688,12737.835604386688
情景一阈值控制,123.06642374682067,27494.882144417243,104.81032671698276,51937.469067788428,87.450964088721861,12549.585460369381,3590.7837987413768,9151.0619458418187,0,60.369754693925898,70.644878749804818,12.8872,0.48719698489558416,1.0000000000001001,12741.845744583195,12741.845744583195
情景一阈值控制,123.17761722347004,27469.63447871037,104.81032671698318,51956.008676224068,87.287208244296465,12556.457273485046,3594.2252912706053,9154.3285105838295,0,60.396684428749062,70.657922880429865,12.8872,0.48672566158368313,1.0000000000001275,12748.553801854436,12748.553801854436
情景一阈值控制,123.28881070011943,27444.427918513498,104.81032671698364,51974.513336755095,87.123719009370035,12563.322662385814,3597.6667837998348,9157.5889177204444,0,60.423536743312162,70.670892117811732,12.8872,0.48625424055251443,1.0000000000001543,12755.25570152028,12755.25570152028
情景一阈值控制,123.40000417676879,27419.262396903101,104.81032671698422,51992.983106279906,86.960495949877881,12570.181637530894,3601.1082763290633,9160.8431772768017,0,60.450311621614254,70.683786662159022,12.8872,0.48578272239769082,1.0000000000001819,12761.951453605865,12761.951453605865
情景一阈值控制,123.51119765341815,27394.137847064601,104.8103267169849,52011.418041604251,86.797538632462022,12577.034209362466,3604.5497688582918,9164.0912992617323,0,60.477009047752269,70.696606713908054,12.8872,0.48531110771532893,1.0000000000002089,12768.641068120025,12768.641068120025
情景一阈值控制,123.62239113006751,27369.054202292209,104.81032671698566,52029.81819944139,86.634846624470043,12583.880388305713,3607.9912613875204,9167.333293667758,0,60.503629005921077,70.709352473721879,12.8872,0.4848393971020456,1.000000000000236,12775.324555055278,12775.324555055278
情景一阈值控制,123.73358460671687,27344.011395988724,104.81032671698651,52048.183636412265,86.472419493953936,12590.720184768841,3611.4327539167493,9170.5691704711408,0,60.530171480413607,70.722024142489261,12.8872,0.48436759115495487,1.0000000000002633,12782.001924387891,12782.001924387891
情景一阈值控制,123.84477808336626,27319.009361665383,104.81032671698749,52066.514409045616,86.310256809668871,12597.553609143113,3614.8742464459792,9173.798939631899,0,60.556636455620868,70.73462192132375,12.8872,0.4838956904716657,1.0000000000002907,12788.673186077878,12788.673186077878
情景一阈值控制,123.95597156001563,27294.048032941686,104.81032671698857,52084.810573778152,86.148358141072237,12604.380671802868,3618.3157389752087,9177.0226110938293,0,60.583023916032083,70.74714601156262,12.8872,0.48342369565027876,1.0000000000003177,12795.338350069038,12795.338350069038
情景一阈值控制,124,27284.175519742988,104.81032671698901,52092.045615456082,86.08432522198116,12607.082176242733,3619.6784407437458,9178.2973808460683,0,60.593450932654633,70.752084759699045,12.8872,0.48323677754533956,1.0000000000003284,12797.975821589815,12797.975821589815
情景一阈值控制,124.06716503666499,27269.12734354518,104.81032671698969,52103.072186954712,85.986723058322426,12611.201383105565,3621.7572315044376,9180.2401947845483,0,60.60933384623474,70.759596614765925,12.8872,0.48295160728938291,1.0000000000003446,12801.997426288986,12801.997426288986
情景一阈值控制,124.17835851331435,27244.247227311324,104.81032671699093,52121.299304828382,85.825351132277433,12618.015753391792,3625.1987240336671,9183.451700615502,0,60.635566230914698,70.771973932715525,12.8872,0.48247942598805271,1.0000000000003719,12808.65042464917,12808.65042464917
情景一阈值控制,124.28955198996374,27219.40761818329,104.81032671699231,52139.491983560692,85.664241934494029,12624.823792985304,3628.6402165628974,9186.6571384820018,0,60.66172105485623,70.784278167413987,12.8872,0.48200715234584579,1.0000000000003988,12815.297355044899,12815.297355044899
情景一阈值控制,124.4007454666131,27194.608450211814,104.81032671699376,52157.650279221678,85.503395037226682,12631.625512193046,3632.0817090921269,9189.8565182632501,0,60.687798302942127,70.796509521083706,12.8872,0.48153478696279961,1.0000000000004259,12821.938227355377,12821.938227355377
情景一阈值控制,124.51193894326246,27169.849657554991,104.81032671699525,52175.774247790163,85.342810013426174,12638.420921305191,3635.5232016213567,9193.0498498223642,0,60.713797960153791,70.80866819616584,12.8872,0.4810623304394277,1.0000000000004527,12828.57305144372,12828.57305144372
情景一阈值控制,124.62313241991183,27145.131174478112,104.81032671699685,52193.863945153767,85.182486436738429,12645.210030595146,3638.9646941505871,9196.2371430064013,0,60.739720011571265,70.820754395319284,12.8872,0.48058978337671809,1.0000000000004798,12835.201837156988,12835.201837156988
情景一阈值控制,124.73432589656122,27120.452935353482,104.81032671699855,52211.919427109184,85.022423881503613,12651.992850319599,3642.4061866798183,9199.4184076463916,0,60.765564442373375,70.832768321419763,12.8872,0.48011714637612901,1.0000000000005065,12841.82459432621,12841.82459432621
情景一阈值控制,124.84551937321058,27095.814874660286,104.81032671700032,52229.940749362177,84.862621922755025,12658.769390718537,3645.8476792090478,9202.5936535573546,0,60.791331237837724,70.844710177558682,12.8872,0.47964442003958718,1.0000000000005331,12848.441332766402,12848.441332766402
情景一阈值控制,124.95671284985994,27071.216926984347,104.81032671700221,52247.927967527918,84.703080136217679,12665.539662015281,3649.2891717382781,9205.7628905383317,0,60.817020383340854,70.856580167042267,12.8872,0.4791716049694833,1.0000000000005602,12855.052062276609,12855.052062276609
情景一阈值控制,125,27061.651883429833,104.81032671700297,52254.921104894005,84.641041458963045,12668.173606880957,3650.6289302232881,9206.9950382417428,0,60.827000057522348,70.861181713135821,12.8872,0.47898751619676172,1.0000000000005704,12857.623968465032,12857.623968465032
情景一阈值控制,125.0679063265093,27046.659027018006,104.81032671700419,52265.881137130949,84.54379809830742,12672.303674416498,3652.7306642675094,9208.9261283724118,0,60.842631864358275,70.868378493390409,12.8872,0.47869870176867058,1.0000000000005869,12861.656792639922,12861.656792639922
情景一阈值控制,125.17909980315869,27022.141109559918,104.81032671700626,52283.800313605461,84.384775386129618,12679.061438112249,3656.1721567967402,9212.083376826753,0,60.868165666464556,70.880105360335776,12.8872,0.47822571104046041,1.0000000000006137,12868.255533623493,12868.255533623493
情景一阈值控制,125.29029327980805,26997.663109514913,104.81032671700842,52301.685552295363,84.226011577478431,12685.81296327599,3659.6136493259714,9215.2346456526157,0,60.893621775333372,70.891760971822706,12.8872,0.47775263338862095,1.0000000000006402,12874.848294978587,12874.848294978587
情景一阈值控制,125.40148675645742,26973.224961893789,104.81032671701065,52319.536908454495,84.067506250835123,12692.558260064628,3663.0551418552022,9218.379944585382,0,60.919000176737619,70.903345532006256,12.8872,0.47727946941737154,1.0000000000006672,12881.435086440584,12881.435086440584
情景一阈值控制,125.51268023310678,26948.826601813158,104.81032671701301,52337.354437246693,83.909258985367316,12699.297338618524,3666.496634384433,9221.5192833445817,0,60.944300856549468,70.914859245251108,12.8872,0.47680621973138293,1.0000000000006937,12888.015917729015,12888.015917729015
情景一阈值控制,125.62387370975614,26924.467964495252,104.81032671701546,52355.138193746032,83.751269360927836,12706.030209061537,3669.9381269136647,9224.6526716339249,0,60.96952380074044,70.926302316130645,12.8872,0.47633288493577142,1.0000000000007203,12894.59079854759,12894.59079854759
情景一阈值控制,125.73506718640553,26900.148985267773,104.81032671701797,52372.888232936879,83.593536958053491,12712.756881501038,3673.3796194428974,9227.7801191413237,0,60.994668995381488,70.937674949425841,12.8872,0.47585946563609738,1.0000000000007467,12901.159738584221,12901.159738584221
情景一阈值控制,125.84626066305489,26875.869599563735,104.81032671702059,52390.604609714101,83.436061357964093,12719.477366027942,3676.8211119721286,9230.9016355389085,0,61.019736426643021,70.948977350124238,12.8872,0.47538596243836173,1.0000000000007734,12907.722747511038,12907.722747511038
情景一阈值控制,125.95745413970425,26851.629742921261,104.81032671702332,52408.287378883178,83.278842142561118,12726.191672716737,3680.2626045013603,9234.0172304830721,0,61.044726080795073,70.960209723418998,12.8872,0.47491237594900348,1.0000000000008,12914.279834984432,12914.279834984432
情景一阈值控制,126,26842.365310890724,104.81032671702437,52415.044442711238,83.218753225515243,12728.759129836259,3681.5794197028431,9235.2077834840657,0,61.054267273522747,70.964489076044316,12.8872,0.4747311460705298,1.00000000000081,12916.787203186908,12916.787203186908
情景一阈值控制,126.06864761635362,26827.42935098341,104.81032671702611,52425.936595160383,83.121878894426956,12732.899811625513,3683.7040970305929,9237.1269136144838,0,61.06963794420728,70.971372274707804,12.8872,0.47443870677489564,1.000000000000826,12920.831010645077,12920.831010645077
情景一阈值控制,126.17984109300301,26803.26835949803,104.81032671702899,52443.552313172891,82.965171196823334,12739.601792795977,3687.1455895598265,9240.2306945581149,0,61.094472003349004,70.982465209591851,12.8872,0.47396495552334228,1.0000000000008527,12927.376284117941,12927.376284117941
情景一阈值控制,126.29103456965237,26779.146704317591,104.81032671703198,52461.134587458946,82.808718633690688,12746.297626253488,3690.5870820890586,9243.3285829232645,0,61.119228244789383,70.99348873387477,12.8872,0.47349112280207739,1.0000000000008786,12933.915665012322,12933.915665012322
情景一阈值控制,126.40222804630173,26755.064321398986,104.81032671703507,52478.683472467994,82.652520789646729,12752.987322007089,3694.0285746182917,9246.420588303592,0,61.143906655197405,71.004443053561687,12.8872,0.47301720921925883,1.0000000000009051,12940.449162921883,12940.449162921883
情景一阈值控制,126.51342152295109,26731.021146803381,104.81032671703821,52496.199022560824,82.496577249985563,12759.670890049523,3697.4700671475239,9249.5067202771352,0,61.168507221341983,71.0153283748581,12.8872,0.47254321538346744,1.0000000000009315,12946.976787424659,12946.976787424659
情景一阈值控制,126.62461499960048,26707.017116696024,104.81032671704146,52513.681292009744,82.340887600676211,12766.348340357268,3700.9115596767579,9252.5869884063377,0,61.193029930092031,71.026144904168873,12.8872,0.47206914190370319,1.0000000000009577,12953.498548083095,12953.498548083095
情景一阈值控制,126.73580847624984,26683.052167346126,104.8103267170448,52531.130334998677,82.185451428362043,12773.019682890548,3704.3530522059914,9255.6614022380727,0,61.217474768416501,71.036892848097182,12.8872,0.47159498938938271,1.0000000000009834,12960.014454444065,12960.014454444065
情景一阈值控制,126.84700195289921,26659.12623512663,104.81032671704824,52548.546205623345,82.030268320359397,12779.684927593382,3707.7945447352249,9258.7299713036755,0,61.241841723384482,71.04757241344349,12.8872,0.47112075845033463,1.0000000000010101,12966.5245160389,12966.5245160389
情景一阈值控制,126.95819542954857,26635.239256514065,104.81032671705175,52565.928957891381,81.875337864656302,12786.344084393597,3711.2360372644584,9261.7927051189581,0,61.266130782165263,71.058183807204486,12.8872,0.4706464496967987,1.0000000000010361,12973.028742383416,12973.028742383416
情景一阈值控制,127,26626.268712378002,104.81032671705312,52572.455664611225,81.817155098495391,12788.846104575983,3712.529909182414,9262.9426706172289,0,61.275242405038341,71.062155702171523,12.8872,0.47046810741992884,1.0000000000010456,12975.472579799643,12975.472579799643
情景一阈值控制,127.06938890619793,26611.391168088419,104.81032671705537,52583.278645722523,81.720659649911696,12792.997163202856,3714.6775297936924,9264.8496131842403,0,61.290341932028383,71.068727236572059,12.8872,0.47017206373942089,1.0000000000010618,12979.527142977933,12979.527142977933
情景一阈值控制,127.18058238284732,26587.581906532887,104.81032671705908,52600.595322948684,81.566233265454187,12799.644173916682,3718.1190223229278,9267.9007049843804,0,61.314475160343733,71.079202908932217,12.8872,0.46969760118925097,1.000000000001088,12986.019727307308,12986.019727307308
情景一阈值控制,127.29177585949668,26563.811408633781,104.81032671706286,52617.87904331414,81.412058301281235,12806.285126414494,3721.5605148521618,9270.9459899887861,0,61.338530454581566,71.089611031864067,12.8872,0.46922306265774005,1.000000000001114,12992.506504840949,12992.506504840949
情景一阈值控制,127.40296933614604,26540.079611280325,104.81032671706674,52635.129860475688,81.258134348057425,12812.920030559617,3725.0020073813962,9273.9854776514549,0,61.362507802312606,71.09995181313873,12.8872,0.46874844875673638,1.0000000000011398,12998.987485032851,12998.987485032851
情景一阈值控制,127.5141628127954,26516.386451464485,104.81032671707072,52652.347828002763,81.104460997113975,12819.548896199323,3728.4434999106311,9277.019177410988,0,61.386407191208129,71.110225460718354,12.8872,0.46827376009848276,1.0000000000011653,13005.462677321619,13005.462677321619
情景一阈值控制,127.6253562894448,26492.731866280814,104.81032671707477,52669.532999377567,80.951037840447441,12826.171733164856,3731.8849924398664,9280.0470986906221,0,61.410228609039969,71.120432182754968,12.8872,0.46779899729561303,1.0000000000011915,13011.932091130489,13011.932091130489
情景一阈值控制,127.73654976609416,26469.115792926281,104.81032671707892,52686.685427995239,80.797864470718721,12832.788551271446,3735.3264849691018,9283.069250898252,0,61.433972043680619,71.130572187589465,12.8872,0.46732416096115037,1.0000000000012168,13018.395735867354,13018.395735867354
情景一阈值控制,127.84774324274352,26445.538168700103,104.81032671708316,52703.80516716397,80.64494048125178,12839.399360318346,3738.7679774983376,9286.0856434264533,0,61.457637483103291,71.140645683750577,12.8872,0.46684925170850178,1.0000000000012426,13024.85362092479,13024.85362092479
情景一阈值控制,127.95893671939288,26421.998931003589,104.81032671708749,52720.8922701052,80.492265466032691,12846.004170088854,3742.2094700275729,9289.096285652513,0,61.481224915381986,71.150652879953753,12.8872,0.46637427015145771,1.0000000000012681,13031.305755680085,13031.305755680085
情景一阈值控制,128,26413.315683161218,104.81032671708911,52727.194223895785,80.435946097768678,12848.441783508895,3743.4803986620009,9290.2066510698623,0,61.489915928852774,71.154331773771673,12.8872,0.46619884331284878,1.0000000000012774,13033.687049731863,13033.687049731863
情景一阈值控制,128.07013019604227,26398.498017339938,104.81032671709188,52737.946789953668,80.339839019708634,12852.602990350346,3745.6509625568096,9292.1011869384474,0,61.504734328691548,71.160593985100164,12.8872,0.46589921690418601,1.0000000000012934,13037.752149495256,13037.752149495256
情景一阈值控制,128.18132367269163,26375.035365314143,104.81032671709639,52754.968779757655,80.187660737586739,12859.195830854285,3749.0924550860459,9295.1003566310319,0,61.528165711307707,71.170469208275549,12.8872,0.46542409258123152,1.0000000000013192,13044.192811717077,13044.192811717077
情景一阈值控制,128.29251714934099,26351.610912632739,104.81032671710096,52771.958292479023,80.03573021563291,12865.782701336264,3752.5339476152817,9298.0938040618275,0,61.55151905160718,71.180278758749239,12.8872,0.46494889779751136,1.0000000000013447,13050.62775167711,13050.62775167711
情景一阈值控制,128.40371062599036,26328.224597103701,104.81032671710562,52788.915380993451,79.88404705047094,12872.363611516026,3755.975440144518,9301.081538547196,0,61.574794338067697,71.190022845973019,12.8872,0.46447363316831181,1.00000000000137,13057.056978691715,13057.056978691715
情景一阈值控制,128.51490410263975,26304.876356636258,104.81032671711037,52805.840098090521,79.732610839381366,12878.938571097493,3759.416932673756,9304.0635693883396,0,61.597991559268088,71.19970167958013,12.8872,0.46399829930928593,1.0000000000013951,13063.480502062095,13063.480502062095
情景一阈值控制,128.62609757928911,26281.56612924072,104.81032671711522,52822.732496473844,79.581421180300367,12885.507589768778,3762.8584252029927,9307.0399058713119,0,61.62111070388832,71.209315469384109,12.8872,0.46352289683644976,1.0000000000014204,13069.898331074304,13069.898331074304
情景一阈值控制,128.73729105593847,26258.293853028339,104.81032671712011,52839.592628761253,79.430477671818679,12892.070677202229,3766.2999177322304,9310.0105572670473,0,61.644151760709569,71.218864425377788,12.8872,0.46304742636617946,1.0000000000014455,13076.310474999278,13076.310474999278
情景一阈值控制,128.84848453258783,26235.059466211103,104.81032671712515,52856.420547484908,79.279779913180604,12898.627843054441,3769.7414102614675,9312.9755328313895,0,61.667114718614272,71.228348757732192,12.8872,0.46257188851520792,1.0000000000014708,13082.716943092857,13082.716943092857
情景一阈值控制,128.95967800923719,26211.862907101622,104.81032671713027,52873.216305091431,79.129327504282926,12905.179096966289,3773.1829027907052,9315.9348418051086,0,61.689999566586209,71.237768676795454,12.8872,0.46209628390062207,1.0000000000014957,13089.117744595813,13089.117744595813
情景一阈值控制,129,26203.460493562106,104.81032671713213,52879.298999937397,79.074829621575091,12907.55331354255,3774.4308881416068,9317.0065751477632,0,61.698278978174926,71.241168740321754,12.8872,0.46192379945077822,1.000000000001505,13091.43746328937,13091.43746328937
情景一阈值控制,129.07087148588658,26188.704114112912,104.81032671713542,52889.979953942078,78.979120045673767,12911.724448562962,3776.6243953199437,9318.8884934139369,0,61.712806293710528,71.247124393091767,12.8872,0.46162061313985914,1.000000000001521,13095.51288873388,13095.51288873388
情景一阈值控制,129.18206496253595,26165.583025758289,104.81032671714065,52906.711546312828,78.829157138551693,12918.263907453958,3780.0658878491822,9321.8364968685801,0,61.735534889173806,71.256416117320256,12.8872,0.46114487685070404,1.0000000000015457,13101.902384717763,13101.902384717763
情景一阈值控制,129.29325843918531,26142.499580651151,104.81032671714605,52923.411134394555,78.679438384764552,12924.797483233151,3783.5073803784203,9324.7788613647517,0,61.758185342264127,71.265644060353935,12.8872,0.46066907565128556,1.000000000001571,13108.286241743172,13108.286241743172
情景一阈值控制,129.40445191583467,26119.453717504839,104.81032671715148,52940.078770293192,78.529963386808291,12931.325185478776,3786.9488729076597,9327.7155960831878,0,61.780757642371142,71.274808433238633,12.8872,0.46019321016007386,1.0000000000015956,13114.664468990848,13114.664468990848
情景一阈值控制,129.51564539248406,26096.445375132484,104.81032671715704,52956.714506029799,78.38073174782609,12937.847023753491,3790.3903654368996,9330.6467101896851,0,61.803251778986088,71.283909447191874,12.8872,0.45971728099587672,1.0000000000016198,13121.037075626584,13121.037075626584
情景一阈值控制,129.62683886913342,26073.47449244685,104.81032671716264,52973.318393540765,78.231743071607383,12944.363007604372,3793.8318579661391,9333.5722128351135,0,61.825667741701871,71.2929473136018,12.8872,0.45924128877783654,1.0000000000016451,13127.404070801253,13127.404070801253
情景一阈值控制,129.73803234578278,26050.541008460121,104.81032671716835,52989.890484677919,78.082996962586506,12950.873146562959,3797.2733504953785,9336.4921131554438,0,61.848005520213114,71.301922244026088,12.8872,0.45876523412542802,1.0000000000016693,13133.765463650823,13133.765463650823
情景一阈值控制,129.84922582243215,26027.644862283807,104.81032671717415,53006.430831208672,77.934493025841846,12957.377450145268,3800.7148430246184,9339.4064202717764,0,61.870265104316218,71.310834450190896,12.8872,0.4582891176584527,1.0000000000016942,13140.121263296394,13140.121263296394
情景一阈值控制,129.96041929908154,26004.785993128517,104.81032671718003,53022.939484816132,77.786230867094702,12963.875927851834,3804.1563355538597,9342.3151432903596,0,61.892446483909417,71.319684143989676,12.8872,0.45781293999703854,1.0000000000017182,13146.47147884422,13146.47147884422
情景一阈值控制,130,25996.658079134617,104.81032671718214,53028.808306528073,77.733513382836875,12966.187737618058,3805.3813776212328,9343.3491935049515,0,61.90032334639384,71.322819256271373,12.8872,0.45764342398544122,1.0000000000017271,13148.730571126183,13148.730571126183
情景一阈值控制,130.0716127757309,25981.964340303868,104.81032671718599,53039.416497099301,77.638210092708562,12970.368589167707,3807.5978280831,9345.2182913026118,0,61.914549648992796,71.328471537482216,12.8872,0.45733670176163477,1.0000000000017426,13152.816119385712,13152.816119385712
情景一阈值控制,130.18280625238026,25959.179843218259,104.81032671719203,53055.861919573115,77.490430309687468,12976.855443562506,3811.0393206123408,9348.1158733851553,0,61.936574589668403,71.33719684289342,12.8872,0.45686040357300939,1.0000000000017673,13159.155193997496,13159.155193997496
情景一阈值控制,130.29399972902962,25936.432441378751,104.81032671719812,53072.275803668701,77.342891125675479,12983.336500490432,3814.4808131415821,9351.0078985998334,0,61.958521296140248,71.345860272612285,12.8872,0.45638404605224636,1.0000000000017915,13165.488711741415,13165.488711741415
情景一阈值控制,130.40519320567898,25913.722074390887,104.81032671720433,53088.658200733429,77.195592148955328,12989.81176939029,3817.9223056708233,9353.8943759937338,0,61.980389758714388,71.354462039190778,12.8872,0.45590762982074129,1.0000000000018157,13171.816681664557,13171.816681664557
情景一阈值控制,130.51638668232837,25891.048681958535,104.81032671721063,53105.009162031041,77.048532988447576,12996.281259685518,3821.3637982000655,9356.7753145992192,0,62.002179967798966,71.363002355342772,12.8872,0.45543115550019897,1.0000000000018399,13178.139112799285,13178.139112799285
情景一阈值控制,130.62758015897774,25868.412203883745,104.81032671721698,53121.328738741868,76.901713253709545,13002.744980784215,3824.8052907293068,9359.6507234339424,0,62.023891913904251,71.371481433942876,12.8872,0.45495462371263051,1.0000000000018638,13184.45601416325,13184.45601416325
情景一阈值控制,130.7387736356271,25845.812580066562,104.8103267172234,53137.616981962878,76.75513255493415,13009.202942079159,3828.2467832585494,9362.5206115008787,0,62.045525587642707,71.379899488025416,12.8872,0.45447803508034956,1.0000000000018878,13190.767394759428,13190.767394759428
情景一阈值控制,130.84996711227646,25823.249750504881,104.81032671722996,53153.873942707854,76.608790502948935,13015.65515294784,3831.6882757877911,9365.3849877883367,0,62.067080979729035,71.388256730783255,12.8872,0.45400139022596853,1.0000000000019118,13197.073263576127,13197.073263576127
情景一阈值控制,130.96116058892585,25800.723655294281,104.81032671723658,53170.099671907548,76.462686709215077,13022.101622752476,3835.1297683170351,9368.2438612700043,0,62.088558080980221,71.396553375566754,12.8872,0.45352468977239668,1.0000000000019356,13203.37362958704,13203.37362958704
情景一阈值控制,131,25792.86403098769,104.81032671723891,53175.75990010699,76.41170934639301,13024.351996222453,3836.3318671008824,9369.2411585933114,0,62.096041490561213,71.3994371178797,12.8872,0.45335816733323764,1.0000000000019442,13205.573025694193,13205.573025694193
情景一阈值控制,131.07235406557521,25778.234234627886,104.81032671724327,53186.294220409756,76.316820785826437,13028.542360840047,3838.5712608462782,9371.0972409049482,0,62.109956882315579,71.404789635882622,12.8872,0.4530479343428363,1.0000000000019589,13209.668501751226,13209.668501751226
情景一阈值控制,131.18354754222457,25755.781428796185,104.81032671725006,53202.457638979511,76.171192345508231,13034.977376542312,3842.0127533755222,9373.9451356376576,0,62.131277374756813,71.412965725392823,12.8872,0.45257112456077864,1.0000000000019833,13215.95788901318,13215.95788901318
情景一阈值控制,131.29474101887394,25733.365178186868,104.81032671725693,53218.589978299176,76.02580100161633,13041.406679175834,3845.4542459047652,9376.7875543980535,0,62.152519549428035,71.421081857913492,12.8872,0.4520942610500025,1.0000000000020066,13222.241800302818,13222.241800302818
情景一阈值控制,131.40593449552333,25710.985423284685,104.81032671726386,53234.69128896865,75.880646368136027,13047.83027804202,3848.8957384340101,9379.6245061015179,0,62.173683397555877,71.429138247413761,12.8872,0.45161734443456902,1.0000000000020302,13228.520244535528,13228.520244535528
情景一阈值控制,131.51712797217269,25688.6421046713,104.81032671727083,53250.761621505393,75.735728059681136,13054.248182427116,3852.3372309632546,9382.4559996489243,0,62.194768910469428,71.437135108014729,12.8872,0.45114037533882012,1.0000000000020537,13234.793230612178,13234.793230612178
情景一阈值控制,131.62832144882205,25666.335163025091,104.81032671727797,53266.801026344641,75.591045691492937,13060.660401602263,3855.778723492499,9385.2820439266452,0,62.21577607960041,71.445072653988291,12.8872,0.4506633543873737,1.0000000000020772,13241.060767419145,13241.060767419145
情景一阈值控制,131.73951492547141,25644.064539121027,104.81032671728514,53282.809553839514,75.446598879439023,13067.066944823502,3859.2202160217444,9388.1026478065924,0,62.236704896483104,71.452951099756021,12.8872,0.45018628220512191,1.0000000000021005,13247.322863828336,13247.322863828336
情景一阈值控制,131.85070840212077,25621.830173830502,104.81032671729244,53298.787254261144,75.302387240012493,13073.467821331807,3862.6617085509893,9390.9178201462328,0,62.257555352754494,71.460770659888112,12.8872,0.44970915941722645,1.0000000000021236,13253.579528697222,13253.579528697222
情景一阈值控制,131.96190187877016,25599.632008121171,104.81032671729979,53314.734177798855,75.158410390330701,13079.863040353104,3866.1032010802355,9393.7275697886089,0,62.278327440154236,71.46853154910221,12.8872,0.44923198664911645,1.0000000000021467,13259.830770868844,13259.830770868844
情景一阈值控制,132,25592.034586248898,104.81032671730233,53320.190987868278,75.109133667145741,13082.052928879126,3867.2823565805552,9394.6890260911277,0,62.285426534598237,71.471177199194813,12.8872,0.44906848198764893,1.0000000000021547,13261.971382671683,13261.971382671683
情景一阈值控制,132.07309535541953,25577.469983056806,104.81032671730721,53330.650374560202,75.014667948134559,13086.252611098298,3869.5446936094813,9396.5319055623695,0,62.299021150524723,71.476233982262272,12.8872,0.44875476452648522,1.0000000000021696,13266.076599171851,13266.076599171851
情景一阈值控制,132.18428883206889,25555.344039797143,104.81032671731471,53346.535894571214,74.871159531787214,13092.636542763303,3872.9861861387276,9399.3308362817861,0,62.319636475811166,71.483878174377551,12.8872,0.44827749367528547,1.0000000000021929,13272.317022420513,13272.317022420513
情景一阈值控制,132.29548230871825,25533.254119597685,104.8103267173223,53362.390787776429,74.727884760273113,13099.014844529054,3876.4276786679739,9402.1243707467838,0,62.340173408061588,71.491464340601354,12.8872,0.44780017472172806,1.0000000000022158,13278.552049414757,13278.552049414757
情景一阈值控制,132.40667578536764,25511.20016380959,104.81032671732997,53378.215104039089,74.584843253197093,13105.387525561542,3879.8691711972224,9404.9125177429596,0,62.360631939426895,71.49899269622999,12.8872,0.44732280829227733,1.0000000000022384,13284.781688940182,13284.781688940182
情景一阈值控制,132.517869262017,25489.182113879528,104.8103267173377,53394.008893141276,74.442034630783411,13111.75459501184,3883.3106637264691,9407.6952860416004,0,62.381012062160885,71.506463456701653,12.8872,0.44684539501364873,1.0000000000022613,13291.00594976807,13291.00594976807
情景一阈值控制,132.62906273866636,25467.19991134946,104.81032671734555,53409.772204783963,74.299458513874455,13118.116062016112,3886.7521562557163,9410.4726843997232,0,62.401313768620334,71.51387683759522,12.8872,0.44636793551280463,1.0000000000022842,13297.224840655439,13297.224840655439
情景一阈值控制,132.74025621531572,25445.253497856542,104.81032671735343,53425.505088587284,74.157114523929948,13124.471935695652,3890.1936487849648,9413.2447215600823,0,62.421537051265005,71.521233054629235,12.8872,0.44589043041695198,1.0000000000023066,13303.438370345048,13303.438370345048
情景一阈值控制,132.85144969196512,25423.342815132943,104.81032671736142,53441.20759409052,74.015002283025979,13130.822225156913,3893.6351413142133,9416.0114062511948,0,62.441681902657699,71.528532323660698,12.8872,0.44541288035353799,1.0000000000023288,13309.646547565408,13309.646547565408
情景一阈值控制,132.96264316861448,25401.467805005708,104.81032671736946,53456.879770752319,73.873121413853937,13137.166939491502,3897.0766338434619,9418.7727471873732,0,62.461748315464284,71.535774860683972,12.8872,0.44493528595024812,1.0000000000023517,13315.849381030836,13315.849381030836
情景一阈值控制,133,25394.126618666767,104.81032671737219,53462.138235750979,73.825506629108048,13139.297275616536,3898.2328460602553,9419.6992563108706,0,62.46847227222397,71.538195387230928,12.8872,0.44477482232976984,1.0000000000023592,13317.932102371125,13317.932102371125
情景一阈值控制,133.07383664526384,25379.628409396588,104.81032671737761,53472.52166795083,73.731471539719493,13143.506087776241,3900.5181263727109,9421.5287530687383,0,62.481736282453745,71.542960881829629,12.8872,0.44445764783500197,1.0000000000023741,13322.046879441448,13322.046879441448
情景一阈值控制,133.1850301219132,25357.824570321882,104.81032671738582,53488.133334983773,73.590052284541486,13149.839679073171,3903.9596189019594,9424.2794325812483,0,62.501645796498224,71.550090603363358,12.8872,0.44397996663595007,1.0000000000023961,13328.239051483208,13328.239051483208
情景一阈值控制,133.29622359856259,25336.056229892289,104.81032671739409,53503.71482106865,73.448863272851199,13156.167722429574,3907.4011114312098,9427.0247943967188,0,62.521476850573045,71.557164241684816,12.8872,0.44350224298147012,1.0000000000024183,13334.425905827928,13334.425905827928
情景一阈值控制,133.40741707521195,25314.323330312793,104.81032671740246,53519.266175342767,73.307904129791211,13162.490226878002,3910.8426039604601,9429.7648471728462,0,62.541229437756755,71.564182013326459,12.8872,0.44302447750016527,1.0000000000024405,13340.607451133306,13340.607451133306
情景一阈值控制,133.51861055186131,25292.625813882427,104.81032671741092,53534.787446863498,73.167174481114287,13168.807201436308,3914.28409648971,9432.4995995532336,0,62.560903551231171,71.571144134952448,12.8872,0.44254667082085908,1.0000000000024625,13346.783696042943,13346.783696042943
情景一阈值控制,133.62980402851068,25270.963622994197,104.81032671741944,53550.278684608304,73.026673953182652,13175.118655107657,3917.7255890189604,9435.2290601674085,0,62.5804991842814,71.578050823357543,12.8872,0.44206882357259358,1.0000000000024845,13352.954649186369,13352.954649186369
情景一阈值控制,133.74099750516004,25249.336700134874,104.81032671742801,53565.739937474937,72.886402172966712,13181.424596880559,3921.1670815482116,9437.9532376308525,0,62.600016330295908,71.584902295465866,12.8872,0.44159093638462454,1.000000000002506,13359.120319179065,13359.120319179065
情景一阈值控制,133.85219098180943,25227.744987884889,104.81032671743667,53581.171254281508,72.746358768044232,13187.72503572889,3924.6085740774638,9440.6721405450189,0,62.619454982766499,71.591698768329863,12.8872,0.44111300988641922,1.000000000002528,13365.280714622482,13365.280714622482
情景一阈值控制,133.96338445845879,25206.188428918147,104.81032671744541,53596.572683766659,72.606543366599368,13194.019980611914,3928.0500666067155,9443.385777497353,0,62.63881513528839,71.598440459129137,12.8872,0.44063504470765347,1.0000000000025495,13371.435844104068,13371.435844104068
情景一阈值控制,134,25199.097629349813,104.81032671744829,53601.637776312593,72.560552585336893,13196.091678415574,3929.1833355399817,9444.2782155864879,0,62.645173169602536,71.600648516400852,12.8872,0.44047764443713711,1.0000000000025566,13373.461551126469,13373.461551126469
情景一阈值控制,134.07457793510815,25184.666966001889,104.81032671745422,53611.944274589689,72.466955597421659,13200.30944047431,3931.4915591359677,9446.0941570613286,0,62.658096781560239,71.605127585169242,12.8872,0.440157041478207,1.0000000000025711,13377.585716197296,13377.585716197296
情景一阈值控制,134.18577141175751,25163.180541996535,104.81032671746308,53627.286075330674,72.327595089904847,13206.59342424619,3934.9330516652203,9448.7972877964476,0,62.677299915384182,71.611760363880663,12.8872,0.43967900082816103,1.000000000002593,13383.730339461668,13383.730339461668
情景一阈值控制,134.2969648884069,25141.729099855518,104.81032671747207,53642.598134490596,72.188461474046164,13212.871940843137,3938.3745441944739,9451.4951782482894,0,62.696424530665858,71.618339012817557,12.8872,0.43920092338779526,1.0000000000026141,13389.869722442763,13389.869722442763
情景一阈值控制,134.40815836505627,25120.312582625182,104.81032671748109,53657.880500491454,72.049554380445272,13219.144999166203,3941.8160367237269,9454.187836948513,0,62.715470621414418,71.624863749656697,12.8872,0.43872280978758349,1.0000000000026352,13396.00387367224,13396.00387367224
情景一阈值控制,134.51935184170563,25098.930933444564,104.81032671749018,53673.133221676442,71.91087344030322,13225.412608101966,3945.2575292529805,9456.8752724148871,0,62.734438181742604,71.63133479219627,12.8872,0.43824466065819123,1.0000000000026565,13402.132801667867,13402.132801667867
情景一阈值控制,134.63054531835499,25077.584095545291,104.81032671749938,53688.356346310036,71.772418285421423,13231.674776522521,3948.6990217822345,9459.5574931513165,0,62.753327205866754,71.63775235835476,12.8872,0.43776647663047175,1.0000000000026779,13408.256514933551,13408.256514933551
情景一阈值控制,134.74173879500438,25056.272012251404,104.81032671750862,53703.549922578124,71.634188548200797,13237.931513285528,3952.1405143114889,9462.2345076478578,0,62.772137688106831,71.644116666169779,12.8872,0.43728825833546348,1.0000000000026987,13414.375021959346,13414.375021959346
情景一阈值控制,134.85293227165374,25034.994626979238,104.81032671751795,53718.713998588144,71.496183861640901,13244.182827234221,3955.5820068407438,9464.906324380745,0,62.790869622886461,71.650427933796976,12.8872,0.43681000640438616,1.0000000000027198,13420.488331221488,13420.488331221488
情景一阈值控制,134.9641257483031,25013.751883237237,104.81032671752735,53733.848622369223,71.358403859338537,13250.428727197437,3959.0234993699992,9467.5729518124153,0,62.809523004732945,71.656686379508812,12.8872,0.43633172146863752,1.0000000000027407,13426.596451182415,13426.596451182415
情景一阈值控制,135,25006.905737640303,104.81032671753039,53738.725216488332,71.313999898740818,13252.442682635861,3960.1338250197387,9468.432177640505,0,62.815524367706821,71.658694302261907,12.8872,0.43617740589102161,1.0000000000027474,13428.566002660244,13428.566002660244
情景一阈值控制,135.07531922495247,24992.543724625812,104.81032671753678,53748.953841872288,71.220848175487248,13256.669221989643,3962.4649918992545,9470.2343983915234,0,62.828097828277329,71.66289222169344,12.8872,0.43585340415979024,1.0000000000027613,13432.699390290778,13432.699390290778
情景一阈值控制,135.18651270160183,24971.370094837217,104.81032671754629,53764.029704970169,71.083516444876011,13262.904320410949,3965.9064844285099,9472.8906725529741,0,62.846594088254378,71.669045678853607,12.8872,0.43537505510958807,1.0000000000027822,13438.797156981484,13438.797156981484
情景一阈值控制,135.29770617825122,24950.230937655349,104.81032671755592,53779.076259457826,70.946408302888443,13269.134031247146,3969.3479769577671,9475.5417827179335,0,62.865011779502652,71.675146969605407,12.8872,0.43489667494994344,1.0000000000028024,13444.889759675701,13444.889759675701
情景一阈值控制,135.40889965490058,24929.126196955676,104.8103267175656,53794.093553052313,70.80952338550189,13275.35836326971,3972.7894694870233,9478.1877372938634,0,62.883350896964494,71.681196312677187,12.8872,0.43441826431293307,1.0000000000028231,13450.977206780886,13450.977206780886
情景一阈值控制,135.52009313154994,24908.055816705,104.81032671757535,53809.081633393063,70.672861329286206,13281.577325235843,3976.230962016281,9480.8285446745303,0,62.901611435686092,71.687193926908435,12.8872,0.43393982383079566,1.0000000000028435,13457.059506690812,13457.059506690812
情景一阈值控制,135.6312866081993,24887.019740961372,104.81032671758517,53824.040548041929,70.536421771403056,13287.790925888485,3979.6724545455381,9483.464213240044,0,62.919793390817482,71.693140031248504,12.8872,0.43346135413592757,1.0000000000028637,13463.136667785582,13463.136667785582
情景一阈值控制,135.74248008484869,24866.017913873904,104.81032671759506,53838.970344483314,70.400204349604749,13293.99917395635,3983.1139470747967,9486.0947513568644,0,62.937896757612585,71.699034844755573,12.8872,0.43298285586088003,1.0000000000028839,13469.208698431661,13469.208698431661
情景一阈值控制,135.85367356149806,24845.050279682662,104.81032671760502,53853.871070124325,70.264208702233489,13300.202078153938,3986.5554396040543,9488.7201673778291,0,62.955921531429212,71.704878586595441,12.8872,0.43250432963835606,1.0000000000029041,13475.275606981882,13475.275606981882
情景一阈值控制,135.96486703814742,24824.116782718484,104.81032671761503,53868.7427722949,70.128434468220121,13306.399647181548,3989.9969321333128,9491.3404696421803,0,62.97386770772912,71.710671476040389,12.8872,0.4320257761012064,1.0000000000029243,13481.337401775494,13481.337401775494
情景一阈值控制,136,24817.509672120766,104.81032671761821,53873.435645237325,70.08558088374825,13308.356738421309,3991.084314499526,9492.1673249312607,0,62.979521684396452,71.712491274634104,12.8872,0.43187456558235837,1.0000000000029303,13483.251639430786,13483.251639430786
情景一阈值控制,136.07606051479678,24803.217367402827,104.81032671762512,53883.585498247892,69.99288128708352,13312.591889725338,3993.4384246625718,9493.9556664755819,0,62.991735282078011,71.71641373246797,12.8872,0.43154719588242696,1.0000000000029441,13487.394091138154,13487.394091138154
情景一阈值控制,136.18725399144617,24782.351978247658,104.81032671763529,53898.399295159237,69.857548798929287,13318.778814457302,3996.8799171918326,9496.5657661901441,0,63.009524250145574,71.722105575359919,12.8872,0.43106858961515471,1.0000000000029636,13493.445683381977,13493.445683381977
情景一阈值控制,136.29844746809553,24761.520559855278,104.81032671764552,53913.184210128064,69.722436644449118,13324.960430035328,4000.3214097210921,9499.1707770844405,0,63.027234607705488,71.727747224300956,12.8872,0.43058995793266475,1.0000000000029834,13499.492186805532,13499.492186805532
情景一阈值控制,136.40964094474489,24740.723056918174,104.81032671765583,53927.940290176812,69.587544464919617,13331.136745103202,4003.762902250352,9501.7707074435348,0,63.044866350635466,71.733338898977649,12.8872,0.43011130146836718,1.0000000000030029,13505.533609693886,13505.533609693886
情景一阈值控制,136.52083442139426,24719.959414218876,104.8103267176662,53942.667582251379,69.452871902201466,13337.307768290642,4007.2043947796124,9504.3655655390066,0,63.062419474917256,71.73888081917724,12.8872,0.42963262085580323,1.0000000000030227,13511.569960318619,13511.569960318619
情景一阈值控制,136.63202789804365,24699.229576629819,104.81032671767663,53957.366133221214,69.318418598738333,13343.473508213314,4010.6458873088741,9506.9553596289643,0,63.07989397663669,71.744373204786427,12.8872,0.42915391672864223,1.000000000003042,13517.601246937838,13517.601246937838
情景一阈值控制,136.74322137469301,24678.533489113197,104.8103267176871,53972.03598987947,69.184184197556135,13349.633973472855,4014.0873798381358,9509.54009795807,0,63.097289851983653,71.749816275790337,12.8872,0.42867518972067853,1.0000000000030611,13523.627477796206,13523.627477796206
情景一阈值控制,136.85441485134237,24657.871096720795,104.81032671769768,53986.677198943114,69.050168342261927,13355.7891726569,4017.5288723673975,9512.119788757569,0,63.114607097252168,71.75521025227124,12.8872,0.42819644046582717,1.0000000000030806,13529.648661124967,13529.648661124967
情景一阈值控制,136.96560832799173,24637.24234459388,104.81032671770831,54001.289807053043,68.916370677042991,13361.939114339097,4020.9703648966592,9514.6944402452973,0,63.131845708840366,71.760555354407401,12.8872,0.42771766959812174,1.0000000000030997,13535.664805141956,13535.664805141956
情景一阈值控制,137,24630.86876175135,104.8103267177116,54005.803641077662,68.875031748824611,13363.840202085223,4022.0348039793453,9515.4897499805211,0,63.137161616208225,71.762198710150784,12.8872,0.42756958351648588,1.0000000000031055,13537.524553959865,13537.524553959865
情景一阈值控制,137.07680180464109,24616.647177963012,104.81032671771901,54015.873860774227,68.782790846665904,13368.083807079147,4024.4118574259223,9517.2640606257173,0,63.14900568325055,71.765851802472,12.8872,0.42723887775171032,1.0000000000031188,13541.67591805164,13541.67591805164
情景一阈值控制,137.18799528129048,24596.085542147928,104.81032671772978,54030.429406595831,68.649428496475579,13374.223259422806,4027.8533499551863,9519.828658089933,0,63.166087017089154,71.771099816831864,12.8872,0.426760065560852,1.0000000000031375,13547.68200804512,13547.68200804512
情景一阈值控制,137.29918875793985,24575.557382557399,104.81032671774061,54044.956490931319,68.516283272394503,13380.357479901919,4031.2948424844494,9522.3882408157115,0,63.183089707066813,71.776299617946336,12.8872,0.42628123365991422,1.0000000000031561,13553.68308330016,13553.68308330016
情景一阈值控制,137.41038223458921,24555.062644689067,104.81032671775151,54059.455160118596,68.383354820921411,13386.486477034436,4034.7363350137139,9524.9428169675029,0,63.200013749998362,71.781451426366161,12.8872,0.42580238268336867,1.000000000003175,13559.679151981218,13559.679151981218
情景一阈值控制,137.52157571123857,24534.601274129309,104.81032671776245,54073.92546042012,68.25064278913068,13392.610259324447,4038.1778275429779,9527.4923946964718,0,63.216859142802853,71.786555462732238,12.8872,0.42532351326578832,1.0000000000031937,13565.670222239449,13565.670222239449
情景一阈值控制,137.63276918788796,24514.173216553085,104.81032671777346,54088.367438023044,68.118146824671186,13398.728835262196,4041.6193200722437,9530.0369821405056,0,63.23362588250356,71.791611947774484,12.8872,0.42484462604184381,1.0000000000032123,13571.656302212748,13571.656302212748
情景一阈值控制,137.74396266453732,24493.778417723825,104.81032671778456,54102.781139039296,67.985866575765669,13404.842213324095,4045.0608126015086,9532.5765874242443,0,63.25031396622802,71.796621102310667,12.8872,0.42436572164630082,1.0000000000032307,13577.637400025753,13577.637400025753
情景一阈值控制,137.85515614118668,24473.416823493244,104.81032671779573,54117.166609505759,67.853801691209398,13410.950401972765,4048.5023051307739,9535.1112186591017,0,63.266923391208024,71.801583147245267,12.8872,0.42388680071401563,1.0000000000032492,13583.613523789876,13583.613523789876
情景一阈值控制,137.96634961783604,24453.088379801204,104.81032671780694,54131.523895384351,67.721951820369483,13417.053409657041,4051.9437976600402,9537.6408839432861,0,63.283454154779648,71.806498303568233,12.8872,0.42340786387993223,1.0000000000032674,13589.584681603326,13589.584681603326
情景一阈值控制,138,24446.942927136111,104.81032671781034,54135.863279511766,67.682092539825447,13418.899337475259,4052.9852934591995,9538.4054566818031,0,63.288441339857386,71.807976564302606,12.8872,0.42326292061687376,1.0000000000032725,13591.390750141003,13591.390750141003
情景一阈值控制,138.07754309448543,24432.793032675596,104.81032671781821,54145.853042562157,67.590316613183987,13423.151244812016,4055.3852901893074,9540.1655913618179,0,63.299906254383266,71.811366792353866,12.8872,0.42292891177907921,1.0000000000032854,13595.550881551126,13595.550881551126
情景一阈值控制,138.1887365711348,24412.530728232199,104.81032671782955,54160.154096851555,67.458895720160811,13429.24391585903,4058.8267827185737,9542.6853489865553,0,63.316279687563537,71.816188834759657,12.8872,0.42244994504656652,1.0000000000033034,13601.512131705129,13601.512131705129
情景一阈值控制,138.29993004778416,24392.301412674489,104.81032671784094,54174.42710399034,67.32768879237689,13435.331431205732,4062.2682752478413,9545.2001648762161,0,63.332574451969464,71.820964652025054,12.8872,0.42197096431758085,1.0000000000033213,13607.468440124057,13607.468440124057
情景一阈值控制,138.41112352443352,24372.105032293541,104.81032671785239,54188.672109641833,67.196695481477207,13441.413799246069,4065.7097677771089,9547.710047076398,0,63.348790545354376,71.825694465470363,12.8872,0.42149197022738405,1.0000000000033391,13613.419814853507,13613.419814853507
情景一阈值控制,138.52231700108288,24351.941533467878,104.81032671786393,54202.889159395025,67.065915439673958,13447.491028360329,4069.151260306377,9550.2150036195981,0,63.36492796557593,71.830378496495499,12.8872,0.42101296341130834,1.0000000000033569,13619.366263925975,13619.366263925975
情景一阈值控制,138.63351047773227,24331.810862663311,104.81032671787553,54217.078298764689,66.935348319745501,13453.563126915153,4072.592752835646,9552.7150425252366,0,63.380986710596169,71.835016966578905,12.8872,0.42053394450475379,1.0000000000033744,13625.307795360883,13625.307795360883
情景一阈值控制,138.74470395438163,24311.712966432835,104.81032671788718,54231.239573191451,66.80499377503557,13459.630103263562,4076.0342453649155,9555.2101717996793,0,63.39696677848147,71.83961009727625,12.8872,0.42005491414318463,1.000000000003392,13631.244417164595,13631.244417164595
情景一阈值控制,138.855897431031,24291.647791416428,104.81032671789886,54245.373028042013,66.674851459452299,13465.691965744976,4079.4757378941849,9557.7003994362512,0,63.4128681674026,71.844158110219411,12.8872,0.41957587296212573,1.0000000000034093,13637.176137330436,13637.176137330436
情景一阈值控制,138.96709090768036,24271.615284340969,104.81032671791064,54259.478708609196,66.544921027467183,13471.748722685241,4082.9172304234544,9560.1857334152701,0,63.428690875634722,71.84866122711513,12.8872,0.41909682159715977,1.0000000000034261,13643.102963838724,13643.102963838724
情景一阈值控制,139,24265.692671916298,104.81032671791412,54263.648140343852,66.50650708417399,13473.540317318537,4083.9357829390865,9560.920361589644,0,63.433358713448285,71.849985403035902,12.8872,0.4189550385280123,1.0000000000034317,13644.856144528731,13644.856144528731
情景一阈值控制,139.07828438432975,24251.615392020045,104.81032671792245,54273.556660112044,66.415202134114338,13477.800382396641,4086.3587229527257,9562.6661817040585,0,63.444434901557379,71.85311966974399,12.8872,0.41861776068392254,1.0000000000034435,13649.024904656784,13649.024904656784
情景一阈值控制,139.18947786097911,24231.648061353877,104.81032671793434,54287.606927696041,66.285694434989551,13483.846953177934,4089.8002154819965,9565.1417522569664,0,63.460100243654523,71.857533659959131,12.8872,0.41813869085810185,1.0000000000034603,13654.941967738963,13654.941967738963
情景一阈值控制,139.30067133762847,24211.713239329096,104.81032671794628,54301.629556433123,66.156397586249312,13489.888443314361,4093.2417080112677,9567.6124530153938,0,63.475686900514525,71.86190341968512,12.8872,0.41765961275543162,1.0000000000034777,13660.854161026662,13660.854161026662
情景一阈值控制,139.41186481427783,24191.810873018661,104.81032671795829,54315.624591321866,66.027311244609848,13495.924861077678,4096.6832005405395,9570.0782919078138,0,63.491194870830164,71.866229170916753,12.8872,0.41718052701169073,1.0000000000034945,13666.761492448353,13666.761492448353
情景一阈值控制,139.5230582909272,24171.940909581695,104.81032671797034,54329.592077287591,65.898435067346327,13501.956214726173,4100.1246930698117,9572.5392768497859,0,63.506624153398647,71.870511135717919,12.8872,0.41670143426269801,1.000000000003511,13672.663969919598,13672.663969919598
情景一阈值控制,139.63425176757659,24152.103296263358,104.81032671798245,54343.532059182449,65.769768712291949,13507.98251250469,4103.5661855990847,9574.9954157439879,0,63.521974747121632,71.874749536220364,12.8872,0.41622233514430929,1.0000000000035276,13678.561601343074,13678.561601343074
情景一阈值控制,139.74544524422595,24132.297980394702,104.81032671799463,54357.444581785589,65.641311837836966,13514.003762644646,4107.0076781283578,9577.4467164802263,0,63.537246651005191,71.878944594622524,12.8872,0.415743230292415,1.0000000000035443,13684.454394608583,13684.454394608583
情景一阈值控制,139.85663872087531,24112.524909392527,104.81032671800683,54371.329689803264,65.5130641029278,13520.019973364057,4110.4491706576318,9579.8931869354674,0,63.552439864159851,71.883096533188422,12.8872,0.41526412034293536,1.0000000000035607,13690.342357593099,13690.342357593099
情景一阈值控制,139.96783219752467,24092.784030759223,104.81032671801908,54385.187427868899,65.385025167066075,13526.031152867565,4113.8906631869058,9582.3348349738517,0,63.567554385800584,71.887205574246337,12.8872,0.41478500593181811,1.0000000000035769,13696.225498160758,13696.225498160758
情景一阈值控制,140,24087.079074288897,104.81032671802267,54389.191314890842,65.348022935850011,13527.769224547168,4114.8862724190112,9583.040295190136,0,63.571912277393444,71.888386333968057,12.8872,0.4146463994176488,1.0000000000035814,13697.926567609147,13697.926567609147
情景一阈值控制,140.07902567417403,24073.075292082685,104.81032671803145,54399.017840543311,65.257194690307927,13532.037309346446,4117.3321557161798,9584.7716684467123,0,63.582590215246832,71.891271940187778,12.8872,0.41430588769503396,1.0000000000035933,13702.103824162892,13702.103824162892
情景一阈值控制,140.19021915082342,24053.398641036103,104.81032671804385,54412.820972314723,65.129572333262743,13538.038450978645,4120.7736482454557,9587.2036951926038,0,63.597547351922465,71.895295853466223,12.8872,0.41382676626857473,1.0000000000036091,13707.977343438059,13707.977343438059
情景一阈值控制,140.30141262747279,24033.754025377901,104.81032671805633,54426.596867598935,65.002157757092647,13544.034585928792,4124.2151407747306,9589.6309230373172,0,63.612425795355833,71.899277536595946,12.8872,0.41334764228844878,1.0000000000036253,13713.846063812049,13713.846063812049
情景一阈值控制,140.41260610412215,24014.141392951526,104.81032671806884,54440.345570739446,64.87495062351141,13550.025722348222,4127.6566333040073,9592.0533597939029,0,63.627225545179741,71.903217212150835,12.8872,0.41286851639067834,1.0000000000036411,13719.709993097909,13719.709993097909
情景一阈值控制,140.52379958077151,23994.56069168535,104.81032671808138,54454.067126007569,64.747950594783475,13556.011868375002,4131.0981258332831,9594.4710132626897,0,63.641946601131458,71.907115102763228,12.8872,0.4123893892112952,1.0000000000036569,13725.569139095973,13725.569139095973
情景一阈值控制,140.6349930574209,23975.011869592512,104.81032671809398,54467.761577602498,64.621157333723161,13561.993032133949,4134.5396183625608,9596.8838912313113,0,63.656588963052727,71.910971431122718,12.8872,0.41191026138633846,1.0000000000036722,13731.423509593871,13731.423509593871
情景一阈值控制,140.74618653407026,23955.494874770819,104.81032671810664,54481.428969651512,64.494570503693851,13567.969221736646,4137.9811108918375,9599.292001474716,0,63.671152630889736,71.914786419974959,12.8872,0.41143113355185057,1.0000000000036879,13737.273112366554,13737.273112366554
情景一阈值控制,140.85738001071962,23936.009655402555,104.81032671811937,54495.069346210024,64.368189768606854,13573.94044528148,4141.422603421116,9601.6953517551956,0,63.685637604693156,71.918560292120517,12.8872,0.41095200634387419,1.0000000000037035,13743.117955176313,13743.117955176313
情景一阈值控制,140.96857348736899,23916.556159754371,104.81032671813213,54508.682751261716,64.242014792920784,13579.906710853644,4144.8640959503937,9604.093949822407,0,63.700043884618125,71.922293270413661,12.8872,0.4104728803984482,1.0000000000037186,13748.958045772801,13748.958045772801
情景一阈值控制,141,23911.06377864856,104.81032671813576,54512.525413088399,64.206391321179922,13581.592053604512,4145.8367618989723,9604.7710031529605,0,63.704101255040079,71.923340937281893,12.8872,0.41033746577854269,1.0000000000037228,13750.607765051933,13750.607765051933
情景一阈值控制,141.07976696401838,23897.134336177143,104.81032671814495,54522.269228718673,64.116045241640478,13585.868026525171,4148.3055884796731,9606.487803413389,0,63.714371470924242,71.925985577761182,12.8872,0.40999375635160495,1.0000000000037337,13754.793391893061,13754.793391893061
情景一阈值控制,141.19096044066774,23877.744133105858,104.81032671815782,54535.828822421492,63.990280780316247,13591.824400354955,4151.7470810089526,9608.8769202525837,0,63.728620363975566,71.929637437121215,12.8872,0.40951463483936701,1.0000000000037492,13760.624001261536,13760.624001261536
情景一阈值控制,141.3021539173171,23858.385499059426,104.81032671817076,54549.361576139374,63.864721075042929,13597.775840388766,4155.188573538232,9611.2613080518531,0,63.742790564240629,71.933249071502033,12.8872,0.40903551649774328,1.0000000000037639,13766.449881590084,13766.449881590084
情景一阈值控制,141.41334739396646,23839.058382640589,104.81032671818372,54562.867533570279,63.739365792458877,13603.722354659272,4158.6300660675124,9613.6409745105084,0,63.756882072292413,71.936820703960905,12.8872,0.40855640196272569,1.0000000000037788,13772.27104057802,13772.27104057802
情景一阈值控制,141.52454087061585,23819.762732535757,104.81032671819672,54576.346738341017,63.614214599745182,13609.66395118607,4162.0715585967937,9616.0159273153258,0,63.770894888808364,71.940352557602893,12.8872,0.40807729187028607,1.0000000000037932,13778.08748591212,13778.08748591212
情景一阈值控制,141.63573434726521,23800.498497514902,104.81032671820982,54589.799234007347,63.489267164624962,13615.600637975696,4165.513051126075,9618.3861741405635,0,63.784829014570363,71.943844855579641,12.8872,0.40759818685637272,1.0000000000038078,13783.899225266639,13783.899225266639
情景一阈值控制,141.74692782391458,23781.265626431399,104.81032671822295,54603.225064054153,63.364523155362178,13621.53242302165,4168.9545436553562,9620.7517226479868,0,63.798684450464769,71.947297821088242,12.8872,0.40711908755690696,1.0000000000038227,13789.706266303343,13789.706266303343
情景一阈值控制,141.85812130056394,23762.064068221869,104.81032671823615,54616.624271895496,63.239982240760909,13627.45931430442,4172.3960361846384,9623.112580486888,0,63.812461197482364,71.950711677369995,12.8872,0.40663999460777955,1.0000000000038372,13795.508616671526,13795.508616671526
情景一阈值控制,141.9693147772133,23742.893771906107,104.81032671824941,54629.996900874765,63.11564409016443,13633.381319791502,4175.8375287139206,9625.4687552941032,0,63.82615925671837,71.954086647709261,12.8872,0.40616090864484822,1.0000000000038511,13801.306284008024,13801.306284008024
情景一阈值控制,142,23737.608987351054,104.81032671825305,54633.682570493642,63.081367085414364,13635.014711732421,4176.7872513789725,9626.1181475652247,0,63.829925553003562,71.955011196362463,12.8872,0.4060287002299271,1.0000000000038549,13802.905398944196,13802.905398944196
情景一阈值控制,142.08050825386269,23723.754686586872,104.81032671826267,54643.342994264785,62.991508373454451,13639.298447437417,4179.2790212432046,9627.8202546940374,0,63.839778629372454,71.957422955432278,12.8872,0.40568183030393246,1.0000000000038651,13807.099275937242,13807.099275937242
情景一阈值控制,142.19170173051205,23704.646761449821,104.810326718276,54656.662595267902,62.867574761050065,13645.210705183734,4182.7205137724886,9630.1670862986812,0,63.853319316748689,71.960720823905945,12.8872,0.40520276022081247,1.0000000000038791,13812.88760007117,13812.88760007117
情景一阈值控制,142.30289520716141,23685.56994576332,104.81032671828933,54669.955747016167,62.743842923906961,13651.118100959098,4186.1620063017717,9632.5092577076321,0,63.866781320255591,71.963980476536676,12.8872,0.40472369903122352,1.0000000000038936,13818.671264009405,13818.671264009405
情景一阈值控制,142.41408868381077,23666.524188878331,104.81032671830276,54683.222492571389,62.620312533516532,13657.020642679245,4189.6034988310566,9634.8467765081168,0,63.880164641406083,71.967202136769146,12.8872,0.40424464737085486,1.0000000000039071,13824.450275339173,13824.450275339173
情景一阈值控制,142.52528216046016,23647.509440228292,104.81032671831623,54696.462874925252,62.496983261905022,13662.918338247018,4193.0449913603425,9637.1796502750076,0,63.893469281817474,71.970386028085215,12.8872,0.40376560587534405,1.0000000000039206,13830.22464163535,13830.22464163535
情景一阈值控制,142.63647563710953,23628.525649328953,104.81032671832976,54709.676936999473,62.373854781632737,13668.811195552396,4196.4864838896274,9639.5078865708401,0,63.906695243211487,71.97353237400263,12.8872,0.40328657518027522,1.0000000000039344,13835.994370460467,13835.994370460467
情景一阈值控制,142.74766911375889,23609.57276577827,104.81032671834333,54722.864721645863,62.250926765792919,13674.699222472515,4199.9279764189141,9641.8314929458465,0,63.919842527414225,71.976641398073923,12.8872,0.40280755592117534,1.000000000003948,13841.759469364761,13841.759469364761
情景一阈值控制,142.85886259040825,23590.650739256245,104.81032671835695,54736.026271646486,62.12819888801117,13680.582426871681,4203.3694689481999,9644.150476937959,0,63.932911136356168,71.979713323885179,12.8872,0.40232854873351032,1.0000000000039613,13847.519945886159,13847.519945886159
情景一阈值控制,142.97005606705764,23571.75951952481,104.8103267183706,54749.161629713752,62.005670822444358,13686.460816601404,4206.8109614774876,9646.4648460728386,0,63.945901072072168,71.98274837505484,12.8872,0.40184955425268187,1.0000000000039746,13853.275807550326,13853.275807550326
情景一阈值控制,143,23566.677452596599,104.81032671837428,54752.694455185949,61.972708640084136,13688.043020239778,4207.7377408590119,9647.0873081473328,0,63.949385761207552,71.983559428239204,12.8872,0.40172056531885403,1.0000000000039779,13854.825049006344,13854.825049006344
情景一阈值控制,143.081249543707,23552.899056427697,104.81032671838429,54762.270838490513,61.883342243780014,13692.334399500402,4210.2524540067752,9648.7746078638993,0,63.958812336701428,71.985746775232556,12.8872,0.4013705731140248,1.0000000000039875,13859.027061870675,13859.027061870675
情景一阈值控制,143.19244302035636,23534.069299890292,104.81032671839804,54775.353940550216,61.761212827235127,13698.203183394637,4213.6939465360629,9651.0797698123151,0,63.971644932487486,71.98870874809802,12.8872,0.40089160595280282,1.0000000000040004,13864.773716348378,13864.773716348378
情景一阈值控制,143.30363649700573,23515.270199919505,104.81032671841183,54788.410978396983,61.639282248555581,13704.067176097329,4217.1354390653514,9653.380339407051,0,63.984398861778232,71.991634517359671,12.8872,0.40041265340420507,1.0000000000040135,13870.515778472403,13870.515778472403
情景一阈值控制,143.41482997365509,23496.501706603634,104.81032671842567,54801.441994465735,61.517550184015136,13709.926385408973,4220.57693159464,9655.6763241248809,0,63.997074127025869,71.994524306753661,12.8872,0.39993371610334383,1.0000000000040261,13876.253255719521,13876.253255719521
情景一阈值控制,143.52602345030448,23477.763770112248,104.81032671843951,54814.447031122312,61.396016310414588,13715.780819117374,4224.0184241239303,9657.9677314304026,0,64.009670730786894,71.997378340042516,12.8872,0.39945479468524991,1.0000000000040388,13881.986155554332,13881.986155554332
情景一阈值控制,143.63721692695384,23459.056340696043,104.81032671845345,54827.426130663567,61.274680305080928,13721.63048499764,4227.4599166532207,9660.254568776063,0,64.022188675722106,72.000196841014088,12.8872,0.39897588978487009,1.0000000000040516,13887.714485429284,13887.714485429284
情景一阈值控制,143.7484104036032,23440.379368686707,104.81032671846742,54840.379335317499,61.153541845866563,13727.475390812242,4230.9014091825102,9662.5368436021727,0,64.034627964596595,72.002980033480256,12.8872,0.39849700203706373,1.0000000000040639,13893.438252784683,13893.438252784683
情景一阈值控制,143.85960388025256,23421.732804496798,104.81032671848139,54853.306687243356,61.032600611148332,13733.315544310999,4234.3429017118015,9664.8145633369331,0,64.046988600279704,72.005728141275824,12.8872,0.39801813207659875,1.0000000000040761,13899.157465048735,13899.157465048735
情景一阈值控制,143.97079735690195,23403.116598619592,104.81032671849542,54866.208228531752,60.911856279826637,13739.150953231117,4237.7843942410937,9667.0877353964515,0,64.059270585745011,72.008441388257282,12.8872,0.39753928053814858,1.0000000000040883,13904.872129637544,13904.872129637544
情景一阈值控制,144,23398.23246843123,104.81032671849911,54869.592274567374,60.880177911120796,13740.682715752553,4238.6882303390912,9667.6839834511884,0,64.062483152630648,72.009148213897149,12.8872,0.39741352332160496,1.0000000000040912,13906.372213790281,13906.372213790281
情景一阈值控制,144.08199083355132,23384.530701628999,104.81032671850953,54879.084001204748,60.79130853132483,13744.9816252972,4241.2258867703858,9669.3563671847551,0,64.071473924070375,72.011119998301638,12.8872,0.39706044805628948,1.0000000000041005,13910.582253955141,13910.582253955141
情景一阈值控制,144.19318431020068,23365.975064179358,104.81032671852367,54891.934047216033,60.670957045588047,13750.807568221282,4244.667379299678,9671.620466093822,0,64.083598618437804,72.013764195305257,12.8872,0.39658163526549639,1.0000000000041123,13916.287845393501,13916.287845393501
情景一阈值控制,144.30437778685004,23347.449637005382,104.81032671853788,54904.758408450936,60.550801503082518,13756.628789702841,4248.1088718289702,9673.880039503596,0,64.095644672133574,72.016374203182593,12.8872,0.39610284280013941,1.0000000000041243,13921.988911332566,13921.988911332566
情景一阈值控制,144.41557126349943,23328.954370921965,104.81032671855209,54917.557126726657,60.430841584794749,13762.445297428818,4251.5503643582642,9676.1350947820047,0,64.107612088548095,72.018950245865142,12.8872,0.39562407129448141,1.0000000000041358,13927.68545914027,13927.68545914027
情景一阈值控制,144.52676474014879,23310.489216824099,104.81032671856632,54930.330243792247,60.31107697223068,13768.257099073633,4254.9918568875582,9678.3856392849757,0,64.119500871175958,72.021492547300099,12.8872,0.39514532138267366,1.0000000000041473,13933.377496172534,13933.377496172534
情景一阈值控制,144.63795821679815,23292.054125686722,104.81032671858061,54943.077801328844,60.191507347414664,13774.064202299218,4258.4333494168532,9680.6316803564678,0,64.131311023615908,72.024001331449298,12.8872,0.39466659369875301,1.0000000000041589,13939.065029773321,13939.065029773321
情景一阈值控制,144.74915169344752,23273.649048564574,104.81032671859494,54955.799840949694,60.072132392888776,13779.866614755036,4261.8748419461481,9682.8732253284761,0,64.143042549570822,72.026476822287975,12.8872,0.39418788887663858,1.0000000000041704,13944.748067274624,13944.748067274624
情景一阈值控制,144.86034517009688,23255.27393659209,104.8103267186093,54968.49640420029,59.952951791712032,13785.664344078083,4265.316334475443,9685.110281521067,0,64.154695452847662,72.028919243803571,12.8872,0.39370920755012795,1.0000000000041815,13950.42661599651,13950.42661599651
情景一阈值控制,144.97153864674627,23236.928740983269,104.81032671862371,54981.167532558502,59.833965227459338,13791.457397892929,4268.7578270047397,9687.3428562423778,0,64.16626973735751,72.03132881999457,12.8872,0.39323055035289423,1.0000000000041929,13956.100683247118,13956.100683247118
情景一阈值控制,145,23232.237862864578,104.81032671862742,54984.40678206415,59.803540287732702,13792.939451445694,4269.6387198192106,9687.9135920409517,0,64.16921968275993,72.031940328520577,12.8872,0.3931080360453495,1.0000000000041958,13957.552311860163,13957.552311860163
情景一阈值控制,145.08273212339563,23218.61341303154,104.81032671863819,54993.813267434656,59.715172384220892,13797.24578381173,4272.1993195340374,9689.5709567886588,0,64.177765407115459,72.033705774869318,12.8872,0.39275191791848296,1.000000000004204,13961.770276322695,13961.770276322695
情景一阈值控制,145.19392560004499,23200.327904109618,104.81032671865266,55006.433650171668,59.596572946601086,13803.029509434247,4275.6408120633341,9691.7945904442749,0,64.189182466240723,72.036050332444802,12.8872,0.39227331088030792,1.0000000000042149,13967.43540250761,13967.43540250761
情景一阈值控制,145.30511907669435,23182.07216566939,104.81032671866718,55019.028722045136,59.478166599717945,13808.808582347872,4279.0823045926318,9694.0137644817314,0,64.200520918956471,72.038362716745524,12.8872,0.39179472987164832,1.0000000000042255,13973.096069074363,13973.096069074363
情景一阈值控制,145.41631255334374,23163.846149241788,104.81032671868176,55031.598524263478,59.359953029202003,13814.583010127637,4282.5237971219303,9696.228486161699,0,64.211780769589907,72.040643151802257,12.8872,0.39131617552564535,1.0000000000042362,13978.752283283629,13978.752283283629
情景一阈值控制,145.52750602999311,23145.649806436664,104.81032671869639,55044.143097967986,59.241931921195757,13820.352800336246,4285.965289651228,9698.4387627330161,0,64.222962022572219,72.042891861650929,12.8872,0.39083764847529912,1.0000000000042468,13984.404052384245,13984.404052384245
情景一阈值控制,145.63869950664247,23127.483088942641,104.81032671871102,55056.662484232991,59.124102962352623,13826.11796052409,4289.4067821805274,9700.6446014327321,0,64.234064682438543,72.04510907033135,12.8872,0.39035914935346516,1.0000000000042573,13990.05138361326,13990.05138361326
情景一阈值控制,145.74989298329183,23109.345948527,104.81032671872568,55069.156724065964,59.00646583983616,13831.878498229265,4292.8482747098269,9702.8460094861057,0,64.245088753827943,72.047295001886127,12.8872,0.38988067879285049,1.0000000000042675,13995.694284195932,13995.694284195932
情景一阈值控制,145.86108645994122,23091.238337035549,104.81032671874036,55081.625858407577,58.889020241319251,13837.634420977598,4296.2897672391282,9705.0429941066359,0,64.256034241483377,72.049449880359418,12.8872,0.38940223742601077,1.0000000000042777,14001.332761345764,14001.332761345764
情景一阈值控制,145.97227993659058,23073.160206392509,104.81032671875508,55094.069928131881,58.77176585498335,13843.38573628266,4299.7312597684286,9707.2355624960746,0,64.266901150251698,72.051573929795751,12.8872,0.3889238258853478,1.0000000000042881,14006.966822264503,14006.966822264503
情景一阈值控制,146,23068.657990102194,104.81032671875877,55097.168283730702,58.742564572024634,13844.818798257111,4300.5892092993718,9707.781473656627,0,64.269597988751798,72.052098671732693,12.8872,0.38880456463023116,1.0000000000042903,14008.370682956,14008.370682956
情景一阈值控制,146.08347341323994,23055.111508600352,104.81032671876986,55106.48897404637,58.654702369517537,13849.132451645786,4303.1727522977299,9709.4237218444505,0,64.277689485083613,72.05366737423887,12.8872,0.3884454448031045,1.0000000000042981,14012.596474142181,14012.596474142181
情景一阈值控制,146.19466688988931,23037.0921957397,104.81032671878468,55118.883036892075,58.537829474117693,13854.87457455611,4306.6142448270311,9711.607479330085,0,64.288399251033667,72.055730437730546,12.8872,0.38796709481136282,1.0000000000043077,14018.221724157116,14018.221724157116
情景一阈值控制,146.3058603665387,23019.102219969202,104.81032671879954,55131.252157343748,58.421146858485706,13860.61211249056,4310.0557373563342,9713.7868421196181,0,64.299030453260187,72.057763344309379,12.8872,0.3874887765420395,1.0000000000043177,14023.842579475953,14023.842579475953
情景一阈值控制,146.41705384318806,23001.141533525391,104.81032671881441,55143.59637600986,58.304654212828801,13866.345072913899,4313.4972298856364,9715.9618173680101,0,64.30958309702531,72.059766318009636,12.8872,0.3870104906268842,1.000000000004327,14029.459047253647,14029.459047253647
情景一阈值控制,146.52824731983742,22983.210088722561,104.81032671882933,55155.915733432819,58.18835122785844,13872.073463278733,4316.9387224149395,9718.1324122185852,0,64.320057187694857,72.061739582860056,12.8872,0.38653223769747447,1.0000000000043363,14035.071134633525,14035.071134633525
情景一阈值控制,146.63944079648678,22965.307837952645,104.81032671884425,55168.210270088981,58.072237594789655,13877.797291025534,4320.3802149442436,9720.2986338030296,0,64.330452730738443,72.063683362882685,12.8872,0.38605401838521336,1.0000000000043459,14040.678848747273,14040.678848747273
情景一阈值控制,146.75063427313614,22947.434733685088,104.8103267188592,55180.480026388846,57.956313005340206,13883.516563582663,4323.8217074735476,9722.4604892414191,0,64.34076973172931,72.06559788209168,12.8872,0.38557583332132594,1.000000000004355,14046.282196714967,14046.282196714967
情景一阈值控制,146.86182774978553,22929.590728466708,104.81032671887422,55192.725042677092,57.840577151729811,13889.231288366387,4327.2632000028534,9724.6179856422423,0,64.351008196344409,72.067483364492134,12.8872,0.38509768313685566,1.0000000000043643,14051.881185645096,14051.881185645096
情景一阈值控制,146.97302122643489,22911.775774921603,104.81032671888924,55204.945359232734,57.725029726679253,13894.941472780896,4330.7046925321592,9726.7711301024083,0,64.361168130364305,72.06934003407892,12.8872,0.38461956846266221,1.0000000000043734,14057.475822634568,14057.475822634568
情景一阈值控制,147,22907.457722891031,104.81032671889291,55207.906644757575,57.697022929350076,13896.326246083954,4331.5396987795748,9727.2928903607244,0,64.363621388300885,72.069786197895041,12.8872,0.38450356935206043,1.0000000000043754,14058.8325891403,14058.8325891403
情景一阈值控制,147.08421470308426,22893.989825750985,104.81032671890432,55217.141016269175,57.609670423409597,13900.647124218323,4334.1461850614651,9728.9199297072773,0,64.37124953967313,72.071168114835459,12.8872,0.38414148992941644,1.0000000000043823,14063.066114768742,14063.066114768742
情景一阈值控制,147.19540817973362,22876.23283373308,104.81032671891941,55229.312053934387,57.494498935641332,13906.348250058776,4337.5876775907709,9731.06439153067,0,64.381252430258627,72.072967830732594,12.8872,0.38366344816759801,1.0000000000043909,14068.652069121441,14068.652069121441
情景一阈值控制,147.30660165638301,22858.504751722987,104.81032671893453,55241.458512310943,57.379514957593685,13912.044857670338,4341.0291701200786,9733.204522634891,0,64.391176808212066,72.074739405727385,12.8872,0.38318544380749209,1.0000000000043998,14074.23369275497,14074.23369275497
情景一阈值控制,147.41779513303237,22840.805532652579,104.81032671894968,55253.580431416187,57.264718183983675,13917.736954409098,4344.4706626493862,9735.3403300707469,0,64.401022679728214,72.07648306376197,12.8872,0.38270747747918621,1.0000000000044085,14079.810992720133,14079.810992720133
情景一阈值控制,147.52898860968173,22823.135129530339,104.81032671896486,55265.677851202301,57.150108310025317,13923.42454761917,4347.9121551786939,9737.4718208775685,0,64.410790051105309,72.078199028762327,12.8872,0.38222954981256652,1.0000000000044165,14085.383976056262,14085.383976056262
情景一阈值控制,147.64018208633109,22805.493495441275,104.81032671898006,55277.750811556405,57.035685031428876,13929.10764463271,4351.3536477080024,9739.5990020832196,0,64.420478928745027,72.079887524637144,12.8872,0.38175166143731432,1.0000000000044249,14090.952649791223,14090.952649791223
情景一阈值控制,147.75137556298048,22787.880583546761,104.81032671899531,55289.799352300703,56.921448044400016,13934.78625276994,4354.7951402373128,9741.7218807041263,0,64.430089319152472,72.081548775276616,12.8872,0.38127381298290353,1.0000000000044327,14096.517020941439,14096.517020941439
情景一阈值控制,147.86256903962985,22770.296347084444,104.81032671901058,55301.823513192547,56.807397045639085,13940.460379339162,4358.2366327666214,9743.8404637452913,0,64.439621228936076,72.083183004551287,12.8872,0.38079600507859623,1.0000000000044413,14102.077096511912,14102.077096511912
情景一阈值控制,147.97376251627921,22752.740739368091,104.81032671902585,55313.823333924571,56.693531732340084,13946.130031636774,4361.6781252959317,9745.9547582003106,0,64.44907466480764,72.084790436310882,12.8872,0.38031823835344125,1.0000000000044489,14107.632883496242,14107.632883496242
情景一阈值控制,148,22748.602444976139,104.81032671902948,55316.651295884709,56.666690839385744,13947.467204961538,4362.4901882598215,9746.4530276682344,0,64.451293878218138,72.085165846529648,12.8872,0.38020550942579634,1.0000000000044509,14108.943215928055,14108.943215928055
情景一阈值控制,148.08495599292857,22735.213713787485,104.81032671904119,55325.798854124776,56.579851802190163,13951.795216947303,4365.1196178252421,9748.0647710513949,0,64.458449633582262,72.086371294383113,12.8872,0.37984051343626857,1.0000000000044567,14113.184388876638,14113.184388876638
情景一阈值控制,148.19614946957793,22717.715223808296,104.81032671905653,55337.750113356662,56.466356953368532,13957.455942543413,4368.5611103545534,9750.1705092693865,0,64.467746142178271,72.087925802572528,12.8872,0.37936283095568746,1.0000000000044644,14118.731619623941,14118.731619623941
情景一阈值控制,148.30734294622732,22700.245222971946,104.81032671907192,55349.677151119307,56.353046884545826,13963.112215685926,4372.0026028838656,9752.2719798137805,0,64.476964197617278,72.089454184659289,12.8872,0.37888519154008271,1.0000000000044722,14124.274582697646,14124.274582697646
情景一阈值控制,148.41853642287668,22682.803664895513,104.81032671908734,55361.580006847471,56.239921294883395,13968.764043623843,4375.4440954131778,9754.36918963274,0,64.486103807024037,72.090956664398092,12.8872,0.37840759581761241,1.0000000000044795,14129.813285045919,14129.813285045919
情景一阈值控制,148.52972989952605,22665.390503271577,104.81032671910278,55373.458719911716,56.126979884032259,13974.411433594367,4378.8855879424909,9756.4621456631139,0,64.495164977626473,72.092433465516891,12.8872,0.37793004441620226,1.0000000000044871,14135.347733605606,14135.347733605606
情景一阈值控制,148.64092337617541,22648.005691868115,104.81032671911822,55385.313329618519,56.014222352132428,13980.054392822911,4382.327080471804,9758.5508548304606,0,64.504147716755625,72.093884811715796,12.8872,0.37745253796354505,1.0000000000044942,14140.877935302266,14140.877935302266
情景一阈值控制,148.7521168528248,22630.649184528374,104.81032671913371,55397.143875210342,55.901648399812117,13985.692928523133,4385.768573001119,9760.6353240490644,0,64.513052031845618,72.09531092666586,12.8872,0.37697507708709521,1.0000000000045013,14146.403897050182,14146.403897050182
情景一阈值控制,148.86331032947416,22613.320935170748,104.8103267191492,55408.950395865766,55.789257728187053,13991.327047896939,4389.210065530433,9762.7155602219445,0,64.521877930433575,72.096712034007979,12.8872,0.37649766241406701,1.0000000000045082,14151.925625752378,14151.925625752378
情景一阈值控制,148.97450380612352,22596.020897788661,104.81032671916473,55420.732930699596,55.677050038859448,13996.956758134511,4392.6515580597479,9764.79157024089,0,64.530625420159666,72.098088357351628,12.8872,0.37602029457143016,1.0000000000045151,14157.443128300638,14157.443128300638
情景一阈值控制,149,22592.058043667163,104.81032671916829,55423.431239721453,55.651347047918151,13998.247006225092,4393.4406777401091,9765.2669956601731,0,64.532620132719202,72.098400472927025,12.8872,0.37591084280999132,1.0000000000045164,14158.707673400282,14158.707673400282
情景一阈值控制,149.08569728277288,22578.749026450434,104.81032671918028,55432.491518762938,55.565025033917372,14002.582066414328,4396.0930505890628,9766.8633609864646,0,64.539294508766986,72.099440120273755,12.8872,0.37554297418590754,1.0000000000045219,14162.956411575527,14162.956411575527
情景一阈值控制,149.19689075942227,22561.505275299158,104.81032671919584,55444.226199043325,55.453182415933902,14008.202979903182,4399.5345431183796,9768.9309393280346,0,64.547885204101547,72.100767546317599,12.8872,0.37506570188397104,1.0000000000045284,14168.465482446414,14168.465482446414
情景一阈值控制,149.30808423607164,22544.289598552612,104.81032671921143,55455.937010464819,55.341521887966465,14013.81950575619,4402.9760356476954,9770.9943121237757,0,64.556397514112248,72.102070858991524,12.8872,0.37458847829183906,1.0000000000045348,14173.970347771472,14173.970347771472
情景一阈值控制,149.419277712721,22527.101950503089,104.81032671922706,55467.623991888089,55.230043153555805,14019.431651116829,4406.4175281770131,9773.0534862207023,0,64.564831446850803,72.103350281767845,12.8872,0.37411130403547233,1.0000000000045413,14179.471014397715,14179.471014397715
情景一阈值控制,149.53047118937036,22509.942285517311,104.8103267192427,55479.287182110573,55.118745916725338,14025.039423116941,4409.8590207063307,9775.1084684546804,0,64.573187010471727,72.10460603808167,12.8872,0.37363417974057189,1.0000000000045477,14184.967489161012,14184.967489161012
情景一阈值控制,149.64166466601975,22492.810558036275,104.81032671925837,55490.926619866521,55.007629881980435,14030.642828876757,4413.3005132356493,9777.1592656504472,0,64.581464213232294,72.105838351329751,12.8872,0.37315710603257457,1.0000000000045535,14190.459778886096,14190.459778886096
情景一阈值控制,149.75285814266911,22475.706722575182,104.81032671927406,55502.542343827117,54.896694754307546,14036.241875504911,4416.7420057649679,9779.2058846216278,0,64.589663063492438,72.107047444869252,12.8872,0.3726800835366505,1.0000000000045597,14195.947890386597,14195.947890386597
情景一阈值控制,149.86405161931847,22458.630733723268,104.81032671928975,55514.134392600594,54.785940239173378,14041.836570098474,4420.1834982942873,9781.2483321707532,0,64.597783569714792,72.108233542016706,12.8872,0.37220311287769969,1.0000000000045657,14201.431830465041,14201.431830465041
情景一阈值控制,149.97524509596784,22441.582546143702,104.81032671930546,55525.702804732311,54.675366042524168,14047.426919742955,4423.6249908236059,9783.2866150892787,0,64.605825740464581,72.109396866046708,12.8872,0.37172619468034884,1.0000000000045715,14206.911605912885,14206.911605912885
情景一阈值控制,150,22437.790902512963,104.81032671930897,55528.275056974569,54.650773519331182,14048.670903654618,4424.3911672204413,9783.7398300809182,0,64.607605501424899,72.109652779002602,12.8872,0.37162002601237842,1.0000000000045726,14208.130997301359,14208.130997301359
情景一阈值控制,150.0864385726172,22424.562114573469,104.81032671932121,55537.247618704889,54.564971870784966,14053.012931512327,4427.0664833529272,9785.3207401576074,0,64.613789584409631,72.110537640190884,12.8872,0.37124932956894763,1.0000000000045768,14212.387223510534,14212.387223510534
情景一阈值控制,150.19763204926659,22407.569393823247,104.81032671933698,55548.768872938293,54.454757430858692,14058.594612469049,4430.5079758822485,9787.3507141450991,0,64.62167511032024,72.111656087636646,12.8872,0.37077251816756562,1.0000000000045828,14217.858690027348,14217.858690027348
情景一阈值控制,150.30882552591595,22390.604338777288,104.81032671935277,55560.266605789941,54.344722430125557,14064.171969664081,4433.9494684115698,9789.3765438100927,0,64.629482327069226,72.112752431526076,12.8872,0.37029576109999041,1.0000000000045881,14223.326012221663,14223.326012221663
情景一阈值控制,150.42001900256531,22373.666904393289,104.81032671936856,55571.740855554788,54.234866576442116,14069.7450101369,4437.390960940892,9791.3982358999219,0,64.63721124363181,72.113826894954727,12.8872,0.36981905898972189,1.0000000000045934,14228.789196840815,14228.789196840815
情景一阈值控制,150.53121247921467,22356.757045702292,104.81032671938436,55583.191660465447,54.125189578140599,14075.313740915526,4440.8324534702133,9793.4157971509412,0,64.644861869085631,72.114879700970519,12.8872,0.3693424124599709,1.0000000000045988,14234.248250621155,14234.248250621155
情景一阈值控制,150.64240595586406,22339.874717808536,104.81032671940022,55594.619058692289,54.015691144028033,14080.87816901654,4444.2739459995382,9795.4292342885328,0,64.652434212610601,72.115911072572516,12.8872,0.36886582213365549,1.0000000000046034,14239.70318028807,14239.70318028807
情景一阈值控制,150.75359943251343,22323.019875889371,104.81032671941608,55606.023088343522,53.906370983385614,14086.438301445087,4447.7154385288613,9797.4385540271323,0,64.659928283488995,72.116921232709814,12.8872,0.36838928863339737,1.0000000000046088,14245.153992555994,14245.153992555994
情景一阈值控制,150.86479290916279,22306.192475195116,104.81032671943194,55617.403787465351,53.797228805967826,14091.994145194922,4451.1569310581854,9799.4437630702378,0,64.66734409110525,72.117910404280408,12.8872,0.3679128125815192,1.0000000000046134,14250.600694128423,14250.600694128423
情景一阈值控制,150.97598638581215,22289.392471048941,104.81032671944783,55628.761194041996,53.688264322001679,14097.545707248401,4454.5984235875094,9801.4448681104423,0,64.674681644946062,72.118878810129942,12.8872,0.36743639460004052,1.0000000000046181,14256.043291697952,14256.043291697952
情景一阈值控制,151,22285.767894082801,104.81032671945127,55631.210912585673,53.664755389785086,14098.744074603075,4455.3416567008171,9801.876493419597,0,64.676256007075423,72.11908524446379,12.8872,0.3673335138967746,1.0000000000046192,14257.218150120414,14257.218150120414
情景一阈值控制,151.08717986246154,22272.619818846757,104.81032671946373,55640.095345995862,53.579477242185938,14103.092994576518,4458.0399161168352,9803.441875829436,0,64.681940954600194,72.119826673050667,12.8872,0.36696003531067578,1.0000000000046227,14261.481791946271,14261.481791946271
情景一阈值控制,151.1983733391109,22255.874474057106,104.81032671947966,55651.406281187592,53.470867277690466,14108.636014138921,4461.4814086461602,9805.4347928980333,0,64.689122029758579,72.120754215780224,12.8872,0.36648373533483036,1.000000000004627,14266.916201544194,14266.916201544194
情景一阈值控制,151.30956681576026,22239.156392221015,104.81032671949559,55662.6940374162,53.362434140155329,14114.17477288392,4464.9229011754869,9807.4236259761874,0,64.696224880214103,72.121661661000473,12.8872,0.36600749529359689,1.0000000000046314,14272.346527151674,14272.346527151674
情景一阈值控制,151.42076029240962,22222.465528951903,104.81032671951155,55673.958652419162,53.254177541690012,14119.709277748516,4468.3643937048128,9809.4083817130067,0,64.703249515861685,72.122549231336436,12.8872,0.36553131580775311,1.0000000000046358,14277.77277541782,14277.77277541782
情景一阈值控制,151.53195376905899,22205.801839935455,104.81032671952754,55685.20016387252,53.146097194872745,14125.239535658415,4471.8058862341404,9811.3890667467767,0,64.710195946698178,72.123417149355021,12.8872,0.36505519749775817,1.0000000000046398,14283.194952980917,14283.194952980917
情景一阈值控制,151.64314724570838,22189.16528092949,104.81032671954348,55696.418609390945,53.038192812749749,14130.76555352805,4475.247378763469,9813.3656877049762,0,64.717064182822313,72.12426563756398,12.8872,0.36457914098374877,1.0000000000046438,14288.613066468446,14288.613066468446
情景一阈值控制,151.75434072235774,22172.555807763878,104.81032671955947,55707.61402652791,52.9304641088344,14136.287338260592,4478.6888712927966,9815.3382512042917,0,64.723854234434611,72.125094918410696,12.8872,0.36410314688553747,1.0000000000046481,14294.027122497089,14294.027122497089
情景一阈值控制,151.8655341990071,22155.973376340393,104.81032671957549,55718.786452775727,52.822910797106509,14141.804896747979,4482.1303638221261,9817.3067638506363,0,64.730566111837433,72.125905214281062,12.8872,0.36362721582260837,1.0000000000046516,14299.437127672762,14299.437127672762
情景一阈值控制,151.97672767565646,22139.417942632605,104.81032671959152,55729.935925565653,52.715532592011492,14147.31823587092,4485.5718563514547,9819.271232239169,0,64.7371998254348,72.126696747498315,12.8872,0.36315134841411367,1.0000000000046552,14304.843088590624,14304.843088590624
情景一阈值控制,152,22135.956372852517,104.81032671959485,55732.266561779397,52.693080921076302,14148.471621108189,4486.2921461812348,9819.6818759757261,0,64.738578342960352,72.126860058349166,12.8872,0.36305175949147128,1.0000000000046561,14305.974022156961,14305.974022156961
情景一阈值控制,152.08792115230585,22122.889462685755,104.81032671960752,55741.062482268033,52.608329208459779,14152.827362498931,4489.013348880786,9821.2316629543147,0,64.743755385732413,72.127469740321942,12.8872,0.36267554527887136,1.0000000000046587,14310.245011835101,14310.245011835101
情景一阈值控制,152.19911462895521,22106.387892616658,104.81032671962355,55752.166160192341,52.501300361825898,14158.332283490336,4492.4548414101155,9823.1880625697704,0,64.750232803337624,72.128224414946459,12.8872,0.36219980703536159,1.0000000000046623,14315.642903979886,14315.642903979886
情景一阈值控制,152.31030810560458,22089.913188613573,104.81032671963958,55763.246996587317,52.394445767947779,14163.833005692299,4495.8963339394468,9825.1404376485389,0,64.756632088959279,72.128960993500314,12.8872,0.3617241343017239,1.0000000000046656,14321.036771587986,14321.036771587986
情景一阈值控制,152.42150158225394,22073.465306936087,104.81032671965565,55774.30502864108,52.287765143125952,14169.329535940829,4499.337826468779,9827.0887947429328,0,64.762953253407744,72.129679698044754,12.8872,0.36124852769575311,1.0000000000046685,14326.426621211711,14326.426621211711
情景一阈值控制,152.53269505890333,22057.044203914989,104.81032671967172,55785.340293481175,52.181258204122877,14174.821881060816,4502.7793189981112,9829.0331403946002,0,64.769196307594868,72.13038075057267,12.8872,0.36077298783489697,1.0000000000046716,14331.812459392711,14331.812459392711
情景一阈值控制,152.64388853555269,22040.64983595219,104.81032671968781,55796.352828174706,52.074924668162204,14180.310047866025,4506.2208115274443,9830.9734811345315,0,64.775361262533806,72.131064373007419,12.8872,0.36029751533625298,1.0000000000046745,14337.194292661976,14337.194292661976
情景一阈值控制,152.75508201220205,22024.282159520568,104.81032671970389,55807.342669728445,51.968764252927855,14185.794043159141,4509.6623040567765,9832.9098234830944,0,64.781448129339097,72.131730787201775,12.8872,0.35982211081656468,1.0000000000046778,14342.572127539872,14342.572127539872
情景一阈值控制,152.86627548885141,22007.941131163854,104.81032671972001,55818.309855088883,51.862776676563499,14191.273873731765,4513.1037965861105,9834.8421739500372,0,64.787456919226543,72.132380214936674,12.8872,0.35934677489221922,1.0000000000046803,14347.945970536148,14347.945970536148
情景一阈值控制,152.97746896550078,21991.626707496558,104.81032671973612,55829.254421142374,51.756961657671589,14196.749546364441,4516.5452891154446,9836.7705390345036,0,64.7933876435131,72.133012877920194,12.8872,0.35887150817924329,1.0000000000046829,14353.315828149949,14353.315828149949
情景一阈值控制,153,21988.32416819422,104.81032671973939,55831.469356023597,51.735541455168899,14197.858570988054,4517.242635661697,9837.1607969093657,0,64.794579870066926,72.133139051000413,12.8872,0.35877521379928512,1.0000000000046834,14354.403432571064,14354.403432571064
情景一阈值控制,153.08866244215017,21975.338845203798,104.81032671975225,55840.176404715225,51.651318915312764,14202.22106782668,4519.9867816447795,9838.6949252250633,0,64.799240313616963,72.133628997786346,12.8872,0.35839631129330063,1.0000000000046854,14358.681706869844,14358.681706869844
情景一阈值控制,153.19985591879953,21959.07750104124,104.81032671976838,55851.075842573795,51.545848169005112,14207.688444876963,4523.4282741741154,9840.6153389997198,0,64.805014941057337,72.134228796093936,12.8872,0.35792118484968916,1.0000000000046878,14364.043613173835,14364.043613173835
情景一阈值控制,153.31104939544889,21942.842631834937,104.81032671978451,55861.952771424556,51.440549138723334,14213.151684262773,4526.8697667034512,9842.5317868259317,0,64.81071153745448,72.134812494325473,12.8872,0.35744612946333676,1.00000000000469,14369.401553529384,14369.401553529384
情景一阈值控制,153.42224287209825,21926.634194481234,104.81032671980066,55872.807227914229,51.33542154489799,14218.61079272061,4530.311259232788,9844.4442751606221,0,64.816330114529663,72.135380313886031,12.8872,0.35697114574879896,1.0000000000046922,14374.755534393411,14374.755534393411
情景一阈值控制,153.53343634874764,21910.452145946652,104.81032671981677,55883.639248629886,51.230465108414826,14224.065776976,4533.7527517621256,9846.3528104502057,0,64.821870684104979,72.135932476102099,12.8872,0.35649623432025579,1.0000000000046942,14380.105562212331,14380.105562212331
情景一阈值控制,153.644629825397,21894.296443267791,104.81032671983294,55894.448870099011,51.125679550614059,14229.516643743524,4537.1942442914624,9848.2573991306053,0,64.827333258103451,72.136469202220439,12.8872,0.35602139579150871,1.000000000004696,14385.451643422068,14385.451643422068
情景一阈值控制,153.75582330204637,21878.167043551181,104.8103267198491,55905.236128789635,51.021064593289559,14234.963399726823,4540.6357368208,9850.1580476272593,0,64.83271784854881,72.136990713406988,12.8872,0.35554663077597637,1.000000000004698,14390.793784448058,14390.793784448058
情景一阈值控制,153.86701677869573,21862.06390397319,104.81032671986527,55916.001061110393,50.916619958688123,14240.406051618633,4544.0772293501386,9852.0547623551465,0,64.838024467565575,72.137497230745723,12.8872,0.35507193988669328,1.0000000000046994,14396.131991705286,14396.131991705286
情景一阈值控制,153.97821025534512,21845.986981779912,104.81032671988146,55926.743703410677,50.812345369508741,14245.844606100794,4547.518721879479,9853.9475497188032,0,64.843253127378858,72.137988975237519,12.8872,0.35459732373630493,1.0000000000047011,14401.466271598281,14401.466271598281
情景一阈值控制,154,21842.839577467937,104.81032671988463,55928.846248902744,50.791931369386909,14246.909878920815,4548.1931251422038,9854.3180052759835,0,64.844268613949041,72.138083626527575,12.8872,0.35450432560943446,1.0000000000047014,14402.511130418188,14402.511130418188
情景一阈值控制,154.08940373199448,21829.936234287048,104.81032671989763,55937.464091980662,50.708240548901998,14251.27906984426,4550.9602144088185,9855.8364161123409,0,64.848403840314404,72.138466167799038,12.8872,0.35412278293706623,1.0000000000047025,14406.796630521159,14406.796630521159
情景一阈值控制,154.20059720864384,21813.911618879789,104.81032671991383,55948.162263051468,50.604305220469058,14256.70944950913,4554.4017069381589,9857.721367919452,0,64.853476618798481,72.138929029261618,12.8872,0.35364831810083741,1.0000000000047038,14412.123074857611,14412.123074857611
情景一阈值控制,154.3117906852932,21797.91309301271,104.81032671992999,55958.838252795213,50.500539108261165,14262.135751744656,4557.8431994674993,9859.602411513446,0,64.858471475357803,72.139377780370111,12.8872,0.35317392983908102,1.0000000000047049,14417.445610980945,14417.445610980945
情景一阈值控制,154.42298416194259,21781.940614209645,104.81032671994619,55969.492097325136,50.396941936778788,14267.557983189268,4561.2846919968406,9861.4795532572498,0,64.863388422619465,72.139812641781802,12.8872,0.35269961876285894,1.0000000000047062,14422.764245254089,14422.764245254089
情景一阈值控制,154.53417763859196,21765.994140063598,104.81032671996239,55980.123832695659,50.293513430971039,14272.976150470584,4564.7261845261819,9863.352799503431,0,64.868227473310952,72.14023383406527,12.8872,0.35222538548282989,1.0000000000047069,14428.078984029613,14428.078984029613
情景一阈值控制,154.64537111524132,21750.073628236609,104.81032671997858,55990.733494902517,50.190253316234731,14278.390260205433,4568.167677055525,9865.22215659422,0,64.872988640259948,72.140641577699256,12.8872,0.35175123060924485,1.0000000000047082,14433.389833649744,14433.389833649744
情景一阈值控制,154.75656459189068,21734.179036459642,104.81032671999479,56001.32111988285,50.087161318413763,14283.800318999874,4571.6091695848672,9867.0876308615134,0,64.877671936394378,72.141036093071577,12.8872,0.35127715475194599,1.0000000000047087,14438.696800446382,14438.696800446382
情景一阈值控制,154.86775806854004,21718.310322532481,104.81032672001101,56011.886743515272,49.984237163798468,14289.206333449209,4575.0506621142104,9868.9492286269051,0,64.882277374742273,72.141417600478007,12.8872,0.35080315852036159,1.0000000000047093,14443.999890741115,14443.999890741115
情景一阈值控制,154.97895154518943,21702.467444323625,104.81032672002721,56022.430401619989,49.881480579124684,14294.608310138003,4578.4921546435553,9870.8069562016972,0,64.886804968431719,72.141786320121128,12.8872,0.35032924252350395,1.00000000000471,14449.299110845252,14449.299110845252
情景一阈值控制,155,21699.471359213781,104.81032672003028,56024.423801906072,49.862048032259082,14295.630427508633,4579.1436146227525,9871.1581810462685,0,64.887653261319798,72.141854695826481,12.8872,0.35023954131140733,1.00000000000471,14450.30179566902,14450.30179566902
情景一阈值控制,155.09014502183879,21686.650359770163,104.81032672004341,56032.952129958896,49.77889129157326,14300.006255640095,4581.9336471728993,9872.6608198869108,0,64.891254730690832,72.142142472109256,12.8872,0.34985540736996712,1.0000000000047102,14454.594467059811,14454.594467059811
情景一阈值控制,155.20133849848816,21670.859026877657,104.81032672005961,56043.451964235661,49.676469028769141,14305.400176518631,4585.3751397022443,9874.5108259733115,0,64.89562667484762,72.142486276455287,12.8872,0.34938165366792173,1.0000000000047105,14459.885965675556,14459.885965675556
情景一阈值控制,155.31253197513752,21655.09340372005,104.81032672007582,56053.929940095797,49.574213518780816,14310.790079326061,4588.8166322315901,9876.3569807414242,0,64.899920814329931,72.142817953075635,12.8872,0.34890798202511375,1.0000000000047107,14465.173612973014,14465.173612973014
情景一阈值控制,155.42372545178691,21639.353448439535,104.81032672009205,56064.386093126843,49.472124490119363,14316.175970604178,4592.2581247609369,9878.1992904615508,0,64.90413716266545,72.143137721789103,12.8872,0.34843439304886048,1.0000000000047111,14470.457415222489,14470.457415222489
情景一阈值控制,155.53491892843627,21623.639119246473,104.81032672010828,56074.820458858347,49.370201671738002,14321.557856884117,4595.6996172902827,9880.0377613937762,0,64.908275733481531,72.143445802315739,12.8872,0.34796088734604858,1.0000000000047111,14475.737378684058,14475.737378684058
情景一阈值控制,155.64611240508563,21607.950374419233,104.81032672012449,56085.233072762014,49.268444793031186,14326.935744686376,4599.1411098196304,9881.8723997879988,0,64.912336540505166,72.143742414275806,12.8872,0.34748746552312959,1.0000000000047107,14481.01350960763,14481.01350960763
情景一阈值控制,155.75730588173499,21592.287172304139,104.81032672014069,56095.623970251814,49.166853583833912,14332.309640520851,4602.5826023489772,9883.7032118839452,0,64.916319597562961,72.144027777188612,12.8872,0.34701412818611732,1.0000000000047107,14486.285814232922,14486.285814232922
情景一阈值控制,155.86849935838438,21576.649471315308,104.81032672015689,56105.993186684071,49.065427774421067,14337.679550886829,4606.0240948783267,9885.5302039111739,0,64.920224918580956,72.144302110471401,12.8872,0.34654087594058558,1.0000000000047102,14491.554298789501,14491.554298789501
情景一阈值控制,155.97969283503375,21561.037229934584,104.81032672017308,56116.34075735751,48.964167095506674,14343.045482273012,4609.4655874076752,9887.3533820891116,0,64.924052517584698,72.144565633438319,12.8872,0.34606770939166454,1.0000000000047098,14496.818969496788,14496.818969496788
情景一阈值控制,156,21558.188726443117,104.81032672017604,56118.228190131296,48.94569176000541,14344.025028326188,4610.0941041033448,9887.6859361111201,0,64.924743156370639,72.144612610206693,12.8872,0.3459813047109831,1.0000000000047098,14497.780040214464,14497.780040214464
情景一阈值控制,156.09088631168311,21545.450406711385,104.81032672018928,56126.666717513421,48.86307127824319,14348.407441157544,4612.9070799370247,9889.1727526270497,0,64.927802408698994,72.144818565299275,12.8872,0.34559462914403749,1.0000000000047091,14502.079832564075,14502.079832564075
情景一阈值控制,156.20207978833247,21529.888960262633,104.8103267202055,56136.971102335701,48.762140054220737,14353.765434008028,4616.3485724663742,9890.988321724175,0,64.931474606148015,72.14506112515879,12.8872,0.34512163580193811,1.0000000000047087,14507.33689419055,14507.33689419055
情景一阈值控制,156.31327326498183,21514.352849272611,104.81032672022172,56147.253946950957,48.66137315546645,14359.119467281525,4619.7900649957246,9892.8000955695843,0,64.935069124255079,72.145293532014989,12.8872,0.34464872996914775,1.0000000000047073,14512.590160565309,14512.590160565309
情景一阈值控制,156.42446674163122,21498.842032492877,104.81032672023791,56157.515286428636,48.560770314443751,14364.469547424589,4623.2315575250759,9894.6080803422919,0,64.938585977442656,72.145516004758449,12.8872,0.34417591224899147,1.0000000000047067,14517.839637867368,14517.839637867368
情景一阈值控制,156.53566021828058,21483.356468742142,104.81032672025412,56167.755155781051,48.460331264051703,14369.81568087328,4626.6730500544263,9896.4122822112549,0,64.942025180232278,72.145728762171132,12.8872,0.34370318324433635,1.0000000000047056,14523.08533226568,14523.08533226568
情景一阈值控制,156.64685369492994,21467.896116906162,104.81032672027031,56177.973589963549,48.36005573762413,14375.157874053177,4630.1145425837785,9898.2127073353877,0,64.945386747244456,72.145932022925237,12.8872,0.34323054355758698,1.0000000000047049,14528.327249919166,14528.327249919166
情景一阈值控制,156.75804717157931,21452.460935937637,104.81032672028653,56188.170623874539,48.259943468929031,14380.496133379396,4633.5560351131307,9900.0093618635765,0,64.948670693198579,72.146126005582218,12.8872,0.34275799379068417,1.0000000000047033,14533.565396976708,14533.565396976708
情景一阈值控制,156.8692406482287,21437.050884856086,104.8103267203027,56198.346292355622,48.159994192167886,14385.830465256615,4636.9975276424839,9901.8022519346941,0,64.95187703291289,72.146310928591575,12.8872,0.34228553454510002,1.000000000004702,14538.799779577177,14538.799779577177
情景一阈值控制,156.98043412487806,21421.665922747758,104.81032672031888,56208.500630191658,48.060207641974955,14391.160876079075,4640.4390201718379,9903.5913836776253,0,64.955005781304365,72.146487010289832,12.8872,0.34181316642183668,1.0000000000047005,14544.030403849463,14544.030403849463
情景一阈值控制,157,21418.961340027363,104.81032672032173,56210.285207905545,48.042665773657063,14392.09842295391,4641.0445935839789,9903.9058152720027,0,64.955548296820552,72.146517095687415,12.8872,0.34173005684856528,1.0000000000047005,14544.950408855981,14544.950408855981
情景一阈值控制,157.09162760152742,21406.30600876551,104.81032672033503,56218.633672110911,47.960583553416463,14396.487372230615,4643.8805127011919,9905.3767632112686,0,64.958056953388677,72.146654468899413,12.8872,0.34134089002142232,1.0000000000046989,14549.25727591246,14549.25727591246
情景一阈值控制,157.20282107817678,21390.971102128697,104.8103267203512,56228.745452785071,47.861121661990005,14401.809960084676,4647.322005230546,9907.1583966445669,0,64.961030564280065,72.146813522527623,12.8872,0.3408687059439085,1.0000000000046976,14554.480401875113,14554.480401875113
情景一阈值控制,157.31401455482617,21375.66116212307,104.81032672036737,56238.836006829391,47.761821703623795,14407.128646004328,4650.7634977599018,9908.9362900765136,0,64.963926629191306,72.146964389165475,12.8872,0.34039661478886696,1.0000000000046954,14559.699787836416,14559.699787836416
情景一阈值控制,157.42520803147553,21360.376148100677,104.81032672038353,56248.905368802771,47.662683414676025,14412.443436342272,4654.2049902892568,9910.7104495961703,0,64.9667451634336,72.147107286686662,12.8872,0.33992461715538691,1.0000000000046938,14564.915439885426,14564.915439885426
情景一阈值控制,157.5364015081249,21345.11601947973,104.81032672039967,56258.953573207851,47.563706531934066,14417.754337440874,4657.6464828186135,9912.4808812826905,0,64.969486182416489,72.147242432846468,12.8872,0.33945271364207252,1.0000000000046914,14570.127364101303,14570.127364101303
情景一阈值控制,157.64759498477426,21329.880735744522,104.81032672041582,56268.980654491061,47.464890792613872,14423.061355632171,4661.0879753479703,9914.2475912053269,0,64.972149701647837,72.147370045280695,12.8872,0.33898090484703813,1.0000000000046896,14575.335566553298,14575.335566553298
情景一阈值控制,157.75878846142365,21314.670256445301,104.81032672043195,56278.986647042802,47.366235934359153,14428.364497237893,4664.5294678773271,9916.0105854234534,0,64.974735736733663,72.147490341504579,12.8872,0.33850919136790791,1.0000000000046874,14580.540053300781,14580.540053300781
情景一阈值控制,157.86998193807301,21299.484541198181,104.81032672044807,56288.971585197447,47.2677416952409,14433.663768569475,4667.9709604066848,9917.7698699865741,0,64.977244303378129,72.147603538911667,12.8872,0.33803757380181088,1.0000000000046849,14585.740830393259,14585.740830393259
情景一阈值控制,157.98117541472237,21284.323549685017,104.8103267204642,56298.935503233472,47.169407813756393,14438.959175928074,4671.4124529360433,9919.5254509343467,0,64.979675417383405,72.147709854772842,12.8872,0.33756605274537876,1.0000000000046827,14590.93790387039,14590.93790387039
情景一阈值控制,158,21281.75930218292,104.81032672046695,56300.620274324414,47.152776156799845,14439.85528399619,4671.9950830646567,9919.8222972168951,0,64.980079329698668,72.147727188017257,12.8872,0.33748623581998161,1.0000000000046818,14591.817380281551,14591.817380281551
情景一阈值控制,158.09236889137173,21269.187241653308,104.81032672048032,56308.878435373568,47.071234028828734,14444.250725604596,4674.8539454654019,9921.2773342965993,0,64.982029094649633,72.147809506235163,12.8872,0.33709462879474317,1.0000000000046798,14596.131279762001,14596.131279762001
情景一阈值控制,158.2035623680211,21254.075576916086,104.81032672049643,56318.800415784695,46.973220079806104,14449.5384238797,4678.2954379947605,9923.0255260933372,0,64.984305351174825,72.147902710320849,12.8872,0.33662330254553197,1.0000000000046769,14601.320964088098,14601.320964088098
情景一阈值控制,158.31475584467049,21238.988515351812,104.81032672051249,56328.701478578179,46.875365706460983,14454.822277023821,4681.7369305241218,9924.7700323347672,0,64.986504203054778,72.147989683926156,12.8872,0.336152074592867,1.0000000000046745,14606.50696285889,14606.50696285889
情景一阈值控制,158.42594932131985,21223.926016904272,104.81032672052859,56338.581657809817,46.777670648989627,14460.102291297178,4685.1784230534813,9926.5108590213094,0,64.988625666482974,72.148070643820375,12.8872,0.33568094553136152,1.0000000000046716,14611.689282074791,14611.689282074791
情景一阈值控制,158.53714279796921,21208.888041582468,104.81032672054465,56348.440987479953,46.680134648011183,14465.378472949809,4688.6199155828417,9928.2480121436183,0,64.990669757750553,72.148145806644692,12.8872,0.33520991595511618,1.0000000000046685,14616.86792772646,14616.86792772646
情景一阈值控制,158.64833627461857,21193.874549460499,104.81032672056072,56358.279501533587,46.582757444567129,14470.650828221571,4692.061408112203,9929.9814976825892,0,64.992636493246138,72.148215388911197,12.8872,0.3347389864577166,1.0000000000046656,14622.042905794791,14622.042905794791
情景一阈值控制,158.75952975126796,21178.885500677479,104.81032672057678,56368.097233860455,46.485538780120507,14475.919363342162,4695.5029006415652,9931.7113216093876,0,64.994525889455872,72.148279607001783,12.8872,0.33426815763223072,1.0000000000046625,14627.214222250954,14627.214222250954
情景一阈值控制,158.87072322791732,21163.920855437416,104.81032672059281,56377.894218295092,46.388478396555406,14481.184084531138,4698.9443931709284,9933.4374898854512,0,64.996337962963182,72.148338677167061,12.8872,0.3337974300712061,1.0000000000046589,14632.38188305638,14632.38188305638
情景一阈值控制,158.98191670456669,21148.980574009111,104.81032672060884,56387.670488616968,46.291576036176011,14486.444997997924,4702.3858857002906,9935.1600084625134,0,64.998072730448854,72.148392815525369,12.8872,0.33332680436666584,1.0000000000046558,14637.545894162804,14637.545894162804
情景一阈值控制,159,21146.553150050946,104.81032672061143,56389.258438710516,46.275831813932491,14487.30021608479,4702.9455725453763,9935.4397954820524,0,64.998347546863997,72.148401168473043,12.8872,0.33325027659990136,1.0000000000046552,14638.38536802743,14638.38536802743
情景一阈值控制,159.09311018121605,21134.064616726049,104.81032672062483,56397.426078550568,46.194831441706157,14491.702109941845,4705.8273782296537,9936.8788832826158,0,64.999730208690806,72.148442238061634,12.8872,0.33285628111010734,1.0000000000046523,14642.70626151227,14642.70626151227
情景一阈值控制,159.20430365786544,21119.172943986287,104.81032672064082,56407.161021765452,46.098244356288419,14496.955426552131,4709.2688707590187,9938.5941202781341,0,65.001310414564088,72.148487160626402,12.8872,0.33238586089249778,1.0000000000046485,14647.862991037153,14647.862991037153
情景一阈值控制,159.3154971345148,21104.305516252378,104.81032672065683,56416.875351876355,46.001814523483752,14502.204954007924,4712.7103632883827,9940.3057253717743,0,65.00281336504078,72.148527798934694,12.8872,0.33191554430427272,1.0000000000046447,14653.016088660157,14653.016088660157
情景一阈值控制,159.42669061116416,21089.462294051231,104.81032672067279,56426.569102443296,45.905541687270478,14507.450698478318,4716.1518558177468,9942.0137044766088,0,65.004239077189879,72.148564368565019,12.8872,0.33144533193533188,1.0000000000046412,14658.165560294356,14658.165560294356
情景一阈值控制,159.53788408781352,21074.643237974018,104.81032672068876,56436.242306971682,45.809425592043773,14512.692666122362,4719.5933483471126,9943.718063496075,0,65.005587568177233,72.14859708495834,12.8872,0.33097522437503768,1.000000000004637,14663.311411843188,14663.311411843188
情景一阈值控制,159.64907756446289,21059.848308676083,104.81032672070471,56445.894998912314,45.713465982614935,14517.930863089072,4723.0348408764785,9945.418808324006,0,65.006858855265421,72.148626163416921,12.8872,0.33050522221221101,1.000000000004633,14668.453649200485,14668.453649200485
情景一阈值控制,159.76027104111228,21045.077466876821,104.81032672072064,56455.527211661582,45.617662604210793,14523.16529551746,4726.4763334058453,9947.1159448446379,0,65.008052955813724,72.148651819103392,12.8872,0.33003532603512897,1.000000000004629,14673.592278250482,14673.592278250482
情景一阈值控制,159.87146451776164,21030.330673359578,104.81032672073657,56465.138978561481,45.522015202472971,14528.39596953653,4729.917825935212,9948.8094789326206,0,65.009169887277992,72.148674267039667,12.8872,0.32956553643152264,1.000000000004625,14678.727304867833,14678.727304867833
情景一阈值控制,159.982657994411,21015.607888971554,104.81032672075249,56474.7303328997,45.426523523457135,14533.622891265326,4733.3593184645797,9950.4994164530472,0,65.010209667210532,72.148693722105875,12.8872,0.32909585398857333,1.0000000000046203,14683.858734917627,14683.858734917627
情景一阈值控制,160,21013.313849370425,104.81032672075496,56476.224385992551,45.41164442943068,14534.437756867634,4733.8960620261378,9950.7626593997738,0,65.010364880266437,72.148696500491099,12.8872,0.32902261086801954,1.0000000000046199,14684.658721425913,14684.658721425913
情景一阈值控制,160.09385147106036,21000.909074623691,104.81032672076837,56484.301307909787,45.331187313632505,14538.846066812912,4736.8008109939474,9952.1857632614574,0,65.011172313260076,72.148710399039345,12.8872,0.32862627929290977,1.0000000000046163,14688.986574255405,14688.986574255405
情景一阈值控制,160.20504494770975,20986.234191290558,104.81032672078425,56493.851936771149,45.236006319880943,14544.065502278421,4740.2423035233169,9953.8685252038613,0,65.012057843171661,72.148724512433546,12.8872,0.32815681293060595,1.0000000000046114,14694.110828727178,14694.110828727178
情景一阈值控制,160.31623842435911,20971.583200010289,104.81032672080008,56503.382252609161,45.140980289496525,14549.281203751043,4743.6837960526855,9955.5477081167464,0,65.012866274786518,72.148736276737111,12.8872,0.32768745548717793,1.0000000000046068,14699.231504169431,14699.231504169431
情景一阈值控制,160.42743190100848,20956.956061884426,104.81032672081592,56512.892288495306,45.046108970184711,14554.493177310063,4747.125288582055,9957.2233178270999,0,65.013597626041999,72.148745906252699,12.8872,0.32721820754758058,1.0000000000046021,14704.348606409156,14704.348606409156
情景一阈值控制,160.53862537765784,20942.352738077858,104.81032672083175,56522.382077447175,44.951392110061704,14559.701429024864,4750.5667811114245,9958.8953601524245,0,65.014251914971524,72.148753615136059,12.8872,0.32674906969620576,1.000000000004597,14709.462141263848,14709.462141263848
情景一阈值控制,160.64981885430723,20927.773189818687,104.81032672084756,56531.851652428653,44.856829457653795,14564.905964954953,4754.0082736407958,9960.5638409007497,0,65.014829159704405,72.148759617394916,12.8872,0.32628004251687803,1.0000000000045923,14714.572114541545,14714.572114541545
情景一阈值控制,160.76101233095659,20913.217378398153,104.81032672086336,56541.301046349923,44.76242076189672,14570.106791149959,4757.4497661701671,9962.2287658706446,0,65.015329378465822,72.14876412688804,12.8872,0.32581112659285427,1.0000000000045872,14719.678532040813,14719.678532040813
情景一阈值控制,160.87220580760595,20898.685265170505,104.81032672087915,56550.730292067601,44.668165772135012,14575.303913649681,4760.8912586995375,9963.8901408512465,0,65.015752589576707,72.14876735732409,12.8872,0.32534232250681794,1.0000000000045821,14724.781399550784,14724.781399550784
情景一阈值控制,160.98339928425531,20884.176811552923,104.81032672089489,56560.139422384789,44.574064238121203,14580.497338484063,4764.3327512289097,9965.5479716222617,0,65.016098811453617,72.148769522260707,12.8872,0.32487363084087828,1.0000000000045768,14729.880722851172,14729.880722851172
情景一阈值控制,161,20882.012788243381,104.81032672089725,56561.542442006183,44.560028427108037,14581.272377983227,4764.8465515069402,9965.7951750323828,0,65.016143896953238,72.14876976718358,12.8872,0.32480366683814776,1.0000000000045761,14730.641726539323,14730.641726539323
情景一阈值控制,161.09459276090467,20869.691979025389,104.81032672091062,56569.528470051227,44.480115910015293,14585.68707167325,4767.774243758282,9967.2022639539846,0,65.016368062608692,72.14877083510342,12.8872,0.32440505217656723,1.0000000000045715,14734.976507712267,14734.976507712267
情景一阈值控制,161.20578623755407,20855.23072913061,104.81032672092635,56578.897467763301,44.386320538384012,14590.873119227579,4771.215736287656,9968.8530236073238,0,65.016560361649553,72.148771509104662,12.8872,0.32393658709483586,1.0000000000045659,14740.068759894981,14740.068759894981
情景一阈值控制,161.31697971420343,20840.793023473903,104.81032672094206,56588.246448164158,44.292677874200315,14596.055487147594,4774.6572288170291,9970.5002563337985,0,65.016675727279164,72.148771757362695,12.8872,0.32346823617605269,1.0000000000045604,14745.157485150827,14745.157485150827
情景一阈值控制,161.42817319085279,20826.378823723098,104.81032672095775,56597.575443843823,44.199187668842434,14601.234181424081,4778.0987213464032,9972.1439678755669,0,65.016714178295786,72.148771792820682,12.8872,0.32299999999999984,1.000000000004555,14750.24268922197,14750.24268922197
情景一阈值控制,161.5393352616544,20811.985462497491,104.80913769590207,56606.888570997377,44.107042956539267,14606.407749233489,4781.538039813182,9973.7848834808392,0,65.016714178295786,72.148771792820682,12.8872,0.32300000000000001,0.99930888796114592,14755.322923294021,14755.322923294021
情景一阈值控制,161.65049733245604,20797.602374870767,104.80557182427425,56616.195050688177,44.017296314074322,14611.577669683509,4784.9749033858043,9975.4246278441442,0,65.016714178295786,72.148771792820682,12.8872,0.32300000000000001,0.99861826921515418,14760.399531229948,14760.399531229948
情景一阈值控制,161.76165940325765,20783.229879004026,104.79963107199343,56625.494677052222,43.929819868499209,14616.74395638406,4788.4092360391278,9977.0631646935144,0,65.016714178295786,72.148771792820682,12.8872,0.32300000000000001,0.99792815904341214,14765.472400732642,14765.472400732642
情景一阈值控制,161.87282147405926,20768.868291879793,104.79131761856212,56634.787244988125,43.844490800593164,14621.90661809373,4791.8409620296316,9978.7004578913456,0,65.016714178295786,72.148771792820682,12.8872,0.32300000000000001,0.99723857266616156,14770.541419920977,14770.541419920977
情景一阈值控制,161.98398354486091,20754.517929275469,104.78063385640657,56644.072550174234,43.761191153302718,14627.06565892139,4795.2700059017616,9980.3364714374293,0,65.016714178295786,72.148771792820682,12.8872,0.32300000000000001,0.99654952524577933,14775.606477339192,14775.606477339192
情景一阈值控制,162,20752.451243795625,104.77889930639721,56645.40978505346,43.749349708472295,14627.808685516848,4795.7638439583789,9980.5720839814294,0,65.016714178295786,72.148771792820682,12.8872,0.32300000000000001,0.99645029121679396,14776.335927939808,14776.335927939808
情景一阈值控制,162.09514561566252,20740.179105737065,104.76758239017732,56653.350389085688,43.679807647532726,14632.221078520339,4798.6962924942063,9981.9711694719354,0,65.016714178295786,72.148771792820682,12.8872,0.32300000000000001,0.99586103188551567,14780.667461966143,14780.667461966143
情景一阈值控制,162.20630768646413,20725.852134553184,104.75216603601032,56662.620559011208,43.600231504992585,14637.372872275404,4802.119746946114,9983.604516278383,0,65.016714178295786,72.148771792820682,12.8872,0.32300000000000001,0.99517310762824507,14785.724263224496,14785.724263224496
情景一阈值控制,162.31746975726577,20711.537327729275,104.73438782074876,56671.882858069781,43.522358277837839,14642.521031483153,4805.5402947032462,9985.2364762865873,0,65.016714178295786,72.148771792820682,12.8872,0.32300000000000001,0.99448576745522999,14790.776770989833,14790.776770989833
情景一阈值控制,162.42863182806738,20697.234995962182,104.71425098112594,56681.137085227114,43.446087684829074,14647.665543525549,4808.9578615240553,9986.8670140755403,0,65.016714178295786,72.148771792820682,12.8872,0.32300000000000001,0.99379902628489913,14795.824875599596,14795.824875599596
情景一阈值控制,162.53979389886899,20682.945448614919,104.69175896290992,56690.38304031195,43.371323453775865,14652.806392037244,4812.3723734857167,9988.4960943763035,0,65.016714178295786,72.148771792820682,12.8872,0.32300000000000001,0.99311289897163579,14800.868467862019,14800.868467862019
情景一阈值控制,162.65095596967063,20668.668993691772,104.66691542000947,56699.620524032216,43.297973170008845,14657.943557066805,4815.7837569900757,9990.1236820748381,0,65.016714178295786,72.148771792820682,12.8872,0.32300000000000001,0.99242740030458221,14805.907439064915,14805.907439064915
情景一阈值控制,162.76211804047225,20654.405937813674,104.63972421354268,56708.849337990876,43.225948130653443,14663.077015232057,4819.1919387695316,9991.7497422148153,0,65.016714178295786,72.148771792820682,12.8872,0.32300000000000001,0.99174254500645809,14810.941680984346,14810.941680984346
情景一阈值控制,162.87328011127386,20640.156586193847,104.61018941086749,56718.0692847018,43.155163204480132,14668.206739869809,4822.5968458928592,9993.3742400003903,0,65.016714178295786,72.148771792820682,12.8872,0.32300000000000001,0.99105834773239054,14815.971085893249,14815.971085893249
情景一阈值控制,162.9844421820755,20625.921242613749,104.57831528457567,56727.280167605233,43.085536697117185,14673.332701180119,4825.9984057709544,9994.9971407989506,0,65.016714178295786,72.148771792820682,12.8872,0.32300000000000001,0.99037482306875846,14820.995546569906,14820.995546569906
情景一阈值控制,163,20623.930053086016,104.57366794370949,56728.568553338635,43.075879947047397,14674.049809065398,4826.4742039397252,9995.2241464245235,0,65.016714178295786,72.148771792820682,12.8872,0.32300000000000001,0.99027921405556429,14821.698350364248,14821.698350364248
情景一阈值控制,163.09560425287711,20611.700209399347,104.54410631144957,56736.481791083228,43.016990221421011,14678.45486636536,4829.3965461625094,9996.6184101438139,0,65.016714178295786,72.148771792820682,12.8872,0.32300000000000001,0.98969198553205384,14826.014956306324,14826.014956306324
情景一阈值控制,163.20676632367872,20597.493787397609,104.50756717138287,56745.673960474756,42.9494485727963,14683.573199764258,4832.7911951796204,9998.2380137369109,0,65.016714178295786,72.148771792820682,12.8872,0.32300000000000001,0.98900984956775362,14831.02920891653,14831.02920891653
情景一阈值控制,163.31792839448036,20583.302275953374,104.46870274626514,56754.85648209077,42.882839609288752,14688.687662981098,4836.1822812933224,9999.855917451423,0,65.016714178295786,72.148771792820682,12.8872,0.32300000000000001,0.98832842954920797,14836.038198744745,14836.038198744745
情景一阈值控制,163.42909046528197,20569.125972886512,104.4275181188309,56764.029163228945,42.817094136254404,14693.798215010256,4839.5697333390453,10001.47208733439,0,65.016714178295786,72.148771792820682,12.8872,0.32300000000000001,0.9876477397765443,14841.041820673436,14841.041820673436
情景一阈值控制,163.54025253608359,20554.965174469333,104.38401857147377,56773.191812188277,42.752145795436924,14698.904812356281,4842.9534805220092,10003.086489609275,0,65.016714178295786,72.148771792820682,12.8872,0.32300000000000001,0.98696779447558236,14846.039970131285,14846.039970131285
情景一阈值控制,163.65141460688523,20540.820175404395,104.33820958502571,56782.344238283462,42.687930958275672,14704.007409149643,4846.3334524225311,10004.699090678505,0,65.016714178295786,72.148771792820682,12.8872,0.32300000000000001,0.98628860779676863,14851.032543101035,14851.032543101035
情景一阈值控制,163.76257667768684,20526.691268802555,104.29009683750206,56791.486251859111,42.624388623289605,14709.105957258347,4849.7095790012654,10006.309857125967,0,65.016714178295786,72.148771792820682,12.8872,0.32300000000000001,0.98561019381412207,14856.019436127233,14856.019436127233
情景一阈值控制,163.87373874848845,20512.578746161369,104.23968620281295,56800.617664303689,42.561460317374291,14714.200406395561,4853.0817906043694,10007.918755719471,0,65.016714178295786,72.148771792820682,12.8872,0.32300000000000001,0.98493256652419803,14861.000546323841,14861.000546323841
情景一阈值控制,163.98490081929009,20498.482897343802,104.18698374944125,56809.73828806333,42.499090000860335,14719.290704223376,4856.4500179685883,10009.525753413183,0,65.016714178295786,72.148771792820682,12.8872,0.32300000000000001,0.98425573984506498,14865.975771381771,14865.975771381771
情景一阈值控制,164,20496.569555622151,104.17964870830698,56810.976302899653,42.49065828741039,14719.981797863282,4856.9072142699515,10009.743883997142,0,65.016714178295786,72.148771792820682,12.8872,0.32300000000000001,0.98416386877434958,14866.651098267093,14866.651098267093
情景一阈值控制,164.0960628900917,20484.404010557268,104.13199573908783,56818.847936655351,42.437223976193529,14724.376796452894,4859.8141922262639,10011.130817350006,0,65.016714178295786,72.148771792820682,12.8872,0.32300000000000001,0.98357972761529788,14870.94500957627,14870.94500957627
情景一阈值控制,164.20722496089334,20470.342372332983,104.07472862528415,56827.946424681701,42.375810800091031,14729.458626940741,4863.1742449102685,10012.73391486394,0,65.016714178295786,72.148771792820682,12.8872,0.32300000000000001,0.98290454359298807,14875.908159774208,14875.908159774208
情景一阈值控制,164.31838703169495,20456.298267505641,104.01518905197337,56837.033567842002,42.314801199045533,14734.536137782143,4866.5301079588598,10014.335013482396,0,65.016714178295786,72.148771792820682,12.8872,0.32300000000000001,0.98223020145476647,14880.865121441257,14880.865121441257
情景一阈值控制,164.42954910249657,20442.271979193436,103.95338385205976,56846.109182946522,42.254147988040231,14739.609269400744,4869.8817137204596,10015.934080928479,0,65.016714178295786,72.148771792820682,12.8872,0.32300000000000001,0.98155671479484385,14885.815794648937,14885.815794648937
情景一阈值控制,164.54071117329821,20428.263788778393,103.88932004592751,56855.173087928939,42.193805992360382,14744.677960635179,4873.2289949583474,10017.531085123215,0,65.016714178295786,72.148771792820682,12.8872,0.32300000000000001,0.9808840971240681,14890.760080081564,14890.760080081564
情景一阈值控制,164.65187324409982,20414.273975887059,103.82300483992887,56864.225101858785,42.133731972374783,14749.742148822656,4876.5718848552769,10019.125994187778,0,65.016714178295786,72.148771792820682,12.8872,0.32300000000000001,0.98021236186899519,14895.697879043055,14895.697879043055
情景一阈值控制,164.76303531490143,20400.302818371496,103.75444562484273,56873.265044953747,42.073884551175261,14754.801769879539,4879.9103170180206,10020.71877644563,0,65.016714178295786,72.148771792820682,12.8872,0.32300000000000001,0.9795415223709778,14900.629093463651,14900.629093463651
情景一阈值控制,164.87419738570307,20386.350592290622,103.68364997430363,56882.292738591779,42.014224144963904,14759.856758379128,4883.2442254818225,10022.309400424667,0,65.016714178295786,72.148771792820682,12.8872,0.32300000000000001,0.97887159188526884,14905.55362590649,14905.55362590649
情景一阈值控制,164.98535945650468,20372.417571891936,103.61062564320231,56891.308005322899,41.954712896082029,14764.907047626686,4886.5735447147708,10023.897834859294,0,65.016714178295786,72.148771792820682,12.8872,0.32300000000000001,0.978202583580144,14910.471379574064,14910.471379574064
情景一阈值控制,165,20370.583976345621,103.60084233622517,56892.494420935152,41.946884178159102,14765.571839585637,4887.0116855301239,10024.106873977991,0,65.016714178295786,72.148771792820682,12.8872,0.32300000000000001,0.97811454160405942,14911.118559508115,14911.118559508115
情景一阈值控制,165.09652152730629,20358.504029593489,103.53538056605771,56900.310668880818,41.895314608579937,14769.952569731857,4889.8982096221062,10025.484048692482,0,65.016714178295786,72.148771792820682,12.8872,0.32300000000000001,0.97753451053603579,14915.382258314588,14915.382258314588
情景一阈值控制,165.20768359810793,20344.610235966269,103.45792285536123,56909.300554194429,41.835994686225703,14774.993255678519,4893.2181555504194,10027.068011077779,0,65.016714178295786,72.148771792820682,12.8872,0.32300000000000001,0.97686738574468912,14920.286166628199,14920.286166628199
情景一阈值控制,165.31884566890955,20330.736459716929,103.37826079989442,56918.277487398904,41.776720072865004,14780.029035392216,4896.5333182917966,10028.649691381272,0,65.016714178295786,72.148771792820682,12.8872,0.32300000000000001,0.97620122210833016,14925.183009673068,14925.183009673068
情景一阈值控制,165.43000773971116,20316.882967670819,103.29640286301917,56927.241295846688,41.717459195035715,14785.059837805238,4899.8436340878588,10030.229059183528,0,65.016714178295786,72.148771792820682,12.8872,0.32300000000000001,0.97553603243885223,14930.072693271388,14930.072693271388
情景一阈值控制,165.5411698105128,20303.050024755375,103.21235768094272,56936.191808118288,41.658181906754415,14790.085590919438,4903.1490396337394,10031.806084281488,0,65.016714178295786,72.148771792820682,12.8872,0.32300000000000001,0.97487182945701878,14934.955123915228,14934.955123915228
情景一阈值控制,165.65233188131441,20289.237893983896,103.12613406095672,56945.128854032737,41.59885943638735,14795.10622186683,4906.4494720819566,10033.380736690313,0,65.016714178295786,72.148771792820682,12.8872,0.32300000000000001,0.97420862579168432,14939.83020877227,14939.83020877227
情景一阈值控制,165.76349395211602,20275.446836439609,103.0377409796516,56954.052264657861,41.539464335529338,14800.121656968147,4909.7448690462243,10034.952986645201,0,65.016714178295786,72.148771792820682,12.8872,0.32300000000000001,0.97354643397902796,14944.697855691426,14944.697855691426
情景一阈值控制,165.87465602291766,20261.677111260116,102.94718758110648,56962.961872320455,41.479970429811083,14805.131821789313,4913.0351686051663,10036.522804603159,0,65.016714178295786,72.148771792820682,12.8872,0.32300000000000001,0.97288526646180817,14949.557973208324,14949.557973208324
情景一阈值控制,165.98581809371927,20247.928975622192,102.85448317505561,56971.857510616021,41.420352771559514,14810.136641195979,4916.3203093059474,10038.090161244743,0,65.016714178295786,72.148771792820682,12.8872,0.32300000000000001,0.97222513558863266,14954.410470550691,14954.410470550691
情景一阈值控制,166,20246.176573038323,102.84250183751536,56972.991390870397,41.412736705167305,14810.774760929407,4916.7390489230147,10038.28994395717,0,65.016714178295786,72.148771792820682,12.8872,0.32300000000000001,0.97214099217615058,14955.028992880185,14955.028992880185
情景一阈值控制,166.09698016452089,20234.202684726923,102.75963723503143,56980.739014418403,41.360587594242887,14815.136039406205,4919.6002301678291,10039.655027475745,0,65.016714178295786,72.148771792820682,12.8872,0.32300000000000001,0.97156605361324411,14959.255257643574,14959.255257643574
情景一阈值控制,166.20814223532253,20220.498491785187,102.6626593964852,56989.606219889225,41.300652268628738,14820.129940041277,4922.8748706856368,10041.21737442885,0,65.016714178295786,72.148771792820682,12.8872,0.32300000000000001,0.97090803269382298,14964.092245114487,14964.092245114487
情景一阈值控制,166.31930430612414,20206.816648003525,102.56355945488573,56998.458964486992,41.240525260591632,14825.118266174808,4926.1441708331331,10042.777173465247,0,65.016714178295786,72.148771792820682,12.8872,0.32300000000000001,0.97025108489231005,14968.92134429838,14968.92134429838
情景一阈值控制,166.43046637692575,20193.157402570305,102.46234736379658,57007.297086976061,41.180186090503128,14830.100940380147,4929.4080710663293,10044.334396176211,0,65.016714178295786,72.148771792820682,12.8872,0.32300000000000001,0.96959522217374061,14973.74246724254,14973.74246724254
情景一阈值控制,166.54162844772739,20179.521002642286,102.35903323293269,57016.120427435293,41.119615294147962,14835.077884776141,4932.6665123266912,10045.889014384626,0,65.016714178295786,72.148771792820682,12.8872,0.32300000000000001,0.96894045640560089,14978.555526711316,14978.555526711316
情景一阈值控制,166.652790518529,20165.907693331523,102.25362732619691,57024.928827266624,41.058794385103994,14840.049021071361,4935.9194360442707,10047.441000146484,0,65.016714178295786,72.148771792820682,12.8872,0.32300000000000001,0.96828679935719852,14983.360436190755,14983.360436190755
情景一阈值控制,166.76395258933061,20152.317717692607,102.14614005969663,57033.722129203197,40.997705818530605,14845.014270606775,4939.1667841407552,10048.990325752342,0,65.016714178295786,72.148771792820682,12.8872,0.32300000000000001,0.96763426269904962,14988.157109893098,14988.157109893098
情景一阈值控制,166.87511466013225,20138.751316710284,102.03658199974193,57042.500177317466,40.936332956311787,14849.973554396998,4942.4084990324254,10050.536963728722,0,65.016714178295786,72.148771792820682,12.8872,0.32300000000000001,0.96698285800228445,14992.945462761149,14992.945462761149
情景一阈值控制,166.98627673093387,20125.208729287413,101.92496386082517,57051.262817028954,40.874660033501378,14854.926793170107,4945.6445236330301,10052.080886839496,0,65.016714178295786,72.148771792820682,12.8872,0.32300000000000001,0.96633259673806948,14997.725410472525,14997.725410472525
情景一阈值控制,167,20123.538521967919,101.91104196073326,57052.343513392741,40.867024788810916,14855.53786127059,4946.0436225500398,10052.27129887819,0,65.016714178295786,72.148771792820682,12.8872,0.32300000000000001,0.96625240001574741,14998.314921428229,14998.314921428229
情景一阈值控制,167.09743880173548,20111.690192233262,101.81129650358284,57060.009895111834,40.812672126020829,14859.873907406109,4948.8748013565855,10053.622068087219,0,65.016714178295786,72.148771792820682,12.8872,0.32300000000000001,0.96568349027704548,15002.496869443805,15002.496869443805
情景一阈值控制,167.20860087253712,20098.195940252197,101.6955909327404,57068.741259702205,40.750355119559657,14864.814817374099,4952.0992761200805,10055.160480714412,0,65.016714178295786,72.148771792820682,12.8872,0.32300000000000001,0.96503554988878382,15007.259756834494,15007.259756834494
情景一阈值控制,167.31976294333873,20084.726205932689,101.57785829504078,57077.456760305286,40.687695679635063,14869.749443168144,4955.3178923460991,10056.696098204817,0,65.016714178295786,72.148771792820682,12.8872,0.32300000000000001,0.96438878674125939,15012.013990550917,15012.013990550917
情景一阈值控制,167.43092501414034,20071.28121973668,101.45810987715662,57086.156247802239,40.624681222763499,14874.67770474196,4958.530594965363,10058.228894284613,0,65.016714178295786,72.148771792820682,12.8872,0.32300000000000001,0.96374321190033896,15016.759489249976,15016.759489249976
情景一阈值控制,167.54208708494198,20057.8612099893,101.33635710358763,57094.839574456812,40.561299888703388,14879.599521942389,4961.7373294191884,10059.758842923588,0,65.016714178295786,72.148771792820682,12.8872,0.32300000000000001,0.96309883632928905,15021.496172342777,15021.496172342777
情景一阈值控制,167.65324915574359,20044.466402868966,101.21261153454333,57103.506593921818,40.497540513726058,14884.514814541752,4964.9380416618542,10061.285918336263,0,65.016714178295786,72.148771792820682,12.8872,0.32300000000000001,0.96245567088829853,15026.223959998119,15026.223959998119
情景一阈值控制,167.76441122654521,20031.097022397764,101.08688486381142,57112.157161245239,40.43339260487717,14889.423502269105,4968.132678162895,10062.810094982993,0,65.016714178295786,72.148771792820682,12.8872,0.32300000000000001,0.96181372633401829,15030.942773145889,15030.942773145889
情景一阈值控制,167.87557329734685,20017.753290432254,100.95918891661309,57120.791132876322,40.368846315189579,14894.325504840421,4971.3211859093044,10064.331347571015,0,65.016714178295786,72.148771792820682,12.8872,0.32300000000000001,0.96117301331911964,15035.652533480319,15035.652533480319
情景一阈值控制,167.98673536814846,20004.435426654582,100.82953564744558,57129.40836667121,40.303892419810687,14899.22074198776,4974.5035124076549,10065.849651055456,0,65.016714178295786,72.148771792820682,12.8872,0.32300000000000001,0.9605335423918665,15040.353163463111,15040.353163463111
情景一阈值控制,168,20002.84798430885,100.81393437009268,57130.435510517797,40.296114034875657,14899.804420149183,4974.8828344915692,10066.030627470678,0,65.016714178295786,72.148771792820682,12.8872,0.32300000000000001,0.96045731971488668,15040.913461962247,15040.913461962247
情景一阈值控制,168.09789743895007,19991.14364856395,100.69793713791222,57138.008721898492,40.238522293010526,14904.109133487435,4977.6796056861385,10067.364980640315,0,65.016714178295786,72.148771792820682,12.8872,0.32300000000000001,0.95989532399570676,15045.044586326454,15045.044586326454
情景一阈值控制,168.20905950975171,19977.878171468419,100.56440559454136,57146.592059244569,40.172727886035368,14908.990599187242,4980.8494142965219,10068.877311779392,0,65.016714178295786,72.148771792820682,12.8872,0.32300000000000001,0.95925836846887846,15049.726726075914,15049.726726075914
情景一阈值控制,168.32022158055332,19964.6392084771,100.42895334659416,57155.158240818615,40.106501705775941,14913.865059032722,4984.0128873160156,10070.386620177171,0,65.016714178295786,72.148771792820682,12.8872,0.32300000000000001,0.95862268604403467,15054.399507493186,15054.399507493186
情景一阈值控制,168.43138365135493,19951.426970492641,100.29159284386198,57163.707130157498,40.039836794216761,14918.732433092588,4987.1699743490708,10071.892881789692,0,65.016714178295786,72.148771792820682,12.8872,0.32300000000000001,0.95798828684788284,15059.062856138764,15059.062856138764
情景一阈值控制,168.54254572215658,19938.241666204067,100.1523366544543,57172.238592230395,39.97272670863947,14923.592641583245,4990.3206255290816,10073.396072825353,0,65.016714178295786,72.148771792820682,12.8872,0.32300000000000001,0.95735518090084171,15063.716698354434,15063.716698354434
情景一阈值控制,168.65370779295819,19925.083502080022,100.01119746257743,57180.752493443171,39.905165502549181,14928.445604892484,4993.4647915200112,10074.896169745693,0,65.016714178295786,72.148771792820682,12.8872,0.32300000000000001,0.95672337811671515,15068.360961265704,15068.360961265704
情景一阈值控制,168.76486986375983,19911.952682362251,99.86818806630464,57189.24870164258,39.837147707296751,14933.291243602373,4996.6024235179448,10076.393149266125,0,65.016714178295786,72.148771792820682,12.8872,0.32300000000000001,0.95609288830238048,15072.99557278407,15072.99557278407
情景一阈值控制,168.87603193456144,19898.849409059516,99.723321375338784,57197.727086120212,39.768668314370736,14938.129478511368,4999.7334732525387,10077.886988356633,0,65.016714178295786,72.148771792820682,12.8872,0.32300000000000001,0.95546372115749634,15077.620461609171,15077.620461609171
情景一阈值控制,168.98719400536305,19885.773881941768,99.576610408767024,57206.187517616272,39.699722758332882,14942.960230655659,5002.8578929884179,10079.377664242436,0,65.016714178295786,72.148771792820682,12.8872,0.32300000000000001,0.95483588627422267,15082.235557230855,15082.235557230855
情景一阈值控制,169,19884.269357901019,99.559591265826398,57207.161009733747,39.691750017145189,14943.516254463064,5003.2174016004756,10079.549187553654,0,65.016714178295786,72.148771792820682,12.8872,0.32300000000000001,0.9547636450049416,15082.766589154129,15082.766589154129
情景一阈值控制,169.09835607616469,19872.726298534744,99.428068292809598,57214.629868323078,39.630306900373228,14947.783421329803,5005.9756355264708,10080.86515440461,0,65.016714178295786,72.148771792820682,12.8872,0.32300000000000001,0.9542093931369604,15086.840789931081,15086.840789931081
情景一阈值控制,169.2095181469663,19859.706854114818,99.277708258562086,57223.054011888351,39.560417012460036,14952.598972106607,5009.0866542050653,10082.34943658066,0,65.016714178295786,72.148771792820682,12.8872,0.32300000000000001,0.9535842511221061,15091.436090785726,15091.436090785726
情景一阈值控制,169.32068021776792,19846.715741704244,99.125543639732228,57231.459823418365,39.49004976206313,14957.4068048564,5012.1909029012077,10083.830488765083,0,65.016714178295786,72.148771792820682,12.8872,0.32300000000000001,0.95296046949782121,15096.021391666291,15096.021391666291
情景一阈值控制,169.43184228856956,19833.753152066678,98.97158787037209,57239.84717948077,39.419202197427886,14962.206841765556,5015.2883360315909,10085.308289209857,0,65.016714178295786,72.148771792820682,12.8872,0.32300000000000001,0.95233805742381905,15100.596625241447,15100.596625241447
情景一阈值控制,169.54300435937117,19820.819273703088,98.815854482605815,57248.215958107292,39.347871733379456,14966.999005354432,5018.3789085535818,10086.782816424929,0,65.016714178295786,72.148771792820682,12.8872,0.32300000000000001,0.95171702395116786,15105.161724978512,15105.161724978512
情景一阈值控制,169.65416643017278,19807.914292847949,98.658357104353485,57256.566038796191,39.276056137636147,14971.78321849468,5021.4625759661349,10088.254049178629,0,65.016714178295786,72.148771792820682,12.8872,0.32300000000000001,0.95109737802210714,15109.716625144763,15109.716625144763
情景一阈值控制,169.76532850097442,19795.038393465766,98.499109457052214,57264.897302514437,39.203753517613791,14976.559404425929,5024.5392943106126,10089.721966498077,0,65.016714178295786,72.148771792820682,12.8872,0.32300000000000001,0.95047912846988181,15114.261260808689,15114.261260808689
情景一阈值控制,169.87649057177603,19782.191757247965,98.338125353374551,57273.209631699858,39.130962307701729,14981.327486771901,5027.609020171536,10091.186547669537,0,65.016714178295786,72.148771792820682,12.8872,0.32300000000000001,0.94986228401859274,15118.795567841073,15118.795567841073
情景一阈值控制,169.98765264257764,19769.374563610036,98.175418694944824,57281.502910262854,39.057681256992105,14986.087389555976,5030.6717106772667,10092.647772238741,0,65.016714178295786,72.148771792820682,12.8872,0.32300000000000001,0.94924685328305891,15123.319482916007,15123.319482916007
情景一阈值控制,170,19767.952714832711,98.157240322117573,57282.422907909604,39.049511273860617,14986.615589042513,5031.0114638926671,10092.809870153917,0,65.016714178295786,72.148771792820682,12.8872,0.32300000000000001,0.94917858175158587,15123.821334046585,15123.821334046585
情景一阈值控制,170.09881471337928,19756.586989689044,98.011003470054177,57289.777023588089,38.983909417446299,14990.83903721617,5033.727323500595,10094.105620011171,0,65.016714178295786,72.148771792820682,12.8872,0.32300000000000001,0.94863284476869913,15127.832943511767,15127.832943511767
情景一阈值控制,170.2099767841809,19743.829210341468,97.844893751374897,57298.031858535862,38.909646132481043,14995.582354619622,5036.7758168592654,10095.560071052309,0,65.016714178295786,72.148771792820682,12.8872,0.32300000000000001,0.94802026687142671,15132.335887911573,15132.335887911573
情景一阈值控制,170.32113885498251,19731.101398141302,97.677103693674141,57306.267303443325,38.834891025958854,15000.317267076545,5039.8171495164233,10097.01110568785,0,65.016714178295786,72.148771792820682,12.8872,0.32300000000000001,0.94740912787755971,15136.828255204273,15136.828255204273
情景一阈值控制,170.43230092578415,19718.40372337852,97.507647531528306,57314.4832481255,38.759643991566875,15005.043700353681,5042.8512807809884,10098.458704503884,0,65.016714178295786,72.148771792820682,12.8872,0.32300000000000001,0.94679943596374605,15141.309985284872,15141.309985284872
情景一阈值控制,170.54346299658576,19705.736354057826,97.336539577038138,57322.679583876103,38.683905182570321,15009.761580687267,5045.8781705079455,10099.902848347027,0,65.016714178295786,72.148771792820682,12.8872,0.32300000000000001,0.94619119919690486,15145.781018854972,15145.781018854972
情景一阈值控制,170.65462506738737,19693.099455897711,97.163794217545004,57330.85620346808,38.60767500192555,15014.470834795546,5048.8977790985755,10101.343518324536,0,65.016714178295786,72.148771792820682,12.8872,0.32300000000000001,0.94558442553417976,15150.241297423112,15150.241297423112
情景一阈值控制,170.76578713818901,19680.493192329825,96.989425913349308,57339.01300115409,38.530954092739641,15019.1713898908,5051.9100675006039,10102.78069580438,0,65.016714178295786,72.148771792820682,12.8872,0.32300000000000001,0.9449791228229093,15154.690763304985,15154.690763304985
情景一阈值控制,170.87694920899062,19667.917724498664,96.813449195431502,57347.149872666683,38.453743329063379,15023.863173690965,5054.914997208276,10104.214362415278,0,65.016714178295786,72.148771792820682,12.8872,0.32300000000000001,0.94437529880061266,15159.129359623554,15159.129359623554
情景一阈值控制,170.98811127979224,19655.373211261529,96.635878663175617,57355.266715218306,38.376043807004834,15028.546114430788,5057.912530262367,10105.644500046699,0,65.016714178295786,72.148771792820682,12.8872,0.32300000000000001,0.94377296109498587,15163.557030309066,15163.557030309066
情景一阈值控制,171,19654.033421560656,96.616793860958794,57356.133617093947,38.367705008382252,15029.046425856859,5058.2326753200496,10105.797242814249,0,65.016714178295786,72.148771792820682,12.8872,0.32300000000000001,0.94370862971447,15164.0299181343,15164.0299181343
情景一阈值控制,171.09927335059388,19642.859809188776,96.456728982096678,57363.363427501172,38.297856836152036,15033.220140872607,5060.9026292501203,10107.071090848833,0,65.016714178295786,72.148771792820682,12.8872,0.32300000000000001,0.94317211722391625,15167.973720098953,15167.973720098953
情景一阈值控制,171.21043542139549,19630.377672564431,96.276014881572294,57371.439909686844,38.219183931292498,15037.885182316661,5063.8852573050999,10108.494117232522,0,65.016714178295786,72.148771792820682,12.8872,0.32300000000000001,0.9425727745955097,15172.379374537621,15172.379374537621
情景一阈值控制,171.3215974921971,19617.926953387007,96.093751152578122,57379.496063425715,38.140026804418916,15042.541168611084,5066.8603781070024,10109.913561869176,0,65.016714178295786,72.148771792820682,12.8872,0.32300000000000001,0.94197494050813113,15176.773939976178,15176.773939976178
情景一阈值控制,171.43275956299874,19605.507801370655,95.909952645429001,57387.531791846253,38.060387357010171,15047.18803016146,5069.8279558813711,10111.329407690626,0,65.016714178295786,72.148771792820682,12.8872,0.32300000000000001,0.94137862215045953,15181.157363571998,15181.157363571998
情景一阈值控制,171.54392163380035,19593.120363946615,95.724634267525644,57395.546999554062,37.980267672577554,15051.825697940021,5072.7879553992561,10112.741637888967,0,65.016714178295786,72.148771792820682,12.8872,0.32300000000000001,0.94078382660155768,15185.529593288222,15185.529593288222
情景一阈值控制,171.65508370460196,19580.764786264936,95.537810981106716,57403.541592630783,37.899670009465744,15056.454103494503,5075.7403419768079,10114.150235916366,0,65.016714178295786,72.148771792820682,12.8872,0.32300000000000001,0.94019056083095409,15189.890577893173,15189.890577893173
情景一阈值控制,171.7662457754036,19568.441211196438,95.349497801007999,57411.515478632835,37.818596793899843,15061.073178956614,5078.6850814747932,10115.555185484829,0,65.016714178295786,72.148771792820682,12.8872,0.32300000000000001,0.9395988316987387,15194.240266959623,15194.240266959623
情景一阈值控制,171.87740784620522,19556.149779335039,95.159709792428671,57419.468566589858,37.737050613268991,15065.6828570502,5081.6221402980536,10116.956470565941,0,65.016714178295786,72.148771792820682,12.8872,0.32300000000000001,0.93900864595567257,15198.578610863995,15198.578610863995
情景一阈值控制,171.98856991700683,19543.890629000278,94.968462068704397,57427.400767003142,37.655034209637236,15070.283071099042,5084.5514853948998,10118.354075390582,0,65.016714178295786,72.148771792820682,12.8872,0.32300000000000001,0.93842001024331068,15202.905560785483,15202.905560785483
情景一阈值控制,172,19542.631934903948,94.948715130443574,57428.215196515659,37.646574441538419,15070.755542389208,5084.852252518137,10118.497572851151,0,65.016714178295786,72.148771792820682,12.8872,0.32300000000000001,0.93835957275165693,15203.349825369289,15203.349825369289
情景一阈值控制,172.09973198780847,19531.66389624013,94.775769789088898,57435.311991843737,37.572550473474351,15074.873755034363,5087.4730842564313,10119.747984448593,0,65.016714178295786,72.148771792820682,12.8872,0.32300000000000001,0.9378329310941369,15207.221068705025,15207.221068705025
情景一阈值控制,172.21089405861008,19519.469714834137,94.581648156543949,57443.202154550519,37.489602437597547,15079.454843401994,5090.3869049157965,10121.138182488439,0,65.016714178295786,72.148771792820682,12.8872,0.32300000000000001,0.93724741493171315,15211.525087404236,15211.525087404236
情景一阈值控制,172.32205612941169,19507.308216296737,94.386112415537653,57451.071170027957,37.406193271316731,15084.02627136925,5093.2929159473952,10122.524654516808,0,65.016714178295786,72.148771792820682,12.8872,0.32300000000000001,0.93666346807084067,15215.817570464204,15215.817570464204
情景一阈值控制,172.43321820021333,19495.179529880876,94.18917784985257,57458.918954643799,37.322326274775577,15088.587974731499,5096.1910864660094,10123.907385798215,0,65.016714178295786,72.148771792820682,12.8872,0.32300000000000001,0.93608109671773243,15220.098472264224,15220.098472264224
情景一阈值控制,172.54438027101494,19483.08378258194,93.99085978040354,57466.745426226531,37.238004873481728,15093.139889918441,5099.0813861258766,10125.286361854549,0,65.016714178295786,72.148771792820682,12.8872,0.32300000000000001,0.9355003069702027,15224.367747980425,15224.367747980425
情景一阈值控制,172.65554234181656,19471.021099141839,93.791173563065072,57474.550504062754,37.153232613018368,15097.68195400012,5101.9637851197012,10126.6615684646,0,65.016714178295786,72.148771792820682,12.8872,0.32300000000000001,0.93492110481786228,15228.625353584303,15228.625353584303
情景一阈值控制,172.7667044126182,19458.991602053433,93.590134586509976,57482.334108894291,37.068013153931417,15102.214104692634,5104.8382541776036,10128.032991663569,0,65.016714178295786,72.148771792820682,12.8872,0.32300000000000001,0.93434349614233203,15232.871245841172,15232.871245841172
情景一阈值控制,172.87786648341981,19446.995411565156,93.387758270058853,57490.096162915193,36.982350266785403,15106.736280363599,5107.7047645660114,10129.400617742531,0,65.016714178295786,72.148771792820682,12.8872,0.32300000000000001,0.93376748671746435,15237.105382308542,15237.105382308542
情景一阈值控制,172.98902855422142,19435.032645685929,93.184060061540436,57497.836589768594,36.896247827381906,15111.24842003734,5110.5632880864923,10130.76443324787,0,65.016714178295786,72.148771792820682,12.8872,0.32300000000000001,0.93319308220957853,15241.327721334363,15241.327721334363
情景一阈值控制,173,19433.853764338968,93.163884421991042,57498.599376980776,36.887726028414917,15111.693211610636,5110.8449838157385,10130.898831653405,0,65.016714178295786,72.148771792820682,12.8872,0.32300000000000001,0.93313647700917646,15241.743815469144,15241.743815469144
情景一阈值控制,173.10019062502306,19423.103420190255,92.979055435164383,57505.555314543395,36.809709812134997,15115.750463399845,5113.4137970745287,10132.124424980715,0,65.016714178295786,72.148771792820682,12.8872,0.32300000000000001,0.93262028817770681,15245.538222055244,15245.538222055244
情景一阈值控制,173.21135269582467,19411.207848623635,92.772759889406089,57513.25226377073,36.722740293597731,15120.242350803426,5116.2562643982255,10133.480579996303,0,65.016714178295786,72.148771792820682,12.8872,0.32300000000000001,0.93204911007385305,15249.736844394529,15249.736844394529
情景一阈值控制,173.32251476662628,19399.346042308152,92.565188944903667,57520.927365420393,36.635343436134214,15124.724023271203,5119.090663456981,10134.832885603362,0,65.016714178295786,72.148771792820682,12.8872,0.32300000000000001,0.9314795532432617,15253.923549060342,15253.923549060342
情景一阈值控制,173.43367683742792,19387.518110348323,92.356358142368308,57528.580548897065,36.547523491732228,15129.195422501305,5121.9169681800831,10136.181329363424,0,65.016714178295786,72.148771792820682,12.8872,0.32300000000000001,0.93091162292469798,15258.098297543507,15258.098297543507
情景一阈值控制,173.54483890822954,19375.724159637179,92.14628304050791,57536.211745036308,36.459284795951383,15133.656490870844,5124.7351530252572,10137.525899090146,0,65.016714178295786,72.148771792820682,12.8872,0.32300000000000001,0.93034532425074112,15262.261052115402,15262.261052115402
情景一阈值控制,173.65600097903115,19363.964294862551,91.934979213964056,57543.820886100584,36.370631764001452,15138.107171439688,5127.5451929771643,10138.86658284859,0,65.016714178295786,72.148771792820682,12.8872,0.32300000000000001,0.92978066224808498,15266.411775825754,15266.411775825754
情景一阈值控制,173.76716304983279,19352.23861851362,91.722462251263167,57551.40790577497,36.281568886946985,15142.547407954,5130.3470635458407,10140.203368954473,0,65.016714178295786,72.148771792820682,12.8872,0.32300000000000001,0.92921764183785249,15270.550432500313,15270.550432500313
情景一阈值控制,173.8783251206344,19340.547230887645,91.508747752782412,57558.972739162775,36.192100728033438,15146.977144849563,5133.1407407650813,10141.536245973401,0,65.016714178295786,72.148771792820682,12.8872,0.32300000000000001,0.92865626783592059,15274.676986738483,15274.676986738483
情景一阈值控制,173.98948719143601,19328.890230096942,91.293851328729545,57566.515322781095,36.102231919129949,15151.396327254897,5135.9262011907804,10142.865202720079,0,65.016714178295786,72.148771792820682,12.8872,0.32300000000000001,0.92809654495325222,15278.791403910858,15278.791403910858
情景一阈值控制,174,19327.789588624302,91.273467555362558,57567.227485411117,36.093712287291105,15151.813709502729,5136.1892013672377,10142.990681386247,0,65.016714178295786,72.148771792820682,12.8872,0.32300000000000001,0.92804369652088869,15279.179882753484,15279.179882753484
情景一阈值控制,174.10064926223765,19317.267712076035,91.077788597138337,57574.035594556168,36.011967157285724,15155.804900994179,5138.7034218992176,10144.190228257488,0,65.016714178295786,72.148771792820682,12.8872,0.32300000000000001,0.92753847779624254,15282.893650156706,15282.893650156706
情景一阈值控制,174.21181133303926,19305.679770589075,90.860575181879284,57581.533493818497,35.92131120139527,15160.202812589951,5141.4723804852874,10145.51131189604,0,65.016714178295786,72.148771792820682,12.8872,0.32300000000000001,0.92698207086707385,15286.983692381327,15286.983692381327
情景一阈值控制,174.3229734038409,19294.126497237416,90.642226710685648,57589.008961298074,35.830268868968702,15164.590009265654,5144.2330550606885,10146.828443192724,0,65.016714178295786,72.148771792820682,12.8872,0.32300000000000001,0.92642732856407917,15291.061498253413,15291.061498253413
情景一阈值控制,174.43413547464252,19282.607981467412,90.422758813195856,57596.461939119232,35.738845033003919,15168.96643894796,5146.9854242520614,10148.141611950203,0,65.016714178295786,72.148771792820682,12.8872,0.32300000000000001,0.92587425518211719,15295.127036202264,15295.127036202264
情景一阈值控制,174.54529754544413,19271.12431057842,90.202187119011825,57603.892370795489,35.647044618956627,15173.332050268913,5149.729467199073,10149.450808215912,0,65.016714178295786,72.148771792820682,12.8872,0.32300000000000001,0.92532285491295663,15299.180275414985,15299.180275414985
情景一阈值控制,174.65645961624577,19259.675569730985,89.98052725577395,57611.300201224331,35.554872601805137,15177.686792567902,5152.4651635524651,10150.756022281119,0,65.016714178295786,72.148771792820682,12.8872,0.32300000000000001,0.92477313184566812,15303.221185833583,15303.221185833583
情景一阈值控制,174.76762168704738,19248.261841955242,89.75779484725318,57618.685376681642,35.462334003206628,15182.030615893451,5155.1924934720428,10152.057244679972,0,65.016714178295786,72.148771792820682,12.8872,0.32300000000000001,0.92422508996702935,15307.249738152015,15307.249738152015
情景一阈值控制,174.87878375784899,19236.883208159481,89.534005511459455,57626.047844816261,35.369433888741483,15186.363471004848,5157.9114376246325,10153.354466188521,0,65.016714178295786,72.148771792820682,12.8872,0.32300000000000001,0.92367873316193505,15311.265903813153,15311.265903813153
情景一阈值控制,174.98994582865063,19225.539747138901,89.309174858768259,57633.387554644309,35.276177365243043,15190.685309373581,5160.6219771819851,10154.647677823712,0,65.016714178295786,72.148771792820682,12.8872,0.32300000000000001,0.9231340652138178,15315.269655005697,15315.269655005697
情景一阈值控制,175,19224.515512916791,89.288788997434722,57634.050278478986,35.267725280927593,15191.075657706648,5160.8667197142659,10154.764445678848,0,65.016714178295786,72.148771792820682,12.8872,0.32300000000000001,0.92308488555417634,15315.631165393113,15315.631165393113
情景一阈值控制,175.10110789945224,19214.231535584571,89.083318490064528,57640.704456543317,35.1825695782099,15194.996083184637,5163.3240938186364,10155.936870842379,0,65.016714178295786,72.148771792820682,12.8872,0.32300000000000001,0.92259108980507798,15319.260964661014,15319.260964661014
情景一阈值控制,175.21226997025386,19202.958648092543,88.856451994903992,57647.998502246424,35.088615709297301,15199.295745337626,5166.0177697097315,10157.222036740201,0,65.016714178295786,72.148771792820682,12.8872,0.32300000000000001,0.92204981051752188,15323.239806449932,15323.239806449932
情景一阈值控制,175.3234320410555,19191.72115717316,88.628590949693205,57655.269644836313,34.994320973885962,15203.584249447744,5168.7029875287999,10158.503167250627,0,65.016714178295786,72.148771792820682,12.8872,0.32300000000000001,0.92151023083280792,15327.206154779426,15327.206154779426
情景一阈值控制,175.43459411185711,19180.519133260514,88.399750915887694,57662.51783873907,34.899690618725018,15207.861549846597,5171.3797304454938,10159.780254343821,0,65.016714178295786,72.148771792820682,12.8872,0.32300000000000001,0.92097235413290202,15331.159984789316,15331.159984789316
情景一阈值控制,175.54575618265872,19169.352644722097,88.169947438208297,57669.743039717971,34.804729919646775,15212.127601582866,5174.0479821232821,10161.053290225544,0,65.016714178295786,72.148771792820682,12.8872,0.32300000000000001,0.92043618370053926,15335.101272348826,15335.101272348826
情景一阈值控制,175.65691825346036,19158.221757868603,87.939196042876702,57676.945204867137,34.709444179351003,15216.382360422822,5176.7077267171126,10162.322267336041,0,65.016714178295786,72.148771792820682,12.8872,0.32300000000000001,0.91990172271969561,15339.029994053155,15339.029994053155
情景一阈值控制,175.76808032426197,19147.126536963893,87.707512235869928,57684.124292605076,34.613838725256578,15220.625782850704,5179.3589488710222,10163.587178348909,0,65.016714178295786,72.148771792820682,12.8872,0.32300000000000001,0.91936897427606701,15342.946127219931,15342.946127219931
情景一阈值控制,175.87924239506359,19136.067044235122,87.474911501193517,57691.2802626681,34.517918907417844,15224.857826068956,5182.0016337157258,10164.848016169943,0,65.016714178295786,72.148771792820682,12.8872,0.32300000000000001,0.91883794135755403,15346.849649885669,15346.849649885669
情景一阈值控制,175.99040446586523,19125.043339883021,87.241409299174407,57698.413076103767,34.42169009650403,15229.078447998329,5184.6357668661558,10166.104773935953,0,65.016714178295786,72.148771792820682,12.8872,0.32300000000000001,0.91830862685475645,15350.740540802108,15350.740540802108
情景一阈值控制,176,19124.093451200355,87.221211575843668,57699.027695159362,34.413369292850483,15229.442236152381,5184.8627444036811,10166.213066025497,0,65.016714178295786,72.148771792820682,12.8872,0.32300000000000001,0.91826301697265877,15351.075810429178,15351.075810429178
情景一阈值控制,176.10156653666684,19114.055482092332,87.007021064773625,57705.522695264015,34.325157681839578,15233.28760727784,5187.2613344189685,10167.357445013587,0,65.016714178295786,72.148771792820682,12.8872,0.32300000000000001,0.91778103356147478,15354.618779432556,15354.618779432556
情景一阈值控制,176.21272860746845,19103.103527042367,86.771762205917852,57712.609083798387,34.228327069503088,15237.485263264614,5189.8783229500177,10168.606022998121,0,65.016714178295786,72.148771792820682,12.8872,0.32300000000000001,0.91725516417521646,15358.484345948138,15358.484345948138
情景一阈值控制,176.32389067827009,19092.187528917766,86.535648101851592,57719.672206647105,34.131203680483544,15241.671376033588,5192.4867195117931,10169.850501712232,0,65.016714178295786,72.148771792820682,12.8872,0.32300000000000001,0.91673102129771245,15362.337221224025,15362.337221224025
情景一阈值控制,176.4350527490717,19081.307539919333,86.298694101509284,57726.712030033974,34.033792948891644,15245.845906377084,5195.0865116308223,10171.090875204767,0,65.016714178295786,72.148771792820682,12.8872,0.32300000000000001,0.91620860743543853,15366.177386835589,15366.177386835589
情景一阈值控制,176.54621481987331,19070.463610275056,86.060915521907049,57733.728521459314,33.936100320224398,15250.008815804285,5197.6776873050385,10172.327137749482,0,65.016714178295786,72.148771792820682,12.8872,0.32300000000000001,0.91568792500014284,15370.004825054521,15370.004825054521
情景一阈值控制,176.65737689067495,19059.655788251235,85.822327646555323,57740.721649692758,33.838131249681702,15254.160066540562,5200.2602350011284,10173.559283843777,0,65.016714178295786,72.148771792820682,12.8872,0.32300000000000001,0.91516897630938154,15373.819518844906,15373.819518844906
情景一阈值控制,176.76853896147657,19048.884120163766,85.582945723891953,57747.691384765902,33.739891200533059,15258.299621526703,5202.8341436518276,10174.787308207404,0,65.016714178295786,72.148771792820682,12.8872,0.32300000000000001,0.91465176358706002,15377.621451859231,15377.621451859231
情景一阈值控制,176.87970103227818,19038.148650389521,85.342784965735248,57754.637697964979,33.64138564253269,15262.427444418014,5205.3994026532082,10176.01120578118,0,65.016714178295786,72.148771792820682,12.8872,0.32300000000000001,0.91413628896397958,15381.410608434388,15381.410608434388
情景一阈值控制,176.99086310307982,19027.449421377874,85.101860545758413,57761.560561823448,33.542620050381856,15266.543499583331,5207.9560018619168,10177.230971725659,0,65.016714178295786,72.148771792820682,12.8872,0.32300000000000001,0.9136225544783898,15385.186973587577,15385.186973587577
情景一阈值控制,177,19026.571618015445,85.082024417148219,57762.128538559526,33.534490678303669,15266.881291710371,5208.1657544879563,10177.33104572597,0,65.016714178295786,72.148771792820682,12.8872,0.32300000000000001,0.91358040584708611,15385.496800213927,15385.496800213927
情景一阈值控制,177.10202517388143,19016.786473662352,84.860187597984748,57768.459950114331,33.443599902237054,15270.647752103892,5210.5039315923987,10178.446601419819,0,65.016714178295786,72.148771792820682,12.8872,0.32300000000000001,0.91311056207655084,15388.950533012217,15388.950533012217
情景一阈值控制,177.21318724468304,19006.159845872378,84.617781215303097,57775.335837842722,33.344330678261962,15274.740167772125,5213.0431826140866,10179.658090459707,0,65.016714178295786,72.148771792820682,12.8872,0.32300000000000001,0.91260031361329341,15392.701273073793,15392.701273073793
情景一阈值控制,177.32434931548468,18995.569574745165,84.374656448005098,57782.188201238074,33.24481785922282,15278.820713090328,5215.5737461485587,10180.8654346571,0,65.016714178295786,72.148771792820682,12.8872,0.32300000000000001,0.91209181085259272,15396.439180805659,15396.439180805659
情景一阈值控制,177.43551138628629,18985.015695137692,84.130828302343346,57789.017017746402,33.145066925125249,15282.889355269233,5218.0956138666816,10182.068630038126,0,65.016714178295786,72.148771792820682,12.8872,0.32300000000000001,0.9115850554681425,15400.164243904808,15400.164243904808
情景一阈值控制,177.54667345708791,18974.498240038789,83.886311739110354,57795.8222660225,33.045083353891378,15286.946062226501,5220.6087778857172,10183.267672841888,0,65.016714178295786,72.148771792820682,12.8872,0.32300000000000001,0.91108004904393536,15403.876450727606,15403.876450727606
情景一阈值控制,177.65783552788955,18964.017240581346,83.641121672239208,57802.603925922056,32.944872620076325,15290.990802585076,5223.1132307664075,10184.462559519086,0,65.016714178295786,72.148771792820682,12.8872,0.32300000000000001,0.91057679307484896,15407.575790285493,15407.575790285493
情景一阈值控制,177.76899759869116,18953.572726054615,83.395272967425612,57809.361978493653,32.844440193622816,15295.02354567148,5225.6089655100341,10185.653286730596,0,65.016714178295786,72.148771792820682,12.8872,0.32300000000000001,0.91007528896723722,15411.262252240631,15411.262252240631
情景一阈值控制,177.8801596694928,18943.164723916598,83.148780440770764,57816.096405970769,32.743791538652424,15299.044261514002,5228.0959755554613,10186.839851346065,0,65.016714178295786,72.148771792820682,12.8872,0.32300000000000001,0.90957553803952373,15414.935826901527,15414.935826901527
情景一阈值控制,177.99132174029441,18932.793259806549,82.901658857446691,57822.807191763706,32.642932112293174,15303.052920840795,5230.5742547761447,10188.022250442493,0,65.016714178295786,72.148771792820682,12.8872,0.32300000000000001,0.9090775415228044,15418.596505218637,15418.596505218637
情景一阈值控制,178,18931.98511311254,82.882340395668507,57823.330097623017,32.635049454211646,15303.365362795355,5230.7673628212369,10188.114383232099,0,65.016714178295786,72.148771792820682,12.8872,0.32300000000000001,0.90903873752807951,15418.881746053336,15418.881746053336
情景一阈值控制,178.10248381109602,18922.45835755756,82.653922930381896,57829.494320451427,32.541867363541535,15307.049495077887,5233.0437974771285,10189.200481302783,0,65.016714178295786,72.148771792820682,12.8872,0.32300000000000001,0.90858130056144892,15422.244278779912,15422.244278779912
情景一阈值控制,178.21364588189766,18912.160039209211,82.405587318969467,57836.157777773362,32.440602732158595,15311.033956347101,5235.5045983920127,10190.374541414316,0,65.016714178295786,72.148771792820682,12.8872,0.32300000000000001,0.90808681621371068,15425.879139806329,15425.879139806329
情景一阈值控制,178.32480795269927,18901.898325020367,82.156666627796668,57842.797550621144,32.339143647599151,15315.00627746389,5237.956652679909,10191.544428467478,0,65.016714178295786,72.148771792820682,12.8872,0.32300000000000001,0.90759408945233999,15429.501081147388,15429.501081147388
情景一阈值控制,178.43597002350089,18891.673233481994,81.907175405395563,57849.413627030328,32.237495527972492,15318.966431935107,5240.3999559223694,10192.710140354206,0,65.016714178295786,72.148771792820682,12.8872,0.32300000000000001,0.90710312116519987,15433.110096276574,15433.110096276574
情景一阈值控制,178.54713209430253,18881.484781330084,81.657128143015868,57856.005996172004,32.135663779034616,15322.91439395666,5242.8345041202983,10193.871675166512,0,65.016714178295786,72.148771792820682,12.8872,0.32300000000000001,0.9066139121558856,15436.706179286812,15436.706179286812
情景一阈值控制,178.65829416510414,18871.332983558663,81.406539273419497,57862.57464834438,32.03365379321064,15326.850138411122,5245.2602936908497,10195.029031195003,0,65.016714178295786,72.148771792820682,12.8872,0.32300000000000001,0.90612646314435108,15440.289324885853,15440.289324885853
情景一阈值控制,178.76945623590575,18861.217853432852,81.155423169696235,57869.119574964359,31.931470948646385,15330.773640865245,5247.677321464299,10196.182206927388,0,65.016714178295786,72.148771792820682,12.8872,0.32300000000000001,0.9056407747675348,15443.859528391687,15443.859528391687
情景一阈值控制,178.88061830670739,18851.139402502009,80.90379414410144,57875.640768559002,31.829120608288871,15334.684877567397,5250.0855846809063,10197.33120104698,0,65.016714178295786,72.148771792820682,12.8872,0.32300000000000001,0.90515684757999082,15447.416785727886,15447.416785727886
情景一阈值控制,178.991780377509,18841.097640612952,80.65166644691584,57882.138222756999,31.726608118994619,15338.583825444943,5252.485080987758,10198.476012431194,0,65.016714178295786,72.148771792820682,12.8872,0.32300000000000001,0.90467468205452439,15450.961093418951,15450.961093418951
情景一阈值控制,179,18840.356582707922,80.633004036892984,57882.617719268579,31.719021778093058,15338.871635589308,5252.6621580511173,10198.560496761276,0,65.016714178295786,72.148771792820682,12.8872,0.32300000000000001,0.90463909939700593,15451.222654812394,15451.222654812394
情景一阈值控制,179.10294244831061,18831.092575923209,80.39905426532593,57888.611932280059,31.623938810664832,15342.470462101539,5254.8758084355986,10199.616640150032,0,65.016714178295786,72.148771792820682,12.8872,0.32300000000000001,0.90419427858282753,15454.492448585632,15454.492448585632
情景一阈值控制,179.21410451911225,18821.124214914376,80.145971722327005,57895.061892934325,31.521117995407248,15346.344765814363,5257.2577654756396,10200.753083464557,0,65.016714178295786,72.148771792820682,12.8872,0.32300000000000001,0.90371563747612094,15458.010848940197,15458.010848940197
情景一阈值控制,179.32526658991387,18811.1925624055,79.892432875647629,57901.488101601659,31.418150966723644,15350.206715531263,5259.6309509563625,10201.885341825373,0,65.016714178295786,72.148771792820682,12.8872,0.32300000000000001,0.90323875896579608,15461.516292781736,15461.516292781736
情景一阈值控制,179.43642866071548,18801.297621566537,79.638451716695073,57907.890556230966,31.315042998722152,15354.056290867875,5261.9953641202992,10203.013414871091,0,65.016714178295786,72.148771792820682,12.8872,0.32300000000000001,0.90276364320406122,15465.00877899139,15465.00877899139
情景一阈值控制,179.54759073151712,18791.439393931836,79.384042169523127,57914.269255829466,31.211799345354223,15357.893472104628,5264.3510046008159,10204.137302426789,0,65.016714178295786,72.148771792820682,12.8872,0.32300000000000001,0.90229029026459029,15468.488307027605,15468.488307027605
情景一阈值控制,179.65875280231873,18781.617879413716,79.129218089821293,57920.624200453865,31.108425239675316,15361.718240183725,5266.6978724188621,10205.25700450246,0,65.016714178295786,72.148771792820682,12.8872,0.32300000000000001,0.90181870014317289,15471.954876921322,15471.954876921322
情景一阈值控制,179.76991487312034,18771.833076316056,78.873993263924859,57926.955391201642,31.00492589312854,15365.530576706049,5269.035967979732,10206.372521291472,0,65.016714178295786,72.148771792820682,12.8872,0.32300000000000001,0.90134887275836806,15475.408489271205,15475.408489271205
情景一阈值控制,179.88107694392198,18762.084981347933,78.618381407847181,57933.262830202177,30.901306494851063,15369.330463928001,5271.365292069795,10207.483853169006,0,65.016714178295786,72.148771792820682,12.8872,0.32300000000000001,0.90088080795215875,15478.849145238801,15478.849145238801
情景一阈值控制,179.99223901472359,18752.373589637325,78.362396166333255,57939.546520607866,30.797572211002581,15373.117884758289,5273.6858458532288,10208.591000690496,0,65.016714178295786,72.148771792820682,12.8872,0.32300000000000001,0.90041450549060964,15482.276846543726,15482.276846543726
情景一阈值控制,180,18751.696941438549,78.344510489760566,57939.984341254101,30.790325652565144,15373.381844545829,5273.8475321062915,10208.668141989963,0,65.016714178295786,72.148771792820682,12.8872,0.32300000000000001,0.9003820155313853,15482.515674096256,15482.515674096256
情景一阈值控制,180.10340108552521,18742.698894744823,78.106051111933979,57945.806466585273,30.693728184114978,15376.892822754662,5275.9976308687419,10209.693964590069,0,65.016714178295786,72.148771792820682,12.8872,0.32300000000000001,0.89994996506452651,15485.691595458811,15485.691595458811
情景一阈值控制,180.21456315632685,18733.060888677403,77.849359744102429,57952.042673306256,30.589779532463176,15380.655262120585,5278.3006490262815,10210.792745778968,0,65.016714178295786,72.148771792820682,12.8872,0.32300000000000001,0.89948718629011526,15489.09339480525,15489.09339480525
情景一阈值控制,180.32572522712846,18723.459561902226,77.592335488311306,57958.255146938965,30.485731349456412,15384.405187701859,5280.594902603737,10211.887345343988,0,65.016714178295786,72.148771792820682,12.8872,0.32300000000000001,0.89902616870964736,15492.482247947726,15492.482247947726
情景一阈值控制,180.43688729793007,18713.894903360448,77.334991695190794,57964.443894638935,30.381588703049207,15388.142584983183,5282.8803942436343,10212.977764545889,0,65.016714178295786,72.148771792820682,12.8872,0.32300000000000001,0.89856691179212111,15495.858158789524,15495.858158789524
情景一阈值控制,180.54804936873171,18704.366900481105,77.077341639688285,57970.608924540145,30.277356635171984,15391.867440084698,5285.1571269498309,10214.064004817827,0,65.016714178295786,72.148771792820682,12.8872,0.32300000000000001,0.89810941493392826,15499.221131767657,15499.221131767657
情景一阈值控制,180.65921143953332,18694.875539194978,76.819398520248981,57976.750245745978,30.17304016118073,15395.579739758423,5287.42510408419,10215.146067763761,0,65.016714178295786,72.148771792820682,12.8872,0.32300000000000001,0.89765367745952107,15502.571171847951,15502.571171847951
情景一阈值控制,180.77037351033493,18685.420803948495,76.561175458016734,57982.867868320267,30.06864426932496,15399.279471384702,5289.6843293632637,10216.22395515688,0,65.016714178295786,72.148771792820682,12.8872,0.32300000000000001,0.8971996986220786,15505.908284520145,15505.908284520145
情景一阈值控制,180.88153558113657,18676.002677717675,76.302685496056398,57988.961803278267,29.964173920233943,15402.966622968574,5291.9348068549625,10217.297668937999,0,65.016714178295786,72.148771792820682,12.8872,0.32300000000000001,0.89674747760417739,15509.232475792962,15509.232475792962
情景一阈值控制,180.99269765193819,18666.621142022072,76.043941598596831,57995.032062577629,29.85963404642068,15406.641183136089,5294.1765409752197,10218.367211213987,0,65.016714178295786,72.148771792820682,12.8872,0.32300000000000001,0.89629701351845936,15512.543752189205,15512.543752189205
情景一阈值控制,181,18666.006139833236,76.026935874588901,57995.429995589562,29.852764401900785,15406.88212768152,5294.3234968079823,10218.437324558125,0,65.016714178295786,72.148771792820682,12.8872,0.32300000000000001,0.89626748355580765,15512.760821366108,15512.760821366108
情景一阈值控制,181.1038597227398,18657.276176938733,75.784956650293978,58001.078659109364,29.755029551802902,15410.303141130622,5296.4095364846598,10219.432584256156,0,65.016714178295786,72.148771792820682,12.8872,0.32300000000000001,0.89584830540830362,15515.842120740816,15515.842120740816
情景一阈值控制,181.21502179354144,18647.967761116168,75.525743455514899,58007.101606688797,29.650365311241156,15413.95248680909,5298.6337984852589,10220.493790498687,0,65.016714178295786,72.148771792820682,12.8872,0.32300000000000001,0.89540135224849626,15519.127588983945,15519.127588983945
情景一阈值控制,181.32618386434305,18638.695871788364,75.266314737642418,58013.100920046541,29.545646170093391,15417.589210638176,5300.8493324169931,10221.550832537019,0,65.016714178295786,72.148771792820682,12.8872,0.32300000000000001,0.89495615294590392,15522.400164954011,15522.400164954011
情景一阈值控制,181.43734593514466,18629.460484788757,75.006683138399268,58019.076614819394,29.440876943785412,15421.213303690482,5303.0561440545061,10222.60371312626,0,65.016714178295786,72.148771792820682,12.8872,0.32300000000000001,0.89451270634014401,15525.659857180766,15525.659857180766
情景一阈值控制,181.5485080059463,18620.261574564251,74.7468612171931,58025.028707541322,29.336062417397333,15424.824757640657,5305.2542395037535,10223.652435179594,0,65.016714178295786,72.148771792820682,12.8872,0.32300000000000001,0.89407101120425847,15528.906674683349,15528.906674683349
情景一阈值控制,181.65967007674791,18611.09911418923,74.486861450481555,58030.957215634349,29.231207345265421,15428.423564761486,5307.4436251986581,10224.697001766675,0,65.016714178295786,72.148771792820682,12.8872,0.32300000000000001,0.89363106624538613,15532.140626965334,15532.140626965334
情景一阈值控制,181.77083214754953,18601.973075379559,74.226696231156637,58036.862157399562,29.126316450598729,15432.009717919942,5309.6243078977614,10225.737416112039,0,65.016714178295786,72.148771792820682,12.8872,0.32300000000000001,0.89319287010543524,15535.361724009799,15535.361724009799
情景一阈值控制,181.88199421835117,18592.883428506608,73.96637786794949,58042.743552007938,29.021394425110749,15435.583210573213,5311.7962946808775,10226.773681593497,0,65.016714178295786,72.148771792820682,12.8872,0.32300000000000001,0.89275642136175637,15538.569976274375,15538.569976274375
情景一阈值控制,181.99315628915278,18583.830142611259,73.705918584854857,58048.601419491373,28.916445928665386,15439.144036764663,5313.959592945741,10227.805801740542,0,65.016714178295786,72.148771792820682,12.8872,0.32300000000000001,0.89232171852781583,15541.765394686283,15541.765394686283
情景一阈值控制,182,18583.27396307834,73.689879035108476,58048.961291701147,28.909983996605334,15439.362845569618,5314.0924930035135,10227.869209005919,0,65.016714178295786,72.148771792820682,12.8872,0.32300000000000001,0.89229501299548941,15541.961702009434,15541.961702009434
情景一阈值控制,182.10431835995439,18574.813185417905,73.445330520574487,58054.435780733591,28.811475588936815,15442.692191119811,5316.1142104046621,10228.833780232761,0,65.016714178295786,72.148771792820682,12.8872,0.32300000000000001,0.89188876005386741,15544.947990637422,15544.947990637422
情景一阈值控制,182.21548043075603,18565.832523348465,73.18462572798056,58060.246657461044,28.706488001083365,15446.227668842239,5318.2601550811823,10229.857620898219,0,65.016714178295786,72.148771792820682,12.8872,0.32300000000000001,0.89145754432762447,15548.117775979401,15548.117775979401
情景一阈值控制,182.32664250155764,18556.888121536373,72.923816173598368,58066.034072233924,28.601487727434854,15449.750465709478,5320.3974353067279,10230.877327711885,0,65.016714178295786,72.148771792820682,12.8872,0.32300000000000001,0.8910280696749332,15551.274763018613,15551.274763018613
情景一阈值控制,182.43780457235925,18547.979943840546,72.662913737107459,58071.798048437071,28.496479297192852,15453.260578068892,5322.5260597172719,10231.89290479402,0,65.016714178295786,72.148771792820682,12.8872,0.32300000000000001,0.8906003343604425,15554.418964511293,15554.418964511293
情景一阈值控制,182.5489666431609,18539.107952859365,72.401930210862531,58077.538610270945,28.391467206144132,15456.758002833487,5324.6460372499951,10232.904356408599,0,65.016714178295786,72.148771792820682,12.8872,0.32300000000000001,0.89017433658827505,15557.550393658594,15557.550393658594
情景一阈值控制,182.66012871396251,18530.272109944646,72.140877299432958,58083.255782742606,28.286455916386736,15460.242737477742,5326.7573771399502,10233.91168696171,0,65.016714178295786,72.148771792820682,12.8872,0.32300000000000001,0.88975007450269838,15560.669064101661,15560.669064101661
情景一阈值控制,182.77129078476412,18521.472375215544,71.879766619160492,58088.949591656674,28.181449856068109,15463.71478003337,5328.8600889167319,10234.914900999967,0,65.016714178295786,72.148771792820682,12.8872,0.32300000000000001,0.88932754618879317,15563.774989916699,15563.774989916699
情景一阈值控制,182.88245285556576,18512.708707572503,71.618609697736147,58094.620063606337,28.076453419135646,15467.174129085108,5330.9541824011494,10235.914003208929,0,65.016714178295786,72.148771792820682,12.8872,0.32300000000000001,0.88890674967312167,15566.868185610077,15566.868185610077
情景一阈值控制,182.99361492636737,18503.981064711155,71.35741797379535,58100.267225964351,27.971470965099012,15470.620783766415,5333.0396677019062,10236.908998411505,0,65.016714178295786,72.148771792820682,12.8872,0.32300000000000001,0.88848768292439584,15569.948666113411,15569.948666113411
情景一阈值控制,183,18503.480847996929,71.342414478963207,58100.590887810315,27.965441359342254,15470.818371735266,5333.1591953477191,10236.966025633954,0,65.016714178295786,72.148771792820682,12.8872,0.32300000000000001,0.88846366450436898,15570.125220981674,15570.125220981674
情景一阈值控制,183.10477699716898,18495.289403136183,71.096202796530719,58105.891106874071,27.866506818803877,15474.054743755229,5335.1165552122829,10237.899891566381,0,65.016714178295786,72.148771792820682,12.8872,0.32300000000000001,0.88807034385414374,15573.016446778664,15573.016446778664
情景一阈值控制,183.21593906797062,18486.633678175185,70.834975425323606,58111.491735240474,27.761565270217186,15477.476009269621,5337.1848556068244,10238.886687766435,0,65.016714178295786,72.148771792820682,12.8872,0.32300000000000001,0.88765473031737385,15576.071543373258,15576.071543373258
情景一阈值控制,183.32710113877224,18478.013843992518,70.573747029393374,58117.069140721193,27.656650574223562,15480.884581063487,5339.2445798380395,10239.869392237164,0,65.016714178295786,72.148771792820682,12.8872,0.32300000000000001,0.88724084011324056,15579.113972075203,15579.113972075203
情景一阈值控制,183.43826320957385,18469.429853603084,70.312528687463924,58122.62335371763,27.551766950432384,15484.280460422206,5341.2957391330983,10240.848010335101,0,65.016714178295786,72.148771792820682,12.8872,0.32300000000000001,0.88682867098570628,15582.1437494682,15582.1437494682
情景一阈值控制,183.54942528037549,18460.881658886108,70.051331387448272,58128.154405366011,27.446918582995682,15487.663649158259,5343.3383449905414,10241.822547546259,0,65.016714178295786,72.148771792820682,12.8872,0.32300000000000001,0.88641822062420228,15585.1608925368,15585.1608925368
情景一阈值控制,183.6605873511771,18452.369210598885,69.790166026150573,58133.662327528487,27.34210962043651,15491.034149606869,5345.3724091769982,10242.793009484554,0,65.016714178295786,72.148771792820682,12.8872,0.32300000000000001,0.88600948666428958,15588.165418661552,15588.165418661552
情景一阈值控制,183.77174942197871,18443.892458390488,69.529043408984791,58139.147152784273,27.237344175487326,15494.391964621584,5347.3979437239086,10243.759401890244,0,65.016714178295786,72.148771792820682,12.8872,0.32300000000000001,0.88560246668831677,15591.157345614152,15591.157345614152
情景一阈值控制,183.88291149278035,18435.45135081546,69.267974249710932,58144.608914420824,27.132626324938578,15497.73709756988,5349.4149609242559,10244.721730628371,0,65.016714178295786,72.148771792820682,12.8872,0.32300000000000001,0.88519715822607703,15594.136691552627,15594.136691552627
情景一阈值控制,183.99407356358196,18427.045835347431,69.006969170188157,58150.047646424973,27.027960109497062,15501.069552328729,5351.4234733293051,10245.680001687206,0,65.016714178295786,72.148771792820682,12.8872,0.32300000000000001,0.88479355875546273,15597.103475016511,15597.103475016511
情景一阈值控制,184,18426.598706424975,68.993056084088678,58150.336958173881,27.022381516636418,15501.246861181235,5351.5303155557958,10245.730976634261,0,65.016714178295786,72.148771792820682,12.8872,0.32300000000000001,0.88477208940036056,15597.261292190056,15597.261292190056
情景一阈值控制,184.10523563438358,18418.675858392744,68.746038700144084,58155.463383474133,26.92334953365371,15504.389333280151,5353.423493745353,10246.634221176693,0,65.016714178295786,72.148771792820682,12.8872,0.32300000000000001,0.88439166570311933,15600.057714922046,15600.057714922046
情景一阈值控制,184.21639770518522,18410.341365304008,68.485193276961027,58160.856160927513,26.81879856556095,15507.696445306783,5355.4150352304887,10247.584395326912,0,65.016714178295786,72.148771792820682,12.8872,0.32300000000000001,0.88399147644509612,15602.9994305574,15602.9994305574
情景一阈值控制,184.32755977598683,18402.042300393634,68.224443245478753,58166.226014817403,26.714311136919331,15510.99089378739,5357.3981110913564,10248.530530486529,0,65.016714178295786,72.148771792820682,12.8872,0.32300000000000001,0.88359298830749644,15605.928641577884,15605.928641577884
情景一阈值控制,184.43872184678844,18393.778606947315,67.96379885781262,58171.572981840407,26.609891142872844,15514.272684592413,5359.3727348799366,10249.472633121259,0,65.016714178295786,72.148771792820682,12.8872,0.32300000000000001,0.88319619856712428,15608.845368001195,15608.845368001195
情景一阈值控制,184.54988391759008,18385.550227237465,67.703270273188451,58176.897099348782,26.505542441913398,15517.541824079473,5361.3389203903371,10250.410709812335,0,65.016714178295786,72.148771792820682,12.8872,0.32300000000000001,0.88280110445213034,15611.749630202672,15611.749630202672
情景一阈值控制,184.66104598839169,18377.357102536636,67.442867557792994,58182.198405341718,26.401268855793891,15520.798319088884,5363.2966816555827,10251.344767254985,0,65.016714178295786,72.148771792820682,12.8872,0.32300000000000001,0.88240770314265582,15614.641448910566,15614.641448910566
情景一阈值控制,184.77220805919333,18369.199173130834,67.182600684639525,58187.476938456748,26.297074169449488,15524.042176939154,5365.2460329444348,10252.274812256906,0,65.016714178295786,72.148771792820682,12.8872,0.32300000000000001,0.88201599177147172,15617.520845201341,15617.520845201341
情景一阈值控制,184.88337012999494,18361.076378332851,66.922479533449703,58192.732737961123,26.192962130927619,15527.273405422469,5367.1869887582052,10253.200851736739,0,65.016714178295786,72.148771792820682,12.8872,0.32300000000000001,0.88162596742461963,15620.387840494945,15620.387840494945
情景一阈值控制,184.99453220079656,18352.988656495523,66.662513890549675,58197.965843743223,26.088936451325658,15530.492012800198,5369.1195638275931,10254.122892722577,0,65.016714178295786,72.148771792820682,12.8872,0.32300000000000001,0.88123762714204701,15623.24245655017,15623.24245655017
情景一阈值控制,185,18352.591744504345,66.649730979665563,58198.222662965964,26.083821967594879,15530.650002963248,5369.2144066318233,10254.168142686782,0,65.016714178295786,72.148771792820682,12.8872,0.32300000000000001,0.88121856900455042,15623.382549318605,15623.382549318605
情景一阈值控制,185.1056942715982,18344.935945024914,66.402713448782052,58203.176296304038,25.985000804736881,15533.69800779835,5371.0437731095253,10255.040942350442,0,65.016714178295786,72.148771792820682,12.8872,0.32300000000000001,0.88085096791824213,15626.084715459969,15626.084715459969
情景一阈值控制,185.21685634239981,18336.918180393484,66.143087807432408,58208.364136748627,25.881158828204146,15536.891399603073,5372.959631784016,10255.955007862791,0,65.016714178295786,72.148771792820682,12.8872,0.32300000000000001,0.88046598670286491,15628.914639646806,15628.914639646806
情景一阈值控制,185.32801841320142,18328.935298153203,65.883646472170199,58213.529406777649,25.777414121681009,15540.072197856111,5374.8671552510341,10256.865096607025,0,65.016714178295786,72.148771792820682,12.8872,0.32300000000000001,0.8800826804013766,15631.732251858059,15631.732251858059
情景一阈值控制,185.43918048400306,18320.987232948577,65.624398855004472,58218.672148678947,25.673770248000523,15543.240412650284,5376.7663591273877,10257.771216034,0,65.016714178295786,72.148771792820682,12.8872,0.32300000000000001,0.87970104587566578,15634.537575161386,15634.537575161386
情景一阈值控制,185.55034255480467,18313.07391852967,65.365354274253988,58223.79240531908,25.570230732851375,15546.396054524952,5378.6572592436123,10258.673373696542,0,65.016714178295786,72.148771792820682,12.8872,0.32300000000000001,0.87932107994467412,15637.330632940153,15637.330632940153
情景一阈值控制,185.66150462560628,18305.195287765015,65.106521954530862,58228.890220135028,25.466799064760917,15549.539134461475,5380.539871640889,10259.571577247976,0,65.016714178295786,72.148771792820682,12.8872,0.32300000000000001,0.87894277938501475,15640.111448888865,15640.111448888865
情景一阈值控制,185.77266669640792,18297.351272654516,64.847911026738501,58233.965637125781,25.363478695085433,15552.669663878689,5382.4142125679582,10260.465834440654,0,65.016714178295786,72.148771792820682,12.8872,0.32300000000000001,0.87856614093159335,15642.880047008613,15642.880047008613
情景一阈值控制,185.88382876720954,18289.541804342258,64.589530528083458,58239.018700844099,25.26027303800732,15555.787654628366,5384.2802984780556,10261.356153124498,0,65.016714178295786,72.148771792820682,12.8872,0.32300000000000001,0.8781911612782225,15645.636451602553,15645.636451602553
情景一阈值控制,185.99499083801115,18281.766813129296,64.331389402100186,58244.049456388209,25.157185470538689,15558.893118990667,5386.138146025869,10262.242541245538,0,65.016714178295786,72.148771792820682,12.8872,0.32300000000000001,0.87781783707823513,15648.380687271407,15648.380687271407
情景一阈值控制,186,18281.417268776117,64.319762879383333,58244.275626700757,25.152542994440253,15559.032762030121,5386.2216702513788,10262.282391060662,0,65.016714178295786,72.148771792820682,12.8872,0.32300000000000001,0.87780105334659664,15648.50406131204,15648.50406131204
情景一阈值控制,186.10615290881279,18274.026228486331,64.073496498689465,58249.057949393609,25.054219332531797,15561.986069669643,5387.9877720644936,10263.125006844466,0,65.016714178295786,72.148771792820682,12.8872,0.32300000000000001,0.87744616494509498,15651.112778908959,15651.112778908959
情景一阈值控制,186.2173149796144,18266.319979066371,63.81586057417023,58254.044226024918,24.951377926695919,15565.066519788659,5389.8291936424157,10264.003558055205,0,65.016714178295786,72.148771792820682,12.8872,0.32300000000000001,0.87707614145300239,15653.832751697621,15653.832751697621
情景一阈值控制,186.32847705041601,18258.647992717313,63.558490291343588,58259.008332967634,24.848664518620261,15568.1344828859,5391.6624280005071,10264.878203103452,0,65.016714178295786,72.148771792820682,12.8872,0.32300000000000001,0.87670776313750021,15656.540631103959,15656.540631103959
情景一阈值控制,186.43963912121765,18251.010196494444,63.301394219570184,58263.95031742016,24.746082336803273,15571.189972909833,5393.4874925690292,10265.748950305273,0,65.016714178295786,72.148771792820682,12.8872,0.32300000000000001,0.87634102649607304,15659.236442874302,15659.236442874302
情景一阈值控制,186.55080119201926,18243.406516672934,63.044580834860085,58268.870227085637,24.64363457268799,15574.233004214684,5395.3044049646596,10266.61580806567,0,65.016714178295786,72.148771792820682,12.8872,0.32300000000000001,0.87597592798874713,15661.920213030329,15661.920213030329
情景一阈值控制,186.66196326282088,18235.836878760179,62.788058519974498,58273.768110164019,24.541324380703031,15577.263591555933,5397.1131829875339,10267.478784877174,0,65.016714178295786,72.148771792820682,12.8872,0.32300000000000001,0.87561246403868365,15664.591967864708,15664.591967864708
情景一阈值控制,186.77312533362252,18228.301207508164,62.531835564540145,58278.644015344013,24.439154878309562,15580.281750085785,5398.9138446182942,10268.337889318436,0,65.016714178295786,72.148771792820682,12.8872,0.32300000000000001,0.87525063103277168,15667.25173393673,15667.25173393673
情景一阈值控制,186.88428740442413,18220.7994269257,62.275920165175634,58283.497991795201,24.337129146053972,15583.287495348683,5400.7064080151677,10269.193130052839,0,65.016714178295786,72.148771792820682,12.8872,0.32300000000000001,0.87489042532221606,15669.899538068006,15669.899538068006
情景一阈值控制,186.99544947522574,18213.331460290618,62.020320425628988,58288.330089160154,24.235250227625709,15586.280843276791,5402.4908915110473,10270.04451582709,0,65.016714178295786,72.148771792820682,12.8872,0.32300000000000001,0.87453184322312305,15672.535407338139,15672.535407338139
情景一阈值控制,187,18213.026471310026,62.009864049765582,58288.527430219845,24.231082889201257,15586.403114911984,5402.5637691535003,10270.079286105545,0,65.016714178295786,72.148771792820682,12.8872,0.32300000000000001,0.8745171988635263,15672.643055259046,15672.643055259046
情景一阈值控制,187.10661154602738,18205.897230161889,61.765044356927326,58293.140357546559,24.133521129920837,15589.261810185521,5404.2673136105996,10270.892055469862,0,65.016714178295786,72.148771792820682,12.8872,0.32300000000000001,0.87417488101708207,15675.159369080462,15675.159369080462
情景一阈值控制,187.21777361682899,18198.496658391698,61.510099877538025,58297.928847519441,24.031944823110869,15592.230412769033,5406.0356929873815,10271.735757890394,0,65.016714178295786,72.148771792820682,12.8872,0.32300000000000001,0.87381953495174536,15677.771450877775,15677.771450877775
情景一阈值控制,187.3289356876306,18191.1296661374,61.255494813540281,58302.695610093382,23.930524240716384,15595.186668095776,5407.7960484809792,10272.575632077147,0,65.016714178295786,72.148771792820682,12.8872,0.32300000000000001,0.87346580124140183,15680.371680558126,15680.371680558126
情景一阈值控制,187.44009775843224,18183.796173873441,61.001236898808457,58307.44069672488,23.829262279686027,15598.130593604004,5409.5483990941584,10273.411687096434,0,65.016714178295786,72.148771792820682,12.8872,0.32300000000000001,0.87311367606755086,15682.960086190593,15682.960086190593
情景一阈值控制,187.55125982923386,18176.496101403216,60.747333775206066,58312.164159304586,23.728161800480404,15601.06220709733,5411.2927639900381,10274.243932091071,0,65.016714178295786,72.148771792820682,12.8872,0.32300000000000001,0.87276315557946949,15685.536696081108,15685.536696081108
情景一阈值控制,187.66242190003547,18169.229367870819,60.493792992789942,58316.86605014978,23.627225627160492,15603.98152674027,5413.029162489277,10275.072376279039,0,65.016714178295786,72.148771792820682,12.8872,0.32300000000000001,0.87241423589477829,15688.101538768315,15688.101538768315
情景一阈值控制,187.77358397083711,18161.995891772745,60.24062201002522,58321.546421996754,23.526456547480997,15606.88857105382,5414.7576140672754,10275.897028952146,0,65.016714178295786,72.148771792820682,12.8872,0.32300000000000001,0.87206691310000284,15690.654643019421,15690.654643019421
情景一阈值控制,187.88474604163872,18154.795590969537,59.987828194010724,58326.205327993273,23.425857312988306,15609.783358911011,5416.4781383514,10276.717899474705,0,65.016714178295786,72.148771792820682,12.8872,0.32300000000000001,0.87172118325113257,15693.196037826105,15693.196037826105
情景一阈值控制,187.99590811244036,18147.628382697298,59.735418820713676,58330.842821691178,23.325430639122605,15612.665909532512,5418.1907551182258,10277.534997282215,0,65.016714178295786,72.148771792820682,12.8872,0.32300000000000001,0.87137704237417379,15695.725752400442,15695.725752400442
情景一阈值控制,188,18147.365187415657,59.726135034557352,58331.013120420277,23.321737250379712,15612.771783259956,5418.2536460842994,10277.565002868689,0,65.016714178295786,72.148771792820682,12.8872,0.32300000000000001,0.87136440478201882,15695.818648952987,15695.818648952987
情景一阈值控制,188.10707018324197,18140.494183579209,59.483401075215198,58335.458957038863,23.225179205324789,15615.536242482209,5419.8954842907879,10278.348331880055,0,65.016714178295786,72.148771792820682,12.8872,0.32300000000000001,0.87103448646570292,15698.243816170843,15698.243816170843
情景一阈值控制,188.21823225404358,18133.392909636899,59.23178205196453,58340.053788373974,23.125105655147198,15618.394377662837,5421.5923459358628,10279.157912842182,0,65.016714178295786,72.148771792820682,12.8872,0.32300000000000001,0.87069351149341179,15700.750258778044,15700.750258778044
情景一阈值控制,188.32939432484523,18126.324476301794,58.980568755043429,58344.627370416027,23.025212596368764,15621.240335311586,5423.2813602612569,10279.963749809836,0,65.016714178295786,72.148771792820682,12.8872,0.32300000000000001,0.87035411339665347,15703.245110071093,15703.245110071093
情景一阈值控制,188.44055639564684,18119.288798426354,58.729768098439727,58349.179758259168,22.925502601114236,15624.074135995739,5424.9625476131214,10280.765852490267,0,65.016714178295786,72.148771792820682,12.8872,0.32300000000000001,0.87001628808698162,15705.728400103388,15705.728400103388
情景一阈值控制,188.55171846644845,18112.28579029526,58.479386906329545,58353.711007364916,22.825978205977083,15626.895800608332,5426.6359284732798,10281.564230655455,0,65.016714178295786,72.148771792820682,12.8872,0.32300000000000001,0.86968003144868644,15708.200159128734,15708.200159128734
情景一阈值控制,188.66288053725009,18105.315365636496,58.229431913368963,58358.221173554994,22.726641912146501,15629.705350363807,5428.3015234565783,10282.358894140838,0,65.016714178295786,72.148771792820682,12.8872,0.32300000000000001,0.86934533933932867,15710.660417597417,15710.660417597417
情景一阈值控制,188.7740426080517,18098.377437632393,57.979909764994346,58362.710313004194,22.62749618553811,15632.502806793696,5429.9593533082498,10283.149852844073,0,65.016714178295786,72.148771792820682,12.8872,0.32300000000000001,0.86901220759026843,15713.109206152323,15713.109206152323
情景一阈值控制,188.88520467885331,18091.471918930543,57.730827017730782,58367.178482233292,22.528543456928148,15635.288191742316,5431.6094389012997,10283.937116723771,0,65.016714178295786,72.148771792820682,12.8872,0.32300000000000001,0.86868063200719048,15715.546555625071,15715.546555625071
情景一阈值控制,188.99636674965495,18084.5987216547,57.482190139509356,58371.62573810204,22.429786122091386,15638.061527362486,5433.2518012339133,10284.720695798267,0,65.016714178295786,72.148771792820682,12.8872,0.32300000000000001,0.86835060837062605,15717.97249703218,15717.97249703218
情景一阈值控制,189,18084.374620723614,57.474071224214228,58371.770741095686,22.426561636006667,15638.151968701297,5433.3053505375556,10284.746244432059,0,65.016714178295786,72.148771792820682,12.8872,0.32300000000000001,0.86833984793392283,15718.051594969615,15718.051594969615
情景一阈值控制,189.10752882045657,18077.757757415537,57.234005509992699,58376.052137802115,22.331226541942549,15640.822836111229,5434.8864614268687,10285.500600144389,0,65.016714178295786,72.148771792820682,12.8872,0.32300000000000001,0.86802213243647064,15720.387061571259,15720.387061571259
情景一阈值控制,189.21869089125818,18070.948937321358,56.986279420907827,58380.457738850324,22.232867042680816,15643.572140745546,5436.5134407209907,10286.276839896238,0,65.016714178295786,72.148771792820682,12.8872,0.32300000000000001,0.86769519993649857,15722.790280617228,15722.790280617228
情景一阈值控制,189.32985296205982,18064.17217198875,56.73901807638763,58384.842599081589,22.13470991593789,15646.30946431815,5438.1327604745993,10287.049425243971,0,65.016714178295786,72.148771792820682,12.8872,0.32300000000000001,0.86736980657887264,15725.182185718571,15725.182185718571
情景一阈值控制,189.44101503286143,18057.427371553109,56.492227593319797,58389.206776642197,22.036757418929195,15649.034830173265,5439.7444421609989,10287.818366432608,0,65.016714178295786,72.148771792820682,12.8872,0.32300000000000001,0.86704594804865176,15727.562808593608,15727.562808593608
情景一阈值控制,189.55217710366304,18050.714445679117,56.245914001702666,58393.550329983002,21.939011774607987,15651.74826194239,5441.3485073659667,10288.583673760828,0,65.016714178295786,72.148771792820682,12.8872,0.32300000000000001,0.86672362000829306,15729.932181126795,15729.932181126795
情景一阈值控制,189.66333917446468,18044.033303571134,56.000083245009144,58397.873317852711,21.841475171822665,15654.449783540145,5442.9449777852797,10289.34535757979,0,65.016714178295786,72.148771792820682,12.8872,0.32300000000000001,0.86640281809814979,15732.290335365069,15732.290335365069
情景一阈值控制,189.77450124526629,18037.383853983505,55.754741180557502,58402.17579929121,21.744149765477019,15657.139419160074,5444.5338752222424,10290.103428291959,0,65.016714178295786,72.148771792820682,12.8872,0.32300000000000001,0.86608353793696868,15734.637303514202,15734.637303514202
情景一阈值控制,189.88566331606791,18030.766005230795,55.509893579888718,58406.457833622932,21.64703767669311,15659.817193270512,5446.115221585248,10290.857896349937,0,65.016714178295786,72.148771792820682,12.8872,0.32300000000000001,0.86576577512237884,15736.973117935184,15736.973117935184
情景一阈值控制,189.99682538686955,18024.179665197924,55.265546129151133,58410.719480450331,21.550140992977063,15662.483130610441,5447.6890388853535,10291.608772255306,0,65.016714178295786,72.148771792820682,12.8872,0.32300000000000001,0.86544952523138008,15739.297811140659,15739.297811140659
情景一阈值控制,190,18023.992031582202,55.258575353506522,58410.840887513914,21.547376960899797,15662.559091970297,5447.733874261151,10291.630163431646,0,65.016714178295786,72.148771792820682,12.8872,0.32300000000000001,0.86544051581033232,15739.364037692798,15739.364037692798
情景一阈值控制,190.10798745767116,18017.624741350257,55.021704429491685,58414.960799647306,21.453461768387616,15665.137256185377,5449.2553492338702,10292.356066557479,0,65.016714178295786,72.148771792820682,12.8872,0.32300000000000001,0.86513478382082687,15741.611415791349,15741.611415791349
情景一阈值控制,190.21914952847277,18011.101140743569,54.77837399745308,58419.181851352798,21.357002023706972,15667.779595263295,5450.8141748399821,10293.099789852566,0,65.016714178295786,72.148771792820682,12.8872,0.32300000000000001,0.86482154642790621,15743.913964692547,15743.913964692547
情景一阈值控制,190.33031159927441,18004.608770033949,54.535560265377782,58423.382695964348,21.260763746614408,15670.410173370532,5452.3655380083737,10293.839952782242,0,65.016714178295786,72.148771792820682,12.8872,0.32300000000000001,0.86450980857061466,15746.205490790617,15746.205490790617
情景一阈值控制,190.44147367007602,17998.147535487649,54.293268581818111,58427.56339413175,21.164748891862299,15673.029016287739,5453.9094611368882,10294.576566032627,0,65.016714178295786,72.148771792820682,12.8872,0.32300000000000001,0.86419956574822976,15748.486027169514,15748.486027169514
情景一阈值控制,190.55263574087763,17991.717342990796,54.051504211951723,58431.724006750752,21.068959381454285,15675.63615004587,5455.4459667141964,10295.309640333175,0,65.016714178295786,72.148771792820682,12.8872,0.32300000000000001,0.86389081344177709,15750.755607047371,15750.755607047371
情景一阈值控制,190.66379781167927,17985.318098059077,53.810272338003479,58435.86459495678,20.973397104825949,15678.231600922139,5456.9750773174901,10296.039186455571,0,65.016714178295786,72.148771792820682,12.8872,0.32300000000000001,0.86358354711449514,15753.014263773061,15753.014263773061
情景一阈值控制,190.77495988248089,17978.949705847295,53.56957805967285,58439.985220118782,20.878063919027646,15680.815395436048,5458.4968156101895,10296.76521521265,0,65.016714178295786,72.148771792820682,12.8872,0.32300000000000001,0.86327776221229424,15755.26203082284,15755.26203082284
情景一阈值控制,190.8861219532825,17972.612071158881,53.329426394566326,58444.085943833059,20.782961648909282,15683.387560345409,5460.0112043396803,10297.487737457295,0,65.016714178295786,72.148771792820682,12.8872,0.32300000000000001,0.86297345416421334,15757.498941796975,15757.498941796975
情景一阈值控制,190.99728402408414,17966.305098455301,53.089822278635609,58448.166827917164,20.688092087307353,15685.948122642409,5461.5182663350606,10298.206764081384,0,65.016714178295786,72.148771792820682,12.8872,0.32300000000000001,0.86267061838287107,15759.725030416444,15759.725030416444
情景一阈值控制,191,17966.151385774137,53.083975026105307,58448.266286669175,20.685777106615497,15686.010538804783,5461.554996245095,10298.2242881005,0,65.016714178295786,72.148771792820682,12.8872,0.32300000000000001,0.86266323771038522,15759.779284345595,15759.779284345595
情景一阈值控制,191.10844609488575,17960.028691865398,52.850770566621016,58452.227934403891,20.593456995233932,15688.497109549669,5463.0180245049078,10298.922306014711,0,65.016714178295786,72.148771792820682,12.8872,0.32300000000000001,0.86236925026491573,15761.940330519617,15761.940330519617
情景一阈值控制,191.21960816568736,17953.782755194625,52.612276032499274,58456.269325535286,20.499058102067412,15691.034548516347,5464.510501835075,10299.634374223931,0,65.016714178295786,72.148771792820682,12.8872,0.32300000000000001,0.86206934519146683,15764.144876059006,15764.144876059006
情景一阈值控制,191.330770236489,17947.567191934224,52.374343369936703,58460.29106375666,20.404897105745242,15693.560467214258,5465.9957213864955,10300.342979711537,0,65.016714178295786,72.148771792820682,12.8872,0.32300000000000001,0.86177089852855748,15766.338701098033,15766.338701098033
情景一阈值控制,191.44193230729061,17941.381905270318,52.136977192747175,58464.293211710792,20.310975672958435,15696.074893534009,5467.4737062930117,10301.048133514794,0,65.016714178295786,72.148771792820682,12.8872,0.32300000000000001,0.8614739056275692,15768.521839807807,15768.521839807807
情景一阈值控制,191.55309437809223,17935.226798092899,51.900182035353851,58468.275832232059,20.217295439347627,15698.577855581167,5468.9444797592287,10301.749846704732,0,65.016714178295786,72.148771792820682,12.8872,0.32300000000000001,0.86117836182566576,15770.694326463959,15770.694326463959
情景一阈值控制,191.66425644889387,17929.101773004764,51.663962353256096,58472.238988340658,20.123858009700889,15701.069381672449,5470.4080650583755,10302.448130385123,0,65.016714178295786,72.148771792820682,12.8872,0.32300000000000001,0.86088426244621985,15772.856195443499,15772.856195443499
情景一阈值控制,191.77541851969548,17923.006732330348,51.428322523500469,58476.182743236903,20.030664958153189,15703.549500331923,5471.8644855301964,10303.142995691473,0,65.016714178295786,72.148771792820682,12.8872,0.32300000000000001,0.86059160279923874,15775.00748122167,15775.00748122167
情景一阈值控制,191.88658059049709,17916.941578124475,51.193266845155335,58480.107160295564,19.937717828387093,15706.018240287247,5473.3137645788593,10303.834453790023,0,65.016714178295786,72.148771792820682,12.8872,0.32300000000000001,0.8603003781817844,15777.148218368882,15777.148218368882
情景一阈值控制,191.99774266129873,17910.906212181046,50.958799539789851,58484.012303060226,19.845018133835136,15708.475630465929,5474.7559256708828,10304.522515876763,0,65.016714178295786,72.148771792820682,12.8872,0.32300000000000001,0.86001058387838958,15779.278441547645,15779.278441547645
情景一阈值控制,192,17910.783961511384,50.954044398704447,58484.091404530227,19.843138279430981,15708.525414661081,5474.785137679055,10304.536453068255,0,65.016714178295786,72.148771792820682,12.8872,0.32300000000000001,0.86000471388674593,15779.32159074731,15779.32159074731
情景一阈值控制,192.10890473210034,17904.900536041627,50.72492475195692,58487.898235237757,19.752567357883567,15710.921699991597,5476.1909923330777,10305.207193176451,0,65.016714178295786,72.148771792820682,12.8872,0.32300000000000001,0.85972221516147151,15781.39818550953,15781.39818550953
情景一阈值控制,192.22006680290195,17898.924451003953,50.491646549679167,58491.765020692808,19.660366954077208,15713.356478180311,5477.6189881505197,10305.888496941641,0,65.016714178295786,72.148771792820682,12.8872,0.32300000000000001,0.85943526729173947,15783.507485092161,15783.507485092161
情景一阈值控制,192.33122887370359,17892.977858130373,50.258968924938955,58495.612723442289,19.568418346325757,15715.779994536901,5479.0399367645332,10306.566438451724,0,65.016714178295786,72.148771792820682,12.8872,0.32300000000000001,0.8591497355186003,15785.606375216257,15785.606375216257
情景一阈值控制,192.44239094450521,17887.060658256189,50.026895794171807,58499.441407650062,19.476722929111272,15718.19227875129,5480.453861870692,10307.241029011975,0,65.016714178295786,72.148771792820682,12.8872,0.32300000000000001,0.85886561508055881,15787.694890882667,15787.694890882667
情景一阈值控制,192.55355301530682,17881.172751997914,49.795430998762583,58503.251137621541,19.385282067696632,15720.593360694911,5481.8607872168532,10307.91227995261,0,65.016714178295786,72.148771792820682,12.8872,0.32300000000000001,0.85858290120561509,15789.773067169463,15789.773067169463
情景一阈值控制,192.66471508610846,17875.314039761477,49.564578305545211,58507.041977798399,19.294097098335243,15722.983270417071,5483.2607366011898,10308.580202627854,0,65.016714178295786,72.148771792820682,12.8872,0.32300000000000001,0.85830158911165699,15791.840939229045,15791.840939229045
情景一阈值控制,192.77587715691007,17869.484421750305,49.334341407305494,58510.813992753327,19.203169328481753,15725.362038141406,5484.6537338702656,10309.24480841502,0,65.016714178295786,72.148771792820682,12.8872,0.32300000000000001,0.85802167400684981,15793.898542285286,15793.898542285286
情景一阈值控制,192.88703922771168,17863.683797973365,49.104723923286151,58514.567247184859,19.112500037003553,15727.729694262314,5486.0398029171092,10309.906108713589,0,65.016714178295786,72.148771792820682,12.8872,0.32300000000000001,0.85774315109002086,15795.945911630697,15795.945911630697
情景一阈值控制,192.99820129851332,17857.912068253092,48.875729399695118,58518.301805912197,19.022090474393384,15730.086269341447,5487.4189676793239,10310.564114944307,0,65.016714178295786,72.148771792820682,12.8872,0.32300000000000001,0.85746601555104174,15797.983082623632,15797.983082623632
情景一阈值控制,193,17857.818913510651,48.872029204860766,58518.362081059029,19.02062970912052,15730.124309897161,5487.4412271655501,10310.574735053688,0,65.016714178295786,72.148771792820682,12.8872,0.32300000000000001,0.85746154263026997,15798.015962219237,15798.015962219237
情景一阈值控制,193.10936336931493,17852.169132233263,48.647361310216475,58522.017733870169,18.931941862982782,15732.431794104195,5488.7912521372027,10311.218838548286,0,65.016714178295786,72.148771792820682,12.8872,0.32300000000000001,0.85719026257120456,15800.01009068549,15800.01009068549
情景一阈值控制,193.22052544011655,17846.454889386758,48.419623056523236,58525.715096104155,18.842055397156127,15734.766299436225,5490.1566803118722,10311.870290986128,0,65.016714178295786,72.148771792820682,12.8872,0.32300000000000001,0.85691588732359691,15802.026971298001,15802.026971298001
情景一阈值控制,193.33168751091819,17840.769239023273,48.192517968793091,58529.393957765162,18.752432243565643,15737.089816380032,5491.5152762634543,10312.518483737031,0,65.016714178295786,72.148771792820682,12.8872,0.32300000000000001,0.85664288497347008,15804.033760000486,15804.033760000486
情景一阈值控制,193.4428495817198,17835.112080296945,47.96604930622626,58533.054384104798,18.66307354134711,15739.402376131509,5492.8670640892433,10313.163428297932,0,65.016714178295786,72.148771792820682,12.8872,0.32300000000000001,0.85637125067860609,15806.030492387175,15806.030492387175
情景一阈值控制,193.55401165252141,17829.483312213881,47.740220257564964,58536.696440470492,18.573980402335977,15741.704010036552,5494.2120679219042,10313.805136182642,0,65.016714178295786,72.148771792820682,12.8872,0.32300000000000001,0.85610097958967901,15808.017204104546,15808.017204104546
情景一阈值控制,193.66517372332305,17823.882833639611,47.515033941615407,58540.320192300627,18.485153911284321,15743.994749587699,5495.5503119276909,10314.443618921001,0,65.016714178295786,72.148771792820682,12.8872,0.32300000000000001,0.85583206685061397,15809.993930848692,15809.993930848692
情景一阈值控制,193.77633579412466,17818.310543306485,47.290493407771542,58543.925705119727,18.396595126078303,15746.274626420771,5496.8818203046822,10315.078888058029,0,65.016714178295786,72.148771792820682,12.8872,0.32300000000000001,0.85556450759894009,15811.960708362712,15811.960708362712
情景一阈值控制,193.88749786492627,17812.766339820973,47.066601636540092,58547.513044533815,18.308305077955957,15748.543672311551,5498.2066172810391,10315.710955153101,0,65.016714178295786,72.148771792820682,12.8872,0.32300000000000001,0.85529829696614301,15813.91757243414,15813.91757243414
情景一阈值控制,193.99865993572791,17807.25012167087,46.843361540067768,58551.082276225665,18.220284771725638,15750.801919172511,5499.5247271132785,10316.339831779118,0,65.016714178295786,72.148771792820682,12.8872,0.32300000000000001,0.85503343007800947,15815.864558892397,15815.864558892397
情景一阈值控制,194,17807.183793687829,46.840674356685263,58551.125193299042,18.219225332078285,15750.8290767052,5499.5405762991186,10316.347393502938,0,65.016714178295786,72.148771792820682,12.8872,0.32300000000000001,0.8550302452716827,15815.887969802057,15815.887969802057
情景一阈值控制,194.10982200652953,17801.761787232455,46.620775962669825,58554.633465950217,18.132535185984821,15753.049399049507,5500.8361740845612,10316.965529521694,0,65.016714178295786,72.148771792820682,12.8872,0.32300000000000001,0.85476990205497227,15817.801703606256,15817.801703606256
情景一阈值控制,194.22098407733114,17796.301234777548,46.39884768135969,58558.166679530012,18.045057273339111,15755.286144118576,5502.1409825030114,10317.588059978356,0,65.016714178295786,72.148771792820682,12.8872,0.32300000000000001,0.85450770801244813,15819.729042481367,15819.729042481367
情景一阈值控制,194.33214614813278,17790.868362480498,46.177579406380225,58561.681982850649,17.957851960621753,15757.512186682688,5503.4391767000452,10318.207434757736,0,65.016714178295786,72.148771792820682,12.8872,0.32300000000000001,0.85424684306117371,15821.646611457782,15821.646611457782
情景一阈值控制,194.44330821893439,17785.463068425095,45.956973781736266,58565.179441856308,17.87092014911337,15759.727559168576,5504.7307810287157,10318.823665478802,0,65.016714178295786,72.148771792820682,12.8872,0.32300000000000001,0.85398730230753717,15823.554446507518,15823.554446507518
情景一阈值控制,194.554470289736,17780.085250611395,45.737033385727678,58568.659122545381,17.784262714761809,15761.932294123559,5506.0158198620857,10319.436763770054,0,65.016714178295786,72.148771792820682,12.8872,0.32300000000000001,0.85372908085390653,15825.452583632141,15825.452583632141
情景一阈值控制,194.66563236053764,17774.734806962475,45.517760731483882,58572.121090966059,17.697880508402303,15764.126424212413,5507.2943175916125,10320.046741268779,0,65.016714178295786,72.148771792820682,12.8872,0.32300000000000001,0.85347217379895302,15827.341058860391,15827.341058860391
情景一阈值控制,194.77679443133925,17769.411635331107,45.29915826749928,58575.565413211989,17.611774355977794,15766.309982214256,5508.5662986255502,10320.653609620274,0,65.016714178295786,72.148771792820682,12.8872,0.32300000000000001,0.85321657623797309,15829.219908245825,15829.219908245825
情景一阈值控制,194.88795650214087,17764.115633506368,45.081228378168838,58578.992155418076,17.525945058759174,15768.483001019453,5509.8317873873766,10321.257380477098,0,65.016714178295786,72.148771792820682,12.8872,0.32300000000000001,0.85296228326320345,15831.089167864475,15831.089167864475
情景一阈值控制,194.99911857294251,17758.84669922015,44.86397338432495,58582.401383756202,17.440393393565763,15770.645513626579,5511.0908083142322,10321.858065498331,0,65.016714178295786,72.148771792820682,12.8872,0.32300000000000001,0.85270928996413609,15832.948873812562,15832.948873812562
情景一阈值控制,195,17758.805028639443,44.862253427520685,58582.428346423963,17.439716148170245,15770.662618741726,5511.1007655712974,10321.862816154213,0,65.016714178295786,72.148771792820682,12.8872,0.32300000000000001,0.85270728910834337,15832.963581725511,15832.963581725511
情景一阈值控制,195.11028064374412,17753.604730153613,44.647395543774749,58585.793164431088,17.355120112985841,15772.797553139362,5512.3433858553808,10322.455676348834,0,65.016714178295786,72.148771792820682,12.8872,0.32300000000000001,0.85245759142782651,15834.799062204216,15834.799062204216
情景一阈值控制,195.22144271454573,17748.389623943553,44.431497051837468,58589.167563676157,17.27012594559692,15774.939152763685,5513.5895444706839,10323.050224698529,0,65.016714178295786,72.148771792820682,12.8872,0.32300000000000001,0.85220718273920015,15836.639769169213,15836.639769169213
情景一阈值控制,195.33260478534737,17743.201278188702,44.216280041882598,58592.524647749437,17.185411596186203,15777.070345804617,5514.8293086291033,10323.641722221675,0,65.016714178295786,72.148771792820682,12.8872,0.32300000000000001,0.85195805898135479,15838.471030850778,15838.471030850778
情景一阈值控制,195.44376685614898,17738.039590455952,44.001746585868368,58595.864482929603,17.100977745970955,15779.191165663435,5516.0627028072067,10324.230180596162,0,65.016714178295786,72.148771792820682,12.8872,0.32300000000000001,0.85171021523585955,15840.292883403368,15840.292883403368
情景一阈值控制,195.55492892695062,17732.904458286481,43.787898694879821,58599.187135511915,17.016825052818469,15781.301645834721,5517.2897514877041,10324.815611502809,0,65.016714178295786,72.148771792820682,12.8872,0.32300000000000001,0.85146364658304874,15842.105362990513,15842.105362990513
情景一阈值控制,195.66609099775224,17727.795779201864,43.574738319667787,58602.492671804393,16.932954151466273,15783.401819903442,5518.5104791579934,10325.398026624674,0,65.016714178295786,72.148771792820682,12.8872,0.32300000000000001,0.85121834810231511,15843.908505782667,15843.908505782667
情景一阈值控制,195.77725306855385,17722.713450710016,43.362267351187121,58605.781158123798,16.849365653741771,15785.491721542085,5519.7249103087343,10325.977437646372,0,65.016714178295786,72.148771792820682,12.8872,0.32300000000000001,0.85097431487239628,15845.702347955106,15845.702347955106
情景一阈值控制,195.88841513935549,17717.657370311172,43.150487621135284,58609.052660791931,16.766060148781861,15787.571384507804,5520.9330694324235,10326.553856253391,0,65.016714178295786,72.148771792820682,12.8872,0.32300000000000001,0.8507315419716599,15847.486925685815,15847.486925685815
情景一阈值控制,195.9995772101571,17712.627435503695,42.939400902490831,58612.307246131793,16.683038203252345,15789.640842639597,5522.1349810220017,10327.127294131431,0,65.016714178295786,72.148771792820682,12.8872,0.32300000000000001,0.85049002447838506,15849.262275153433,15849.262275153433
情景一阈值控制,196,17712.60835460863,42.938599387922046,58612.319592296051,16.682722982547087,15789.648694105677,5522.1395404347568,10327.129469449483,0,65.016714178295786,72.148771792820682,12.8872,0.32300000000000001,0.85048910828958302,15849.269009884239,15849.269009884239
情景一阈值控制,196.11073928095871,17707.623543789883,42.729008910051128,58615.544980463819,16.600300361566777,15791.700129855513,5523.3306695694737,10327.697762965749,0,65.016714178295786,72.148771792820682,12.8872,0.32300000000000001,0.8502497574710387,15851.028432535222,15851.028432535222
情景一阈值控制,196.22190135176035,17702.645592681649,42.519313300970218,58618.765930102229,16.517847146105229,15793.749280149877,5524.5201595645412,10328.265274440502,0,65.016714178295786,72.148771792820682,12.8872,0.32300000000000001,0.85001073602855026,15852.785434005043,15852.785434005043
情景一阈值控制,196.33306342256196,17697.693479706184,42.310315675296259,58621.970161351375,16.435679057432669,15795.788327590548,5525.7034754932629,10328.829840238104,0,65.016714178295786,72.148771792820682,12.8872,0.32300000000000001,0.84977295523058216,15854.533315731367,15854.533315731367
情景一阈值控制,196.44422549336358,17692.767102411482,42.102017576507976,58625.157740502123,16.353796574516767,15797.817306316205,5526.8806418367185,10329.3914720386,0,65.016714178295786,72.148771792820682,12.8872,0.32300000000000001,0.84953641015779646,15856.272113875319,15856.272113875319
情景一阈值控制,196.55538756416522,17687.86635837187,41.894420492051047,58628.328733828319,16.272200154945477,15799.836250533648,5528.0516830697006,10329.950181519034,0,65.016714178295786,72.148771792820682,12.8872,0.32300000000000001,0.84930109589211855,15858.001864588736,15858.001864588736
情景一阈值控制,196.66654963496683,17682.991145193399,41.687525853873773,58631.483207583282,16.190890235144167,15801.845194515141,5529.2166236594194,10330.505980352829,0,65.016714178295786,72.148771792820682,12.8872,0.32300000000000001,0.84906700751699782,15859.722604012248,15859.722604012248
情景一阈值控制,196.77771170576847,17678.141360519199,41.481335038961575,58634.621227996315,16.109867230592045,15803.844172595765,5530.3754880642255,10331.058880209184,0,65.016714178295786,72.148771792820682,12.8872,0.32300000000000001,0.848834140117664,15861.434368273411,15861.434368273411
情景一阈值控制,196.88887377657008,17673.316902034778,41.275849369871374,58637.74286126934,16.029131536038417,15805.833219170812,5531.5283007323442,10331.608892752467,0,65.016714178295786,72.148771792820682,12.8872,0.32300000000000001,0.84860248878138134,15863.13719348481,15863.13719348481
情景一阈值控制,197,17668.519211068095,41.071136038162898,58640.847174800823,15.948709422057741,15807.811732051698,5532.6747172559735,10332.155853664037,0,65.016714178295786,72.148771792820682,12.8872,0.32300000000000001,0.84837212271499451,15864.83057092001,15864.83057092001
情景一阈值控制,197.00003584737169,17668.517667473188,41.071070115264369,58640.848173573475,15.948683525718096,15807.812368693185,5532.6750861006367,10332.156029641623,0,65.016714178295786,72.148771792820682,12.8872,0.32300000000000001,0.84837204859769744,15864.831115742259,15864.831115742259
情景一阈值控制,197.11119791817333,17663.743554620218,40.866998490438412,58643.937231045755,15.868523553566442,15809.781655670857,5533.8158685933658,10332.700302529587,0,65.016714178295786,72.148771792820682,12.8872,0.32300000000000001,0.84814281465869157,15866.516171122952,15866.516171122952
情景一阈值控制,197.22235998897494,17658.994461319424,40.663635657859331,58647.010099785803,15.788651953433831,15811.741114664315,5534.9506726209911,10333.241723062707,0,65.016714178295786,72.148771792820682,12.8872,0.32300000000000001,0.847914782059217,15868.192395683698,15868.192395683698
情景一阈值控制,197.33352205977656,17654.270285477156,40.460982727690656,58650.066845852634,15.709069039299331,15813.690780284058,5536.0795225789643,10333.780302880175,0,65.016714178295786,72.148771792820682,12.8872,0.32300000000000001,0.84768794589714203,15869.85982545914,15869.85982545914
情景一阈值控制,197.4446841305782,17649.570925067477,40.259040758322783,58653.107535261428,15.629775105483926,15815.630687188121,5537.2024428465602,10334.31605361346,0,65.016714178295786,72.148771792820682,12.8872,0.32300000000000001,0.84746230127358668,15871.518496460019,15871.518496460019
情景一阈值控制,197.55584620137981,17644.896278137043,40.057810756900807,58656.132233980425,15.550770426863055,15817.560870079606,5538.3194577857057,10334.848986885754,0,65.016714178295786,72.148771792820682,12.8872,0.32300000000000001,0.8472378432931561,15873.168444671461,15873.168444671461
情景一阈值控制,197.66700827218142,17640.246242809895,39.857293679850642,58659.141007927763,15.472055259078338,15819.481363704248,5539.4305917398342,10335.379114311432,0,65.016714178295786,72.148771792820682,12.8872,0.32300000000000001,0.84701456706417122,15874.809706051266,15874.809706051266
情景一阈值控制,197.77817034298306,17635.620717292204,39.657490433404334,58662.133922968453,15.393629838748728,15821.392202848019,5540.5358690327612,10335.906447495503,0,65.016714178295786,72.148771792820682,12.8872,0.32300000000000001,0.84679246769889716,15876.442316528264,15876.442316528264
情景一阈值控制,197.88933241378467,17631.019599876927,39.458401874123865,58665.111044911362,15.315494383680964,15823.293422334737,5541.6353139675566,10336.430998033078,0,65.016714178295786,72.148771792820682,12.8872,0.32300000000000001,0.8465715403137648,15878.066312000636,15878.066312000636
情景一阈值控制,198,17626.46309440161,39.260909651083317,58668.05930099987,15.237994731154039,15825.176663597116,5542.7240988024269,10336.950462585017,0,65.016714178295786,72.148771792820682,12.8872,0.32300000000000001,0.84635275501681484,15879.674561387445,15879.674561387445
情景一阈值控制,198.00049448458628,17626.442788948414,39.260028809423126,58668.072439506199,15.237649093079076,15825.185057023718,5542.7289508254562,10336.952777508855,0,65.016714178295786,72.148771792820682,12.8872,0.32300000000000001,0.84635178002959477,15879.681728334312,15879.681728334312
情景一阈值控制,198.11165655538792,17621.890182986943,39.062371998088757,58671.018172440621,15.160094147753314,15827.067141807434,5543.8168038647736,10337.471797496595,0,65.016714178295786,72.148771792820682,12.8872,0.32300000000000001,0.84613318197181309,15881.288601361368,15881.288601361368
情景一阈值控制,198.22281862618954,17617.361680573194,38.865432150799464,58673.948309337298,15.082829710328289,15828.939711609215,5544.8988973198275,10337.988069558607,0,65.016714178295786,72.148771792820682,12.8872,0.32300000000000001,0.84591574127066671,15882.886966878435,15882.886966878435
情景一阈值控制,198.33398069699115,17612.857180392657,38.66920993064322,58676.86291575111,15.005855925450108,15830.802801380971,5545.975255399896,10338.501605245257,0,65.016714178295786,72.148771792820682,12.8872,0.32300000000000001,0.84569945306143535,15884.476860645154,15884.476860645154
情景一阈值控制,198.44514276779279,17608.376581239972,38.473705953633278,58679.762057166314,14.929172919992846,15832.656446100924,5547.0459022881751,10339.012416094465,0,65.016714178295786,72.148771792820682,12.8872,0.32300000000000001,0.84548431248463951,15886.05831838264,15886.05831838264
情景一阈值控制,198.5563048385944,17603.919782023215,38.278920789222376,58682.645798993733,14.852780803264215,15834.500680771394,5548.110862140752,10339.52051363122,0,65.016714178295786,72.148771792820682,12.8872,0.32300000000000001,0.84527031468624625,15887.631375771973,15887.631375771973
情景一阈值控制,198.66746690939601,17599.486681768107,38.084854960814759,58685.514206568114,14.776679667210143,15836.335540416587,5549.1701590856055,10340.025909367096,0,65.016714178295786,72.148771792820682,12.8872,0.32300000000000001,0.8450574548178722,15889.1960684527,15889.1960684527
情景一阈值控制,198.77862898019765,17595.077179622182,37.891508946276801,58688.367345145358,14.700869586618659,15838.161060080403,5550.2238172216084,10340.528614799783,0,65.016714178295786,72.148771792820682,12.8872,0.32300000000000001,0.84484572803698199,15890.752432021392,15890.752432021392
情景一阈值控制,198.88979105099926,17590.691174858857,37.698883178445726,58691.205279899907,14.625350619322871,15839.977274824305,5551.2718606175486,10341.028641412615,0,65.016714178295786,72.148771792820682,12.8872,0.32300000000000001,0.84463512950708564,15892.300502030164,15892.300502030164
情景一阈值控制,199,17586.365873436414,37.508620407739713,58694.003936967791,14.550766584410198,15841.768765984483,5552.305398845584,10341.521747539138,0,65.016714178295786,72.148771792820682,12.8872,0.32300000000000001,0.84442744571053729,15893.827146384723,15893.827146384723
情景一阈值控制,199.00095312180088,17586.328566881493,37.506978045635947,58694.02807592215,14.550122806402864,15841.784219725159,5552.3143133111671,10341.526000674121,0,65.016714178295786,72.148771792820682,12.8872,0.32300000000000001,0.84442565439793138,15893.840313985289,15893.840313985289
情景一阈值控制,199.11211519260252,17581.989255227334,37.31579389214388,58696.83579821582,14.475186172386824,15843.581929873149,5553.3511993082138,10342.020704037557,0,65.016714178295786,72.148771792820682,12.8872,0.32300000000000001,0.8442172978856971,15895.371903345771,15895.371903345771
情景一阈值控制,199.22327726340413,17577.673139571434,37.125331018750757,58699.628511695519,14.400540725451179,15845.370440369683,5554.3825425815048,10342.512762940471,0,65.016714178295786,72.148771792820682,12.8872,0.32300000000000001,0.84401005515317751,15896.895305521975,15896.895305521975
情景一阈值控制,199.33443933420574,17573.380119730515,36.935589683222844,58702.406281184143,14.326186457619677,15847.149786325341,5555.4083670700102,10343.002188804265,0,65.016714178295786,72.148771792820682,12.8872,0.32300000000000001,0.84380392138996896,15898.410555874274,15898.410555874274
情景一阈值控制,199.44560140500738,17569.110095666714,36.746570100810068,58705.169171410518,14.252123344961566,15848.920002857838,5556.4286966779464,10343.488993033752,0,65.016714178295786,72.148771792820682,12.8872,0.32300000000000001,0.84359889179265113,15899.917689711699,15899.917689711699
情景一阈值控制,199.55676347580899,17564.862967491372,36.558272444742464,58707.917247006924,14.178351347788841,15850.681125090008,5557.4435552738832,10343.973187016747,0,65.016714178295786,72.148771792820682,12.8872,0.32300000000000001,0.84339496156496685,15901.41674229063,15901.41674229063
情景一阈值控制,199.6679255466106,17560.638635468662,36.37069684672398,58710.650572506755,14.104870410852275,15852.433188147836,5558.4529666898688,10344.454782123636,0,65.016714178295786,72.148771792820682,12.8872,0.32300000000000001,0.84319212591799775,15902.907748813504,15902.907748813504
情景一阈值控制,199.77908761741224,17556.437000019199,36.183843397424482,58713.369212342193,14.031680463536613,15854.176227158481,5559.4569547205647,10344.933789706965,0,65.016714178295786,72.148771792820682,12.8872,0.32300000000000001,0.84299038007033789,15904.39074442753,15904.39074442753
情景一阈值控制,199.89024968821386,17552.257961723637,35.997712146969477,58716.073230841837,13.958781420054709,15855.910277248331,5560.4555431223998,10345.410221101047,0,65.016714178295786,72.148771792820682,12.8872,0.32300000000000001,0.8427897192482644,15905.865764223447,15905.865764223447
情景一阈值控制,200,17548.154068780266,35.814653273744376,58718.728627048957,13.887093482077489,15857.613520795783,5561.4361754128404,10345.878085546854,0,65.016714178295786,72.148771792820682,12.8872,0.32300000000000001,0.84259266660756649,15907.314260959694,15907.314260959694
情景一阈值控制,200.00141175901547,17548.101421326119,35.812303105427183,58718.762692228527,13.886173179640478,15857.635373541116,5561.4487556127287,10345.884087621544,0,65.016714178295786,72.148771792820682,12.8872,0.32300000000000001,0.84259013868590549,15907.332843234271,15907.332843234271
情景一阈值控制,200.11257382981711,17543.967279737739,35.627616243293524,58721.437660617077,13.813855626740917,15859.351551155984,5562.4366158690182,10346.355400565091,0,65.016714178295786,72.148771792820682,12.8872,0.32300000000000001,0.84239163362540537,15908.792016434109,15908.792016434109
情景一阈值控制,200.22373590061872,17539.855438039926,35.443651491974883,58724.098200012057,13.741828631207069,15861.05884520566,5563.4191475280304,10346.824171208902,0,65.016714178295786,72.148771792820682,12.8872,0.32300000000000001,0.84219419931708739,15910.243318736932,15910.243318736932
情景一阈值控制,200.33489797142033,17535.765797487773,35.260408744267956,58726.744374305716,13.670092048483747,15862.757290794585,5564.3963741850321,10347.290410810398,0,65.016714178295786,72.148771792820682,12.8872,0.32300000000000001,0.84199783101961301,15911.686784995429,15911.686784995429
情景一阈值控制,200.44606004222197,17531.69825951329,35.077887854837606,58729.376247275803,13.598645719798313,15864.446923017103,5565.3683193930119,10347.75413060682,0,65.016714178295786,72.148771792820682,12.8872,0.32300000000000001,0.84180252400013877,15913.122449999832,15913.122449999832
情景一阈值控制,200.55722211302358,17527.652725728651,34.896088640692184,58731.993882583476,13.527489472348343,15866.127776955658,5566.3350066619123,10348.215341814877,0,65.016714178295786,72.148771792820682,12.8872,0.32300000000000001,0.84160827353447221,15914.550348476791,15914.550348476791
情景一阈值控制,200.6683841838252,17523.629097929334,34.715010881656049,58734.597343771326,13.456623119488047,15867.799887679019,5567.2964594578734,10348.674055630379,0,65.016714178295786,72.148771792820682,12.8872,0.32300000000000001,0.841415074907222,15915.970515088253,15915.970515088253
情景一阈值控制,200.77954625462684,17519.627278097232,34.534654320839778,58737.186694261312,13.386046460913676,15869.46329024053,5568.2527012024893,10349.130283227883,0,65.016714178295786,72.148771792820682,12.8872,0.32300000000000001,0.84122292341194804,15917.382984430373,15917.382984430373
情景一阈值控制,200.89070832542845,17515.647168403721,34.355018665108027,58739.761997352769,13.315759282847845,15871.118019676382,5569.2037552720794,10349.584035760348,0,65.016714178295786,72.148771792820682,12.8872,0.32300000000000001,0.84103181435130836,15918.787791032428,15918.787791032428
情景一阈值控制,201,17511.755098057147,34.179108025467229,58742.280335179501,13.246936741513236,15872.736485377203,5570.1337721880154,10350.027751364258,0,65.016714178295786,72.148771792820682,12.8872,0.32300000000000001,0.84084493259046378,15920.161523552273,15920.161523552273
情景一阈值控制,201.00187039623006,17511.688671212643,34.176103585544183,58742.323316220514,13.245761358222515,15872.764111003897,5570.1496449969718,10350.035324358782,0,65.016714178295786,72.148771792820682,12.8872,0.32300000000000001,0.84084174303720227,15920.184969355752,15920.184969355752
情景一阈值控制,201.1130324670317,17507.751689083263,33.997908717912971,58744.870713912933,13.176052446861002,15874.401599219855,5571.0903936607974,10350.484160131922,0,65.016714178295786,72.148771792820682,12.8872,0.32300000000000001,0.84065270479091281,15921.57455379272,15921.57455379272
情景一阈值控制,201.22419453783331,17503.836124773177,33.820433663120319,58747.40425335004,13.106632295658825,15876.03051929882,5572.0260244997971,10350.93055416589,0,65.016714178295786,72.148771792820682,12.8872,0.32300000000000001,0.84046469494324583,15922.956578665688,15922.956578665688
情景一阈值控制,201.33535660863492,17499.941881241131,33.643677987670173,58749.923997321755,13.037500638763214,15877.650906191502,5572.9565607021459,10351.374517523878,0,65.016714178295786,72.148771792820682,12.8872,0.32300000000000001,0.84027770883466557,15924.331078226023,15924.331078226023
情景一阈值控制,201.44651867943656,17496.068861649834,33.467641224119006,58752.430008485971,12.96865719775162,15879.262794823147,5573.8820254072798,10351.816061245827,0,65.016714178295786,72.148771792820682,12.8872,0.32300000000000001,0.84009174181543012,15925.698086653107,15925.698086653107
情景一阈值控制,201.55768075023818,17492.216969368692,33.292322871527688,58754.922349366869,12.900101681809035,15880.866220091926,5574.8024417052466,10352.255196348106,0,65.016714178295786,72.148771792820682,12.8872,0.32300000000000001,0.83990678924572226,15927.057638053353,15927.057638053353
情景一阈值控制,201.66884282103979,17488.386107976508,33.117722395910114,58757.401082353121,12.831833787903967,15882.461216867374,5575.7178326360572,10352.69193382322,0,65.016714178295786,72.148771792820682,12.8872,0.32300000000000001,0.83972284649577877,15928.409766459277,15928.409766459277
情景一阈值控制,201.78000489184143,17484.576181264114,32.943839230679515,58759.866269696249,12.763853200963366,15884.047819988824,5576.6282211890593,10353.126284639497,0,65.016714178295786,72.148771792820682,12.8872,0.32300000000000001,0.83953990894601738,15929.754505828556,15929.754505828556
情景一阈值控制,201.89116696264304,17480.787093236962,32.770672777092038,58762.317973508834,12.696159594046385,15885.626064263884,5577.5336303023132,10353.558259740799,0,65.016714178295786,72.148771792820682,12.8872,0.32300000000000001,0.83935797198716156,15931.091890043113,15931.091890043113
情景一阈值控制,202,17477.097489223335,32.60182819177431,58764.705306862503,12.630161980934497,15887.16317712228,5578.4152675391106,10353.978893163967,0,65.016714178295786,72.148771792820682,12.8872,0.32300000000000001,0.8391808118555385,15932.394160703077,15932.394160703077
情景一阈值控制,202.00232903344465,17477.018748117687,32.598222404687071,58764.756255763008,12.628752628516732,15887.195984466922,5578.4340828619888,10353.987870046227,0,65.016714178295786,72.148771792820682,12.8872,0.32300000000000001,0.83917703102036212,15932.421952908215,15932.421952908215
情景一阈值控制,202.11349110424629,17473.271050348569,32.426487451725137,58767.181178288745,12.561631954214013,15888.757615337579,5579.3296017017637,10354.415126449841,0,65.016714178295786,72.148771792820682,12.8872,0.32300000000000001,0.83899708145731733,15933.744728151605,15933.744728151605
情景一阈值控制,202.22465317504791,17469.543904594015,32.25546722562305,58769.592802772269,12.494797209623812,15890.310991579292,5580.2202096022456,10354.840039820381,0,65.016714178295786,72.148771792820682,12.8872,0.32300000000000001,0.83881811872039047,15935.060249422626,15935.060249422626
情景一阈值控制,202.33581524584952,17465.837215742933,32.085161003385714,58771.991190754597,12.428248022046446,15891.856147857861,5581.1059292903929,10355.262621000988,0,65.016714178295786,72.148771792820682,12.8872,0.32300000000000001,0.83864013824272465,15936.36855029138,15936.36855029138
情景一阈值控制,202.44697731665116,17462.150888911096,31.915568032035537,58774.376403629918,12.361984007764617,15893.39311880001,5581.9867834389552,10355.682880808943,0,65.016714178295786,72.148771792820682,12.8872,0.32300000000000001,0.83846313546835571,15937.669664247898,15937.669664247898
情景一阈值控制,202.55813938745277,17458.484829443438,31.746687529038912,58776.748502644157,12.296004772209834,15894.921938991984,5582.8627946659208,10356.100830035399,0,65.016714178295786,72.148771792820682,12.8872,0.32300000000000001,0.8382871058523238,15938.963624701319,15938.963624701319
情景一阈值控制,202.66930145825438,17454.838942916329,31.578518682729456,58779.10754889348,12.230309910127481,15896.442642978163,5583.7339855339842,10356.516479445125,0,65.016714178295786,72.148771792820682,12.8872,0.32300000000000001,0.83811204486078106,15940.250464979108,15940.250464979108
情景一阈值控制,202.78046352905602,17451.213135139758,31.411060652728676,58781.453603322894,12.164899005740763,15897.955265259703,5584.6003785500043,10356.929839776254,0,65.016714178295786,72.148771792820682,12.8872,0.32300000000000001,0.83793794797109744,15941.530218326257,15941.530218326257
情景一阈值控制,202.89162559985763,17447.607312159551,31.244312570363793,58783.786726724822,12.099771632913441,15899.459840293172,5585.4619961644994,10357.340921740039,0,65.016714178295786,72.148771792820682,12.8872,0.32300000000000001,0.83776481067196606,15942.802917904537,15942.802917904537
情景一阈值控制,203,17444.111064187862,31.082428728316252,58786.048950357668,12.036550032839484,15900.918970074137,5586.2974306418946,10357.739511601483,0,65.016714178295786,72.148771792820682,12.8872,0.32300000000000001,0.8375969347295712,15944.036942243378,15944.036942243378
情景一阈值控制,203.00278767065925,17444.021380259437,31.078273539082168,58786.106979737742,12.034927355311169,15900.956402489252,5586.3188607711299,10357.749736020602,0,65.016714178295786,72.148771792820682,12.8872,0.32300000000000001,0.83759262846350424,15944.068596791731,15944.068596791731
情景一阈值控制,203.11394974146089,17440.45524596316,30.912942634863249,58788.414422844835,11.970365726561734,15902.444986211407,5587.17099470621,10358.156293274709,0,65.016714178295786,72.148771792820682,12.8872,0.32300000000000001,0.8374213968573534,15945.327287980919,15945.327287980919
情景一阈值控制,203.2251118122625,17436.908816036514,30.748318906627507,58790.709116372651,11.906086290414052,15903.925625774615,5588.0184202482124,10358.56060413153,0,65.016714178295786,72.148771792820682,12.8872,0.32300000000000001,0.83725111137677699,15946.579024379742,15946.579024379742
情景一阈值控制,203.33627388306411,17433.381997489312,30.584401376642045,58792.991120489882,11.84208858089576,15905.398355444086,5588.8611596173032,10358.962679192411,0,65.016714178295786,72.148771792820682,12.8872,0.32300000000000001,0.8370817675567559,15947.823838809714,15947.823838809714
情景一阈值控制,203.44743595386575,17429.874697577365,30.421189040923643,58795.260495206028,11.778372122469735,15906.863209434043,5589.6992349748662,10359.362529030657,0,65.016714178295786,72.148771792820682,12.8872,0.32300000000000001,0.83691336094408209,15949.061764005524,15949.061764005524
情景一阈值控制,203.55859802466736,17426.386823804354,30.258680869638788,58797.517300370186,11.714936430189326,15908.320221906457,5590.5326684230577,10359.760164191315,0,65.016714178295786,72.148771792820682,12.8872,0.32300000000000001,0.8367458870974499,15950.292832614374,15950.292832614374
情景一阈值控制,203.66976009546897,17422.918283923715,30.096875807500378,58799.761595669894,11.651781009852208,15909.769426969866,5591.3614820043495,10360.155595190956,0,65.016714178295786,72.148771792820682,12.8872,0.32300000000000001,0.83657934158754577,15951.517077195305,15951.517077195305
情景一阈值控制,203.78092216627061,17419.468985940457,29.935772774161769,58801.993440629885,11.588905358153138,15911.210858678181,5592.1856977011075,10360.548832517474,0,65.016714178295786,72.148771792820682,12.8872,0.32300000000000001,0.83641371999713543,15952.734530218582,15952.734530218582
情景一阈值控制,203.89208423707223,17416.038838112931,29.775370664607866,58804.212894610951,11.526308962835421,15912.644551029503,5593.0053374351546,10360.939886629878,0,65.016714178295786,72.148771792820682,12.8872,0.32300000000000001,0.83624901792114914,15953.945224065032,15953.945224065032
情景一阈值控制,204,17412.727094966005,29.620322287381079,58806.355735643272,11.4658072427302,15914.029003241438,5593.796684166743,10361.317442012896,0,65.016714178295786,72.148771792820682,12.8872,0.32300000000000001,0.83609000116768617,15955.11412617964,15955.11412617964
情景一阈值控制,204.00324630787384,17412.627748954572,29.615668349542801,58806.420016808886,11.463991302841039,15914.070537964986,5593.8204230673618,10361.328767958095,0,65.016714178295786,72.148771792820682,12.8872,0.32300000000000001,0.83608523096676579,15955.149191025457,15955.149191025457
情景一阈值控制,204.11440837867548,17409.235627235619,29.456664675774991,58808.614866253287,11.401951848459596,15915.488853367699,5594.6309763972404,10361.71548690278,0,65.016714178295786,72.148771792820682,12.8872,0.32300000000000001,0.83592235475349419,15956.34646330002,15956.34646330002
情景一阈值控制,204.22557044947709,17405.862381984738,29.298358466599218,58810.797501806519,11.340190061476086,15916.899531061501,5595.4370191625458,10362.10005383512,0,65.016714178295786,72.148771792820682,12.8872,0.32300000000000001,0.83576038491325222,15957.537072997666,15957.537072997666
情景一阈值控制,204.3367325202787,17402.507922490659,29.140748522175233,58812.967982162707,11.278705395317195,15918.302604809967,5596.2385730388924,10362.482479096654,0,65.016714178295786,72.148771792820682,12.8872,0.32300000000000001,0.8355993170904451,15958.721052135546,15958.721052135546
情景一阈值控制,204.44789459108034,17399.172158303762,28.983833619903802,58815.126365846685,11.217497295196544,15919.698108315284,5597.0356596393731,10362.8627729991,0,65.016714178295786,72.148771792820682,12.8872,0.32300000000000001,0.83543914694204102,15959.898432638474,15959.898432638474
情景一阈值控制,204.55905666188195,17395.854999237603,28.827612514799689,58817.272711212958,11.156565198258651,15921.08607521721,5597.8283005141948,10363.240945824162,0,65.016714178295786,72.148771792820682,12.8872,0.32300000000000001,0.83527987013764549,15961.069246338357,15961.069246338357
情景一阈值控制,204.67021873268357,17392.556355370423,28.672083939861253,58819.407076444804,11.09590853372152,15922.46653909202,5598.6165171503153,10363.617007823375,0,65.016714178295786,72.148771792820682,12.8872,0.32300000000000001,0.83512148235957251,15962.23352497369,15962.23352497369
情景一阈值控制,204.78138080348521,17389.276137046611,28.517246606437382,58821.529519553289,11.035526723018105,15923.839533451486,5599.4003309710988,10363.990969217928,0,65.016714178295786,72.148771792820682,12.8872,0.32300000000000001,0.83496397930291577,15963.391300189027,15963.391300189027
情景一阈值控制,204.89254287428682,17386.01425487813,28.363099204591407,58823.640098376309,10.975419179936525,15925.205091741864,5600.1797633359702,10364.36284019851,0,65.016714178295786,72.148771792820682,12.8872,0.32300000000000001,0.83480735667561679,15964.542603534479,15964.542603534479
情景一阈值控制,205,17382.878434568131,28.214743986986406,58825.669109725357,10.917575124597322,15926.518099975758,5600.9290730025332,10364.720339492897,0,65.016714178295786,72.148771792820682,12.8872,0.32300000000000001,0.83465678703811264,15965.64941249543,15965.64941249543
情景一阈值控制,205.00370494508843,17382.770619745912,28.209640403461634,58825.738870577785,10.915585310758917,15926.563247342914,5600.954835540083,10364.73263092514,0,65.016714178295786,72.148771792820682,12.8872,0.32300000000000001,0.83465161019853185,15965.687466465224,15965.687466465224
情景一阈值控制,205.11486701589007,17379.545142801202,28.056868851619214,58827.825893646695,10.856024514399149,15927.91403356692,5601.7255688140021,10365.100351527024,0,65.016714178295786,72.148771792820682,12.8872,0.32300000000000001,0.83449673560549642,15966.825920341027,15966.825920341027
情景一阈值控制,205.22602908669168,17376.337735466881,27.904783177422964,58829.901224896254,10.796736182539311,15929.257483657733,5602.491984323382,10365.466012102401,0,65.016714178295786,72.148771792820682,12.8872,0.32300000000000001,0.83434272864338921,15967.957996425783,15967.957996425783
情景一阈值控制,205.33719115749329,17373.14830943874,27.753381989370837,58831.964921463121,10.737719699764815,15930.593630789836,5603.2541031686651,10365.829622718393,0,65.016714178295786,72.148771792820682,12.8872,0.32300000000000001,0.83418958507219287,15969.083725887058,15969.083725887058
情景一阈值控制,205.44835322829493,17369.976776686737,27.602663876448702,58834.017040306528,10.678974443698417,15931.922508067415,5604.0119463847823,10366.191193410868,0,65.016714178295786,72.148771792820682,12.8872,0.32300000000000001,0.8340373006650541,15970.203139795651,15970.203139795651
情景一阈值控制,205.55951529909655,17366.823049456198,27.452627408476157,58836.05763820756,10.620499785132962,15933.24414852347,5604.7655349408651,10366.550734184302,0,65.016714178295786,72.148771792820682,12.8872,0.32300000000000001,0.83388587120834223,15971.316269125167,15971.316269125167
情景一阈值控制,205.67067736989819,17363.687040268989,27.303271136448853,58838.086771768329,10.562295088162783,15934.558585118906,5605.5148897399631,10366.908255011642,0,65.016714178295786,72.148771792820682,12.8872,0.32300000000000001,0.83373529250170442,15972.423144751605,15972.423144751605
情景一阈值控制,205.7818394406998,17360.568661924666,27.154593592878449,58840.10449741131,10.504359710314063,15935.865850741666,5606.2600316187718,10367.263765834176,0,65.016714178295786,72.148771792820682,12.8872,0.32300000000000001,0.83358556035812192,15973.523797452948,15973.523797452948
情景一阈值控制,205.89300151150141,17357.467827501583,27.006593292128986,58842.110871378558,10.446693002673781,15937.165978205889,5607.0009813473707,10367.61727656141,0,65.016714178295786,72.148771792820682,12.8872,0.32300000000000001,0.83343667060396243,15974.61825790878,15974.61825790878
情景一阈值控制,206,17354.499624774162,26.864774618339769,58844.031426903064,10.391439358153614,15938.410697727117,5607.710238503746,10367.955666607952,0,65.016714178295786,72.148771792820682,12.8872,0.32300000000000001,0.83329414929708723,15975.665905111699,15975.665905111699
情景一阈值控制,206.00416358230305,17354.384450357953,26.8592687307506,58844.105949731063,10.38929431001754,15938.459000251049,5607.7377596289616,10367.968797070942,0,65.016714178295786,72.148771792820682,12.8872,0.32300000000000001,0.8332886190790314,15975.706556699904,15975.706556699904
情景一阈值控制,206.11532565310466,17351.31844413291,26.712618387810245,58846.089788348043,10.332162970936198,15939.74494954114,5608.4703870996245,10368.318337208349,0,65.016714178295786,72.148771792820682,12.8872,0.32300000000000001,0.83314140163662287,15976.788724307975,15976.788724307975
情景一阈值控制,206.22648772390627,17348.269722747489,26.566640725219131,58848.06244292629,10.275298317961147,15941.023858663868,5609.1988843280742,10368.665906787062,0,65.016714178295786,72.148771792820682,12.8872,0.32300000000000001,0.83299501414356725,15977.864791115137,15977.864791115137
情景一阈值控制,206.33764979470791,17345.238200405634,26.421334188057415,58850.023968979593,10.218699677688509,15942.29576012986,5609.923271815429,10369.011515588267,0,65.016714178295786,72.148771792820682,12.8872,0.32300000000000001,0.8328494524802782,15978.934787403696,15978.934787403696
情景一阈值控制,206.44881186550953,17342.223791595115,26.276697204896038,58851.974421838037,10.162366370902097,15943.56068637188,5610.6435699949807,10369.355173360786,0,65.016714178295786,72.148771792820682,12.8872,0.32300000000000001,0.83270471254079825,15979.998743355765,15979.998743355765
情景一阈值控制,206.55997393631114,17339.226411088453,26.132728188115106,58853.913856647494,10.106297712695081,15944.818669744067,5611.3597992319828,10369.69688982098,0,65.016714178295786,72.148771792820682,12.8872,0.32300000000000001,0.83256079023284224,15981.056689052963,15981.056689052963
情景一阈值控制,206.67113600711278,17336.245973943802,25.989425534219762,58855.842328369035,10.050493012590543,15946.069742521189,5612.0719798234377,10370.036674652651,0,65.016714178295786,72.148771792820682,12.8872,0.32300000000000001,0.83241768147784023,15982.108654476087,15982.108654476087
情景一阈值控制,206.78229807791439,17333.282395505797,25.846787624153031,58857.759891778303,9.994951574660849,15947.313936897919,5612.7801319978889,10370.37453750693,0,65.016714178295786,72.148771792820682,12.8872,0.32300000000000001,0.83227538221097752,15983.15466950482,15983.15466950482
情景一阈值控制,206.89346014871603,17330.335591406369,25.704812823605323,58859.66660146512,9.9396726976456868,15948.551284988103,5613.4842759152334,10370.710488002207,0,65.016714178295786,72.148771792820682,12.8872,0.32300000000000001,0.8321338883812347,15984.19476391744,15984.19476391744
情景一阈值控制,207,17327.526982872492,25.569362261273923,58861.483892644748,9.8869381242003644,15949.730787478124,5614.155397764056,10371.030683507626,0,65.016714178295786,72.148771792820682,12.8872,0.32300000000000001,0.83199903015371179,15985.186081271682,15985.186081271682
情景一阈值控制,207.00462221951764,17327.405477565542,25.56349948332161,58861.562511832839,9.8846556750691033,15949.781818824067,5614.1844316665238,10371.044535724019,0,65.016714178295786,72.148771792820682,12.8872,0.32300000000000001,0.8319931959514254,15985.228967390543,15985.228967390543
情景一阈值控制,207.11578429031925,17324.491970192197,25.422845939405061,58863.44767709796,9.8298997953551748,15951.005570355926,5614.8806192737957,10371.376690224977,0,65.016714178295786,72.148771792820682,12.8872,0.32300000000000001,0.83185330089823262,15986.257309498773,15986.257309498773
情景一阈值控制,207.22694636112089,17321.594985784788,25.282850513618097,58865.322151289576,9.7754043419426253,15952.222571450913,5615.5728586898831,10371.706961024676,0,65.016714178295786,72.148771792820682,12.8872,0.32300000000000001,0.83171419921224377,15987.27981971456,15987.27981971456
情景一阈值控制,207.33810843192251,17318.71444113207,25.143511513680608,58867.185988248973,9.7211685933982483,15953.432853892715,5616.261169798262,10372.035357609619,0,65.016714178295786,72.148771792820682,12.8872,0.32300000000000001,0.83157588689798523,15988.296527407882,15988.296527407882
情景一阈值控制,207.44927050272412,17315.850253313729,25.004827233564811,58869.03924162918,9.6671918235290413,15954.636449380834,5616.9455724128793,10372.361889433136,0,65.016714178295786,72.148771792820682,12.8872,0.32300000000000001,0.83143835997395332,15989.307461846016,15989.307461846016
情景一阈值控制,207.56043257352576,17313.002339701088,24.866795953787648,58870.881964894514,9.6134733014933342,15955.833389529949,5617.6260862780027,10372.686565915315,0,65.016714178295786,72.148771792820682,12.8872,0.32300000000000001,0.83130161447264639,15990.312652193319,15990.312652193319
情景一阈值控制,207.67159464432737,17310.170617957661,24.7294159417002,58872.71421132025,9.5600122919106898,15957.023705869304,5618.3027310680745,10373.009396442927,0,65.016714178295786,72.148771792820682,12.8872,0.32300000000000001,0.8311656464405941,15991.312127511002,15991.312127511002
情景一阈值控制,207.78275671512898,17307.355006039801,24.592685451773956,58874.53603399219,9.5068080549705734,15958.207429842099,5618.9755263875695,10373.330390369363,0,65.016714178295786,72.148771792820682,12.8872,0.32300000000000001,0.83103045193838598,15992.305916756934,15992.305916756934
情景一阈值控制,207.89391878593062,17304.555422197216,24.456602725884505,58876.347485806284,9.4538598465399755,15959.38459280491,5619.6444917708586,10373.649557014565,0,65.016714178295786,72.148771792820682,12.8872,0.32300000000000001,0.83089602704069743,15993.294048785425,15993.294048785425
情景一阈值控制,208,17301.898669355218,24.327342303075675,58878.066519786276,9.4035697839677521,15960.5018621523,5620.2793274404366,10373.952440206993,0,65.016714178295786,72.148771792820682,12.8872,0.32300000000000001,0.83076846032040985,15994.23176764743,15994.23176764743
情景一阈值控制,208.00508085673223,17301.771784973531,24.321165993592334,58878.148619468338,9.4011669182698832,15960.555226027103,5620.3096466820816,10373.966905664973,0,65.016714178295786,72.148771792820682,12.8872,0.32300000000000001,0.83076236783631741,15994.276552347055,15994.276552347055
情景一阈值控制,208.11624292753385,17299.004013206795,24.186373472420534,58879.939487493648,9.3487285177005024,15961.719360690273,5620.9710105150298,10374.282445573454,0,65.016714178295786,72.148771792820682,12.8872,0.32300000000000001,0.83062947042817092,15995.253456088483,15995.253456088483
情景一阈值控制,208.22740499833549,17296.252026029953,24.052223368129926,58881.720142206686,9.2965438883654468,15962.877027887698,5621.6286025930212,10374.596185959261,0,65.016714178295786,72.148771792820682,12.8872,0.32300000000000001,0.83049733093334355,15996.224788552281,15996.224788552281
情景一阈值控制,208.3385670691371,17293.515742871332,23.918713874991347,58883.490635740818,9.2446122698948177,15964.028258623795,5622.282442168801,10374.908136007971,0,65.016714178295786,72.148771792820682,12.8872,0.32300000000000001,0.83036594548310294,15997.190578176771,15997.190578176771
情景一阈值控制,208.44972913993871,17290.795083455032,23.785843176054872,58885.251020038027,9.1929328981170215,15965.173083813608,5622.93254842443,10375.21830487144,0,65.016714178295786,72.148771792820682,12.8872,0.32300000000000001,0.83023531022291963,15998.150853295869,15998.150853295869
情景一阈值控制,208.56089121074035,17288.089967801359,23.653609443416457,58887.001346848621,9.1415050051595976,15966.311534282282,5623.5789404711941,10375.526701667754,0,65.016714178295786,72.148771792820682,12.8872,0.32300000000000001,0.83010542131248644,15999.105642138948,15999.105642138948
情景一阈值控制,208.67205328154196,17285.400316227224,23.522010838481847,58888.741667731003,9.0903278195489232,15967.443640764577,5624.2216373495085,10375.833335481188,0,65.016714178295786,72.148771792820682,12.8872,0.32300000000000001,0.82997627492573745,16000.054972830696,16000.054972830696
情景一阈值控制,208.78321535234357,17282.726049346453,23.391045512227429,58890.472034051483,9.0394005663087107,15968.569433904371,5624.8606580288306,10376.138215362165,0,65.016714178295786,72.148771792820682,12.8872,0.32300000000000001,0.82984786725086424,16000.998873390996,16000.998873390996
情景一阈值控制,208.89437742314522,17280.067088070173,23.260711605458493,58892.192496983953,8.9887224670574959,15969.688944254196,5625.4960214075872,10376.441350327215,0,65.016714178295786,72.148771792820682,12.8872,0.32300000000000001,0.82972019449033296,16001.937371734803,16001.937371734803
情景一阈值控制,209,17277.554738463525,23.137455877625197,58893.818095825955,8.9407999159734572,15970.74687329776,5626.0963516752508,10376.727770824195,0,65.016714178295786,72.148771792820682,12.8872,0.32300000000000001,0.82959956143991553,16002.824122499445,16002.824122499445
情景一阈值控制,209.00553949394683,17277.423353607082,23.131007249064883,58893.90310750981,8.9382927401050551,15970.802202274775,5626.1277463130928,10376.74274935894,0,65.016714178295786,72.148771792820682,12.8872,0.32300000000000001,0.82959325286089869,16002.870495672032,16002.870495672032
情景一阈值控制,209.11670156474844,17274.794767463773,23.001930564273518,58895.603916417691,8.8881106005475985,15971.909238334563,5626.7558515014862,10377.042421405988,0,65.016714178295786,72.148771792820682,12.8872,0.32300000000000001,0.82946703859361903,16003.798272907474,16003.798272907474
情景一阈值控制,209.22786363555008,17272.181251444956,22.873479662898529,58897.294974303302,8.8381752603620072,15973.010082709327,5627.3803556576622,10377.340375383012,0,65.016714178295786,72.148771792820682,12.8872,0.32300000000000001,0.82934154793386727,16004.720731040674,16004.720731040674
情景一阈值控制,209.33902570635169,17269.582727653735,22.745652647588631,58898.976331569327,8.7884859284989929,15974.104765581695,5628.0012773952212,10377.63662017065,0,65.016714178295786,72.148771792820682,12.8872,0.32300000000000001,0.82921677714134367,16005.63789756587,16005.63789756587
情景一阈值控制,209.4501877771533,17266.999118491811,22.618447612071549,58900.648038425214,8.7390418109750527,15975.193317040772,5628.6186352564082,10377.9311646155,0,65.016714178295786,72.148771792820682,12.8872,0.32300000000000001,0.82909272249008603,16006.549799871907,16006.549799871907
情景一阈值控制,209.56134984795494,17264.430346659676,22.491862641396043,58902.31014488708,8.6898421109635127,15976.275767081721,5629.2324477120756,10378.224017530096,0,65.016714178295786,72.148771792820682,12.8872,0.32300000000000001,0.82896938026847922,16007.456465242172,16007.456465242172
情景一阈值控制,209.67251191875656,17261.876335156805,22.365895812171207,58903.962700777614,8.6408860288844735,15977.35214560537,5629.8427331616322,10378.515187692881,0,65.016714178295786,72.148771792820682,12.8872,0.32300000000000001,0.82884674677926329,16008.357920854512,16008.357920854512
情景一阈值控制,209.78367398955817,17259.337007281774,22.240545192802891,58905.605755725934,8.5921727624936057,15978.422482417836,5630.4495099330125,10378.804683848208,0,65.016714178295786,72.148771792820682,12.8872,0.32300000000000001,0.82872481833954115,16009.25419378122,16009.25419378122
情景一阈值控制,209.89483606035981,17256.812286632437,22.115808843727713,58907.23935916755,8.5437015069700379,15979.486807230163,5631.0527962826445,10379.092514706303,0,65.016714178295786,72.148771792820682,12.8872,0.32300000000000001,0.82860359128078453,16010.145310988948,16010.145310988948
情景一阈值控制,210,17254.437173371458,21.998366759334111,58908.776160159126,8.4980677300823917,15980.488195360851,5631.6203336890321,10379.363289569321,0,65.016714178295786,72.148771792820682,12.8872,0.32300000000000001,0.82848954777465744,16010.983623258353,16010.983623258353
情景一阈值控制,210.00599813116142,17254.302097105996,21.991684817644479,58908.863560344245,8.4954714550031483,15980.545149657957,5631.6526103954202,10379.37868894327,0,65.016714178295786,72.148771792820682,12.8872,0.32300000000000001,0.82848306194883981,16011.031299338691,16011.031299338691
情景一阈值控制,210.11716020196303,17251.806362899119,21.868171159742673,58910.478408304072,8.4474817968782681,15981.59753922104,5632.2489703846777,10379.663215201072,0,65.016714178295786,72.148771792820682,12.8872,0.32300000000000001,0.8283632267039317,16011.912185585748,16011.912185585748
情景一阈值控制,210.22832227276467,17249.325008507996,21.745265907928637,58912.083951901244,8.3997317205614532,15982.644005343123,5632.8418942921826,10379.946102087517,0,65.016714178295786,72.148771792820682,12.8872,0.32300000000000001,0.82824408192066734,16012.787996379699,16012.787996379699
情景一阈值控制,210.33948434356628,17246.857958728397,21.62296709304918,58913.680239796158,8.3522204117832164,15983.684577351465,5633.431400088115,10380.227358176271,0,65.016714178295786,72.148771792820682,12.8872,0.32300000000000001,0.82812562398803813,16013.658758264386,16013.658758264386
情景一阈值控制,210.4506464143679,17244.405138655686,21.501272739112302,58915.26732045535,8.304947054121163,15984.719284476581,5634.017505671065,10380.506992006836,0,65.016714178295786,72.148771792820682,12.8872,0.32300000000000001,0.82800784930942117,16014.524497677901,16014.524497677901
情景一阈值控制,210.56180848516954,17241.966473684857,21.380180863505675,58916.845242151488,8.2579108290817178,15985.748155851918,5634.6002288680302,10380.785012084561,0,65.016714178295786,72.148771792820682,12.8872,0.32300000000000001,0.82789075430257997,16015.385240952592,16015.385240952592
情景一阈值控制,210.67297055597115,17239.54188951051,21.259689477212589,58918.414052963373,8.2111109161808589,15986.771220513569,5635.1795874344125,10381.061426880635,0,65.016714178295786,72.148771792820682,12.8872,0.32300000000000001,0.82777433539966461,16016.241014315048,16016.241014315048
情景一阈值控制,210.78413262677276,17237.131312126814,21.139796585025039,58919.973800776002,8.1645464930237441,15987.788507399991,5635.7555990540322,10381.336244832093,0,65.016714178295786,72.148771792820682,12.8872,0.32300000000000001,0.8276585890472089,16017.091843886126,16017.091843886126
情景一阈值控制,210.8952946975744,17234.734667827484,21.020500185754649,58921.524533280492,8.1182167353834682,15988.800045351734,5636.3282813391361,10381.609474341823,0,65.016714178295786,72.148771792820682,12.8872,0.32300000000000001,0.82754351170612972,16017.93775568096,16017.93775568096
情景一阈值控制,211,17232.489907685813,20.908676760409712,58922.976990166753,8.0747918832078298,15989.747596884665,5636.8646706430463,10381.865388293319,0,65.016714178295786,72.148771792820682,12.8872,0.32300000000000001,0.82743572723909964,16018.730058936366,16018.730058936366
情景一阈值控制,211.00645676837601,17232.351883205698,20.901798272441045,58923.066297974256,8.072120817278833,15989.805863111176,5636.8976518304071,10381.881123778576,0,65.016714178295786,72.148771792820682,12.8872,0.32300000000000001,0.82742909985172297,16018.778775608982,16018.778775608982
情景一阈值控制,211.11761883917762,17229.982885154019,20.78368883255752,58924.599142160958,8.0262579110510472,15990.805989322262,5637.4637279969947,10382.151201476963,0,65.016714178295786,72.148771792820682,12.8872,0.32300000000000001,0.82731534997366019,16019.614929473959,16019.614929473959
情景一阈值控制,211.22878090997926,17227.627600864296,20.666169848214476,58926.12311295062,7.9806271874395502,15991.800452530271,5638.0265272365305,10382.41971573748,0,65.016714178295786,72.148771792820682,12.8872,0.32300000000000001,0.82720225857598284,16020.446242974011,16020.446242974011
情景一阈值控制,211.33994298078088,17225.285957827564,20.549239296360444,58927.638257259692,7.9352278156569147,15992.789281181575,5638.5860668751602,10382.686674826517,0,65.016714178295786,72.148771792820682,12.8872,0.32300000000000001,0.82708982217709826,16021.272741701676,16021.272741701676
情景一阈值控制,211.45110505158249,17222.95788383386,20.432895148980375,58929.14462181113,7.8900589634626437,15993.772503623419,5639.1423641675765,10382.952086976369,0,65.016714178295786,72.148771792820682,12.8872,0.32300000000000001,0.82697803730977126,16022.094451143945,16022.094451143945
情景一阈值控制,211.56226712238413,17220.643306972132,20.317135373291816,58930.642253134487,7.8451197972361753,15994.750148103698,5639.69543629705,10383.215960385261,0,65.016714178295786,72.148771792820682,12.8872,0.32300000000000001,0.82686690052111822,16022.911396682312,16022.911396682312
情景一阈值控制,211.67342919318574,17218.342155630016,20.201957931938669,58932.131197566079,7.800409482048912,15995.722242770766,5640.2453003754772,10383.47830321736,0,65.016714178295786,72.148771792820682,12.8872,0.32300000000000001,0.82675640837259823,16023.723603592836,16023.723603592836
情景一阈值控制,211.78459126398735,17216.054358493693,20.087360783182302,58933.611501249012,7.7559271817352418,15996.688815673218,5640.791973443419,10383.739123602803,0,65.016714178295786,72.148771792820682,12.8872,0.32300000000000001,0.8266465574400047,16024.531097046223,16024.531097046223
情景一阈值控制,211.89575333478899,17213.779844547662,19.973341881090551,58935.083210133402,7.7116720589627228,15997.649894759727,5641.3354724701512,10383.998429637715,0,65.016714178295786,72.148771792820682,12.8872,0.32300000000000001,0.82653734431345527,16025.333902107866,16025.333902107866
情景一阈值控制,212,17211.658834827354,19.866939690875213,58936.45559514546,7.6703757246455782,15998.546217992511,5641.8422913976374,10384.24023541848,0,65.016714178295786,72.148771792820682,12.8872,0.32300000000000001,0.82643550185018921,16026.082526816117,16026.082526816117
情景一阈值控制,212.0069154055906,17211.518543074526,19.859899175724419,58936.546369976459,7.6676432753013684,15998.605507878839,5641.8758143537198,10384.256229384233,0,65.016714178295786,72.148771792820682,12.8872,0.32300000000000001,0.82642876559738132,16026.132043737953,16026.132043737953
情景一阈值控制,212.11807747639222,17209.270383654766,19.747030613322114,58938.001026342645,7.6238399912918995,15999.555682778824,5642.4130159209872,10384.512530870536,0,65.016714178295786,72.148771792820682,12.8872,0.32300000000000001,0.82632081791051759,16026.925546791523,16026.925546791523
情景一阈值控制,212.22923954719386,17207.03529616649,19.634734136481054,58939.447224603864,7.5802613665132164,16000.500447107497,5642.9470939277016,10384.767342090874,0,65.016714178295786,72.148771792820682,12.8872,0.32300000000000001,0.82621349788588894,16027.714436018576,16027.714436018576
情景一阈值控制,212.34040161799547,17204.813210785163,19.523007684337607,58940.885009939608,7.5369065596489602,16001.43982841208,5643.4780650585553,10385.020671005595,0,65.016714178295786,72.148771792820682,12.8872,0.32300000000000001,0.8261068021707989,16028.49873606415,16028.49873606415
情景一阈值控制,212.45156368879708,17202.604057983339,19.411849192744246,58942.314427337151,7.4937747285530927,16002.373854139047,5644.0059459272534,10385.272525541177,0,65.016714178295786,72.148771792820682,12.8872,0.32300000000000001,0.82600072742681518,16029.278471468431,16029.278471468431
情景一阈值控制,212.56272575959872,17200.407768530356,19.301256594444691,58943.735521591727,7.4508650303146924,16003.302551634,5644.5307530765795,10385.522913590265,0,65.016714178295786,72.148771792820682,12.8872,0.32300000000000001,0.8258952703297564,16030.053666666845,16030.053666666845
情景一阈值控制,212.67388783040033,17198.224273492033,19.191227819246862,58945.148337306717,7.408176621321882,16004.225948141524,5645.0525029784767,10385.7718430117,0,65.016714178295786,72.148771792820682,12.8872,0.32300000000000001,0.82579042756967735,16030.824345990177,16030.824345990177
情景一阈值控制,212.78504990120194,17196.053504230349,19.08176079419324,58946.552918893889,7.3657086573247783,16005.14407080508,5645.5712120341159,10386.019321630565,0,65.016714178295786,72.148771792820682,12.8872,0.32300000000000001,0.82568619585085246,16031.590533664681,16031.590533664681
情景一阈值控制,212.89621197200358,17193.895392403108,18.97285344372937,58947.949310573618,7.3234602934976882,16006.056946666888,5646.0868965739855,10386.265357238213,0,65.016714178295786,72.148771792820682,12.8872,0.32300000000000001,0.82558257189176121,16032.352253812198,16032.352253812198
情景一阈值控制,213,17191.891806745585,18.871673948926475,58949.245717139056,7.2842120015433407,16006.904553545734,5646.565656819329,10386.493776084959,0,65.016714178295786,72.148771792820682,12.8872,0.32300000000000001,0.82548636766564532,16033.059432904287,16033.059432904287
情景一阈值控制,213.0073740428052,17191.749869963587,18.864503689870091,58949.337556375052,7.2814306845004477,16006.964602667826,5646.5995728579665,10386.509957592316,0,65.016714178295786,72.148771792820682,12.8872,0.32300000000000001,0.82547955242506976,16033.109530450281,16033.109530450281
情景一阈值控制,213.11853611360681,17189.61686916016,18.756709452363367,58950.717700136447,7.2396189845388239,16007.867065647331,5647.1092570754254,10386.753130416893,0,65.016714178295786,72.148771792820682,12.8872,0.32300000000000001,0.8253771341976146,16033.862387492318,16033.862387492318
情景一阈值控制,213.22969818440845,17187.49632253595,18.649468648852181,58952.089785505304,7.1980243474241661,16008.76436234331,5647.6159653453005,10386.994883402373,0,65.016714178295786,72.148771792820682,12.8872,0.32300000000000001,0.82527531397038412,16034.610848747674,16034.610848747674
情景一阈值控制,213.34086025521006,17185.388162928408,18.542779195034299,58953.4538559387,7.1566459266322262,16009.656519392065,5648.1197137161971,10387.235224205622,0,65.016714178295786,72.148771792820682,12.8872,0.32300000000000001,0.82517408851849949,16035.35493792182,16035.35493792182
情景一阈值控制,213.45202232601167,17183.292323468933,18.436639004819618,58954.809954703509,7.1154828753610593,16010.543563328216,5648.6205181664845,10387.474160449998,0,65.016714178295786,72.148771792820682,12.8872,0.32300000000000001,0.82507345463119608,16036.094678616482,16036.094678616482
情景一阈值控制,213.56318439681331,17181.208737582438,18.331045990485691,58956.158124876696,7.0745343465882069,16011.425520584629,5649.1183946043939,10387.711699725396,0,65.016714178295786,72.148771792820682,12.8872,0.32300000000000001,0.82497340911180272,16036.830094329791,16036.830094329791
情景一阈值控制,213.67434646761492,17179.13733898694,18.22599806283112,58957.498409345571,7.033799493127054,16012.30241749237,5649.6133588681178,10387.947849588296,0,65.016714178295786,72.148771792820682,12.8872,0.32300000000000001,0.82487394877772158,16037.561208456413,16037.561208456413
情景一阈值控制,213.78550853841654,17177.078061693104,18.121493131326616,58958.830850808081,6.9932774676823017,16013.174280280642,5650.1054267259233,10388.182617561813,0,65.016714178295786,72.148771792820682,12.8872,0.32300000000000001,0.82477507046040699,16038.288044287736,16038.288044287736
情景一阈值控制,213.89667060921818,17175.030840003808,18.017529104264252,58960.155491773112,6.9529674229047309,16014.041135076748,5650.5946138762511,10388.416011135751,0,65.016714178295786,72.148771792820682,12.8872,0.32300000000000001,0.82467677100534409,16039.010625012001,16039.010625012001
情景一阈值控制,214,17173.138623308034,17.921373814969964,58961.379837804147,6.9156870566302038,16014.842441397055,5651.0467623162804,10388.631733360462,0,65.016714178295786,72.148771792820682,12.8872,0.32300000000000001,0.82458591427447414,16039.678495676742,16039.678495676742
情景一阈值控制,214.00783268001979,17172.995608513662,17.914103888904673,58961.472374560777,6.9128685114451711,16014.903007906049,5651.0809359478308,10388.648037766652,0,65.016714178295786,72.148771792820682,12.8872,0.32300000000000001,0.82457904727202569,16039.728973714482,16039.728973714482
情景一阈值控制,214.1189947508214,17170.972302108534,17.811215391622017,58962.781541302735,6.8729798860076006,16015.759924691936,5651.5644084997966,10388.878704877856,0,65.016714178295786,72.148771792820682,12.8872,0.32300000000000001,0.82448189613392997,16040.443113377652,16040.443113377652
情景一阈值控制,214.23015682162304,17168.960855965081,17.708861518047055,58964.083033942501,6.833300699401553,16016.611911255812,5652.0450470217993,10389.10801985955,0,65.016714178295786,72.148771792820682,12.8872,0.32300000000000001,0.82438531447849739,16041.15306688135,16041.15306688135
情景一阈值控制,214.34131889242465,17166.961205550229,17.607040173208333,58965.376894235742,6.7938301045937664,16017.458993317065,5652.5228669341241,10389.335990068827,0,65.016714178295786,72.148771792820682,12.8872,0.32300000000000001,0.82428929920710603,16041.85885700295,16041.85885700295
情景一阈值控制,214.45248096322626,17164.973286620687,17.505749261671124,58966.663163750658,6.754567254758963,16018.301196493056,5652.997883587821,10389.56262282975,0,65.016714178295786,72.148771792820682,12.8872,0.32300000000000001,0.82419384723504785,16042.560506417571,16042.560506417571
情景一阈值控制,214.5636430340279,17162.997035222401,17.404986687674604,58967.941883868298,6.7155113033299711,16019.138546299127,5653.4701122648203,10389.787925433398,0,65.016714178295786,72.148771792820682,12.8872,0.32300000000000001,0.82409895549150369,16043.258037698219,16043.258037698219
情景一阈值控制,214.67480510482952,17161.03238769004,17.30475035526711,58969.213095782878,6.6766614040471053,16019.971068148605,5653.9395681780597,10390.011905137942,0,65.016714178295786,72.148771792820682,12.8872,0.32300000000000001,0.82400462091951698,16043.951473316003,16043.951473316003
情景一阈值控制,214.78596717563113,17159.07928064646,17.20503816843922,58970.476840502153,6.6380167110066965,16020.798787352785,5654.4062664716193,10390.234569168695,0,65.016714178295786,72.148771792820682,12.8872,0.32300000000000001,0.82391084047596885,16044.640835640315,16044.640835640315
情景一阈值控制,214.89712924643277,17157.137651002136,17.105848031255142,58971.733158847754,6.5995763787089947,16021.621729120981,5654.8702222208503,10390.455924718181,0,65.016714178295786,72.148771792820682,12.8872,0.32300000000000001,0.82381761113155116,16045.326146939031,16045.326146939031
情景一阈值控制,215,17155.351013596122,17.014519526406911,58972.889190512542,6.564184551205928,16022.37905519456,5655.2971423076606,10390.659610372597,0,65.016714178295786,72.148771792820682,12.8872,0.32300000000000001,0.82373182389887167,16045.956752680257,16045.956752680257
情景一阈值控制,215.00829131723438,17155.20743595462,17.007177847982238,58972.982091455604,6.5613395621053234,16022.439918560523,5655.3314504325035,10390.675978946194,0,65.016714178295786,72.148771792820682,12.8872,0.32300000000000001,0.82372492987073931,16046.007429378697,16046.007429378697
情景一阈值控制,215.11945338803599,17153.28857298796,16.909025523218368,58974.223678776216,6.523305416644444,16023.253380676793,5655.7899660448766,10390.894738979865,0,65.016714178295786,72.148771792820682,12.8872,0.32300000000000001,0.82363279369176601,16046.684705024742,16046.684705024742
情景一阈值控制,215.23061545883763,17151.380999872112,16.811388962017681,58975.457961075132,6.4854730983182733,16024.062140373255,5656.2457839279414,10391.112211913734,0,65.016714178295786,72.148771792820682,12.8872,0.32300000000000001,0.82354119960659167,16047.357995841676,16047.357995841676
情景一阈值控制,215.34177752963924,17149.484654662378,16.714266070014471,58976.68497843323,6.4478417637069061,16024.866222451501,5656.698918883495,10391.328404809812,0,65.016714178295786,72.148771792820682,12.8872,0.32300000000000001,0.82345014464087762,16048.027323693306,16048.027323693306
情景一阈值控制,215.45293960044089,17147.599475698778,16.617654753545018,58977.904770747205,6.4104105700228358,16025.665651611283,5657.1493856452935,10391.543324697643,0,65.016714178295786,72.148771792820682,12.8872,0.32300000000000001,0.8233596258339565,16048.692710342937,16048.692710342937
情景一阈值控制,215.5641016712425,17145.725401605458,16.521552919767945,58979.117377729875,6.3731786751546151,16026.460452450576,5657.5971988792026,10391.756978574382,0,65.016714178295786,72.148771792820682,12.8872,0.32300000000000001,0.82326964023880378,16049.354177453584,16049.354177453584
情景一阈值控制,215.67526374204411,17143.862371290066,16.425958476782419,58980.322838910637,6.3361452377096965,16027.250649465635,5658.0423731833462,10391.969373404867,0,65.016714178295786,72.148771792820682,12.8872,0.32300000000000001,0.82318018492200729,16050.011746588214,16050.011746588214
情景一阈值控制,215.78642581284575,17142.010323943137,16.330869333744793,58981.521193635839,6.2993094170566817,16028.036267051048,5658.4849230882501,10392.180516121682,0,65.016714178295786,72.148771792820682,12.8872,0.32300000000000001,0.82309125696373786,16050.665439209932,16050.665439209932
情景一阈值控制,215.89758788364736,17140.169199037449,16.236283400983524,58982.712481069226,6.2626703733668849,16028.817329499798,5658.9248630569982,10392.390413625235,0,65.016714178295786,72.148771792820682,12.8872,0.32300000000000001,0.82300285345771895,16051.315276682233,16051.315276682233
情景一阈值控制,216,17138.482610234892,16.149586212221791,58983.803776960987,6.2290887466435976,16029.53290122609,5659.3278763576145,10392.582693235427,0,65.016714178295786,72.148771792820682,12.8872,0.32300000000000001,0.82292187016163854,16051.910569593041,16051.910569593041
情景一阈值控制,216.00874995444897,17138.338936327385,16.142198590112059,58983.896740192315,6.226227267655168,16029.593861003365,5659.3622074853856,10392.599072783831,0,65.016714178295786,72.148771792820682,12.8872,0.32300000000000001,0.82291497151119508,16051.961280269217,16051.961280269217
情景一阈值控制,216.11991202525061,17136.519475848283,16.048612814140267,58985.074009804819,6.1899792618201701,16030.365885651767,5659.7969707020693,10392.80650043374,0,65.016714178295786,72.148771792820682,12.8872,0.32300000000000001,0.82282760824490142,16052.60347113581,16052.60347113581
情景一阈值控制,216.23107409605223,17134.710757915782,15.955523987584083,58986.244328525114,6.1539255186838897,16031.133427433664,5660.2291669687329,10393.012703379281,0,65.016714178295786,72.148771792820682,12.8872,0.32300000000000001,0.82274076079303193,16053.241870348014,16053.241870348014
情景一阈值控制,216.34223616685384,17132.912723125151,15.8629300265733,58987.407734790628,6.1180652020305466,16031.896510236447,5660.6588104802386,10393.217688392897,0,65.016714178295786,72.148771792820682,12.8872,0.32300000000000001,0.8226544263032074,16053.876498873135,16053.876498873135
情景一阈值控制,216.45339823765548,17131.125312350607,15.770828848957853,58988.564266858288,6.0823974766448696,16032.655157846324,5661.0859153647925,10393.421462215216,0,65.016714178295786,72.148771792820682,12.8872,0.32300000000000001,0.82256860193644243,16054.507377580008,16054.507377580008
情景一阈值控制,216.56456030845709,17129.348466744657,15.679218374412413,58989.713962804992,6.0469215083497474,16033.409393948414,5661.5104956841051,10393.624031555155,0,65.016714178295786,72.148771792820682,12.8872,0.32300000000000001,0.82248328486711431,16055.134527239261,16055.134527239261
情景一阈值控制,216.67572237925873,17127.582127737387,15.588096524539134,58990.856860527987,6.0116364640431668,16034.159242126871,5661.9325654335589,10393.825403089975,0,65.016714178295786,72.148771792820682,12.8872,0.32300000000000001,0.82239847228292817,16055.757968523534,16055.757968523534
情景一阈值控制,216.78688445006034,17125.826237035781,15.497461222969077,58991.992997745379,5.9765415117346601,16034.904725864961,5662.352138542371,10394.025583465376,0,65.016714178295786,72.148771792820682,12.8872,0.32300000000000001,0.82231416138488511,16056.377722007746,16056.377722007746
情景一阈值控制,216.89804652086195,17124.080736623011,15.40731039546168,58993.122411996563,5.9416358205809958,16035.645868545202,5662.7692288737617,10394.224579295567,0,65.016714178295786,72.148771792820682,12.8872,0.32300000000000001,0.82223034938724726,16056.993808169329,16056.993808169329
情景一阈值控制,217,17122.488917783241,15.325051766985098,58994.152387624068,5.9097873774048688,16036.321818829125,5663.1495967284682,10394.406054653129,0,65.016714178295786,72.148771792820682,12.8872,0.32300000000000001,0.82215391656840475,16057.555651381597,16057.555651381597
情景一阈值控制,217.00920859166359,17122.345568757726,15.31764197000283,58994.245140642699,5.9069185609213495,16036.382693449472,5663.1838502251258,10394.422397163353,0,65.016714178295786,72.148771792820682,12.8872,0.32300000000000001,0.8221470335175044,16057.606247388478,16057.606247388478
情景一阈值控制,217.12037066246521,17120.62067597335,15.228453876901373,58995.36122086714,5.8723889043118724,16037.115223759118,5663.5960163282016,10394.619043620211,0,65.016714178295786,72.148771792820682,12.8872,0.32300000000000001,0.82206421101633964,16058.215059948412,16058.215059948412
情景一阈值控制,217.23153273326682,17118.906001077336,15.139744048883806,58996.470689675938,5.8380460235595777,16037.843482555101,5664.0057408492457,10394.814525186381,0,65.016714178295786,72.148771792820682,12.8872,0.32300000000000001,0.82198187913759424,16058.820266035626,16058.820266035626
情景一阈值控制,217.34269480406846,17117.201487150462,15.051510421187643,58997.573583898295,5.8038890927557167,16038.567492818122,5664.4130373892058,10395.008848350941,0,65.016714178295786,72.148771792820682,12.8872,0.32300000000000001,0.82190003514823307,16059.421885740147,16059.421885740147
情景一阈值控制,217.45385687487007,17115.507077546074,14.963750931653205,58998.669940187036,5.7699172873085649,16039.287277428744,5664.8179194838958,10395.202019571892,0,65.016714178295786,72.148771792820682,12.8872,0.32300000000000001,0.82181867632830863,16060.019939055788,16060.019939055788
情景一阈值控制,217.56501894567168,17113.822715889368,14.876463520813715,58999.759795019105,5.7361297839755592,16040.002859167555,5665.2204006041729,10395.394045276251,0,65.016714178295786,72.148771792820682,12.8872,0.32300000000000001,0.821737799970927,16060.614445880423,16060.614445880423
情景一阈值控制,217.67618101647332,17112.148346076614,14.789646131984023,59000.843184696045,5.7025257608949182,16040.71426071528,5665.6204941561209,10395.584931860119,0,65.016714178295786,72.148771792820682,12.8872,0.32300000000000001,0.82165740338220972,16061.20542601624,16061.20542601624
情景一阈值控制,217.78734308727493,17110.483912274431,14.7032967113479,59001.920145344462,5.6691043976167199,16041.421504652963,5666.0182134812221,10395.774685688786,0,65.016714178295786,72.148771792820682,12.8872,0.32300000000000001,0.82157748388125951,16061.792899170008,16061.792899170008
情景一阈值控制,217.89850515807655,17108.829358919011,14.617413208043571,59002.990712916544,5.6358648751333229,16042.124613462091,5666.413571856544,10395.963313096805,0,65.016714178295786,72.148771792820682,12.8872,0.32300000000000001,0.82149803880012318,16062.376884953348,16062.376884953348
情景一阈值控制,218,17107.327276115928,14.539403743250723,59003.962625447675,5.6056741479050967,16042.762983926063,5666.7724971306543,10396.134558094645,0,65.016714178295786,72.148771792820682,12.8872,0.32300000000000001,0.82142591474937943,16062.9070552253,16062.9070552253
情景一阈值控制,218.00966722887819,17107.184630715354,14.531993574248055,59004.054923190539,5.6028063759093127,16042.823609524767,5666.8065824949208,10396.150820388084,0,65.016714178295786,72.148771792820682,12.8872,0.32300000000000001,0.82141906548375432,16062.957402883005,16062.957402883005
情景一阈值控制,218.1208292996798,17105.549672636516,14.447035765259987,59005.11281177128,5.5699280839109022,16043.518515123855,5667.1972585451367,10396.337213835972,0,65.016714178295786,72.148771792820682,12.8872,0.32300000000000001,0.82134056128997746,16063.534472381109,16063.534472381109
情景一阈值控制,218.23199137048141,17103.924429922808,14.362537739580821,59006.164414090636,5.5372291846347022,16044.209352443162,5667.5856130921138,10396.522499683348,0,65.016714178295786,72.148771792820682,12.8872,0.32300000000000001,0.82126252358945018,16064.108112775462,16064.108112775462
情景一阈值控制,218.34315344128305,17102.308848081051,14.278497458994833,59007.209765408057,5.5047088651360401,16044.89614356759,5667.9716591570923,10396.706684142711,0,65.016714178295786,72.148771792820682,12.8872,0.32300000000000001,0.82118494976562606,16064.678343299804,16064.678343299804
情景一阈值控制,218.45431551208466,17100.702872883747,14.194912888647666,59008.248900811072,5.4723663140567407,16045.5789104833,5668.3554096978251,10396.889773396266,0,65.016714178295786,72.148771792820682,12.8872,0.32300000000000001,0.82110783721471625,16065.245183094092,16065.245183094092
情景一阈值控制,218.56547758288627,17099.106450368326,14.111781997123316,59009.281855215806,5.4402007216523049,16046.257675077917,5668.7368776087596,10397.071773596017,0,65.016714178295786,72.148771792820682,12.8872,0.32300000000000001,0.8210311833456525,16065.808651204778,16065.808651204778
情景一阈值控制,218.67663965368791,17097.519526836339,14.029102756519931,59010.308663367476,5.4082112798186444,16046.932459140673,5669.1160757212347,10397.252690863859,0,65.016714178295786,72.148771792820682,12.8872,0.32300000000000001,0.8209549855800482,16066.368766585094,16066.368766585094
情景一阈值控制,218.78780172448953,17095.942048852648,13.946873142524215,59011.329359840922,5.3763971821182981,16047.603284362609,5669.4930168036681,10397.432531291668,0,65.016714178295786,72.148771792820682,12.8872,0.32300000000000001,0.82087924135216073,16066.925548095336,16066.925548095336
情景一阈值控制,218.89896379529114,17094.373963244649,13.86509113448432,59012.343979041128,5.3447576238060703,16048.270172336761,5669.8677135617472,10397.611300941386,0,65.016714178295786,72.148771792820682,12.8872,0.32300000000000001,0.82080394810885215,16067.479014503133,16067.479014503133
情景一阈值控制,219,17092.956819638515,13.791145339745553,59013.260932238642,5.3161508845832408,16048.872915279342,5670.2063424683847,10397.772862443371,0,65.016714178295786,72.148771792820682,12.8872,0.32300000000000001,0.82073590250101347,16067.979204911757,16067.979204911757
情景一阈值控制,219.01012586609278,17092.81521710143,13.783754715481578,59013.352555203724,5.3132918018542341,16048.933144558328,5670.2401786386235,10397.789005845123,0,65.016714178295786,72.148771792820682,12.8872,0.32300000000000001,0.82072910330955129,16068.029184483747,16068.029184483747
情景一阈值控制,219.12128793689439,17091.265757772984,13.7028618724009,59014.355122395558,5.2819989149772386,16049.59222242489,5670.6104246151053,10397.965652005247,0,65.016714178295786,72.148771792820682,12.8872,0.32300000000000001,0.82065470442621358,16068.576076620353,16068.576076620353
情景一阈值控制,219.232450007696,17089.725532869394,13.622410595999693,59015.351714515178,5.250878163655849,16050.247427236589,5670.9784640098569,10398.141245394472,0,65.016714178295786,72.148771792820682,12.8872,0.32300000000000001,0.82058074894328337,16069.119709404329,16069.119709404329
情景一阈值控制,219.34361207849764,17088.19449025999,13.542398880975661,59016.342365293371,5.219928750160876,16050.898780196323,5671.3443092795906,10398.315791955954,0,65.016714178295786,72.148771792820682,12.8872,0.32300000000000001,0.82050723435765271,16069.660101235546,16069.660101235546
情景一阈值控制,219.45477414929925,17086.672578072543,13.462824726033315,59017.327108293706,5.1891498785764192,16051.546302409961,5671.707972819263,10398.489297603392,0,65.016714178295786,72.148771792820682,12.8872,0.32300000000000001,0.82043415817862364,16070.197270422654,16070.197270422654
情景一阈值控制,219.56593622010087,17085.159744692446,13.383686133949055,59018.305976913078,5.1585407548225684,16052.190014886528,5672.0694669622771,10398.661768221107,0,65.016714178295786,72.148771792820682,12.8872,0.32300000000000001,0.82036151792786705,16070.731235183384,16070.731235183384
情景一阈值控制,219.67709829090251,17083.655938761847,13.30498111163516,59019.279004382232,5.1281005866776947,16052.829938538433,5672.4288039806761,10398.833209664155,0,65.016714178295786,72.148771792820682,12.8872,0.32300000000000001,0.82028931113938353,16071.262013644831,16071.262013644831
情景一阈值控制,219.78826036170412,17082.161109178865,13.226707670202545,59020.246223766291,5.0978285838002932,16053.466094181664,5672.7859960853448,10399.003627758406,0,65.016714178295786,72.148771792820682,12.8872,0.32300000000000001,0.82021753535946318,16071.78962384375,16071.78962384375
情景一阈值控制,219.89942243250573,17080.675205096701,13.148863825022104,59021.20766796534,5.0677239577502835,16054.098502536008,5673.1410554262138,10399.173028300651,0,65.016714178295786,72.148771792820682,12.8872,0.32300000000000001,0.82014618814664486,16072.314083726866,16072.314083726866
情景一阈值控制,220,17079.338433091831,13.07880056041539,59022.072617261168,5.0406293733050118,16054.667483094105,5673.4604794002362,10399.325427035672,0,65.016714178295786,72.148771792820682,12.8872,0.32300000000000001,0.82008200166390621,16072.785906435907,16072.785906435907
情景一阈值控制,220.01058450330737,17079.198175922829,13.071447595785049,59022.16336971493,5.0377859220099213,16054.727184225269,5673.4939940924532,10399.341417058695,0,65.016714178295786,72.148771792820682,12.8872,0.32300000000000001,0.82007526707167633,16072.835411151147,16072.835411151147
情景一阈值控制,220.12174657410898,17077.729971318142,12.994457006562003,59023.113361586635,5.0080136920042806,16055.352159777478,5673.8448241126798,10399.508799771447,0,65.016714178295786,72.148771792820682,12.8872,0.32300000000000001,0.82000476971747371,16073.353623884126,16073.353623884126
情景一阈值控制,220.23290864491059,17076.270541196103,12.917890085860774,59024.057675988624,4.9784064851211989,16055.973449625119,5674.193557455158,10399.675182149025,0,65.016714178295786,72.148771792820682,12.8872,0.32300000000000001,0.81993469367908045,16073.868739604182,16073.868739604182
情景一阈值控制,220.34407071571223,17074.819835721893,12.84174486668311,59024.996345166161,4.94896352073087,16056.591074105356,5674.540206028003,10399.840569872849,0,65.016714178295786,72.148771792820682,12.8872,0.32300000000000001,0.8198650365636263,16074.380775900852,16074.380775900852
情景一阈值控制,220.45523278651385,17073.377805311567,12.766019386580281,59025.929401202215,4.9196840202049987,16057.205053460255,5674.884781679385,10400.00496859574,0,65.016714178295786,72.148771792820682,12.8872,0.32300000000000001,0.81979579599028707,16074.889750275124,16074.889750275124
情景一阈值控制,220.56639485731546,17071.944400631179,12.690711687707385,59026.856876017977,4.8905672069354527,16057.815407837021,5675.2272961977351,10400.168383942013,0,65.016714178295786,72.148771792820682,12.8872,0.32300000000000001,0.81972696959024294,16075.395680139747,16075.395680139747
情景一阈值控制,220.6775569281171,17070.519572595946,12.615819816876652,59027.778801373432,4.8616123063525656,16058.422157288216,5675.5677613119469,10400.330821507581,0,65.016714178295786,72.148771792820682,12.8872,0.32300000000000001,0.81965855500663709,16075.898582819529,16075.898582819529
情景一阈值控制,220.78871899891871,17069.103272369364,12.541341825609647,59028.695208867903,4.8328185459430246,16059.025321772006,5675.9061886915861,10400.492286860053,0,65.016714178295786,72.148771792820682,12.8872,0.32300000000000001,0.81959054989453506,16076.398475551639,16076.398475551639
情景一阈值控制,220.89988106972032,17067.69545136236,12.467275770188191,59029.606129940621,4.8041851552672616,16059.624921152388,5676.2425899470973,10400.652785538827,0,65.016714178295786,72.148771792820682,12.8872,0.32300000000000001,0.81952295192088209,16076.895375485925,16076.895375485925
情景一阈值控制,221,17066.434704623807,12.400918616482498,59030.421887601435,4.7785329108218741,16060.161919628283,5676.5438475527299,10400.796517010938,0,65.016714178295786,72.148771792820682,12.8872,0.32300000000000001,0.81946241586950075,16077.340364563668,16077.340364563668
情景一阈值控制,221.01104314052196,17066.296061232417,12.39361971170436,59030.511595871292,4.7757113659765293,16060.220975199436,5676.5769766300054,10400.812323055192,0,65.016714178295786,72.148771792820682,12.8872,0.32300000000000001,0.81945575876446286,16077.389299685197,16077.389299685197
情景一阈值控制,221.12220521132357,17064.905053882714,12.320371716109404,59031.411637780635,4.7473964118295502,16060.813503589541,5676.9093602331313,10400.970904892431,0,65.016714178295786,72.148771792820682,12.8872,0.32300000000000001,0.81938896811585893,16077.880265125561,16077.880265125561
情景一阈值控制,221.23336728212519,17063.522381461247,12.247529854261408,59032.306286630956,4.7192395287087079,16061.402525905649,5677.2397521907924,10401.128536505908,0,65.016714178295786,72.148771792820682,12.8872,0.32300000000000001,0.81932257767740679,16078.3682886967,16078.3682886967
情景一阈值控制,221.34452935292683,17062.147996359956,12.175092201972106,59033.195573226752,4.6912399546359183,16061.988061637514,5677.5681638790174,10401.285223323184,0,65.016714178295786,72.148771792820682,12.8872,0.32300000000000001,0.81925658516315714,16078.853387202202,16078.853387202202
情景一阈值控制,221.45569142372844,17060.781851213858,12.103056840052606,59034.079528215196,4.6633969297881084,16062.570130181937,5677.8946066157514,10401.440970744108,0,65.016714178295786,72.148771792820682,12.8872,0.32300000000000001,0.81919098829883097,16079.33557735986,16079.33557735986
情景一阈值控制,221.56685349453005,17059.423898900161,12.03142185435795,59034.958182086768,4.6357096965122366,16063.148750843027,5678.2190916610643,10401.595784140911,0,65.016714178295786,72.148771792820682,12.8872,0.32300000000000001,0.81912578482177922,16079.814875801974,16079.814875801974
情景一阈值控制,221.67801556533169,17058.074092537387,11.960185335830797,59035.831565175831,4.6081774993400106,16063.723942832437,5678.5416302173671,10401.749668858321,0,65.016714178295786,72.148771792820682,12.8872,0.32300000000000001,0.81906097248093945,16080.291299075689,16080.291299075689
情景一阈值控制,221.7891776361333,17056.732385484502,11.889345380544107,59036.699707661144,4.5807995850022278,16064.295725269638,5678.8622334296169,10401.902630213648,0,65.016714178295786,72.148771792820682,12.8872,0.32300000000000001,0.81899654903679464,16080.764863643264,16080.764863643264
情景一阈值控制,221.90033970693491,17055.398731340025,11.818900089742685,59037.562639566459,4.5535752024426817,16064.864117182156,5679.1809123855255,10402.054673496896,0,65.016714178295786,72.148771792820682,12.8872,0.32300000000000001,0.81893251226132968,16081.235585882421,16081.235585882421
情景一阈值控制,222,17054.209876733232,11.756077640336992,59038.331879909041,4.5292975974788039,16065.370831500732,5679.4649912423938,10402.190208904236,0,65.016714178295786,72.148771792820682,12.8872,0.32300000000000001,0.8188754281845988,16081.65520014663,16081.65520014663
情景一阈值控制,222.01150177773656,17054.073083941141,11.748847569883861,59038.42039076113,4.526503602831756,16065.429137505838,5679.4976781157784,10402.205803970857,0,65.016714178295786,72.148771792820682,12.8872,0.32300000000000001,0.81886885993798952,16081.703482086636,16081.703482086636
情景一阈值控制,222.12266384853817,17052.755397362824,11.679185932677244,59039.272990960628,4.4995840395796813,16065.990805085117,5679.8125415942386,10402.356026871215,0,65.016714178295786,72.148771792820682,12.8872,0.32300000000000001,0.81880558986163698,16082.168568465455,16082.168568465455
情景一阈值控制,222.23382591933978,17051.445625916946,11.609913295123324,59040.120469727146,4.4728157683493492,16066.549138673257,5680.1255137381631,10402.505347406648,0,65.016714178295786,72.148771792820682,12.8872,0.32300000000000001,0.81874269983850967,16082.630861144811,16082.630861144811
情景一阈值控制,222.34498799014142,17050.1437241514,11.541027779551298,59040.962856470171,4.4461980470688536,16067.104156932635,5680.436605408413,10402.653770758923,0,65.016714178295786,72.148771792820682,12.8872,0.32300000000000001,0.81868018768617767,16083.090376167336,16083.090376167336
情景一阈值控制,222.45615006094303,17048.849646849187,11.472527513655965,59041.800180447048,4.4197301359436754,16067.655878434993,5680.7458274096653,10402.801302083008,0,65.016714178295786,72.148771792820682,12.8872,0.32300000000000001,0.81861805123350051,16083.547129492672,16083.547129492672
情景一阈值控制,222.56731213174464,17047.563349027558,11.404410630533523,59042.632470763565,4.3934112974684671,16068.204321661704,5681.0531904906275,10402.947946507158,0,65.016714178295786,72.148771792820682,12.8872,0.32300000000000001,0.81855628832058491,16084.001136997786,16084.001136997786
情景一阈值控制,222.67847420254628,17046.284785937096,11.336675268716618,59043.459756374526,4.367240796438562,16068.749505004052,5681.3587053442498,10403.093709133036,0,65.016714178295786,72.148771792820682,12.8872,0.32300000000000001,0.81849489679874199,16084.452414477286,16084.452414477286
情景一阈值控制,222.7896362733479,17045.01391306084,11.269319572208499,59044.282066084328,4.341217899961145,16069.291446763484,5681.6623826079349,10403.2385950358,0,65.016714178295786,72.148771792820682,12.8872,0.32300000000000001,0.81843387453044369,16084.900977643734,16084.900977643734
情景一阈值控制,222.90079834414951,17043.750686113392,11.202341690516102,59045.099428547554,4.3153418774660368,16069.8301651519,5681.9642328637583,10403.382609264207,0,65.016714178295786,72.148771792820682,12.8872,0.32300000000000001,0.8183732193892812,16085.346842127965,16085.346842127965
情景一阈值控制,223,17042.629795622415,11.14288777645559,59045.824693168091,4.2923733967561875,16070.3082134171,5682.2320715780388,10403.510396420354,0,65.016714178295786,72.148771792820682,12.8872,0.32300000000000001,0.81831939867947534,16085.742467998392,16085.742467998392
情景一阈值控制,223.01196041495115,17042.495061040001,11.135739778682442,59045.911872269513,4.2896120007162102,16070.365678291913,5682.2642666386746,10403.525756840718,0,65.016714178295786,72.148771792820682,12.8872,0.32300000000000001,0.81831292925992061,16085.790023479392,16085.790023479392
情景一阈值控制,223.12312248575276,17041.246994015706,11.0695119973181,59046.719425606854,4.264027543817992,16070.898004217119,5682.5624944047358,10403.668042761601,0,65.016714178295786,72.148771792820682,12.8872,0.32300000000000001,0.81825300203806117,16086.230537166337,16086.230537166337
情景一阈值控制,223.23428455655437,17040.006441444413,11.003656512631732,59047.522116768159,4.2385877832308791,16071.42716087239,5682.8589265793053,10403.809471997029,0,65.016714178295786,72.148771792820682,12.8872,0.32300000000000001,0.81819343563039137,16086.668398576334,16086.668398576334
情景一阈值控制,223.34544662735601,17038.773359958006,10.938171496459859,59048.319973814439,4.2132919977771079,16071.953166114135,5683.1535735252655,10403.950049491188,0,65.016714178295786,72.148771792820682,12.8872,0.32300000000000001,0.81813422795454671,16087.103623016454,16087.103623016454
情景一阈值控制,223.45660869815762,17037.547706415458,10.87305512629583,59049.113024659826,4.1881394686509141,16072.476037710585,5683.4464455512425,10404.089780162371,0,65.016714178295786,72.148771792820682,12.8872,0.32300000000000001,0.81807537693906651,16087.536225713613,16087.536225713613
情景一阈值控制,223.56777076895924,17036.329437901928,10.808305585317813,59049.901297072072,4.1631294794274263,16072.995793342068,5683.7375529118099,10404.228668903084,0,65.016714178295786,72.148771792820682,12.8872,0.32300000000000001,0.8180168805233502,16087.966221814895,16087.966221814895
情景一阈值控制,223.67893283976088,17035.118511727862,10.743921062416108,59050.684818673173,4.1382613160713255,16073.512450601298,5684.026905807712,10404.366720580154,0,65.016714178295786,72.148771792820682,12.8872,0.32300000000000001,0.81795873665761509,16088.393626387866,16088.393626387866
情景一阈值控制,223.79009491056249,17033.914885428094,10.679899752219667,59051.463616939916,4.1135342669451926,16074.026026993643,5684.3145143860693,10404.503940034821,0,65.016714178295786,72.148771792820682,12.8872,0.32300000000000001,0.8179009433028529,16088.818454420891,16088.818454420891
情景一阈值控制,223.9012569813641,17032.718516760964,10.616239855121673,59052.237719204488,4.0889476228175292,16074.53653993743,5684.6003887406014,10404.640332082849,0,65.016714178295786,72.148771792820682,12.8872,0.32300000000000001,0.81784349843078663,16089.240720823451,16089.240720823451
情景一阈值控制,224,17031.661859433414,10.559993710725378,59052.921422190535,4.0672249855844607,16074.987463060561,5684.8528788297999,10404.760796335153,0,65.016714178295786,72.148771792820682,12.8872,0.32300000000000001,0.81779276194238881,16089.613675164954,16089.613675164954
情景一阈值控制,224.01241905216574,17031.52936370741,10.552939577304461,59053.007152655038,4.0645006768705274,16075.044006764199,5684.8845389118378,10404.77590151462,0,65.016714178295786,72.148771792820682,12.8872,0.32300000000000001,0.81778640002382752,16089.660440426458,16089.660440426458
情景一阈值控制,224.12358112296735,17030.34738447006,10.489997130763696,59053.771944336258,4.04019272470756,16075.548444719023,5685.166974887331,10404.910653095245,0,65.016714178295786,72.148771792820682,12.8872,0.32300000000000001,0.81772964607503207,16090.077627982577,16090.077627982577
情景一阈值控制,224.23474319376896,17029.172537472346,10.427410733331619,59054.53212115002,4.0160230643603425,16076.04987096076,5685.4477066018717,10405.044591564665,0,65.016714178295786,72.148771792820682,12.8872,0.32300000000000001,0.81767323458805874,16090.492298166537,16090.492298166537
情景一阈值控制,224.3459052645706,17028.004781357613,10.365178608699692,59055.287709855831,3.9919909962958617,16076.548302562371,5685.7267439377065,10405.177721637745,0,65.016714178295786,72.148771792820682,12.8872,0.32300000000000001,0.81761716357712477,16090.904465575451,16090.904465575451
情景一阈值控制,224.45706733537222,17026.844074988199,10.303298986440501,59056.038737071562,3.9680958234230439,16077.043756511184,5686.0040967247478,10405.310048004383,0,65.016714178295786,72.148771792820682,12.8872,0.32300000000000001,0.81756143106696344,16091.314144729131,16091.314144729131
情景一阈值控制,224.56822940617383,17025.690377444564,10.241770102028772,59056.785229273919,3.9443368510990866,16077.536249709199,5686.279774740794,10405.441575329616,0,65.016714178295786,72.148771792820682,12.8872,0.32300000000000001,0.81750603509278041,16091.721350070409,16091.721350070409
情景一阈值控制,224.67939147697547,17024.543648024362,10.180590196861825,59057.527212799076,3.9207133871355895,16078.025798973371,5686.5537877117376,10405.572308253715,0,65.016714178295786,72.148771792820682,12.8872,0.32300000000000001,0.81745097370021136,16092.126095965454,16092.126095965454
情景一阈值控制,224.79055354777708,17023.403846241577,10.119757518279293,59058.264713843244,3.897224741804417,16078.512421035906,5686.8261453117839,10405.702251392289,0,65.016714178295786,72.148771792820682,12.8872,0.32300000000000001,0.81739624494527807,16092.528396704074,16092.528396704074
情景一阈值控制,224.90171561857869,17022.270931825595,10.059270319582005,59058.997758463236,3.8738702278432542,16078.996132544547,5687.096857163664,10405.831409336392,0,65.016714178295786,72.148771792820682,12.8872,0.32300000000000001,0.81734184689434586,16092.928266500056,16092.928266500056
情景一阈值控制,225,17021.274965785444,10.006076695637214,59059.642191561754,3.8533324177152242,16079.421396920266,5687.3348449651576,10405.944954476543,0,65.016714178295786,72.148771792820682,12.8872,0.32300000000000001,0.81729402456053601,16093.279799441701,16093.279799441701
情景一阈值控制,225.01287768938033,17021.144864720332,9.9991268600503123,59059.726372577097,3.8506491604609567,16079.47695006287,5687.3659328388485,10405.959786652618,0,65.016714178295786,72.148771792820682,12.8872,0.32300000000000001,0.81728777762408056,16093.325719491466,16093.325719491466
情景一阈值控制,225.12403976018194,17020.025605083323,9.9393254049617337,59060.4505819646,3.8275608573426561,16079.954890070583,5687.6333818577641,10406.087387883208,0,65.016714178295786,72.148771792820682,12.8872,0.32300000000000001,0.81723403522140525,16093.720769740972,16093.720769740972
情景一阈值控制,225.23520183098358,17018.913113284831,9.8798642256077596,59061.170412267908,3.8046046386545509,16080.429968963812,5687.8992136900033,10406.214217546152,0,65.016714178295786,72.148771792820682,12.8872,0.32300000000000001,0.81718061778345719,16094.113431236156,16094.113431236156
情景一阈值控制,225.3463639017852,17017.807349906951,9.8207415993102263,59061.885888992103,3.7817798270485508,16080.902203055393,5688.1634377545442,10406.34028013529,0,65.016714178295786,72.148771792820682,12.8872,0.32300000000000001,0.81712752341754535,16094.503717889835,16094.503717889835
情景一阈值控制,225.45752597258684,17016.708275742712,9.7619558094367846,59062.597037505802,3.7590857476665773,16081.371608575188,5688.4260634199591,10406.465580120415,0,65.016714178295786,72.148771792820682,12.8872,0.32300000000000001,0.81707475024110665,16094.891643540373,16094.891643540373
情景一阈值控制,225.56868804338842,17015.615851795195,9.7035051454159849,59063.303883041699,3.7365217281447389,16081.838201670354,5688.6871000046294,10406.590121947369,0,65.016714178295786,72.148771792820682,12.8872,0.32300000000000001,0.81702229638166379,16095.277221951997,16095.277221951997
情景一阈值控制,225.67985011419006,17014.530039276622,9.6453879027513949,59064.006450697154,3.7140870986171386,16082.301998405666,5688.9465567769603,10406.713910038157,0,65.016714178295786,72.148771792820682,12.8872,0.32300000000000001,0.8169701599767818,16095.660466815118,16095.660466815118
情景一阈值控制,225.7910121849917,17013.450799607468,9.5876023830354615,59064.704765434792,3.6917811917196048,16082.763014763792,5689.2044429555954,10406.836948791035,0,65.016714178295786,72.148771792820682,12.8872,0.32300000000000001,0.81691833917402534,16096.04139174663,16096.04139174663
情景一阈值控制,225.90217425579328,17012.378094415595,9.5301468939624829,59065.398852083053,3.6696033425930792,16083.221266645613,5689.4607677096265,10406.959242580624,0,65.016714178295786,72.148771792820682,12.8872,0.32300000000000001,0.81686683213091626,16096.420010290251,16096.420010290251
情景一阈值控制,226,17011.439458979057,9.4798561248771875,59066.006189801759,3.6501916207948923,16083.622266854325,5689.6850562645968,10407.066251743483,0,65.016714178295786,72.148771792820682,12.8872,0.32300000000000001,0.81682176258500594,16096.751308008079,16096.751308008079
情景一阈值控制,226.01333632659492,17011.311885535313,9.4730197493409403,59066.088735336773,3.6475528888867896,16083.676769870499,5689.7155401588079,10407.080795758002,0,65.016714178295786,72.148771792820682,12.8872,0.32300000000000001,0.81681563701489002,16096.79633591681,16096.79633591681
情景一阈值控制,226.12449839739656,17010.252135006529,9.4162192691055182,59066.774439757784,3.6256291707612975,16084.129540176633,5689.9687693737696,10407.201612650813,0,65.016714178295786,72.148771792820682,12.8872,0.32300000000000001,0.8167647520032536,16097.170382024582,16097.170382024582
情景一阈值控制,226.23566046819815,17009.198805073844,9.359743779328241,59067.455989775459,3.603831530891231,16084.57959322129,5690.2204643762298,10407.32169756336,0,65.016714178295786,72.148771792820682,12.8872,0.32300000000000001,0.81671417528314272,16097.542161939589,16097.542161939589
情景一阈值控制,226.34682253899979,17008.151858185658,9.3035916122290327,59068.133409687318,3.5821593144678028,16085.026944581146,5690.4706341392084,10407.441054776717,0,65.016714178295786,72.148771792820682,12.8872,0.32300000000000001,0.8166639050514789,16097.911688915925,16097.911688915925
情景一阈值控制,226.45798460980143,17007.111256993303,9.2477611061859655,59068.806723659538,3.5606118692012219,16085.47160975258,5690.7192875872333,10407.559688548818,0,65.016714178295786,72.148771792820682,12.8872,0.32300000000000001,0.81661393951492689,16098.278976136051,16098.278976136051
情景一阈值控制,226.56914668060301,17006.076964350126,9.1922506057446576,59069.475955727641,3.5391885453227889,16085.91360415198,5690.9664335965617,10407.677603114567,0,65.016714178295786,72.148771792820682,12.8872,0.32300000000000001,0.81656427688985256,16098.644036711128,16098.644036711128
情景一阈值控制,226.68030875140465,17005.048943310634,9.1370584616271255,59070.141129796939,3.5178886955867994,16086.352943116028,5691.2120809953822,10407.794802685941,0,65.016714178295786,72.148771792820682,12.8872,0.32300000000000001,0.81651491540227961,16099.006883681323,16099.006883681323
情景一阈值控制,226.79147082220629,17004.027157129593,9.08218303074033,59070.802269643194,3.4967116752723362,16086.789641902014,5691.4562385640329,10407.911291452076,0,65.016714178295786,72.148771792820682,12.8872,0.32300000000000001,0.81646585328784782,16099.367530016109,16099.367530016109
情景一阈值控制,226.90263289300788,17003.011569261143,9.0276226761839187,59071.459398913154,3.4756568421847693,16087.223715688146,5691.6989150352092,10408.027073579387,0,65.016714178295786,72.148771792820682,12.8872,0.32300000000000001,0.81641708879177066,16099.725988614597,16099.725988614597
情景一阈值控制,227,17002.127077185109,8.9800907069449476,59072.031703536195,3.4573147461863636,16087.601777206384,5691.9102659408909,10408.127910126708,0,65.016714178295786,72.148771792820682,12.8872,0.32300000000000001,0.81637461899500352,16100.038176067599,16100.038176067599
情景一阈值控制,227.01379496380952,17002.002143357931,8.9733757672574388,59072.112541125134,3.4547235566570587,16087.655179573834,5691.9401190941744,10408.142153211656,0,65.016714178295786,72.148771792820682,12.8872,0.32300000000000001,0.81636862016879197,16100.08227230583,16100.08227230583
情景一阈值控制,227.12495703461116,17000.998843270212,8.9194406794672645,59072.761719669586,3.433911181550966,16088.084048580004,5692.1798593789717,10408.256534470134,0,65.016714178295786,72.148771792820682,12.8872,0.32300000000000001,0.81632044568314488,16100.436393849106,16100.436393849106
情景一阈值控制,227.23611910541277,17000.001633044987,8.8658157945327272,59073.406957809631,3.4132190822579678,16088.510337649403,5692.4181444806318,10408.370221453644,0,65.016714178295786,72.148771792820682,12.8872,0.32300000000000001,0.81627256360850931,16100.788365934277,16100.788365934277
情景一阈值控制,227.34728117621438,16999.010476925116,8.8124995003918425,59074.048278681723,3.392646626700023,16088.934061646891,5692.6549829433852,10408.483218238682,0,65.016714178295786,72.148771792820682,12.8872,0.32300000000000001,0.81622497222796886,16101.138201182068,16101.138201182068
情景一阈值控制,227.45844324701602,16998.025339348438,8.7594901912065275,59074.685705296077,3.3721931853301723,16089.355235359761,5692.8903832648721,10408.595528879508,0,65.016714178295786,72.148771792820682,12.8872,0.32300000000000001,0.81617766983397044,16101.485912144381,16101.485912144381
情景一阈值控制,227.56960531781763,16997.046184946914,8.7067862673673808,59075.319260537377,3.3518581311329543,16089.773873498027,5693.1243538963472,10408.707157408262,0,65.016714178295786,72.148771792820682,12.8872,0.32300000000000001,0.81613065472828072,16101.831511304608,16101.831511304608
情景一阈值控制,227.68076738861924,16996.072978545715,8.6543861354978073,59075.948967165234,3.3316408396246064,16090.189990694736,5693.3569032428932,10408.81810783505,0,65.016714178295786,72.148771792820682,12.8872,0.32300000000000001,0.81608392522194462,16102.175011077943,16102.175011077943
情景一阈值控制,227.79192945942088,16995.105685162405,8.6022882084577965,59076.574847814816,3.3115406888531318,16090.603601506278,5693.5880396636276,10408.928384148043,0,65.016714178295786,72.148771792820682,12.8872,0.32300000000000001,0.81603747963524409,16102.51642381167,16102.51642381167
情景一阈值控制,227.9030915302225,16994.144270006018,8.5504909053472264,59077.196924997384,3.2915570593981998,16091.01472041267,5693.8177714719077,10409.037990313589,0,65.016714178295786,72.148771792820682,12.8872,0.32300000000000001,0.81599131629765542,16102.855761785497,16102.855761785497
情景一阈值控制,228,16993.310899893673,8.5055792836121036,59077.736151499143,3.2742303890359858,16091.371102315352,5694.0169066962753,10409.132998699808,0,65.016714178295786,72.148771792820682,12.8872,0.32300000000000001,0.81595130117455583,16103.149905396083,16103.149905396083
情景一阈值控制,228.01425360102411,16993.188698476224,8.4989926515085674,59077.815221100835,3.2716893343708242,16091.423361817882,5694.0461069355451,10409.1469302763,0,65.016714178295786,72.148771792820682,12.8872,0.32300000000000001,0.81594543354780791,16103.193037211844,16103.193037211844
情景一阈值控制,228.12541567182575,16992.238936162445,8.4477918785292534,59078.429758390295,3.2519368994129287,16091.829540050134,5694.2730542770059,10409.255207959153,0,65.016714178295786,72.148771792820682,12.8872,0.32300000000000001,0.81589982973344233,16103.528262236159,16103.528262236159
情景一阈值控制,228.23657774262736,16991.294948842991,8.3968870242435809,59079.040559008696,3.2322991426967409,16092.233269362194,5694.4986216736215,10409.362827263594,0,65.016714178295786,72.148771792820682,12.8872,0.32300000000000001,0.8158545032113691,16103.861448937216,16103.861448937216
情景一阈值控制,228.34773981342897,16990.356702484201,8.3462765327340538,59079.647644977274,3.2127754549239858,16092.634563931684,5694.7228172577934,10409.469792069633,0,65.016714178295786,72.148771792820682,12.8872,0.32300000000000001,0.81580945234742697,16104.192609327427,16104.192609327427
情景一阈值控制,228.45890188423061,16989.424163239571,8.2959588543324063,59080.251038196184,3.1933652293249621,16093.033437861401,5694.9456491172023,10409.576106235938,0,65.016714178295786,72.148771792820682,12.8872,0.32300000000000001,0.81576467551644138,16104.52175535314,16104.52175535314
情景一阈值控制,228.57006395503223,16988.49729744891,8.2459324456201788,59080.850760445042,3.1740678616574676,16093.429905179592,5695.1671252950091,10409.681773599943,0,65.016714178295786,72.148771792820682,12.8872,0.32300000000000001,0.81572017110218342,16104.848898894952,16104.848898894952
情景一阈值控制,228.68122602583384,16987.576071637464,8.1961957694287459,59081.44683338343,3.1548827502055152,16093.823979840286,5695.3872537900643,10409.78679797794,0,65.016714178295786,72.148771792820682,12.8872,0.32300000000000001,0.81567593749732825,16105.174051768005,16105.174051768005
情景一阈值控制,228.79238809663548,16986.660452515065,8.1467472948390665,59082.039278551551,3.1358092957779617,16094.215675723581,5695.6060425571113,10409.891183165171,0,65.016714178295786,72.148771792820682,12.8872,0.32300000000000001,0.81563197310341451,16105.497225722283,16105.497225722283
情景一阈值控制,228.90355016743709,16985.750406975279,8.0975854971809866,59082.628117370696,3.1168469017069693,16094.605006635955,5695.8234995069879,10409.994932935939,0,65.016714178295786,72.148771792820682,12.8872,0.32300000000000001,0.81558827633080266,16105.818432442928,16105.818432442928
情景一阈值控制,229,16984.965295859129,8.0551613353387825,59083.136118214956,3.1004836945986369,16094.940904276795,5696.0111031610568,10410.084439553759,0,65.016714178295786,72.148771792820682,12.8872,0.32300000000000001,0.81555057841304168,16106.095542714815,16106.095542714815
情景一阈值控制,229.0147122382387,16984.845902094548,8.048708858032029,59083.213371143822,3.0979949738462857,16094.99198631057,5696.0396325068368,10410.098051043695,0,65.016714178295786,72.148771792820682,12.8872,0.32300000000000001,0.81554484559863383,16106.137683550533,16106.137683550533
情景一阈值控制,229.12587430904034,16983.946905131332,8.0001158652159088,59083.795061056124,3.0792529205694268,16095.376628407574,5696.2544493803034,10410.20054122114,0,65.016714178295786,72.148771792820682,12.8872,0.32300000000000001,0.8155016793347899,16106.454990601444,16106.454990601444
情景一阈值控制,229.23703637984195,16983.053383525275,7.9518050128006426,59084.373208175566,3.060620152767715,16095.758946514406,5696.4679579077419,10410.302407180316,0,65.016714178295786,72.148771792820682,12.8872,0.32300000000000001,0.81545877597585159,16106.770365088058,16106.770365088058
情景一阈值控制,229.34819845064357,16982.165304896353,7.9037748010961471,59084.947833453421,3.042096083848135,16096.138954146101,5696.6801658264167,10410.403652612713,0,65.016714178295786,72.148771792820682,12.8872,0.32300000000000001,0.81541613396705859,16107.083818439129,16107.083818439129
情景一阈值控制,229.45936052144521,16981.282637044009,7.8560237366515864,59085.518957724838,3.0236801297311002,16096.516664745586,5696.8910808307028,10410.504281189351,0,65.016714178295786,72.148771792820682,12.8872,0.32300000000000001,0.81537375176226834,16107.395362020054,16107.395362020054
情景一阈值控制,229.57052259224682,16980.405347946333,7.8085503322523309,59086.086601709387,3.0053717088480822,16096.892091684,5697.1007105722929,10410.604296560892,0,65.016714178295786,72.148771792820682,12.8872,0.32300000000000001,0.81533162782391566,16107.705007133185,16107.705007133185
情景一阈值控制,229.68168466304843,16979.533405759212,7.7613531069164363,59086.650786011574,2.9871702421390638,16097.265248260977,5697.3090626603926,10410.703702357727,0,65.016714178295786,72.148771792820682,12.8872,0.32300000000000001,0.81528976062297276,16108.01276501812,16108.01276501812
情景一阈值控制,229.79284673385007,16978.666778815481,7.7144305858908728,59087.211531121429,2.9690751530499151,16097.636147704969,5697.516144661925,10410.802502190067,0,65.016714178295786,72.148771792820682,12.8872,0.32300000000000001,0.81524814863890827,16108.318646851993,16108.318646851993
情景一阈值控制,229.90400880465168,16977.805435624101,7.6677813006473965,59087.768857415023,2.9510858675296321,16098.004803173522,5697.7219641017291,10410.900699648053,0,65.016714178295786,72.148771792820682,12.8872,0.32300000000000001,0.81520679035964738,16108.622663749782,16108.622663749782
情景一阈值控制,230,16977.065871742692,7.6277172122198591,59088.247387228708,2.935636365421336,16098.321350831771,5697.8986841655715,10410.985013651925,0,65.016714178295786,72.148771792820682,12.8872,0.32300000000000001,0.81517127943920975,16108.883697817497,16108.883697817497
情景一阈值控制,230.01517087545329,16976.949344869307,7.6214037888779504,59088.322785154996,2.9332018140274103,16098.371227753611,5697.9265284627609,10410.99829830184,0,65.016714178295786,72.148771792820682,12.8872,0.32300000000000001,0.81516568428153147,16108.9248267646,16108.9248267646
情景一阈值控制,230.12633294625493,16976.098475409784,7.5752965944898403,59088.873334491145,2.9154224234896464,16098.735434461918,5698.1298451862895,10411.095301701691,0,65.016714178295786,72.148771792820682,12.8872,0.32300000000000001,0.8151248289092784,16109.22514688798,16109.22514688798
情景一阈值控制,230.23749501705655,16975.252796277833,7.5294582676005666,59089.42052546089,2.8977471293568065,16099.097436245145,5698.3319216721011,10411.191713378083,0,65.016714178295786,72.148771792820682,12.8872,0.32300000000000001,0.81508422275594206,16109.523635050184,16109.523635050184
情景一阈值控制,230.34865708785816,16974.41227667854,7.4838873645322099,59089.964377989876,2.8801753675601471,16099.457245980308,5698.5327652786937,10411.28753684179,0,65.016714178295786,72.148771792820682,12.8872,0.32300000000000001,0.81504386434287324,16109.820302120483,16109.820302120483
情景一阈值控制,230.4598191586598,16973.576885988958,7.4385824478056009,59090.504911892494,2.8627065765183524,16099.814876475046,5698.7323833234732,10411.382775583981,0,65.016714178295786,72.148771792820682,12.8872,0.32300000000000001,0.81500375219967947,16110.115158907454,16110.115158907454
情景一阈值控制,230.57098122946141,16972.74659375726,7.3935420861341603,59091.042146872373,2.8453401971340613,16100.170340467921,5698.9307830829548,10411.477433076319,0,65.016714178295786,72.148771792820682,12.8872,0.32300000000000001,0.81496388486418492,16110.408216159274,16110.408216159274
情景一阈值控制,230.68214330026302,16971.921369701944,7.348764854417329,59091.576102522959,2.8280756727902432,16100.523650628713,5699.1279717929574,10411.571512771046,0,65.016714178295786,72.148771792820682,12.8872,0.32300000000000001,0.81492426088239234,16110.699484564004,16110.699484564004
情景一阈值控制,230.79330537106466,16971.101183710987,7.3042493337337691,59092.10679832803,2.8109124493465028,16100.874819558721,5699.3239566488,10411.665018101086,0,65.016714178295786,72.148771792820682,12.8872,0.32300000000000001,0.81488487880844152,16110.988974749886,16110.988974749886
情景一阈值控制,230.90446744186627,16970.286005841044,7.2599941113342856,59092.634253662232,2.7938499751352754,16101.223859791075,5699.5187448054967,10411.757952480131,0,65.016714178295786,72.148771792820682,12.8872,0.32300000000000001,0.81484573720457243,16111.276697285628,16111.276697285628
情景一阈值控制,231,16969.589421622204,7.2221681256536927,59093.0849737756,2.7792665826507328,16101.522133274722,5699.685194804908,10411.837366586202,0,65.016714178295786,72.148771792820682,12.8872,0.32300000000000001,0.8148122899968393,16111.52256139111,16111.52256139111
情景一阈值控制,231.01562951266789,16969.475806316626,7.2159977806343223,59093.158487791596,2.7768877009578801,16101.570783791014,5699.7123433779525,10411.850319302735,0,65.016714178295786,72.148771792820682,12.8872,0.32300000000000001,0.81480683464108394,16111.562662680688,16111.562662680688
情景一阈值控制,231.12679158346953,16968.670555529272,7.1722589412062732,59093.679519874073,2.7600250800805091,16101.9156039562,5699.9047594411586,10411.942121944412,0,65.016714178295786,72.148771792820682,12.8872,0.32300000000000001,0.81476816969629584,16111.846881385571,16111.846881385571
情景一阈值控制,231.23795365427114,16967.870224036764,7.1287761987715079,59094.197368960042,2.74326156823011,16102.258332617022,5700.0960000303839,10412.033363761724,0,65.016714178295786,72.148771792820682,12.8872,0.32300000000000001,0.81472974095650941,16112.129363792108,16112.129363792108
情景一阈值控制,231.34911572507275,16967.074782562304,7.0855481651919971,59094.712053992866,2.7265966235901358,16102.598982036878,5700.2860721413708,10412.124048092372,0,65.016714178295786,72.148771792820682,12.8872,0.32300000000000001,0.81469154701596913,16112.410120233742,16112.410120233742
情景一阈值控制,231.46027779587439,16966.284201993698,7.0425734584617761,59095.223593809395,2.7100297067962305,16102.937564412478,5700.4749827305277,10412.214178255294,0,65.016714178295786,72.148771792820682,12.8872,0.32300000000000001,0.81465358647682296,16112.689160985821,16112.689160985821
情景一阈值控制,231.571439866676,16965.49845338257,6.9998507026981223,59095.732007140468,2.6935602809318238,16103.274091874157,5700.6627387151202,10412.30375755075,0,65.016714178295786,72.148771792820682,12.8872,0.32300000000000001,0.81461585794908498,16112.96649626587,16112.96649626587
情景一阈值控制,231.68260193747761,16964.717507943536,6.9573785281323621,59096.237312611491,2.6771878115235892,16103.60857648614,5700.8493469734631,10412.392789260417,0,65.016714178295786,72.148771792820682,12.8872,0.32300000000000001,0.81457836005059547,16113.242136233879,16113.242136233879
情景一阈值控制,231.79376400827925,16963.941337053431,6.9151555711005228,59096.739528742888,2.6609117665368491,16103.941030246871,5701.034814345112,10412.481276647481,0,65.016714178295786,72.148771792820682,12.8872,0.32300000000000001,0.8145410914069835,16113.516090992593,16113.516090992593
情景一阈值控制,231.90492607908087,16963.169912250498,6.8731804740337124,59097.238673950633,2.6447316163708905,16104.271465089294,5701.2191476310545,10412.569222956727,0,65.016714178295786,72.148771792820682,12.8872,0.32300000000000001,0.81450405065162856,16113.788370587781,16113.788370587781
情景一阈值控制,232,16962.513877510897,6.8374759327292827,59097.66315679736,2.6309688534752662,16104.552484286363,5701.3759082625274,10412.644014218124,0,65.016714178295786,72.148771792820682,12.8872,0.32300000000000001,0.81447255046884826,16114.019922480651,16114.019922480651
情景一阈值控制,232.01608814988248,16962.403205233579,6.8314518854481516,59097.734766546811,2.6286468338541535,16104.59989288114,5701.4023535938977,10412.656631414628,0,65.016714178295786,72.148771792820682,12.8872,0.32300000000000001,0.81446723642562169,16114.058985008525,16114.058985008525
情景一阈值控制,232.12725022068412,16961.641187861347,6.7899684599350598,59098.227824740068,2.6126568942393695,16104.926325425242,5701.5844389580625,10412.743505229437,0,65.016714178295786,72.148771792820682,12.8872,0.32300000000000001,0.81443064737772797,16114.327944187498,16114.327944187498
情景一阈值控制,232.23841229148573,16960.883832151507,6.7487288581502796,59098.717866636165,2.5967612751986175,16105.25077445981,5701.7654104099665,10412.829847591274,0,65.016714178295786,72.148771792820682,12.8872,0.32300000000000001,0.81439428216434862,16114.595258001242,16114.595258001242
情景一阈值控制,232.34957436228734,16960.131110279999,6.7077317468035789,59099.204910238477,2.5809594568182566,16105.57325165874,5701.9452745982162,10412.915661672227,0,65.016714178295786,72.148771792820682,12.8872,0.32300000000000001,0.81435813944948288,16114.860936270443,16114.860936270443
情景一阈值控制,232.46073643308898,16959.382994580221,6.6669757986478091,59099.688973448472,2.565250921593814,16105.893768631893,5702.1240381337939,10413.000950626425,0,65.016714178295786,72.148771792820682,12.8872,0.32300000000000001,0.81432221790469039,16115.124988760219,16115.124988760219
情景一阈值控制,232.57189850389059,16958.639457542249,6.6264596924678267,59100.170074066278,2.5496351544247964,16106.212336925404,5702.3017075902435,10413.085717590136,0,65.016714178295786,72.148771792820682,12.8872,0.32300000000000001,0.8142865162090539,16115.387425180379,16115.387425180379
情景一阈值控制,232.68306057469221,16957.900471812045,6.5861821130690963,59100.648229791143,2.5341116426093833,16106.528968021958,5702.4782895038588,10413.169965681862,0,65.016714178295786,72.148771792820682,12.8872,0.32300000000000001,0.81425103304914115,16115.648255185721,16115.648255185721
情景一阈值控制,232.79422264549385,16957.166010190696,6.5461417512661688,59101.123458221933,2.5186798758390792,16106.843673341093,5702.6537903738681,10413.253698002412,0,65.016714178295786,72.148771792820682,12.8872,0.32300000000000001,0.81421576711896804,16115.907488376281,16115.907488376281
情景一阈值控制,232.90538471629546,16956.436045633614,6.5063373038709331,59101.595776857663,2.503339346193294,16107.156464239482,5702.8282166626204,10413.336917635008,0,65.016714178295786,72.148771792820682,12.8872,0.32300000000000001,0.81418071711996132,16116.165134297629,16116.165134297629
情景一阈值控制,233,16955.81826100179,6.4726427423204367,59101.995510230547,2.4903537955402553,16107.421195610636,5702.9758373649292,10413.407348191649,0,65.016714178295786,72.148771792820682,12.8872,0.32300000000000001,0.81415105355544759,16116.383185556579,16116.383185556579
情景一阈值控制,233.01654678709707,16955.710551249795,6.4667674736805676,59102.065203097984,2.4880895481338139,16107.467352011232,5703.0015747957696,10413.419627645359,0,65.016714178295786,72.148771792820682,12.8872,0.32300000000000001,0.81414588176092151,16116.421202441128,16116.421202441128
情景一阈值控制,233.12770885789871,16954.989500301021,6.4274309694653766,59102.531754243682,2.4729299784992325,16107.776347888166,5703.1738711624585,10413.501831081754,0,65.016714178295786,72.148771792820682,12.8872,0.32300000000000001,0.81411125975798571,16116.675702244213,16116.675702244213
情景一阈值控制,233.23887092870032,16954.2728662011,6.3883265059564129,59102.995447497153,2.4578601364993151,16108.083463040122,5703.3451121155022,10413.583530975156,0,65.016714178295786,72.148771792820682,12.8872,0.32300000000000001,0.8140768498345905,16116.928643090658,16116.928643090658
情景一阈值控制,233.35003299950193,16953.560622515113,6.3494528038328149,59103.456299962949,2.4428795237092582,16108.388708575227,5703.5153039715706,10413.664730339278,0,65.016714178295786,72.148771792820682,12.8872,0.32300000000000001,0.81404265072143622,16117.180034310848,16117.180034310848
情景一阈值控制,233.46119507030357,16952.852742958639,6.3108085897090351,59103.914328648221,2.4279876440639168,16108.692095540197,5703.6844530113731,10413.745432170675,0,65.016714178295786,72.148771792820682,12.8872,0.32300000000000001,0.81400866115644899,16117.429885182049,16117.429885182049
情景一阈值控制,233.57235714110519,16952.149201396991,6.2723925961218763,59104.369550463249,2.4131840038519656,16108.993634920616,5703.8525654798359,10413.825639448834,0,65.016714178295786,72.148771792820682,12.8872,0.32300000000000001,0.81397487988474515,16117.67820492867,16117.67820492867
情景一阈值控制,233.6835192119068,16951.449971844479,6.2342035615172486,59104.821982221889,2.3984681117099602,16109.293337641235,5704.0196475862876,10413.905355136256,0,65.016714178295786,72.148771792820682,12.8872,0.32300000000000001,0.8139413056585949,16117.925002722543,16117.925002722543
情景一阈值控制,233.79468128270844,16950.75502846362,6.1962402302368327,59105.271640642117,2.3838394786163755,16109.591214566241,5704.1857055046348,10413.984582178538,0,65.016714178295786,72.148771792820682,12.8872,0.32300000000000001,0.8139079372373853,16118.170287683173,16118.170287683173
情景一阈值控制,233.90584335351005,16950.064345564428,6.1585013525045609,59105.718542346469,2.3692976178855751,16109.88727649955,5704.3507453735474,10414.063323504475,0,65.016714178295786,72.148771792820682,12.8872,0.32300000000000001,0.81387477338758496,16118.414068878023,16118.414068878023
情景一阈值控制,234,16949.482636131987,6.1267103690616684,59106.094933505265,2.3570478680832525,16110.136635506437,5704.4897458448013,10414.129641306859,0,65.016714178295786,72.148771792820682,12.8872,0.32300000000000001,0.81384684201087421,16118.619387151661,16118.619387151661
情景一阈值控制,234.01700542431166,16949.37789760363,6.1209856844128305,59106.16270386253,2.3548420451616927,16110.1815341851,5704.5147732966316,10414.141582026125,0,65.016714178295786,72.148771792820682,12.8872,0.32300000000000001,0.8138418128827074,16118.656355322757,16118.656355322757
情景一阈值控制,234.1281674951133,16948.695659183941,6.0836919879086366,59106.604141623451,2.3404722784124856,16110.473998307121,5704.6777953426163,10414.219360638905,0,65.016714178295786,72.148771792820682,12.8872,0.32300000000000001,0.81380905450327601,16118.897155981522,16118.897155981522
情景一阈值控制,234.23932956591491,16948.017605053305,6.0466190307795378,59107.042871968399,2.3261878379231349,16110.764679490418,5704.8398175455213,10414.296662221679,0,65.016714178295786,72.148771792820682,12.8872,0.32300000000000001,0.81377649703678701,16119.136479767199,16119.136479767199
情景一阈值控制,234.35049163671653,16947.34371010416,6.0097655866393564,59107.47891114308,2.3119882462899501,16111.053588300667,5705.0008459048413,10414.373489636835,0,65.016714178295786,72.148771792820682,12.8872,0.32300000000000001,0.81374413927767519,16119.374335541677,16119.374335541677
情景一阈值控制,234.46165370751817,16946.673949372696,5.9731304349138155,59107.912275300121,2.2978730284140609,16111.340735244687,5705.1608863857218,10414.449845730373,0,65.016714178295786,72.148771792820682,12.8872,0.32300000000000001,0.81371198002727774,16119.610732116094,16119.610732116094
情景一阈值控制,234.57281577831981,16946.00829803813,5.9367123608260091,59108.34298049967,2.2838417114950467,16111.626130770719,5705.3199449191343,10414.525733331986,0,65.016714178295786,72.148771792820682,12.8872,0.32300000000000001,0.81368001809379875,16119.84567825112,16119.84567825112
情景一阈值控制,234.68397784912139,16945.346731421949,5.9005101553816743,59108.77104270977,2.269893825024504,16111.909785268714,5705.4780274020495,10414.601155255148,0,65.016714178295786,72.148771792820682,12.8872,0.32300000000000001,0.81364825229227444,16120.079182657199,16120.079182657199
情景一阈值控制,234.79513991992303,16944.689224987196,5.8645226153542804,59109.196477806909,2.2560289007795453,16112.191709070601,5705.6351396976161,10414.676114297199,0,65.016714178295786,72.148771792820682,12.8872,0.32300000000000001,0.81361668144453747,16120.311253994816,16120.311253994816
情景一阈值控制,234.90630199072467,16944.035754337743,5.8287485432701214,59109.619301576422,2.2422464728163121,16112.471912450581,5705.7912876353303,10414.750613239417,0,65.016714178295786,72.148771792820682,12.8872,0.32300000000000001,0.81358530437918275,16120.541900874749,16120.541900874749
情景一阈值控制,235,16943.488063541579,5.7987596587600576,59109.973681206415,2.2306930585266249,16112.706765915551,5705.922159294827,10414.813052746091,0,65.016714178295786,72.148771792820682,12.8872,0.32300000000000001,0.81355900644228252,16120.735212040918,16120.735212040918
情景一阈值控制,235.01746406152625,16943.386295217559,5.7931867473931193,59110.039529713031,2.2285460774633798,16112.750405625391,5705.9464770112136,10414.824654847114,0,65.016714178295786,72.148771792820682,12.8872,0.32300000000000001,0.81355411993153182,16120.771131858328,16120.771131858328
情景一阈值控制,235.12862613232789,16942.740823509983,5.7578360417094681,59110.457177821234,2.2149272533151172,16113.027198754588,5706.1007135879836,10414.898241869709,0,65.016714178295786,72.148771792820682,12.8872,0.32300000000000001,0.81352312694359841,16120.998955457693,16120.998955457693
情景一阈值控制,235.23978820312954,16942.09931523701,5.722695245912325,59110.872261415869,2.201389541225057,16113.302301940825,5706.254003095225,10414.971377040814,0,65.016714178295786,72.148771792820682,12.8872,0.32300000000000001,0.81349232426405416,16121.225380136038,16121.225380136038
情景一阈值控制,235.35095027393112,16941.46174655858,5.687763185386185,59111.284795922453,2.1879324842991688,16113.575725230119,5706.4063512295643,10415.044063078321,0,65.016714178295786,72.148771792820682,12.8872,0.32300000000000001,0.81346171074819373,16121.450414307885,16121.450414307885
情景一阈值控制,235.46211234473276,16940.828093771834,5.6530386911911377,59111.694796677773,2.1745556278890827,16113.847478612146,5706.5577636548351,10415.11630268447,0,65.016714178295786,72.148771792820682,12.8872,0.32300000000000001,0.81343128525790043,16121.674066339305,16121.674066339305
情景一阈值控制,235.5732744155344,16940.19833331044,5.6185206000471517,59112.102278930281,2.1612585195853335,16114.117572020486,5706.7082460022566,10415.188098545943,0,65.016714178295786,72.148771792820682,12.8872,0.32300000000000001,0.81340104666161217,16121.8963445482,16121.8963445482
情景一阈值控制,235.68443648633598,16939.572441743865,5.5842077543180793,59112.507257840523,2.1480407092105076,16114.386015332924,5706.8578038705946,10415.259453333938,0,65.016714178295786,72.148771792820682,12.8872,0.32300000000000001,0.81337099383428779,16122.117257204533,16122.117257204533
情景一阈值控制,235.79559855713762,16938.950395776654,5.5500990019955339,59112.909748481667,2.1349017488123452,16114.652818371709,5707.0064428263386,10415.330369704256,0,65.016714178295786,72.148771792820682,12.8872,0.32300000000000001,0.81334112565737249,16122.336812530593,16122.336812530593
情景一阈值控制,235.90676062793926,16938.332172247752,5.5161931966828144,59113.309765839935,2.1218411926568685,16114.917990903816,5707.1541684038611,10415.400850297374,0,65.016714178295786,72.148771792820682,12.8872,0.32300000000000001,0.81331144101876407,16122.555018701234,16122.555018701234
情景一阈值控制,236,16937.816555984271,5.487909706367752,59113.643391860212,2.110946532332139,16115.139159297649,5707.2773757985033,10415.459633145923,0,65.016714178295786,72.148771792820682,12.8872,0.32300000000000001,0.81328668317354058,16122.737008944427,16122.737008944427
情景一阈值控制,236.01792269874085,16937.717748129791,5.4824891975785519,59113.707324815012,2.1088585972214098,16115.181542641238,5707.3009861055934,10415.470897738523,0,65.016714178295786,72.148771792820682,12.8872,0.32300000000000001,0.81328193881277977,16122.771883844118,16122.771883844118
情景一阈值控制,236.12908476954249,16937.107100528377,5.4489858694602455,59114.102440220558,2.0959535211876061,16115.443483241246,5707.446901402187,10415.540514637785,0,65.016714178295786,72.148771792820682,12.8872,0.32300000000000001,0.81325261794012194,16122.987416039972,16122.987416039972
情景一阈值控制,236.24024684034413,16936.50020668143,5.4156820826678516,59114.495126784655,2.0831255254344168,16115.703822306652,5707.5919197326848,10415.609703590149,0,65.016714178295786,72.148771792820682,12.8872,0.32300000000000001,0.81322347730784561,16123.201623322835,16123.201623322835
情景一阈值控制,236.35140891114571,16935.897043958448,5.382576713087099,59114.885399150182,2.0703741730310496,16115.962569386091,5707.7360465046804,10415.678467175607,0,65.016714178295786,72.148771792820682,12.8872,0.32300000000000001,0.81319451582932389,16123.414513680287,16123.414513680287
情景一阈值控制,236.46257098194735,16935.297589859845,5.3496686421327162,59115.273271875361,2.0576990292298514,16116.219733974276,5707.8792870944917,10415.746807959224,0,65.016714178295786,72.148771792820682,12.8872,0.32300000000000001,0.81316573242421641,16123.626095053714,16123.626095053714
情景一阈值控制,236.57373305274899,16934.701822016246,5.3169567567317007,59115.658759434125,2.0450996614592287,16116.475325512267,5708.0216468473172,10415.814728491221,0,65.016714178295786,72.148771792820682,12.8872,0.32300000000000001,0.81313712601843458,16123.836375338538,16123.836375338538
情景一阈值控制,236.68489512355058,16934.109718187825,5.2844399493063428,59116.041876216637,2.0325756393164784,16116.729353387753,5708.163131077401,10415.882231307054,0,65.016714178295786,72.148771792820682,12.8872,0.32300000000000001,0.81310869554410969,16124.045362384455,16124.045362384455
情景一阈值控制,236.79605719435222,16933.521256263597,5.2521171177571535,59116.422636529627,2.0201265345605859,16116.981826935285,5708.3037450682041,10415.94931892748,0,65.016714178295786,72.148771792820682,12.8872,0.32300000000000001,0.8130804399395607,16124.253063995684,16124.253063995684
情景一阈值控制,236.90721926515386,16932.936414260748,5.2199871654458567,59116.801054596959,2.0077519211050574,16117.23275543658,5708.443494072555,10416.015993858655,0,65.016714178295786,72.148771792820682,12.8872,0.32300000000000001,0.81305235814925991,16124.45948793121,16124.45948793121
情景一阈值控制,237,16932.451035231603,5.1933169853963008,59117.115115819019,1.9974802530655413,16117.44101509175,5708.5594762279507,10416.071329510341,0,65.016714178295786,72.148771792820682,12.8872,0.32300000000000001,0.81302905217594335,16124.630805738292,16124.630805738292
情景一阈值控制,237.01838133595547,16932.355170323965,5.1880490011781237,59117.17714455993,1.9954513750106591,16117.482148120745,5708.5823833128206,10416.082258592194,0,65.016714178295786,72.148771792820682,12.8872,0.32300000000000001,0.81302444912380212,16124.664641905016,16124.664641905016
情景一阈值控制,237.12954340675708,16931.777502724748,5.1563015391862805,59117.55092047785,1.9832244744781513,16117.73001416457,5708.7204179810615,10416.148115605252,0,65.016714178295786,72.148771792820682,12.8872,0.32300000000000001,0.81299671181987088,16124.868533586314,16124.868533586314
情景一阈值控制,237.24070547755872,16931.203389860748,5.1247436991119519,59117.922396328358,1.9710707998410082,16117.976362692774,5708.8576032391957,10416.213567360612,0,65.016714178295786,72.148771792820682,12.8872,0.32300000000000001,0.81296914520020758,16125.071170599807,16125.071170599807
情景一阈值控制,237.35186754836033,16930.632810255105,5.0933744059886337,59118.291586007908,1.9589899335581089,16118.221202778272,5708.9939442191589,10416.278616306739,0,65.016714178295786,72.148771792820682,12.8872,0.32300000000000001,0.8129417482335779,16125.272560525898,16125.272560525898
情景一阈值控制,237.46302961916194,16930.065742555758,5.0621925902241109,59118.658503332219,1.9469814602063846,16118.464543442427,5709.1294460230611,10416.343264877876,0,65.016714178295786,72.148771792820682,12.8872,0.32300000000000001,0.81291451989474151,16125.472710900936,16125.472710900936
情景一阈值控制,237.57419168996358,16929.502165534806,5.0311971875828787,59119.023162036647,1.9350449664734661,16118.70639365532,5709.264113723345,10416.407515494111,0,65.016714178295786,72.148771792820682,12.8872,0.32300000000000001,0.81288745916441851,16125.671629217457,16125.671629217457
情景一阈值控制,237.6853537607652,16928.942058087836,5.0003871391684793,59119.385575776672,1.9231800411503099,16118.946762336005,5709.3979523629478,10416.471370561456,0,65.016714178295786,72.148771792820682,12.8872,0.32300000000000001,0.81286056502925874,16125.869322924404,16125.869322924404
情景一阈值控制,237.79651583156681,16928.385399233262,4.9697613914057071,59119.74575812828,1.9113862751237758,16119.185658352757,5709.5309669554545,10416.534832471913,0,65.016714178295786,72.148771792820682,12.8872,0.32300000000000001,0.81283383648180996,16126.065799427368,16126.065799427368
情景一阈值控制,237.90767790236845,16927.832168111679,4.9393188960228089,59120.103722588414,1.8996632613692119,16119.423090523345,5709.6631624852571,10416.597903603562,0,65.016714178295786,72.148771792820682,12.8872,0.32300000000000001,0.81280727252048635,16126.26106608882,16126.26106608882
情景一阈值控制,238,16927.375290399268,4.9141744055898249,59120.39934222601,1.8899805788343045,16119.619175771129,5709.7723342019062,10416.649989961727,0,65.016714178295786,72.148771792820682,12.8872,0.32300000000000001,0.81278533506720729,16126.422324163632,16126.422324163632
情景一阈值控制,238.01883997317006,16927.282343985211,4.9090586100336253,59120.459482575367,1.8880105949430213,16119.659067615274,5709.7945439077057,10416.660586320624,0,65.016714178295786,72.148771792820682,12.8872,0.32300000000000001,0.8127808721495372,16126.455130228329,16126.455130228329
情景一阈值控制,238.13000204397167,16926.735906236841,4.8789794957195838,59120.81305142925,1.8764278729751798,16119.893598346041,5709.925116149273,10416.722882973541,0,65.016714178295786,72.148771792820682,12.8872,0.32300000000000001,0.81275463437901574,16126.647999122815,16126.647999122815
情景一阈值控制,238.24116411477331,16926.192834369795,4.849080520611718,59121.164442412366,1.8649146946617641,16120.126691383397,5710.054884107697,10416.784795899055,0,65.016714178295786,72.148771792820682,12.8872,0.32300000000000001,0.81272855822474788,16126.839680006753,16126.839680006753
情景一阈值控制,238.35232618557492,16925.653108006874,4.8193606574726164,59121.513668709631,1.8534706612574676,16120.358355345597,5710.1838526521478,10416.846327420262,0,65.016714178295786,72.148771792820682,12.8872,0.32300000000000001,0.8127026427083015,16127.03018007241,16127.03018007241
情景一阈值控制,238.46348825637654,16925.116706889821,4.7898188842782456,59121.860743429024,1.8420953760680652,16120.588598801645,5710.3120266233664,10416.907479846706,0,65.016714178295786,72.148771792820682,12.8872,0.32300000000000001,0.81267688685695572,16127.219506470072,16127.219506470072
情景一阈值控制,238.57465032717818,16924.583610878683,4.7604541841997889,59122.205679601946,1.8307884444428961,16120.817430271558,5710.4394108338329,10416.968255474447,0,65.016714178295786,72.148771792820682,12.8872,0.32300000000000001,0.81265128970366984,16127.40766630828,16127.40766630828
情景一阈值控制,238.68581239797979,16924.053799951173,4.7312655455854378,59122.548490183712,1.8195494737673277,16121.044858226596,5710.5660100679052,10417.028656586126,0,65.016714178295786,72.148771792820682,12.8872,0.32300000000000001,0.81262585028705314,16127.594666654031,16127.594666654031
情景一阈值控制,238.7969744687814,16923.527254202032,4.7022519619420526,59122.889188053865,1.8083780734551838,16121.27089108954,5710.6918290819794,10417.088685451039,0,65.016714178295786,72.148771792820682,12.8872,0.32300000000000001,0.81260056765133426,16127.780514533019,16127.780514533019
情景一阈值控制,238.90813653958304,16923.003953842413,4.6734124319168551,59123.22778601665,1.7972738549411817,16121.49553723491,5710.8168726046351,10417.148344325215,0,65.016714178295786,72.148771792820682,12.8872,0.32300000000000001,0.81257544084633149,16127.96521692985,16127.96521692985
情景一阈值控制,239,16922.57393771227,4.6497103137817914,59123.50602504889,1.7881478405451798,16121.680142465342,5710.9196256999157,10417.197368327837,0,65.016714178295786,72.148771792820682,12.8872,0.32300000000000001,0.81255479317955337,16128.116994027754,16128.116994027754
情景一阈值控制,239.01929861038465,16922.483879199237,4.6447459592790663,59123.5642968014,1.786236431673359,16121.718804989239,5710.9411453367884,10417.207635451487,0,65.016714178295786,72.148771792820682,12.8872,0.32300000000000001,0.81255046892742122,16128.148780788275,16128.148780788275
情景一阈值控制,239.13046068118626,16921.967010714576,4.6162515529014359,59123.898733062939,1.7752654191054629,16121.940702631304,5711.0646519518405,10417.266561059554,0,65.016714178295786,72.148771792820682,12.8872,0.32300000000000001,0.81252565095550988,16128.331213011395,16128.331213011395
情景一阈值控制,239.2416227519879,16921.453328945026,4.5879282267417993,59124.231107381995,1.7643604346893551,16122.161238392373,5711.187397095825,10417.325123366063,0,65.016714178295786,72.148771792820682,12.8872,0.32300000000000001,0.81250098599700216,16128.512520461889,16128.512520461889
情景一阈值控制,239.35278482278952,16920.942814561095,4.5597749998245876,59124.561432265589,1.7535210978674047,16122.380420456457,5711.3093853875589,10417.383324574674,0,65.016714178295786,72.148771792820682,12.8872,0.32300000000000001,0.81247647312377269,16128.692709962233,16128.692709962233
情景一阈值控制,239.46394689359113,16920.435448346569,4.5317908962222377,59124.889720147425,1.7427470300648495,16122.598256960548,5711.4306214187864,10417.441166876131,0,65.016714178295786,72.148771792820682,12.8872,0.32300000000000001,0.81245211141313545,16128.871788294917,16128.871788294917
情景一阈值控制,239.57510896439277,16919.931211197927,4.503974945036636,59125.21598338832,1.7320378546821691,16122.814755994865,5711.5511097543313,10417.498652448334,0,65.016714178295786,72.148771792820682,12.8872,0.32300000000000001,0.81242789994781484,16129.049762202665,16129.049762202665
情景一阈值控制,239.68627103519438,16919.430084123695,4.4763261803805143,59125.540234276574,1.7213931970874565,16123.02992560309,5711.6708549322357,10417.555783456404,0,65.016714178295786,72.148771792820682,12.8872,0.32300000000000001,0.81240383781591574,16129.22663838864,16129.22663838864
情景一阈值控制,239.79743310599599,16918.932048243863,4.4488436413587653,59125.862485028381,1.7108126846087495,16123.24377378262,5711.7898614639125,10417.612562052758,0,65.016714178295786,72.148771792820682,12.8872,0.32300000000000001,0.81237992411089532,16129.402423516671,16129.402423516671
情景一阈值控制,239.90859517679763,16918.437084789261,4.4215263720497768,59126.182747788196,1.7002959465263885,16123.456308484803,5711.9081338342858,10417.668990377177,0,65.016714178295786,72.148771792820682,12.8872,0.32300000000000001,0.81235615793153237,16129.577124211462,16129.577124211462
情景一阈值控制,240,16918.032381715646,4.399187451130893,59126.444608178193,1.6916959067760018,16123.630090129082,5712.0048383310896,10417.715128563981,0,65.016714178295786,72.148771792820682,12.8872,0.32300000000000001,0.81233672569719917,16129.719966895071,16129.719966895071
情景一阈值控制,240.01975724759924,16917.945175100973,4.3943734214867494,59126.501034629138,1.6898426140653631,16123.667537615169,5712.0256765019367,10417.725070556868,0,65.016714178295786,72.148771792820682,12.8872,0.32300000000000001,0.8123325383819,16129.750747058804,16129.750747058804
情景一阈值控制,240.13091931840086,16917.456300629721,4.3673838436389145,59126.817357553409,1.679452320387629,16123.87746903368,5712.1424938992459,10417.780804706545,0,65.016714178295786,72.148771792820682,12.8872,0.32300000000000001,0.81230906457133545,16129.92329860579,16129.92329860579
情景一阈值控制,240.2420813892025,16916.970442935268,4.3405566973927954,59127.131728492619,1.6691247005844481,16124.086110554967,5712.2585904325415,10417.836194928484,0,65.016714178295786,72.148771792820682,12.8872,0.32300000000000001,0.81228573561441175,16130.094785361027,16130.094785361027
情景一阈值控制,240.35324346000411,16916.487583685837,4.3138910465334401,59127.444159308245,1.6588593916687191,16124.293469948554,5712.3739704822319,10417.891243312606,0,65.016714178295786,72.148771792820682,12.8872,0.32300000000000001,0.8122625506309098,16130.265213794839,16130.265213794839
情景一阈值控制,240.46440553080572,16916.007704657495,4.2873859597255786,59127.754661791929,1.6486560325672865,16124.49955493911,5712.4886384029578,10417.945951936526,0,65.016714178295786,72.148771792820682,12.8872,0.32300000000000001,0.81223950874578887,16130.434590339484,16130.434590339484
情景一阈值控制,240.57556760160736,16915.530787733587,4.2610405104948086,59128.063247665959,1.6385142641132664,16124.70437320667,5712.6025985237247,10418.000322865637,0,65.016714178295786,72.148771792820682,12.8872,0.32300000000000001,0.81221660908915883,16130.602921389362,16130.602921389362
情景一阈值控制,240.68672967240897,16915.056814904132,4.2348537772087793,59128.369928583568,1.6284337290383701,16124.907932386885,5712.7158551480497,10418.054358153166,0,65.016714178295786,72.148771792820682,12.8872,0.32300000000000001,0.81219385079625184,16130.770213301215,16130.770213301215
情景一阈值控制,240.79789174321058,16914.585768265235,4.2088248430582818,59128.674716129339,1.6184140719652071,16125.110240071239,5712.8284125540977,10418.108059840248,0,65.016714178295786,72.148771792820682,12.8872,0.32300000000000001,0.81217123300739447,16130.936472394345,16130.936472394345
情景一阈值控制,240.90905381401222,16914.117630018525,4.1829527960383963,59128.977621819584,1.6084549393996028,16125.311303807284,5712.9402749948213,10418.161429955984,0,65.016714178295786,72.148771792820682,12.8872,0.32300000000000001,0.81214875486797933,16131.101704950805,16131.101704950805
情景一阈值控制,241,16913.736777928651,4.1619018783564092,59129.22404959167,1.6003517394643727,16125.474882242686,5713.031280257961,10418.204849010628,0,65.016714178295786,72.148771792820682,12.8872,0.32300000000000001,0.81213046786316212,16131.236129268589,16131.236129268589
情景一阈值控制,241.02021588481384,16913.652382470558,4.1572367289296146,59129.278657102732,1.5985559797229236,16125.511131098883,5713.0514466980994,10418.21447051752,0,65.016714178295786,72.148771792820682,12.8872,0.32300000000000001,0.81212641552843756,16131.26591721562,16131.26591721562
情景一阈值控制,241.13137795561545,16913.190008032238,4.131675739278907,59129.577833359705,1.5887168431843712,16125.709729406426,5713.1619318668763,10418.267183530095,0,65.016714178295786,72.148771792820682,12.8872,0.32300000000000001,0.81210421414421063,16131.429115396972,16131.429115396972
情景一阈值控制,241.24254002641709,16912.730489218258,4.1062689293808194,59129.87516190423,1.5789371818933087,16125.907106147068,5713.2717346792952,10418.319570987131,0,65.016714178295786,72.148771792820682,12.8872,0.32300000000000001,0.81208214987572358,16131.591305666425,16131.591305666425
情景一阈值控制,241.3537020972187,16912.273808646525,4.0810154062585733,59130.170653983289,1.5692166498115789,16126.103268694953,5713.3808592888408,10418.371634870266,0,65.016714178295786,72.148771792820682,12.8872,0.32300000000000001,0.81206022188835703,16131.752494159107,16131.752494159107
情景一阈值控制,241.46486416802031,16911.81994903757,4.0559142816450988,59130.464320777428,1.5595549027458095,16126.298224381446,5713.4893098244693,10418.423377149451,0,65.016714178295786,72.148771792820682,12.8872,0.32300000000000001,0.81203842935241988,16131.912686973919,16131.912686973919
情景一阈值控制,241.57602623882195,16911.368893214003,4.0309646719641128,59130.756173401169,1.5499515983397367,16126.491980495353,5713.5970903907473,10418.474799782993,0,65.016714178295786,72.148771792820682,12.8872,0.32300000000000001,0.8120167714431219,16132.07189017374,16132.07189017374
情景一阈值控制,241.68718830962356,16910.920624099952,4.006165698311202,59131.046222903358,1.5404063960665362,16126.684544283151,5713.7042050679847,10418.525904717626,0,65.016714178295786,72.148771792820682,12.8872,0.32300000000000001,0.81199524734054762,16132.230109785611,16132.230109785611
情景一阈值控制,241.79835038042518,16910.47512472048,3.9815164864348382,59131.334480267484,1.5309189572211306,16126.875922949215,5713.8106579123714,10418.576693888583,0,65.016714178295786,72.148771792820682,12.8872,0.32300000000000001,0.81197385622962792,16132.387351800953,16132.387351800953
情景一阈值控制,241.90951245122682,16910.032378201053,3.9570161667174495,59131.620956412109,1.5214889449125275,16127.066123656035,5713.9164529561076,10418.627169219641,0,65.016714178295786,72.148771792820682,12.8872,0.32300000000000001,0.81195259730011471,16132.543622175748,16132.543622175748
情景一阈值控制,242,16909.673996932877,3.937181879162873,59131.852844590809,1.5138549440802727,16127.2200850339,5714.0020887776827,10418.668026487541,0,65.016714178295786,72.148771792820682,12.8872,0.32300000000000001,0.81193538925491338,16132.670115265224,16132.670115265224
情景一阈值控制,242.02067452202843,16909.592367766956,3.9326638741564945,59131.905662191217,1.5121160240561573,16127.255153524449,5714.0215942075392,10418.677332623205,0,65.016714178295786,72.148771792820682,12.8872,0.32300000000000001,0.81193146974655273,16132.698926830744,16132.698926830744
情景一阈值控制,242.13183659283004,16909.155076742765,3.9084587483454807,59132.188608394506,1.5027998613661957,16127.443019633847,5714.1260856512872,10418.727186000355,0,65.016714178295786,72.148771792820682,12.8872,0.32300000000000001,0.81191047276825457,16132.853271651642,16132.853271651642
情景一阈值控制,242.24299866363168,16908.720488551782,3.8843999334550339,59132.469805747838,1.4935401253479132,16127.629729022416,5714.2299312483829,10418.776731240918,0,65.016714178295786,72.148771792820682,12.8872,0.32300000000000001,0.8118896055692727,16133.006662489301,16133.006662489301
情景一阈值控制,242.35416073443329,16908.288586715491,3.8604865782139828,59132.749264913502,1.4843364862900295,16127.815288687338,5714.3331349363962,10418.82597022353,0,65.016714178295786,72.148771792820682,12.8872,0.32300000000000001,0.81186886735837449,16133.159105159926,16133.159105159926
情景一阈值控制,242.4653228052349,16907.859354853012,3.836717835890382,59133.026996490647,1.4751886162570513,16127.999705585029,5714.4357006295668,10418.874904815693,0,65.016714178295786,72.148771792820682,12.8872,0.32300000000000001,0.81184825734901511,16133.31060544526,16133.31060544526
情景一阈值控制,242.57648487603655,16907.432776680551,3.8130928642726047,59133.303011015589,1.4660961890816406,16128.182986631336,5714.537632218934,10418.923536873839,0,65.016714178295786,72.148771792820682,12.8872,0.32300000000000001,0.81182777475931123,16133.461169092774,16133.461169092774
情景一阈值控制,242.68764694683816,16907.008836010875,3.7896108256504371,59133.577318962176,1.4570588803569888,16128.365138701774,5714.6389335724662,10418.971868243398,0,65.016714178295786,72.148771792820682,12.8872,0.32300000000000001,0.81180741881201635,16133.610801815863,16133.610801815863
情景一阈值控制,242.79880901763977,16906.587516752763,3.7662708867961263,59133.849930742115,1.4480763674291728,16128.546168631729,5714.7396085351893,10419.019900758847,0,65.016714178295786,72.148771792820682,12.8872,0.32300000000000001,0.81178718873449396,16133.759509294036,16133.759509294036
情景一阈值控制,242.90997108844141,16906.168802910463,3.7430722189454975,59134.120856705362,1.4391483293895462,16128.726083216679,5714.8396609293131,10419.067636243784,0,65.016714178295786,72.148771792820682,12.8872,0.32300000000000001,0.81176708375869155,16133.907297173097,16133.907297173097
情景一阈值控制,243,16905.831589878449,3.72438685074829,59134.339048119837,1.4319573174663647,16128.87098121433,5714.9202385643821,10419.106080226245,0,65.016714178295786,72.148771792820682,12.8872,0.32300000000000001,0.81175089212812213,16134.026318790628,16134.026318790628
情景一阈值控制,243.02113315924302,16905.752678583183,3.7200139977790765,59134.390107140396,1.4302744470671356,16128.90488921241,5714.9390945543619,10419.115076510978,0,65.016714178295786,72.148771792820682,12.8872,0.32300000000000001,0.81174710312111631,16134.05417106534,16134.05417106534
情景一阈值控制,243.13229523004463,16905.339127964533,3.6970954034031744,59134.657692274639,1.4214544030210228,16129.082593335228,5715.0379131872969,10419.162223362438,0,65.016714178295786,72.148771792820682,12.8872,0.32300000000000001,0.81172724606280822,16134.200136549734,16134.200136549734
情景一阈值控制,243.24345730084627,16904.928135342027,3.674315620331035,59134.923622274779,1.4126878815327604,16129.259202262165,5715.1361205826479,10419.209078589465,0,65.016714178295786,72.148771792820682,12.8872,0.32300000000000001,0.81170751182931578,16134.345199172112,16134.345199172112
情景一阈值控制,243.35461937164789,16904.519685096526,3.651673837464001,59135.18790724704,1.4039745685987925,16129.434722631206,5715.2337204726309,10419.255643972721,0,65.016714178295786,72.148771792820682,12.8872,0.32300000000000001,0.81168789967067012,16134.489364445351,16134.489364445351
情景一阈值控制,243.4657814424495,16904.113761701734,3.6291692480726372,59135.450557237615,1.3953141519228687,16129.609161041486,5715.3307165672832,10419.301921282282,0,65.016714178295786,72.148771792820682,12.8872,0.32300000000000001,0.81166840884136049,16134.632637849565,16134.632637849565
情景一阈值控制,243.57694351325114,16903.710349723682,3.6068010497779284,59135.711582232951,1.3867063209084844,16129.782524053506,5715.4271125545774,10419.347912277699,0,65.016714178295786,72.148771792820682,12.8872,0.32300000000000001,0.81164903860030868,16134.775024832277,16134.775024832277
情景一阈值控制,243.68810558405275,16903.309433820203,3.584568444532489,59135.970992160102,1.3781507666513351,16129.954818189339,5715.5229121005523,10419.393618708053,0,65.016714178295786,72.148771792820682,12.8872,0.32300000000000001,0.81162978821084442,16134.916530808605,16134.916530808605
情景一阈值控制,243.79926765485436,16902.910998740401,3.5624706386017433,59136.228796887051,1.3696471819317584,16130.126049932842,5715.6181188494338,10419.439042312024,0,65.016714178295786,72.148771792820682,12.8872,0.32300000000000001,0.81161065694068124,16135.057161161458,16135.057161161458
情景一阈值控制,243.910429725656,16902.515029324179,3.5405068425451773,59136.485006223033,1.3611952612072096,16130.296225729862,5715.7127364237558,10419.48418481794,0,65.016714178295786,72.148771792820682,12.8872,0.32300000000000001,0.81159164406189033,16135.196921241695,16135.196921241695
情景一阈值控制,244,16902.197755386998,3.5229061891203366,59136.690296180888,1.3544223960948341,16130.432583227717,5715.7885495777546,10419.520355643261,0,65.016714178295786,72.148771792820682,12.8872,0.32300000000000001,0.81157640982746748,16135.308905221016,16135.308905221016
情景一阈值控制,244.02159179645761,16902.121510501678,3.5186762711976054,59136.739629918899,1.3527947006047456,16130.46535198844,5715.8067684244834,10419.529047943841,0,65.016714178295786,72.148771792820682,12.8872,0.32300000000000001,0.81157274885087793,16135.335816368324,16135.335816368324
情景一阈值控制,244.13275386725923,16901.73042729282,3.4969781436504124,59136.992677667418,1.3444451979135048,16130.633435079018,5715.9002184311348,10419.573633397533,0,65.016714178295786,72.148771792820682,12.8872,0.32300000000000001,0.81155397058835943,16135.473851828669,16135.473851828669
情景一阈值控制,244.24391593806087,16901.341764806759,3.4754116832328719,59137.244159103604,1.3361464525772151,16130.800481334652,5715.9930900019026,10419.617942876643,0,65.016714178295786,72.148771792820682,12.8872,0.32300000000000001,0.81153530855933598,16135.611032878545,16135.611032878545
情景一阈值控制,244.35507800886251,16900.955508241412,3.4539761174934696,59137.494083805046,1.3278981656867141,16130.966497051193,5716.0853866737707,10419.661978068687,0,65.016714178295786,72.148771792820682,12.8872,0.32300000000000001,0.81151676205307,16135.747364742458,16135.747364742458
情景一阈值控制,244.46624007966409,16900.571642882933,3.4326706781812502,59137.742461292226,1.3197000399724754,16131.131488487514,5716.1771119626374,10419.705740651114,0,65.016714178295786,72.148771792820682,12.8872,0.32300000000000001,0.8114983303630614,16135.882852613751,16135.882852613751
情景一阈值控制,244.57740215046573,16900.190154105228,3.4114946012271448,59137.989301028872,1.3115517797971339,16131.295461865699,5716.2682693634315,10419.749232291375,0,65.016714178295786,72.148771792820682,12.8872,0.32300000000000001,0.8114800127870232,16136.017501654806,16136.017501654806
情景一阈值控制,244.68856422126737,16899.811027369469,3.3904471267254337,59138.234612422239,1.3034530911480671,16131.458423371245,5716.3588623502337,10419.792454646968,0,65.016714178295786,72.148771792820682,12.8872,0.32300000000000001,0.81146180862685824,16136.151316997202,16136.151316997202
情景一阈值控制,244.79972629206895,16899.434248223573,3.3695274989151356,59138.478404823443,1.2954036816299501,16131.62037915327,5716.4488943763927,10419.835409365505,0,65.016714178295786,72.148771792820682,12.8872,0.32300000000000001,0.81144371718863528,16136.284303741897,16136.284303741897
情景一阈值控制,244.91088836287059,16899.059802301745,3.3487349661614259,59138.720687527762,1.2874032604573249,16131.781335324695,5716.5383688746397,10419.878098084757,0,65.016714178295786,72.148771792820682,12.8872,0.32300000000000001,0.81142573778256577,16136.416466959396,16136.416466959396
情景一阈值控制,245,16898.761307825735,3.3321581758913732,59138.913826362135,1.2810250070992715,16131.909646009966,5716.6096946440339,10419.912127957008,0,65.016714178295786,72.148771792820682,12.8872,0.32300000000000001,0.81141140526328626,16136.521822601042,16136.521822601042
情景一阈值控制,245.02205043367223,16898.687675323963,3.3280687809371829,59138.961469775015,1.2794515384472216,16131.941297962461,5716.6272892572115,10419.920522432718,0,65.016714178295786,72.148771792820682,12.8872,0.32300000000000001,0.81140786972297985,16136.547811689928,16136.547811689928
情景一阈值控制,245.13321250447382,16898.317853095512,3.307528199804461,59139.200760749787,1.271548228011758,16132.100273107721,5716.7156589159595,10419.962684027661,0,65.016714178295786,72.148771792820682,12.8872,0.32300000000000001,0.81139011232830327,16136.678342943622,16136.678342943622
情景一阈值控制,245.24437457527546,16897.950321506476,3.2871124833960002,59139.438569581784,1.2636930431507525,16132.258266766023,5716.8034812224714,10420.004584478182,0,65.016714178295786,72.148771792820682,12.8872,0.32300000000000001,0.81137246492103454,16136.808065700654,16136.808065700654
情景一阈值控制,245.3555366460771,16897.58506653129,3.2668208963968581,59139.674905346175,1.255885699444389,16132.415284907527,5716.8907595281808,10420.04622538327,0,65.016714178295786,72.148771792820682,12.8872,0.32300000000000001,0.81135492682772126,16136.936984911452,16136.936984911452
情景一阈值控制,245.46669871687868,16897.222074228241,3.2466527075259788,59139.90977706384,1.2481259140458614,16132.571333467178,5716.9774971644847,10420.087608332349,0,65.016714178295786,72.148771792820682,12.8872,0.32300000000000001,0.8113374973789379,16137.065105496833,16137.065105496833
情景一阈值控制,245.57786078768032,16896.861330738982,3.2266071895178015,59140.143193701726,1.2404134056740335,16132.726418344921,5717.063697442858,10420.12873490534,0,65.016714178295786,72.148771792820682,12.8872,0.32300000000000001,0.81132017590926164,16137.192432348198,16137.192432348198
情景一阈值控制,245.68902285848196,16896.502822288094,3.206683619103984,59140.375164173143,1.2327478946061496,16132.880545405877,5717.1493636549621,10420.169606672711,0,65.016714178295786,72.148771792820682,12.8872,0.32300000000000001,0.81130296175725158,16137.318970327673,16137.318970327673
情景一阈值控制,245.80018492928355,16896.146535182568,3.1868812769950772,59140.60569733804,1.2251291026705275,16133.033720480544,5717.2344990727634,10420.210225195531,0,65.016714178295786,72.148771792820682,12.8872,0.32300000000000001,0.8112858542654241,16137.444724268295,16137.444724268295
情景一阈值控制,245.91134700008519,16895.792455811381,3.1671994478622283,59140.834802003359,1.2175567532392662,16133.185949364983,5717.3191069486402,10420.250592025528,0,65.016714178295786,72.148771792820682,12.8872,0.32300000000000001,0.81126885278023131,16137.569698974168,16137.569698974168
情景一阈值控制,246,16895.511646923158,3.1515888722769123,59141.016497497614,1.2115508240906891,16133.306679263686,5717.3862067163582,10420.282605651781,0,65.016714178295786,72.148771792820682,12.8872,0.32300000000000001,0.81125536945263976,16137.668812368138,16137.668812368138
情景一阈值控制,246.02250907088683,16895.440570645002,3.1476374203190174,59141.062486923278,1.210030571221006,16133.337237821012,5717.403190515498,10420.290708705137,0,65.016714178295786,72.148771792820682,12.8872,0.32300000000000001,0.8112519566520392,16137.693899220634,16137.693899220634
情景一阈值控制,246.13367114168841,16895.090866234928,3.1281944869032321,59141.288760799551,1.2025502830536703,16133.48759157639,5717.4867529868779,10420.330576767552,0,65.016714178295786,72.148771792820682,12.8872,0.32300000000000001,0.81123516523510431,16137.817329754431,16137.817329754431
情景一阈值控制,246.24483321249005,16894.743329213241,3.1088699440586836,59141.513632281807,1.195115616697225,16133.637016325016,5717.5697975570693,10420.370197736787,0,65.016714178295786,72.148771792820682,12.8872,0.32300000000000001,0.81121847788755186,16137.939995293857,16137.939995293857
情景一阈值控制,246.35599528329169,16894.397946292127,3.0896630921171493,59141.737109967849,1.187726301626489,16133.785517727105,5717.6523274012152,10420.409573127718,0,65.016714178295786,72.148771792820682,12.8872,0.32300000000000001,0.81120189397135412,16138.061900528934,16138.061900528934
情景一阈值控制,246.46715735409327,16894.054704263432,3.0705732352802606,59141.959202403908,1.1803820688239275,16133.933101409379,5717.7343456754297,10420.448704446138,0,65.016714178295786,72.148771792820682,12.8872,0.32300000000000001,0.81118541285230794,16138.183050121568,16138.183050121568
情景一阈值控制,246.57831942489491,16893.713589998206,3.0515996816014379,59142.179918084992,1.1730826507724645,16134.079772965255,5717.8158555168966,10420.487593188818,0,65.016714178295786,72.148771792820682,12.8872,0.32300000000000001,0.81116903390001316,16138.303448705716,16138.303448705716
情景一阈值控制,246.68948149569655,16893.374590446241,3.0327417429679469,59142.399265455133,1.1658277814483466,16134.22553795503,5717.8968600439857,10420.526240843543,0,65.016714178295786,72.148771792820682,12.8872,0.32300000000000001,0.81115275648785046,16138.423100887529,16138.423100887529
情景一阈值控制,246.80064356649817,16893.037692635633,3.0139987350828963,59142.617252907738,1.1586171963139869,16134.370401906055,5717.977362356356,10420.56464888918,0,65.016714178295786,72.148771792820682,12.8872,0.32300000000000001,0.81113657999296107,16138.542011245536,16138.542011245536
情景一阈值控制,246.91180563729978,16892.702883672329,2.995369977447321,59142.833888785804,1.1514506323108427,16134.514370312934,5718.0573655350636,10420.602818795713,0,65.016714178295786,72.148771792820682,12.8872,0.32300000000000001,0.81112050379622314,16138.660184330776,16138.660184330776
情景一阈值控制,247,16892.438728694036,2.9806710251747619,59143.004808480131,1.1457959294549147,16134.627959252022,5718.1204858223045,10420.632933792431,0,65.016714178295786,72.148771792820682,12.8872,0.32300000000000001,0.81110782012324623,16138.753419614735,16138.753419614735
情景一阈值控制,247.02296770810142,16892.370150739676,2.9768547933423077,59143.049181382259,1.1443278278523135,16134.657448637698,5718.1368726426699,10420.640752024305,0,65.016714178295786,72.148771792820682,12.8872,0.32300000000000001,0.81110452728223237,16138.777624666975,16138.777624666975
情景一阈值控制,247.13412977890303,16892.039481097981,2.9584525098111709,59143.263138940238,1.1372485228166618,16134.799642309979,5718.2158867233456,10420.678450027344,0,65.016714178295786,72.148771792820682,12.8872,0.32300000000000001,0.81108864983927931,16138.894336750691,16138.894336750691
情景一阈值控制,247.24529184970464,16891.710862084088,2.9401624576416325,59143.475769653349,1.1302124585399353,16134.940956727209,5718.294410802976,10420.715914248498,0,65.016714178295786,72.148771792820682,12.8872,0.32300000000000001,0.81107287085932911,16139.010325051473,16139.010325051473
情景一阈值控制,247.35645392050628,16891.384281110899,2.9219839713480775,59143.687081665987,1.1232193778089246,16135.08139725478,5718.3724478892673,10420.753146122754,0,65.016714178295786,72.148771792820682,12.8872,0.32300000000000001,0.81105718973799945,16139.125594012021,16139.125594012021
情景一阈值控制,247.46761599130789,16891.059725666975,2.903916389153864,59143.8970830736,1.1162690248541398,16135.220969226242,5718.4500009718504,10420.790147076483,0,65.016714178295786,72.148771792820682,12.8872,0.32300000000000001,0.81104160587454099,16139.240148048333,16139.240148048333
情景一阈值控制,247.57877806210951,16890.737183316087,2.8859590529736256,59144.105781922961,1.1093611453427923,16135.359677943459,5718.5270730223847,10420.826918527477,0,65.016714178295786,72.148771792820682,12.8872,0.32300000000000001,0.81102611867181507,16139.353991549862,16139.353991549862
情景一阈值控制,247.68994013291115,16890.416641696778,2.8681113083956649,59144.313186212465,1.1024954863718086,16135.497528676811,5718.6036669946589,10420.863461885003,0,65.016714178295786,72.148771792820682,12.8872,0.32300000000000001,0.81101072753627368,16139.467128879662,16139.467128879662
情景一阈值控制,247.80110220371276,16890.098088521943,2.8503725046643931,59144.519303892412,1.095671796460868,16135.634526665344,5718.679785824701,10420.899778549852,0,65.016714178295786,72.148771792820682,12.8872,0.32300000000000001,0.8109954318779391,16139.579564374553,16139.579564374553
情景一阈值控制,247.91226427451437,16889.7815115784,2.8327419946627668,59144.724142865234,1.0888898255454398,16135.770677116969,5718.7554324308703,10420.93586991439,0,65.016714178295786,72.148771792820682,12.8872,0.32300000000000001,0.81098023111038253,16139.691302345262,16139.691302345262
情景一阈值控制,248,16889.533037638845,2.818902989445129,59144.884916249379,1.0835663845509211,16135.877540118594,5718.8148057068847,10420.964197193789,0,65.016714178295786,72.148771792820682,12.8872,0.32300000000000001,0.81096830037860901,16139.779002900674,16139.779002900674
情景一阈值控制,248.02342634531601,16889.466898726463,2.8152191348948228,59144.927710985867,1.0821493249698619,16135.905985208623,5718.8306097139666,10420.971737362604,0,65.016714178295786,72.148771792820682,12.8872,0.32300000000000001,0.81096512465070436,16139.802347076571,16139.802347076571
情景一阈值控制,248.13458841611762,16889.154237899504,2.7978032854682451,59145.130016061921,1.0754500474804338,16136.040456086444,5718.9053205573291,10421.007382270147,0,65.016714178295786,72.148771792820682,12.8872,0.32300000000000001,0.81095011191951361,16139.912702827476,16139.912702827476
情景一阈值控制,248.24575048691923,16888.843517103563,2.7804938100769494,59145.331065854007,1.0687917472185178,16136.17409486595,5718.9795678269375,10421.042806004391,0,65.016714178295786,72.148771792820682,12.8872,0.32300000000000001,0.8109351923409075,16140.022373831329,16140.022373831329
情景一阈值控制,248.35691255772088,16888.53472441691,2.7632900759837531,59145.530868076014,1.0621741797136754,16136.306906632204,5719.0533543715101,10421.078009924475,0,65.016714178295786,72.148771792820682,12.8872,0.32300000000000001,0.81092036534245182,16140.131364295985,16140.131364295985
情景一阈值控制,248.46807462852249,16888.227847989619,2.7461914540030854,59145.729430395324,1.0555971018768247,16136.438896439991,5719.1266830226059,10421.112995381349,0,65.016714178295786,72.148771792820682,12.8872,0.32300000000000001,0.8109056303551605,16140.239678403956,16140.239678403956
情景一阈值控制,248.5792366993241,16887.922876043176,2.7291973184837164,59145.926760433184,1.0490602719934019,16136.570069313986,5719.1995565947209,10421.147763717825,0,65.016714178295786,72.148771792820682,12.8872,0.32300000000000001,0.81089098681347582,16140.347320312547,16140.347320312547
情景一阈值控制,248.69039877012574,16887.619796870044,2.7123070472915654,59146.122865764853,1.0425634497165603,16136.700430248915,5719.2719778853916,10421.182316268616,0,65.016714178295786,72.148771792820682,12.8872,0.32300000000000001,0.81087643415524868,16140.454294154008,16140.454294154008
情景一阈值控制,248.80156084092735,16887.318598833281,2.6955200217925617,59146.317753919946,1.03610639606039,16136.829984209748,5719.3439496752853,10421.216654360396,0,65.016714178295786,72.148771792820682,12.8872,0.32300000000000001,0.81086197182171893,16140.560604035682,16140.560604035682
情景一阈值控制,248.91272291172896,16887.019270366098,2.6788356268355158,59146.511432382664,1.0296888733931424,16136.958736131832,5719.4154747283064,10421.250779311838,0,65.016714178295786,72.148771792820682,12.8872,0.32300000000000001,0.8108475992574955,16140.666254040145,16140.666254040145
情景一阈值控制,249,16886.785560181019,2.6658076698377546,59146.662652979205,1.0246778089832496,16137.059264741783,5719.4713201797485,10421.277423448937,0,65.016714178295786,72.148771792820682,12.8872,0.32300000000000001,0.81083637742257852,16140.748743628686,16140.748743628686
情景一阈值控制,249.0238849825306,16886.721799971485,2.6622532507350791,59146.703908592084,1.0233106454304932,16137.086690921096,5719.4865557916855,10421.284692433657,0,65.016714178295786,72.148771792820682,12.8872,0.32300000000000001,0.81083331591053764,16140.771248225343,16140.771248225343
情景一阈值控制,249.13504705333222,16886.426176221779,2.6457722852547501,59146.895189942377,1.016971477228825,16137.213853454179,5719.5571955960813,10421.318395028666,0,65.016714178295786,72.148771792820682,12.8872,0.32300000000000001,0.81081912123213451,16140.875590624746,16140.875590624746
情景一阈值控制,249.24620912413383,16886.132387758284,2.6293921255898964,59147.085283783133,1.0106711351785163,16137.340228578634,5719.6273968556752,10421.35188839181,0,65.016714178295786,72.148771792820682,12.8872,0.32300000000000001,0.81080501467688626,16140.979285247486,16140.979285247486
情景一阈值控制,249.35737119493547,16885.840423290862,2.6131121703508637,59147.274197419552,1.0044093869972688,16137.465821113057,5719.697162268264,10421.385173810224,0,65.016714178295786,72.148771792820682,12.8872,0.32300000000000001,0.81079099570268554,16141.082336078489,16141.082336078489
情景一阈值控制,249.46853326573708,16885.550271597531,2.5969318215461366,59147.461938112734,0.99818600172345473,16137.590635847278,5719.7664945153601,10421.41825256327,0,65.016714178295786,72.148771792820682,12.8872,0.32300000000000001,0.81077706377069747,16141.184747078631,16141.184747078631
情景一阈值控制,249.57969533653869,16885.261921524088,2.5808504845655107,59147.648513079948,0.99200074970947116,16137.714677542504,5719.8353962622796,10421.451125922582,0,65.016714178295786,72.148771792820682,12.8872,0.32300000000000001,0.81076321834534115,16141.286522184862,16141.286522184862
情景一阈值控制,249.69085740734033,16884.975361983692,2.5648675681633573,59147.833929494846,0.98585340261513177,16137.837950931502,5719.9038701582431,10421.483795152119,0,65.016714178295786,72.148771792820682,12.8872,0.32300000000000001,0.81074945889427075,16141.387665310362,16141.387665310362
情景一阈值控制,249.80201947814194,16884.690581956485,2.5489824844419369,59148.018194487755,0.97974373340108067,16137.960460718734,5719.9719188364634,10421.516261508197,0,65.016714178295786,72.148771792820682,12.8872,0.32300000000000001,0.81073578488835651,16141.488180344661,16141.488180344661
情景一阈值控制,249.91318154894356,16884.407570489206,2.5331946488347263,59148.20131514591,0.97367151632221205,16138.082211580546,5720.0395449142407,10421.548526239545,0,65.016714178295786,72.148771792820682,12.8872,0.32300000000000001,0.81072219580166627,16141.588071153787,16141.588071153787
情景一阈值控制,250,16884.187759304026,2.5209314854134428,59148.343542488445,0.96895496990354513,16138.176775133026,5720.0920691757065,10421.573585820717,0,65.016714178295786,72.148771792820682,12.8872,0.32300000000000001,0.81071164134152507,16141.665654996425,16141.665654996425
情景一阈值控制,250.0243436197452,16884.126316694797,2.5175034800898435,59148.383298513705,0.96763652692112934,16138.203208165305,5720.1067509930572,10421.58059058734,0,65.016714178295786,72.148771792820682,12.8872,0.32300000000000001,0.81070869111144661,16141.687341580397,16141.687341580397
情景一阈值控制,250.13550569054681,16883.84680975202,2.5019084002535132,59148.564151592946,0.9616385420216238,16138.323455093569,5720.1735396586655,10421.612455785258,0,65.016714178295786,72.148771792820682,12.8872,0.32300000000000001,0.81069527029810506,16141.785995443923,16141.785995443923
情景一阈值控制,250.24666776134842,16883.569038905083,2.4864088346535596,59148.743881343114,0.95567733972216184,16138.442956958243,5720.2399134811822,10421.644123059517,0,65.016714178295786,72.148771792820682,12.8872,0.32300000000000001,0.81068193284519052,16141.8840365407,16141.8840365407
情景一阈值控制,250.35782983215006,16883.292993463238,2.4710042118829794,59148.922494681567,0.94975269938941098,16138.56171832474,5720.3058750151786,10421.675593628914,0,65.016714178295786,72.148771792820682,12.8872,0.32300000000000001,0.81066867823937638,16141.981468644091,16141.981468644091
情景一阈值控制,250.46899190295167,16883.018662800423,2.455693963783578,59149.099998483827,0.94386440165178531,16138.679743731125,5720.3714267997702,10421.70686870487,0,65.016714178295786,72.148771792820682,12.8872,0.32300000000000001,0.810655505970441,16142.078295504642,16142.078295504642
情景一阈值控制,250.58015397375328,16882.746036354878,2.440477525429614,59149.276399583825,0.93801222839300091,16138.797037688291,5720.4365713587094,10421.737949491484,0,65.016714178295786,72.148771792820682,12.8872,0.32300000000000001,0.81064241553125072,16142.174520850192,16142.174520850192
情景一阈值控制,250.69131604455492,16882.475103628767,2.4253543351115412,59149.451704774096,0.93219596274566963,16138.913604680092,5720.5013112004726,10421.76883718556,0,65.016714178295786,72.148771792820682,12.8872,0.32300000000000001,0.81062940641774106,16142.270148386033,16142.270148386033
情景一阈值控制,250.80247811535654,16882.205854187803,2.4103238343197986,59149.62592080608,0.92641538908491061,16139.02944916352,5720.5656488183467,10421.799532976658,0,65.016714178295786,72.148771792820682,12.8872,0.32300000000000001,0.81061647812889914,16142.365181795005,16142.365181795005
情景一阈值控制,250.91364018615815,16881.938277660895,2.3953854677286257,59149.799054390329,0.92067029302197578,16139.144575568831,5720.6295866905266,10421.830038047137,0,65.016714178295786,72.148771792820682,12.8872,0.32300000000000001,0.81060363016674619,16142.459624737665,16142.459624737665
情景一阈值控制,251,16881.731550349257,2.38384335877709,59149.93281590088,0.91623138210378763,16139.233522389792,5720.6789845378653,10421.85360600089,0,65.016714178295786,72.148771792820682,12.8872,0.32300000000000001,0.81059370394225028,16142.532590538754,16142.532590538754
情景一阈值控制,251.02480225695979,16881.672363739748,2.3805386831799606,59149.971112196756,0.91496046139791032,16139.258988299725,5720.6931272801939,10421.860353572192,0,65.016714178295786,72.148771792820682,12.8872,0.32300000000000001,0.81059086203631892,16142.553480852386,16142.553480852386
情景一阈值控制,251.1359643277614,16881.408102178531,2.3657829316673991,59150.142100854857,0.90928568227723416,16139.372691733484,5720.7562730356094,10421.890480719901,0,65.016714178295786,72.148771792820682,12.8872,0.32300000000000001,0.81057817324565318,16142.646753755511,16142.646753755511
情景一阈值控制,251.24712639856301,16881.145482793483,2.351117667320171,59150.312026953943,0.90364574494163574,16139.485690221121,5720.8190263901997,10421.920420651264,0,65.016714178295786,72.148771792820682,12.8872,0.32300000000000001,0.81056556330576535,16142.739447041464,16142.739447041464
情景一阈值控制,251.35828846936465,16880.884495462564,2.3365423473872071,59150.480897043431,0.89804043988369953,16139.597988087535,5720.8813897626433,10421.950174520243,0,65.016714178295786,72.148771792820682,12.8872,0.32300000000000001,0.81055303173063509,16142.831564282886,16142.831564282886
情景一阈值控制,251.46945054016626,16880.6251301251,2.32205643222126,59150.648717633019,0.8924695588006587,16139.709589631659,5720.9433655569546,10421.979743473807,0,65.016714178295786,72.148771792820682,12.8872,0.32300000000000001,0.81054057803718893,16142.923109030762,16142.923109030762
情景一阈值控制,251.58061261096788,16880.367376781407,2.3076593852630483,59150.815495192932,0.88693289458815683,16139.820499126616,5721.0049561625783,10422.009128651971,0,65.016714178295786,72.148771792820682,12.8872,0.32300000000000001,0.81052820174528162,16143.014084814549,16143.014084814549
情景一阈值控制,251.69177468176952,16880.111225492448,2.2933506730254907,59150.981236154148,0.88143024133404468,16139.930720819853,5721.0661639544614,10422.038331187832,0,65.016714178295786,72.148771792820682,12.8872,0.32300000000000001,0.81051590237768023,16143.104495142294,16143.104495142294
情景一阈值控制,251.80293675257113,16879.856666379474,2.279129765077994,59151.14594690864,0.87596139431220277,16140.040258933301,5721.1269912931502,10422.067352207621,0,65.016714178295786,72.148771792820682,12.8872,0.32300000000000001,0.8105036794600462,16143.194343500771,16143.194343500771
情景一阈值控制,251.91409882337274,16879.603689623662,2.2649961340307665,59151.309633809629,0.8705261499763719,16140.149117663512,5721.1874405248691,10422.09619283073,0,65.016714178295786,72.148771792820682,12.8872,0.32300000000000001,0.81049153252091899,16143.283633355599,16143.283633355599
情景一阈值控制,252,16879.409277935178,2.254133731971367,59151.435426579403,0.86634891949456738,16140.232776214756,5721.2338955328332,10422.118356741472,0,65.016714178295786,72.148771792820682,12.8872,0.32300000000000001,0.81048219764373608,16143.352252274304,16143.352252274304
情景一阈值控制,252.02526089417438,16879.352285465779,2.2509492555192168,59151.472303171751,0.86512430595402057,16140.257301181808,5721.2475139816015,10422.124854169761,0,65.016714178295786,72.148771792820682,12.8872,0.32300000000000001,0.81047946109169877,16143.372368151362,16143.372368151362
情景一阈值控制,252.13642296497599,16879.102444205822,2.2369886081884132,59151.63396127132,0.85975566104023582,16140.364813634436,5721.307213981182,10422.153337330567,0,65.016714178295786,72.148771792820682,12.8872,0.32300000000000001,0.81046746470663,16143.460551311749,16143.460551311749
情景一阈值控制,252.2475850357776,16878.854156202677,2.2231136736775645,59151.79461434656,0.8544200151916248,16140.471659142699,5721.3665428273725,10422.181643412277,0,65.016714178295786,72.148771792820682,12.8872,0.32300000000000001,0.81045554290278454,16143.54818623965,16143.54818623965
情景一阈值控制,252.35874710657924,16878.60741187376,2.2093239366045911,59151.95426859783,0.84911716952025196,16140.577841803097,5721.4255028099442,10422.20977350736,0,65.016714178295786,72.148771792820682,12.8872,0.32300000000000001,0.81044369522004489,16143.635276317305,16143.635276317305
情景一阈值控制,252.46990917738086,16878.36220169469,2.1956188845507514,59152.112930187788,0.84384692628760005,16140.683365687486,5721.4840962047674,10422.237728701641,0,65.016714178295786,72.148771792820682,12.8872,0.32300000000000001,0.8104319212010882,16143.721824906408,16143.721824906408
情景一阈值控制,252.58107124818247,16878.118516198942,2.1819980080452952,59152.270605241712,0.8386090888985408,16140.788234843207,5721.5423252738829,10422.26551007435,0,65.016714178295786,72.148771792820682,12.8872,0.32300000000000001,0.81042022039136941,16143.807835348234,16143.807835348234
情景一阈值控制,252.69223331898411,16877.876345977504,2.1684608005502026,59152.42729984763,0.83340346189534364,16140.892453293227,5721.6001922655914,10422.293118698164,0,65.016714178295786,72.148771792820682,12.8872,0.32300000000000001,0.81040859233910501,16143.893310963755,16143.893310963755
情景一阈值控制,252.80339538978572,16877.63568167853,2.1550067584449852,59152.583020056591,0.82822985095170598,16140.996025036289,5721.6576994145316,10422.320555639239,0,65.016714178295786,72.148771792820682,12.8872,0.32300000000000001,0.81039703659525675,16143.978255053771,16143.978255053771
情景一阈值控制,252.91455746058733,16877.396514007029,2.1416353810115054,59152.737771882843,0.8230880628667957,16141.098954047051,5721.7148489417586,10422.347821957252,0,65.016714178295786,72.148771792820682,12.8872,0.32300000000000001,0.81038555271351587,16144.062670899009,16144.062670899009
情景一阈值控制,253,16877.213693957809,2.1314136104683881,59152.856064360749,0.81915743841343802,16141.177634013371,5721.7585341075455,10422.36866436279,0,65.016714178295786,72.148771792820682,12.8872,0.32300000000000001,0.81037677442081457,16144.127198470334,16144.127198470334
情景一阈值控制,253.02571953138897,16877.158833724501,2.1283461704188937,59152.891561304117,0.81797790555932826,16141.201244276202,5721.7716430548271,10422.374918705436,0,65.016714178295786,72.148771792820682,12.8872,0.32300000000000001,0.81037414025028631,16144.146561760263,16144.146561760263
情景一阈值控制,253.13688160219058,16876.922631648627,2.1151386317085152,59153.044394261771,0.81289918806166928,16141.302899650638,5721.8280839478684,10422.401846930625,0,65.016714178295786,72.148771792820682,12.8872,0.32300000000000001,0.81036279876466988,16144.229930878493,16144.229930878493
情景一阈值控制,253.2480436729922,16876.687898652934,2.1020122727789667,59153.196276661001,0.80785172051394627,16141.403924073575,5721.8841738016699,10422.428607673281,0,65.016714178295786,72.148771792820682,12.8872,0.32300000000000001,0.81035152781844899,16144.31278147495,16144.31278147495
情景一阈值控制,253.35920574379384,16876.45462566644,2.0889666043711612,59153.347214371148,0.80283531415819764,16141.504321424685,5721.9399147837566,10422.455201967539,0,65.016714178295786,72.148771792820682,12.8872,0.32300000000000001,0.81034032697607172,16144.395116751297,16144.395116751297
情景一阈值控制,253.47036781459545,16876.222803673376,2.0760011400534704,59153.497213225804,0.79784978133254458,16141.604095560242,5721.9953090484642,10422.481630841248,0,65.016714178295786,72.148771792820682,12.8872,0.32300000000000001,0.81032919580463625,16144.476939889712,16144.476939889712
情景一阈值控制,253.58152988539706,16875.992423712811,2.0631153962068933,59153.646279023065,0.79289493546537404,16141.703250313261,5722.0503587370204,10422.507895315995,0,65.016714178295786,72.148771792820682,12.8872,0.32300000000000001,0.81031813387387452,16144.558254053016,16144.558254053016
情景一阈值控制,253.6926919561987,16875.763476878361,2.0503088920103156,59153.794417525758,0.7879705910695588,16141.801789493613,5722.105065977622,10422.533996407154,0,65.016714178295786,72.148771792820682,12.8872,0.32300000000000001,0.8103071407561373,16144.639062384776,16144.639062384776
情景一阈值控制,253.80385402700031,16875.535954317849,2.0375811494258205,59153.941634461611,0.78307656373669887,16141.89971688818,5722.1594328855099,10422.559935123914,0,65.016714178295786,72.148771792820682,12.8872,0.32300000000000001,0.81029621602637814,16144.719368009424,16144.719368009424
情景一阈值控制,253.91501609780192,16875.309847233013,2.0249316931840378,59154.087935523494,0.77821267013137718,16141.99703626098,5722.2134615630503,10422.58571246933,0,65.016714178295786,72.148771792820682,12.8872,0.32300000000000001,0.81028535926213918,16144.799174032381,16144.799174032381
情景一阈值控制,254,16875.137936632633,2.015313636335752,59154.199169116218,0.77451441307891045,16142.071029582545,5722.2545398972379,10422.605311142805,0,65.016714178295786,72.148771792820682,12.8872,0.32300000000000001,0.81027710479784487,16144.859851040042,16144.859851040042
情景一阈值控制,254.02617816860356,16875.08514687913,2.0123600507695687,59154.23332636962,0.77337872798544816,16142.093751353299,5722.2671540998017,10422.611329440335,0,65.016714178295786,72.148771792820682,12.8872,0.32300000000000001,0.81027457004353409,16144.878483540137,16144.878483540137
情景一阈值控制,254.13734023940518,16874.86184456477,1.9998657524064785,59154.377812623716,0.76857455609235104,16142.18986588382,5722.3205125726008,10422.636787027801,0,65.016714178295786,72.148771792820682,12.8872,0.32300000000000001,0.81026384795323458,16144.957299600403,16144.957299600403
情景一阈值控制,254.24850231020679,16874.639931651433,1.987448331043812,59154.521399875266,0.76379997430143642,16142.28538354876,5722.3735390456322,10422.662086216558,0,65.016714178295786,72.148771792820682,12.8872,0.32300000000000001,0.81025319257645412,16145.03562526219,16145.03562526219
情景一阈值控制,254.35966438100843,16874.419399553255,1.9751073223411979,59154.664093679698,0.75905480351232524,16142.380308022004,5722.4262355705032,10422.68722798544,0,65.016714178295786,72.148771792820682,12.8872,0.32300000000000001,0.81024260350093369,16145.113463555943,16145.113463555943
情景一阈值控制,254.47082645181007,16874.200239736681,1.9628422646545083,59154.805899558574,0.75433886566929143,16142.474642955225,5722.4786041863181,10422.712213307315,0,65.016714178295786,72.148771792820682,12.8872,0.32300000000000001,0.81023208031692606,16145.190817493632,16145.190817493632
情景一阈值控制,254.58198852261165,16873.982443720179,1.9506526990215651,59154.946822999846,0.74965198375566522,16142.568391978013,5722.5306469197567,10422.737043149116,0,65.016714178295786,72.148771792820682,12.8872,0.32300000000000001,0.81022162261718178,16145.267690068873,16145.267690068873
情景一阈值控制,254.69315059341329,16873.766003073917,1.9385381691478882,59155.086869457948,0.74499398178825138,16142.661558698013,5722.5823657851406,10422.761718471893,0,65.016714178295786,72.148771792820682,12.8872,0.32300000000000001,0.8102112299969334,16145.344084257034,16145.344084257034
情景一阈值控制,254.80431266421493,16873.550909419457,1.926498221392559,59155.226044354102,0.74036468481179407,16142.754146701049,5722.6337627845132,10422.786240230824,0,65.016714178295786,72.148771792820682,12.8872,0.32300000000000001,0.81020090205388173,16145.420003015337,16145.420003015337
情景一阈值控制,254.91547473501652,16873.337154429453,1.9145324047540864,59155.36435307646,0.73576391889344439,16142.846159551247,5722.6848399077062,10422.810609375274,0,65.016714178295786,72.148771792820682,12.8872,0.32300000000000001,0.81019063838818095,16145.49544928298,16145.49544928298
情景一阈值控制,255,16873.175510538207,1.9054831913380337,59155.468943664389,0.73228458339307956,16142.915741403487,5722.7234649940556,10422.829037592246,0,65.016714178295786,72.148771792820682,12.8872,0.32300000000000001,0.81018287689048563,16145.552502586303,16145.552502586303
情景一阈值控制,255.02663680581816,16873.124729827348,1.9026402708563315,59155.501800980324,0.73119151111725067,16142.937600791165,5722.7355991324184,10422.834826848806,0,65.016714178295786,72.148771792820682,12.8872,0.32300000000000001,0.8101804386024235,16145.570425981225,16145.570425981225
情景一阈值控制,255.1377988766198,16872.913627387079,1.8908213739345454,59155.638393388304,0.72664728957869484,16143.028473941922,5722.7860424242826,10422.858893589237,0,65.016714178295786,72.148771792820682,12.8872,0.32300000000000001,0.81017030230162645,16145.644936013519,16145.644936013519
情景一阈值控制,255.24896094742138,16872.703838932757,1.8790752708214089,59155.774135590553,0.72213108337922916,16143.118782503314,5722.8361717369389,10422.882810528659,0,65.016714178295786,72.148771792820682,12.8872,0.32300000000000001,0.81016022909321617,16145.718982265598,16145.718982265598
情景一阈值控制,255.36012301822302,16872.495356338404,1.8674015209331323,59155.909032844924,0.71764272262083784,16143.208529953941,5722.8859890121075,10422.906578593473,0,65.016714178295786,72.148771792820682,12.8872,0.32300000000000001,0.81015021858701541,16145.79256760558,16145.79256760558
情景一阈值控制,255.47128508902466,16872.28817152762,1.8557996862556665,59156.043090377207,0.71318203840064276,16143.297719751345,5722.9354961796553,10422.930198704429,0,65.016714178295786,72.148771792820682,12.8872,0.32300000000000001,0.81014027039522751,16145.865694884083,16145.865694884083
情景一阈值控制,255.58244715982624,16872.082276473309,1.844269331330918,59156.176313381271,0.70874886280551141,16143.386355332108,5722.9846951576701,10422.953671776659,0,65.016714178295786,72.148771792820682,12.8872,0.32300000000000001,0.81013038413242333,16145.93836693433,16145.93836693433
情景一阈值控制,255.69360923062789,16871.877663197389,1.8328100232430213,59156.308707019278,0.70434302890668921,16143.474440111999,5723.0335878525302,10422.976998719701,0,65.016714178295786,72.148771792820682,12.8872,0.32300000000000001,0.81012055941552696,16146.010586572233,16146.010586572233
情景一阈值控制,255.80477130142953,16871.67432377049,1.8214213316047241,59156.440276421898,0.6999643707544746,16143.561977486073,5723.0821761589723,10423.000180437546,0,65.016714178295786,72.148771792820682,12.8872,0.32300000000000001,0.81011079586380152,16146.082356596518,16146.082356596518
情景一阈值控制,255.91593337223111,16871.472250311665,1.8101028285437768,59156.57102668842,0.69561272337289726,16143.648970828821,5723.1304619601615,10423.023217828661,0,65.016714178295786,72.148771792820682,12.8872,0.32300000000000001,0.81010109309883516,16146.153679788822,16146.153679788822
情景一阈值控制,256,16871.320267622075,1.8015895304606298,59156.669366061076,0.69233961519844955,16143.714400552017,5723.1667784857282,10423.040544620031,0,65.016714178295786,72.148771792820682,12.8872,0.32300000000000001,0.81009379549367411,16146.207323105758,16146.207323105758
情景一阈值控制,256.02709544303275,16871.271434988113,1.7988540886893789,59156.700962887015,0.69128792275442075,16143.735423494254,5723.1784471277588,10423.046111786021,0,65.016714178295786,72.148771792820682,12.8872,0.32300000000000001,0.81009145074452804,16146.22455891378,16146.22455891378
情景一阈值控制,256.13825751383439,16871.071870014879,1.7876746891587367,59156.830090054878,0.68698980585468716,16143.821338816053,5723.2261335219937,10423.068863197155,0,65.016714178295786,72.148771792820682,12.8872,0.32300000000000001,0.81008186842707741,16146.294996719149,16146.294996719149
情景一阈值控制,256.24941958463597,16870.873547654581,1.7765642095436271,59156.958413198437,0.68271821058726667,16143.906720107676,5723.2735229917262,10423.091472944163,0,65.016714178295786,72.148771792820682,12.8872,0.32300000000000001,0.81007234577496501,16146.364995935888,16146.364995935888
情景一阈值控制,256.36058165543761,16870.676460217113,1.7655222318970181,59157.085937293508,0.67847297581842791,16143.991570662474,5723.3206173745193,10423.113941903752,0,65.016714178295786,72.148771792820682,12.8872,0.32300000000000001,0.81006288241894253,16146.43455927827,16146.43455927827
情景一阈值控制,256.47174372623925,16870.480600059389,1.754548340719799,59157.212667285537,0.67425394136195427,16144.075893753818,5723.3674184967049,10423.136270947276,0,65.016714178295786,72.148771792820682,12.8872,0.32300000000000001,0.81005347799201921,16146.50368944398,16146.50368944398
情景一阈值控制,256.58290579704084,16870.285959585028,1.7436421229475161,59157.338608089667,0.67006094797396132,16144.159692635201,5723.4139281734479,10423.158460940758,0,65.016714178295786,72.148771792820682,12.8872,0.32300000000000001,0.81004413212944704,16146.572389114206,16146.572389114206
情景一阈值控制,256.69406786784248,16870.0925312441,1.7328031679371689,59157.463764591048,0.66589383734773899,16144.242970540383,5723.4601482088183,10423.180512744932,0,65.016714178295786,72.148771792820682,12.8872,0.32300000000000001,0.81003484446870844,16146.64066095375,16146.64066095375
情景一阈值控制,256.80522993864412,16869.900307532851,1.7220310674541122,59157.588141644934,0.66175245210863498,16144.325730683466,5723.5060803958522,10423.202427215259,0,65.016714178295786,72.148771792820682,12.8872,0.32300000000000001,0.81002561464950285,16146.708507611111,16146.708507611111
情景一阈值控制,256.91639200944576,16869.709280993407,1.7113254156589577,59157.7117440769,0.65763663580894127,16144.407976259046,5723.5517265166191,10423.224205201976,0,65.016714178295786,72.148771792820682,12.8872,0.32300000000000001,0.81001644231373293,16146.775931718596,16146.775931718596
情景一阈值控制,257,16869.56638913017,1.7033169461054511,59157.804201291765,0.65455777301065088,16144.469498239765,5723.5858707735642,10423.2404955934,0,65.016714178295786,72.148771792820682,12.8872,0.32300000000000001,0.81000958121394939,16146.826366366964,16146.826366366964
情景一阈值控制,257.02755408024734,16869.519444213522,1.7006858090945711,59157.834576682966,0.65354623292281477,16144.489710442309,5723.5970883422906,10423.245847550117,0,65.016714178295786,72.148771792820682,12.8872,0.32300000000000001,0.81000732710549173,16146.842935892408,16146.842935892408
情景一阈值控制,257.13871615104898,16869.330789826294,1.6901118466730916,59157.956644229853,0.64948108884121014,16144.570936389149,5723.6421676331984,10423.267355099546,0,65.016714178295786,72.148771792820682,12.8872,0.32300000000000001,0.80999826867105029,16146.909522732745,16146.909522732745
情景一阈值控制,257.24987822185062,16869.143310509899,1.6796031296630614,59158.077951455103,0.64544104986685524,16144.651657236282,5723.6869661389064,10423.288728684987,0,65.016714178295786,72.148771792820682,12.8872,0.32300000000000001,0.80998926665884341,16146.975694823894,16146.975694823894
情景一阈值控制,257.36104029265221,16868.956998987316,1.6691592616765656,59158.198503067259,0.64142596320923095,16144.731876101359,5723.7314855982704,10423.309969136057,0,65.016714178295786,72.148771792820682,12.8872,0.32300000000000001,0.80998032071945747,16147.041454734328,16147.041454734328
情景一阈值控制,257.47220236345385,16868.771848026066,1.6587798486564296,59158.318303746033,0.63743567697957393,16144.811596083082,5723.775727739504,10423.331077277297,0,65.016714178295786,72.148771792820682,12.8872,0.32300000000000001,0.80997143050561782,16147.1068050168,16147.1068050168
情景一阈值控制,257.58336443425549,16868.587850437947,1.64846449886352,59158.437358142517,0.63347004018592235,16144.890820261302,5723.8196942802397,10423.352053928194,0,65.016714178295786,72.148771792820682,12.8872,0.32300000000000001,0.8099625956721751,16147.171748208435,16147.171748208435
情景一阈值控制,257.69452650505707,16868.404999078761,1.638212822864056,59158.555670879316,0.62952890272816298,16144.969551697148,5723.8633869275973,10423.372899903226,0,65.016714178295786,72.148771792820682,12.8872,0.32300000000000001,0.80995381587609383,16147.236286830823,16147.236286830823
情景一阈值控制,257.80568857585871,16868.223286848064,1.6280244335169778,59158.673246550723,0.62561211539310302,16145.047793433127,5723.906807378241,10423.393616011877,0,65.016714178295786,72.148771792820682,12.8872,0.32300000000000001,0.80994509077643839,16147.300423390119,16147.300423390119
情景一阈值控制,257.91685064666035,16868.042706688884,1.617898945961417,59158.790089722897,0.62171952984958356,16145.12554849323,5723.949957318443,10423.414203058681,0,65.016714178295786,72.148771792820682,12.8872,0.32300000000000001,0.80993642003436117,16147.364160377125,16147.364160377125
情景一阈值控制,258,16867.908368421646,1.6103659630035414,59158.877012391255,0.61882360517693591,16145.183392999739,5723.9820576788843,10423.429518297118,0,65.016714178295786,72.148771792820682,12.8872,0.32300000000000001,0.80992996964428732,16147.411575976002,16147.411575976002
情景一阈值控制,258.02801271746193,16867.863251587485,1.6078359776041808,59158.906204934028,0.61785099864359516,16145.202819883054,5723.9928384241502,10423.434661843236,0,65.016714178295786,72.148771792820682,12.8872,0.32300000000000001,0.80992780331309067,16147.427500267386,16147.427500267386
情景一阈值控制,258.13917478826357,16867.684914573092,1.5978351481072877,59159.021596694525,0.61400637519341839,16145.279610589901,5724.0354523610404,10423.454993160245,0,65.016714178295786,72.148771792820682,12.8872,0.32300000000000001,0.80991924027791762,16147.490445521285,16147.490445521285
情景一阈值控制,258.25033685906521,16867.507688717636,1.5878960793756109,59159.136269487128,0.61018551378480412,16145.355923582889,5724.0778007845875,10423.475197799546,0,65.016714178295786,72.148771792820682,12.8872,0.32300000000000001,0.8099107305961839,16147.552998584133,16147.552998584133
情景一阈值控制,258.3614989298668,16867.331567135512,1.5780183955445295,59159.250227767137,0.60638826956615777,16145.431761813054,5724.1198853401202,10423.495276546129,0,65.016714178295786,72.148771792820682,12.8872,0.32300000000000001,0.80990227393726999,16147.61516188625,16147.61516188625
情景一阈值控制,258.47266100066844,16867.156542983303,1.5682017229676348,59159.363475962535,0.60261449854374671,16145.507128213469,5724.1617076628836,10423.515230180179,0,65.016714178295786,72.148771792820682,12.8872,0.32300000000000001,0.80989386997258206,16147.676937843062,16147.676937843062
情景一阈值控制,258.58382307147008,16866.982609459541,1.5584456902045436,59159.476018474161,0.59886405757694861,16145.582025699336,5724.2032693781002,10423.535059477099,0,65.016714178295786,72.148771792820682,12.8872,0.32300000000000001,0.8098855183755409,16147.738328855199,16147.738328855199
情景一阈值控制,258.69498514227166,16866.809759804451,1.5487499280087142,59159.587859675885,0.59513680437350236,16145.656457168101,5724.2445721010299,10423.554765207538,0,65.016714178295786,72.148771792820682,12.8872,0.32300000000000001,0.80987721882156893,16147.799337308568,16147.799337308568
情景一阈值控制,258.8061472130733,16866.637987299713,1.5391140693153276,59159.699003914742,0.59143259748478438,16145.730425499558,5724.2856174370272,10423.574348137416,0,65.016714178295786,72.148771792820682,12.8872,0.32300000000000001,0.80986897098807886,16147.859965574444,16147.859965574444
情景一阈值控制,258.91730928387494,16866.467285268191,1.5295377492292626,59159.809455511146,0.58775129630112144,16145.80393355595,5724.3264069816032,10423.59380902796,0,65.016714178295786,72.148771792820682,12.8872,0.32300000000000001,0.80986077455446137,16147.920216009563,16147.920216009563
情景一阈值控制,259,16866.340994631646,1.5224525637146309,59159.891171014424,0.58502764134928664,16145.858317529681,5724.3565843468241,10423.608206796003,0,65.016714178295786,72.148771792820682,12.8872,0.32300000000000001,0.80985471057965241,16147.964791142827,16147.964791142827
情景一阈值控制,259.02847135467653,16866.297647073709,1.5200206050130844,59159.91921875898,0.58409276104711072,16145.876984182072,5724.3669423204874,10423.613148635726,0,65.016714178295786,72.148771792820682,12.8872,0.32300000000000001,0.80985262920207335,16147.980090956215,16147.980090956215
情景一阈值控制,259.13963342547817,16866.129066120786,1.5105622760750896,59160.028297925797,0.58045685277696124,16145.949580205383,5724.4072250296795,10423.632367712638,0,65.016714178295786,72.148771792820682,12.8872,0.32300000000000001,0.80984453461422623,16148.039592742318,16148.039592742318
情景一阈值控制,259.25079549627981,16865.961535854403,1.5011624039574503,59160.136697252994,0.57684343336987476,16146.021724436097,5724.4472566755103,10423.651467005997,0,65.016714178295786,72.148771792820682,12.8872,0.32300000000000001,0.80983649047617434,16148.098723681507,16148.098723681507
情景一阈值控制,259.36195756708139,16865.795049759767,1.4918206323243697,59160.244420955911,0.57325236552543091,16146.093419667295,5724.4870388147037,10423.670447258522,0,65.016714178295786,72.148771792820682,12.8872,0.32300000000000001,0.80982849647510247,16148.157486073225,16148.157486073225
情景一阈值控制,259.47311963788303,16865.629601362049,1.4825366069502921,59160.351473224051,0.56968351275899543,16146.164668675019,5724.5265729944322,10423.689309208377,0,65.016714178295786,72.148771792820682,12.8872,0.32300000000000001,0.80982055230011551,16148.21588220281,16148.21588220281
情景一阈值控制,259.58428170868467,16865.465184226156,1.4733099757082149,59160.457858221183,0.56613673939716724,16146.235474218378,5724.5658607523683,10423.708053589195,0,65.016714178295786,72.148771792820682,12.8872,0.32300000000000001,0.80981265764222587,16148.273914341564,16148.273914341564
情景一阈值控制,259.69544377948625,16865.301791956499,1.464140388558008,59160.563580085553,0.56261191057322968,16146.305839039644,5724.6049036167524,10423.726681130105,0,65.016714178295786,72.148771792820682,12.8872,0.32300000000000001,0.80980481219434264,16148.331584746858,16148.331584746858
情景一阈值控制,259.80660585028789,16865.139418196744,1.455027497534791,59160.668642929959,0.55910889222262405,16146.375765864361,5724.6437031064397,10423.745192555762,0,65.016714178295786,72.148771792820682,12.8872,0.32300000000000001,0.80979701565126005,16148.388895662201,16148.388895662201
情景一阈值控制,259.91776792108953,16864.978056629585,1.4459709567374079,59160.773050841992,0.55562755107846218,16146.445257401434,5724.6822607309623,10423.763588586367,0,65.016714178295786,72.148771792820682,12.8872,0.32300000000000001,0.80978926770964588,16148.44584931733,16148.44584931733
情景一阈值控制,260,16864.859337145659,1.4393074444347624,59160.849867482117,0.55306610210946083,16146.496385206508,5724.710628956218,10423.777123204916,0,65.016714178295786,72.148771792820682,12.8872,0.32300000000000001,0.80978356727151735,16148.487752161134,16148.487752161134
情景一阈值控制,260.02892999189112,16864.817700976499,1.4369704223169133,59160.876807884117,0.5521677546670436,16146.514316343228,5724.7205779905844,10423.781869937709,0,65.016714178295786,72.148771792820682,12.8872,0.32300000000000001,0.80978156806803059,16148.502447928295,16148.502447928295
情景一阈值控制,260.14009206269276,16864.658344997519,1.4280255524651131,59160.979918093857,0.54872937130339439,16146.582945365679,5724.7586563763562,10423.800037321171,0,65.016714178295786,72.148771792820682,12.8872,0.32300000000000001,0.80977391642679586,16148.558693697527,16148.558693697527
情景一阈值控制,260.2512541334944,16864.499982491005,1.4191360074032018,59161.082385483962,0.54531227008684391,16146.65114712837,5724.7964973701692,10423.818091443773,0,65.016714178295786,72.148771792820682,12.8872,0.32300000000000001,0.80976631248816322,16148.614588813942,16148.614588813942
情景一阈值控制,260.36241620429598,16864.342607293409,1.4103014493704129,59161.184214042492,0.54191632089660791,16146.718924274657,5724.8341024448155,10423.83603300819,0,65.016714178295786,72.148771792820682,12.8872,0.32300000000000001,0.80975875595618385,16148.670135453005,16148.670135453005
情景一阈值控制,260.47357827509762,16864.186213279052,1.4015215426127243,59161.285407733041,0.53854139438739146,16146.786279431739,5724.8714730640377,10423.853862712782,0,65.016714178295786,72.148771792820682,12.8872,0.32300000000000001,0.8097512465367267,16148.72533577682,16148.72533577682
情景一阈值控制,260.58474034589926,16864.030794359875,1.3927959533716556,59161.385970494834,0.53518736198503047,16146.853215210762,5724.9086106825844,10423.871581251617,0,65.016714178295786,72.148771792820682,12.8872,0.32300000000000001,0.80974378393746782,16148.780191934202,16148.780191934202
情景一阈值控制,260.69590241670085,16863.876344485252,1.3841243498730815,59161.485906242895,0.53185409588213872,16146.919734206924,5724.9455167462656,10423.889189314496,0,65.016714178295786,72.148771792820682,12.8872,0.32300000000000001,0.80973636786787961,16148.834706060761,16148.834706060761
情景一阈值控制,260.80706448750249,16863.722857641718,1.3755064023160997,59161.585218868197,0.52854146903377597,16146.985838999562,5724.9821926920094,10423.906687586985,0,65.016714178295786,72.148771792820682,12.8872,0.32300000000000001,0.80972899803921994,16148.888880278995,16148.888880278995
情景一阈值控制,260.91822655830413,16863.570327852787,1.3669417828619885,59161.683912237786,0.5252493551531523,16147.051532152243,5725.0186399479062,10423.924076750433,0,65.016714178295786,72.148771792820682,12.8872,0.32300000000000001,0.80972167416452134,16148.942716698339,16148.942716698339
情景一阈值控制,261,16863.458730849867,1.360675300707511,59161.756120324681,0.52284062054024616,16147.099596285032,5725.045306244052,10423.936799370309,0,65.016714178295786,72.148771792820682,12.8872,0.32300000000000001,0.80971631571964398,16148.982105614361,16148.982105614361
情景一阈值控制,261.02938862910571,16863.418749178698,1.3584301656231832,59161.781990194933,0.52197762870733955,16147.116816212863,5725.0548599332724,10423.941357482005,0,65.016714178295786,72.148771792820682,12.8872,0.32300000000000001,0.80971439595857997,16148.996217415277,16148.996217415277
情景一阈值控制,261.14055069990735,16863.268115716211,1.3499712266523012,59161.879456559305,0.51872616491300283,16147.181693713748,5725.0908540586979,10423.958530454696,0,65.016714178295786,72.148771792820682,12.8872,0.32300000000000001,0.80970716313794588,16149.049384513393,16149.049384513393
情景一阈值控制,261.25171277070899,16863.118421598381,1.341564643931263,59161.97631512706,0.5154948397321687,16147.246167171723,5725.1266237260979,10423.97559633737,0,65.016714178295786,72.148771792820682,12.8872,0.32300000000000001,0.80969997542091188,16149.102220063469,16149.102220063469
情景一阈值控制,261.36287484151057,16862.969660994338,1.3332100973604253,59162.072569671029,0.51228352986799919,16147.310239088238,5725.1621703287701,10423.992555794775,0,65.016714178295786,72.148771792820682,12.8872,0.32300000000000001,0.80969283252750246,16149.154726123546,16149.154726123546
情景一阈值控制,261.47403691231222,16862.821828109081,1.3249072687477674,59162.168223940818,0.50909211276058686,16147.373911949422,5725.1974952514411,10424.009409487571,0,65.016714178295786,72.148771792820682,12.8872,0.32300000000000001,0.80968573417946454,16149.206904739012,16149.206904739012
情景一阈值控制,261.58519898311386,16862.674917183242,1.3166558417981706,59162.263281662999,0.50592046658278556,16147.437188226213,5725.2325998703209,10424.026158072355,0,65.016714178295786,72.148771792820682,12.8872,0.32300000000000001,0.80967868010025634,16149.258757942676,16149.258757942676
情景一阈值控制,261.69636105391544,16862.528922492875,1.3084555021027087,59162.357746541202,0.50276847023604698,16147.500070374414,5725.2674855531541,10424.042802201682,0,65.016714178295786,72.148771792820682,12.8872,0.32300000000000001,0.80967167001503704,16149.310287754837,16149.310287754837
情景一阈值控制,261.80752312471708,16862.383838349266,1.3003059371279935,59162.451622256274,0.499636003346279,16147.562560834815,5725.3021536592705,10424.059342524099,0,65.016714178295786,72.148771792820682,12.8872,0.32300000000000001,0.80966470365065668,16149.36149618337,16149.36149618337
情景一阈值控制,261.91868519551872,16862.23965909869,1.2922068362056101,59162.54491246643,0.49652294625973736,16147.624662033248,5725.3366055396382,10424.075779684155,0,65.016714178295786,72.148771792820682,12.8872,0.32300000000000001,0.80965778073564598,16149.412385223794,16149.412385223794
情景一阈值控制,262,16862.134762123005,1.2863141425292837,59162.612785345962,0.49425797550160366,16147.66984379383,5725.3616708527315,10424.087738467213,0,65.016714178295786,72.148771792820682,12.8872,0.32300000000000001,0.80965274399946763,16149.449409319945,16149.449409319945
情景一阈值控制,262.0298472663203,16862.096379122217,1.2841578905215658,59162.637620807349,0.4934291800389255,16147.686376380707,5725.3708425369095,10424.09211432244,0,65.016714178295786,72.148771792820682,12.8872,0.32300000000000001,0.80965090100020631,16149.46295685935,16149.46295685935
情景一阈值控制,262.14100933712194,16861.953992835493,1.2761587931057912,59162.729750892358,0.49035458645851376,16147.747706273423,5725.4048659854752,10424.108347075597,0,65.016714178295786,72.148771792820682,12.8872,0.32300000000000001,0.80964406417619916,16149.513213061073,16149.513213061073
情景一阈值控制,262.25217140792358,16861.81249468854,1.2682092388217319,59162.821306312515,0.48729904800129392,16147.808654092956,5725.4386772115122,10424.12447857635,0,65.016714178295786,72.148771792820682,12.8872,0.32300000000000001,0.80963726999713659,16149.563155787862,16149.563155787862
情景一阈值控制,262.36333347872517,16861.67187916554,1.2603089243559527,59162.912290636814,0.48426244785413919,16147.869222206271,5725.4722775330347,10424.140509453531,0,65.016714178295786,72.148771792820682,12.8872,0.32300000000000001,0.80963051819817089,16149.612786986567,16149.612786986567
情景一阈值控制,262.47449554952681,16861.532140784631,1.2524575482077938,59163.002707412241,0.48124466990398568,16147.929412965848,5725.5056682599425,10424.156440332101,0,65.016714178295786,72.148771792820682,12.8872,0.32300000000000001,0.80962380851608495,16149.662108592043,16149.662108592043
情景一阈值控制,262.58565762032845,16861.393274097707,1.2446548106791173,59163.092560163976,0.47824559873384725,16147.989228709746,5725.5388506940717,10424.172271833169,0,65.016714178295786,72.148771792820682,12.8872,0.32300000000000001,0.80961714068928214,16149.711122527242,16149.711122527242
情景一阈值控制,262.69681969113003,16861.255273690203,1.2369004138640649,59163.18185239545,0.47526511961883733,16148.0486717617,5725.5718261292395,10424.188004574025,0,65.016714178295786,72.148771792820682,12.8872,0.32300000000000001,0.80961051445777676,16149.759830703264,16149.759830703264
情景一阈值控制,262.80798176193167,16861.118134180906,1.2291940616388697,59163.270587588559,0.47230311852220991,16148.107744431207,5725.6045958512987,10424.203639168154,0,65.016714178295786,72.148771792820682,12.8872,0.32300000000000001,0.80960392956318428,16149.808235019453,16149.808235019453
情景一阈值控制,262.91914383273331,16860.981850221739,1.2215354596517525,59163.358769203733,0.46935948209143558,16148.166449013615,5725.6371611381792,10424.219176225262,0,65.016714178295786,72.148771792820682,12.8872,0.32300000000000001,0.80959738574871132,16149.856337363442,16149.856337363442
情景一阈值控制,263,16860.883255536217,1.2159946382524016,59163.422564228989,0.46722983634138621,16148.208919141029,5725.6607205081773,10424.230416515527,0,65.016714178295786,72.148771792820682,12.8872,0.32300000000000001,0.80959265162347727,16149.891137023704,16149.891137023704
情景一阈值控制,263.0303059035349,16860.84641649757,1.2139243153128356,59163.446400680106,0.46643409765428318,16148.224787790194,5725.6695232599423,10424.234616351303,0,65.016714178295786,72.148771792820682,12.8872,0.32300000000000001,0.80959088275914615,16149.904139611244,16149.904139611244
情景一阈值控制,263.14146797433654,16860.711827726012,1.2063603377841043,59163.53348543559,0.46352685321492165,16148.282763028234,5725.7016834788228,10424.249960148492,0,65.016714178295786,72.148771792820682,12.8872,0.32300000000000001,0.80958442034084976,16149.951643627315,16149.951643627315
情景一阈值控制,263.25263004513818,16860.578078657221,1.1988432379694567,59163.620026867065,0.46063763745005459,16148.340376981121,5725.7336430492796,10424.265208215344,0,65.016714178295786,72.148771792820682,12.8872,0.32300000000000001,0.80957799824174526,16149.998851264623,16149.998851264623
情景一阈值控制,263.36379211593976,16860.445164073695,1.1913727285047666,59163.706028350491,0.45776633970506247,16148.397631888429,5725.7654032180453,10424.280361146675,0,65.016714178295786,72.148771792820682,12.8872,0.32300000000000001,0.80957161621130924,16150.045764364721,16150.045764364721
情景一阈值控制,263.4749541867414,16860.313078790092,1.1839485237479983,59163.791493241013,0.45491284999016396,16148.454529975987,5725.7969652241645,10424.295419533641,0,65.016714178295786,72.148771792820682,12.8872,0.32300000000000001,0.809565274000562,16150.092384757805,16150.092384757805
情景一阈值控制,263.58611625754304,16860.181817653025,1.1765703397694041,59163.87642487308,0.45207705897660905,16148.511073455978,5725.8283302990494,10424.310383963757,0,65.016714178295786,72.148771792820682,12.8872,0.32300000000000001,0.80955897136205823,16150.138714262806,16150.138714262806
情景一阈值控制,263.69727832834462,16860.051375540865,1.1692378943417392,59163.960826560615,0.44925885799288079,16148.567264527017,5725.8594996665215,10424.325255020911,0,65.016714178295786,72.148771792820682,12.8872,0.32300000000000001,0.80955270804987767,16150.184754687432,16150.184754687432
情景一阈值控制,263.80844039914626,16859.921747363554,1.1619509069305234,59164.0447015971,0.4464581390209148,16148.623105374221,5725.8904745428581,10424.340033285396,0,65.016714178295786,72.148771792820682,12.8872,0.32300000000000001,0.80954648381961625,16150.230507828255,16150.230507828255
情景一阈值控制,263.9196024699479,16859.792928062423,1.1547090986843895,59164.128053255721,0.4436747946923521,16148.678598169308,5725.9212561368386,10424.354719333929,0,65.016714178295786,72.148771792820682,12.8872,0.32300000000000001,0.80954029842837649,16150.275975470768,16150.275975470768
情景一阈值控制,264,16859.700261228601,1.149499486618903,59164.188012704581,0.44167251874709246,16148.718517442283,5725.9433990364596,10424.365283819272,0,65.016714178295786,72.148771792820682,12.8872,0.32300000000000001,0.80953584893503894,16150.308682855732,16150.308682855732
情景一阈值控制,264.03076454074949,16859.66491260998,1.1475121924254441,59164.210884789478,0.44090871828479794,16148.733745070662,5725.951845649789,10424.369313739664,0,65.016714178295786,72.148771792820682,12.8872,0.32300000000000001,0.80953415163475839,16150.321159389452,16150.321159389452
情景一阈值控制,264.14192661155113,16859.537696009742,1.1403599126396802,59164.293199431318,0.43815980371810032,16148.78854822342,5725.9822442756295,10424.383817072228,0,65.016714178295786,72.148771792820682,12.8872,0.32300000000000001,0.80952804319885041,16150.366061347857,16150.366061347857
情景一阈值控制,264.25308868235277,16859.411273296028,1.1332519854674685,59164.375000394233,0.43542794555066028,16148.843009759552,5726.0124532009168,10424.398229897733,0,65.016714178295786,72.148771792820682,12.8872,0.32300000000000001,0.8095219728822205,16150.410683098649,16150.410683098649
情景一阈值控制,264.36425075315435,16859.285639533791,1.1261881386940689,59164.456290871422,0.43271303897574859,16148.897131797941,5726.0424736048881,10424.412552778802,0,65.016714178295786,72.148771792820682,12.8872,0.32300000000000001,0.80951594044790731,16150.45502638369,16150.45502638369
情景一阈值控制,264.47541282395599,16859.160789818423,1.1191681017401864,59164.537074036394,0.43001497981784198,16148.950916444455,5726.072306659511,10424.426786274582,0,65.016714178295786,72.148771792820682,12.8872,0.32300000000000001,0.8095099456604109,16150.499092934093,16150.499092934093
情景一阈值控制,264.58657489475763,16859.036719275558,1.1121916056526102,59164.617353043053,0.42733366452899041,16149.004365792036,5726.10195352952,10424.440930940775,0,65.016714178295786,72.148771792820682,12.8872,0.32300000000000001,0.8095039882856836,16150.542884470295,16150.542884470295
情景一阈值控制,264.69773696555922,16858.913423060916,1.1052583830948683,59164.697131025874,0.42466899018519116,16149.057481920761,5726.131415372467,10424.454987329655,0,65.016714178295786,72.148771792820682,12.8872,0.32300000000000001,0.80949806809112224,16150.586402702122,16150.586402702122
情景一阈值控制,264.80889903636086,16858.790896360093,1.0983681683379296,59164.776411099963,0.42202085448278159,16149.110266897947,5726.1606933387602,10424.468955990087,0,65.016714178295786,72.148771792820682,12.8872,0.32300000000000001,0.80949218484555863,16150.629649328846,16150.629649328846
情景一阈值控制,264.9200611071625,16858.669134388401,1.0915206972509859,59164.855196361248,0.41938915573486329,16149.162722778197,5726.1897885717099,10424.482837467551,0,65.016714178295786,72.148771792820682,12.8872,0.32300000000000001,0.80948633831925065,16150.672626039261,16150.672626039261
情景一阈值控制,265,16858.58204292701,1.0866228162014075,59164.911548303033,0.41750675142697263,16149.200242583156,5726.2105992264815,10424.492766332382,0,65.016714178295786,72.148771792820682,12.8872,0.32300000000000001,0.80948215653315481,16150.703365558864,16150.703365558864
情景一阈值控制,265.03122317796408,16858.548132390675,1.0847157072922511,59164.933489886505,0.41677379286773264,16149.214851603492,5726.2187022075723,10424.496632304159,0,65.016714178295786,72.148771792820682,12.8872,0.32300000000000001,0.80948052828387429,16150.715334511731,16150.715334511731
情景一阈值控制,265.14238524876572,16858.427885641082,1.0779529374998056,59165.011294733558,0.41417466541732961,16149.266655403271,5726.2474353755897,10424.510341038678,0,65.016714178295786,72.148771792820682,12.8872,0.32300000000000001,0.80947475451251383,16150.757776414268,16150.757776414268
情景一阈值控制,265.25354731956736,16858.308389442984,1.0712321284825213,59165.088613941341,0.41159167352571807,16149.318136194499,5726.2759891980349,10424.523964206552,0,65.016714178295786,72.148771792820682,12.8872,0.32300000000000001,0.80946901677965544,16150.799953404587,16150.799953404587
情景一阈值控制,265.36470939036894,16858.189639128715,1.0645530224110011,59165.165450530025,0.40902471793757184,16149.369295981742,5726.304364790255,10424.537502339914,0,65.016714178295786,72.148771792820682,12.8872,0.32300000000000001,0.80946331486117629,16150.84186713017,16150.84186713017
情景一阈值控制,265.47587146117058,16858.071630059425,1.0579153630085689,59165.241807501159,0.4064736999966797,16149.420136757246,5726.3325632607093,10424.550955967619,0,65.016714178295786,72.148771792820682,12.8872,0.32300000000000001,0.8094576485343371,16150.88351922833,16150.88351922833
情景一阈值控制,265.58703353197222,16857.954357624913,1.0513188955423305,59165.317687837734,0.40393852164248012,16149.470660501005,5726.3605857110133,10424.564325615254,0,65.016714178295786,72.148771792820682,12.8872,0.32300000000000001,0.80945201757777452,16150.924911326267,16150.924911326267
情景一阈值控制,265.69819560277381,16857.837817243435,1.0447633668142569,59165.393094504339,0.40141908540660354,16149.520869180846,5726.3884332359848,10424.577611805158,0,65.016714178295786,72.148771792820682,12.8872,0.32300000000000001,0.80944642177149118,16150.966045041143,16150.966045041143
情景一阈值控制,265.80935767357545,16857.722004361538,1.0382485251523119,59165.468030447257,0.39891529440943102,16149.570764752489,5726.416106923677,10424.59081505645,0,65.016714178295786,72.148771792820682,12.8872,0.32300000000000001,0.80944086089684864,16151.006921980126,16151.006921980126
情景一阈值控制,265.92051974437709,16857.606914453892,1.0317741204016551,59165.542498594565,0.39642705235668529,16149.62034915963,5726.4436078554254,10424.603935885039,0,65.016714178295786,72.148771792820682,12.8872,0.32300000000000001,0.80943533473655849,16151.047543740464,16151.047543740464
情景一阈值控制,266,16857.525066580114,1.0271696114831144,59165.595457708405,0.394657453295087,16149.655612027544,5726.4631655459016,10424.613266954499,0,65.016714178295786,72.148771792820682,12.8872,0.32300000000000001,0.80943140472671504,16151.0764325004,16151.0764325004
情景一阈值控制,266.03168181517867,16857.492543023123,1.0253399039158615,59165.616501856261,0.39395426353602553,16149.669624334007,5726.4709371058871,10424.616974803648,0,65.016714178295786,72.148771792820682,12.8872,0.32300000000000001,0.80942984307467436,16151.087911909535,16151.087911909535
情景一阈值控制,266.14284388598031,16857.378885599628,1.0189456285481882,59165.69004312437,0.39149683281366243,16149.718592195481,5726.4980957430798,10424.629932321837,0,65.016714178295786,72.148771792820682,12.8872,0.32300000000000001,0.80942438569658393,16151.128028064917,16151.128028064917
情景一阈值控制,266.25400595678195,16857.265937741409,1.0125910486429159,59165.763125273064,0.38905466563100127,16149.76725465209,5726.5250848284277,10424.642808946013,0,65.016714178295786,72.148771792820682,12.8872,0.32300000000000001,0.80941896238900002,16151.16789377444,16151.16789377444
情景一阈值控制,266.36516802758354,16857.153695033918,1.0062759200267051,59165.835751158746,0.38662766800129222,16149.815613600149,5726.5519054167935,10424.655605179458,0,65.016714178295786,72.148771792820682,12.8872,0.32300000000000001,0.80941357293995364,16151.20751059625,16151.20751059625
情景一阈值控制,266.47633009838518,16857.042153089878,0.99999999999999889,59165.907923620172,0.38421574650629775,16149.863670924287,5726.5785585565254,10424.668321522344,0,65.016714178295786,72.148771792820682,12.8872,0.32300000000000001,0.80940821713878508,16151.24688007887,16151.24688007887
