strategy,t,S,I,Sq,Iq,R,Cc,Cq,J_c,J_q,J,c,q,Rt,Itcum,It_cum
情景一阈值控制,0,19999.998993408113,0.0010065918886718701,0,0,0,0,0,0,0,0,12.8872,0.32300000000000001,4.4258386973983237,0,0
情景一阈值控制,0.031859291823565887,19999.998815147268,0.0010395632935345307,0.00011534247459079872,2.02093612799366e-05,9.7376027048772087e-06,4.2595735709740235e-05,2.0322633137734223e-05,0,0,0,12.8872,0.32300000000000001,4.4258386579506341,6.2918368847474451e-05,6.2918368847474451e-05
情景一阈值控制,0.063718583647131774,19999.998631047405,0.0010736146923284434,0.0002344630467021093,4.0854618234085452e-05,2.0020236849903566e-05,8.6586714967360693e-05,4.1310943773201506e-05,0,0,0,12.8872,0.32300000000000001,4.4258386172108182,0.00012789765874056221,0.00012789765874056221
情景一阈值控制,0.095577875470697654,19999.998440917265,0.0011087814607376961,0.00035748546962839379,6.1952577761696076e-05,3.0863226253477893e-05,0.000132018639606837,6.2986736474162942e-05,0,0,0,12.8872,0.32300000000000001,4.4258385751365488,0.00019500537608099994,0.00019500537608099994
情景一阈值控制,0.12743716729426355,19999.998244559323,0.0011451001331910381,0.00048453755025409538,8.3520568988764782e-05,4.2282424962503547e-05,0.00017893870844448544,8.5372530025950872e-05,0,0,0,12.8872,0.32300000000000001,4.4258385316841178,0.00026431123847043631,0.00026431123847043631
情景一阈值控制,0.15929645911782944,19999.998041769581,0.0011826084408168536,0.00061575128183009777,0.00010557646069016525,5.4294234303745858e-05,0.00022739566631303169,0.00010849158082586293,0,0,0,12.8872,0.32300000000000001,4.4258384868083809,0.00033588724713889463,0.00033588724713889463
情景一阈值控制,0.19115575094139531,19999.997832337369,0.0012213453506433375,0.00075126298110622745,0.00012813867927980775,6.6915620498147647e-05,0.00027743985470435925,0.00013236790704506348,0,0,0,12.8872,0.32300000000000001,4.4258384404627193,0.00040980776174942275,0.00040980776174942275
情景一阈值控制,0.2230150427649612,19999.997616045104,0.001261351106070613,0.00089121342991335532,0.00015122622738105709,8.0164132850161739e-05,0.0003291232640554842,0.00015702631357447747,0,0,0,12.8872,0.32300000000000001,4.4258383925989833,0.00048614957762996167,0.00048614957762996167
情景一阈值控制,0.2548743345885271,19999.997392668087,0.0013026672686903122,0.001035748021459277,0.00017485870301192009,9.4057922546180491e-05,0.00038249958777531942,0.00018249241780122301,0,0,0,12.8872,0.32300000000000001,4.425838343167448,0.00056499200557654243,0.00056499200557654243
情景一阈值控制,0.28673362641209299,19999.997161974246,0.0013453367614744004,0.0011850169114145843,0.00019905631939496797,0.00010861576207188483,0.00043762427804037237,0.00020879267622901049,0,0,0,12.8872,0.32300000000000001,4.4258382921167589,0.00064641695426938283,0.00064641695426938283
情景一阈值控制,0.31859291823565888,19999.99692372392,0.0013894039133402337,0.0013391751738129596,0.0002238399253951979,0.00012385706525165277,0.0004945546033684004,0.00023595441194681409,0,0,0,12.8872,0.32300000000000001,4.4258382393938813,0.00073050901531521444,0.00073050901531521444
情景一阈值控制,0.35045221005922478,19999.996677669598,0.0014349145052043517,0.0014983829621594759,0.00024923102663724101,0.00013980190796080585,0.00055334970811536785,0.00026400584301516049,0,0,0,12.8872,0.32300000000000001,4.4258381849440411,0.00081735555113052834,0.00081735555113052834
情景一阈值控制,0.38231150188279062,19999.996423555651,0.0014819158175737115,0.0016628056759172821,0.00027525180732418104,0.00015647104953266973,0.00061407067395863465,0.00029297611180005746,0,0,0,12.8872,0.32300000000000001,4.4258381287106712,0.00090704678575869216,0.00090704678575869216
情景一阈值控制,0.41417079370635651,19999.996161118081,0.0015304566796420721,0.0018326141322596969,0.00030192515274324278,0.00017388595484585484,0.00067678058332464595,0.00032289531523465367,0,0,0,12.8872,0.32300000000000001,4.4258380706353506,0.00099967589855929967,0.00099967589855929967
情景一阈值控制,0.4460300855299224,19999.995890084247,0.0015805875199989866,0.0020079847434636543,0.00032927467250745549,0.00019206881714026153,0.00074154458489996257,0.00035379453607487123,0,0,0,12.8872,0.32300000000000001,4.4258380106577464,0.0010953391209748337,0.0010953391209748337
情景一阈值控制,0.4778893773534883,19999.995610172577,0.0016323604190451775,0.0021890997002725321,0.00035732472457614134,0.00021104258160412686,0.0008084299613467709,0.00038570587520680489,0,0,0,12.8872,0.32300000000000001,4.4258379487155475,0.0011941358365535758,0.0011941358365535758
情景一阈值控制,0.50974866917705419,19999.995321092269,0.00168582916312871,0.0023761471612788018,0.0003861004400608286,0.00023083096973861201,0.00087750619924150211,0.00041866248501477859,0,0,0,12.8872,0.32300000000000001,4.4258378847444035,0.0012961686842562806,0.0012961686842562806
情景一阈值控制,0.54160796100062003,19999.995022542997,0.0017410493003997194,0.0025693214483186412,0.00041562774881557558,0.0002514585044989027,0.00094884506123365554,0.00045269860380867165,0,0,0,12.8872,0.32300000000000001,4.4258378186778549,0.0014015436650423271,0.0014015436650423271
情景一阈值控制,0.57346725282418598,19999.994714214612,0.0017980781984249183,0.0027688232480227483,0.00044593340583055257,0.00027295053623042497,0.0010225206604780952,0.00048784959133593009,0,0,0,12.8872,0.32300000000000001,4.4258377504472666,0.0015103702518140254,0.0015103702518140254
情景一阈值控制,0.60532654464775182,19999.994395786787,0.0018569751039098268,0.0029748598207405275,0.00047704501858784518,0.00029533326955723417,0.0010986095377903155,0.00052415196559272063,0,0,0,12.8872,0.32300000000000001,4.425837679981754,0.0016227615033830361,0.0016227615033830361
情景一阈值控制,0.63718583647131777,19999.994066928713,0.0019178012042283517,0.0031876452157868843,0.00050899107524227159,0.0003186337910869701,0.0011771907411366348,0.00056164344074908861,0,0,0,12.8872,0.32300000000000001,4.4258376072081109,0.0017388341818857234,0.0017388341818857234
情景一阈值控制,0.66904512829488361,19999.993727298744,0.0019806196909468716,0.0034074004936663553,0.00054180097371272736,0.00034288009801685624,0.0012583459077011047,0.00060036296630348114,0,0,0,12.8872,0.32300000000000001,4.4258375320507328,0.0018587088740045859,0.0018587088740045859
情景一阈值控制,0.70090442011844956,19999.99337654404,0.0020454958254567121,0.0036343539556729434,0.00057550505173609189,0.00036810112769213835,0.0013421593486762503,0.00064035076753682233,0,0,0,12.8872,0.32300000000000001,4.4258374544315426,0.0019825101162130728,0.0019825101162130728
情景一阈值控制,0.73276371194201539,19999.993014300206,0.0021124970068211687,0.0038687413812370742,0.00061013461793221378,0.00039432678816487957,0.0014287181369148077,0.00068164838733158443,0,0,0,12.8872,0.32300000000000001,4.4258373742699,0.0021103665242463922,0.0021103665242463922
情景一阈值控制,0.76462300376558123,19999.992640190911,0.0021816928418415824,0.0041108062730353867,0.00064572198388203892,0.00042158798975512878,0.0015181121974482577,0.00072429872935862185,0,0,0,12.8872,0.32300000000000001,4.4258372914825248,0.0022424109268068797,0.0022424109268068797
情景一阈值控制,0.79648229558914718,19999.992253827499,0.0022531552173351722,0.0043608001098378747,0.00068230049721556337,0.00044991667761116522,0.001610434400862751,0.00076834610262727966,0,0,0,12.8872,0.32300000000000001,4.4258372059834139,0.0023787805034900305,0.0023787805034900305
情景一阈值控制,0.82834158741271302,19999.991854808577,0.0023269583746534685,0.0046189826071932581,0.0007199045757227975,0.00047934586528182395,0.0017057806595696709,0.00081383626741654883,0,0,0,12.8872,0.32300000000000001,4.4258371176837406,0.0025196169269862197,0.0025196169269862197
情景一阈值控制,0.86020087923627897,19999.991442719613,0.0024031789869924805,0.004885621987880626,0.00075856974273954235,0.00050990966954968903,0.0018042500276828635,0.00086081648292697882,0,0,0,12.8872,0.32300000000000001,4.4258370264917719,0.0026650665106098424,0.0026650665106098424
情景一阈值控制,0.89206017105984481,19999.991017132492,0.002481896239062459,0.0051609952606155749,0.00079833266361056311,0.00054164334633006301,0.0019059448039442334,0.00090933555638698243,0,0,0,12.8872,0.32300000000000001,4.4258369323127686,0.0028152803603312157,0.0028152803603312157
情景一阈值控制,0.92391946288341076,19999.990577605073,0.0025631919092692036,0.0054453885075424575,0.00083923118329959205,0.00057458332770430438,0.0020109706378940335,0.00095944389370719748,0,0,0,12.8872,0.32300000000000001,4.4258368350488917,0.0029704145316012311,0.0029704145316012311
情景一阈值控制,0.9557787547069766,19999.990123680738,0.0026471504546333848,0.0057390971813049496,0.00088130436524963259,0.00060876726018974775,0.0021194366395784073,0.0010111935518224895,0,0,0,12.8872,0.32300000000000001,4.4258367345990921,0.0031306301914008966,0.0031306301914008966
情景一阈值控制,0.98763804653054255,19999.989654887911,0.0027338590985838602,0.0060424264121706666,0.00092459253155570496,0.00064423404430758531,0.0022314554929698661,0.0010646382928054161,0,0,0,12.8872,0.32300000000000001,4.4258366308590151,0.0032960937857752825,0.0032960937857752825
情景一阈值控制,1,19999.989468880456,0.0027682633244898842,0.0061627812805783817,0.00094172514315024754,0.00065834979515256111,0.0022759022952797982,0.001085844078841026,0,0,0,12.8872,0.32300000000000001,4.4258365896970639,0.0033617463741208243,0.0033617463741208243
情景一阈值控制,1.0194973383541084,19999.989170739573,0.0028234079216527866,0.0063556913253070505,0.00096913730446274073,0.00068102387546124582,0.0023471435731366205,0.0011198336397682841,0,0,0,12.8872,0.32300000000000001,4.4258365237208874,0.0034669772129049046,0.0034669772129049046
情景一阈值控制,1.0513566301776742,19999.988670732742,0.0029158899550598433,0.0066792173681642156,0.0010149816491828471,0.0007191782861195431,0.0024666210671443773,0.0011768369345459876,0,0,0,12.8872,0.32300000000000001,4.4258364130734025,0.0036434580016903649,0.0036434580016903649
情景一阈值控制,1.0832159220012401,19999.988154347968,0.0030114012771728874,0.007013340647920337,0.0010621699180261509,0.00075874018929885734,0.0025900120986742207,0.0012357073971518064,0,0,0,12.8872,0.32300000000000001,4.4258362988016104,0.0038257194958260269,0.0038257194958260269
情景一阈值控制,1.1150752138248061,19999.987621048786,0.0031100411132766767,0.0073584082804996013,0.0011107478960424406,0.00079975392353918572,0.0027174448569142161,0.0012965061872722177,0,0,0,12.8872,0.32300000000000001,4.4258361807867974,0.004013951044186434,0.004013951044186434
情景一阈值控制,1.146934505648372,19999.98707028116,0.0032119119390217137,0.0077147787524642578,0.0011607628483435905,0.00084226529954200256,0.0028490517302053914,0.0013592964680300462,0,0,0,12.8872,0.32300000000000001,4.4258360589063583,0.0042083481982354374,0.0042083481982354374
情景一阈值控制,1.1787937974719378,19999.986501472904,0.0033171195866445826,0.008082822292602149,0.0012122635686916594,0.00088632164805975942,0.0029849694432682377,0.0014241434714558946,0,0,0,12.8872,0.32300000000000001,4.4258359330336718,0.0044091129147241321,0.0044091129147241321
情景一阈值控制,1.2106530892955036,19999.985914033092,0.0034257733548730554,0.0084629212564046145,0.001265300429769913,0.00093197186944927969,0.0031253391991895958,0.0014911145662307821,0,0,0,12.8872,0.32300000000000001,4.4258358030379723,0.0046164537654203777,0.0046164537654203777
情景一阈值控制,1.2425123811190697,19999.985307351435,0.0035379861224768944,0.0088554705232980774,0.0013199254351189389,0.00097926648487139901,0.0032703068261194595,0.0015602793276759022,0,0,0,12.8872,0.32300000000000001,4.4258356687842086,0.0048305861537953614,0.0048305861537953614
情景一阈值控制,1.2743716729426355,19999.984680797668,0.0036538744656466099,0.0092608779072669168,0.0013761922728211264,0.0010282576892191168,0.003420022928913143,0.0016317096101018398,0,0,0,12.8872,0.32300000000000001,4.4258355301329058,0.0050517325390149826,0.0050517325390149826
情景一阈值控制,1.3062309647662014,19999.984033720866,0.0037735587791809509,0.0096795645808003782,0.0014341563709247419,0.0010789994057655763,0.0035746430456939935,0.0017054796215054064,0,0,0,12.8872,0.32300000000000001,4.4258353869400207,0.0052801226671993998,0.0052801226671993998
情景一阈值控制,1.3380902565897672,19999.983365448788,0.0038971634014638764,0.010111965512096189,0.001493874954598812,0.0011315473425231781,0.0037343278093117764,0.0017816660006022215,0,0,0,12.8872,0.32300000000000001,4.4258352390567932,0.0055159938099139981,0.0055159938099139981
情景一阈值控制,1.3699495484133331,19999.982675287185,0.0040248167432781149,0.010558529915685688,0.0015554071050403475,0.001185959050335088,0.0038992431137575985,0.0018603478962240833,0,0,0,12.8872,0.32300000000000001,4.425835086329589,0.0057595910099816818,0.0057595910099816818
情景一阈值控制,1.4018088402368991,19999.981962519054,0.0041566514216322065,0.011019721720597548,0.0016188138206716112,0.0012422939832303749,0.004069560287055793,0.0019416070498065306,0,0,0,12.8872,0.32300000000000001,4.425834928599742,0.006011167336862324,0.006011167336862324
情景一阈值控制,1.433668132060465,19999.98122640391,0.0042928043975680756,0.011496020052446564,0.0016841580801555084,0.0013006135605765081,0.0042454562692983075,0.0020255278803299162,0,0,0,12.8872,0.32300000000000001,4.4258347657033896,0.0062709841496282233,0.0062709841496282233
情景一阈值控制,1.4655274238840308,19999.980466177014,0.0044334171182608831,0.01198791973053809,0.0017515049073715404,0.0013609812311699294,0.0044271137962243381,0.0021121975719061458,0,0,0,12.8872,0.32300000000000001,4.4258345974713,0.0065393113681304835,0.0065393113681304835
情景一阈值控制,1.4973867157075966,19999.979681048575,0.004578635663883902,0.012495931781641958,0.0018209214385683135,0.0014234625394780932,0.0046147215889559643,0.0022017061643024752,0,0,0,12.8872,0.32300000000000001,4.4258344237287002,0.0068164277532584399,0.0068164277532584399
情景一阈值控制,1.5292460075311625,19999.978870202944,0.0047286108994473207,0.013020583971166629,0.0018924769917880633,0.0014881251941272692,0.0048084745501596618,0.002294146646531122,0,0,0,12.8872,0.32300000000000001,4.4258342442950918,0.0071026211966907834,0.0071026211966907834
情景一阈值控制,1.5611052993547285,19999.978032797742,0.0048834986316877204,0.013562421352002113,0.0019662431385982591,0.0015550391386707414,0.0050085739667328454,0.0023896150535520065,0,0,0,12.8872,0.32300000000000001,4.4258340589840648,0.0073981890202848514,0.0073981890202848514
情景一阈值控制,1.5929645911782944,19999.977167962996,0.0050434597709806163,0.014122006830935065,0.0020422937781176907,0.0016242766246249475,0.0052152277189797891,0.0024882105660715974,0,0,0,12.8872,0.32300000000000001,4.4258338676031013,0.007703438285051387,0.007703438285051387
情景一阈值控制,1.6248238830018602,19999.97627480025,0.0052086604982484802,0.014699921752539572,0.0021207052133244354,0.001695912286761102,0.0054286504962412756,0.0025900356134208741,0,0,0,12.8872,0.32300000000000001,4.4258336699533798,0.0080186861096621497,0.0080186861096621497
情景一阈值控制,1.656683174825426,19999.975352381611,0.0053792724371828221,0.015296766501658147,0.0022015562297912762,0.001770023220796105,0.0056490640193895729,0.0026951959797087621,0,0,0,12.8872,0.32300000000000001,4.4258334658295633,0.008344259999098335,0.008344259999098335
情景一阈值控制,1.6885424666489921,19999.974399748793,0.0055554728334490716,0.015913161130310584,0.002284928177610987,0.0018466890642359895,0.0058766972723445698,0.0028038009142796099,0,0,0,12.8872,0.32300000000000001,4.4258332550195929,0.0086804981866241797,0.0086804981866241797
情景一阈值控制,1.7204017584725579,19999.973415912125,0.0057374447384169703,0.016549746000434511,0.0023709050553888155,0.0019259920792627173,0.0061117867394365208,0.0029159632449601135,0,0,0,12.8872,0.32300000000000001,4.4258330373044625,0.0090277499843966352,0.0090277499843966352
情景一阈值控制,1.7522610502961238,19999.972399849517,0.0059253771992229792,0.017207182448777194,0.0024595735971275098,0.0020080172384797481,0.0063545766509492153,0.0030317994952091545,0,0,0,12.8872,0.32300000000000001,4.4258328124579904,0.0093863761461583702,0.0093863761461583702
情景一阈值控制,1.7841203421196896,19999.971350505395,0.0061194654550797102,0.017886153473641427,0.0025510233619660946,0.0020928523134780392,0.0066053192367337863,0.0031514300051181895,0,0,0,12.8872,0.32300000000000001,4.4258325802465883,0.0097567492418519763,0.0097567492418519763
情景一阈值控制,1.8159796339432555,19999.970266789624,0.0063199111402652422,0.01858736444499964,0.0026453468269701545,0.002180587966417851,0.0068642749884523938,0.0032749790565289871,0,0,0,12.8872,0.32300000000000001,4.4258323404290154,0.01013925404498138,0.01013925404498138
情景一阈值控制,1.8478389257668215,19999.969147576343,0.0065269224937973842,0.019311543837994039,0.0027426394829759416,0.0022713178446286488,0.0071317129304582817,0.0034025750022718252,0,0,0,12.8872,0.32300000000000001,4.4258320927561305,0.010534287932730107,0.010534287932730107
情景一阈值控制,1.8796982175903874,19999.967991702822,0.0067407145757543445,0.020059443989687981,0.0028429999334707249,0.0023651386782097129,0.0074079108992624928,0.0035343503995004214,0,0,0,12.8872,0.32300000000000001,4.4258318369706302,0.010942261298762914,0.010942261298762914
情景一阈值控制,1.9115575094139532,19999.966797968253,0.0069615094902033495,0.020831841878934023,0.0029465299964918034,0.0024621503806141064,0.0076931558315375135,0.0036704421470998764,0,0,0,12.8872,0.32300000000000001,4.4258315728067847,0.011363597978637389,0.011363597978637389
情景一阈值控制,1.943416801237519,19999.96556513249,0.0071895366156693079,0.021629539932619412,0.003053334809970052,0.0025624561526367295,0.0079877440618620569,0.0038109916277421626,0,0,0,12.8872,0.32300000000000001,4.4258312999901595,0.011798735689604219,0.011798735689604219
情景一阈值控制,1.9752760930610851,19999.964291914759,0.007425032844635554,0.022453366863508607,0.0031635229411997165,0.0026661625904799663,0.0082919816321345603,0.003956144855508807,0,0,0,12.8872,0.32300000000000001,4.4258310182373295,0.012248126487643368,0.012248126487643368
情景一阈值控制,2,19999.963275183538,0.0076130889476877621,0.023111235932077173,0.0032514356360558135,0.0027490559450994985,0.0085349313093959055,0.0040720573307752982,0,0,0,12.8872,0.32300000000000001,4.4258307932428993,0.012606988640171204,0.012606988640171204
情景一阈值控制,2.0071353848846507,19999.962976992349,0.0076682428288720834,0.023304178528472289,0.003277206498970306,0.0027733797964504107,0.0086061846085153694,0.00410605262710556,0,0,0,12.8872,0.32300000000000001,4.4258307272555903,0.01271223723562093,0.01271223723562093
情景一阈值控制,2.0389946767082168,19999.961618999205,0.0079194192335330059,0.024182858817393914,0.0033945012497046492,0.0028842214936145518,0.0089306794096980866,0.0042608706784822469,0,0,0,12.8872,0.32300000000000001,4.4258304267426452,0.013191550088180334,0.013191550088180334
情景一阈值控制,2.0708539685317828,19999.960216524549,0.0081788229995789618,0.025090320571199684,0.0035155267374001307,0.0029988051442128862,0.0092658031459361134,0.0044207598465839928,0,0,0,12.8872,0.32300000000000001,4.4258301163863001,0.013686562992520107,0.013686562992520107
情景一阈值控制,2.1027132603553484,19999.958768111374,0.008446723615113283,0.026027506531071602,0.0036404064076421294,0.003117252072098235,0.0096119039695850665,0.0045858862365967109,0,0,0,12.8872,0.32300000000000001,4.4258297958641295,0.014197790206181778,0.014197790206181778
情景一阈值控制,2.1345725521789145,19999.95727225496,0.0087233993955855987,0.026995390318681832,0.0037692677356685189,0.0032396875891773855,0.0099693414371012749,0.0047564213946583583,0,0,0,12.8872,0.32300000000000001,4.4258294648431526,0.014725762831759633,0.014725762831759633
情景一阈值控制,2.1664318440024801,19999.955727401295,0.0090091377728099883,0.027994977447263251,0.0039022423584610553,0.0033662411258322043,0.010338486882428043,0.0049325424860033329,0,0,0,12.8872,0.32300000000000001,4.4258291229794784,0.015271029368431376,0.015271029368431376
情景一阈值控制,2.1982911358260462,19999.954131945469,0.0093042355927493922,0.029027306363347324,0.0040394662108416014,0.0034970463652984206,0.010719723801707281,0.0051144324785102656,0,0,0,12.8872,0.32300000000000001,4.4258287699179535,0.015834156280217546,0.015834156280217546
情景一阈值控制,2.2301504276496122,19999.952484229998,0.0096089994240844082,0.030093449526229277,0.0041810796664952564,0.003632241382913062,0.011113448251923721,0.0053022803328971338,0,0,0,12.8872,0.32300000000000001,4.4258284052917913,0.016415728584820856,0.016415728584820856
情景一阈值控制,2.2620097194731779,19999.950782543121,0.0099237458778334738,0.031194514526094771,0.0043272276840424038,0.0037719687903510859,0.0115200692638268,0.0054962811997282925,0,0,0,12.8872,0.32300000000000001,4.4258280287221909,0.017016350463555093,0.017016350463555093
情景一阈值控制,2.2938690112967439,19999.949025116992,0.010248801935371631,0.032331645231527678,0.0044780599569476005,0.003916375883653774,0.011940009265702871,0.0056966366215982622,0,0,0,12.8872,0.32300000000000001,4.4258276398179426,0.017636645887301135,0.017636645887301135
情景一阈值控制,2.3257283031203095,19999.947210125869,0.010584505287971054,0.033506022977325002,0.0046337310686923152,0.0040656147964586997,0.012373704522032788,0.0059035547424174089,0,0,0,12.8872,0.32300000000000001,4.4258272381750245,0.018277259264450195,0.018277259264450195
情景一阈值控制,2.3575875949438756,19999.94533568421,0.010931204687616346,0.034718867791754725,0.0047944006530986341,0.0042198426583197716,0.012821605586715672,0.0061172505236472049,0,0,0,12.8872,0.32300000000000001,4.4258268233761822,0.018938856110362876,0.018938856110362876
情景一阈值控制,2.3894468867674417,19999.943399844706,0.011289260309672427,0.035971439665278195,0.00496023356006797,0.0043792217583782291,0.013284177771605454,0.006337945967841296,0,0,0,12.8872,0.32300000000000001,4.4258263949904917,0.019622123739446752,0.019622123739446752
情景一阈值控制,2.4213061785910073,19999.941400596272,0.011659044127333242,0.037265039860485911,0.0051314000267019752,0.0045439197143521933,0.013761901630267422,0.0065658703494481142,0,0,0,12.8872,0.32300000000000001,4.4258259525729144,0.020327771979715536,0.020327771979715536
情景一阈值控制,2.4531654704145733,19999.939335861938,0.012040940297779195,0.038601012262994651,0.0053080758537727146,0.0047141096468123001,0.014255273456861716,0.0068012604528306228,0,0,0,12.8872,0.32300000000000001,4.4258254956638368,0.021056533909692338,0.021056533909692338
情景一阈值控制,2.4850247622381394,19999.93720349672,0.01243534556003064,0.039980744773261613,0.0054904425875363389,0.0048899703587377075,0.014764805800137419,0.0070443608174953973,0,0,0,12.8872,0.32300000000000001,4.4258250237885877,0.021809166617632818,0.021809166617632818
情景一阈值控制,2.516884054061705,19999.935001285368,0.012842669647975893,0.041405670751484457,0.0056786877084795311,0.0050716865219226429,0.015291027997031095,0.0072954239926750998,0,0,0,12.8872,0.32300000000000001,4.4258245364569531,0.022586451989706196,0.022586451989706196
情景一阈值控制,2.5487433458852711,19999.932726940078,0.013263335716906259,0.042877270509753637,0.0058730048262368682,0.0052594488694808431,0.015834486723715572,0.0075547108002365256,0,0,0,12.8872,0.32300000000000001,4.425824033162657,0.023389197523952097,0.023389197523952097
情景一阈值控制,2.5806026377088367,19999.930378098095,0.013697780782133392,0.044397072846473429,0.006073593880028161,0.0054534543938048602,0.016395746562258402,0.0078224906050361337,0,0,0,12.8872,0.32300000000000001,4.4258235133828441,0.024218237167294536,0.024218237167294536
情景一阈值控制,2.6124619295324027,19999.927952319296,0.014146456172717118,0.045966656633644944,0.0062806613459993402,0.005653906551347147,0.016975390586802201,0.0080990415945895265,0,0,0,12.8872,0.32300000000000001,4.4258229765775328,0.025074432181391729,0.025074432181391729
情景一阈值控制,2.6443212213559688,19999.925447083617,0.014609828000418034,0.047587652457410957,0.006494420451519072,0.0058610154742745266,0.017574020969414416,0.0083846510681253386,0,0,0,12.8872,0.32300000000000001,4.4258224221890536,0.025958672037539755,0.025958672037539755
情景一阈值控制,2.6761805131795344,19999.922859788454,0.015088377644415677,0.049261744313754692,0.0067150913966782496,0.0060749981892402475,0.01819225960630538,0.0086796157353569211,0,0,0,12.8872,0.32300000000000001,4.4258218496414727,0.026871875341662299,0.026871875341662299
情景一阈值控制,2.7080398050031005,19999.920187745964,0.015582602251694846,0.050990671359011863,0.0069429015829478163,0.0062960788432296997,0.018830748764288738,0.0089842420249117566,0,0,0,12.8872,0.32300000000000001,4.4258212583399894,0.027814990789200494,0.027814990789200494
情景一阈值控制,2.7398990968266661,19999.917428180244,0.016093015253002677,0.052776229714855183,0.0071780858489504133,0.0065244889364358891,0.019490151747358485,0.0092988464023586234,0,0,0,12.8872,0.32300000000000001,4.4258206476703217,0.02878899814971711,0.02878899814971711
情景一阈值控制,2.7717583886502322,19999.9145782245,0.016620146894484631,0.054620274328130214,0.0074208867133953383,0.0067604675622135839,0.020171153583522481,0.0096237556978992014,0,0,0,12.8872,0.32300000000000001,4.4258200169980695,0.029794909281421682,0.029794909281421682
情景一阈值控制,2.8036176804737982,19999.911634918019,0.017164544790341935,0.056524720904231919,0.0076715546276177032,0.0070042616565236934,0.020874461738794359,0.0099593074470170975,0,0,0,12.8872,0.32300000000000001,4.4258193656680502,0.030833769185811457,0.030833769185811457
情景一阈值控制,2.8354769722973638,19999.908595203116,0.017726774492168973,0.058491547898834678,0.007930348235738266,0.0072561262549083296,0.021600806852735289,0.010305850241408411,0,0,0,12.8872,0.32300000000000001,4.4258186930036238,0.031906657094143698,0.031906657094143698
情景一阈值控制,2.8673362641209299,19999.905455921955,0.018307420075397669,0.060522798569469481,0.0081975346426389865,0.0075163247571893464,0.022350943496097161,0.01066374409045698,0,0,0,12.8872,0.32300000000000001,4.4258179983059867,0.033014687586554139,0.033014687586554139
情景一阈值控制,2.8991955559444955,19999.902213813264,0.018907084745653502,0.062620583096760329,0.0084733896910358011,0.0077851292011564934,0.023125650954190766,0.011033360794983174,0,0,0,12.8872,0.32300000000000001,4.4258172808534457,0.034159011749173941,0.034159011749173941
情景一阈值控制,2.9310548477680616,19999.898865508963,0.01952639146558861,0.064787080777297681,0.008758198247906893,0.0080628205455004209,0.023925734036709407,0.011415084333614664,0,0,0,12.8872,0.32300000000000001,4.425816539900671,0.035340818370324073,0.035340818370324073
情景一阈值控制,2.9629141395916276,19999.895407530643,0.020165983602700267,0.067024542289927533,0.0090522545005087777,0.0083496889622201569,0.024752023914664738,0.011809311262092613,0,0,0,12.8872,0.32300000000000001,4.4258157746779192,0.036561335176757352,0.036561335176757352
情景一阈值控制,2.9947734314151933,19999.891836285966,0.020826525598003857,0.069335292034998483,0.0093558622619203322,0.0086460341384460449,0.025605378984265806,0.012216451125432565,0,0,0,12.8872,0.32300000000000001,4.425814984390235,0.037821830109698369,0.037821830109698369
情景一阈值控制,3,19999.891239348741,0.02093693586917587,0.069721536233760067,0.009406603072440926,0.0086955760824501179,0.025748018162662464,0.012284504972732592,0,0,0,12.8872,0.32300000000000001,4.4258148522928353,0.038032523135395055,0.038032523135395055
情景一阈值控制,3.0266327232387593,19999.888148064925,0.021508703655428965,0.071721730546107337,0.009669335286054799,0.0089521655876190157,0.026486685757571734,0.01263692688285918,0,0,0,12.8872,0.32300000000000001,4.4258141682166228,0.039123612640430912,0.039123612640430912
情景一阈值控制,3.0584920150623249,19999.884339036009,0.022213226452303211,0.074186336975619036,0.009992997592306322,0.0092684029701908394,0.027396859780389009,0.013071175345739504,0,0,0,12.8872,0.32300000000000001,4.4258133253092025,0.04046803512612851,0.04046803512612851
情景一阈值控制,3.090351306885891,19999.880405242209,0.022940825878626097,0.076731671680905819,0.01032718380335017,0.0095950764273222168,0.028336846587364229,0.013519647633262393,0,0,0,12.8872,0.32300000000000001,4.4258124547923172,0.041856494220626622,0.041856494220626622
情景一阈值控制,3.1222105987094571,19999.876342596905,0.023692257797159721,0.079360378883413865,0.010672239492453751,0.0099325269239799261,0.029307622683971885,0.013982809640949648,0,0,0,12.8872,0.32300000000000001,4.4258115557616318,0.043290432324921531,0.043290432324921531
情景一阈值控制,3.1540698905330227,19999.872146879618,0.024468302827457544,0.082075189411476027,0.011028521541724448,0.010281106602841997,0.030310196559429393,0.014461142523922728,0,0,0,12.8872,0.32300000000000001,4.4258106272831883,0.044771339083352124,0.044771339083352124
情景一阈值控制,3.1859291823565887,19999.867813731646,0.025269767156210377,0.084878923535194453,0.011396398512381348,0.01064117915008506,0.031345609733613333,0.014955143196391582,0,0,0,12.8872,0.32300000000000001,4.4258096683924411,0.046300752930004914,0.046300752930004914
情景一阈值控制,3.2177884741801548,19999.863338651528,0.02609748337506964,0.087774493897451095,0.011776251027580838,0.0110131201735776,0.032414937839475556,0.015465324848080652,0,0,0,12.8872,0.32300000000000001,4.4258086780932535,0.047880262687556206,0.047880262687556206
情景一阈值控制,3.2496477660037204,19999.858716990348,0.026952311346419067,0.090764908542695283,0.012168472168011391,0.01139731759369206,0.033519291741568091,0.015992217477882556,0,0,0,12.8872,0.32300000000000001,4.4258076553568575,0.049511509219450647,0.049511509219450647
情景一阈值控制,3.2815070578272865,19999.853943946931,0.027835139096918461,0.09385327404289126,0.012573467880176912,0.011794172046656374,0.034659818690449082,0.0165363684446308,0,0,0,12.8872,0.32300000000000001,4.4258065991207918,0.051196187135079882,0.051196187135079882
情景一阈值控制,3.3133663496508521,19999.849014562842,0.028746883738643106,0.097042798720009107,0.012991657397288045,0.012204097300365497,0.035837703512741979,0.017098343034882803,0,0,0,12.8872,0.32300000000000001,4.4258055082877936,0.052936046547624779,0.052936046547624779
情景一阈值控制,3.3452256414744181,19999.843923717257,0.029688492418654944,0.10033679596798466,0.013423473673143468,0.012627520683030614,0.037054169837928405,0.017678725048228764,0,0,0,12.8872,0.32300000000000001,4.4258043817246673,0.054732894886157166,0.054732894886157166
情景一阈值控制,3.3770849332979842,19999.838666121617,0.030660943307662707,0.1037386877114302,0.013869363833870413,0.013064883529476757,0.038310481375642837,0.018278117406695178,0,0,0,12.8872,0.32300000000000001,4.4258032182610965,0.056588598782338018,0.056588598782338018
情景一阈值控制,3.4089442251215498,19999.833236314149,0.031665246614932953,0.1072520079561861,0.014329789641658711,0.013516641639294209,0.039607943226883893,0.018897142780330126,0,0,0,12.8872,0.32300000000000001,4.4258020166884355,0.058505086007214019,0.058505086007214019
情景一阈值控制,3.4408035169451159,19999.827628654184,0.032702445636394607,0.11088040645599997,0.014805227973660415,0.013983265749977748,0.040947903238111337,0.019536444233249576,0,0,0,12.8872,0.32300000000000001,4.4258007757584492,0.060484347471360916,0.060484347471360916
情景一阈值控制,3.4726628087686815,19999.821837316318,0.033773617837601889,0.1146276525011594,0.015296171316815715,0.014465242025805644,0.042331753400380298,0.020196685891171105,0,0,0,12.8872,0.32300000000000001,4.4257994941820229,0.062528439291551399,0.062528439291551399
情景一阈值控制,3.5045221005922476,19999.815856284346,0.034879875973514766,0.11849763883593142,0.01580312827950019,0.014963072563342896,0.043760931296043422,0.020878553631642583,0,0,0,12.8872,0.32300000000000001,4.4257981706278189,0.064639484927686008,0.064639484927686008
情景一阈值控制,3.5363813924158136,19999.809679345013,0.036022369245513379,0.12249438570626685,0.016326624120183722,0.015477275913757209,0.045236921593559722,0.021582755797222741,0,0,0,12.8872,0.32300000000000001,4.4257968037208935,0.066819677390782456,0.066819677390782456
情景一阈值控制,3.5682406842393792,19999.803300081552,0.037202284495410402,0.12662204503694399,0.016867201292993173,0.016008387621841452,0.046761257590105035,0.022310023931468137,0,0,0,12.8872,0.32300000000000001,4.4257953920412678,0.069071281521573172,0.069071281521573172
情景一阈值控制,3.6000999760629453,19999.796711867031,0.038420847436224474,0.13088490473732442,0.017425420010070643,0.016556960781636178,0.048335522801678639,0.0230611135375808,0,0,0,12.8872,0.32300000000000001,4.4257939341224564,0.071396636339259439,0.071396636339259439
情景一阈值控制,3.6319592678865109,19999.789907857506,0.039679323921360116,0.13528739314147681,0.018001858821479009,0.017123566609395204,0.049961352602831792,0.023836804860730677,0,0,0,12.8872,0.32300000000000001,4.425792428449947,0.073798157463562469,0.073798157463562469
情景一阈值控制,3.663818559710077,19999.78288098484,0.040979021266497648,0.13983408363270836,0.018597115219190028,0.017708795040351277,0.051640435934497519,0.024637903702869567,0,0,0,12.8872,0.32300000000000001,4.4257908734596212,0.07627833963736709,0.07627833963736709
情景一阈值控制,3.695677851533643,19999.775623949412,0.042321289604918835,0.14452969938507723,0.019211806256348607,0.018313255340582105,0.053374517055021282,0.025465242258156388,0,0,0,12.8872,0.32300000000000001,4.4257892675361292,0.078839759313177674,0.078839759313177674
情景一阈值控制,3.7275371433572086,19999.76812921252,0.043707523288528179,0.14937911826477576,0.019846569187414759,0.018937576739511273,0.05516539735023164,0.02631967997655069,0,0,0,12.8872,0.32300000000000001,4.4257876090112163,0.081485077326782326,0.081485077326782326
情景一阈值控制,3.7593964351807747,19999.760388988558,0.045139162335126354,0.15438737789333218,0.020502062129437417,0.019582409083295761,0.057014937203270041,0.027202104455917604,0,0,0,12.8872,0.32300000000000001,4.4257858961619947,0.084217041659187641,0.084217041659187641
情景一阈值控制,3.7912557270043408,19999.752395236937,0.046617693924964905,0.15955968088322894,0.021178964745844225,0.020248423510468037,0.058925057928093785,0.028113432364511502,0,0,0,12.8872,0.32300000000000001,4.425784127209142,0.087038490292605283,0.087038490292605283
情景一阈值控制,3.8231150188279064,19999.744139653703,0.048144653946917249,0.16490140024711,0.021877978952900213,0.020936313149984478,0.060897743767085059,0.029054610394045003,0,0,0,12.8872,0.32300000000000001,4.4257823003150634,0.089952354161130066,0.089952354161130066
情景一阈值控制,3.8549743106514724,19999.735613662935,0.049721628593948554,0.17041808497946925,0.022599829648690419,0.02164679384153774,0.062935043952356787,0.03002661624314806,0,0,0,12.8872,0.32300000000000001,4.4257804135819745,0.09296166019550485,0.09296166019550485
情景一阈值控制,3.8868336024750381,19999.726808407842,0.051350256007567457,0.17611546580971088,0.023345265464481485,0.022380604877990543,0.065039074830345878,0.031030459631021738,0,0,0,12.8872,0.32300000000000001,4.4257784650499392,0.096069534461367623,0.096069534461367623
情景一阈值控制,3.9186928942986041,19999.717714741579,0.05303222797424631,0.18199946113703216,0.024115059539826886,0.023138509771279726,0.067212022053553089,0.032067183343127983,0,0,0,12.8872,0.32300000000000001,4.4257764526948353,0.099279205396681072,0.099279205396681072
情景一阈值控制,3.9505521861221702,19999.708323217714,0.054769291692506397,0.18807618321253539,0.024910010329958095,0.023921297050231046,0.069456142863584036,0.03313786432043965,0,0,0,12.8872,0.32300000000000001,4.4257743744262443,0.10259400718402369,0.10259400718402369
情景一阈值控制,3.9824114779457358,19999.698624080436,0.056563251583009053,0.19435194447181114,0.025730942432824248,0.024729781077800331,0.071773768429759133,0.034243614775202651,0,0,0,12.8872,0.32300000000000001,4.4257722280852807,0.10601738320496179,0.10601738320496179
情景一阈值控制,4,19999.693134041263,0.05757869333763118,0.1979042372319974,0.026195593731699551,0.025187434435003216,0.073085622749803236,0.034869506865858851,0,0,0,12.8872,0.32300000000000001,4.4257710131838293,0.10795512961566209,0.10795512961566209
情景一阈值控制,4.0142707697693014,19999.688607254411,0.058415971161179032,0.20083326408630381,0.026578707444701925,0.025564802896556139,0.07416730626851907,0.035385583345246163,0,0,0,12.8872,0.32300000000000001,4.4257700114423573,0.10955288961376523,0.10955288961376523
情景一阈值控制,4.0461300615928675,19999.678262334353,0.060329374971288249,0.20752687472971063,0.027454184843885125,0.026427231101920984,0.076639242742242028,0.036564956286180457,0,0,0,12.8872,0.32300000000000001,4.4257677221948661,0.11320419902842249,0.11320419902842249
情景一阈值控制,4.0779893534164335,19999.667578574186,0.062305450586453301,0.21443972957499599,0.028358282904490301,0.027317962745182413,0.07919214564322645,0.037782958704227682,0,0,0,12.8872,0.32300000000000001,4.4257653579647886,0.11697510434745413,0.11697510434745413
情景一阈值控制,4.1098486452399996,19999.656544875896,0.064346250674754774,0.22157900952275084,0.029291939640471321,0.028237924266369084,0.081828666863109065,0.039040855829814224,0,0,0,12.8872,0.32300000000000001,4.4257629162962209,0.12086952269292328,0.12086952269292328
情景一阈值控制,4.1417079370635657,19999.645149777971,0.06645389513105357,0.22895213065941275,0.03025612377965033,0.029188072456801287,0.084551545147170129,0.040339954331663153,0,0,0,12.8872,0.32300000000000001,4.4257603946528272,0.12489149947883328,0.12489149947883328
情景一阈值控制,4.1735672288871308,19999.633381443564,0.068630573274079884,0.23656675194386562,0.031251835767570506,0.030169395451125774,0.087363608932978606,0.041681603671125687,0,0,0,12.8872,0.32300000000000001,4.4257577904152043,0.12904521260410429,0.12904521260410429
情景一阈值控制,4.2054265207106969,19999.621227648189,0.070878546113958663,0.24443078314048419,0.032280108803530057,0.031182913751166868,0.090267779280048963,0.043067197499934741,0,0,0,12.8872,0.32300000000000001,4.4257551008781748,0.13333497677998371,0.13333497677998371
情景一阈值控制,4.237285812534263,19999.608675766991,0.073200148713964339,0.25255239308186223,0.033342009919668215,0.032229681292335763,0.09326707292124968,0.044498175116046756,0,0,0,12.8872,0.32300000000000001,4.4257523232479583,0.13776524803729645,0.13776524803729645
情景一阈值控制,4.269145104357829,19999.595712761646,0.075597792608138592,0.26094001812700957,0.034438641085573776,0.033310786535280877,0.096364605386397559,0.045976022953923806,0,0,0,12.8872,0.32300000000000001,4.4257494546392797,0.14234062834032135,0.14234062834032135
情景一阈值控制,4.3010043961813951,19999.58232516683,0.078073968304038857,0.2696023709174083,0.035571140351788454,0.034427353595992596,0.099563594235851205,0.047502276127296822,0,0,0,12.8872,0.32300000000000001,4.4257464920723706,0.14706587036314803,0.14706587036314803
情景一阈值控制,4.3328636880049602,19999.568499076271,0.080631247867268038,0.27854844941921397,0.036740683030674501,0.035580543412851974,0.10286736239977698,0.049078520022345605,0,0,0,12.8872,0.32300000000000001,4.4257434324698846,0.15194588242212259,0.15194588242212259
情景一阈值控制,4.3647229798285263,19999.554220128259,0.083272287594103808,0.28778754627370851,0.037948482917533659,0.036771554953477607,0.10627934163125199,0.050706391945191151,0,0,0,12.8872,0.32300000000000001,4.4257402726536927,0.15698573357644313,0.15698573357644313
情景一阈值控制,4.3965822716520924,19999.539473490757,0.085999830772245031,0.29732925845606961,0.039195793551984895,0.038001626461380486,0.10980307607322734,0.052387582823711143,0,0,0,12.8872,0.32300000000000001,4.4257370093415824,0.16219065889693848,0.16219065889693848
情景一阈值控制,4.4284415634756584,19999.524243845968,0.088816710529107917,0.30718349724047694,0.040483909519342123,0.039272036742173271,0.11344222593862108,0.054123838963330312,0,0,0,12.8872,0.32300000000000001,4.42573363914385,0.16756606490195139,0.16756606490195139
情景一阈值控制,4.4603008552992245,19999.508515374484,0.091725852767103433,0.31736049846956838,0.041814167791731659,0.040584106489079369,0.1172005713028072,0.055916963856435353,0,0,0,12.8872,0.32300000000000001,4.4257301585597872,0.17311753515924255,0.17311753515924255
情景一阈值控制,4.4921601471227897,19999.49227173888,0.094730279194560119,0.3278708331585628,0.043187949112908262,0.041939199651655309,0.12108201601969584,0.057768820050755933,0,0,0,12.8872,0.32300000000000001,4.4257265639740551,0.17885083607045177,0.17885083607045177
情景一阈值控制,4.5240194389463557,19999.47549606668,0.097833110481608337,0.33872541853660854,0.04460667944016386,0.043338724860962671,0.12509059179928061,0.059681331094782339,0,0,0,12.8872,0.32300000000000001,4.4257228516529077,0.18477192289406297,0.18477192289406297
情景一阈值控制,4.5558787307699218,19999.45817093286,0.10103756948939074,0.34993552934472877,0.046071831419736933,0.044784136887883935,0.12923046237994595,0.061656483528393723,0,0,0,12.8872,0.32300000000000001,4.4257190177403292,0.19088694590833968,0.19088694590833968
情景一阈值控制,4.5877380225934878,19999.440278341779,0.1043469846146117,0.36151280953734072,0.047584925914918058,0.046276938153550114,0.13350592784981413,0.063696328944593775,0,0,0,12.8872,0.32300000000000001,4.4257150582540312,0.19720225679440789,0.19720225679440789
情景一阈值控制,4.6195973144170539,19999.421799708518,0.10776479324305575,0.37346928436507276,0.049147533583940868,0.047818680289008014,0.13792142910890423,0.065802986118428469,0,0,0,12.8872,0.32300000000000001,4.425710969081317,0.2037244152273327,0.2037244152273327
情景一阈值控制,4.6514566062406191,19999.402715839551,0.11129454532078083,0.38581737286933748,0.050761276511636089,0.049410965748059962,0.14248155248335193,0.06797864320845301,0,0,0,12.8872,0.32300000000000001,4.4257067459748161,0.21046019569180494,0.21046019569180494
情景一阈值控制,4.6833158980641851,19999.383006912802,0.11493990704272816,0.39856990078776844,0.052427829894730597,0.051055449473163879,0.14719103449136064,0.070225560030590092,0,0,0,12.8872,0.32300000000000001,4.4257023845480612,0.21741659452195072,0.21741659452195072
情景一阈值控制,4.7151751898877512,19999.362652457079,0.11870466465798804,0.41174011386786258,0.054148923780443552,0.052753840614053867,0.15205476675990179,0.072546070403911797,0,0,0,12.8872,0.32300000000000001,4.4256978802709446,0.22460083716381357,0.22460083716381357
情景一阈值控制,4.7470344817113173,19999.341631330866,0.12259272839096297,0.42534169158618534,0.055926344858033217,0.054507904298743144,0.15707780109118868,0.074942584567878792,0,0,0,12.8872,0.32300000000000001,4.4256932284650174,0.23202038565906746,0.23202038565906746
情景一阈值控制,4.7788937735348833,19999.319921700408,0.12660813649270705,0.43938876132309473,0.057761938309817941,0.056319463463359115,0.16226535469737269,0.077417591679839554,0,0,0,12.8872,0.32300000000000001,4.425688424298647,0.23968294637721224,0.23968294637721224
情景一阈值控制,4.8107530653584494,19999.297501016936,0.13075505945692756,0.45389591311363991,0.059657609737427772,0.0581904007563833,0.1676228156480192,0.079973662414047575,0,0,0,12.8872,0.32300000000000001,4.4256834627819703,0.24759647806206678,0.24759647806206678
情景一阈值控制,4.8426123571820145,19999.274345993304,0.13503780433339346,0.46887821473935798,0.061615327132557865,0.060122660486940711,0.17315574844347703,0.0826134516207431,0,0,0,12.8872,0.32300000000000001,4.425678338761732,0.2557692000642201,0.2557692000642201
情景一阈值控制,4.8744716490055806,19999.250432579876,0.13946081919682601,0.48435122736415009,0.063637122918757852,0.062118250643360913,0.17886989978917475,0.085339701081098118,0,0,0,12.8872,0.32300000000000001,4.4256730469159384,0.2642096008702729,0.2642096008702729
情景一阈值控制,4.9063309408291467,19999.225735939523,0.1440286977612068,0.50033102167903221,0.065725096059658095,0.064179244977472266,0.1847712045578434,0.08815524235182183,0,0,0,12.8872,0.32300000000000001,4.4256675817483337,0.27292644690966522,0.27292644690966522
情景一阈值控制,4.9381902326527127,19999.200230421851,0.14874618415115132,0.51683419459652302,0.067881414238955204,0.066307785159893953,0.19086579195471953,0.091062999706609096,0,0,0,12.8872,0.32300000000000001,4.4256619375826949,0.28192879166132861,0.28192879166132861
情景一阈值控制,4.9700495244762788,19999.173889536556,0.1536181778297018,0.53387788649241985,0.070108316111860608,0.068506083006040996,0.19715999188489669,0.094065993174034843,0,0,0,12.8872,0.32300000000000001,4.4256561085569279,0.29122598505893155,0.29122598505893155
情景一阈值控制,5,19999.148340608281,0.15834368984412817,0.55040914795104345,0.072268227644399968,0.07063832627832603,0.20326495232152941,0.09697869955665285,0,0,0,12.8872,0.32300000000000001,4.4256504547848721,0.30024365187818225,0.30024365187818225
情景一阈值控制,5.001908816299844,19999.146685925924,0.15864973868152321,0.5514797989914203,0.072408113627548037,0.07077642277239056,0.20366034152151885,0.097167341671271126,0,0,0,12.8872,0.32300000000000001,4.4256500886169929,0.30082768319278996,0.30082768319278996
情景一阈值控制,5.03376810812341,19999.118591336508,0.1638460922504871,0.56965821329304966,0.074783194422135824,0.073121163522558624,0.21037359207350709,0.10037026623300262,0,0,0,12.8872,0.32300000000000001,4.425643871510629,0.31074385830650969,0.31074385830650969
情景一阈值控制,5.0656273999469761,19999.089576589857,0.16921263515496113,0.58843200911948335,0.077236024292857294,0.075542741573720401,0.21730671578295094,0.10367809334991601,0,0,0,12.8872,0.32300000000000001,4.4256374507808793,0.32098480913286698,0.32098480913286698
情景一阈值控制,5.0974866917705421,19999.059611552053,0.17475494071831038,0.60782068441648796,0.079769149770555381,0.078043673040315703,0.22446691320062503,0.10709425843988458,0,0,0,12.8872,0.32300000000000001,4.4256308197593519,0.33156117164050963,0.33156117164050963
情景一阈值控制,5.1293459835941082,19999.028665102564,0.18047876473069088,0.62784437551391681,0.082385200752158688,0.08062655643716353,0.23186162063121801,0.11062230940012317,0,0,0,12.8872,0.32300000000000001,4.4256239715593226,0.3424839300313412,0.3424839300313412
情景一阈值控制,5.1612052754176734,19998.996705101959,0.18639005141920448,0.64852387801539568,0.085086893228351237,0.083294075376788124,0.23949851784784995,0.11426591028782199,0,0,0,12.8872,0.32300000000000001,4.4256168990685945,0.35376442813567194,0.35376442813567194
情景一阈值控制,5.1930645672412394,19998.963698358562,0.19249493961248509,0.66988066836847804,0.087877032100070696,0.086049001354676954,0.24738553605788571,0.11802884512067509,0,0,0,12.8872,0.32300000000000001,4.4256095949421166,0.36541438117856079,0.36541438117856079
情景一阈值控制,5.2249238590648055,19998.929610593997,0.1987997691147402,0.69193692616785307,0.090758514090699335,0.088894196629264371,0.25553086613946374,0.12191502180656827,0,0,0,12.8872,0.32300000000000001,4.4256020515943613,0.37744588794603201,0.37744588794603201
情景一阈值控制,5.2567831508883716,19998.894406407573,0.20531108728809311,0.71471555718758972,0.093734330753419762,0.091832617196132157,0.26394296714725485,0.12592847620171826,0,0,0,12.8872,0.32300000000000001,4.4255942611914394,0.38987144334897311,0.38987144334897311
情景一阈值控制,5.2886424427119376,19998.858049239589,0.21203565584186421,0.73824021713766963,0.096807571573112247,0.094867315855824821,0.27263057508570165,0.13007337629642776,0,0,0,12.8872,0.32300000000000001,4.4255862156429844,0.40270395138212944,0.40270395138212944
情景一阈值控制,5.3205017345355028,19998.820501333495,0.21898045782743311,0.76253533614008917,0.09998142716217355,0.098001445374679239,0.28160271194799069,0.13435402652762329,0,0,0,12.8872,0.32300000000000001,4.4255779065937766,0.41595673847561399,0.41595673847561399
情景一阈值控制,5.3523610263590689,19998.781723696738,0.22615270487667163,0.78762614405744746,0.10325919256761326,0.1012382617558323,0.29086869506984847,0.13877487224159679,0,0,0,12.8872,0.32300000000000001,4.4255693254150774,0.42964356731144526,0.42964356731144526
情景一阈值控制,5.3842203181826349,19998.741676060145,0.23355984471845231,0.81353869679477064,0.10664427070519267,0.10458112763600122,0.30043814684274961,0.14334050432822465,0,0,0,12.8872,0.32300000000000001,4.4255604631956427,0.44377865117097426,0.44377865117097426
情景一阈值控制,5.416079610006201,19998.70031683625,0.24120956887547715,0.84029990323260539,0.11014017587594119,0.10803351576391895,0.31032100466025248,0.1480556639664129,0,0,0,12.8872,0.32300000000000001,4.4255513107325015,0.45837666862666537,0.45837666862666537
情景一阈值控制,5.447938901829767,19998.657603076215,0.24910982063813467,0.86793755312974119,0.1137505374092356,0.11159901260410311,0.32052753122241651,0.15292524754038483,0,0,0,12.8872,0.32300000000000001,4.4255418585214228,0.47345277876280134,0.47345277876280134
情景一阈值控制,5.4797981936533322,19998.613490425276,0.25726880329900542,0.89648034593828807,0.11747910342495711,0.1152813220585801,0.3310683251771504,0.1579543117167202,0,0,0,12.8872,0.32300000000000001,4.4255320967470526,0.4890226368938706,0.4890226368938706
情景一阈值控制,5.5116574854768983,19998.567933076698,0.26569498866638219,0.92595792059539406,0.12132974472311721,0.1190842693148757,0.34195433212223092,0.16314807869347209,0,0,0,12.8872,0.32300000000000001,4.4255220152727306,0.50510241081570295,0.50510241081570295
情景一阈值控制,5.5435167773004643,19998.520883724239,0.27439712585501996,0.95640088628539988,0.12530645880013574,0.12301180481948895,0.35319685596570344,0.16851194162026911,0,0,0,12.8872,0.32300000000000001,4.4255116036299667,0.52170879758597255,0.52170879758597255
情景一阈值控制,5.5753760691240304,19998.47229351311,0.28338425035230264,0.98784085416612932,0.12941337399094244,0.12706800837605331,0.36480757064233404,0.17405147018829226,0,0,0,12.8872,0.32300000000000001,4.4255008510075893,0.5388590408306263,0.5388590408306263
情景一阈值控制,5.6072353609475964,19998.422111989483,0.29266569335804493,1.0203104700531176,0.13365475373608596,0.13125709336740279,0.37679853218382736,0.17977241638903427,0,0,0,12.8872,0.32300000000000001,4.4254897462405713,0.5565709485728616,0.5565709485728616
情景一阈值控制,5.6390946527711616,19998.370287048128,0.3022510914597043,1.0538434482779395,0.13803500100207594,0.1355834111294571,0.3891821912226367,0.18568072047992853,0,0,0,12.8872,0.32300000000000001,4.4254782777984483,0.5748629117025652,0.5748629117025652
情景一阈值控制,5.6709539445947277,19998.3167648782,0.31215039666141065,1.0884746067850886,0.14255866286336519,0.14005145548526782,0.40197140595316855,0.19178251716820299,0,0,0,12.8872,0.32300000000000001,4.4254664337733098,0.59375392312137154,0.59375392312137154
情景一阈值控制,5.7028132364182937,19998.261489907622,0.32237388666604255,1.1242399031149095,0.14723043519993084,0.14466586739375389,0.41517945542020451,0.19808414195085083,0,0,0,12.8872,0.32300000000000001,4.4254542018675052,0.6132635973710554,0.6132635973710554
情景一阈值控制,5.7346725282418598,19998.204404745487,0.33293217552195242,1.1611764716630804,0.15205516756144277,0.14943143976354853,0.42882005327875,0.20459213767952172,0,0,0,12.8872,0.32300000000000001,4.4254415693808884,0.63341219095827173,0.63341219095827173
情景一阈值控制,5.7665318200654259,19998.145450122593,0.34383622462024516,1.1993226621673836,0.15703786819157844,0.15435312242562166,0.44290736200711955,0.21131326134165371,0,0,0,12.8872,0.32300000000000001,4.4254285231976622,0.65422062334877329,0.65422062334877329
情景一阈值控制,5.798391111888991,19998.084564829944,0.35509735406319659,1.2387180794938473,0.16218370922188835,0.15943602727400852,0.45745600759987537,0.21825449107054606,0,0,0,12.8872,0.32300000000000001,4.4254150497727682,0.67571049867042143,0.67571049867042143
情景一阈值控制,5.8302504037125571,19998.021685655272,0.36672725440137777,1.2794036247138174,0.16749803203409877,0.16468543357358603,0.47248109473750444,0.22542303338288605,0,0,0,12.8872,0.32300000000000001,4.4254011351178422,0.69790412812039049,0.69790412812039049
情景一阈值控制,5.8621096955361232,19997.956747317574,0.37873799873704728,1.3214215374634934,0.17298635278973584,0.17010679343383503,0.48799822242970753,0.23282633064223851,0,0,0,12.8872,0.32300000000000001,4.4253867647867215,0.72082455307194604,0.72082455307194604
情景一阈值控制,5.8939689873596892,19997.889682399651,0.39114205519199963,1.3648154395796697,0.17865436812624236,0.17570573744781118,0.50402350012998709,0.24047206874739405,0,0,0,12.8872,0.32300000000000001,4.425371923860526,0.74449556887738111,0.74449556887738111
情景一阈值控制,5.9258282791832553,19997.8204212782,0.40395229983751652,1.4096303803533676,0.18450796106419928,0.18148808054045559,0.52057356444771907,0.24836818510578021,0,0,0,12.8872,0.32300000000000001,4.4253565969321782,0.76894174955349925,0.76894174955349925
情景一阈值控制,5.9576875710068204,19997.748892051444,0.41718203007038213,1.4559128833453479,0.19055320711832213,0.18745982801905942,0.53766559643702505,0.25652287688206654,0,0,0,12.8872,0.32300000000000001,4.4253407680903916,0.79418847331909159,0.79418847331909159
情景一阈值控制,5.9895468628303865,19997.675020464845,0.43084497834539426,1.5037109944502243,0.19679638057130683,0.19362718178548466,0.55531733934674887,0.2649446094667649,0,0,0,12.8872,0.32300000000000001,4.4253244209032392,0.82026194881351377,0.82026194881351377
情景一阈值控制,6,19997.650259714446,0.43542460934980287,1.5197322707340313,0.1988889996023116,0.19569440586147788,0.56123396332017117,0.26776745960474924,0,0,0,12.8872,0.32300000000000001,4.4253189415485998,0.82900142292492041,0.82900142292492041
情景一阈值控制,6.0214061546539526,19997.598729834241,0.44495532638684759,1.5530743316377793,0.20324396096648201,0.19999654676550541,0.57354711698982042,0.27364212524034265,0,0,0,12.8872,0.32300000000000001,4.4253075384011309,0.84718924223016301,0.84718924223016301
情景一阈值控制,6.0532654464775186,19997.519940966413,0.45952771987123181,1.6040541363444238,0.20990263981572113,0.20657453755181571,0.59237385272201559,0.28262445262808128,0,0,0,12.8872,0.32300000000000001,4.4252901030592451,0.87499830535009693,0.87499830535009693
情景一阈值控制,6.0851247383010847,19997.438572076997,0.47457728360307916,1.6567033265916593,0.21677932753263346,0.21336798527067444,0.61181708905849319,0.29190091545922198,0,0,0,12.8872,0.32300000000000001,4.425272096779362,0.90371800451771511,0.90371800451771511
情景一阈值控制,6.1169840301246499,19997.354538705735,0.49011963718069695,1.7110765518202502,0.2238811605895403,0.22038394467078487,0.6318970079239411,0.30148114262840914,0,0,0,12.8872,0.32300000000000001,4.425253500871106,0.93337815055235018,0.93337815055235018
情景一阈值控制,6.1488433219482159,19997.26775362909,0.50617091114852231,1.7672302494288081,0.23121550889674239,0.22762970143300432,0.65263445153215727,0.31137507805743986,0,0,0,12.8872,0.32300000000000001,4.4252342960326105,0.96400952958959718,0.96400952958959718
情景一阈值控制,6.180702613771782,19997.178126770243,0.52274776363555731,1.8252227030150232,0.23878998340382865,0.23511277970071193,0.67405094389441544,0.32159299095701055,0,0,0,12.8872,0.32300000000000001,4.4252144623306018,0.99564393485142599,0.99564393485142599
情景一阈值控制,6.212561905595348,19997.085565105634,0.53986739762965907,1.8851141028436791,0.24661244399145377,0.2428409498985436,0.69616871315017659,0.33214548648080799,0,0,0,12.8872,0.32300000000000001,4.4251939791797144,1.0283141996309846,1.0283141996309846
情景一阈值控制,6.2444211974189141,19996.989972568499,0.55754757880941996,1.9469666082677999,0.25469100761782204,0.25082223680425098,0.71901071461908994,0.34304351672373123,0,0,0,12.8872,0.32300000000000001,4.4251728253211473,1.0620542313428212,1.0620542313428212
情景一阈值控制,6.2762804892424802,19996.891249949666,0.57580665387825369,2.0108444119093205,0.26303405669457069,0.25906492784875595,0.74260065450277912,0.35429839203012953,0,0,0,12.8872,0.32300000000000001,4.4251509788007111,1.0968990465329087,1.0968990465329087
情景一阈值控制,6.3081397810660453,19996.789294794973,0.59466356952742083,2.076813806042848,0.27165024774995156,0.26757758170173968,0.76696301440022818,0.3659217926902123,0,0,0,12.8872,0.32300000000000001,4.4251284169461247,1.1328848070904405,1.1328848070904405
情景一阈值控制,6.3399990728896114,19996.684001299247,0.61413789203135249,2.1449432511944302,0.28054852038084088,0.27636903714437128,0.79212307664116377,0.37792578102672952,0,0,0,12.8872,0.32300000000000001,4.4251051163435529,1.1700488576678933,1.1700488576678933
情景一阈值控制,6.3718583647131775,19996.575260196722,0.63424982749745995,2.2153034470331687,0.28973810650371229,0.28544842223931632,0.8181069504661802,0.39032281388563689,0,0,0,12.8872,0.32300000000000001,4.4250810528133648,1.2084297643518171,1.2084297643518171
情景一阈值控制,6.4037176565367435,19996.46295864799,0.65502024276604476,2.2879674055405581,0.29922853990256282,0.29482516379616952,0.84494159904802357,0.403125755528082,0,0,0,12.8872,0.32300000000000001,4.4250562013851056,1.2480673545761056,1.2480673545761056
情景一阈值控制,6.4355769483603096,19996.346980123395,0.67647068695590529,2.3630105264423502,0.30902966607177595,0.30450899713044849,0.87265486734842301,0.41634789092103491,0,0,0,12.8872,0.32300000000000001,4.4250305362717031,1.2890027582694579,1.2890027582694579
情景一阈值控制,6.4674362401838748,19996.227204282946,0.69862341365972891,2.440510674917491,0.31915165235578502,0.31450997611811937,0.9012755108158389,0.43000293942912254,0,0,0,12.8872,0.32300000000000001,4.4250040308428851,1.3312784502449615,1.3312784502449615
情景一阈值控制,6.4992955320074408,19996.103506851487,0.72150140401180696,2.520548262362952,0.32960499848720481,0.32483848364630186,0.93083322521174661,0.44410506904489533,0,0,0,12.8872,0.32300000000000001,4.4249766575975622,1.3749382942566419,1.3749382942566419
情景一阈值控制,6.5311548238310069,19995.975759490153,0.74512839044654755,2.6032063295796695,0.34040054744049042,0.33550524237834178,0.96135867733103131,0.4586689110456767,0,0,0,12.8872,0.32300000000000001,4.4249483881353751,1.4200275883767079,1.4200275883767079
情景一阈值控制,6.5630141156545729,19995.843829663947,0.76952888116401696,2.6885706324366407,0.35154949660853202,0.34652132584073086,0.99288353663755968,0.47370957508704842,0,0,0,12.8872,0.32300000000000001,4.4249191931273968,1.466593111724608,1.466593111724608
情景一阈值控制,6.594873407478139,19995.707580504906,0.79472818542085755,2.7767297304275678,0.3630634093562502,0.35789816988551476,1.0254405079679649,0.48924266480598616,0,0,0,12.8872,0.32300000000000001,4.4248890422858516,1.5146831727739511,1.5146831727739511
情景一阈值控制,6.6267326993017042,19995.566870670635,0.82075243966779721,2.8677750781945734,0.37495422696087827,0.36964758453793234,1.059063365331163,0.50528429394677343,0,0,0,12.8872,0.32300000000000001,4.4248579043328027,1.5643476592779364,1.5643476592779364
情景一阈值控制,6.6585919911252702,19995.421554198161,0.84762863455447668,2.961801120091875,0.38723428094839313,0.38178176623886334,1.0937869868305228,0.5218511030225389,0,0,0,12.8872,0.32300000000000001,4.4248257469678229,1.6156380898530616,1.6156380898530616
情景一阈值控制,6.6904512829488363,19995.271480353127,0.87538464279563921,3.0589053877689816,0.3999163058233654,0.39431331047961576,1.1296473907011353,0.5389602765088134,0,0,0,12.8872,0.32300000000000001,4.4247925368346097,1.6686076672099488,1.6686076672099488
情景一阈值控制,6.7223105747724023,19995.116493474336,0.9040492478927501,3.1591886007530374,0.41301345218951008,0.40725522482659587,1.166681772454665,0.55662956056551949,0,0,0,12.8872,0.32300000000000001,4.4247582394865956,1.7233113330201846,1.7233113330201846
情景一阈值控制,6.7541698665959684,19994.956432813568,0.93365217372730269,3.2627547700875854,0.42653930026835574,0.42062094234342501,1.2049285431529289,0.57487728129748294,0,0,0,12.8872,0.32300000000000001,4.424722819351496,1.7798058244504118,1.7798058244504118
情景一阈值控制,6.7860291584195336,19994.791132368995,0.96422411534387942,3.3697113061410957,0.44050787396134261,0.43442433555444204,1.2444273692213619,0.5937223637496305,0,0,0,12.8872,0.32300000000000001,4.4246862396944406,1.8381497329709924,1.8381497329709924
情景一阈值控制,6.8178884502430996,19994.620420713924,0.99579677058285554,3.4801691293957657,0.45493365529994928,0.44867973079625134,1.2852192133630904,0.61318435142729399,0,0,0,12.8872,0.32300000000000001,4.4246484625800839,1.8984035647903843,1.8984035647903843
情景一阈值控制,6.8497477420666657,19994.444120820197,1.0284028727061194,3.5942427847187273,0.46983159934933794,0.46340192302235722,1.3273463767590497,0.63328342643009294,0,0,0,12.8872,0.32300000000000001,4.4246094488335208,1.9606298031891427,1.9606298031891427
情景一阈值控制,6.8816070338902318,19994.262049875753,1.062076224105194,3.7120505594289863,0.48521714960634788,0.47860619110159175,1.3708525426698608,0.65404043025460079,0,0,0,12.8872,0.32300000000000001,4.4245691579999127,2.0248929729244614,2.0248929729244614
情景一阈值控制,6.9134663257137978,19994.07401909598,1.0968517311397441,3.8337146053285096,0.50110625391374775,0.49430831363230759,1.4157828215016555,0.67547688529547179,0,0,0,12.8872,0.32300000000000001,4.4245275483027475,2.0912597067971275,2.0912597067971275
情景一阈值控制,6.945325617537363,19993.879833528939,1.1327654401232718,3.9593610647569313,0.51751538089840809,0.51052458528031153,1.4621837973578176,0.69761501705550177,0,0,0,12.8872,0.32300000000000001,4.4244845766007304,2.1597988144133193,2.1597988144133193
情景一阈值控制,6.9771849093609291,19993.67929185434,1.1698545744479092,4.0891202006422578,0.5344615369296839,0.52727183363727759,1.5101035760664372,0.7204777770597619,0,0,0,12.8872,0.32300000000000001,4.4244401983433024,2.2305813531261993,2.2305813531261993
情景一阈值控制,7,19993.531658800075,1.1971584666131048,4.1846451711374097,0.54693676415952497,0.53960079800826721,1.5453807487760367,0.73730868811618844,0,0,0,12.8872,0.32300000000000001,4.4244075283374293,2.282689436892225,2.282689436892225
情景一阈值控制,7.0090442011844951,19993.472186176445,1.2081575728402021,4.2231265305199015,0.55196228359428745,0.5445674365963683,1.5595918346732605,0.7440888664689258,0,0,0,12.8872,0.32300000000000001,4.4243943675248119,2.303680701142186,2.303680701142186
情景一阈值控制,7.0409034930080612,19993.258301810554,1.2477141287923046,4.3615189646761703,0.5700357557079313,0.56242934026552993,1.610699872457793,0.76847276041930113,0,0,0,12.8872,0.32300000000000001,4.424347036637263,2.3791726328770944,2.3791726328770944
情景一阈值控制,7.0727627848316272,19993.037417060797,1.2885652315994491,4.5044409499246729,0.58870068006057674,0.58087607761361981,1.6634806640296278,0.79365473335534642,0,0,0,12.8872,0.32300000000000001,4.4242981566211466,2.4571353973849743,2.4571353973849743
情景一阈值控制,7.1046220766551924,19992.809302992275,1.3307532084407914,4.6520406170469037,0.60797639463808839,0.59992678759553009,1.7179889137779449,0.81966088500779322,0,0,0,12.8872,0.32300000000000001,4.4242476768150114,2.537649798785738,2.537649798785738
情景一阈值控制,7.1364813684787585,19992.573723195659,1.3743217678471877,4.8044709331000757,0.62788286847724462,0.61960123491206431,1.7742811121184774,0.84651816722934714,0,0,0,12.8872,0.32300000000000001,4.4241955449033785,2.6207992793478248,2.6207992793478248
情景一阈值控制,7.1683406603023245,19992.330433544117,1.4193160445875619,4.9618898587039135,0.64844072216853932,0.63991983041942047,1.832415593579197,0.87425441170765217,0,0,0,12.8872,0.32300000000000001,4.4241417068629456,2.7066700052868491,2.7066700052868491
情景一阈值控制,7.2001999521258906,19992.079181942056,1.4657826460593875,5.124460510606677,0.66967124904583442,0.66090365222747982,1.8924525968356081,0.90289835860842116,0,0,0,12.8872,0.32300000000000001,4.4240861069069872,2.7953509554440292,2.7953509554440292
情景一阈值控制,7.2320592439494567,19991.819708065679,1.5137697001929435,5.2923513295653999,0.69159643706724638,0.68257446749195139,1.954454326708569,0.93247968615490029,0,0,0,12.8872,0.32300000000000001,4.4240286874279464,2.8869340128634695,2.8869340128634695
情景一阈值控制,7.2639185357730218,19991.551743095359,1.5633269048582341,5.4657362535026923,0.7142389913821654,0.70495475489604298,2.018485018110741,0.96302904113702958,0,0,0,12.8872,0.32300000000000001,4.4239693889382012,2.9815140592477705,2.9815140592477705
情景一阈值控制,7.2957778275965879,19991.275009439934,1.6145055787634623,5.6447948959024776,0.73762235757930572,0.72806772781733686,2.0846110019277608,0.99457807034367263,0,0,0,12.8872,0.32300000000000001,4.4239081500090673,3.0791890722714337,3.0791890722714337
情景一阈值控制,7.3276371194201539,19990.989220452342,1.667358713949564,5.8297127298115692,0.76177074566350478,0.75193735822780106,2.1529007729696388,1.0271594529825596,0,0,0,12.8872,0.32300000000000001,4.4238449072078563,3.1800602259521984,3.1800602259521984
情景一阈值控制,7.35949641124372,19990.694080133671,1.7219410304179301,6.0206812793282545,0.78670915500663685,0.77658840157059927,2.2234250606870973,1.0608069344193976,0,0,0,12.8872,0.32300000000000001,4.4237795950323919,3.2842319951064951,3.2842319951064951
情景一阈值控制,7.3913557030672861,19990.389282830169,1.7783090320536625,6.2178983156481635,0.81246339988990957,0.80204642223593992,2.2962569015708989,1.0955553607199415,0,0,0,12.8872,0.32300000000000001,4.4237121458439619,3.3918122622908404,3.3918122622908404
情景一阈值控制,7.4232149948908512,19990.074512919851,1.8365210644648853,6.4215680598405314,0.83906013592100148,0.82833781991740996,2.371471714036701,1.1314407143779239,0,0,0,12.8872,0.32300000000000001,4.4236424897979632,3.5029124284146249,3.5029124284146249
情景一阈值控制,7.4550742867144173,19989.749444489033,1.8966373746816003,6.6319013921587908,0.86652688730018979,0.85548985682419054,2.4491473757230184,1.1685001511942912,0,0,0,12.8872,0.32300000000000001,4.4235705547723212,3.6176475269173096,3.6176475269173096
情景一阈值控制,7.4869335785379834,19989.413740997988,1.9587201728471617,6.8491160683529317,0.89489207499622403,0.88353068581032035,2.5293643033749285,1.2067720383901066,0,0,0,12.8872,0.32300000000000001,4.4234962662935073,3.7361363417650351,3.7361363417650351
情景一阈值控制,7.5187928703615494,19989.067054935858,2.0228336959012241,7.0734369429818065,0.92418504583138061,0.91248937942171326,2.6122055353128428,1.2462959939528038,0,0,0,12.8872,0.32300000000000001,4.4234195474601643,3.8585015292656468,3.8585015292656468
情景一阈值控制,7.5506521621851155,19988.70902746476,2.0890442732387209,7.3050961996734749,0.95443610246859045,0.94239595985517022,2.6977568164671699,1.2871129272066408,0,0,0,12.8872,0.32300000000000001,4.4233403188643612,3.9848697436738107,3.9848697436738107
情景一阈值控制,7.5825114540086815,19988.339288053267,2.1574203943294532,7.544333588281793,0.98567653429355273,0.97328142982364185,2.7861066859597501,1.3292650805982262,0,0,0,12.8872,0.32300000000000001,4.4232584985104753,4.1153717665579759,4.1153717665579759
情景一阈值控制,7.6143707458322467,19987.957454098014,2.2280327785240615,7.7913966697315828,1.0179386492949312,1.0051778044310817,2.8773465675246701,1.372796072836733,0,0,0,12.8872,0.32300000000000001,4.4231740017314669,4.2501426403614033,4.2501426403614033
情景一阈值控制,7.6462300376558128,19987.563130530281,2.3009544476213843,8.0465410705675779,1.0512558072052687,1.0381181443185248,2.9715708635126554,1.4177509437438511,0,0,0,12.8872,0.32300000000000001,4.4230867411018062,4.3893218072565068,4.3893218072565068
情景一阈值控制,7.6780893294793788,19987.155909413548,2.3762608000977155,8.3100307433618319,1.0856624534002537,1.0721365895856563,3.0688770510589842,1.4641762001359697,0,0,0,12.8872,0.32300000000000001,4.4229966263484295,4.5330532511949535,4.5330532511949535
情景一阈值控制,7.7099486213029449,19986.735369526908,2.4540296879333292,8.5821382362562773,1.1211941539836023,1.1072683949126492,3.1693657816249963,1.512119863315913,0,0,0,12.8872,0.32300000000000001,4.422903564258541,4.681485644940909,4.681485644940909
情景一阈值控制,7.741807913126511,19986.301075935211,2.5343414958813373,8.8631449711010166,1.1578876319867095,1.1435499658137984,3.2731409837139793,1.5616315180791944,0,0,0,12.8872,0.32300000000000001,4.4228074585844954,4.8347725017931733,4.8347725017931733
情景一阈值控制,7.7736672049500761,19985.852579544928,2.6172792233615279,9.1533415308308754,1.1957808047664431,1.181018896107431,3.3803099689987377,1.6127623633479935,0,0,0,12.8872,0.32300000000000001,4.4227082099455126,4.9930723323467312,4.9930723323467312
情景一阈值控制,7.8055264967736422,19985.389416645809,2.7029285689637894,9.4530279560301693,1.2349128225939692,1.2197140065972907,3.4909835418423385,1.6655652644240395,0,0,0,12.8872,0.32300000000000001,4.4226057157262479,5.156548806266378,5.156548806266378
情景一阈值控制,7.8373857885972082,19984.91110843846,2.7913780175393992,9.7625140506134525,1.2753241084245979,1.2596753849577285,3.6052761121853782,1.720094806847676,0,0,0,12.8872,0.32300000000000001,4.4224998699722518,5.3253709190330545,5.3253709190330545
情景一阈值控制,7.8692450804207743,19984.417160547931,2.8827189298585334,10.082119696550293,1.3170563988386819,1.3009444268150707,3.7233058117731876,1.7764073518504273,0,0,0,12.8872,0.32300000000000001,4.422390563282331,5.499713163623615,5.499713163623615
情景一阈值控制,7.9011043722443404,19983.907062520862,2.9770456352924701,10.412175179242809,1.3601527863629344,1.3435638782348516,3.8451946143170739,1.8345610936845118,0,0,0,12.8872,0.32300000000000001,4.4222776826972661,5.6797557080015855,5.6797557080015855
情景一阈值控制,7.9329636640679055,19983.380287303888,3.0744555279339325,10.75302152500821,1.4046577633609347,1.3875778798049221,3.971068460125927,1.8946161190851907,0,0,0,12.8872,0.32300000000000001,4.4221611115843933,5.8656845792111181,5.8656845792111181
情景一阈值控制,7.9648229558914716,19982.836290709722,3.175049164979304,11.105010846553668,1.4506172669553605,1.4330320117846784,4.1010573836893647,1.9566344681413061,0,0,0,12.8872,0.32300000000000001,4.4220407295194493,6.057691851830671,6.057691851830671
情景一阈值控制,7.9966822477150377,19982.274510864634,3.2789303685251237,11.468506700482862,1.4980787255082841,1.4799733408451579,4.2352956457041584,2.0206801972857349,0,0,0,12.8872,0.32300000000000001,4.4219164121643022,6.2559758429898933,6.2559758429898933
情景一阈值控制,8,19982.214962818638,3.2899416118739104,11.507036861396793,1.5031095604988196,1.4849491475888097,4.249524753905332,2.0274689741675354,0,0,0,12.8872,0.32300000000000001,4.4219032346613227,6.2769937280728669,6.2769937280728669
情景一阈值控制,8.0285415395386028,19981.694367638345,3.3862063305884207,11.843884456172507,1.5470911065724329,1.528450468316541,4.3739218692995649,2.0868194442891568,0,0,0,12.8872,0.32300000000000001,4.4217880311407933,6.4607413135887217,6.4607413135887217
情景一阈值控制,8.0604008313621698,19981.095262055231,3.4969877215595111,12.231531676755168,1.5977049664085901,1.5785135800409369,4.5170791807334885,2.1551204953868774,0,0,0,12.8872,0.32300000000000001,4.421655453900442,6.6721996761203659,6.6721996761203659
情景一阈值控制,8.092260123185735,19980.476575686953,3.6113888020565863,12.631848512107677,1.6499725010549797,1.6302144978203612,4.664915354522285,2.2256538545209708,0,0,0,12.8872,0.32300000000000001,4.4215185435900377,6.8905692090432558,6.8905692090432558
情景一阈值控制,8.1241194150093019,19979.837670026714,3.7295275381512449,13.045248103743978,1.7039475989344015,1.6836067324497612,4.8175829629668412,2.2984923146798955,0,0,0,12.8872,0.32300000000000001,4.4213771589131685,7.1160752776467362,7.1160752776467362
情景一阈值控制,8.1559787068328671,19979.177885845216,3.8515257199384516,13.472157001526131,1.7596858949868479,1.7387455383268744,4.9752395300430932,2.3737110313204113,0,0,0,12.8872,0.32300000000000001,4.4212311539876996,7.3489505613635044,7.3489505613635044
情景一阈值控制,8.1878379986564322,19978.496542523764,3.9775090843025356,13.91301559518211,1.8172448267164996,1.7956879700286223,5.1380476907606347,2.4513875983983522,0,0,0,12.8872,0.32300000000000001,4.4210803781981962,7.5894352891589865,7.5894352891589865
情景一阈值控制,8.2196972904799992,19977.792937364964,4.1076074417864774,14.368278560314872,1.8766836921105301,1.8544929408172921,5.3061753558729512,2.5316021269526776,0,0,0,12.8872,0.32300000000000001,4.4209246760433842,7.8377774828256292,7.8377774828256292
情景一阈值控制,8.2515565823035644,19977.066344885734,4.2419548066917345,14.838415315854958,1.9380637090308519,1.9152212826855912,5.4797958808137057,2.6144373257057993,0,0,0,12.8872,0.32300000000000001,4.4207638869797012,8.0942332065195046,8.0942332065195046
情景一阈值控制,8.2834158741271313,19976.316016086534,4.3806895315286081,15.323910496888058,2.0014480765902332,1.9779358084536962,5.6590882403109761,2.6999785843728872,0,0,0,12.8872,0.32300000000000001,4.4205978452595813,8.3590668246838629,8.3590668246838629
情景一阈值控制,8.3152751659506965,19975.541177697341,4.5239544457308698,15.825264442563768,2.0669020384731827,2.0427013758839454,5.8442372085709433,2.7883140596283811,0,0,0,12.8872,0.32300000000000001,4.4204263797645957,8.6325512681993253,8.6325512681993253
情景一阈值控制,8.3471344577742617,19974.741031399244,4.671896998819415,16.34299369974352,2.1344929482857733,2.1095849539031648,6.0354335452740235,2.8795347638456561,0,0,0,12.8872,0.32300000000000001,4.4202493138331986,8.9149683091196792,8.9149683091196792
情景一阈值控制,8.3789937495978286,19973.914753021952,4.8246694079697532,16.87763154224135,2.2042903369135192,2.1786556909188413,6.2328741873293998,2.9737346565840417,0,0,0,12.8872,0.32300000000000001,4.4200664650831429,9.2066088439134415,9.2066088439134415
情景一阈值控制,8.4108530414213938,19973.061491717464,4.9824288099384439,17.429728505511953,2.2763659818665181,2.2499849852154878,6.4367624463342139,3.0710107387975647,0,0,0,12.8872,0.32300000000000001,4.4198776452286204,9.5077731851317786,9.5077731851317786
情景一阈值控制,8.4427123332449607,19972.180369109854,5.1453374173381308,17.999852936761773,2.3507939786069025,2.3236465574332033,6.6473082117284372,3.1714631497611303,0,0,0,12.8872,0.32300000000000001,4.4196826598921124,9.8187713614895671,9.8187713614895671
情景一阈值控制,8.4745716250685259,19971.27047841379,5.3135626806384044,18.588591565318609,2.4276508144874294,2.3997165257601534,6.8647281614311826,3.2751952675661338,0,0,0,12.8872,0.32300000000000001,4.4194813084093258,10.139923428997317,10.139923428997317
情景一阈值控制,8.5064309168920911,19970.330883526527,5.4872774549961578,19.196550090137336,2.5070154448914224,2.4782734834417917,7.0892459788053532,3.3823138126353474,0,0,0,12.8872,0.32300000000000001,4.4192733836282647,10.471559791440701,10.471559791440701
情景一阈值控制,8.538290208715658,19969.360618095048,5.6666601716176093,19.824353783412544,2.5889693714377229,2.5593985784796076,7.3210925755705203,3.492928954075746,0,0,0,12.8872,0.32300000000000001,4.4190586717027882,10.814021529646267,10.814021529646267
情景一阈值控制,8.5701495005392232,19968.358684552913,5.851895014637531,20.472648113767246,2.6735967227004407,2.6431755959764374,7.5605063219452209,3.6071544194805147,0,0,0,12.8872,0.32300000000000001,4.4188369518794799,11.167660741425735,11.167660741425735
情景一阈值控制,8.6020087923627901,19967.324053126584,6.0431721035679598,21.142099389215623,2.7609843374670739,2.7296910431605257,7.8077332840917597,3.7251076082151267,0,0,0,12.8872,0.32300000000000001,4.4186079962777463,11.532840892306886,11.532840892306886
情景一阈值控制,8.6338680841863553,19966.25566081034,6.2406876814608863,21.83339542042587,2.8512218506005822,2.819034237165166,8.0630274690577988,3.8469097082801644,0,0,0,12.8872,0.32300000000000001,4.4183715696629857,11.909937177337962,11.909937177337962
情景一阈值控制,8.6657273760099205,19965.152410310184,6.4446443087186616,22.547246204071687,2.9444017814746863,2.9112973955456023,8.3266510771366384,3.9726858167136423,0,0,0,12.8872,0.32300000000000001,4.4181274292128734,12.299336893850281,12.299336893850281
情景一阈值控制,8.6975866678334874,19964.013168956986,6.6552510624852772,23.284384626059037,3.040619624951423,3.0065757295145925,8.5988747615673944,4.1025650634952289,0,0,0,12.8872,0.32300000000000001,4.4178753242768511,12.701439825062623,12.701439825062623
情景一阈值控制,8.7294459596570526,19962.836767588666,6.8727237416654514,24.045567184813279,3.1399739449219322,3.1049675399296981,8.8799778956434334,4.2366807389849779,0,0,0,12.8872,0.32300000000000001,4.4176149961287692,13.116658634628411,13.116658634628411
情景一阈值控制,8.7613052514806196,19961.621999390405,7.0972850795873983,24.831574741711776,3.2425664713307913,3.2065743169609875,9.1702488498455725,4.3751704261449351,0,0,0,12.8872,0.32300000000000001,4.4173461777102281,13.545419275990508,13.545419275990508
情景一阈值控制,8.7931645433041847,19960.367618703778,7.3291649622922979,25.64321329162447,3.3485021997619699,3.3115008425391306,9.4699852764011005,4.5181761363036284,0,0,0,12.8872,0.32300000000000001,4.417068593367051,13.988161412704729,13.988161412704729
情景一阈值控制,8.8250238351277499,19959.072339801631,7.5686006530312371,26.481314755622105,3.4578894938511682,3.4198552958619342,9.779494402029286,4.6658444488263831,0,0,0,12.8872,0.32300000000000001,4.4167819585781718,14.44533885085567,14.44533885085567
情景一阈值控制,8.8568831269513169,19957.734835624669,7.815837023703482,27.346737798453447,3.5708401908590428,3.5317493623099177,10.099093329834011,4.8183266551497601,0,0,0,12.8872,0.32300000000000001,4.41648597967606,14.91741998498377,14.91741998498377
情景一阈值控制,8.888742418774882,19956.35373647857,8.0711267934543152,28.240368671583088,3.6874697105044523,3.6472983458853965,10.429109350635869,4.9757789073196275,0,0,0,12.8872,0.32300000000000001,4.4161803535583894,15.404888257955497,15.404888257955497
情景一阈值控制,8.920601710598449,19954.927628691003,8.3347307745213737,29.163122082136823,3.807897167097575,3.766621285235578,10.769880263871883,5.1383623710939723,0,0,0,12.8872,0.32300000000000001,4.4158647673908629,15.908242634965855,15.908242634965855
情景一阈值控制,8.9524610024220141,19953.455053229169,8.6069181252286899,30.115942087437727,3.9322454849260731,3.889841073234392,11.121754707945827,5.3062433835546576,0,0,0,12.8872,0.32300000000000001,4.4155388983012704,16.427998091500484,16.427998091500484
情景一阈值控制,8.9843202942455793,19951.934504278201,8.8879666100284709,31.099803014818793,4.0606415168478645,4.0170845800981789,11.485092499913115,5.4795936151727282,0,0,0,12.8872,0.32300000000000001,4.415202413064911,16.964686115085843,16.964686115085843
情景一阈值控制,9,19951.168071401997,9.0296267543687101,31.595718230097184,4.1253582811853571,4.0812253323485388,11.668232956361432,5.566970819652501,0,0,0,12.8872,0.32300000000000001,4.4150328076422518,17.235203776013932,17.235203776013932
情景一阈值控制,9.0161795860691463,19950.364427779623,9.1781628667543202,32.115710407322354,4.1932161661644818,4.1484827801303101,11.860264984725621,5.658590236434824,0,0,0,12.8872,0.32300000000000001,4.414854967781161,17.518855221160443,17.518855221160443
情景一阈值控制,9.0480388778927114,19948.743219914955,9.4778026838058445,33.164702004861148,4.3301045130163853,4.2841708833565679,12.247655397572416,5.8434160907177111,0,0,0,12.8872,0.32300000000000001,4.4144962075379057,18.091071488290126,18.091071488290126
情景一阈值控制,9.0798981697162784,19947.069225552961,9.7871912838496478,34.24784874892061,4.4714459437394813,4.4242884705244316,12.647659234914252,6.0342598713106419,0,0,0,12.8872,0.32300000000000001,4.4141257660679347,18.681919106224896,18.681919106224896
情景一阈值控制,9.1117574615398436,19945.340736651069,10.106643615765886,35.366255816908684,4.6173842839716093,4.5689796322793326,13.060684636466764,6.2313163036613979,0,0,0,12.8872,0.32300000000000001,4.4137432653951825,19.292000940128162,19.292000940128162
情景一阈值控制,9.1436167533634087,19943.555990608878,10.43648465521269,36.521063687509667,4.7680679356778954,4.7183931127166412,13.487152778633464,6.4347863330850972,0,0,0,12.8872,0.32300000000000001,4.413348315470377,19.921939111718562,19.921939111718562
情景一阈值控制,9.1754760451869757,19941.713168571485,10.777049714210847,37.713449238501738,4.9236500182777307,4.8726824575203675,13.927498279927427,6.6448773181928518,0,0,0,12.8872,0.32300000000000001,4.4129405137955766,20.572375598120278,20.572375598120278
情景一阈值控制,9.2073353370105409,19939.810393682477,11.128684759761956,38.94462687714649,5.0842885138780485,5.0320061667299312,14.38216961842182,6.8618032300594525,0,0,0,12.8872,0.32300000000000001,4.4125194450375744,21.24397284848127,21.24397284848127
情景一阈值控制,9.2391946288341078,19937.845729287332,11.491746741345967,40.215849702673879,5.2501464165411802,5.196527852100731,14.851629561053164,7.0857848570460469,0,0,0,12.8872,0.32300000000000001,4.4120846806303211,21.937414418099209,21.937414418099209
情景一阈值控制,9.271053920657673,19935.817177087927,11.866603927143341,41.528410700383311,5.4213918855152246,5.366416399023878,15.336355604600383,7.3170500151933906,0,0,0,12.8872,0.32300000000000001,4.411635778366537,22.653405619793773,22.653405619793773
情景一阈值控制,9.3029132124812381,19933.722675246314,12.25363624931537,42.883643968593859,5.5981984025778795,5.5418461331932996,15.836840428794963,7.5558337644029159,0,0,0,12.8872,0.32300000000000001,4.4111722819780903,23.392674193197877,23.392674193197877
情景一阈值控制,9.3347725043048051,19931.560096418871,12.65323566179368,44.2829259906228,5.7807449350680686,5.72299699363841,16.353592366059978,7.8023786325515117,0,0,0,12.8872,0.32300000000000001,4.4106937207009711,24.15597099861149,24.15597099861149
情景一阈值控制,9.3666317961283703,19929.3272457479,13.065806505573041,45.72767693431885,5.9692161023176036,5.9100547098842773,16.887135881424989,8.0569348444612618,0,0,0,12.8872,0.32300000000000001,4.4101996088308475,24.944070725886249,24.944070725886249
情景一阈值控制,9.3984910879519372,19927.02185879412,13.491765884526947,47.21936198982246,6.1638023468599812,6.1032109846644893,17.438012066558173,8.319760557604571,0,0,0,12.8872,0.32300000000000001,4.4096894452655455,25.757772624162744,25.757772624162744
情景一阈值控制,9.4303503797755024,19924.64159941021,13.931544051699232,48.75949274547726,6.3647001103929872,6.3026636822152637,18.006779147887528,8.5911221045312818,0,0,0,12.8872,0.32300000000000001,4.409162713034477,26.597901252418808,26.597901252418808
情景一阈值控制,9.4622096715990676,19922.184057552098,14.385584806652849,50.349628604018456,6.5721120147586882,6.5086170224657831,18.594013009596306,8.8712942423923398,0,0,0,12.8872,0.32300000000000001,4.408618878814301,27.465307251988648,27.465307251988648
情景一阈值控制,9.4940689634226345,19919.646747028321,14.854345903788463,51.991378238841008,6.7862470478985655,6.7212817811467342,19.200307731419819,9.1605604095252691,0,0,0,12.8872,0.32300000000000001,4.4080573924308695,28.360868140945087,28.360868140945087
情景一阈值控制,9.5259282552461997,19917.02710318855,15.338299471392222,53.686401089613362,7.0073207546714897,6.9408754957695429,19.826276140972478,9.4592129889721033,0,0,0,12.8872,0.32300000000000001,4.4074776863477201,29.28548912994458,29.28548912994458
情景一阈值控制,9.5577875470697666,19914.32248055247,15.837932441172017,55.436408896502861,7.235555432422311,7.1676226774288061,20.472550380334027,9.7675535788004328,0,0,0,12.8872,0.32300000000000001,4.4068791751413654,30.240103959134458,30.240103959134458
情景一阈值控制,9.5896468388933318,19911.530150376238,16.353746988754221,57.243167274779879,7.4711803315141134,7.4017550287068987,21.139782487547595,10.08589326953896,0,0,0,12.8872,0.32300000000000001,4.4062612549627724,31.225675757086556,31.225675757086556
情景一阈值控制,9.6215061307168988,19908.647298133259,16.886260989395669,59.1084973448705,7.714431862763929,7.643511669706573,21.828644998594765,10.414552931382733,0,0,0,12.8872,0.32300000000000001,4.4056233029798717,32.243197929977498,32.243197929977498
情景一阈值控制,9.6533654225404639,19905.671020945392,17.436008482205342,61.034277394461142,7.9655538087172744,7.8931393692190808,22.539831561207293,10.753863507045729,0,0,0,12.8872,0.32300000000000001,4.4049646768091115,33.293695068253022,33.293695068253022
情景一阈值控制,9.6852247143640291,19902.598324941595,18.003540147088277,63.022444587588694,8.2247975406817471,8.1508927830412681,23.274057566030617,11.10416631289201,0,0,0,12.8872,0.32300000000000001,4.4042847139309416,34.378223878922626,34.378223878922626
情景一阈值控制,9.717084006187596,19899.426122545894,18.589423794002609,65.074996719431027,8.4924222413294324,8.4170346993398777,24.032060794664257,11.465813348118992,0,0,0,12.8872,0.32300000000000001,4.4035827310896671,35.497874142783246,35.497874142783246
情景一阈值控制,9.7489432980111612,19896.151229690691,19.194244865231614,67.193994019415541,8.7686951331854814,8.6918362914717662,24.814602085546131,11.839167612454068,0,0,0,12.8872,0.32300000000000001,4.4028580236767736,36.653769698000197,36.653769698000197
情景一阈值控制,9.7808025898347282,19892.770362956286,19.818606950456267,69.381561002081853,9.0538917129007839,8.9755773782690209,25.62246601747222,12.224603432265186,0,0,0,12.8872,0.32300000000000001,4.4021098650979251,37.847069449737404,37.847069449737404
情景一阈值控制,9.8126618816582933,19889.28013663835,20.463132314246085,71.639888364547588,9.3482959911301275,9.2685466917218839,26.456461610326784,12.622506794882648,0,0,0,12.8872,0.32300000000000001,4.4013375061240225,39.07896840520943,39.07896840520943
情景一阈值控制,9.8445211734818585,19885.677059745143,21.128462435588027,73.971234929433137,9.6522007378381591,9.5710421519933231,27.317423042600378,13.033275690930463,0,0,0,12.8872,0.32300000000000001,4.4005401742267098,40.350698733530841,40.350698733530841
情景一阈值控制,9.8763804653054255,19881.957532922042,21.815258559850676,76.377929634833166,9.9659077332102459,9.8833711500570853,28.206210386282258,13.457320464947077,0,0,0,12.8872,0.32300000000000001,4.3997170728977997,41.663530851229339,41.663530851229339
情景一阈值控制,9.9082397571289906,19878.117845274595,22.524202268410807,78.8623735899385,10.289728026549254,10.205850840499055,29.123710365997194,13.895064177573257,0,0,0,12.8872,0.32300000000000001,4.3988673809462355,43.018774543570451,43.018774543570451
情景一阈值控制,9.9400990489525576,19874.154171134789,23.25599605764614,81.42704216739584,10.623982199366205,10.538808440798915,30.070837131709595,14.346942974213002,0,0,0,12.8872,0.32300000000000001,4.397990251782498,44.417780105922596,44.417780105922596
情景一阈值控制,9.9719583407761228,19870.062566744193,24.011363932073451,84.074487149453574,10.969000634840844,10.882581539436247,31.048533051290693,14.813406463171193,0,0,0,12.8872,0.32300000000000001,4.3970848126846098,45.861939514461888,45.861939514461888
情景一阈值控制,10,19866.352170076647,24.696315899080737,86.475274249376639,11.281853196591277,11.194386578299749,31.935138728570262,15.236410353512847,0,0,0,12.8872,0.32300000000000001,4.3962637317855897,47.171549082083111,47.171549082083111
情景一阈值控制,10.003817632599688,19865.838966856045,24.791052011179154,86.807338926566715,11.325123793439495,11.237518412762943,32.057769522458713,15.294918103034222,0,0,0,12.8872,0.32300000000000001,4.3961501640462055,47.352687625492933,47.352687625492933
情景一阈值控制,10.035676924423255,19861.479181252336,25.59582915059087,89.628308751000247,11.692702494980788,11.603978351088037,33.099547805029992,15.791955599741046,0,0,0,12.8872,0.32300000000000001,4.3951853786057846,48.891503404771036,48.891503404771036
情景一阈值控制,10.06753621624682,19856.978891177336,26.426487577223266,92.54019104446833,12.072098206974884,11.982331993990707,34.174899873125234,16.305011313174965,0,0,0,12.8872,0.32300000000000001,4.3941895006574905,50.4799111863002,50.4799111863002
情景一阈值控制,10.099395508070387,19852.333645690487,27.283843537789597,95.545865757998271,12.463683338951322,12.372961674767293,35.284889286662434,16.834592672957115,0,0,0,12.8872,0.32300000000000001,4.3931615452440234,52.119481959619549,52.119481959619549
情景一阈值控制,10.131254799893952,19847.538857941316,28.168737960068679,98.648300782203222,12.86784154248987,12.776261773917318,36.430612081465526,17.381222603121667,0,0,0,12.8872,0.32300000000000001,4.3921004973323159,53.811834684587197,53.811834684587197
情景一阈值控制,10.163114091717517,19842.589801366477,29.082037126833793,101.85055440796583,13.284968016904564,13.192639081813194,37.613197677989767,17.945439955673113,0,0,0,12.8872,0.32300000000000001,4.3910053109719698,55.558637633662883,55.558637633662883
情景一阈值控制,10.194973383541084,19837.481605775374,30.024633368492125,105.15577785921523,13.715469823332338,13.622513173581126,38.83380981667095,18.527799956845968,0,0,0,12.8872,0.32300000000000001,4.3898749084290278,57.361609773516918,57.361609773516918
情景一阈值控制,10.226832675364649,19832.209253370504,30.997445765827386,108.56721786792922,14.159766203289799,14.066316792444164,40.093647508868408,19.128874660804279,0,0,0,12.8872,0.32300000000000001,4.3887081793053166,59.222522169672686,59.222522169672686
情景一阈值控制,10.258691967188216,19826.767574684894,32.001420865977046,112.08821930279302,14.618288903118291,14.524496243211596,41.393946007623178,19.749253412795099,0,0,0,12.8872,0.32300000000000001,4.3875039796394315,61.143199420418277,61.143199420418277
情景一阈值控制,10.290551259011782,19821.151244432414,33.037533412277021,115.72222785422454,15.091482504595083,14.9975117964822,42.735977799232252,20.389543322233401,0,0,0,12.8872,0.32300000000000001,4.3862611309884398,63.125521121465653,63.125521121465653
情景一阈值控制,10.322410550835347,19815.354777270029,34.106787088029812,119.47279277638306,15.579804761727461,15.48583810382515,44.121053615866693,21.05036974582708,0,0,0,12.8872,0.32300000000000001,4.3849784194901069,65.171423361693769,65.171423361693769
情景一阈值控制,10.354269842658914,19809.372523473779,35.210215273706034,123.34356968498902,16.083726943494373,15.989964624024463,45.550523468800627,21.732376780535589,0,0,0,12.8872,0.32300000000000001,4.3836545949060248,67.282900249336222,67.282900249336222
情景一阈值控制,10.386129134482479,19803.198664532982,36.348881816603189,127.33832340807949,16.603734182078103,16.510396060252148,47.02577770118932,22.436227765855456,0,0,0,12.8872,0.32300000000000001,4.3822883696466395,69.462005467044776,69.462005467044776
情景一阈值控制,10.417988426306046,19796.827208667022,37.523881811985603,131.46093088682443,17.140325826128528,17.047652808035394,48.548248059334611,23.162605794926257,0,0,0,12.8872,0.32300000000000001,4.3808784177791606,71.710853854260876,71.710853854260876
情景一阈值控制,10.449847718129611,19790.251986268882,38.736342394796822,135.71538412376665,17.694015798633306,17.602271413914565,50.119408781463726,23.912214233992295,0,0,0,12.8872,0.32300000000000001,4.379423374019245,74.03162301545602,74.03162301545602
情景一阈值控制,10.481707009953176,19783.466645247783,39.987423546828069,140.10579319634053,18.265332961607427,18.174805047434745,51.740777710615532,24.685777253366052,0,0,0,12.8872,0.32300000000000001,4.3779218327003608,76.426554963981587,76.426554963981587
情景一阈值控制,10.513566301776743,19776.464646291901,41.278318915271385,144.63638932208517,18.854821485728689,18.765823985005735,53.41391742661731,25.484040367499841,0,0,0,12.8872,0.32300000000000001,4.3763723467254723,78.897957794117147,78.897957794117147
情景一阈值控制,10.545425593600308,19769.239258074671,42.610256638189092,149.31152796038765,19.463041222869339,19.375916103876204,55.140436391552136,26.307770981493853,0,0,0,12.8872,0.32300000000000001,4.3747734265062217,81.448207373045989,81.448207373045989
情景一阈值控制,10.577284885423875,19761.783552376699,43.984500181757447,154.13569196880533,20.090568083718381,20.005687389015616,56.921990115382108,27.157758947220699,0,0,0,12.8872,0.32300000000000001,4.3731235388834584,84.079749062602815,84.079749062602815
情景一阈值控制,10.60914417724744,19754.090399133973,45.402349187151174,159.11349480709072,20.73799441950786,20.655762452272487,58.760282339188045,28.034817127854847,0,0,0,12.8872,0.32300000000000001,4.3714211060314421,86.795099467042888,86.795099467042888
情景一阈值控制,10.641003469071006,19746.152461412988,46.865140326697741,164.24968378850946,21.405929407654856,21.326785064145305,60.657066235874481,28.939781970734789,0,0,0,12.8872,0.32300000000000001,4.3696645043458799,89.596848206609266,89.596848206609266
情景一阈值控制,10.672862760894573,19737.962190319813,48.374248167738578,169.54914337388573,22.09499944058609,22.019418697971307,62.61414562665378,29.873514087753566,0,0,0,12.8872,0.32300000000000001,4.3678520633173434,92.487659714407343,92.487659714407343
情景一阈值控制,10.704722052718138,19729.511819850184,49.931086042637254,175.01689850381848,22.805848517013427,22.734347086339284,64.633376211626612,30.836898842474728,0,0,0,12.8872,0.32300000000000001,4.3659820643916349,95.470275054101336,95.470275054101336
情景一阈值控制,10.736581344541705,19720.793361687643,51.537106923374587,180.65811796451263,23.539138634928523,23.472274789532946,66.716666812776396,31.830846943171007,0,0,0,12.8872,0.32300000000000001,4.3640527398186615,98.547513755947406,98.547513755947406
情景一阈值控制,10.76844063636527,19711.798599948521,53.19380430067087,186.47811778799809,24.295550186267846,24.233927776535193,68.865980629663227,32.856295041922039,0,0,0,12.8872,0.32300000000000001,4.3620622714895383,101.72227567158527,101.72227567158527
情景一阈值控制,10.800299928188835,19702.519085843309,54.902713072838075,192.48236470645458,25.075782355589244,25.020054021804988,71.083336515098665,33.914206343244999,0,0,0,12.8872,0.32300000000000001,4.3600087897551916,104.99754285834366,104.99754285834366
情景一阈值控制,10.832159220012402,19692.946132332807,56.665410429745414,198.67647960991096,25.880553516081523,25.831424111448715,73.370810252067017,35.005571213319996,0,0,0,12.8872,0.32300000000000001,4.3578903722438138,108.37638146538701,108.37638146538701
情景一阈值控制,10.864018511835967,19683.07080873433,58.483516739680738,205.06624103627775,26.710601626420718,26.668831863286513,75.730535842587059,36.131407794912271,0,0,0,12.8872,0.32300000000000001,4.3557050426672532,111.86194363749934,111.86194363749934
情景一阈值控制,10.895877803659534,19672.883935296722,60.358696435310847,211.65758868152474,27.566684626715098,27.533094959719786,78.164706804013264,37.292762625843821,0,0,0,12.8872,0.32300000000000001,4.3534507696205145,115.45746942985708,115.45746942985708
情景一阈值控制,10.927737095483099,19662.376077748384,62.292658897639598,218.45662692736815,28.449580833010291,28.425055593592308,80.675577471803379,38.490711260550178,0,0,0,12.8872,0.32300000000000001,4.3511254653752731,119.16628873235356,119.16628873235356
情景一阈值控制,10.959596387306664,19651.537541828082,64.287159335708807,225.46962838005092,29.360089329293508,29.34558112686063,83.265464306382597,39.726358893591673,0,0,0,12.8872,0.32300000000000001,4.3487269846695975,122.99182319997428,122.99182319997428
情景一阈值控制,10.991455679130231,19640.358367809695,66.343999659581897,232.70303741308038,30.299030355842444,30.295564761795546,85.936747201469259,41.00084098386197,0,0,0,12.8872,0.32300000000000001,4.3462531234963127,126.93758818533124,126.93758818533124
情景一阈值控制,11,19637.300996093378,66.906460227737355,234.68128912950871,30.555787164161082,30.555467385208445,86.667311441392755,41.349396743825473,0,0,0,12.8872,0.32300000000000001,4.3455765517595406,128.01670818521822,128.01670818521822
情景一阈值控制,11.023314970953797,19628.828325031835,68.465029344154473,240.16347370679972,31.267245692766213,31.275926224437868,88.691870791231153,42.315323878238772,0,0,0,12.8872,0.32300000000000001,4.3437016178924512,131.00719466946992,131.00719466946992
情景一阈值控制,11.055174262777363,19616.93690644337,70.652146281335504,247.85773577767179,32.265599037585609,32.287612460032015,91.533345753642664,43.671005433421819,0,0,0,12.8872,0.32300000000000001,4.3410701427322209,135.20435118706447,135.20435118706447
情景一阈值控制,11.087033554600929,19604.673323167437,72.907297619633042,255.79280449558902,33.294976376372404,33.331598340964639,94.463750109420147,45.069115635661291,0,0,0,12.8872,0.32300000000000001,4.3383563105240643,139.53286574508144,139.53286574508144
情景一阈值控制,11.118892846424496,19592.026499082502,75.232480590778792,263.97584659017048,34.356286348229176,34.408887388316238,97.485730516889888,46.510917218545671,0,0,0,12.8872,0.84384938420913713,1.0000000000004783,143.99664773543554,143.99664773543554
情景一阈值控制,11.166112153874654,19553.177875367743,75.232480590779318,296.11306007062558,39.4036252853452,36.072958685501398,98.534761805799732,52.173296163937543,0,0.03631731836067513,0.055864760546206677,12.8872,0.8435391412115798,1.0000000000005236,150.70805796973727,150.70805796973727
情景一阈值控制,11.21333146132481,19514.418076044556,75.2324805907799,328.17475505336694,44.35431138707996,37.820376924210464,99.583793094709577,57.822369215472072,0,0.072612979743842759,0.11166291369715027,12.8872,0.84322837655208138,1.0000000000005691,157.40616231018166,157.40616231018166
情景一阈值控制,11.260550768774968,19475.746898022797,75.232480590780497,360.16110420563672,49.209972969956695,39.649544210824097,100.63282438361952,63.458166796053121,0,0.10888694774723179,0.16739438732719217,12.8872,0.84291708973001511,1.0000000000006142,164.09099117967264,164.09099117967264
情景一阈值控制,11.307770076225125,19437.164138676668,75.232480590781165,392.07227979988249,53.972211357448153,41.558889575213058,101.68185567252952,69.080719259024193,0,0.14513918593368605,0.22305910940425511,12.8872,0.84260528024581072,1.0000000000006599,170.76257493155373,170.76257493155373
情景一阈值控制,11.354989383675283,19398.669595843672,75.23248059078189,423.90845371466554,58.64260132646065,43.546868524414201,102.73088696143959,74.690056888328471,0,0.18136965783124423,0.27865700799065346,12.8872,0.84229294760096263,1.0000000000007054,177.42094384976807,177.42094384976807
情景一阈值控制,11.402208691125439,19360.263067823529,75.232480590782657,455.66979743555896,63.222691546444878,45.611962603677846,103.77991825034968,80.286209898667025,0,0.21757832693321097,0.33418801124391195,12.8872,0.84198009129803664,1.0000000000007498,184.06612814901672,184.06612814901672
情景一阈值控制,11.449427998575597,19321.944353377137,75.232480590783467,487.35648205605077,67.714005011217722,47.752678964805284,104.82894953925987,85.869208435657939,0,0.25376515669823768,0.38965204741759862,12.8872,0.84166671084067723,1.0000000000007951,190.69815797491782,190.69815797491782
情景一阈值控制,11.496647306025755,19283.713251725509,75.23248059078432,518.96867827843323,72.118039463673199,49.967549941594321,105.87798082817011,91.439082575993055,0,0.28993011055038986,0.44504904486213936,12.8872,0.84135280573361571,1.0000000000008413,197.31706340416315,197.31706340416315
情景一阈值控制,11.543866613475911,19245.569562548728,75.232480590785215,550.50655641470109,76.436267813503704,52.255132632276272,106.92701211708035,96.995862327596171,0,0.32607315187922725,0.50037893202565298,12.8872,0.84103837548267735,1.0000000000008864,203.92287444467652,203.92287444467652
情景一阈值控制,11.591085920926069,19207.513085984883,75.232480590786153,581.97028638744757,80.670138547935707,54.614008488938396,107.97604340599072,102.53957762978088,0,0.36219424403988443,0.55564163745478901,12.8872,0.84072341959478858,1.0000000000009313,210.5156210357716,210.5156210357716
情景一阈值控制,11.638305228376227,19169.543622629051,75.232480590787162,613.36003773074719,84.821076135651495,57.042782913757385,109.02507469490114,108.07025835340626,0,0.39829335035313962,0.61083708979554752,12.8872,0.84040793757798471,1.0000000000009766,217.0953330483074,217.0953330483074
情景一阈值控制,11.685524535826385,19131.660973532209,75.232480590788199,644.6759795910491,88.890481424085053,59.540084861861104,110.07410598381163,113.58793430103414,0,0.43437043410549758,0.66596521779412243,12.8872,0.84009192894141749,1.0000000000010216,223.66204028484577,223.66204028484577
情景一阈值控制,11.732743843276541,19093.864940200237,75.232480590789308,675.91828072806027,92.879732030274283,62.104566450631964,111.12313727272215,119.0926352070848,0,0.47042545854926543,0.72102595029773275,12.8872,0.83977539319536254,1.0000000000010667,230.21577247980696,230.21577247980696
情景一阈值控制,11.779963150726699,19056.155324592844,75.232480590790459,707.08710951563558,96.790182725180102,64.734902575544538,112.17216856163276,124.58439073799373,0,0.506458386902636,0.77601921625547132,12.8872,0.8394583298512267,1.0000000000011118,236.75655929962647,236.75655929962647
情景一阈值控制,11.827182458176857,19018.531929122542,75.232480590791639,738.18263394265273,100.62316581132144,67.429790532684777,113.22119985054343,130.06323049236585,0,0.54246918234976038,0.83094494471913216,12.8872,0.83914073842155612,1.0000000000011562,243.28443034290927,243.28443034290927
情景一阈值控制,11.874401765627013,18980.994556653623,75.232480590792875,769.20502161389538,104.37999149463235,70.187949647048512,114.27023113945411,135.52918400113103,0,0.57845780804083025,0.88580306484405946,12.8872,0.83882261842004291,1.0000000000012017,249.79941514058515,249.79941514058515
情景一阈值控制,11.921621073077171,18943.543010501104,75.232480590794154,800.15443975093592,108.06194824997601,73.008120907183027,115.31926242836492,140.98228072769967,0,0.61442422709216271,0.94059350588999802,12.8872,0.83850396936153393,1.0000000000012466,256.30154315606461,256.30154315606461
情景一阈值控制,11.968840380527329,18906.17709442971,75.23248059079549,831.03105519300334,111.67030318061657,75.889066605868024,116.36829371727579,146.4225500681157,0,0.65036840258627282,0.99531619722192688,12.8872,0.83818479076203722,1.000000000001291,262.79084378539147,262.79084378539147
情景一阈值控制,12,18881.566446434623,75.232480590796371,851.36647986571597,114.0117220376932,77.82287107116376,117.06054054473917,150.00552656302554,0,0.67407545819281989,1.031390096896974,12.8872,0.83797387726785255,1.0000000000013205,267.0660671077647,267.0660671077647
情景一阈值控制,12.016059687977487,18868.896612652843,75.232480590796854,861.83503439786273,115.20630237170199,78.82956998678786,117.41732500618672,151.85002135121135,0,0.68629029757196047,1.0499710683109158,12.8872,0.83786508213873023,1.000000000001336,269.26734635739808,269.26734635739808
情景一阈值控制,12.063278995427643,18831.70136983156,75.232480590798275,892.5665434426852,118.67117123791598,81.828434897032707,118.46635629509767,157.26472383876069,0,0.7221898750643887,1.1045580487349718,12.8872,0.83754484300996745,1.0000000000013807,275.73108013385837,275.73108013385837
情景一阈值控制,12.110498302877801,18794.591171073538,75.232480590799753,923.22574802492284,122.06611486546086,84.884485445270201,119.51538758400875,162.66668672563344,0,0.75806709804517258,1.1590770681798992,12.8872,0.83722407289528777,1.0000000000014255,282.18207430964219,282.18207430964219
情景一阈值控制,12.157717610327959,18757.565821932069,75.232480590801273,953.81281346316985,125.39231834848589,87.99656566546831,120.56441887291987,168.05593913994699,0,0.79392192946245377,1.2135280564401432,12.8872,0.83690277131542246,1.0000000000014699,288.62035801286686,288.62035801286686
情景一阈值控制,12.204936917778117,18720.625128405019,75.232480590802837,984.32790469803297,128.65094711959767,91.163539186538912,121.61345016183107,173.43251014321976,0,0.82975433223098871,1.2679109434196498,12.8872,0.83658093779230247,1.0000000000015141,295.04596030505081,295.04596030505081
情景一阈值控制,12.252156225228273,18683.768896933845,75.232480590804457,1014.771186292994,131.84314727514635,94.384288907203015,122.66248145074231,178.7964287305229,0,0.86556426923223051,1.3222256591327222,12.8872,0.83625857184906638,1.0000000000015585,301.4589101812652,301.4589101812652
情景一阈值控制,12.299375532678431,18646.996934402541,75.232480590806105,1045.1428224352762,134.9700458951578,97.657716676211692,123.71151273965364,184.14772383063337,0,0.90135170331441838,1.3764721337048882,12.8872,0.83593567301006799,1.0000000000016034,307.85923657028701,307.85923657028701
情景一阈值控制,12.346594840128589,18610.309048136656,75.23248059080781,1075.4429769366986,138.03275135792572,100.982742977904,124.76054402856505,189.48642430618389,0,0.93711659729265506,1.4306502973737489,12.8872,0.83561224080088425,1.0000000000016476,314.24696833474894,314.24696833474894
情景一阈值控制,12.393814147578745,18573.705045902276,75.232480590809573,1105.6718132345363,141.03235364936461,104.35830662300603,125.8095753174765,194.81255895381511,0,0.97285891394899615,1.4847600804898495,12.8872,0.83528827474832257,1.0000000000016924,320.6221342712916,320.6221342712916
情景一阈值控制,12.441033455028903,18537.184735905004,75.232480590811377,1135.8294943923815,143.96992466723449,107.7833644445578,126.85860660638807,200.12615650432699,0,1.0085786160325403,1.538801413517549,12.8872,0.83496377438042901,1.0000000000017366,326.98476311071505,326.98476311071505
情景一阈值控制,12.48825276247906,18500.747926788987,75.232480590813225,1165.9161831009906,146.84651852037618,111.25689099882699,127.90763789529969,205.42724562282808,0,1.0442756662595074,1.5927742270358756,12.8872,0.83463873922649578,1.0000000000017808,333.33488351812775,333.33488351812775
情景一阈值控制,12.535472069929217,18464.394427635867,75.232480590815115,1195.9320416791397,149.66317182309805,114.77787827107319,128.95666918421134,210.71585490888634,0,1.0799500273133305,1.6466784517394009,12.8872,0.83431316881706907,1.0000000000018243,339.67252409309765,339.67252409309765
情景一阈值控制,12.582691377379374,18428.124047963822,75.232480590817048,1225.8772320744795,152.42090398460934,118.34533538626506,130.00570047312311,215.99201289667968,0,1.1156016618447464,1.700514018439117,12.8872,0.83398706268395661,1.0000000000018685,345.9977133698028,345.9977133698028
情景一阈值控制,12.629910684829532,18391.936597726548,75.232480590819037,1255.7519158643756,155.12071749346799,121.95828832478068,131.05473176203495,221.2557480551441,0,1.1512305324718779,1.7542808580632991,12.8872,0.83366042036023602,1.0000000000019127,352.31047981717904,352.31047981717904
情景一阈值控制,12.67712999227969,18355.83188731227,75.232480590821055,1285.5562542567613,157.76359819764454,125.61577964249381,132.10376305094687,226.50708878812389,0,1.186836601780326,1.8079789016583856,12.8872,0.83333324138026232,1.0000000000019564,358.61085183907073,358.61085183907073
情景一阈值控制,12.724349299729846,18319.809727542743,75.23248059082313,1315.2904080909793,160.35051557981839,129.3168681956258,133.15279433985881,231.7460634345199,0,1.222419832323258,1.8616080803898507,12.8872,0.83300552527967542,1.0000000000020004,364.89885777437871,364.89885777437871
情景一阈值控制,12.771568607180004,18283.869929672266,75.232480590825247,1344.9545378386283,162.88242302811992,133.06062887015312,134.20182562877088,236.97270026843879,0,1.2579801866215017,1.9151683255430911,12.8872,0.83267727159540861,1.0000000000020446,371.17452589720966,371.17452589720966
情景一阈值控制,12.818787914630162,18248.012305386681,75.232480590827407,1374.548803604398,165.36025810236191,136.84615231572243,135.25085691768302,242.18702749934013,0,1.2935176271636284,1.9686595685242931,12.8872,0.83234847986569604,1.0000000000020886,377.43788441702316,377.43788441702316
情景一阈值控制,12.86600722208032,18212.236666802411,75.232480590829624,1404.0733651269124,167.78494279588392,140.67254468395521,136.29988820659523,247.38907327218493,0,1.329032116406049,2.0220817408613216,12.8872,0.83201914963008061,1.0000000000021319,383.68896147878013,383.68896147878013
情景一阈值控制,12.913226529530476,18176.542826465451,75.232480590831884,1433.5283817795639,170.15738379312799,144.53892737101887,137.34891949550749,252.57886566758265,0,1.3645236167731034,2.0754347742046013,12.8872,0.83168928042942192,1.0000000000021758,389.92778516309011,389.92778516309011
情景一阈值控制,12.960445836980634,18140.930597350394,75.2324805908342,1462.9140125713525,172.47847272302494,148.44443676438854,138.39795078441986,257.75643270193922,0,1.399992090657157,2.1287186003280079,12.8872,0.83135887180590429,1.0000000000022187,396.15438348635905,396.15438348635905
情景一阈值控制,13,18111.162005846632,75.232480590836147,1487.4761632325901,174.38389175406212,151.74545857587088,139.27669206324649,262.08413226563408,0,1.429685191032364,2.1732995073398311,12.8872,0.83108168313880304,1.0000000000022553,401.36082432888054,401.36082432888054
情景一阈值控制,13.007665144430792,18105.399792859454,75.232480590836545,1492.2304161477143,174.74908640790949,152.38822399407749,139.44698207333232,262.92180232760256,0,1.4354375004186866,2.1819331511297446,12.8872,0.8310279233030442,1.0000000000022626,402.36878440093489,402.36878440093489
情景一阈值控制,13.054884451880948,18069.950226821493,75.232480590838932,1521.4777507913543,176.97008710853774,156.36945468776659,140.49601336224481,268.07500243300984,0,1.4708598083863764,2.235078358633237,12.8872,0.83069643446569918,1.0000000000023057,408.57101579525465,408.57101579525465
情景一阈值控制,13.102103759331106,18034.581713491032,75.232480590841377,1550.6561744230796,179.1423227650414,160.38730872999722,141.54504465115741,273.21606084283394,0,1.506258976857217,2.2881541549880278,12.8872,0.83036440484007457,1.0000000000023488,414.76110549399135,414.76110549399135
情景一阈值控制,13.149323066781264,17999.294067547286,75.232480590843849,1579.7658446026203,181.26662723386883,164.44098002537424,142.5940759400701,278.34500531812819,0,1.5416349680965904,2.3411604724706589,12.8872,0.83003183397373237,1.0000000000023921,420.93908125819826,420.93908125819826
情景一阈值控制,13.19654237423142,17964.087104093189,75.232480590846393,1608.8069185294582,183.34382052077885,168.52967626571873,143.64310722898284,283.46186355647251,0,1.5769877443383702,2.3940972434855712,12.8872,0.82969872141559875,1.0000000000024356,427.10497078545535,427.10497078545535
情景一阈值控制,13.243761681681578,17928.960638654433,75.232480590848965,1637.7795530436538,185.37470900997411,172.65261870108006,144.69213851789567,288.56666319211888,0,1.6123172677850197,2.4469644005660038,12.8872,0.82936506671597243,1.0000000000024785,433.25880171001455,433.25880171001455
情景一阈值控制,13.290980989131736,17893.914487178496,75.23248059085158,1666.6839046266616,187.36008568947932,176.80904191450142,145.74116980680861,293.65943179613504,0,1.6476235006076811,2.4997618763748841,12.8872,0.82903086942653226,1.0000000000025213,439.40060160294365,439.40060160294365
情景一阈值控制,13.338200296581892,17858.948466033678,75.232480590854252,1695.5201294021533,189.30073037286874,180.99819360043711,146.79020109572159,298.74019687654987,0,1.682906404946275,2.5524896037057276,12.8872,0.8286961291003454,1.0000000000025642,445.53039797227143,445.53039797227143
情景一阈值控制,13.38541960403205,17824.062392008131,75.232480590856966,1724.2883831368392,191.1974099172389,185.21933434692502,147.8392323846347,303.80898587849759,0,1.7181659429096023,2.6051475154835493,12.8872,0.82836084529187537,1.0000000000026072,451.64821826313232,451.64821826313232
情景一阈值控制,13.432638911482208,17789.256082308919,75.232480590859723,1752.9888212412775,193.05087843746537,189.47173742147214,148.88826367354787,308.86582618436074,0,1.7534020765754339,2.6577355447657527,12.8872,0.82802501755699032,1.0000000000026499,457.75408985790864,457.75408985790864
情景一阈值控制,13.479858218932366,17754.529354561037,75.232480590862536,1781.6215987706933,194.86187751712993,193.75468856027166,149.93729496246112,313.91074511391434,0,1.7886147679906135,2.710253624743042,12.8872,0.8276886454529705,1.0000000000026923,463.84804007637547,463.84804007637547
情景一阈值控制,13.527077526382524,17719.88202680647,75.232480590865379,1810.1868704257902,196.63113641586699,198.06748576099966,150.98632625137446,318.94376992446888,0,1.8238039791711558,2.7627016887403255,12.8872,0.8273517285385168,1.0000000000027351,469.93009617584335,469.93009617584335
情景一阈值控制,13.57429683383268,17685.313917503241,75.232480590868292,1838.684790553559,198.35937227327491,202.40943907904628,152.03535754028789,323.96492781101301,0,1.8589696721023443,2.8150796702176231,12.8872,0.82701426637375897,1.0000000000027773,476.00028535130093,476.00028535130093
情景一阈值控制,13.621516141282838,17650.824845524454,75.232480590871234,1867.1155131480909,200.04729030943346,206.77987042714165,153.0843888292014,328.97424590635632,0,1.8941118087388364,2.8673875027709825,12.8872,0.82667625852026294,1.00000000000282,482.05863473555769,482.05863473555769
情景一阈值控制,13.668735448732996,17616.414630157335,75.232480590874218,1895.4791918513795,201.6955840221174,211.17811337828317,154.13342011811503,333.97175128127122,0,1.9292303510047568,2.9196251201333792,12.8872,0.82633770454104005,1.0000000000028619,488.10517139938622,488.10517139938622
情景一阈值控制,13.715954756183152,17582.083091102311,75.232480590877216,1923.7759799541263,203.30493538079793,215.60351297187654,155.18245140702865,338.95747094463445,0,1.9643252607938004,2.971792456175633,12.8872,0.82599860400055392,1.0000000000029043,494.13992235166313,494.13992235166313
情景一阈值控制,13.76317406363331,17547.830048472038,75.2324805908803,1952.0060303965495,204.87601501748159,220.05542552303916,156.23148269594242,343.93143184357001,0,1.9993964999693401,3.0238894449073297,12.8872,0.82565895646472987,1.0000000000029459,500.16291453951243,500.16291453951243
情景一阈值控制,13.810393371083467,17513.655322790481,75.232480590883412,1980.1694957691775,206.40948241417547,224.53321843527445,157.2805139848563,348.89366086358842,0,2.0344440303645199,3.0759160204777261,12.8872,0.82531876150096173,1.0000000000029883,506.17417484844475,506.17417484844475
情景一阈值控制,13.857612678533624,17479.558734991948,75.232480590886567,2008.266528313653,207.90598608744105,229.03627001606009,158.32954527377021,353.84418482872888,0,2.0694678137823619,3.1278721171766737,12.8872,0.82497801867812126,1.0000000000030302,512.17373010249912,512.17373010249912
情景一阈值控制,13.904831985983781,17445.540106420187,75.232480590889764,2036.2972799235324,209.36616376986558,233.5639692955173,159.3785765626842,358.78303050169978,0,2.1044678119958746,3.1797576694355429,12.8872,0.82463672756656548,1.000000000003072,518.16160706438404,518.16160706438404
情景一阈值控制,13.952051293433939,17411.599258827409,75.232480590893005,2064.2619021450755,210.79064258851835,238.11571584809391,160.42760785159834,363.71022458401825,0,2.1394439867481463,3.2315726118281316,12.8872,0.82429488773814519,1.0000000000031135,524.13783243561659,524.13783243561659
情景一阈值控制,13.999270600884095,17377.736014373393,75.232480590896301,2092.160546178045,212.18003924043171,242.69091961722367,161.4766391405125,368.6257937161505,0,2.1743962997524564,3.2833168790715948,12.8872,0.82395249876621302,1.0000000000031548,530.10243285666297,530.10243285666297
情景一阈值控制,14,17377.213534755247,75.232480590896344,2092.5909813334201,212.20122938822621,242.76177393220078,161.49284358178897,368.70163373764575,0,2.1749360226169867,3.2841156208417663,12.8872,0.82394720555674428,1.0000000000031557,530.19447731943478,530.19447731943478
情景一阈值控制,14.046489908334253,17343.950195624526,75.232480590899627,2119.9933628764979,213.53496016517758,247.28900074288993,162.52567042942684,373.52976447765167,0,2.209324712692383,3.3349904060273738,12.8872,0.82360956022563159,1.0000000000031968,536.05543490707851,536.05543490707851
情景一阈值控制,14.093709215784411,17310.241625552881,75.232480590902995,2147.7605027495738,214.85600171461644,251.9093893920149,163.57470171834123,378.42216338730452,0,2.2442291872218991,3.386593127702112,12.8872,0.82326607169278221,1.0000000000032385,541.99686510564572,541.99686510564572
情景一阈值控制,14.140928523234569,17276.610127535303,75.23248059090642,2175.4621159622843,216.14375031989792,256.55152559159848,164.62373300725571,383.30301690325848,0,2.2791096849654884,3.4381249792485873,12.8872,0.82292203274557263,1.0000000000032789,547.92674991051422,547.92674991051422
情景一阈值控制,14.188147830684727,17243.055525352458,75.232480590909873,2203.0983523363016,217.39878265561515,261.21485906470269,165.67276429617027,388.17235142316878,0,2.3139661675182461,3.489585895966643,12.8872,0.82257744296344504,1.0000000000033202,553.84511571933899,553.84511571933899
情景一阈值控制,14.235367138134883,17209.577643187942,75.232480590913383,2230.6693613507396,218.62166580119052,265.89884906920378,166.72179558508492,393.03019328433419,0,2.3487985964459877,3.5409758133041107,12.8872,0.82223230192738517,1.0000000000033615,559.75198886941916,559.75198886941916
情景一阈值控制,14.282586445585041,17176.176305627323,75.232480590916936,2258.1752921429443,219.81295739973223,270.60296423907482,167.77082687399965,397.87656876383579,0,2.3836069332853604,3.592294666857756,12.8872,0.82188660921992973,1.0000000000034026,565.64739563783542,565.64739563783542
情景一阈值控制,14.329805753035199,17142.851337657248,75.232480590920517,2285.6162935092657,220.9732058142009,275.32668242835513,168.81985816291453,402.7115040786735,0,2.4183911395439459,3.6435423923741954,12.8872,0.82154036442517531,1.0000000000034437,571.531362241588,571.531362241588
情景一阈值控制,14.377025060485355,17109.602564664525,75.232480590924155,2312.9925139058446,222.10295028098628,280.06949055771173,169.8688894518294,407.53502538590419,0,2.4531511767003709,3.6947189257508417,12.8872,0.82119356712878622,1.0000000000034848,577.40391483773362,577.40391483773362
情景一阈值控制,14.424244367935513,17076.429812435188,75.232480590927835,2340.3041014493901,223.2027210609296,284.83088446355475,170.91792074074445,412.34715878277922,0,2.4878870062044234,3.7458242030368427,12.8872,0.82084621691800319,1.000000000003525,583.2650795235237,583.2650795235237
情景一阈值控制,14.471463675385671,17043.332907153614,75.232480590931559,2367.5512039179507,224.27303958785848,289.61036874963798,171.96695202965961,417.14793030687986,0,2.5225985894771523,3.7968581604340113,12.8872,0.82049831338165102,1.000000000003566,589.11488233653949,589.11488233653949
情景一阈值控制,14.518682982835827,17010.311675401579,75.23248059093531,2394.7339687516924,225.31441861470446,294.40745664107823,173.0159833185748,421.93736593625465,0,2.5572858879109841,3.8478207342977679,12.8872,0.8201498561101479,1.000000000003606,594.95334925482939,594.95334925482939
情景一阈值控制,14.565902290285985,16977.365944157384,75.232480590939119,2421.852543053672,226.32736235723166,299.22166984076364,174.06501460749013,426.71549158955565,0,2.5919488628698364,3.8987118611380884,12.8872,0.81980084469551273,1.0000000000036469,600.78050619704572,600.78050619704572
情景一阈值控制,14.613121597736143,16944.495540794916,75.232480590942956,2448.9070735906053,227.31236663522344,304.05253838830146,175.11404589640557,431.48233312617373,0,2.6265874756892247,3.9495314776204364,12.8872,0.81945127873137436,1.0000000000036866,606.5963790225793,606.5963790225793
情景一阈值控制,14.660340905186299,16911.700293082769,75.232480590946849,2475.8977067936371,228.2699190114906,308.899600521146,176.16307718532104,436.23791634637382,0,2.6612016876763764,4.0002795205667123,12.8872,0.8191011578129791,1.000000000003727,612.40099353169489,612.40099353169489
情景一阈值控制,14.707560212636457,16878.980029183323,75.232480590950786,2502.8245887591102,229.20049892854419,313.76240253806156,177.21210847423663,440.98226699143129,0,2.6957914601103501,4.0509559269562061,12.8872,0.81875048153719998,1.0000000000037663,618.19437546566792,618.19437546566792
情景一阈值控制,14.754779520086615,16846.334577651854,75.232480590954751,2529.6878652493283,230.10457784300095,318.6404986648509,178.26113976315236,445.71541074376569,0,2.7303567542421381,4.1015606339265291,12.8872,0.81839924950254406,1.0000000000038067,623.9765505069181,623.9765505069181
情景一阈值控制,14.801998827536773,16813.763767435637,75.232480590958758,2556.4876816933197,230.98261935774804,323.53345092232547,179.31017105206811,450.4373732270754,0,2.7648975312947894,4.1520935787745739,12.8872,0.81804746130916217,1.0000000000038463,629.74754427914354,629.74754427914354
情景一阈值控制,14.849218134986931,16781.267427873045,75.232480590962822,2583.2241831876022,231.83507935192097,328.44082899646168,180.35920234098404,455.14818000647273,0,2.7994137524635216,4.2025546989574636,12.8872,0.81769511655885596,1.0000000000038864,635.50738234745677,635.50738234745677
情景一阈值控制,14.896437442437087,16748.845388692647,75.232480590966915,2609.8975144969404,232.66240610875354,333.36221011068488,181.40823362990002,459.84785658861665,0,2.8339053789158353,4.252943932093495,12.8872,0.81734221485508729,1.0000000000039257,641.25609021851665,641.25609021851665
情景一阈值控制,14.943656749887245,16716.497480012331,75.232480590971051,2636.5078200551065,233.46504044135796,338.2971789002238,182.45726491881612,464.53642842184803,0,2.8683723717916356,4.303261215963107,12.8872,0.81698875580298613,1.0000000000039653,646.99369334066409,646.99369334066409
情景一阈值控制,14.990876057337402,16684.223532338412,75.232480590975229,2663.0552439656358,234.24341581634772,343.24532728861942,183.5062962077323,469.21392089632144,0,2.9028146922033402,4.3535064885098187,12.8872,0.81663473900935923,1.0000000000040044,652.72021710405375,652.72021710405375
情景一阈值控制,15,16677.995916271157,75.232480590976053,2668.1776285474939,234.39105672982637,344.20291786053667,183.70899510037165,470.11645348907888,0,2.9094669561863049,4.3632068160560271,12.8872,0.81656626984488179,1.0000000000040121,653.8254485894505,653.8254485894505
情景一阈值控制,15.038095364787559,16652.023376564735,75.232480590979463,2689.5399300025792,234.99795847539835,348.20625436629797,184.55532749664857,473.88035934413853,0,2.9372323012360013,4.4036796878411923,12.8872,0.81628016408269843,1.0000000000040434,658.43568684078707,658.43568684078707
情景一阈值控制,15.085314672237716,16619.89684397179,75.232480590983712,2715.9620216112639,235.72908755488669,353.17956627106526,185.60435878556498,478.53576903948203,0,2.9716251599474286,4.4537807522297941,12.8872,0.81592503063318922,1.0000000000040825,664.14012782504699,664.14012782504699
情景一阈值控制,15.132533979687874,16587.843766225837,75.232480590988033,2742.3216619090381,236.43721520350928,358.16487607061913,186.65339007448148,483.18017519874633,0,3.005993229368296,4.5038096201141444,12.8872,0.81556933827271916,1.0000000000041214,669.8335652732278,669.8335652732278
情景一阈值控制,15.179753287138031,16555.863975378012,75.232480590992367,2768.618993686021,237.12274669794888,363.16180364701614,187.70242136339806,487.81360298067068,0,3.0403364705022695,4.553766230099682,12.8872,0.81521308661488634,1.0000000000041604,675.51602434406868,675.51602434406868
情景一阈值控制,15.226972594588188,16523.957303863459,75.232480590996758,2794.8541594058579,237.78608055661721,368.16997558306053,188.75145265231475,492.43607748647116,0,3.0746548443261266,4.6036505209597296,12.8872,0.81485627527500792,1.0000000000041989,681.18753013878586,681.18753013878586
情景一阈值控制,15.274191902038346,16492.123584500441,75.232480591001178,2821.0273012064586,238.42760865152658,373.18902505056377,189.80048394123156,497.04762375997143,0,3.1089483117898702,4.6534624316364468,12.8872,0.81449890387012847,1.0000000000042379,686.84810770120293,686.84810770120293
情景一阈值控制,15.321411209488502,16460.362650489475,75.23248059100564,2847.1385609007443,239.04771631834072,378.21859170042495,190.84951523014846,501.64826678773437,0,3.143216833816854,4.7032019012417994,12.8872,0.81414097201902891,1.0000000000042761,692.49778201788286,692.49778201788286
情景一阈值控制,15.368630516938662,16428.674335412448,75.232480591010145,2873.1880799773971,239.64678246462131,383.25832155451604,191.89854651906549,506.23803149919354,0,3.1774603713039085,4.7528688690585312,12.8872,0.81378247934223436,1.0000000000043143,698.136578018259,698.136578018259
情景一阈值控制,15.415849824388818,16397.058473231747,75.232480591014692,2899.1759996015894,240.22517967616091,388.3078668994778,192.94757780798258,510.81694276678235,0,3.2116788851214486,4.8024632745411111,12.8872,0.81342342546202318,1.0000000000043523,703.7645205747649,703.7645205747649
情景一阈值控制,15.463069131838976,16365.514898289402,75.232480591019282,2925.1024606157362,240.78327432168396,393.36688618215129,193.99660909689979,515.38502540606612,0,3.2458723361136137,4.8519850573167282,12.8872,0.81306381000243522,1.0000000000043905,709.38163450296588,709.38163450296588
情景一阈值控制,15.510288439289134,16334.04344530619,75.232480591023901,2950.967603540224,241.32142665577896,398.43504390677401,195.04564038581714,519.94230417587119,0,3.2800406850983777,4.9014341571862348,12.8872,0.81270363258928069,1.000000000004428,714.98794456168832,714.98794456168832
情景一阈值控制,15.55750774673929,16302.643949380805,75.232480591028562,2976.7715685741491,241.83999092012604,403.51201053388257,196.09467167473451,524.48880377841419,0,3.3141838928676783,4.9508105141251333,12.8872,0.81234289285014827,1.000000000004466,720.58347545314871,720.58347545314871
情景一阈值控制,15.604727054189448,16271.316245988961,75.232480591033266,3002.5144955960577,242.33931544303681,408.59746238090315,197.14370296365206,529.02454885943268,0,3.3483019201875437,5.0001140682845442,12.8872,0.81198159041441409,1.0000000000045035,726.1682518230848,726.1682518230848
情景一阈值控制,15.651946361639606,16240.06017098255,75.232480591038012,3028.1965241646712,242.81974273734772,413.69108152438571,198.19273425256966,533.54956400831327,0,3.3823947277982103,5.0493447599921764,12.8872,0.81161972491324996,1.000000000004541,731.74229826088299,731.74229826088299
情景一阈值控制,15.699165669089762,16208.875560588773,75.232480591042787,3053.81779351962,243.28160959671212,418.79255570384174,199.24176554148738,538.06387375822078,0,3.4164622764142529,5.0985025297533006,12.8872,0.81125729597963225,1.0000000000045783,737.30563929970822,737.30563929970822
情景一阈值控制,15.74638497653992,16177.762251409293,75.232480591047619,3079.3784425821773,243.72524719033234,423.90157822714099,200.29079683040524,542.56750258622719,0,3.4505045267247141,5.1475873182517331,12.8872,0.81089430324835021,1.0000000000046154,742.85829941663246,742.85829941663246
情景一阈值控制,15.793604283990078,16146.720080419358,75.232480591052479,3104.8786099559798,244.15098115605895,429.01784787753945,201.33982811932319,547.06047491343929,0,3.4845214393932236,5.1965990663508013,12.8872,0.81053074635601463,1.0000000000046527,748.40030303276251,748.40030303276251
情景一阈值控制,15.840823591440234,16115.748884966975,75.232480591057382,3130.3184339277591,244.55913169195262,434.14106882224621,202.38885940824122,551.54281510512658,0,3.5185129750581288,5.2455377150943265,12.8872,0.81016662494106684,1.0000000000046896,753.93167451336785,753.93167451336785
情景一阈值控制,15.888042898890392,16084.848502772027,75.232480591062327,3155.6980524680666,244.95001364638679,439.27095052244863,203.43789069715939,556.01454747084995,0,3.5524790943326274,5.29440320570761,12.8872,0.80980193864378647,1.0000000000047267,759.45243816800939,759.45243816800939
情景一阈值控制,15.93526220634055,16054.018771925445,75.232480591067315,3181.0176032319914,245.32393660663246,444.40720764485422,204.4869219860777,560.4756962645879,0,3.586419757804888,5.3431954795983998,12.8872,0.80943668710630101,1.0000000000047635,764.96261825066563,764.96261825066563
情景一阈值控制,15.982481513790706,16023.259530888356,75.23248059107236,3206.2772235598864,245.68120498597091,449.54955997470512,205.53595327499605,564.92628568486384,0,3.6203349260381832,5.3919144783578803,12.8872,0.80907086997259392,1.0000000000047997,770.46223895985986,770.46223895985986
情景一阈值控制,16,16011.865667002219,75.232480591074221,3215.6333944548101,245.80957717060195,451.45888078128712,205.92514661899912,566.57478533207575,0,3.6329110499507653,5.409970706710614,12.8872,0.80893500694671583,1.0000000000048133,772.49993195107481,772.49993195107481
情景一阈值控制,16.029700821240866,15992.570618491227,75.232480591077419,3231.4770504780886,246.02211810935921,454.69773233024051,206.58498456391459,569.36633987487414,0,3.6542245595710243,5.4405601437616609,12.8872,0.80870448688851315,1.0000000000048359,775.95132443878879,775.95132443878879
情景一阈值控制,16.076920128691022,15961.951873933029,75.232480591082506,3256.6172206996289,246.34697029768677,459.85145447856428,207.63401585283316,573.79588292261201,0,3.6880886189172766,5.4891324177707395,12.8872,0.80833753750178017,1.0000000000048723,781.42989877544517,781.42989877544517
情景一阈值控制,16.124139436141178,15931.403136780395,75.232480591087622,3281.6978706249606,246.65605095066135,465.01046105288788,208.68304714175181,578.21493886099665,0,3.7219270645663087,5.5376312425325116,12.8872,0.80797002146199848,1.0000000000049083,786.89798600274844,786.89798600274844
情景一阈值控制,16.171358743591338,15900.92424696677,75.232480591092795,3306.7191363426655,246.94964462833099,470.17449147113297,209.73207843067067,582.62353166799767,0,3.7557398569831157,5.5860565603817465,12.8872,0.80760193842066208,1.0000000000049447,792.35561009866831,792.35561009866831
情景一阈值控制,16.218578051041494,15870.515044791586,75.232480591097996,3331.6811536301666,247.22803113116785,475.34328985597205,210.78110971958955,587.02168526675985,0,3.7895269566084435,5.6344083138415613,12.8872,0.80723328803116456,1.0000000000049805,797.80279498634945,797.80279498634945
情景一阈值控制,16.265797358491653,15840.175370919416,75.23248059110324,3356.5840579544483,247.49148557892704,480.51660495609792,211.83014100850863,591.40942352573109,0,3.8232883238589399,5.6826864456244364,12.8872,0.80686406994880733,1.0000000000050158,803.23956453423966,803.23956453423966
情景一阈值控制,16.313016665941809,15809.90506637914,75.232480591108512,3381.4279844727525,247.74027848816704,485.69419006882509,212.87917229742774,595.78677025878449,0,3.8570239191272675,5.7308908986331755,12.8872,0.80649428383080835,1.0000000000050515,808.66594255621226,808.66594255621226
情景一阈值控制,16.360235973391966,15779.703972563111,75.232480591113827,3406.2130680333007,247.9746758484886,490.8758029639784,213.928203586347,600.15374922534545,0,3.8907337027822546,5.7790216159619225,12.8872,0.80612392933631127,1.000000000005087,814.08195281169242,814.08195281169242
情景一阈值控制,16.407455280842122,15749.57193122633,75.232480591119185,3430.939443175992,248.19493919750181,496.06120580904877,214.9772348752663,604.51038413051504,0,3.9244176351690214,5.8270785408971344,12.8872,0.80575300612639367,1.0000000000051221,819.48761900578131,819.48761900578131
情景一阈值控制,16.454674588292281,15719.50878448561,75.23248059112457,3455.607244133113,248.4013256945546,501.25016509558981,216.02626616418581,608.85669862519467,0,3.9580756766091181,5.875061616918587,12.8872,0.80538151386407586,1.0000000000051572,824.88296478938048,824.88296478938048
情景一阈值控制,16.501893895742437,15689.514374818758,75.232480591130013,3480.216604830031,248.59408819325492,506.44245156681791,217.07529745310538,613.19271630620892,0,3.9917077874006512,5.9229707877003488,12.8872,0.80500945221432985,1.0000000000051916,830.26801375931427,830.26801375931427
情景一阈值控制,16.549113203192597,15659.588545063734,75.23248059113547,3504.7676588859135,248.77347531281836,511.63784014639123,218.12432874202514,617.51846071643149,0,4.0253139278184404,5.9708059971118068,12.8872,0.80463682084408739,1.0000000000052267,835.6427894584566,835.6427894584566
情景一阈值控制,16.596332510642753,15629.731138417847,75.23248059114097,3529.2605396144077,248.93973150817894,516.83610986841882,219.17336003094493,621.83395534490535,0,4.0588940581141308,6.0185671892186274,12.8872,0.80426361942224978,1.0000000000052613,841.00731537585034,841.00731537585034
情景一阈值控制,16.643551818092909,15599.941998436912,75.232480591146498,3553.6953800243568,249.09309713895476,522.03704380862087,220.22239131986484,626.13922362696894,0,4.0924481385163523,6.0662543082837832,12.8872,0.80388984761969551,1.000000000005296,846.36161494683381,846.36161494683381
情景一阈值控制,16.690771125543069,15570.220969034452,75.232480591152083,3578.07231282049,249.23380853730512,527.24042901659345,221.27142260878492,630.4342889443775,0,4.125976129230847,6.1138672987685343,12.8872,0.80351550510928982,1.0000000000053297,851.70571155316247,851.70571155316247
情景一阈值控制,16.737990432993225,15540.567894480864,75.232480591157696,3602.3914704041099,249.36209807464709,532.44605644921319,222.32045389770502,634.71917462542456,0,4.1594779904406032,6.1614061053334215,12.8872,0.80314059156589268,1.0000000000053642,857.03962852312952,857.03962852312952
情景一阈值控制,16.785209740443385,15510.982619402608,75.232480591163352,3626.6529848738023,249.47819422726312,537.65372090515416,223.36948518662535,638.99390394506679,0,4.192953682306011,6.2088706728392902,12.8872,0.80276510666636836,1.0000000000053983,862.3633891316922,862.3633891316922
情景一阈值控制,16.832429047893541,15481.464988781401,75.232480591169036,3650.856988026112,249.5823216408188,542.86322096048957,224.41851647554574,643.25850012504316,0,4.2264031649649834,6.2562609463482595,12.8872,0.8023890500895936,1.0000000000054323,867.6770166005889,867.6770166005889
情景一阈值控制,16.879648355343697,15452.014847953391,75.232480591174749,3675.0036113562469,249.67470119382028,548.07435890535874,225.46754776446622,647.51298633399904,0,4.2598263985331108,6.3035768711247524,12.8872,0.80201242151646668,1.0000000000054658,872.98053409846523,872.98053409846523
情景一阈值控制,16.926867662793853,15422.632042608351,75.23248059118049,3699.0929860587589,249.75555006003972,553.28694068166067,226.51657905338678,651.75738568760562,0,4.2932233431037981,6.3508183926364774,12.8872,0.80163522062991577,1.0000000000054994,878.27396474099237,878.27396474099237
情景一阈值控制,16.974086970244013,15393.316418788876,75.232480591186288,3723.1252430282361,249.82508176990936,558.50077582178312,227.56561034230759,655.99172124868267,0,4.3265939587484068,6.3979854565554479,12.8872,0.80125744711490832,1.0000000000055325,883.55733159099032,883.55733159099032
情景一阈值控制,17,15377.257074110654,75.232480591189471,3736.2894481100407,249.85850590096274,561.36249128714599,228.14129813767516,658.31117304973452,0,4.3448958946426472,6.4238381542824801,12.8872,0.80104988895653939,1.0000000000055507,886.45247118740963,886.45247118740963
情景一阈值控制,17.021306277694169,15364.067822889576,75.2324805911921,3747.1005128599804,249.88350627083619,563.71567738840599,228.61464163122841,660.21601602731755,0,4.3599382055163911,6.4450780087589665,12.8872,0.80087910065845924,1.0000000000055658,888.83065765854599,888.83065765854599
情景一阈值控制,17.068525585144329,15334.886101656261,75.232480591197955,3771.0189258507053,249.93102998659495,568.93146191523283,229.66367292014937,664.43029298098782,0,4.3932560434354562,6.4920959953306561,12.8872,0.80050018094964015,1.0000000000055991,894.09396590113715,894.09396590113715
情景一阈值控制,17.115744892594485,15305.77110218515,75.232480591203839,3794.8806119992023,249.96785587571006,574.14794934872475,230.71270420907044,668.63457501467963,0,4.4265474325116809,6.5390393625614394,12.8872,0.80012068767958799,1.0000000000056317,899.34727922375009,899.34727922375009
情景一阈值控制,17.162964200044641,15276.722671922065,75.23248059120975,3818.685701007038,249.99418348887323,579.36496299080682,231.76173549799159,672.82888498100965,0,4.459812332729685,6.5859080569505659,12.8872,0.79974062054151362,1.0000000000056646,904.59062047900125,904.59062047900125
情景一阈值控制,17.210183507494797,15247.740658661625,75.23248059121569,3842.4343222792222,250.01020902540347,584.58232944252518,232.81076678691284,677.01324568034306,0,4.4930507040527576,6.632702025206612,12.8872,0.79935997923071089,1.0000000000056972,909.8240124672559,909.8240124672559
情景一阈值控制,17.257402814944957,15218.82491054646,75.232480591221673,3866.1266049248948,250.01612538877441,589.79987854864112,233.85979807583431,681.18767986091427,0,4.5262625064230111,6.6794212142484897,12.8872,0.79897876344456542,1.0000000000057294,915.04747793674858,915.04747793674858
情景一阈值控制,17.304622122395113,15189.975276066414,75.232480591227713,3889.762677757989,250.01212224123398,595.01744334312752,234.90882936475586,685.35221021894495,0,4.5594476997615168,6.7260655712064468,12.8872,0.79859697288256315,1.0000000000057616,920.26103958370084,920.26103958370084
情景一阈值控制,17.351841429845273,15161.191604057736,75.232480591233781,3913.3426692979251,249.99838605753791,600.23485999555851,235.95786065367761,689.50685939876428,0,4.5926062439684694,6.7726350434230991,12.8872,0.79821460724629945,1.0000000000057936,925.46472005244186,925.46472005244186
情景一阈值控制,17.399060737295429,15132.473743702314,75.232480591239877,3936.8667077702639,249.97510017774886,605.4519677584251,237.00689194259934,693.65164999292597,0,4.625738098923315,6.8191295784544161,12.8872,0.79783166623948787,1.0000000000058258,930.65854193552536,930.65854193552536
情景一阈值控制,17.446280044745585,15103.821544526858,75.232480591246002,3960.3349211073955,249.9424448591808,610.66860891531167,238.05592323152123,697.78660454232875,0,4.6588432244849152,6.8655491240707525,12.8872,0.79744814956796906,1.0000000000058569,935.84252777384995,935.84252777384995
情景一阈值控制,17.493499352195744,15075.234856402127,75.23248059125217,3983.7474369492011,249.90059732750191,615.88462872991079,239.1049545204433,701.91174553633311,0,4.6919215804916892,6.9118936282578547,12.8872,0.79706405693971871,1.0000000000058891,941.01670005677647,941.01670005677647
情景一阈值控制,17.540718659645901,15046.713529542141,75.232480591258366,4007.1043826437185,249.84973182698076,621.09987539589304,240.15398580936539,706.02709541287834,0,4.7249731267617561,6.9581630392178591,12.8872,0.79667938806485816,1.0000000000059206,946.18108122224373,946.18108122224373
情景一阈值控制,17.58793796709606,15018.25741450339,75.232480591264576,4030.4058852478215,249.79001966989628,626.31419998761771,241.20301709828772,710.1326765586025,0,4.7579978230931008,7.0043573053703359,12.8872,0.79629414265566156,1.0000000000059517,951.33569365689027,951.33569365689027
情景一阈值控制,17.635157274546216,14989.866362184066,75.232480591270843,4053.6520715278702,249.72162928512807,631.52745641165643,242.25204838721007,714.22851130895674,0,4.7909956292637057,7.0504763753532709,12.8872,0.79590832042656545,1.0000000000059825,956.48055969616678,956.48055969616678
情景一阈值控制,17.682376581996373,14961.540223823258,75.232480591277124,4076.8430679603885,249.64472626594801,636.73950135912139,243.30107967613253,718.31462194832557,0,4.8239665050317191,7.0965201980241073,12.8872,0.79552192109417741,1.0000000000060136,961.6157016244581,961.6157016244581
情景一阈值控制,17.729595889446529,14933.278851000186,75.232480591283462,4099.9790007327201,249.55947341703498,641.95019425876592,244.35011096505511,722.39103071014074,0,4.8569104101355949,7.1424887224607456,12.8872,0.79513494437728527,1.0000000000060438,966.74114167519588,966.74114167519588
情景一阈值控制,17.776815196896688,14905.082095633434,75.232480591289814,4123.0599957436925,249.46603080070926,647.15939723086717,245.39914225397791,726.45775977699986,0,4.8898273042942542,7.1883818979625698,12.8872,0.79474738999686512,1.0000000000060747,971.85690203097784,971.85690203097784
情景一阈值控制,17.824034504346844,14876.949809980151,75.232480591296209,4146.0861786042706,249.36455578235845,652.36697504191545,246.44817354290075,730.51483128078075,0,4.9227171472072255,7.2341996740514514,12.8872,0.79435925767609139,1.0000000000061049,976.96300482368156,976.96300482368156
情景一阈值控制,17.871253811797004,14848.881846635293,75.232480591302618,4169.0576746382249,249.25520307516769,657.57279506000179,247.49720483182375,734.56226730275978,0,4.9555798985548156,7.2799420004727882,12.8872,0.79397054714034443,1.0000000000061349,982.05947213458353,982.05947213458353
情景一阈值控制,17.91847311924716,14820.878058530852,75.23248059130907,4191.9746088827787,249.13812478408786,662.7767272109628,248.54623612074681,738.60008987372441,0,4.9884155179982441,7.3256088271964979,12.8872,0.79358125811722025,1.0000000000061653,987.14632599447123,987.14632599447123
情景一阈值控制,17.965692426697316,14792.938298935071,75.232480591315564,4214.8371060892696,249.01347044907723,667.97864393525754,249.59526740967002,742.62832097409182,0,5.0212239651798161,7.3712001044180582,12.8872,0.79319139033653907,1.0000000000061948,992.22358838376181,992.22358838376181
情景一阈值控制,18,14772.678515166879,75.232480591320282,4231.4139669028136,248.91823386423212,671.75680347474565,250.35744965640325,745.54906168200625,0,5.0450441442422838,7.4042774044519124,12.8872,0.79290776555522757,1.0000000000062168,995.90651133840947,995.90651133840947
情景一阈值控制,18.012911734147476,14765.062421451685,75.232480591322073,4237.6452907238017,248.8813870876223,673.17842014555993,250.64429869859345,746.6469825340223,0,5.0540051997230702,7.416715782559522,12.8872,0.79280094353035402,1.0000000000062246,997.2912812326158,997.2912812326158
情景一阈值控制,18.060131041597632,14737.250280019158,75.232480591328624,4260.3992869678923,248.74201923655662,678.37593318505424,251.69332998751688,750.65609643353389,0,5.086759181232928,7.4621558122705185,12.8872,0.79240991743296019,1.0000000000062548,1002.3494264210508,1002.3494264210508
情景一阈值控制,18.107350349047792,14709.501728909909,75.232480591335204,4283.0992187191341,248.5955089931962,683.57106278641652,252.74236127644053,754.65568450261878,0,5.1194858692958665,7.507520144429308,12.8872,0.79201831178090387,1.0000000000062834,1007.3980457790593,1007.3980457790593
情景一阈值控制,18.154569656497948,14681.816622729553,75.232480591341812,4305.7452095918297,248.44199605580695,688.7636910314593,253.79139256536419,758.64576852135531,0,5.1521852234800543,7.5528087301437656,12.8872,0.79162612631299045,1.0000000000063127,1012.4371610867195,1012.4371610867195
情景一阈值控制,18.201788963948104,14654.194816416137,75.232480591348448,4328.3373829176526,248.28161776336518,693.95370231148706,254.84042385428802,762.62637022002423,0,5.1848572033355307,7.5980215207524369,12.8872,0.79123336077029405,1.000000000006342,1017.4667940743122,1017.4667940743122
情景一阈值控制,18.24900827139826,14626.636165239383,75.232480591355113,4350.8758617462872,248.1145091346815,699.14098328828527,255.88945514321196,766.59751127922129,0,5.2175017683943539,7.6431584678255398,12.8872,0.79084001489616651,1.0000000000063702,1022.4869664224333,1022.4869664224333
情景一阈值控制,18.29622757884842,14599.140524799919,75.232480591361806,4373.3607688460752,247.94080290688507,704.32542285574971,256.93848643213607,770.55921332997184,0,5.2501188781707597,7.688219523165996,12.8872,0.79044608843624531,1.0000000000063991,1027.4976997621079,1027.4976997621079
情景一阈值控制,18.343446886298576,14571.707751028547,75.232480591368528,4395.7922267046515,247.76062957326448,709.50691210215814,257.98751772106021,774.51149795384242,0,5.2827084921613174,7.7332046388104416,12.8872,0.79005158113846363,1.000000000006428,1032.4990156749027,1032.4990156749027
情景一阈值控制,18.390666193748736,14544.337700185459,75.232480591375293,4418.1703575296024,247.5741174204785,714.68534427307554,259.03654900998464,778.45438668305621,0,5.3152705698451062,7.778113767030276,12.8872,0.7896564927530586,1.0000000000064557,1037.4909356930409,1037.4909356930409
情景一阈值控制,18.437885501198892,14517.030228859505,75.232480591382071,4440.4952832490853,247.38139256514989,719.86061473486893,260.08558029890901,782.38790100060339,0,5.3478050706838545,7.8229468603326522,12.8872,0.78926082303257994,1.0000000000064841,1042.4734812995125,1042.4734812995125
情景一阈值控制,18.485104808649048,14489.785193967426,75.232480591388892,4462.767125512486,247.18257898985786,725.03262093883109,261.1346115878336,786.31206234035574,0,5.380311954122118,7.8677038714615346,12.8872,0.7888645717318995,1.0000000000065117,1047.4466739281893,1047.4466739281893
情景一阈值控制,18.532324116099204,14462.602452753117,75.232480591395742,4484.9860056910466,246.97779857854573,730.20126238588352,262.18364287675831,790.22689208717816,0,5.4127911795874386,7.9123847533987028,12.8872,0.7884677386082195,1.0000000000065392,1052.4105349639365,1052.4105349639365
情景一阈值控制,18.579543423549364,14435.481862786874,75.232480591402606,4507.1520448785041,246.76717115133746,735.36644059187233,263.23267416568314,794.13241157704067,0,5.4452427064905038,7.956989459364789,12.8872,0.78807032342108174,1.0000000000065667,1057.3650857427237,1057.3650857427237
情景一阈值控制,18.62676273099952,14408.423281964644,75.232480591409512,4529.2653638917191,246.55081449875041,740.52805905346634,264.28170545460807,798.02864209712959,0,5.4776664942253044,8.0015179428202856,12.8872,0.78767232593237657,1.0000000000065938,1062.3103475517378,1062.3103475517378
情景一阈值控制,18.67398203844968,14381.42656850729,75.232480591416447,4551.3260832713195,246.32884441538101,745.68602321458502,265.33073674353318,801.91560488596065,0,5.5100625021693181,8.045970157466602,12.8872,0.78727374590635146,1.0000000000066214,1067.2463416294938,1067.2463416294938
情景一阈值控制,18.721201345899836,14354.491580959833,75.23248059142341,4573.3343232823217,246.10137473301711,750.8402404333948,266.3797680324584,805.79332113348835,0,5.5424306896836484,8.0903460572470518,12.8872,0.78687458310962022,1.000000000006648,1072.1730891659467,1072.1730891659467
情景一阈值控制,18.768420653349992,14327.618178190731,75.232480591430402,4595.2902039147684,245.86851735320286,755.99061994985789,267.42879932138368,809.66181198121876,0,5.5747710161132149,8.1346455963479194,12.8872,0.78647483731117129,1.0000000000066753,1077.0906113026024,1077.0906113026024
情景一阈值控制,18.815639960800151,14300.806219391117,75.232480591437422,4617.1938448843548,245.630382279261,761.13707285381929,268.47783061030918,813.5210985223199,0,5.6070834407869041,8.1788687291994613,12.8872,0.78607450828237768,1.000000000006702,1081.9989291326292,1081.9989291326292
情景一阈值控制,18.862859268250308,14274.055564074084,75.232480591444471,4639.0453656330519,245.3870776477867,766.27951205362251,269.52686189923475,817.37120180173042,0,5.6393679230177343,8.223015410476938,12.8872,0.78567359579700469,1.0000000000067282,1086.8980637009652,1086.8980637009652
情景一阈值控制,18.910078575700467,14247.366072073928,75.232480591451534,4660.8448853297405,245.13870975962669,771.41785224524358,270.57589318816048,821.21214281627294,0,5.6716244221030365,8.2670855951016495,12.8872,0.78527209963121924,1.0000000000067548,1091.7880360044335,1091.7880360044335
情景一阈值控制,18.957297883150623,14220.737603545431,75.232480591458639,4682.5925228708256,244.88538311035461,776.55200988192246,271.62492447708632,825.04394251476083,0,5.7038528973246061,8.3110792382419501,12.8872,0.78487001956359925,1.0000000000067806,1096.6688669918472,1096.6688669918472
情景一阈值控制,19,14196.708952149898,75.232480591465077,4702.2151173585798,244.65210649266129,781.1913434073839,272.57360117518596,828.50132272443579,0,5.7329741010632702,8.3507983254308531,12.8872,0.78450590113853835,1.0000000000068039,1101.0749238996218,1101.0749238996218
情景一阈值控制,19.004517190600779,14194.17001896311,75.232480591465759,4704.2883968808683,244.62720042021303,781.68190314433309,272.67395576601223,828.86662179811105,0,5.7360533079488834,8.3549962953142956,12.8872,0.78446735537514156,1.0000000000068066,1101.5405775641234,1101.5405775641234
情景一阈值控制,19.051736498050936,14167.663179120509,75.232480591472921,4725.9326257132025,244.36426266357918,786.80745191122639,273.72298705493824,832.68020151945166,0,5.768225613227119,8.3988367219842512,12.8872,0.78406410684927164,1.0000000000068323,1106.4031885743898,1106.4031885743898
情景一阈值控制,19.098955805501095,14141.216945129445,75.232480591480098,4747.5253274505603,244.09666909794626,791.92857773055857,274.77201834386454,836.48470248423189,0,5.800369772395543,8.4426004741675378,12.8872,0.78366027377185188,1.0000000000068578,1111.2567208280964,1111.2567208280964
情景一阈值控制,19.146175112951255,14114.831178419301,75.232480591487288,4769.0666199056805,243.82451729242052,797.04520379110193,275.8210496327909,840.28014545033034,0,5.832485744675532,8.4862875080310474,12.8872,0.78325585593119107,1.0000000000068825,1116.1011950831212,1116.1011950831212
情景一阈值控制,19.193394420401411,14088.505740736287,75.232480591494522,4790.5566206219319,243.54790315574445,802.15725489453121,276.87008092171737,844.06655112816429,0,5.8645734892737824,8.5298977799938687,12.8872,0.78285085311805236,1.000000000006908,1120.9366320498816,1120.9366320498816
情景一阈值控制,19.240613727851567,14062.240494142721,75.232480591501769,4811.9954468739361,243.26692096385469,807.26465742797518,277.9191122106439,847.84394018079911,0,5.8966329653824872,8.5734312467283402,12.8872,0.78244526512566326,1.0000000000069327,1125.7630523914431,1125.7630523914431
情景一阈值控制,19.287833035301723,14036.035301016305,75.232480591509059,4833.3832156681692,242.9816633869878,812.36733933701748,278.9681434995706,851.61233322405508,0,5.9286641321795006,8.6168878651610541,12.8872,0.78203909174972341,1.0000000000069575,1130.5804767236257,1130.5804767236257
情景一阈值控制,19.335052342751879,14009.890024049402,75.232480591516378,4854.7200437435849,242.69222151634534,817.4652300991404,280.01717478849741,855.37175082661611,0,5.960666948828516,8.6602675924739003,12.8872,0.78163233278841437,1.0000000000069822,1135.3889256151135,1135.3889256151135
情景一阈值控制,19.382271650202039,13983.804526248316,75.232480591523725,4876.0060475722221,242.39868489031167,822.55826069761508,281.06620607742445,859.12221351013739,0,5.9926413744792368,8.7035703861050866,12.8872,0.78122498804240781,1.0000000000070062,1140.1884195875618,1140.1884195875618
情景一阈值控制,19.429490957652199,13957.778670932586,75.232480591531072,4897.2413433598113,242.10114152022081,827.64636359584119,282.11523736635161,862.8637417493527,0,6.0245873682675484,8.7467962037501739,12.8872,0.78081705731487461,1.0000000000070308,1144.9789791157043,1144.9789791157043
情景一阈值控制,19.476710265102355,13931.812321734249,75.232480591538462,4918.4260470463896,241.79967791572346,832.7294727120875,283.16426865527882,866.5963559721821,0,6.0565048893156934,8.7899450033630995,12.8872,0.7804085404114941,1.0000000000070546,1149.7606246274609,1149.7606246274609
情景一阈值控制,19.523929572552511,13905.905342597149,75.23248059154588,4939.5602743069076,241.49437910972324,837.80752339466414,284.21329994420614,870.32007655983864,0,6.0883938967324553,8.8330167431572164,12.8872,0.77999943714046216,1.0000000000070781,1154.5333765040448,1154.5333765040448
情景一阈值控制,19.571148880002667,13880.057597776198,75.232480591553326,4960.6441405518335,241.18532868290018,842.8804523975042,285.26233123313364,874.0349238469355,0,6.1202543496133233,8.8760113816063182,12.8872,0.77958974731250041,1.0000000000071021,1159.2972550800691,1159.2972550800691
情景一阈值控制,19.618368187452827,13854.268951836688,75.232480591560787,4981.6777609277588,240.8726087878257,847.94819785615618,286.31136252206124,877.74091812159281,0,6.1520862070406777,8.9189288774456674,12.8872,0.77917947074086558,1.0000000000071252,1164.0522806436541,1164.0522806436541
情景一阈值控制,19.665587494902983,13828.539269653573,75.232480591568262,5002.6612503179967,240.55630017268001,853.01069926417142,287.36039381098897,881.43807962554206,0,6.1838894280839529,8.9617691896730207,12.8872,0.77876860724135744,1.0000000000071485,1168.7984734365309,1168.7984734365309
情景一阈值控制,19.712806802353143,13802.868416410753,75.232480591575779,5023.5947233431962,240.2364822045817,858.06789744988328,288.40942509991692,885.1264285542353,0,6.2156639717998363,9.0045322775496714,12.8872,0.77835715663232818,1.0000000000071714,1173.5358536541521,1173.5358536541521
情景一阈值控制,19.760026109803299,13777.25625760038,75.232480591583311,5044.4782943619284,239.91323289253748,863.11973455356031,289.45845638884487,888.80598505694752,0,6.2474097972324243,9.0472181006014623,12.8872,0.77794511873469141,1.0000000000071942,1178.2644414457923,1178.2644414457923
情景一阈值控制,19.807245417253455,13751.702659022149,75.232480591590871,5065.3120774712943,239.58662890998909,868.16615400496687,290.50748767777299,892.47676923688527,0,6.2791268634134196,9.0898266186198295,12.8872,0.77753249337193053,1.0000000000072164,1182.9842569146583,1182.9842569146583
情景一阈值控制,19.854464724703611,13726.207486782587,75.232480591598446,5086.0961865075224,239.25674561700507,873.20710050127639,291.55651896670122,896.13880115128995,0,6.3108151293623003,9.1323577916628267,12.8872,0.77711928037010758,1.0000000000072391,1187.6953201179913,1187.6953201179913
情景一阈值控制,19.901684032153771,13700.770607294364,75.232480591606063,5106.8307350465639,238.9236570821042,878.2425199853526,292.60555025562968,899.79210081154451,0,6.3424745540865057,9.1748115800561525,12.8872,0.77670547955787272,1.0000000000072613,1192.3976510671741,1192.3976510671741
情景一阈值控制,19.94890333960393,13675.391887275584,75.232480591613694,5127.5158364046838,238.58743610371573,883.27235962439363,293.6545815445582,903.43668818327615,0,6.3741050965816095,9.217187944394178,12.8872,0.77629109076647229,1.0000000000072833,1197.0912697278343,1197.0912697278343
情景一阈值控制,19.996122647054086,13650.071193749096,75.232480591621339,5148.1516036390576,238.24815423128214,888.29656778893468,294.70361283348683,907.07258318646257,0,6.4057067158315073,9.2594868455409767,12.8872,0.77587611382975796,1.0000000000073053,1201.7761960199493,1201.7761960199493
情景一阈值控制,20,13647.99459135357,75.232480591621979,5149.8438948863031,238.22016072188867,888.70887244660707,294.78975269402537,907.37075447420364,0,6.4083003560438021,9.2629567228762895,12.8872,0.77584201239486905,1.0000000000073073,1202.1605071682291,1202.1605071682291
情景一阈值控制,20.043341954504243,13624.80839404178,75.232480591629013,5168.7381495483687,237.90588178601197,893.31509403220014,295.75264412241563,910.69980569553672,0,6.4372793708085991,9.3017082446313637,12.8872,0.77546054858419566,1.0000000000073268,1206.4524498179524,1206.4524498179524
情景一阈值控制,20.090561261954399,13599.603355783876,75.232480591636715,5189.2755866733933,237.56068788129221,898.32788906979374,296.80167541134449,914.31837553948958,0,6.4688230204739705,9.3438521030719048,12.8872,0.775044394868874,1.0000000000073483,1211.120050950834,1211.120050950834
情景一阈值控制,20.137780569404558,13574.455946908261,75.232480591644432,5209.7640272975923,237.2126404427687,903.33490475972405,297.85070670027358,917.9283125019748,0,6.5003376237775754,9.3859183825419681,12.8872,0.77462765252551358,1.000000000007369,1215.7790192022485,1215.7790192022485
情景一阈值控制,20.184999876854715,13549.366035649793,75.232480591652177,5230.2035834476947,236.86180622808786,908.33609408276322,298.89973798920272,921.52963632141189,0,6.5318231396584165,9.4279070449947255,12.8872,0.77421032139847523,1.0000000000073905,1220.4293743106145,1220.4293743106145
情景一阈值控制,20.232219184304874,13524.333490544583,75.232480591659936,5250.5943668942964,236.50825084630193,913.33141112314968,299.94876927813203,925.12236669109075,0,6.563279527044739,9.469818052658205,12.8872,0.77379240133476945,1.000000000007411,1225.0711359692227,1225.0711359692227
情景一阈值控制,20.27943849175503,13499.358180429337,75.232480591667724,5270.936489152431,236.15203877697118,918.32081104958422,300.99780056706146,928.70652325927301,0,6.5947067448542036,9.5116513680362988,12.8872,0.7733738921840646,1.0000000000074316,1229.7043238263345,1229.7043238263345
情景一阈值控制,20.326657799205186,13474.439974440646,75.232480591675525,5291.2300614821661,235.7932333889417,923.30425009655949,302.046831855991,932.28212562929696,0,6.6261047519940846,9.5534069539098088,12.8872,0.77295479379869592,1.000000000007452,1234.3289574852879,1234.3289574852879
情景一阈值控制,20.373877106655343,13449.578742014319,75.232480591683341,5311.4751948891826,235.43189695881247,928.28168554599267,303.0958631449206,935.84919335967925,0,6.6574735073614466,9.5950847733374616,12.8872,0.77253510603367448,1.0000000000074722,1238.9450565046,1238.9450565046
情景一阈值控制,20.421096414105502,13424.77435288468,75.232480591691186,5331.6720001253525,235.0680906890951,933.25307570917028,304.14489443385048,939.40774596421738,0,6.6888129698433403,9.6366847896569361,12.8872,0.77211482874669557,1.0000000000074925,1243.552640398068,1243.552640398068
情景一阈值控制,20.468315721555662,13400.026677083908,75.232480591699058,5351.8205876893226,234.70187472607404,938.2183799089878,305.19392572278048,942.95780291209167,0,6.7201230983169769,9.6782069664858934,12.8872,0.77169396179814798,1.000000000007512,1248.1517286348721,1248.1517286348721
情景一阈值控制,20.515535029005818,13375.335584941331,75.232480591706945,5371.921067827092,234.33330817737482,943.17755846248542,306.24295701171053,946.49938362796786,0,6.7514038516499264,9.7196512677229965,12.8872,0.7712725050511221,1.000000000007532,1252.7423406396783,1252.7423406396783
情景一阈值控制,20.562754336455974,13350.700947082765,75.232480591714861,5391.9735505325953,233.96244912924507,948.13057266366854,307.2919883006407,950.03250749209883,0,6.7826551887003088,9.7610176575489476,12.8872,0.7708504583714193,1.0000000000075511,1257.3244957927395,1257.3244957927395
情景一阈值控制,20.60997364390613,13326.122634429836,75.232480591722791,5411.9781455482689,233.58935466353347,953.07738476662985,308.34101958957103,953.55719384042641,0,6.8138770683169749,9.8023061004275043,12.8872,0.77042782162756018,1.0000000000075706,1261.8982134299974,1261.8982134299974
情景一阈值控制,20.657192951356286,13301.60051819928,75.232480591730749,5431.9349623656353,233.21408087440102,958.01795796893975,309.39005087850148,957.07346196468131,0,6.845069449339702,9.8435165611065045,12.8872,0.77000459469079385,1.000000000007589,1266.4635128431828,1266.4635128431828
情景一阈值控制,20.704412258806446,13277.134469902307,75.232480591738707,5451.8441102258739,232.83668288475471,962.95225639531373,310.4390821674321,960.58133111248628,0,6.8762322905993836,9.8846490046188968,12.8872,0.76958077743510578,1.0000000000076081,1271.0204132799183,1271.0204132799183
情景一阈值控制,20.751631566256606,13252.724361343893,75.232480591746707,5471.7056981203896,232.45721486240697,967.88024508155286,311.4881134563629,964.08082048745484,0,6.9073655509182155,9.9257033962837529,12.8872,0.76915636973722767,1.0000000000076266,1275.5689339438177,1275.5689339438177
情景一阈值控制,20.798850873706762,13228.370064622128,75.232480591754708,5491.5198347913838,232.07573003596704,972.80188995875415,312.53714474529374,967.57194924929331,0,6.9384691891098926,9.9666797017073012,12.8872,0.76873137147664528,1.0000000000076448,1280.1090939945871,1280.1090939945871
情景一阈值控制,20.846070181156918,13204.071452127539,75.232480591762737,5511.2866287324359,231.69228071046794,977.71715783778382,313.58617603422471,971.05473651390105,0,6.9695431639798047,10.007577886783951,12.8872,0.76830578253560733,1.0000000000076632,1284.6409125481257,1284.6409125481257
情景一阈值控制,20.893289488607074,13179.82839654242,75.232480591770795,5531.006188189056,231.30691828273763,982.62601639400623,314.63520732315584,974.52920135347006,0,7.0005874343252215,10.048397917697304,12.8872,0.76787960279913459,1.000000000007681,1289.164408676626,1289.164408676626
情景一阈值控制,20.940508796057234,13155.640770840164,75.232480591778867,5550.6786211592625,230.91969325652011,987.52843415226278,315.68423861208714,977.99536279658594,0,7.0316019589354939,10.08913976092119,12.8872,0.76745283215502791,1.0000000000076987,1293.6796014086731,1293.6796014086731
情景一阈值控制,20.98772810350739,13131.508448284612,75.232480591786953,5570.3040353941433,230.53065525733962,992.42438047210624,316.7332699010185,981.45323982832554,0,7.0625866965922377,10.129803383220674,12.8872,0.76702547049387748,1.0000000000077167,1298.1865097293439,1298.1865097293439
情景一阈值控制,21,13125.245701347954,75.232480591789042,5575.3968291477086,230.42925680712762,993.69573210540864,317.00590421292293,982.35055869951361,0,7.0706344847098102,10.140358702679684,12.8872,0.76691430605900157,1.0000000000077212,1299.3564629124367,1299.3564629124367
情景一阈值控制,21.03494741095755,13107.431302429368,75.232480591795053,5589.8825383984231,230.13985304711488,997.3138255332882,317.78230118995003,984.90285139035927,0,7.0935416060695431,10.170388751653087,12.8872,0.76659751770907147,1.0000000000077338,1302.6851525803092,1302.6851525803092
情景一阈值控制,21.082166718407706,13083.409207117149,75.232480591803167,5609.4142374310222,229.7473345385423,1002.1967403214727,318.83133247888168,988.34421638104766,0,7.124466646134155,10.210895833569039,12.8872,0.76616897369680415,1.0000000000077507,1307.1755488599292,1307.1755488599292
情景一阈值控制,21.129386025857862,13059.44203647912,75.232480591811296,5628.8992395056239,229.35314680923557,1007.0730966141978,319.88036376781338,991.77735365554247,0,7.1553617755456793,10.251324596613443,12.8872,0.76573983835608506,1.0000000000077676,1311.6577174233557,1311.6577174233557
情景一阈值控制,21.176605333308018,13035.529664934238,75.232480591819439,5648.3376513912335,228.9573361156317,1011.9428669670668,320.92939505674531,995.20228202588407,0,7.1862269530567797,10.291675008726539,12.8872,0.7653101115887474,1.0000000000077849,1316.1316770826293,1316.1316770826293
情景一阈值控制,21.223824640758178,13011.671967188582,75.232480591827596,5667.7295796127391,228.55994790666506,1016.8060247001745,321.97842634567735,998.61902026110101,0,7.2170621374133681,10.331947038144902,12.8872,0.7648797932994571,1.0000000000078013,1320.5974466067782,1320.5974466067782
情景一阈值控制,21.271043948208337,12987.86881823472,75.232480591835795,5687.0751304514624,228.16102683721627,1021.6625438847537,323.02745763460962,1002.0275870873074,0,7.247867287354806,10.372140653402457,12.8872,0.76444888339572081,1.0000000000078173,1325.0550447219171,1325.0550447219171
情景一阈值控制,21.318263255658493,12964.120093351035,75.232480591844023,5706.3744099457217,227.76061678134107,1026.5123993300472,324.07648892354189,1005.4280011878016,0,7.2786423616141009,10.412255823331503,12.8872,0.76401738178789491,1.0000000000078333,1329.5044901113433,1329.5044901113433
情景一阈值控制,21.36548256310865,12940.42566810107,75.232480591852251,5725.6275238913922,227.35876084528243,1031.3555665703927,325.12552021247427,1008.8202812031643,0,7.3093873189181116,10.452292517063736,12.8872,0.76358528838919393,1.0000000000078495,1333.9458014156385,1333.9458014156385
情景一阈值控制,21.412701870558806,12916.785418332887,75.232480591860494,5744.83457784245,226.95550138025513,1036.1920218525361,326.17455150140682,1012.2044457313559,0,7.340102117987743,10.492250704031248,12.8872,0.76315260311569943,1.0000000000078655,1338.3789972327627,1338.3789972327627
情景一阈值控制,21.459921178008965,12893.199220178412,75.23248059186875,5763.995677111534,226.55087999503004,1041.0217421231439,327.22358279033955,1015.5805133278143,0,7.3707867175381487,10.532130353967554,12.8872,0.76271932588636837,1.0000000000078813,1342.8040961181539,1342.8040961181539
情景一阈值控制,21.507140485459121,12869.666950052788,75.232480591877021,5783.1109267704896,226.14493756830788,1045.8447050165269,328.27261407927239,1018.9485025055506,0,7.4014410762789238,10.571931436908597,12.8872,0.7622854566230417,1.0000000000078961,1347.221116584823,1347.221116584823
情景一阈值控制,21.554359792909281,12846.188484653718,75.23248059188532,5802.1804316509269,225.73771426088678,1050.6608888425712,329.3216453682054,1022.3084317352491,0,7.4320651529143209,10.611653923193767,12.8872,0.76185099525045286,1.0000000000079114,1351.6300771034544,1351.6300771034544
情景一阈值控制,21.601579100359437,12822.763700960837,75.232480591893619,5821.2042963447639,225.32924952762809,1055.4702725748659,330.37067665713846,1025.6603194453605,0,7.4626589061434352,10.651297783466902,12.8872,0.76141594169623661,1.0000000000079261,1356.0309961024991,1356.0309961024991
情景一阈值控制,21.648798407809593,12799.392476235047,75.232480591901947,5840.1826252047795,224.91958212922347,1060.2728358390366,331.41970794607164,1029.0041840222016,0,7.4932222946604243,10.690862988677319,12.8872,0.76098029589093719,1.0000000000079408,1360.4238919682732,1360.4238919682732
情景一阈值控制,21.69601771525975,12776.074688017889,75.232480591910274,5859.115522345156,224.50875014376874,1065.0685589012646,332.46873923500499,1032.3400438100498,0,7.5237552771546978,10.730349510080806,12.8872,0.76054405776801715,1.000000000007955,1364.8087830450547,1364.8087830450547
情景一阈值控制,21.743237022709909,12752.810214130892,75.23248059191863,5878.003091642031,224.0967909781495,1069.857422656999,333.51777052393851,1035.6679171112398,0,7.5542578123111328,10.769757319240643,12.8872,0.7601072272638657,1.0000000000079694,1369.1856876351783,1369.1856876351783
情景一阈值控制,21.790456330160069,12729.598932674937,75.232480591927001,5896.8454367340319,223.68374137923283,1074.6394086198604,334.56680181287214,1038.9878221862593,0,7.5847298588102641,10.809086388028597,12.8872,0.75966980431780751,1.0000000000079832,1373.5546239991315,1373.5546239991315
情景一阈值控制,21.837675637610225,12706.440722029625,75.232480591935385,5915.6426610228227,223.26963744487219,1079.4144989107319,335.61583310180589,1042.2997772538447,0,7.6151713753284982,10.848336688625936,12.8872,0.75923178887211074,1.0000000000079972,1377.9156103556506,1377.9156103556506
情景一阈值控制,21.884894945060381,12683.335460852628,75.232480591943784,5934.3948676736572,222.8545146347366,1084.182676247025,336.66486439073975,1045.6038004910768,0,7.6455823205383231,10.887508193524448,12.8872,0.75879318087199588,1.0000000000080109,1382.2686648818164,1382.2686648818164
情景一阈值控制,21.932114252510537,12660.283028079051,75.232480591952196,5953.1021596158998,222.43840778095759,1088.9439239321289,337.71389567967373,1048.8999100334763,0,7.6759626531085061,10.926600875527427,12.8872,0.75835398026564405,1.0000000000080245,1386.61380571315,1386.61380571315
情景一阈值控制,21.979333559960693,12637.283302920816,75.232480591960623,5971.7646395435795,222.02135109859915,1093.6982258450346,338.76292696860787,1052.1881239750976,0,7.7063123317043045,10.965614707750685,12.8872,0.75791418700420565,1.0000000000080378,1390.9510509437055,1390.9510509437055
情景一阈值控制,22,12627.233581516559,75.232480591964318,5979.9185614069447,221.8385279888231,1095.7768484956978,339.2220557318791,1053.6247947527172,0,7.7195857988493328,10.982665049521959,12.8872,0.75772151653835573,1.0000000000080429,1392.8468504845964,1392.8468504845964
情景一阈值控制,22.026552867410853,12614.336164866007,75.232480591969079,5990.3824099159265,221.60337819595412,1098.4455664301336,339.81195825754219,1055.4684603686258,0,7.7366313149876742,11.00454966362356,12.8872,0.75747380104180873,1.0000000000080502,1395.2804186261678,1395.2804186261678
情景一阈值控制,22.073772174861013,12591.44149367826,75.23248059197752,6008.9555729578979,221.18452208467022,1103.1859306871856,340.86098954647667,1058.7409372254681,0,7.7669195616174695,11.043405716889909,12.8872,0.75703282233556679,1.0000000000080635,1399.6019267719448,1399.6019267719448
情景一阈值控制,22.120991482311169,12568.599169396115,75.232480591985976,6027.4842306607243,220.76481518971084,1107.919304161454,341.91002083541116,1062.0055725158506,0,7.797177030249661,11.082182841609111,12.8872,0.75659125084558876,1.0000000000080762,1403.9155933512618,1403.9155933512618
情景一阈值控制,22.168210789761325,12545.809072332397,75.232480591994459,6045.9684847824446,220.34428935915173,1112.6456729340018,342.95905212434587,1065.2623841689133,0,7.8274036795375439,11.12088101215708,12.8872,0.7561490865349858,1.0000000000080882,1408.2214362932591,1408.2214362932591
情景一阈值控制,22.215430097211481,12523.071083073586,75.232480592002958,6064.4084368484328,219.92297587380725,1117.3650236121598,344.00808341328059,1068.5113900728006,0,7.8575994681319434,11.159500203227246,12.8872,0.75570632936988036,1.0000000000081004,1412.5194734860811,1412.5194734860811
情景一阈值控制,22.262649404661641,12500.38508247919,75.232480592011456,6082.8041881519357,219.50090545670574,1122.0773433201459,345.05711470221559,1071.7526080747587,0,7.8877643546814298,11.198040389831567,12.8872,0.75526297931941466,1.000000000008112,1416.8097227769742,1416.8097227769742
情景一阈值控制,22.309868712111797,12477.75095168113,75.232480592019968,6101.155839754595,219.07810828240551,1126.7826196898397,346.10614599115058,1074.9860559812257,0,7.9178982978325205,11.236501547301506,12.8872,0.75481903635575887,1.0000000000081239,1421.0922019723762,1421.0922019723762
情景一阈值控制,22.357088019561957,12455.168572083097,75.232480592028509,6119.4634924869897,218.65461398615653,1131.4808408517181,347.15517728008587,1078.2117515579284,0,7.9480012562299054,11.274883651289059,12.8872,0.75437450045411947,1.0000000000081357,1425.3669288380142,1425.3669288380142
情景一阈值控制,22.404307327012113,12432.637825359956,75.232480592037064,6137.7272469491509,218.2304516729092,1136.1719954259361,348.20420856902115,1081.4297125299722,0,7.9780731885166443,11.313186677767709,12.8872,0.75392937159274798,1.0000000000081466,1429.6339210989934,1429.6339210989934
情景一阈值控制,22.451526634462269,12410.158593457109,75.232480592045604,6155.9472035110994,217.80564992617428,1140.8560725135621,349.2532398579566,1084.6399565819365,0,8.0081140533343902,11.351410603033454,12.8872,0.75348364975294835,1.0000000000081579,1433.893196439893,1433.893196439893
情景一阈值控制,22.498745941912425,12387.730758589872,75.232480592054173,6174.1234623133705,217.38023681673712,1145.5330616879553,350.30227114689211,1087.8425013579656,0,8.0381238093235989,11.38955540370578,12.8872,0.75303733491908631,1.0000000000081688,1438.1447725048577,1438.1447725048577
情景一阈值控制,22.545965249362585,12365.354203242881,75.232480592062743,6192.2561232675289,216.95423991122962,1150.2029529862868,351.35130243582796,1091.0373644618626,0,8.0681024151237448,11.427621056728654,12.8872,0.75259042707859702,1.0000000000081795,1442.3886668976907,1442.3886668976907
情景一阈值控制,22.593184556812744,12343.028810169451,75.232480592071326,6210.345286056704,216.52768628055628,1154.8657369012046,352.40033372476387,1094.2245634571793,0,8.0980498293735277,11.465607539371515,12.8872,0.75214292622199364,1.0000000000081899,1446.6248971819432,1446.6248971819432
情景一阈值控制,22.6404038642629,12320.754462390983,75.232480592079924,6228.3910501361052,216.10060250818023,1159.5214043726401,353.44936501369983,1097.4041158673115,0,8.1279660107110914,11.503514829230255,12.8872,0.75169483234287537,1.0000000000082001,1450.8534808810114,1450.8534808810114
情景一阈值控制,22.687623171713057,12298.531043196332,75.232480592088535,6246.393514733546,215.67301469827635,1164.1699467797478,354.49839630263585,1100.5760391755878,0,8.1578509177742529,11.541342904228221,12.8872,0.751246145437936,1.0000000000082099,1455.0744354782237,1455.0744354782237
情景一阈值控制,22.734842479163213,12276.358436141201,75.232480592097161,6264.3527788499632,215.24494848374709,1168.8113559329804,355.5474275915721,1103.7403508253635,0,8.1877045092006959,11.579091742617187,12.8872,0.75079686550697156,1.0000000000082199,1459.2877784169357,1459.2877784169357
情景一阈值控制,22.782061786613372,12254.236525047543,75.232480592105802,6282.2689412599375,214.81642903410511,1173.4456240662973,356.59645888050852,1106.8970682201111,0,8.2175267436282056,11.616761322978343,12.8872,0.75034699255288939,1.0000000000082294,1463.4935271006198,1463.4935271006198
情景一阈值控制,22.829281094063528,12232.165194002942,75.232480592114442,6300.1421005122047,214.38748106322544,1178.0727438295037,357.645490169445,1110.0462087235098,0,8.2473175796948723,11.654351624223263,12.8872,0.74989652658171546,1.0000000000082394,1467.6916988929547,1467.6916988929547
情景一阈值控制,22.876500401513688,12210.144327359998,75.232480592123096,6317.9723549301816,213.95812883696894,1182.6927082807185,358.69452145838164,1113.1877896595399,0,8.2770769760393197,11.691862625594913,12.8872,0.74944546760260367,1.0000000000082476,1471.8823111179215,1471.8823111179215
情景一阈值控制,22.923719708963844,12188.173809735743,75.232480592131736,6335.7598026124697,213.52839618068171,1187.3055108789645,359.7435527473184,1116.3218283125707,0,8.3068048913009154,11.729294306668603,12.8872,0.74899381562784229,1.0000000000082572,1476.0653810598892,1476.0653810598892
情景一阈值控制,22.970939016414,12166.253526011013,75.232480592140405,6353.5045414333808,213.09830648657021,1191.9111454768861,360.79258403625522,1119.4483419274525,0,8.336501284119997,11.76664664735298,12.8872,0.74854157067286375,1.0000000000082663,1480.2409259637077,1480.2409259637077
情景一阈值控制,23,12152.787674044048,75.232480592145734,6364.4042999186076,212.83344153549669,1194.7421039096917,361.43820725089427,1121.3688121945509,0,8.3547621534677656,11.789595585765227,12.8872,0.74826294307926133,1.0000000000082714,1482.8070194454451,1482.8070194454451
情景一阈值控制,23.018158323864157,12144.383361329858,75.232480592149074,6371.206669043444,212.66788272094894,1196.50960631359,361.84161532519232,1122.5673477096068,0,8.3661661131380907,11.803919627891004,12.8872,0.74808873275625243,1.0000000000082745,1484.4089630347992,1484.4089630347992
情景一阈值控制,23.065377631314316,12122.563201098937,75.232480592157756,6388.8662828699198,212.2371474313739,1201.1008880076026,362.89064661412948,1125.6788628251161,0,8.3957993369981256,11.841113228860914,12.8872,0.74763530189975169,1.0000000000082829,1488.5695094392456,1488.5695094392456
情景一阈值控制,23.112596938764476,12100.792930986921,75.232480592166468,6406.483480117301,211.80612275365638,1205.6849855499461,363.93967790306681,1128.7829044008133,0,8.4254009143446567,11.878227431177208,12.8872,0.7471812781282734,1.0000000000082909,1492.7225823038802,1492.7225823038802
情景一阈值控制,23.159816246214632,12079.072436923887,75.232480592175165,6424.0583577678372,211.37483041875981,1210.2618942973309,364.98870919200419,1131.8794895243725,0,8.4549708038240858,11.915262216091605,12.8872,0.74672666146990507,1.0000000000082991,1496.8681987163768,1496.8681987163768
情景一阈值控制,23.207035553664788,12057.401605100731,75.23248059218389,6441.591012582031,210.94329175958228,1214.8316099654635,366.03774048094175,1134.9686352443989,0,8.4845089640848919,11.952217565194031,12.8872,0.74627145195591849,1.0000000000083069,1501.0063757253406,1501.0063757253406
情景一阈值控制,23.254254861114944,12035.780321968552,75.232480592192601,6459.0815410991545,210.51152771762682,1219.3941286224651,367.08677176987942,1138.0503585705164,0,8.5140153537778396,11.989093460413576,12.8872,0.74581564962077729,1.000000000008314,1505.1371303403957,1505.1371303403957
情景一阈值控制,23.3014741685651,12014.208474238079,75.232480592201327,6476.5300396377461,210.07955884956138,1223.9494466824015,368.13580305881715,1141.1246764734581,0,8.5434899315562127,12.02588988401946,12.8872,0.74535925450214502,1.0000000000083216,1509.2604795322752,1509.2604795322752
情景一阈值控制,23.34869347601526,11992.685948879069,75.232480592210052,6493.9366042961219,209.64740533367231,1228.4975608989168,369.18483434775516,1144.191605885155,0,8.5729326560760359,12.062606818622003,12.8872,0.74490226664089376,1.0000000000083284,1513.3764402329102,1513.3764402329102
情景一阈值控制,23.39591278346542,11971.212633119707,75.232480592218792,6511.3013309528751,209.21508697620717,1233.0384683589805,370.23386563669322,1147.2511636988243,0,8.6023434859962897,12.099244247173582,12.8872,0.74444468608111136,1.0000000000083349,1517.4850293355175,1517.4850293355175
情景一阈值控制,23.443132090915576,11949.788414446035,75.232480592227546,6528.6243152673787,208.78262321761346,1237.572166476737,371.28289692563141,1150.3033667690577,0,8.6317223799791432,12.135802152969591,12.8872,0.74398651287010953,1.000000000008342,1521.586263694689,1521.586263694689
情景一阈值控制,23.490351398365732,11928.413180601332,75.2324805922363,6545.9056526802888,208.35003313867568,1242.0986529874579,372.3319282145697,1153.3482319119112,0,8.661069296690183,12.172280519649414,12.8872,0.74352774705843239,1.0000000000083484,1525.6801601264808,1525.6801601264808
情景一阈值控制,23.537570705815888,11907.086819585556,75.232480592245068,6563.1454384140452,207.91733546654996,1246.6179259415935,373.38095950350805,1156.3857759049913,0,8.6903841947986322,12.208679331197372,12.8872,0.74306838869986369,1.0000000000083547,1529.7667354084992,1529.7667354084992
情景一阈值控制,23.584790013266048,11885.809219654742,75.232480592253822,6580.3437674733686,207.48454858069798,1251.1299836989285,374.42999079244669,1159.4160154875444,0,8.7196670329775792,12.244998571943679,12.8872,0.74260843785143493,1.0000000000083606,1533.8460062799911,1533.8460062799911
情景一阈值控制,23.632009320716204,11864.580269320415,75.23248059226259,6597.5007346457569,207.05169051872289,1255.6348249228324,375.47902208138544,1162.4389673605435,0,8.7489177699041978,12.281238226565391,12.8872,0.74214789457343344,1.0000000000083666,1537.917989441929,1537.917989441929
情景一阈值控制,23.679228628166364,11843.399857349013,75.232480592271372,6614.6164345019861,206.61877898210835,1260.13244857461,376.5280533703243,1165.4546481867765,0,8.778136364259991,12.317398280087378,12.8872,0.74168675892941005,1.0000000000083724,1541.9827015571009,1541.9827015571009
情景一阈值控制,23.72644793561652,11822.267872761306,75.232480592280169,6631.6909613966009,206.18583134186363,1264.6228539079405,377.57708465926322,1168.4630745909321,0,8.807322774730995,12.353478717883245,12.8872,0.74122503098618708,1.0000000000083775,1546.0401592501953,1546.0401592501953
情景一阈值控制,23.773667243066676,11801.184204831796,75.232480592288951,6648.7244094684129,205.75286464407537,1269.1060404634163,378.62611594820225,1171.4642631596894,0,8.8364769600080333,12.389479525676313,12.8872,0.74076271081386591,1.0000000000083826,1550.0903791078917,1550.0903791078917
情景一阈值控制,23.820886550516832,11780.148743088166,75.232480592297748,6665.7168726409918,205.31989561536378,1273.5820080631713,379.67514723714146,1174.4582304418022,0,8.8655988787869262,12.425400689540536,12.8872,0.74029979848583505,1.0000000000083875,1554.1333776789438,1554.1333776789438
情景一阈值控制,23.868105857966992,11759.161377310669,75.232480592306544,6682.668444623162,204.88694066825232,1278.0507568055987,380.72417852608083,1177.4449929481877,0,8.8946884897687326,12.461242195901471,12.8872,0.73983629407877771,1.0000000000083924,1558.1691714742685,1558.1691714742685
情景一阈值控制,23.915325165417151,11738.221997531584,75.232480592315355,6699.5792189094836,204.45401590644732,1282.5122870601585,381.77320981502038,1180.4245671520118,0,8.9237457516599719,12.497004031537196,12.8872,0.73937219767267992,1.0000000000083971,1562.1977769670323,1562.1977769670323
情景一阈值控制,23.962544472867307,11717.330494034615,75.232480592324151,6716.4492887807528,204.02113713002979,1286.9665994622699,382.82224110395993,1183.3969694887751,0,8.952770623172853,12.532686183579264,12.8872,0.73890750935083782,1.0000000000084013,1566.219210592735,1566.219210592735
情景一阈值控制,24,11700.792812566346,75.232480592331143,6729.8021591254346,203.67780991677068,1290.4947377991082,383.6543587699677,1185.7496629463535,0,8.9757708080819896,12.560933472088458,12.8872,0.73853848611341366,1.0000000000084044,1569.4040217163213,1569.4040217163213
情景一阈值控制,24.009763780317463,11696.486757354316,75.232480592332962,6733.2787473044846,203.58831984056064,1291.4136949082952,383.8712723928997,1186.3622163564003,0,8.9817630630255199,12.568288639513646,12.8872,0.73844222919986557,1.0000000000084055,1570.2334887493,1570.2334887493
情景一阈值控制,24.05698308776762,11675.69067827554,75.232480592341787,6750.0676873354041,203.15557924610198,1295.8535745506026,384.92030368183953,1189.3203241153178,0,9.0107230299422678,12.603811387181661,12.8872,0.73797635730970312,1.0000000000084095,1574.2406277971572,1574.2406277971572
情景一阈值控制,24.104202395217779,11654.942147832839,75.232480592350612,6766.8162015159305,202.72293026615512,1300.2862397927138,385.96933497077953,1192.2713090885511,0,9.0396504826537853,12.639254414780909,12.8872,0.73750989377362386,1.000000000008413,1578.2406440593306,1578.2406440593306
情景一阈值控制,24.151421702667935,11634.241057309917,75.232480592359437,6783.5243822766615,202.29038753651787,1304.7116922845325,387.01836625971964,1195.2151875618015,0,9.0685453798973743,12.674617710866199,12.8872,0.73704283868824194,1.0000000000084168,1582.2335538215211,1582.2335538215211
情景一阈值控制,24.198641010118095,11613.587298239043,75.232480592368276,6800.1923218368629,201.85796541405904,1309.1299339176569,388.06739754865987,1198.1519757835354,0,9.0974076804172039,12.709901264350496,12.8872,0.73657519215352085,1.0000000000084195,1586.2193733321951,1586.2193733321951
情景一阈值控制,24.245860317568251,11592.980762400492,75.232480592377115,6816.8201122049431,201.42567798141471,1313.5409668207647,389.11642883760027,1201.0816899650672,0,9.1262373429645223,12.745105064505827,12.8872,0.73610695427277939,1.000000000008423,1590.1981188026675,1590.1981188026675
情景一阈值控制,24.293079625018407,11572.421341821968,75.23248059238594,6833.4078451789446,200.99353905160743,1317.9447933550828,390.16546012654072,1204.0043462806466,0,9.1550343262979066,12.780229100964226,12.8872,0.73563812515270111,1.0000000000084257,1594.1698064071873,1594.1698064071873
情景一阈值控制,24.340298932468563,11551.908928778057,75.232480592394779,6849.9556123470211,200.56156217258842,1322.3414161099281,391.21449141548123,1206.9199608675412,0,9.1837985891834908,12.815273363718646,12.8872,0.73516870490334041,1.0000000000084286,1598.1344522830225,1598.1344522830225
情景一阈值控制,24.387518239918723,11531.443415789641,75.232480592403604,6866.4635050879151,200.12976063170413,1326.7308378983259,392.26352270442203,1209.8285498261225,0,9.2125300903952088,12.850237843123885,12.8872,0.73469869363813101,1.0000000000084306,1602.0920725305446,1602.0920725305446
情景一阈值控制,24.434737547368883,11511.024695623351,75.232480592412443,6882.9316145714374,199.69814746008885,1331.1130617527001,393.31255399336294,1212.7301292199493,0,9.2412287887150129,12.885122529897503,12.8872,0.73422809147389256,1.0000000000084333,1606.0426832133121,1606.0426832133121
情景一阈值控制,24.481956854819039,11490.652661290997,75.232480592421297,6899.360031758948,199.2667354369845,1335.4880909206399,394.36158528230391,1215.6247150758527,0,9.2698946429331261,12.919927415120734,12.8872,0.73375689853083947,1.000000000008435,1609.9863003581565,1609.9863003581565
情景一阈值控制,24.529176162269195,11470.327206049009,75.23248059243015,6915.7488474038282,198.83553709398919,1339.8559288607339,395.41061657124504,1218.5123233840193,0,9.2985276118482805,12.954652490239413,12.8872,0.73328511493258675,1.0000000000084373,1613.9229399552644,1613.9229399552644
情景一阈值控制,24.576395469719351,11450.048223397875,75.232480592439003,6932.0981520519654,198.40456471923594,1344.216579238476,396.45964786018624,1221.3929700980757,0,9.327127654267942,12.98929774706488,12.8872,0.73281274080615877,1.0000000000084388,1617.8526179582618,1617.8526179582618
情景一阈值控制,24.623614777169507,11429.815607081588,75.232480592447857,6948.4080360422131,197.97383036149949,1348.570045922241,397.50867914912754,1224.2666711351719,0,9.3556947290085581,13.023863177774889,12.8872,0.73233977628199587,1.0000000000084399,1621.7753502842995,1621.7753502842995
情景一阈值控制,24.670834084619667,11409.629251087092,75.23248059245671,6964.6785895068761,197.54334583423781,1352.9163329793278,398.55771043806908,1227.1334423760643,0,9.3842287948957974,13.058348774914517,12.8872,0.73186622149396219,1.000000000008441,1625.6911528141334,1625.6911528141334
情景一阈值控制,24.718053392069827,11389.489049643713,75.232480592465549,6980.9099023721792,197.11312271956561,1357.2554446720671,399.60674172701079,1229.9932996651987,0,9.4127298107647768,13.09275453139707,12.8872,0.73139207657935268,1.0000000000084419,1629.6000413922095,1629.6000413922095
情景一阈值控制,24.765272699519983,11369.394897222624,75.232480592474403,6997.1020643587308,196.68317237216178,1361.5873854539998,400.65577301595249,1232.8462588107948,0,9.4411977354603103,13.127080440504979,12.8872,0.73091734167890099,1.0000000000084426,1633.5020318267473,1633.5020318267473
情景一阈值控制,24.812492006970139,11349.34668853627,75.232480592483242,7013.2551649820098,196.25350592311204,1365.9121599661148,401.70480430489431,1235.6923355849269,0,9.4696325278371543,13.161326495890714,12.8872,0.73044201693678601,1.0000000000084435,1637.3971398898211,1637.3971398898211
情景一阈值控制,24.859711314420295,11329.344318537836,75.232480592492095,7029.3692935528197,195.82413428368775,1370.2297730331538,402.7538355938363,1238.5315457236086,0,9.4980341467602365,13.19549269157767,12.8872,0.72996610250063987,1.0000000000084437,1641.2853813174449,1641.2853813174449
情景一阈值控制,24.906930621870455,11309.387682420685,75.232480592500963,7045.4445391777617,195.39506814906255,1374.540229659978,403.80286688277846,1241.3639049268743,0,9.5264025511049084,13.229579021961062,12.8872,0.72948959852155459,1.0000000000084437,1645.1667718096528,1645.1667718096528
情景一阈值控制,24.954149929320611,11289.476675617818,75.23248059250983,7061.4809907597028,194.96631800196781,1378.8435350279924,404.85189817172062,1244.1894288588605,0,9.5547376997571671,13.263585481808823,12.8872,0.72901250515408988,1.0000000000084441,1649.0413270305812,1649.0413270305812
情景一阈值控制,25,11270.186601016143,75.232480592518428,7077.0153881638516,194.5503126048562,1383.0152176226204,405.87051028909804,1246.9264939390082,0,9.5822193408611493,13.296529408341817,12.8872,0.72854868239970672,1.000000000008443,1652.7970042281063,1652.7970042281063
情景一阈值控制,25.00136923677077,11269.611193801307,75.232480592518684,7077.4787369982405,194.53789411628563,1383.1396944916378,405.90092946066301,1247.00813314789,0,9.5830395516139291,13.297512066262495,12.8872,0.7285348225562801,1.0000000000084435,1652.9090626085531,1652.9090626085531
情景一阈值控制,25.048588544220927,11249.791132881779,75.232480592527537,7093.4378663901653,194.10980656058385,1387.428713574935,406.94996074960551,1249.820033386552,0,9.6113080655832412,13.331358770838106,12.8872,0.72805655088964105,1.0000000000084432,1656.7699941361575,1656.7699941361575
情景一阈值控制,25.095807851671083,11230.01638900784,75.232480592536405,7109.3584672299294,193.68206520159171,1391.7105979680932,407.99899203854807,1252.6251451317844,0,9.6395432005845407,13.365125591427068,12.8872,0.72757769031917807,1.0000000000084419,1660.6241371703325,1660.6241371703325
情景一阈值控制,25.143027159121239,11210.286858565552,75.232480592545258,7125.2406276101046,193.25467970761844,1395.9853535241718,409.04802332749074,1255.4234839049557,0,9.6677449155488997,13.39881252429705,12.8872,0.72709824101339171,1.0000000000084415,1664.4715072324464,1664.4715072324464
情景一阈值控制,25.190246466571399,11190.602438177875,75.232480592554111,7141.084435421848,192.82765955191462,1400.2529862557999,410.0970546164337,1258.215065191946,0,9.6959131694192617,13.432419566092863,12.8872,0.7266182031442866,1.0000000000084404,1668.3121198083797,1668.3121198083797
情景一阈值控制,25.237465774021558,11170.963024704139,75.232480592562965,7156.8899783553588,192.40101401597758,1404.5135023319533,411.14608590537671,1260.9999044432279,0,9.7240479211506905,13.465946713837331,12.8872,0.72613757688737701,1.0000000000084395,1672.1459903486048,1672.1459903486048
情景一阈值控制,25.284685081471714,11151.368515239497,75.232480592571818,7172.6573439003369,191.9747521928027,1408.7669080747819,412.19511719431978,1263.7780170739477,0,9.7521491297106078,13.499393964932166,12.8872,0.72565636242169496,1.0000000000084375,1675.9731342682676,1675.9731342682676
情景一阈值控制,25.33190438892187,11131.818807114385,75.232480592580657,7188.3866193464482,191.54888299008024,1413.0132099564969,413.24414848326296,1266.5494184640058,0,9.7802167540790563,13.532761317158846,12.8872,0.72517455992979629,1.0000000000084359,1679.7935669472688,1679.7935669472688
情景一阈值控制,25.379123696372027,11112.313797893983,75.232480592589511,7204.0778917837752,191.12341513333956,1417.2524145963048,414.29317977220632,1269.3141239581385,0,9.8082507532489291,13.566048768679478,12.8872,0.72469216959776839,1.0000000000084339,1683.6073037303447,1683.6073037303447
情景一阈值控制,25.426343003822186,11092.853385377677,75.23248059259835,7219.7312481032786,190.69835716904026,1421.4845287573974,415.34221106114978,1272.0721488659972,0,9.8362510862262216,13.599256318037668,12.8872,0.72420919161523667,1.0000000000084317,1687.414359927147,1687.414359927147
情景一阈值控制,25.473562311272342,11073.43746759854,75.232480592607203,7235.3467749972415,190.2737174676131,1425.7095593439903,416.39124235009331,1274.8235084622283,0,9.8642177120302783,13.632383964159372,12.8872,0.72372562617537195,1.0000000000084295,1691.2147508123217,1691.2147508123217
情景一阈值控制,25.520781618722502,11054.065942822768,75.232480592616042,7250.9245589597413,189.84950422644982,1429.9275133984152,417.44027363903712,1277.5682179865551,0,9.8921505896940438,13.665431706353774,12.8872,0.72324147347489698,1.0000000000084266,1695.0084916255921,1695.0084916255921
情景一阈值控制,25.568000926172658,11034.738709549179,75.232480592624881,7266.4646862870877,189.42572547284371,1434.1383980982562,418.48930492798087,1280.3062926438549,0,9.9200496782643022,13.698399544314125,12.8872,0.72275673371409344,1.0000000000084239,1698.7955975718357,1698.7955975718357
情景一阈值控制,25.615220233622814,11015.455666508655,75.232480592633721,7281.9672430782812,189.00238906688094,1438.3422207535407,419.53833621692479,1283.0377476042415,0,9.9479149368019382,13.731287478118613,12.8872,0.72227140709680859,1.0000000000084208,1702.5760838211663,1702.5760838211663
情景一阈值控制,25.66243954107297,10996.216712663625,75.23248059264256,7297.4323152354655,188.57950270428407,1442.5389888039747,420.58736750586883,1285.7625980031435,0,9.9757463243821736,13.764095508231208,12.8872,0.72178549383046242,1.0000000000084179,1706.3499655090122,1706.3499655090122
情景一阈值控制,25.70965884852313,10977.021747207531,75.232480592651385,7312.8599884643772,188.15707391920861,1446.7287098162244,421.63639879481303,1288.4808589413824,0,10.003543800094828,13.796823635502509,12.8872,0.72129899412605436,1.0000000000084144,1710.1172577361954,1710.1172577361954
情景一阈值控制,25.75687815597329,10957.870669564305,75.23248059266021,7328.2503482747861,187.7351100869933,1450.9113914812465,422.68543008375741,1291.1925454852537,0,10.031307323044555,13.829471861170584,12.8872,0.72081190819816943,1.0000000000084113,1713.8779755690111,1713.8779755690111
情景一阈值控制,25.804097463423446,10938.763379387839,75.232480592669035,7343.6034799809577,187.3136184268638,1455.0870416116622,423.73446137270179,1293.8976726666044,0,10.059036852351101,13.862040186861826,12.8872,0.72032423626498621,1.0000000000084075,1717.6321340393063,1717.6321340393063
情景一阈值控制,25.851316770873602,10919.699776561456,75.232480592677845,7358.919468702089,186.89260600459252,1459.2556681391777,424.78349266164628,1296.5962554829127,0,10.086732347149562,13.894528614591781,12.8872,0.71983597854828218,1.0000000000084035,1721.379748144559,1721.379748144559
情景一阈值控制,25.898536078323758,10900.679761197385,75.232480592686656,7374.19839936276,186.47207973511368,1463.4172791120461,425.83252395059094,1299.2883088973665,0,10.114393766590625,13.926937146765995,12.8872,0.71934713527344107,1.0000000000083991,1725.1208328479574,1725.1208328479574
情景一阈值控制,25.945755385773914,10881.703233636248,75.232480592695467,7389.4403566933779,186.05204638509528,1467.5718826925749,426.88155523953566,1301.9738478389409,0,10.142021069840823,13.959265786180838,12.8872,0.71885770666945925,1.0000000000083948,1728.8554030784765,1728.8554030784765
情景一阈值控制,25.992974693224074,10862.770094446523,75.232480592704263,7404.6454252306203,185.63251257546824,1471.7194871546747,427.93058652848055,1304.6528872024776,0,10.169614216082786,13.991514536024336,12.8872,0.71836769296895275,1.0000000000083902,1732.5834737309581,1732.5834737309581
情景一阈值控制,26,10859.956916502906,75.232480592705585,7406.9044939153964,185.57013726151445,1472.3359717274698,428.08666180828345,1305.0509211815172,0,10.173716613536858,13.99630569047658,12.8872,0.71829473855482029,1.0000000000083895,1733.1375829898006,1733.1375829898006
情景一阈值控制,26.040194000674234,10843.880244424041,75.232480592713074,7419.8136893178753,185.21348478391354,1475.8601008814501,428.97961781742566,1307.325441848762,0,10.197173164515497,14.023683399876999,12.8872,0.71787709440816327,1.0000000000083855,1736.3050596661876,1736.3050596661876
情景一阈值控制,26.08741330812439,10825.033584591441,75.23248059272187,7434.94523310569,184.79496934730798,1479.993732362831,430.02864910637072,1309.9915266046012,0,10.224697874354538,14.055772381712643,12.8872,0.71738591122696493,1.0000000000083806,1740.0201757109719,1740.0201757109719
情景一阈值控制,26.134632615574546,10806.23001619768,75.232480592730653,7450.0401405522043,184.37697246412949,1484.1203901932474,431.07768039531595,1312.6511562629025,0,10.252188304832355,14.087781485899219,12.8872,0.71689414366887083,1.0000000000083755,1743.7288366582184,1743.7288366582184
情景一阈值控制,26.181851923024702,10787.469440717494,75.232480592739435,7465.0984954235973,183.95950019682243,1488.2400830693387,432.12671168426129,1315.3043455827503,0,10.279644415198502,14.119710717199622,12.8872,0.71640179198103948,1.0000000000083702,1747.4310572670115,1747.4310572670115
情景一阈值控制,26.229071230474862,10768.751759850889,75.232480592748217,7480.1203812945223,183.54255847412352,1492.3528197877079,433.17574297320681,1317.9511092894838,0,10.307066164719904,14.15156008077251,12.8872,0.71590885641428104,1.0000000000083644,1751.1268522626906,1751.1268522626906
情景一阈值控制,26.276290537925018,10750.076875522631,75.232480592757,7495.1058815485449,183.12615309334922,1496.4586092427076,434.22477426215238,1320.5914620747724,0,10.334453512681096,14.183329582173105,12.8872,0.71541533722306416,1.0000000000083586,1754.8162363369247,1754.8162363369247
情景一阈值控制,26.323509845375177,10731.444689881726,75.232480592765768,7510.0550793785815,182.71028972264511,1500.5574604242724,435.27380555109818,1323.2254185966963,0,10.361806418384502,14.215019227354018,12.8872,0.71492123466552171,1.0000000000083527,1758.4992241477944,1758.4992241477944
情景一阈值控制,26.370729152825334,10712.855105300907,75.232480592774536,7524.9680577873323,182.2949739031979,1504.6493824157792,436.32283684004398,1325.8529934798189,0,10.38912484115067,14.246629022666037,12.8872,0.71442654900345759,1.0000000000083467,1762.1758303198628,1762.1758303198628
情景一阈值控制,26.41794846027549,10694.308024376125,75.232480592783304,7539.8448995877197,181.88021105141061,1508.7343843919521,437.37186812898989,1328.474201315267,0,10.416408740318538,14.278158974858936,12.8872,0.7139312805023531,1.0000000000083402,1765.846069444257,1765.846069444257
情景一阈值控制,26.465167767725646,10675.803349926038,75.232480592792044,7554.6856874033219,181.46600646104176,1512.8124756167972,438.42089941793597,1331.0890566608061,0,10.443658075245692,14.309609091082276,12.8872,0.71343542943137273,1.0000000000083336,1769.5099560787421,1769.5099560787421
情景一阈值控制,26.512387075175806,10657.340984991501,75.232480592800769,7569.4905036688042,181.05236530530891,1516.883665441577,439.46993070688217,1333.6975740409157,0,10.470872805308622,14.340979378886196,12.8872,0.71293899606337052,1.0000000000083271,1773.1675047477979,1773.1675047477979
情景一阈值控制,26.559606382625965,10638.92083283506,75.232480592809509,7584.259430630349,180.63929263895713,1520.9479633028172,440.51896199582848,1336.2997679468663,0,10.498052889902969,14.372269846222192,12.8872,0.71244198067489695,1.0000000000083198,1776.8187299426947,1776.8187299426947
情景一阈值控制,26.606825690076121,10620.542796940443,75.232480592818234,7598.992550346089,180.22679340029359,1525.0053787203476,441.56799328477484,1338.895652836796,0,10.525198288443796,14.403480501443926,12.8872,0.71194438354620382,1.0000000000083127,1780.4636461215709,1780.4636461215709
情景一阈值控制,26.654044997526277,10602.206781012055,75.232480592826946,7613.6899446865409,179.81487241318746,1529.0559212953799,442.61702457372132,1341.485243135784,0,10.552308960365849,14.434611353307995,12.8872,0.71144620496125155,1.0000000000083054,1784.1022677095052,1784.1022677095052
情景一阈值控制,26.701264304976434,10583.912688974475,75.232480592835657,7628.3516953350309,179.40353438903753,1533.099600708613,443.66605586266797,1344.0685532359296,0,10.579384865123799,14.465662410974717,12.8872,0.71094744520771469,1.0000000000082978,1787.7346090985975,1787.7346090985975
情景一阈值控制,26.748483612426593,10565.660424971946,75.232480592844354,7642.9778837881177,178.99278392870647,1537.1364267183767,444.7150871516148,1346.645597496424,0,10.606425962192521,14.496633684008911,12.8872,0.71044810457698782,1.0000000000082903,1791.3606846480388,1791.3606846480388
情景一阈值控制,26.795702919876749,10547.449893367886,75.232480592853051,7657.5685913560264,178.58262552442324,1541.1664091588023,445.76411844056156,1349.216390243628,0,10.633432211067335,14.527525182380655,12.8872,0.70994818336419241,1.000000000008282,1794.9805086841895,1794.9805086841895
情景一阈值控制,26.842922227326909,10529.280998744371,75.232480592861734,7672.1238991630771,178.17306356165366,1545.1895579380284,446.81314972950861,1351.7809457711464,0,10.660403571264283,14.558336916466081,12.8872,0.70944768186818152,1.000000000008274,1798.5940955006549,1798.5940955006549
情景一阈值控制,26.890141534777065,10511.153645901646,75.232480592870417,7686.6438881480981,177.76410232094031,1549.205883036436,447.8621810184556,1354.3392783399022,0,10.687340002320372,14.589068897048115,12.8872,0.708946600391547,1.0000000000082654,1802.2014593583579,1802.2014593583579
情景一阈值控制,26.937360842227221,10493.067739857624,75.232480592879071,7701.1286390648611,177.35574597971106,1553.2153945049138,448.91121230740282,1356.8914021782123,0,10.714241463793856,14.619721135317262,12.8872,0.70844493924062446,1.0000000000082567,1805.8026144856151,1805.8026144856151
情景一阈值控制,26.984580149677377,10475.023185847387,75.23248059288774,7715.5782324825013,176.94799861405826,1557.2181024631543,449.9602435963501,1359.4373314818615,0,10.741107915264477,14.650293642872345,12.8872,0.70794269872549953,1.0000000000082487,1809.3975750782115,1809.3975750782115
情景一阈值控制,27,10469.139530357994,75.232480592890568,7720.2892635941425,176.814977957526,1558.5237474974372,450.30281332752185,1360.2673861284431,0,10.749873784391257,14.660260077189777,12.8872,0.70777856254803551,1.0000000000082452,1810.5701994559649,1810.5701994559649
情景一阈值控制,27.031799457127537,10457.019889322688,75.23248059289638,7729.9927487859395,176.5408642004881,1561.2140170979794,451.0092748852976,1361.9770804141774,0,10.767939316333743,14.680786431721284,12.8872,0.70743987916001427,1.0000000000082392,1812.986355299475,1812.986355299475
情景一阈值控制,27.079018764577697,10439.057755951455,75.23248059290502,7744.3722681762983,176.13434661764092,1565.2031486616916,452.05830617424516,1364.5106631061035,0,10.794735626625179,14.711199514281821,12.8872,0.70693648086177141,1.0000000000082305,1816.5689692803487,1816.5689692803487
情景一阈值控制,27.126238072027853,10421.136691617308,75.232480592913646,7758.7168706713273,175.72844964798261,1569.1855074704599,453.10733746319278,1367.0380936562744,0,10.821496805784591,14.741532903382282,12.8872,0.70643250415214209,1.000000000008221,1820.1454311194673,1820.1454311194673
情景一阈值控制,27.173457379478009,10403.256602419044,75.232480592922244,7773.0266361058266,175.32317697946823,1573.1611039027289,454.15636875214045,1369.5593861310897,0,10.848222813480335,14.771786612262328,12.8872,0.70592794935626968,1.0000000000082117,1823.7157548832301,1823.7157548832301
情景一阈值控制,27.220676686928165,10385.41739467017,75.232480592930855,7787.3016441320551,174.91853220717783,1577.129948397655,455.2054000410883,1372.0745545647867,0,10.874913609403578,14.80196065457368,12.8872,0.70542281680307717,1.0000000000082014,1827.279954605875,1827.279954605875
情景一阈值控制,27.267895994378321,10367.618974898396,75.232480592939439,7801.5419742201557,174.51451883492518,1581.0920514535749,456.25443133003625,1374.5836129595143,0,10.901569153268557,14.832055044380866,12.8872,0.7049171068252712,1.0000000000081919,1830.8380442895505,1830.8380442895505
情景一阈值控制,27.315115301828484,10349.86124984514,75.232480592948036,7815.7477056585685,174.11114027683939,1585.0474236264934,457.30346261898444,1377.0865752854074,0,10.928189404812855,14.862069796161951,12.8872,0.70441081975934905,1.0000000000081819,1834.3900379043919,1834.3900379043919
情景一阈值控制,27.362334609278641,10332.144126465066,75.232480592956634,7829.9189175544452,173.70839985892059,1588.9960755286027,458.35249390793263,1379.5834554806584,0,10.95477432379764,14.892004924809257,12.8872,0.70390395594560362,1.0000000000081717,1837.9359493885909,1837.9359493885909
情景一阈值控制,27.409553916728797,10314.467511925564,75.232480592965189,7844.0556888340643,173.30630082056928,1592.9380178268264,459.40152519688081,1382.0742674515909,0,10.981323870007964,14.921860445630104,12.8872,0.70339651572812878,1.0000000000081615,1841.4757926484717,1841.4757926484717
情景一阈值控制,27.456773224178953,10296.83131360629,75.232480592973744,7858.1580982432497,172.90484631609093,1596.8732612413878,460.45055648582922,1384.5590250727341,0,11.007838003253005,14.951636374347522,12.8872,0.70288849945482512,1.0000000000081508,1845.0095815585632,1845.0095815585632
情景一阈值控制,27.503992531629109,10279.235439098655,75.232480592982299,7872.2262243477762,172.50403941617492,1600.8018165444028,461.49958777477769,1387.0377421868932,0,11.034316683366338,14.98133272710097,12.8872,0.70237990747740531,1.0000000000081402,1848.5373299616708,1848.5373299616708
情景一阈值控制,27.551211839079265,10261.67979620537,75.232480592990825,7886.2601455337835,172.10388310934891,1604.7236945584984,462.54861906372633,1389.5104326052228,0,11.060759870206208,15.010949520447044,12.8872,0.70187074015139972,1.0000000000081291,1852.0590516689492,1852.0590516689492
情景一阈值控制,27.598431146529428,10244.164292939935,75.232480592999352,7900.2599400081908,171.70438030340924,1608.638906155456,463.59765035267515,1391.9771101073006,0,11.087167523655788,15.040486771360195,12.8872,0.70136099783616135,1.0000000000081177,1855.5747604599758,1855.5747604599758
情景一阈值控制,27.645650453979584,10226.688837526186,75.232480593007864,7914.2256857990969,171.30553382682774,1612.5474622548729,464.6466816416239,1394.4377884411956,0,11.11353960362344,15.069944497233422,12.8872,0.70085068089487179,1.0000000000081066,1859.0844700828195,1859.0844700828195
情景一阈值控制,27.692869761429741,10209.253338397781,75.232480593016348,7928.1574607562015,170.9073464301344,1616.4493738228568,465.69571293057288,1396.8924813235462,0,11.139876070043004,15.099322715878985,12.8872,0.70033978969454602,1.0000000000080946,1862.5881942541191,1862.5881942541191
情景一阈值控制,27.740089068879897,10191.857704197751,75.232480593024846,7942.0553425512016,170.50982078727739,1620.3446518707347,466.74474421952186,1399.3412024396259,0,11.166176882874044,15.128621445529101,12.8872,0.69982832460603772,1.0000000000080829,1866.0859466591478,1866.0859466591478
情景一阈值控制,27.787308376330053,10174.501843777998,75.232480593033316,7955.9194086782118,170.11295949696046,1624.2333074537862,467.79377550847101,1401.7839654434204,0,11.192442002102128,15.157840704836627,12.8872,0.69931628600404461,1.0000000000080711,1869.5777409518914,1869.5777409518914
情景一阈值控制,27.834527683780216,10157.185666198831,75.232480593041771,7969.7497364541532,169.71676508395836,1628.115351670004,468.84280679742039,1404.2207839576952,0,11.218671387739096,15.186980512875762,12.8872,0.69880367426711354,1.0000000000080591,1873.0635907551155,1873.0635907551155
情景一阈值控制,27.881746991230372,10139.90908072849,75.232480593050227,7983.5464030191742,169.32124000040992,1631.9907956588659,469.89183808636972,1406.6516715740674,0,11.244864999823314,15.216040889142711,12.8872,0.69829048977764629,1.0000000000080467,1876.5435096604372,1876.5435096604372
情景一阈值控制,27.928966298680528,10122.671996842661,75.232480593058654,7997.3094853370421,168.92638662708936,1635.8596506001402,470.94086937531915,1409.0766418530804,0,11.271022798419962,15.245021853556391,12.8872,0.69777673292190312,1.0000000000080342,1880.0175112283996,1880.0175112283996
情景一阈值控制,27.976185606130684,10105.474324224002,75.232480593067081,8011.0390601955596,168.53220727465711,1639.7219277127037,471.98990066426865,1411.4957083242705,0,11.297144743621296,15.273923426459094,12.8872,0.69726240409000917,1.0000000000080216,1883.4856089885391,1883.4856089885391
情景一阈值控制,28,10096.815841753272,75.232480593071315,8017.950691624178,168.33366485917188,1641.6673211702966,472.51896484680998,1412.7134951838411,0,11.310305365993923,15.288469418192923,12.8872,0.69700279272257604,1.0000000000080154,1885.2324600306511,1885.2324600306511
情景一阈值控制,28.023404913580841,10088.315972761688,75.232480593075479,8024.7352042069551,168.13870418488935,1643.5776382533829,473.03893195321837,1413.9088844862408,0,11.323230795546916,15.302745628617155,12.8872,0.69674750367595939,1.0000000000080087,1886.9478164394591,1886.9478164394591
情景一阈值控制,28.070624221030997,10071.196852550913,75.232480593083878,8038.3979938082921,167.74587953188737,1647.4267935158157,474.08796324216809,1416.3161838067301,0,11.349280914344037,15.33148848122163,12.8872,0.69623203207762252,1.0000000000079958,1890.4041470488983,1890.4041470488983
情景一阈值控制,28.11784352848116,10054.116873892433,75.232480593092262,8052.0275052618654,167.35373542326619,1651.2694048293342,475.13699453111809,1418.7176197226856,0,11.375295060187765,15.360152005888954,12.8872,0.69571598969674708,1.0000000000079827,1893.8546142538037,1893.8546142538037
情景一阈值控制,28.165062835931316,10037.075947292107,75.232480593100632,8065.6238146555979,166.96227390132361,1655.1054835578625,476.1860258200681,1421.1132056403296,0,11.401273193281348,15.388736224661592,12.8872,0.69519937693896583,1.0000000000079694,1897.2992314603978,1897.2992314603978
情景一阈值控制,28.212282143381472,10020.073983460401,75.232480593108974,8079.1869979034491,166.57149694419036,1658.9350410988425,477.2350571090181,1423.5029549352348,0,11.427215273856477,15.417241160008713,12.8872,0.69468219421380062,1.0000000000079556,1900.7380120442529,1900.7380120442529
情景一阈值控制,28.259501450831628,10003.110893311939,75.232480593117316,8092.7171307458057,166.18140646696034,1662.7580888821687,478.28408839796828,1425.8868809523894,0,11.453121262173536,15.445666834826826,12.8872,0.69416444193466686,1.0000000000079421,1904.1709693503576,1904.1709693503576
情景一阈值控制,28.306720758281784,9986.1865879650341,75.232480593125629,8106.2142887498776,165.79200432280234,1666.5746383691501,479.33311968691856,1428.2649970062707,0,11.478991118521877,15.474013272440427,12.8872,0.69364612051887908,1.0000000000079279,1907.5981166931892,1907.5981166931892
情景一阈值控制,28.35394006573194,9969.3009787412211,75.232480593133928,8119.6785473100981,165.40329230405308,1670.3847010514842,480.38215097586885,1430.6373163809133,0,11.504824803220101,15.50228049660265,12.8872,0.69312723038765456,1.0000000000079143,1911.0194673567821,1911.0194673567821
情景一阈值控制,28.401159373182104,9952.4539771647851,75.232480593142213,8133.1099816485184,165.01527214329198,1674.1882884502529,481.43118226481948,1433.0038523299788,0,11.530622276616326,15.530468531495895,12.8872,0.69260777196611945,1.0000000000078992,1914.4350345947983,1914.4350345947983
情景一阈值控制,28.44837868063226,9935.6454949623112,75.232480593150498,8146.5086668151953,164.62794551439862,1677.985412114934,482.48021355377006,1435.3646180768242,0,11.556383499088442,15.558577401732455,12.8872,0.69208774568331144,1.0000000000078852,1917.8448316305942,1917.8448316305942
情景一阈值控制,28.495597988082416,9918.8754440622142,75.232480593158769,8159.8746776885919,164.24131403359161,1681.7760836224334,483.52924484272074,1437.7196268145742,0,11.582108431044416,15.586607132355164,12.8872,0.69156715197218666,1.0000000000078701,1921.248871657295,1921.248871657295
情景一阈值控制,28.542817295532572,9902.1437365942729,75.232480593167011,8173.2080889759709,163.85537926045049,1685.5603145761297,484.57827613167149,1440.0688917061871,0,11.607797032922548,15.614557748838008,12.8872,0.69104599126962185,1.0000000000078557,1924.6471678378584,1924.6471678378584
情景一阈值控制,28.590036602982728,9885.4502848891771,75.232480593175254,8186.5089752137765,163.47014269892068,1689.3381166049408,485.62730742062234,1442.4124258845256,0,11.633449265191739,15.642429277086743,12.8872,0.69052426401642086,1.0000000000078408,1928.039733305148,1928.039733305148
情景一阈值控制,28.637255910432891,9868.7950014780654,75.232480593183467,8199.777410768038,163.08560579830191,1693.1095013624024,486.67633870957343,1444.7502424524253,0,11.659065088351781,15.670221743439519,12.8872,0.69000197065731772,1.0000000000078253,1931.4265811619987,1931.4265811619987
情景一阈值控制,28.684475217883048,9852.1777990920709,75.232480593191667,8213.0134698347447,162.70176995421986,1696.8744805257643,487.72536999852451,1447.0823544827624,0,11.684644462933612,15.697935174667471,12.8872,0.68947911164098175,1.0000000000078102,1934.8077244812869,1934.8077244812869
情景一阈值控制,28.731694525333204,9835.5985906618535,75.232480593199853,8226.217226440247,162.31863650958124,1700.6330657951073,488.77440128747571,1449.4087750185238,0,11.710187349499609,15.725569597975348,12.8872,0.68895568742002178,1.0000000000077944,1938.1831763059995,1938.1831763059995
情景一阈值控制,28.77891383278336,9819.0572893171593,75.232480593208038,8239.388754441643,161.93620675551338,1704.3852688924687,489.82343257642691,1451.7295170728742,0,11.735693708643852,15.7531250410021,12.8872,0.68843169845099028,1.0000000000077787,1941.5529496493011,1941.5529496493011
情景一阈值控制,28.826133140233516,9802.5538083863466,75.232480593216181,8252.5281275271518,161.55448193228827,1708.1311015609879,490.87246386537828,1454.0445936292251,0,11.761163500992403,15.78060153182148,12.8872,0.68790714519438767,1.0000000000077629,1944.9170574946033,1944.9170574946033
情景一阈值控制,28.873352447683672,9786.0880613959471,75.232480593224324,8265.6354192165218,161.17346323023085,1711.8705755640653,491.9214951543297,1456.3540176413017,0,11.786596687203582,15.807999098942629,12.8872,0.68738202811466675,1.0000000000077471,1948.2755127956314,1948.2755127956314
情景一阈值控制,28.920571755133835,9769.6599620702073,75.232480593232438,8278.7107028614009,160.79315179061197,1715.6037026845388,492.97052644328147,1458.6578020332129,0,11.811993227968243,15.835317771310674,12.8872,0.68685634768023685,1.0000000000077305,1951.6283284764943,1951.6283284764943
情景一阈值控制,28.967791062583991,9753.2694243306396,75.232480593240538,8291.7540516457138,160.41354870652657,1719.3304947238701,494.01955773223307,1460.955959699515,0,11.837353084010038,15.862557578307287,12.8872,0.68633010436346764,1.0000000000077145,1954.9755174317481,1954.9755174317481
情景一阈值控制,29,9742.1107185661367,75.232480593246052,8300.6328153361446,160.15502315440349,1721.8689623500618,494.73511636614461,1462.5203431396776,0,11.854630323705662,15.881092994859065,12.8872,0.68597082389810748,1.0000000000077034,1957.2554595058223,1957.2554595058223
情景一阈值控制,29.015010370034148,9736.9163622955621,75.23248059324861,8304.7655385860708,160.03465502375764,1723.0509635013523,495.06858902118483,1463.2485035052848,0,11.862676216085715,15.889718549751295,12.8872,0.68580329864069367,1.0000000000076974,1958.3170925264697,1958.3170925264697
情景一阈值控制,29.062229677484304,9720.600690279658,75.232480593256682,8317.745236532126,159.65647174162524,1726.7651208533262,496.11762031013666,1465.5354462861822,0,11.887962584985383,15.916800715899228,12.8872,0.68527593099221762,1.0000000000076812,1961.6530665963187,1961.6530665963187
情景一阈值控制,29.10944898493446,9704.3223227935214,75.232480593264725,8330.6932181669727,159.27899981382132,1730.4729786324119,497.1666515990886,1467.8168008485204,0,11.913212151532784,15.943804107445898,12.8872,0.68474800190231555,1.0000000000076641,1964.9834524476091,1964.9834524476091
情景一阈值控制,29.156668292384623,9688.0811745432111,75.23248059327274,8343.6095560075173,158.90224014923066,1734.1745487067581,498.21568288804076,1470.0925799693318,0,11.938424876585586,15.970728755524956,12.8872,0.68421951185923946,1.0000000000076472,1968.3082628573725,1968.3082628573725
情景一阈值控制,29.203887599834779,9671.8771604298126,75.232480593280755,8356.494322404862,158.52619361273864,1737.8698429592964,499.26471417699287,1472.3627963964339,0,11.963600721035633,15.997574691709447,12.8872,0.68369046135522238,1.0000000000076301,1971.6275105734267,1971.6275105734267
情景一阈值控制,29.251106907284935,9655.7101955489707,75.232480593288756,8369.3475895446863,158.15086102602439,1741.5588732870199,500.31374546594509,1474.6274628484987,0,11.988739645809256,16.024341948012378,12.8872,0.68316085088648149,1.0000000000076124,1974.9412083144439,1974.9412083144439
情景一阈值控制,29.298326214735091,9639.5801951904668,75.232480593296728,8382.1694294476201,157.77624316834201,1745.2416516002656,501.36277675489731,1476.8865920151177,0,12.013841611867528,16.051030556887248,12.8872,0.68263068095322166,1.0000000000075953,1978.2493687700151,1978.2493687700151
情景一阈值控制,29.345545522185247,9623.4870748377598,75.232480593304686,8394.9599139696238,157.40234077728701,1748.9181898220152,502.41180804384976,1479.140196556868,0,12.038906580206552,16.077640551228608,12.8872,0.68209995205964047,1.0000000000075773,1981.5520046007177,1981.5520046007177
情景一阈值控制,29.392764829635404,9607.4307501675539,75.23248059331263,8407.7191148023667,157.02915454955155,1752.588499887207,503.46083933280227,1481.38828910538,0,12.063934511857736,16.104171964372583,12.8872,0.68156866471393041,1.0000000000075593,1984.8491284381821,1984.8491284381821
情景一阈值控制,29.439984137085567,9591.4111370493447,75.232480593320545,8420.4471034735998,156.65668514166649,1756.2525937420598,504.50987062175494,1483.6308822634026,0,12.088925367888077,16.130624830097428,12.8872,0.68103681942828342,1.0000000000075411,1988.1407528851576,1988.1407528851576
情景一阈值控制,29.487203444535723,9575.4281515449984,75.232480593328447,8433.1439513475289,156.28493317073082,1759.9104833434062,505.55890191070762,1485.8679886048687,0,12.113879109400424,16.156999182624016,12.8872,0.68050441671889439,1.0000000000075231,1991.4268905155764,1991.4268905155764
情景一阈值控制,29.534422751985879,9559.4817099082866,75.232480593336319,8445.8097296251926,155.91389921512885,1763.5621806580473,506.60793319966035,1488.0996206749628,0,12.13879569753378,16.183295056616412,12.8872,0.67997145710596452,1.0000000000075047,1994.707553874623,1994.707553874623
情景一阈值控制,29.581642059436035,9543.5717285844676,75.232480593344178,8458.4445093448358,155.54358381523551,1767.2076976621088,507.6569644886132,1490.3257909901856,0,12.163675093463569,16.209512487182351,12.8872,0.67943794111370481,1.0000000000074865,1997.9827554787989,1997.9827554787989
情景一阈值控制,29.628861366886191,9527.6981242098373,75.232480593352008,8471.048361382278,155.17398747411022,1770.8470463404135,508.70599577756616,1492.5465120384201,0,12.188517258401916,16.235651509873779,12.8872,0.67890386927034008,1.0000000000074671,2001.2525078159863,2001.2525078159863
情景一阈值控制,29.676080674336347,9511.860813611298,75.232480593359824,8483.6213564512873,154.80511065817871,1774.4802386858662,509.75502706651918,1494.7617962789961,0,12.213322153597927,16.261712160687335,12.8872,0.67836924210811111,1.0000000000074487,2004.5168233455154,2004.5168233455154
情景一阈值控制,29.723299981786511,9496.0597138059202,75.23248059336764,8496.1635651039524,154.43695379790324,1778.1072866988477,510.80405835547242,1496.9716561427565,0,12.238089740337978,16.287694476064878,12.8872,0.67783406016327974,1.0000000000074292,2007.7757144982288,2007.7757144982288
情景一阈值控制,29.770519289236667,9480.294742000513,75.232480593375428,8508.6750577310413,154.06951728844169,1781.7282023866194,511.85308964442567,1499.1761040321217,0,12.262819979945975,16.313598492893963,12.8872,0.67729832397613055,1.0000000000074099,2011.0291936765473,2011.0291936765473
情景一阈值控制,29.817738596686823,9464.5658155911788,75.232480593383201,8521.155904562389,153.70280149029625,1785.3429977627436,512.90212093337891,1501.3751523211547,0,12.28751283378366,16.339424248508355,12.8872,0.67676203409097502,1.000000000007391,2014.2772732545336,2014.2772732545336
情景一阈值控制,29.864957904136979,9448.8728521628909,75.232480593390932,8533.6061756672516,153.33680672995067,1788.9516848465071,513.95115222233233,1503.5688133556268,0,12.312168263250877,16.365171780688499,12.8872,0.67622519105615486,1.0000000000073714,2017.5199655779593,2017.5199655779593
情景一阈值控制,29.912177211587135,9433.2157694890575,75.232480593398662,8546.0259409546761,152.97153330049662,1792.5542756623615,515.00018351128574,1505.757099453082,0,12.336786229785854,16.390841127662014,12.8872,0.67568779542404456,1.0000000000073519,2020.7572829643677,2020.7572829643677
情景一阈值控制,29.959396519037298,9417.59448553109,75.232480593406365,8558.4152701738712,152.60698146224985,1796.1507822393728,516.04921480023961,1507.9400229029,0,12.361366694865493,16.416432328104165,12.8872,0.67514984775105447,1.0000000000073324,2023.9892377031397,2023.9892377031397
情景一阈值控制,30,9404.1904404160323,75.232480593412973,8569.044463797587,152.29408363332138,1799.2385315596373,516.95126788552182,1509.8128213089603,0,12.382473210307568,16.438375523505517,12.8872,0.67468683010759922,1.000000000007315,2026.764089194482,2026.764089194482
情景一阈值控制,30.006615826487455,9402.0089184379813,75.232480593414053,8570.774232914564,152.24315144335634,1799.7412166106747,517.09824608919314,1510.1175959663624,0,12.385909620005634,16.441945421138321,12.8872,0.67461134859763505,1.0000000000073122,2027.2158420555556,2027.2158420555556
情景一阈值控制,30.053835133937611,9386.4589865458656,75.232480593421712,8583.1028986073725,151.88004344038779,1803.3255908129431,518.1472773781469,1512.2898308767162,0,12.410414966761358,16.467380446336449,12.8872,0.6740722985282781,1.0000000000072922,2030.4371082548632,2030.4371082548632
情景一阈值控制,30.101054441387767,9370.9446083775911,75.232480593429344,8595.4013365241717,151.5176576189273,1806.9039168858719,519.19630866710077,1514.4567398392383,0,12.434882696727254,16.492737443719559,12.8872,0.67353269811152128,1.0000000000072715,2033.653048506339,2033.653048506339
情景一阈值控制,30.148273748837923,9355.4657026423047,75.232480593436961,8607.6696157784445,151.15599411414473,1810.4762068716616,520.24533995605464,1516.6183350312992,0,12.459312771537711,16.518016453758158,12.8872,0.67299254791994978,1.0000000000072513,2036.863674987354,2036.863674987354
情景一阈值控制,30.195493056288079,9340.0221882350124,75.232480593444549,8619.9078053256544,150.79505303136312,1814.0424728145163,521.29437124500862,1518.774628602426,0,12.48370515286719,16.5432175173727,12.8872,0.67245184853020024,1.0000000000072302,2040.0689998474345,2040.0689998474345
情景一阈值控制,30.242712363738242,9324.6139842361645,75.232480593452124,8632.1159739636059,150.43483444661575,1817.6027267601523,522.34340253396283,1520.925632674368,0,12.508059802430521,16.568340675934039,12.8872,0.67191060052296248,1.0000000000072098,2043.2690352083309,2043.2690352083309
情景一阈值控制,30.289931671188398,9309.2410099112294,75.232480593459684,8644.2941903327956,150.07533840719327,1821.1569807553117,523.39243382291704,1523.0713593411579,0,12.532376681983168,16.593385971263853,12.8872,0.67136880448298342,1.0000000000071889,2046.463793164075,2046.463793164075
情景一阈值控制,30.337150978638554,9293.9031847102651,75.232480593467216,8656.4425229167882,149.71656493218114,1824.7052468472893,524.44146511187125,1525.2118206691773,0,12.556655753321524,16.618353445635108,12.8872,0.67082646099906895,1.000000000007168,2049.6532857810485,2049.6532857810485
情景一阈值控制,30.384370286088711,9278.6004282675003,75.232480593474719,8668.5610400425576,149.35851401298945,1828.2475370834688,525.49049640082558,1527.3470286972179,0,12.580896978283194,16.643243141772444,12.8872,0.67028357066408673,1.0000000000071463,2052.8375250980434,2052.8375250980434
情景一阈值控制,30.431589593538867,9263.3326604009162,75.232480593482208,8680.6498098808588,149.00118561387282,1831.7838635108612,526.53952768978002,1529.476995436547,0,12.605100318747278,16.668055102852641,12.8872,0.66974013407496857,1.0000000000071252,2056.0165231263272,2056.0165231263272
情景一阈值控制,30.47880890098903,9248.0998011118209,75.232480593489669,8692.7089004465779,148.64457967244206,1835.3142381756604,527.58855897873468,1531.6017328709679,0,12.629265736634649,16.692789372505004,12.8872,0.66919615183271375,1.0000000000071034,2059.1902918497026,2059.1902918497026
情景一阈值控制,30.526028208439186,9232.9017705844399,75.232480593497101,8704.7383795990881,148.28869610016685,1838.838673122799,528.63759026768912,1533.7212529568844,0,12.653393193908236,16.717445994811783,12.8872,0.66865162454239058,1.0000000000070823,2062.3588432245733,2062.3588432245733
情景一阈值控制,30.573247515889342,9217.7384891854836,75.232480593504519,8716.7383150426122,147.93353478286926,1842.3571803955222,529.68662155664379,1535.8355676233625,0,12.677482652573321,16.742025014308592,12.8872,0.66810655281313958,1.0000000000070604,2065.5221891800065,2065.5221891800065
情景一阈值控制,30.620466823339498,9202.609877463743,75.232480593511923,8728.7087743265656,147.57909558121128,1845.8697720349587,530.73565284559857,1537.944688772194,0,12.701534074677809,16.766526475984797,12.8872,0.66756093725817522,1.0000000000070384,2068.6803416177927,2068.6803416177927
情景一阈值控制,30.667686130789654,9187.5158561496664,75.232480593519284,8740.6498248459247,147.2253783311719,1849.3764600797085,531.78468413455334,1540.0486282779571,0,12.72554742231252,16.790950425283921,12.8872,0.66701477849478874,1.0000000000070162,2071.8333124125102,2071.8333124125102
情景一阈值控制,30.714905438239811,9172.456346154946,75.232480593526631,8752.5615338415664,146.87238284451695,1852.8772565654349,532.83371542350824,1542.1473979880809,0,12.74952265761147,16.815296908104017,12.8872,0.66646807714434997,1.0000000000069937,2074.9811134115889,2074.9811134115889
情景一阈值控制,30.762124745689974,9157.4312685720997,75.23248059353395,8764.443968400632,146.52010890926101,1856.3721735244635,533.88274671246336,1544.2410097229058,0,12.773459742752159,16.839565970798077,12.8872,0.66592083383230971,1.0000000000069715,2078.1237564353692,2078.1237564353692
情景一阈值控制,30.80934405314013,9142.4405446740693,75.23248059354124,8776.2971954568675,146.16855629012178,1859.8612229853898,534.93177800141837,1546.3294752757454,0,12.797358639955846,16.863757660174375,12.8872,0.66537304918820261,1.0000000000069489,2081.2612532771636,2081.2612532771636
情景一阈值控制,30.856563360590286,9127.4840959137946,75.232480593548516,8788.1212817909836,145.81772472896665,1863.3444169726965,535.98080929037349,1548.4128064129491,0,12.821219311487846,16.887872023496879,12.8872,0.66482472384564795,1.0000000000069262,2084.3936157033227,2084.3936157033227
情景一阈值控制,30.903782668040442,9112.5618439238078,75.232480593555778,8799.9162940309998,145.46761394525154,1866.8217675063743,537.02984057932872,1550.4910148739634,0,12.845041719657813,16.911909108485585,12.8872,0.66427585844235271,1.0000000000069031,2087.5208554532919,2087.5208554532919
情景一阈值控制,30.951001975490598,9097.6737105158227,75.232480593563011,8811.6822986526004,145.11822363645192,1870.2932866015526,538.07887186828395,1552.5641123713942,0,12.868825826820016,16.935868963316903,12.8872,0.66372645362011284,1.0000000000068805,2090.6429842396783,2090.6429842396783
情景一阈值控制,30.998221282940754,9082.8196176803231,75.232480593570216,8823.4193619794733,144.76955347848772,1873.7589862681373,539.1279031572393,1554.6321105910665,0,12.892571595373637,16.959751636623995,12.8872,0.66317651002481615,1.0000000000068572,2093.7600137483059,2093.7600137483059
情景一阈值控制,31,9082.2607390376379,75.232480593570486,8823.8609238876907,144.75643339676049,1873.8894230843316,539.16741940493773,1554.7099110778356,0,12.893465331456888,16.960649771808118,12.8872,0.66315578352727234,1.0000000000068567,2093.8773304827732,2093.8773304827732
情景一阈值控制,31.045440590390918,9067.9994875861557,75.232480593577392,8835.1275501836626,144.42160312614058,1877.2188785104536,540.17693444619488,1556.6950211920873,0,12.916278987763048,16.983557177497133,12.8872,0.66262602830644302,1.0000000000068341,2096.8719556382821,2096.8719556382821
情景一阈值控制,31.092659897841074,9053.2132425801265,75.232480593584569,8846.8069292859182,144.07437221346382,1880.672975326896,541.22596573515045,1558.7528558069048,0,12.939947966478092,17.007285635484035,12.8872,0.66207500911906947,1.0000000000068108,2099.9788215420554,2099.9788215420554
情景一阈值控制,31.13987920529123,9038.4608051865871,75.232480593591703,8858.4575651560353,143.72786035418522,1884.1212887095899,542.27499702410603,1560.8056260413714,0,12.963578494054385,17.030937060590208,12.8872,0.6615234531208678,1.000000000006787,2103.0806230654775,2103.0806230654775
情景一阈值控制,31.187098512741386,9023.74209810703,75.232480593598837,8870.0795235132064,143.38206714210375,1887.5638306440521,543.32402831306172,1562.8533434748038,0,12.987170533073584,17.054511503279286,12.8872,0.66097136097410902,1.0000000000067635,2106.1773717878655,2106.1773717878655
情景一阈值控制,31.234317820191542,9009.0570442196822,75.232480593605928,8881.6728699263585,143.03699215147941,1891.0006131088642,544.37305960201741,1564.8960196600428,0,13.010724046163689,17.078009014473349,12.8872,0.6604187333451641,1.0000000000067397,2109.2690792620601,2109.2690792620601
情景一阈值控制,31.281537127641705,8994.4055665791075,75.232480593612991,8893.2376698145072,142.69263493741633,1894.4316480753487,545.42209089097344,1566.9336661235154,0,13.034238995999319,17.101429645553239,12.8872,0.65986557090450582,1.000000000006716,2112.355757014489,2112.355757014489
情景一阈值控制,31.328756435091861,8979.787588415802,75.232480593619997,8904.7739884470775,142.34899503623924,1897.856947507252,546.47112217992924,1568.9662943652929,0,13.05771534530199,17.124773448358876,12.8872,0.65931187432671079,1.000000000006692,2115.4374165452223,2115.4374165452223
情景一阈值控制,31.375975742542018,8965.2030331357837,75.232480593627002,8916.2818909442776,142.00607196586296,1901.2765233604384,547.52015346888516,1570.9939158591537,0,13.081153056840423,17.148040475189582,12.8872,0.65875764429045969,1.0000000000066676,2118.5140693280391,2118.5140693280391
情景一阈值控制,31.423195049992174,8950.6518243202026,75.23248059363398,8927.761442277415,141.66386522615798,1904.690387582581,548.56918475784119,1573.0165420526423,0,13.104552093430815,17.171230778804354,12.8872,0.65820288147853978,1.0000000000066431,2121.5857268104837,2121.5857268104837
情景一阈值控制,31.47041435744233,8936.1338857249284,75.232480593640943,8939.2127072692474,141.32237429930734,1908.0985521128671,549.61821604679733,1575.034184367129,0,13.12791241793713,17.194344412422193,12.8872,0.65764758657784583,1.0000000000066187,2124.6524004139264,2124.6524004139264
情景一阈值控制,31.517633664892486,8921.6491412801606,75.232480593647864,8950.6357505943179,140.98159865015865,1911.5010288817059,550.66724733575347,1577.0468541978694,0,13.151233993271383,17.217381429722369,12.8872,0.65709176027938165,1.0000000000065941,2127.7141015336229,2127.7141015336229
情景一阈值控制,31.564852972342649,8907.1975150900234,75.232480593654756,8962.0306367793019,140.64153772656962,1914.897829810441,551.71627862470984,1579.0545629140663,0,13.174516782393932,17.240341884844717,12.8872,0.65653540327826099,1.0000000000065694,2130.770841538776,2130.770841538776
情景一阈值控制,31.612072279792805,8892.7789314321799,75.232480593661634,8973.3974302033312,140.30219095974874,1918.2889668110708,552.7653099136661,1581.0573218589259,0,13.197760748313753,17.263225832389907,12.8872,0.65597851627370951,1.0000000000065445,2133.8226317725921,2133.8226317725921
情景一阈值控制,31.659291587242961,8878.3933147574153,75.232480593668484,8984.7361950983432,139.96355776458913,1921.674451785974,553.81434120262247,1583.0551423497197,0,13.220965854088742,17.286033327419734,12.8872,0.65542109996906484,1.0000000000065199,2136.869483552342,2136.869483552342
情景一阈值控制,31.706510894693118,8864.0405896892589,75.232480593675319,8996.0469955494209,139.62563753999729,1925.0542966276396,554.86337249157896,1585.0480356778439,0,13.244132062825996,17.308764425457358,12.8872,0.65486315507177872,1.0000000000064941,2139.9114081694229,2139.9114081694229
情景一阈值控制,31.753730202143274,8849.7206810235803,75.232480593682112,9007.3298954951097,139.28842966921542,1928.4285132184043,555.91240378053544,1587.0360131088767,0,13.267259337682093,17.331419182487586,12.8872,0.65430468229341709,1.000000000006469,2142.9484168894123,2142.9484168894123
情景一阈值控制,31.800949509593437,8835.433513728196,75.232480593688891,9018.5849587277753,138.95193352013962,1931.7971134301929,556.96143506949215,1589.0190858826397,0,13.290347641863391,17.353997654957123,12.8872,0.65374568234966179,1.0000000000064437,2145.9805209521319,2145.9805209521319
情景一阈值控制,31.848168817043593,8821.1790129424844,75.232480593695641,9029.8122488939152,138.61614844563229,1935.1601091242637,558.01046635844887,1590.9972652132537,0,13.313396938626301,17.376499899774799,12.8872,0.6531861559603116,1.0000000000064182,2149.0077315717026,2149.0077315717026
情景一阈值控制,31.895388124493749,8806.9571039769799,75.232480593702363,9041.0118294945169,138.28107378382845,1938.5175121509646,559.05949764740546,1592.9705622892004,0,13.336407191277587,17.398925974311837,12.8872,0.65262610384928177,1.0000000000063924,2152.030059936606,2152.030059936606
情景一阈值控制,31.942607431943905,8792.7677123129906,75.23248059370907,9052.1837638853685,137.94670885843735,1941.8693343494856,560.10852893636229,1594.9389882733803,0,13.359378363174649,17.421275936402072,12.8872,0.65206552674460672,1.0000000000063667,2155.0475172097426,2155.0475172097426
情景一阈值控制,31.989826739394061,8778.6107636022098,75.232480593715735,9063.3281152774052,137.61305297903928,1945.2155875476233,561.15756022531912,1596.9025543031698,0,13.382310417725806,17.443549844342186,12.8872,0.65150442537843911,1.0000000000063407,2158.0601145284891,2158.0601145284891
情景一阈值控制,32,8775.5649313846698,75.23248059371717,9065.7255275324096,137.54126057245637,1945.9357999167403,561.38357092438775,1597.3249635666368,0,13.387245936028124,17.448338739885394,12.8872,0.65138346917138756,1.0000000000063349,2158.7085344910247,2158.7085344910247
情景一阈值控制,32.037046046844218,8764.4861836663131,75.232480593722372,9074.4449467370323,137.28010544137717,1948.5562835615469,562.20659151427606,1598.8612714904812,0,13.405203318390592,17.465747756891936,12.8872,0.65094280048705166,1.0000000000063147,2161.0678630047573,2161.0678630047573
情景一阈值控制,32.084265354294381,8750.393898496588,75.232480593728994,9085.5343211864601,136.94786552764307,1951.8914341955706,563.25562280323311,1600.8151509218203,0,13.428057028680037,17.487869733274358,12.8872,0.65038065281083712,1.0000000000062883,2164.0707737250532,2164.0707737250532
情景一阈值控制,32.131484661744537,8736.3338342535371,75.232480593735559,9096.5963014040317,136.6163325067597,1955.2210512419279,564.30465409219016,1602.7642036583436,0,13.450871512156947,17.509915833175981,12.8872,0.64981798309430916,1.0000000000062623,2167.0688577505339,2167.0688577505339
情景一阈值控制,32.178703969194693,8722.3059172664871,75.232480593742125,9107.6309500245516,136.28550563465666,1958.5451464805558,565.35368538114733,1604.708440735918,0,13.473646732436208,17.531886116747035,12.8872,0.64925479208610271,1.0000000000062357,2170.0621261170654,2170.0621261170654
情景一阈值控制,32.225923276644849,8708.3100740332047,75.232480593748647,9118.6383295396154,135.95538415454394,1961.863731678879,566.4027166701045,1606.6478731651775,0,13.496382653185066,17.553780644601655,12.8872,0.6486910805389744,1.0000000000062093,2173.0505898352822,2173.0505898352822
情景一阈值控制,32.273142584095005,8694.3462312195243,75.232480593755142,9129.6185022979353,135.62596729717873,1965.1768185915985,567.45174795906166,1608.5825119315814,0,13.519079238123409,17.575599477818059,12.8872,0.64812684920980312,1.0000000000061828,2176.0342598906432,2176.0342598906432
情景一阈值控制,32.320361891545161,8680.4143156589416,75.232480593761622,9140.571530505671,135.2972542811284,1968.4844189604892,568.50077924801906,1610.5123679954709,0,13.541736451024065,17.597342677938734,12.8872,0.64756209885959004,1.0000000000061557,2179.01314724349,2179.01314724349
情景一阈值控制,32.367581198995325,8666.5142543522452,75.232480593768059,9151.497476226752,134.96924431302892,1971.7865445141965,569.54981053697657,1612.4374522921278,0,13.564354255713083,17.619010306970626,12.8872,0.646996830253459,1.0000000000061289,2181.9872628291041,2181.9872628291041
情景一阈值控制,32.414800506445481,8652.6459744671392,75.232480593774469,9162.3964013831974,134.64193658783941,1975.0832069680405,570.59884182593385,1614.3577757318312,0,13.586932616070014,17.640602427385303,12.8872,0.646431044160657,1.000000000006102,2184.9566175577652,2184.9566175577652
情景一阈值控制,32.462019813895637,8638.809403337842,75.232480593780863,9173.2683677554542,134.31533028909166,1978.3744180238223,571.64787311489147,1616.273349199914,0,13.609471496028215,17.662119102119121,12.8872,0.64586474135455396,1.0000000000060749,2187.9212223148056,2187.9212223148056
情景一阈值控制,32.509239121345793,8625.0044684647219,75.232480593787216,9184.1134369827087,133.98942458913584,1981.6601893696368,572.69690440384898,1618.1841835568214,0,13.631970859575123,17.683560394573387,12.8872,0.64529792261264285,1.0000000000060478,2190.8810879606704,2190.8810879606704
情景一阈值控制,32.556458428795949,8611.2310975139098,75.232480593793554,9194.9316705632173,133.66421864938093,1984.9405326796884,573.74593569280648,1620.0902896381672,0,13.65443067075255,17.704926368614512,12.8872,0.64473058871653999,1.0000000000060201,2193.8362253309738,2193.8362253309738
情景一阈值控制,32.603677736246112,8597.4892183169268,75.232480593799849,9205.7231298546212,133.33971162053288,1988.2154596141106,574.79496698176433,1621.9916782547896,0,13.676850893656971,17.726217088574156,12.8872,0.64416274045198429,1.000000000005993,2196.7866452365538,2196.7866452365538
情景一阈值控制,32.650897043696268,8583.7787588702959,75.232480593806116,9216.4878760742758,133.01590264282774,1991.4849818187863,575.84399827072207,1623.8883601928089,0,13.699231492439797,17.747432619249363,12.8872,0.64359437860883828,1.0000000000059655,2199.732358463531,2199.732358463531
情景一阈值控制,32.698116351146425,8570.0996473351752,75.232480593812369,9227.2259702995616,132.69279084626052,1994.7491109251803,576.8930295596798,1625.7803462136837,0,13.721572431307683,17.768573025902697,12.8872,0.64302550398108704,1.0000000000059377,2202.6733757733637,2202.6733757733637
情景一阈值控制,32.745335658596581,8556.4518120369758,75.232480593818579,9237.9374734682187,132.37037535081021,1998.0078585501667,577.94206084863765,1627.6676470542684,0,13.743873674522805,17.789638374262381,12.8872,0.64245611736683828,1.0000000000059095,2205.6097079029059,2205.6097079029059
情景一阈值控制,32.792554966046737,8542.8351814649832,75.232480593824775,9248.6224463786548,132.04865526666163,2001.2612362958653,578.99109213759561,1629.5502734268669,0,13.766135186403149,17.810628730522396,12.8872,0.6418862195683217,1.0000000000058822,2208.5413655644625,2208.5413655644625
情景一阈值控制,32.839774273496893,8529.2496842719938,75.232480593830942,9259.2809496902628,131.72762969442297,2004.5092557494797,580.04012342655346,1631.4282360192908,0,13.788356931322799,17.831544161342617,12.8872,0.64131581139188976,1.0000000000058535,2211.4683594458443,2211.4683594458443
情景一阈值控制,32.886993580947056,8515.6952492739238,75.232480593837067,9269.9130439237506,131.40729772533982,2007.7519284831399,581.08915471551165,1633.3015454949157,0,13.810538873712227,17.852384733848904,12.8872,0.64074489364801535,1.0000000000058253,2214.3907002104274,2214.3907002104274
情景一阈值控制,32.934212888397212,8502.1718054494613,75.232480593843164,9280.5187894614355,131.08765844150497,2010.9892660537455,582.13818600446973,1635.1702124927344,0,13.832680978058566,17.873150515633199,12.8872,0.64017346715129331,1.0000000000057974,2217.3083984972041,2217.3083984972041
情景一阈值控制,32.981432195847368,8488.6792819396633,75.232480593849218,9291.0982465475936,130.76871091606472,2014.2212800028194,583.18721729342781,1637.0342476274161,0,13.85478320890592,17.89384157475364,12.8872,0.63960153272043874,1.0000000000057689,2220.221464920844,2220.221464920844
情景一阈值控制,33,8483.3821410762775,75.232480593851591,9295.2511638307424,130.64348211550387,2015.4907323836167,583.59972244386699,1637.7659660572158,0,13.863463424779763,17.901957359492823,12.8872,0.63937649494466164,1.0000000000057578,2221.3656885010828,2221.3656885010828
情景一阈值控制,33.028651503297525,8475.2176080476111,75.232480593855257,9301.6514752887451,130.45045421342309,2017.4479818563568,584.236248582386,1638.8936614893598,0,13.876845530855636,17.914457979734639,12.8872,0.63902909117828655,1.0000000000057405,2223.1299100717461,2223.1299100717461
情景一阈值控制,33.075870810747681,8461.7867132380234,75.232480593861254,9312.178535653984,130.13288738944061,2020.6693831246819,585.28527987134419,1640.7484646447501,0,13.898867908566599,17.934999799566945,12.8872,0.63845614335179102,1.0000000000057119,2226.0337445160944,2226.0337445160944
情景一阈值控制,33.123090118197844,8448.3865271368923,75.232480593867237,9322.6794874752941,129.81600949163061,2023.8854953023074,586.3343111603026,1642.5986676356135,0,13.920850306755517,17.955467103707754,12.8872,0.63788269007202492,1.000000000005683,2228.9329787959159,2228.9329787959159
情景一阈值控制,33.170309425648,8435.0169795311231,75.232480593873177,9333.1543904478476,129.49981955935206,2027.0963298677971,587.38334244926091,1644.444280979872,0,13.942792690197196,17.97585996208074,12.8872,0.63730873217417883,1.0000000000056546,2231.8276234291329,2231.8276234291329
情景一阈值控制,33.217528733098156,8421.6780003681451,75.232480593879089,9343.6033041303381,129.18431662399902,2030.3018982836304,588.43237373821933,1646.2853151713998,0,13.964695023724852,17.996178445076136,12.8872,0.63673427049756015,1.0000000000056255,2234.717688909619,2234.717688909619
情景一阈值控制,33.264748040548312,8408.369519755568,75.232480593884986,9354.0262879452785,128.86949970918729,2033.5022119960727,589.48140502717786,1648.121780680078,0,13.986557272230375,18.016422623550785,12.8872,0.63615930588559233,1.0000000000055966,2237.6031857072558,2237.6031857072558
情景一阈值控制,33.311967347998468,8395.0914679607995,75.232480593890841,9364.4234011793178,128.55536783093697,2036.6972824350462,590.53043631613627,1649.9536879518487,0,14.00837940066463,18.036592568828187,12.8872,0.63558383918581374,1.0000000000055675,2240.484124267985,2240.484124267985
情景一阈值控制,33.359186655448624,8381.8437754106853,75.232480593896668,9374.7947029835523,128.24191999785188,2039.8871210140048,591.57946760509481,1651.7810474087694,0,14.030161374037741,18.056688352698536,12.8872,0.63500787124987679,1.0000000000055382,2243.3605150138642,2243.3605150138642
情景一阈值控制,33.406405962898788,8368.6263726911475,75.232480593902466,9385.1402523738307,127.92915521129717,2043.0717391298133,592.62849889405356,1653.6038694490703,0,14.051903157419375,18.076710047418757,12.8872,0.6344314029335465,1.0000000000055089,2246.2323683431241,2246.2323683431241
情景一阈值控制,33.453625270348944,8355.4391905468201,75.232480593908221,9395.4601082310655,127.61707246557302,2046.2511481626248,593.67753018301221,1655.4221644472048,0,14.073604715939021,18.096657725712525,12.8872,0.63385443509669992,1.0000000000054798,2249.0996946302171,2249.0996946302171
情景一阈值控制,33.5008445777991,8342.2821598806768,75.232480593913948,9405.754329301546,127.30567074808488,2049.4253594757679,594.72656147197085,1657.2359427539068,0,14.095266014786302,18.1165314607703,12.8872,0.63327696860332472,1.0000000000054499,2251.9625042258776,2251.9625042258776
情景一阈值控制,33.548063885249256,8329.155211753683,75.232480593919647,9416.0229741972435,126.99494903951137,2052.5943844156318,595.77559276092961,1659.0452146962443,0,14.116887019211235,18.136331326249326,12.8872,0.63269900432151682,1.0000000000054206,2254.8208074571739,2254.8208074571739
情景一阈值控制,33.595283192699412,8316.0582773844271,75.232480593925303,9426.2661013961133,126.68490631396934,2055.758234311556,596.82462404988837,1660.849990577673,0,14.138467694524532,18.156057396273646,12.8872,0.63212054312348087,1.0000000000053906,2257.6746146275614,2257.6746146275614
情景一阈值控制,33.642502500149568,8302.9912881487562,75.23248059393093,9436.483769242408,126.37554153917598,2058.91692047572,597.87365533884713,1662.6502806780907,0,14.160008006097879,18.175709745434094,12.8872,0.63154158588552733,1.0000000000053606,2260.523936016938,2260.523936016938
情景一阈值控制,33.689721807599732,8289.9541755794235,75.232480593936543,9446.6760359469827,126.06685367660809,2062.0704542030412,598.92268662780623,1664.4460952538907,0,14.181507919364234,18.195288448788304,12.8872,0.63096213348807173,1.0000000000053306,2263.368781881697,2263.368781881697
情景一阈值控制,33.736941115049888,8276.9468713657316,75.232480593942128,9456.8429595875896,125.75884168165824,2065.2188467710694,599.97171791676521,1666.2374445380153,0,14.202967399818093,18.214793581860668,12.8872,0.63038218681563296,1.0000000000053009,2266.2091624547807,2266.2091624547807
情景一阈值控制,33.784160422500044,8263.9693073531653,75.23248059394767,9466.9845981091985,125.45150450378819,2068.3621094398891,601.02074920572409,1668.0243387400117,0,14.224386413015797,18.234225220642337,12.8872,0.62980174675683165,1.0000000000052709,2269.0450879457358,2269.0450879457358
情景一阈值控制,33.8313797299502,8251.021415543044,75.232480593953184,9477.101009324293,125.14484108668108,2071.5002534520199,602.06978049468307,1669.8067880460821,0,14.245764924575807,18.253583441591193,12.8872,0.62922081420438825,1.0000000000052405,2271.8765685407652,2271.8765685407652
情景一阈值控制,33.878599037400356,8238.1031280921543,75.23248059395867,9487.1922509131673,124.83885036838932,2074.6332900323223,603.11881178364217,1671.5848026191393,0,14.267102900178996,18.272868321631798,12.8872,0.62863939005512159,1.0000000000052103,2274.7036144027816,2274.7036144027816
情景一阈值控制,33.925818344850519,8225.2143773124026,75.232480593964127,9497.2583804242367,124.53353128148025,2077.7612303879059,604.16784307260139,1673.3583925988598,0,14.288400305568926,18.292079938155371,12.8872,0.62805747520994681,1.0000000000051801,2277.5262356714611,2277.5262356714611
情景一阈值控制,33.973037652300675,8212.3550956704676,75.232480593969555,9507.2994552743385,124.22888275317995,2080.8840857080359,605.2168743615606,1675.1275681017357,0,14.309657106552137,18.31121836901972,12.8872,0.62747507057387397,1.0000000000051497,2280.3444424632962,2280.3444424632962
情景一阈值控制,34,8205.0256040055883,75.232480593972639,9513.0217196263584,124.05522799602295,2082.6649677780474,605.81587396337056,1676.1357958127835,0,14.321776570206127,18.322113667569791,12.8872,0.62714229667444799,1.0000000000051323,2281.9516697761542,2281.9516697761542
情景一阈值控制,34.020256959750832,8199.5252157874274,75.232480593974955,9517.3155327490258,123.92490370551387,2084.0018671640491,606.26590565051981,1676.8923392211291,0,14.330873268998442,18.330283692549202,12.8872,0.62689217705600542,1.0000000000051192,2283.158244871649,2283.158244871649
情景一阈值控制,34.067476267200988,8186.7246704384215,75.232480593980299,9527.3066700028794,123.62159305544573,2087.1145859092662,607.31493693947903,1678.6527160273242,0,14.3520487588412,18.349275987534654,12.8872,0.62630879556953445,1.0000000000050884,2285.9676529668031,2285.9676529668031
情景一阈值控制,34.114695574651144,8173.953392552291,75.232480593985628,9537.2729240597928,123.31894971501316,2090.222253078909,608.36396822843824,1680.4087085675803,0,14.373183542077603,18.368195333233327,12.8872,0.62572492703174221,1.000000000005058,2288.7726767960185,2288.7726767960185
情景一阈值控制,34.1619148821013,8161.2113152112343,75.2324805939909,9547.2143518132852,123.01697259146074,2093.3248797900196,609.41299951739757,1682.1603268661845,0,14.39427758476897,18.387041809368792,12.8872,0.62514057236399734,1.0000000000050269,2291.5733263835818,2291.5733263835818
情景一阈值控制,34.209134189551463,8148.4983716504466,75.232480593996158,9557.1310100267929,122.7156605873724,2096.4224771413815,610.46203080635712,1683.9075809245044,0,14.415330853041025,18.405815496130888,12.8872,0.62455573249175167,1.0000000000049956,2294.3696117308614,2294.3696117308614
情景一阈值控制,34.256353497001619,8135.814495257785,75.232480594001387,9567.0229553339632,122.41501260080022,2099.5150562134431,611.51106209531656,1685.650480721039,0,14.436343313084175,18.424516474175594,12.8872,0.62397040834453943,1.0000000000049647,2297.1615428163554,2297.1615428163554
情景一阈值控制,34.303572804451775,8123.1596195733991,75.232480594006589,9576.8902442389517,122.11502752539084,2102.6026280682413,612.560093384276,1687.3890362114737,0,14.45731493115381,18.443144824624962,12.8872,0.62338460085597436,1.0000000000049341,2299.9491295957496,2299.9491295957496
情景一阈值控制,34.350792111901931,8110.5336782894019,75.232480594011747,9586.7329331167348,121.81570425051014,2105.6852037493331,613.60912467323544,1689.1232573287305,0,14.47824567357058,18.461700629066996,12.8872,0.62279831096374738,1.0000000000049032,2302.732382001966,2302.732382001966
情景一阈值控制,34.398011419352088,8097.9366052495097,75.232480594016877,9596.551078213377,121.51704166136578,2108.7627942817217,614.658155962195,1690.8531539830201,0,14.499135506720677,18.480183969555544,12.8872,0.62221153960962439,1.0000000000048717,2305.5113099452151,2305.5113099452151
情景一阈值控制,34.445230726802251,8085.368334448699,75.232480594021979,9606.344735646353,121.21903863912749,2111.8354106717898,615.70718725115466,1692.5787360618954,0,14.51998439705612,18.498594928610178,12.8872,0.62162428773944278,1.0000000000048406,2308.2859233130503,2308.2859233130503
情景一阈值控制,34.492450034252407,8072.8288000328694,75.232480594027038,9616.113961404817,120.92169406104546,2114.9030639072312,616.75621854011433,1694.3000134303004,0,14.540792311095041,18.516933589216062,12.8872,0.62103655630311039,1.000000000004809,2311.056231970415,2311.056231970415
情景一阈值控制,34.539669341702563,8060.3179362984847,75.232480594032054,9625.8588113499172,120.6250068005656,2117.9657649569904,617.80524982907389,1696.0169959306254,0,14.561559215421966,18.535200034823834,12.8872,0.62044834625460132,1.0000000000047775,2313.8222457596994,2313.8222457596994
情景一阈值控制,34.586888649152719,8047.8356776922346,75.232480594037057,9635.5793412150797,120.32897572744386,2121.0235247711971,618.85428111803355,1697.7296933827554,0,14.582285076688105,18.55339434934945,12.8872,0.61985965855195402,1.000000000004746,2316.5839745007888,2316.5839745007888
情景一阈值控制,34.634107956602875,8035.3819588106926,75.232480594042016,9645.2756066062921,120.03359970785893,2124.0763542811055,619.90331240699322,1699.4381155841243,0,14.602969861611628,18.571516617174041,12.8872,0.61927049415726843,1.0000000000047142,2319.3414279911176,2319.3414279911176
情景一阈值控制,34.681327264053031,8022.956714399972,75.232480594046947,9654.9476630024128,119.73887760452175,2127.1242643990372,620.952343695953,1701.1422723097639,0,14.623613536977953,18.58956692314376,12.8872,0.61868085403670292,1.0000000000046823,2322.0946160057169,2322.0946160057169
情景一阈值控制,34.728546571503195,8010.5598793553845,75.23248059405185,9664.5955657554478,119.44480827678356,2130.1672660183235,622.0013749849129,1702.8421733123569,0,14.644216069640024,18.607545352569623,12.8872,0.61809073916047108,1.0000000000046507,2324.84354829727,2324.84354829727
情景一阈值控制,34.775765878953351,7998.1913887210994,75.232480594056696,9674.2193700908429,119.15139058074243,2133.2053700132496,623.05040627387268,1704.5378283222867,0,14.664777426518594,18.625451991227322,12.8872,0.61750015050283968,1.0000000000046192,2327.5882345961595,2327.5882345961595
情景一阈值控制,34.822985186403507,7985.8511776898013,75.232480594061528,9683.819131107779,118.85862336934736,2136.2385872390018,624.09943756283258,1706.2292470476889,0,14.685297574602517,18.643286925357078,12.8872,0.61690908904212494,1.0000000000045868,2330.3286846105216,2330.3286846105216
情景一阈值控制,34.870204493853663,7973.5391816023512,75.232480594066331,9693.3949037794555,118.56650549250129,2139.2669285316165,625.14846885179247,1707.9164391745028,0,14.705776480949021,18.661050241663435,12.8872,0.61631755576068881,1.0000000000045548,2333.0649080262951,2333.0649080262951
情景一阈值控制,34.917423801303819,7961.2553359474505,75.232480594071077,9702.9467429533797,118.27503579716134,2142.2904047079296,626.19750014075225,1709.5994143665205,0,14.726214112683992,18.678742027315067,12.8872,0.61572555164493692,1.0000000000045226,2335.796914507273,2335.796914507273
情景一阈值控制,34.964643108753975,7948.9995763612988,75.232480594075824,9712.4747033516505,117.98421312743729,2145.3090265655283,627.24653142971226,1711.2781822654399,0,14.746610437002257,18.696362369944605,12.8872,0.61513307768531456,1.0000000000044906,2338.5247136951521,2338.5247136951521
情景一阈值控制,35,7939.8410541277963,75.232480594079334,9719.5934519105595,117.76687374629795,2147.5661396212577,628.03202548289346,1712.5324618868519,0,14.761855739902648,18.709509414106563,12.8872,0.61468913778263201,1.0000000000044664,2340.5644873697456,2340.5644873697456
情景一阈值控制,35.011862416204139,7936.7718386272554,75.232480594080513,9721.9788395712603,117.69403632468963,2148.3228048827045,628.2955627186725,1712.9527524909133,0,14.766965421167869,18.713911357648399,12.8872,0.61454013487630377,1.0000000000044584,2341.2483152095856,2341.2483152095856
情景一阈值控制,35.059081723654295,7924.572058675516,75.232480594085175,9731.459206084357,117.40450422762491,2151.3317504184092,629.3445940076324,1714.623134640598,0,14.787279032514375,18.731389078986325,12.8872,0.61394672421641983,1.0000000000044256,2343.9677286482301,2343.9677286482301
情景一阈值控制,35.106301031104451,7912.4001725827575,75.232480594089793,9740.9158572385459,117.11561567238897,2154.3358739122095,630.39362529659252,1716.2893382902071,0,14.807551238445114,18.748795622981572,12.8872,0.613352846708207,1.0000000000043938,2346.6829635867998,2346.6829635867998
情景一阈值控制,35.153520338554607,7900.2561165718153,75.232480594094383,9750.3488472571735,116.82736949265933,2157.3351860842477,631.44265658555241,1717.9513729935597,0,14.827782006433491,18.766131079120385,12.8872,0.61275850335823667,1.000000000004361,2349.3940295791122,2349.3940295791122
情景一阈值控制,35.200739646004763,7888.1398270113477,75.232480594098945,9759.7582302396095,116.53976451973554,2160.329697635199,632.49168787451265,1719.6092482826316,0,14.847971304023257,18.783395537351861,12.8872,0.61216369517710179,1.000000000004329,2352.1009361571441,2352.1009361571441
情景一阈值控制,35.247958953454926,7876.0512404154979,75.232480594103464,9769.1440601615268,116.25279958262841,2163.3194192462338,633.54071916347289,1721.2629736676038,0,14.868119098828789,18.800589088087701,12.8872,0.61156842317941496,1.0000000000042963,2354.8036928310767,2354.8036928310767
情景一阈值控制,35.295178260905082,7863.9902934435713,75.232480594107955,9778.5063908751854,115.9664735081472,2166.3043615789788,634.58975045243312,1722.9125586369121,0,14.888225358535367,18.817711822201943,12.8872,0.61097268838380359,1.0000000000042635,2357.5023090893451,2357.5023090893451
情景一阈值控制,35.342397568355238,7851.9569228996897,75.232480594112417,9787.8452761097196,115.68078512098468,2169.2845352754844,635.63878174139313,1724.5580126572993,0,14.908290050899465,18.83476383103072,12.8872,0.61037649181290599,1.0000000000042308,2360.1967943986924,2360.1967943986924
情景一阈值控制,35.389616875805395,7839.9510657324727,75.232480594116836,9797.1607694714148,115.39573324380156,2172.2599509581864,636.68781303035337,1726.1993451738622,0,14.928313143749019,18.851745206372001,12.8872,0.6097798344933687,1.000000000004198,2362.8871582042157,2362.8871582042157
情景一阈值控制,35.436836183255551,7827.9726590346963,75.232480594121213,9806.4529244439891,115.1113166973098,2175.2306192298747,637.7368443193136,1727.836565610103,0,14.948294604983715,18.868656040485313,12.8872,0.60918271745584085,1.0000000000041653,2365.5734099294168,2365.5734099294168
情景一阈值控制,35.484055490705707,7816.0216400429754,75.232480594125576,9815.7217943888772,114.82753430035334,2178.1965506736601,638.78587560827384,1729.4696833679766,0,14.968234402575259,18.885496426091454,12.8872,0.6085851417349718,1.0000000000041323,2368.2555589762505,2368.2555589762505
情景一阈值控制,35.53127479815587,7804.0979461374218,75.232480594129896,9824.9674325455035,114.54438486998761,2181.157755852948,639.8349068972343,1731.0987078279422,0,14.98813250456767,18.902266456372228,12.8872,0.6079871083694055,1.0000000000040994,2370.9336147251765,2370.9336147251765
情景一阈值控制,35.578494105606026,7792.2015148413311,75.232480594134188,9834.1898920315671,114.26186722155825,2184.1142453114012,640.88393818619477,1732.7236483490103,0,15.007988879077535,18.918966224970127,12.8872,0.60738861840177805,1.0000000000040663,2373.607586535205,2373.607586535205
情景一阈值控制,35.625713413056182,7780.3322838208414,75.232480594138437,9843.3892258433134,113.97998016877779,2187.0660295729213,641.93296947515489,1734.3445142687933,0,15.027803494294314,18.935595825988052,12.8872,0.60678967287871188,1.0000000000040332,2376.2774837439483,2376.2774837439483
情景一阈值控制,35.672932720506338,7768.4901908846123,75.232480594142643,9852.5654868558195,113.69872252380159,2190.013119141614,642.98200076411524,1735.961314903554,0,15.0475763184806,18.952155353988996,12.8872,0.60619027285081228,1.0000000000040001,2378.9433156676691,2378.9433156676691
情景一阈值控制,35.720152027956495,7756.6751739835017,75.232480594146821,9861.7187278232705,113.41809309730159,2192.9555245017705,644.03103205307571,1737.5740595482544,0,15.067307319972405,18.968644903995727,12.8872,0.60559041937266311,1.0000000000039668,2381.6050916013301,2381.6050916013301
情景一阈值控制,35.767371335406658,7744.8871712102336,75.232480594150971,9870.8490013792289,113.13809069853849,2195.8932561178394,645.08006334203628,1739.1827574766037,0,15.086996467179436,18.985064571490476,12.8872,0.60499011350282172,1.0000000000039335,2384.2628208186397,2384.2628208186397
情景一阈值控制,35.814590642856814,7733.1261207990865,75.232480594155064,9879.9563600369111,112.85871413543474,2198.826324434403,646.12909463099663,1740.7874179411069,0,15.106643728585361,19.001414452414576,12.8872,0.60438935630381563,1.0000000000038998,2386.9165125721038,2386.9165125721038
情景一阈值控制,35.86180995030697,7721.3919611255542,75.232480594159142,9889.0408561894747,112.57996221464374,2201.754739876159,647.17812591995721,1742.388050173116,0,15.126249072748108,19.017694643168173,12.8872,0.60378814884213639,1.0000000000038667,2389.5661760930734,2389.5661760930734
情景一阈值控制,35.909029257757126,7709.6846307060314,75.232480594163192,9898.1025421102768,112.30183374161913,2204.6785128478987,648.22715720891767,1743.984663382874,0,15.145812468300118,19.033905240609844,12.8872,0.60318649218823661,1.0000000000038332,2392.2118205917918,2392.2118205917918
情景一阈值控制,35.956248565207282,7698.0040681974933,75.2324805941672,9907.1414699531633,112.02432752068218,2207.5976537344845,649.27618849787814,1745.5772667595668,0,15.165333883948639,19.050046342056252,12.8872,0.60258438741652398,1.0000000000037998,2394.8534552574447,2394.8534552574447
情景一阈值控制,36,7687.2051856336711,75.232480594170866,9915.4962952823553,111.76775620548609,2210.2982822843082,650.24817700243057,1747.0493354896455,0,15.183384115303642,19.064940068947241,12.8872,0.6020261033034312,1.0000000000037688,2397.2975124920758,2397.2975124920758
情景一阈值控制,36.003467872657438,7686.3502123971675,75.232480594171165,9916.1576917527254,111.74744235508859,2210.5121729008374,650.32521978683872,1747.1658694713692,0,15.184813288475995,19.066118045281797,12.8872,0.60198183560535701,1.0000000000037663,2397.4910892582079,2397.4910892582079
情景一阈值控制,36.050687180107602,7674.7230022422173,75.232480594175101,9925.1512594245887,111.47117704709378,2213.4220806919143,651.37425107579929,1748.7504806654945,0,15.204250650739857,19.082120448518243,12.8872,0.60137883783704038,1.0000000000037323,2400.1247317412935,2400.1247317412935
情景一阈值控制,36.097906487557758,7663.1223768094278,75.232480594178995,9934.1222247656733,111.19553039801706,2216.3273874326928,652.42328236475998,1750.3311094682399,0,15.223645939673517,19.098053650454329,12.8872,0.60077539519781964,1.0000000000036988,2402.7543918329998,2402.7543918329998
情景一阈值控制,36.145125795007914,7651.5482753148735,75.23248059418286,9943.0706394544704,110.92050120830383,2219.2281034281609,653.47231365372045,1751.9077649850381,0,15.242999124286181,19.113917750235416,12.8872,0.60017150877787651,1.0000000000036655,2405.3800786387583,2405.3800786387583
情景一阈值控制,36.19234510245807,7640.000637113606,75.232480594186683,9951.9965550513116,110.64608827758771,2222.1242389632976,654.52134494268103,1753.4804563005016,0,15.262310173663217,19.129712847463068,12.8872,0.59956717967132422,1.0000000000036311,2408.0018012431829,2408.0018012431829
情景一阈值控制,36.239564409908226,7628.4794016993437,75.232480594190477,9960.900022998645,110.37229040475165,2225.0158043030606,655.57037623164172,1755.0491924784719,0,15.281579056966448,19.145439042194685,12.8872,0.59896240897620068,1.0000000000035976,2410.6195687101135,2410.6195687101135
情景一阈值控制,36.286783717358389,7616.9845087041385,75.232480594194229,9969.7810946212921,110.09910638798699,2227.9028096923776,656.61940752060252,1756.6139825620671,0,15.300805743434424,19.161096434943069,12.8872,0.59835719779446572,1.0000000000035636,2413.2333900826698,2413.2333900826698
情景一阈值控制,36.334003024808545,7605.5158978980808,75.232480594197952,9978.6398211267297,109.82653502485188,2230.7852653561308,657.6684388095631,1758.1748355737284,0,15.31999020238268,19.176685126676027,12.8872,0.59775154723199453,1.0000000000035296,2415.8432743832914,2415.8432743832914
情景一阈值控制,36.381222332258702,7594.0735091889619,75.232480594201633,9987.4762536053477,109.55457511232855,2233.6631814991511,658.71747009852379,1759.7317605152682,0,15.339132403204028,19.19220521881595,12.8872,0.59714545839857203,1.0000000000034954,2418.4492306137918,2418.4492306137918
情景一阈值控制,36.428441639708858,7582.6572826219744,75.232480594205285,9996.2904430307262,109.28322544687998,2236.536568306205,659.76650138748437,1761.2847663679165,0,15.35823231536882,19.207656813239385,12.8872,0.59653893240788824,1.0000000000034615,2421.0512677554007,2421.0512677554007
情景一阈值控制,36.475660947159014,7571.2671583793899,75.232480594208909,10005.082440259897,109.01248482450512,2239.4054359419897,660.81553267644517,1762.8338620923694,0,15.377289908425219,19.223040012276609,12.8872,0.59593197037753254,1.0000000000034275,2423.6493947688145,2423.6493947688145
情景一阈值控制,36.52288025460917,7559.9030767802515,75.232480594212475,10013.85229603361,108.74235204079288,2242.2697945511236,661.86456396540586,1764.379056628834,0,15.396305151999474,19.238354918711167,12.8872,0.59532457342898792,1.0000000000033935,2426.2436205942399,2426.2436205942399
情景一阈值控制,36.570099562059333,7548.5649782800547,75.232480594216014,10022.600060976603,108.4728258909748,2245.1296542581422,662.91359525436678,1765.920358897077,0,15.415278015796197,19.253601635779443,12.8872,0.59471674268762609,1.0000000000033591,2428.8339541514438,2428.8339541514438
情景一阈值控制,36.617318869509489,7537.2528034704455,75.232480594219538,10031.325785597857,108.20390516997867,2247.9850251674884,663.96262654332747,1767.4577777964701,0,15.434208469598616,19.26878026717019,12.8872,0.59410847928270094,1.0000000000033249,2431.4204043397976,2431.4204043397976
情景一阈值控制,36.664538176959645,7525.9664930788967,75.232480594223006,10040.029520290878,107.93558867247881,2250.8359173635135,665.01165783228817,1768.9913222060379,0,15.453096483268867,19.283890917024074,12.8872,0.59349978434734307,1.0000000000032911,2434.0029800383263,2434.0029800383263
情景一阈值控制,36.711757484409802,7514.7059879684039,75.232480594226431,10048.711315333945,107.66787519294668,2253.6823409104682,666.06068912124897,1770.5210009845034,0,15.471942026748248,19.29893368993319,12.8872,0.59289065901855498,1.0000000000032565,2436.5816901057524,2436.5816901057524
情景一阈值控制,36.758976791859958,7503.4712291371752,75.232480594229827,10057.371220890382,107.40076352570011,2256.5243058525039,667.10972041020966,1772.0468229703351,0,15.490745070057502,19.313908690940604,12.8872,0.59228110443720317,1.0000000000032223,2439.1565433805449,2439.1565433805449
情景一阈值控制,36.806196099310114,7492.2621577183245,75.232480594233195,10066.009287008812,107.13425246495191,2259.361822213667,668.15875169917047,1773.5687969817925,0,15.509505583297074,19.328816025539844,12.8872,0.59167112174801428,1.0000000000031879,2441.7275486809631,2441.7275486809631
情景一阈值控制,36.853415406760277,7481.0787149795551,75.23248059423652,10074.62556362344,106.86834080485764,2262.1948999979004,669.2077829881315,1775.0869318169741,0,15.528223536647392,19.343655799674412,12.8872,0.59106071209956768,1.0000000000031537,2444.2947148051057,2444.2947148051057
情景一阈值控制,36.900634714210433,7469.9208423228638,75.232480594239817,10083.220100554285,106.60302733956225,2265.0235491890389,670.2568142770923,1776.60123625386,0,15.546898900369117,19.358428119737287,12.8872,0.59044987664429038,1.0000000000031191,2446.8580505309524,2446.8580505309524
情景一阈值控制,36.947854021660589,7458.7884812842212,75.232480594243057,10091.792947507465,106.33831086324511,2267.8477797508162,671.30584556605311,1778.1117190503624,0,15.565531644803436,19.373133092570413,12.8872,0.58983861653844993,1.0000000000030846,2449.4175646164153,2449.4175646164153
情景一阈值控制,36.995073329110745,7447.6815735332757,75.232480594246283,10100.344154075445,106.07419017016559,2270.6676016268589,672.35487685501391,1779.6183889443676,0,15.584121740372312,19.38777082546418,12.8872,0.58922693294214912,1.0000000000030502,2451.9732657993814,2451.9732657993814
情景一阈值控制,37,7446.5241878938705,75.23248059424661,10101.235107538816,106.04666716396821,2270.9615568090903,672.46432852197654,1779.7753694534397,0,15.586058897256889,19.389294197695779,12.8872,0.58916308800767236,1.0000000000030465,2452.2396979754162,2452.2396979754162
情景一阈值控制,37.042292636560902,7436.6000608730401,75.232480594249466,10108.873769737302,105.81066405470735,2273.4830247406917,673.40390814397483,1781.1212546537847,0,15.602669157578754,19.402341426156902,12.8872,0.588614827019319,1.0000000000030154,2454.5251627977595,2454.5251627977595
情景一阈值控制,37.089511944011065,7425.5438852395919,75.232480594252607,10117.381843858986,105.54773131142115,2276.2940589957398,674.45293943293575,1782.6203248765889,0,15.621173867007094,19.416845002834275,12.8872,0.58800229993771258,1.0000000000029814,2457.0732643095248,2457.0732643095248
情景一阈值控制,37.136731251461221,7414.5129887017683,75.232480594255705,10125.868425693567,105.28539073506745,2279.100714275331,675.50197072189644,1784.1156082908685,0,15.639635839323235,19.431281664128857,12.8872,0.58738935286889948,1.0000000000029463,2459.617579012765,2459.617579012765
情景一阈值控制,37.183950558911377,7403.5073134608601,75.232480594258774,10134.333564381515,105.02364112065787,2281.9030004427,676.55100201085736,1785.6071135548705,0,15.658055045274931,19.445651519119497,12.8872,0.58677598698825739,1.0000000000029121,2462.1581155657277,2462.1581155657277
情景一阈值控制,37.231169866361533,7392.5268018503102,75.232480594261801,10142.777308950928,104.76248126349631,2284.7009273409931,677.60003329981816,1787.0948493070443,0,15.676431455692054,19.459954677330799,12.8872,0.58616220347496795,1.000000000002877,2464.6948826068624,2464.6948826068624
情景一阈值控制,37.278389173811689,7381.5713963354137,75.232480594264814,10151.199708317819,104.50190995921908,2287.4945047932738,678.64906458877908,1788.5788241660896,0,15.694765041486848,19.474191248732552,12.8872,0.58554800351200775,1.0000000000028424,2467.2278887548687,2467.2278887548687
情景一阈值控制,37.325608481261845,7370.6410395130106,75.232480594267784,10159.600811286351,104.24192600383385,2290.2837426025262,679.69809587774,1790.0590467309989,0,15.713055773654199,19.488361343739154,12.8872,0.58493338828614361,1.0000000000028075,2469.7571426087388,2469.7571426087388
情景一阈值控制,37.372827788712009,7359.7356741111926,75.232480594270712,10167.980666549101,103.98252819375787,2293.0686505516665,680.74712716670092,1791.5355255811053,0,15.731303623271907,19.502465073209049,12.8872,0.58431835898792428,1.0000000000027727,2472.2826527478064,2472.2826527478064
情景一阈值控制,37.420047096162165,7348.8552429889987,75.232480594273596,10176.339322687318,103.72371532585676,2295.8492384035439,681.79615845566184,1793.0082692761234,0,15.74950856150093,19.516502548444119,12.8872,0.58370291681167497,1.0000000000027383,2474.8044277317854,2474.8044277317854
情景一阈值控制,37.467266403612321,7337.9996891361143,75.232480594276453,10184.676828171165,103.46548619748086,2298.6255159009538,682.84518974462276,1794.4772863561991,0,15.767670559585669,19.530473881189128,12.8872,0.58308706295548951,1.0000000000027029,2477.3224761008219,2477.3224761008219
情景一阈值控制,37.514485711062477,7327.168955672576,75.232480594279266,10192.993231359991,103.20783960650179,2301.3974927666422,683.89422103358368,1795.9425853419509,0,15.785789588854216,19.544379183631076,12.8872,0.5824707986212232,1.0000000000026683,2479.8368063755347,2479.8368063755347
情景一阈值控制,37.561705018512633,7316.362985848471,75.232480594282038,10201.288580502571,102.95077435134795,2304.1651787033188,684.94325232254448,1797.4041747345154,0,15.803865620718623,19.55821856839863,12.8872,0.58185412501448708,1.0000000000026332,2482.34742705706,2482.34742705706
情景一阈值控制,37.608924325962796,7305.5817230436414,75.232480594284795,10209.562923737361,102.69428923103965,2306.9285833936624,685.99228361150551,1798.8620630155924,0,15.821898626675162,19.571992148561485,12.8872,0.58123704334463899,1.0000000000025984,2484.854346627098,2484.854346627098
情景一阈值控制,37.656143633412952,7294.8251107673887,75.232480594287495,10217.816309092757,102.43838304522374,2309.687716500333,687.04131490046643,1800.3162586474889,0,15.839888578304581,19.585700037629753,12.8872,0.58061955482477801,1.0000000000025635,2487.3575735479553,2487.3575735479553
情景一阈值控制,37.703362940863109,7284.0930926581741,75.232480594290166,10226.048784487337,102.18305459420675,2312.442587665982,688.09034618942735,1801.7667700731629,0,15.857835447272375,19.599342349553325,12.8872,0.58000166067173642,1.0000000000025286,2489.8571162625904,2489.8571162625904
情景一阈值控制,37.750582248313265,7273.3856124833228,75.232480594292809,10234.260397730119,101.92830267898759,2315.193206513266,689.13937747838827,1803.2136057162693,0,15.875739205329035,19.612919198721233,12.8872,0.57938336210607233,1.0000000000024936,2492.3529831946576,2492.3529831946576
情景一阈值控制,37.797801555763421,7262.7026141387378,75.232480594295396,10242.451196520811,101.6741261012903,2317.939582644854,690.18840876734919,1804.6567739812019,0,15.89359982431032,19.626430699961023,12.8872,0.57876466035206253,1.0000000000024587,2494.845182748551,2494.845182748551
情景一阈值控制,37.845020863213577,7252.0440416485935,75.232480594297968,10250.621228450058,101.42052366359596,2320.6817256434438,691.23744005630999,1806.0962832531391,0,15.911417276137502,19.639876968538065,12.8872,0.57814555663769496,1.0000000000024238,2497.3337233094489,2497.3337233094489
情景一阈值控制,37.89224017066374,7241.4098391650505,75.232480594300498,10258.770540999691,101.1674941691733,2323.4196450717732,692.28647134527102,1807.5321418980875,0,15.92919153281764,19.653258120154934,12.8872,0.57752605219466147,1.0000000000023885,2499.8186132433584,2499.8186132433584
情景一阈值控制,37.939459478113896,7230.7999509679667,75.23248059430297,10266.899181542976,100.91503642210935,2326.1533504726326,693.33550263423194,1808.9643582629242,0,15.946922566443819,19.666574270950704,12.8872,0.57690614825834974,1.0000000000023535,2502.2998608971561,2502.2998608971561
情景一阈值控制,37.986678785564052,7220.2143214645921,75.232480594305429,10275.007197344872,100.66314922733908,2328.8828513688804,694.38453392319286,1810.3929406754435,0,15.964610349195427,19.6798255375003,12.8872,0.57628584606783573,1.0000000000023181,2504.7774745986362,2504.7774745986362
情景一阈值控制,38,7217.2323497305233,75.232480594306111,10277.290856323369,100.59219141464439,2329.6521219371448,694.68048004152627,1810.7953073126807,0,15.969592489590585,19.683552183299042,12.8872,0.57611077845616787,1.0000000000023082,2505.4757873542071,2505.4757873542071
情景一阈值控制,38.033898093014209,7209.6528951892906,75.232480594307845,10283.09463556226,100.41183139067493,2331.6081572634571,695.43356521215378,1811.8178974443974,0,15.982254853338398,19.693012036813798,12.8872,0.57566514686587622,1.0000000000022833,2507.2514626565512,2507.2514626565512
情景一阈值控制,38.081117400464365,7199.1156168032385,75.232480594310218,10291.161543244205,100.16108171883565,2334.3292776393987,696.48259650111459,1813.2392368595415,0,15.999856051225478,19.706133886335742,12.8872,0.57504405189890073,1.000000000002248,2509.7218333606561,2509.7218333606561
情景一阈值控制,38.128336707914521,7188.6024310941466,75.232480594312563,10299.2079673322,99.910899019473845,2337.0462219598548,697.5316277900755,1814.656967191677,0,16.017413915296476,19.719191203944451,12.8872,0.57442256241700396,1.0000000000022129,2512.1885949817524,2512.1885949817524
情景一阈值控制,38.175556015364684,7178.113282975959,75.232480594314865,10307.233954660409,99.661282101203355,2339.7589996681022,698.58065907903654,1816.0710966926954,0,16.034928418078518,19.732184107951291,12.8872,0.57380067967393744,1.0000000000021778,2514.651755771732,2514.651755771732
情景一阈值控制,38.22277532281484,7167.6481174885739,75.232480594317124,10315.23955195591,99.412229773627217,2342.4676201875609,699.62969036799734,1817.4816335956193,0,16.052399532186307,19.745112717099985,12.8872,0.57317840492710204,1.0000000000021427,2517.1113239636165,2517.1113239636165
情景一阈值控制,38.269994630264996,7157.2068797975489,75.232480594319355,10323.224805838945,99.163740847363343,2345.1720929218127,700.67872165695826,1818.8885861146484,0,16.069827230322364,19.757977150565878,12.8872,0.57255573943753912,1.0000000000021076,2519.5673077716065,2519.5673077716065
情景一阈值控制,38.317213937715152,7146.7895151938164,75.232480594321558,10331.189762823164,98.915814134070587,2347.8724272546169,701.72775294591895,1820.2919624452013,0,16.087211485277308,19.770777527955214,12.8872,0.57193268446992374,1.0000000000020721,2522.0197153911204,2522.0197153911204
情景一阈值控制,38.364433245165309,7136.3959690933998,75.232480594323704,10339.134469315863,98.668448446473988,2350.5686325499282,702.77678423487987,1821.6917707639575,0,16.104552269930078,19.783513969304405,12.8872,0.57130924129255456,1.0000000000020373,2524.4685549988371,2524.4685549988371
情景一阈值控制,38.411652552615472,7126.0261870371187,75.232480594325835,10347.058971618239,98.421642598389809,2353.2607181519156,703.82581552384079,1823.0880192289021,0,16.121849557248215,19.79618659507927,12.8872,0.57068541117734717,1.0000000000020017,2526.9138347527428,2526.9138347527428
情景一阈值控制,38.458871860065628,7115.6801146903163,75.232480594327924,10354.963315925615,98.175395404750205,2355.9486933849785,704.87484681280171,1824.4807159793666,0,16.139103320288079,19.808795526174293,12.8872,0.57006119539982514,1.0000000000019666,2529.3555627921683,2529.3555627921683
情景一阈值控制,38.506091167515784,7105.3576978425635,75.232480594329971,10362.8475483277,97.929705681626629,2358.6325675537682,705.92387810176251,1825.8698691360737,0,16.156313532195142,19.821340883911883,12.8872,0.56943659523911172,1.0000000000019313,2531.7937472378362,2531.7937472378362
情景一阈值控制,38.55331047496594,7095.0588824073802,75.232480594331975,10370.711714808818,97.684572246252813,2361.3123499432049,706.97290939072332,1827.2554868011778,0,16.173480166204204,19.83382279004157,12.8872,0.56881161197792074,1.000000000001896,2534.2283961919011,2534.2283961919011
情景一阈值控制,38.600529782416096,7084.7836144219509,75.232480594333936,10378.555861248155,97.439993917048298,2363.9880498184989,708.02194067968412,1828.6375770583086,0,16.19060319563966,19.846241366739264,12.8872,0.56818624690254915,1.0000000000018607,2536.6595177379927,2536.6595177379927
情景一阈值控制,38.647749089866252,7074.5318400468441,75.232480594335868,10386.380033419997,97.195969513640819,2366.6596764251703,709.07097196864481,1830.0161479726135,0,16.207682593915749,19.858596736606451,12.8872,0.56756050130286773,1.0000000000018254,2539.0871199412582,2539.0871199412582
情景一阈值控制,38.694968397316416,7064.3035055657201,75.232480594337773,10394.184276993974,96.952497856887987,2369.3272389890681,710.12000325760596,1831.3912075907995,0,16.224718334536799,19.870889022669424,12.8872,0.56693437647231215,1.0000000000017901,2541.5112108484054,2541.5112108484054
情景一阈值控制,38.742187704766572,7054.0985573850694,75.23248059433962,10401.968637535289,96.709577768898782,2371.9907467163912,711.16903454656665,1832.7627639411744,0,16.24171039109747,19.883118348378467,12.8872,0.56630787370787505,1.0000000000017548,2543.9317984877412,2543.9317984877412
情景一阈值控制,38.789407012216728,7043.9169420339122,75.232480594341453,10409.733160504968,96.46720807305455,2374.6502087937115,712.21806583552745,1834.1308250336917,0,16.258658737283014,19.895284837607068,12.8872,0.56568099431009666,1.0000000000017195,2546.3488908692193,2546.3488908692193
情景一阈值控制,38.836626319666884,7033.7586061635257,75.23248059434323,10417.477891260094,96.225387594029797,2377.3056343879925,713.26709712448815,1835.4953988599893,0,16.275563346869518,19.907388614651094,12.8872,0.56505373958305549,1.0000000000016844,2548.7624959844775,2548.7624959844775
情景一阈值控制,38.88384562711704,7023.6234965471685,75.232480594344977,10425.202875054047,95.98411515781244,2379.9570326466128,714.31612841344884,1836.8564933934331,0,16.292424193724148,19.919429804227988,12.8872,0.56442611083436045,1.0000000000016491,2551.172621806882,2551.172621806882
情景一阈值控制,38.931064934567203,7013.5115600797944,75.232480594346683,10432.908157036733,95.743389591723016,2382.6044126973875,715.36515970240976,1838.2141165891594,0,16.309241251805396,19.93140853147592,12.8872,0.56379810937514119,1.0000000000016136,2553.5792762915689,2553.5792762915689
情景一阈值控制,38.978284242017359,7003.4227437777845,75.23248059434836,10440.593782254829,95.503209724434058,2385.2477836485905,716.41419099137045,1839.5682763841146,0,16.326014495163317,19.943324921952975,12.8872,0.56316973652003888,1.0000000000015783,2555.9824673754852,2555.9824673754852
情景一阈值控制,39,6998.7907297354423,75.232480594349127,10444.121749621265,95.39293591248456,2386.4621041364444,716.89663156107463,1840.1898824903153,0,16.333713651616364,19.948784277072189,12.8872,0.56288062887378332,1.0000000000015619,2557.0865140513897,2557.0865140513897
情景一阈值控制,39.025503549467516,6993.3569947786536,75.232480594349994,10448.259795652015,95.263574385989457,2387.8871545889779,717.46322228033125,1840.918980697098,0,16.342743897939791,19.9551791016363,12.8872,0.56254099358719722,1.0000000000015432,2558.3822029774292,2558.3822029774292
情景一阈值控制,39.072722856917672,6983.3142603407869,75.2324805943516,10455.906242069215,95.024482407822674,2390.5225345878093,718.51225356929183,1842.2662374288038,0,16.359429434368757,19.966971196921261,12.8872,0.56191188189825347,1.0000000000015077,2560.7784909980955,2560.7784909980955
情景一阈值控制,39.119942164367828,6973.2944878431626,75.232480594353163,10463.533166244822,94.785932622774709,2393.1539326948746,719.56128485825252,1843.6100544618616,0,16.376071078776448,19.978701334620574,12.8872,0.56128240277832864,1.0000000000014724,2563.1713393201144,2563.1713393201144
情景一阈值控制,39.167161471817984,6963.2976247850665,75.232480594354683,10471.140612814939,94.547923865111784,2395.7813579405129,720.6103161472131,1844.9504396608781,0,16.392668805581657,19.990369641963465,12.8872,0.56065255755601862,1.0000000000014371,2565.560755808091,2565.560755808091
情景一阈值控制,39.214380779268147,6953.3236187858274,75.232480594356161,10478.728626313621,94.310454970542764,2398.4048193356412,721.65934743617402,1846.287400872478,0,16.409222589295958,20.001976246594776,12.8872,0.56002234756338432,1.0000000000014018,2567.9467483086519,2567.9467483086519
情景一阈值控制,39.261600086718303,6943.3724175845382,75.232480594357611,10486.297251173082,94.073524776236397,2401.0243258717733,722.70837872513459,1847.6209459253448,0,16.425732404523941,20.013521276574096,12.8872,0.55939177413594265,1.0000000000013667,2570.3293246504795,2570.3293246504795
情景一阈值控制,39.308819394168459,6933.4439690397794,75.232480594359032,10493.846531723961,93.837132120837424,2403.6398865210499,723.75741001409517,1848.9510826302633,0,16.442198225963491,20.025004860374874,12.8872,0.55876083861265657,1.0000000000013314,2572.7084926443586,2572.7084926443586
情景一阈值控制,39.356038701618616,6923.5382211293554,75.232480594360425,10501.376512195531,93.601275844482416,2406.2515102362595,724.80644130305586,1850.2778187801589,0,16.458620028405978,20.036427126883538,12.8872,0.55812954233592582,1.0000000000012961,2575.0842600832148,2575.0842600832148
情景一阈值控制,39.403258009068772,6913.6551219500052,75.23248059436176,10508.887236715938,93.365954788816197,2408.8592059508655,725.85547259201633,1851.6011621501391,0,16.474997786736537,20.047788205398565,12.8872,0.55749788665157651,1.0000000000012608,2577.4566347421555,2577.4566347421555
情景一阈值控制,39.450477316518928,6903.7946197171505,75.232480594363068,10516.378749312438,93.131167797007365,2411.4629825790289,726.90450388097702,1852.9211204975343,0,16.491331475934292,20.059088225629601,12.8872,0.55686587290885226,1.0000000000012255,2579.8256243785113,2579.8256243785113
情景一阈值控制,39.497696623969091,6893.9566627646072,75.232480594364333,10523.851093911617,92.896913713763041,2414.0628490156373,727.9535351699376,1854.237701561939,0,16.507621071072577,20.070327317696531,12.8872,0.55623350246040359,1.0000000000011904,2582.1912367318764,2582.1912367318764
情景一阈值控制,39.544915931419247,6884.1411995443277,75.232480594365555,10531.304314339623,92.663191385343794,2416.6588141363272,729.00256645889806,1855.5509130652504,0,16.523866547319205,20.081505612128559,12.8872,0.55560077666227903,1.0000000000011549,2584.5534795241483,2584.5534795241483
情景一阈值控制,39.592135238869403,6874.3481786261227,75.232480594366749,10538.738454322407,92.429999659577916,2419.2508867975134,730.05159774785864,1856.8607627117115,0,16.540067879936679,20.092623239863286,12.8872,0.5549676968739139,1.0000000000011198,2586.9123604595702,2586.9123604595702
情景一阈值控制,39.639354546319559,6864.5775486973926,75.2324805943679,10546.153557485937,92.197337385875926,2421.8390758364121,731.1006290368191,1858.1672581879488,0,16.556225044282442,20.103680332245748,12.8872,0.55433426445812128,1.0000000000010842,2589.2678872247679,2589.2678872247679
情景一阈值控制,39.686573853769715,6854.8292585628596,75.232480594369022,10553.549667356443,91.965203415244261,2424.4233900710697,732.14966032577956,1859.4704071630156,0,16.572338015809109,20.114677021027507,12.8872,0.55370048078108103,1.0000000000010494,2591.620067488795,2591.620067488795
情景一阈值控制,39.733793161219879,6845.1032571443038,75.232480594370102,10560.926827360627,91.733596600298355,2427.0038383003885,733.19869161474014,1860.7702172884287,0,16.588406770064697,20.125613438365672,12.8872,0.55306634721233094,1.0000000000010141,2593.968908903169,2593.968908903169
情景一阈值控制,39.781012468670035,6835.3994934802904,75.232480594371154,10568.285080825894,91.502515795275755,2429.5804293041533,734.24772290370061,1862.066696198212,0,16.604431282692861,20.136489716821934,12.8872,0.55243186512475528,1.0000000000009786,2596.3144191019128,2596.3144191019128
情景一阈值控制,39.828231776120191,6825.7179167259028,75.232480594372163,10575.624470980603,91.271959856049648,2432.1531718430601,735.29675419266096,1863.3598515089327,0,16.620411529433134,20.14730598936163,12.8872,0.55179703589457452,1.0000000000009435,2598.6566057015934,2598.6566057015934
情景一阈值控制,39.875451083570347,6816.0584761524769,75.232480594373129,10582.945040954255,91.041927640140898,2434.7220746587413,736.34578548162131,1864.6496908197457,0,16.636347486121146,20.158062389352743,12.8872,0.55116186090133623,1.0000000000009084,2600.995476301367,2600.995476301367
情景一阈值控制,39.922670391020503,6806.4211211473357,75.232480594374067,10590.246833777752,90.812418006730354,2437.287146473795,737.39481677058166,1865.9362217124299,0,16.652239128688869,20.168759050564923,12.8872,0.55052634152790314,1.0000000000008731,2603.3310384830115,2603.3310384830115
情景一阈值控制,39.969889698470659,6796.805801213527,75.232480594374948,10597.529892383602,90.583429816670645,2439.8483959918121,738.44384805954189,1867.2194517514279,0,16.668086433164842,20.179396107168508,12.8872,0.54989047916044376,1.000000000000838,2605.6632998109699,2605.6632998109699
情景一阈值控制,40,6790.6858895096375,75.232480594375517,10602.164312759331,90.437682830758703,2441.4796343058838,739.11278308061674,1868.0360080585137,0,16.678168610406615,20.186147970809628,12.8872,0.54948483081072341,1.0000000000008156,2607.1487911391305,2607.1487911391305
情景一阈值控制,40.017109005920823,6787.2124659695519,75.232480594375815,10604.794259606155,90.354961932498156,2442.4058318974053,739.49287934850247,1868.4993884838891,0,16.683889375674401,20.189973693733524,12.8872,0.54925427518842129,1.0000000000008025,2607.9922678323915,2607.9922678323915
情景一阈值控制,40.064328313370979,6777.6410651491115,75.232480594376639,10612.03997818182,90.12701321844456,2444.9594628562345,740.54191063746259,1869.7760394397051,0,16.699647932439898,20.20049194522867,12.8872,0.548617731004583,1.0000000000007676,2610.3179500771676,2610.3179500771676
情景一阈值控制,40.111547620821135,6768.0915486008289,75.232480594377421,10619.267090749296,89.899582540447483,2447.5092975150374,741.59094192642283,1871.0494121315517,0,16.715362079780959,20.210950997020326,12.8872,0.54798084800494973,1.0000000000007321,2612.6403540579745,2612.6403540579745
情景一阈值控制,40.158766928271291,6758.5638662879992,75.232480594378174,10626.475639849788,89.672668766161095,2450.055344501659,742.63997321538307,1872.3195140549269,0,16.731031794114678,20.221350984871528,12.8872,0.54734362758880484,1.0000000000006979,2614.9594872703101,2614.9594872703101
情景一阈值控制,40.205986235721447,6749.0579682883208,75.232480594378885,10633.665667927242,89.446270764967295,2452.5976124250774,743.6890045043433,1873.5863526881924,0,16.746657051955868,20.231692044940928,12.8872,0.54670607115868464,1.0000000000006621,2617.2753571925359,2617.2753571925359
情景一阈值控制,40.25320554317161,6739.5738047936375,75.232480594379567,10640.837217328548,89.220387407985825,2455.136109875436,744.73803579330354,1874.8499354926098,0,16.762237829917279,20.241974313781789,12.8872,0.54606818012036507,1.0000000000006268,2619.5879712859132,2619.5879712859132
情景一阈值控制,40.300424850621766,6730.1113261096743,75.232480594380206,10647.990330303779,88.995017568084307,2457.6708454240684,745.78706708226366,1876.1102699123812,0,16.777774104709813,20.252197928340916,12.8872,0.54542995588285326,1.0000000000005917,2621.8973369946448,2621.8973369946448
情景一阈值控制,40.347644158071923,6720.6704826557798,75.232480594380803,10655.125049006407,88.770160119887763,2460.2018276235317,746.83609837122367,1877.3673633746885,0,16.793265853142778,20.262363025957637,12.8872,0.5447913998583751,1.0000000000005567,2624.2034617459121,2624.2034617459121
情景一阈值控制,40.394863465522079,6711.2512249646616,75.232480594381386,10662.241415493521,88.545813939788331,2462.7290650076338,747.88512966018379,1878.6212232897317,0,16.808713052124073,20.272469744362727,12.8872,0.54415251346236437,1.0000000000005218,2626.5063529499157,2626.5063529499157
情景一阈值控制,40.442082772972235,6701.853503682134,75.232480594381911,10669.339471726051,88.321977905954739,2465.252566091463,748.93416094914392,1879.8718570507683,0,16.824115678660448,20.282518221677361,12.8872,0.54351329811345206,1.0000000000004872,2628.806017999912,2628.806017999912
情景一阈值控制,40.489302080422391,6692.4772695668535,75.232480594382409,10676.419259568989,88.098650898341418,2467.7723393714191,749.98319223810381,1881.119272034151,0,16.839473709857703,20.292508596412038,12.8872,0.54287375523345505,1.0000000000004521,2631.102464272255,2631.102464272255
情景一阈值控制,40.536521387872554,6683.1224734900634,75.232480594382849,10683.480820791601,87.875831798696638,2470.2883933252406,751.03222352706405,1882.3634755993683,0,16.854787122920925,20.302441007465504,12.8872,0.54223388624736413,1.0000000000004172,2633.3956991264322,2633.3956991264322
情景一阈值控制,40.58374069532271,6673.7890664353372,75.232480594383276,10690.524197067656,87.653519490571426,2472.8007364120367,752.08125481602394,1883.6044750890796,0,16.870055895154689,20.312315594123675,12.8872,0.54159369258333401,1.0000000000003819,2635.6857299051035,2635.6857299051035
情景一阈值控制,40.630960002772866,6664.4769994983235,75.232480594383659,10697.549429975632,87.431712859328343,2475.3093770723181,753.13028610498395,1884.8422778291585,0,16.885280003963299,20.322132496058547,12.8872,0.54095317567267043,1.0000000000003473,2637.9725639341423,2637.9725639341423
情景一阈值控制,40.678179310223022,6655.1862238864787,75.232480594384,10704.556560998948,87.210410792149133,2477.8143237280246,754.17931739394373,1886.0768911287262,0,16.900459426850997,20.331891853327093,12.8872,0.54031233694981995,1.000000000000312,2640.25620852267,2640.25620852267
情景一阈值控制,40.725398617673179,6645.916690918828,75.232480594384327,10711.545631526171,86.989612178042734,2480.3155847825587,755.22834868290363,1887.3083222801943,0,16.915594141422186,20.341593806370174,12.8872,0.53967117785235752,1.0000000000002776,2642.536670963098,2642.536670963098
情景一阈值控制,40.772617925123335,6636.6683520256975,75.232480594384597,10718.516682851236,86.7693159078528,2482.813168620813,756.27737997186352,1888.5365785592992,0,16.930684125381642,20.351238496011398,12.8872,0.53902969982097604,1.000000000000242,2644.8139585311628,2644.8139585311628
情景一阈值控制,40.819837232573498,6627.4411587484637,75.232480594384839,10725.469756173667,86.549520874265539,2485.3070836092033,757.32641126082342,1889.7616672251424,0,16.945729356534741,20.360826063456042,12.8872,0.53838790429947281,1.0000000000002076,2647.088078485966,2647.088078485966
情景一阈值控制,40.867056540023654,6618.2350627393034,75.232480594385038,10732.404892598781,86.330225971816915,2487.7973380956973,758.3754425497832,1890.9835955202284,0,16.960729812787662,20.370356650289889,12.8872,0.53774579273474044,1.000000000000173,2649.3590380700116,2649.3590380700116
情景一阈值控制,40.91427584747381,6609.0500157609358,75.232480594385194,10739.322133137915,86.111430096899539,2490.2839404098477,759.42447383874287,1892.2023706705018,0,16.97568547214761,20.379830398478127,12.8872,0.53710336657675284,1.0000000000001381,2651.6268445092446,2651.6268445092446
情景一阈值控制,40.961495154923966,6599.8859696863692,75.232480594385322,10746.22151870864,85.893132147769023,2492.766898862822,760.47350512770254,1893.4179998853858,0,16.990596312723035,20.389247450364181,12.8872,0.53646062727855437,1.0000000000001035,2653.8915050130881,2653.8915050130881
情景一阈值控制,41,6592.4286868466379,75.232480594385407,10751.834414441506,85.715489529407492,2494.7889285880478,761.32893460014759,1894.4069575198052,0,17.002722123693271,20.396884690068024,12.8872,0.53593627663725796,1.0000000000000753,2655.735892119953,2655.735892119953
情景一阈值控制,41.008714462374122,6590.7428764986498,75.232480594385422,10753.103090134966,85.675331024551511,2495.2462217474331,761.52253641666221,1894.63049035782,0,17.005462312723832,20.398607948668591,12.8872,0.5358175762962476,1.0000000000000691,2656.153026774482,2656.153026774482
情景一阈值控制,41.055933769824286,6581.6206882906126,75.232480594385478,10759.966888147565,85.458025629249732,2497.7219173381723,762.57156770562199,1895.8398492642978,0,17.020283450461569,20.407912036487851,12.8872,0.53517421508898211,1.0000000000000342,2658.4114169699196,2658.4114169699196
情景一阈值控制,41.103153077274442,6572.5193572646322,75.232480594385493,10766.81295338398,85.241214865749384,2500.1939938912383,763.62059899458154,1897.0460837649036,0,17.035059704349695,20.417159857293239,12.8872,0.53453054511894171,0.99999999999999967,2660.6666827594854,2660.6666827594854
情景一阈值控制,41.150372384724598,6563.4388357323623,75.232480594385493,10773.641326388841,85.024897639824886,2502.6624596445699,764.6696302835411,1898.2492010033513,0,17.049791052903736,20.426351554929663,12.8872,0.53388656785133248,0.99999999999996503,2662.9188312868923,2662.9188312868923
情景一阈值控制,41.197591692174754,6554.3790761144974,75.23248059438545,10780.452047614077,84.809072859145502,2505.1273228178788,765.71866157250065,1899.4492081070216,0,17.064477474741533,20.435487273614484,12.8872,0.53324228475437097,0.99999999999993028,2665.1678696795225,2665.1678696795225
情景一阈值控制,41.24481099962491,6545.3400309405142,75.232480594385365,10787.245157419125,84.5937394332812,2507.5885916126795,766.7676928614602,1900.6461121869979,0,17.079118948583428,20.44456715793633,12.8872,0.53259769729927142,0.99999999999989586,2667.413805048458,2667.413805048458
情景一阈值控制,41.292030307075066,6536.3216528484299,75.232480594385237,10794.02069607114,84.378896273708193,2510.0462742123204,767.81672415041953,1901.8399203381061,0,17.093715453252482,20.453591352853913,12.8872,0.53195280696023439,0.99999999999986144,2669.6566444885257,2669.6566444885257
情景一阈值控制,41.33924961452523,6527.3238945845505,75.232480594385066,10800.778703745218,84.164542293813739,2512.5003787820174,768.86575543937909,1903.0306396389492,0,17.108266967674691,20.462560003694836,12.8872,0.53130761521443359,0.99999999999982703,2671.8963950783282,2671.8963950783282
情景一阈值控制,41.386468921975386,6518.3467090032245,75.232480594384853,10807.519220524588,83.950676408901614,2514.9509134688856,769.91478672833841,1904.2182771519458,0,17.122773470879164,20.471473256154376,12.8872,0.53066212354200426,0.99999999999979261,2674.1330638802842,2674.1330638802842
情景一阈值控制,41.433688229425542,6509.3900490665947,75.232480594384626,10814.242286400837,83.737297536197445,2517.3978864019705,770.96381801729785,1905.4028399233669,0,17.137234941998368,20.480331256294303,12.8872,0.53001633342602994,0.99999999999975808,2676.3666579406645,2676.3666579406645
情景一阈值控制,41.480907536875698,6500.4538678443514,75.232480594384342,10820.947941274115,83.524404594853308,2519.8413056922795,772.01284930625707,1906.5843349833724,0,17.151651360268307,20.489134150541645,12.8872,0.52937024635253049,0.99999999999972367,2678.5971842896297,2678.5971842896297
情景一阈值控制,41.528126844325854,6491.5381185134902,75.232480594384029,10827.636224953339,83.311996505952251,2522.2811794328172,773.06188059521639,1907.7627693460495,0,17.166022705028738,20.497882085687465,12.8872,0.52872386381044945,0.99999999999968925,2680.8246499412658,2680.8246499412658
情景一阈值控制,41.575346151776017,6482.6427543580612,75.232480594383674,10834.307177156412,83.100072192512854,2524.7175156986136,774.11091188417572,1908.9381500094469,0,17.180348955723364,20.506575208885646,12.8872,0.52807718729164133,0.99999999999965505,2683.0490618936228,2683.0490618936228
情景一阈值控制,41.622565459226173,6473.7677287689276,75.232480594383304,10840.96083751042,82.88863057949392,2527.1503225467577,775.15994317313482,1910.1104839556128,0,17.194630091900045,20.515213667651643,12.8872,0.52743021829085912,0.99999999999962086,2685.2704271287475,2685.2704271287475
情景一阈值控制,41.669784766676329,6464.9129952435223,75.232480594382878,10847.597245551848,82.677670593798524,2529.5796080164328,776.20897446209392,1911.2797781506324,0,17.208866093211,20.523797609861248,12.8872,0.5267829583057414,0.99999999999958666,2687.4887526127263,2687.4887526127263
情景一阈值控制,41.717004074126486,6456.0785073856005,75.232480594382437,10854.216440726777,82.467191164277935,2532.0053801289432,777.25800575105313,1912.4460395446629,0,17.223056939413002,20.532327183749331,12.8872,0.52613540883679932,0.9999999999995528,2689.7040452957162,2689.7040452957162
情景一阈值控制,41.764223381576642,6447.2642189050011,75.232480594381954,10860.818462391111,82.257191221735184,2534.4276468877538,778.30703704001201,1913.6092750719708,0,17.237202610367586,20.540802537908604,12.8872,0.52548757138740476,0.99999999999951816,2691.9163121119827,2691.9163121119827
情景一阈值控制,41.811442689026798,6438.4700836174006,75.232480594381428,10867.403349810758,82.047669698929482,2536.8464162785153,779.35606832897099,1914.7694916509674,0,17.251303086041236,20.549223821288336,12.8872,0.52483944746377564,0.99999999999948397,2694.1255599799383,2694.1255599799383
情景一阈值控制,41.858661996476961,6429.6960554440684,75.232480594380874,10873.97114216185,81.838625530579549,2539.261696269104,780.40509961793009,1915.9266961842463,0,17.265358346505604,20.5575911831931,12.8872,0.52419103857496441,0.99999999999945,2696.3317958021762,2696.3317958021762
情景一阈值控制,41.905881303927117,6420.9420884116398,75.232480594380277,10880.521878530948,81.630057653367203,2541.6734948096478,781.45413090688908,1917.0808955586183,0,17.279368371937672,20.565904773281485,12.8872,0.5235423462328449,0.99999999999941613,2698.5350264655071,2698.5350264655071
情景一阈值控制,41.953100611377273,6412.208136651856,75.232480594379652,10887.055597915245,81.421965005940237,2544.0818198325637,782.50316219584795,1918.232096645148,0,17.293333142619986,20.574164741564829,12.8872,0.52289337195209873,0.99999999999938227,2700.7352588409958,2700.7352588409958
情景一阈值控制,42,6403.5531260230628,75.232480594378998,10893.528244231818,81.215751586313971,2546.4703975644111,783.54508611966264,1919.3725370335537,0,17.307158484364553,20.58231581757115,12.8872,0.52224851700119068,0.99999999999934841,2702.9176231532165,2702.9176231532165
情景一阈值控制,42.000319918827429,6403.4941544013327,75.232480594378998,10893.572339222766,81.214346528916053,2546.4866792525891,783.55219348480682,1919.3803062991901,0,17.307252638940838,20.582371238405909,12.8872,0.52224411725020214,0.9999999999993483,2702.9324997839967,2702.9324997839967
情景一阈值控制,42.047539226277586,6394.8000960013251,75.232480594378288,10900.072141272582,81.007201164884805,2548.8880809668153,784.60122477376547,1920.5255313604252,0,17.321126841394445,20.59052441451767,12.8872,0.52159458364741329,0.99999999999931444,2705.1267561341906,2705.1267561341906
情景一阈值控制,42.094758533727742,6386.1259158974781,75.232480594377563,10906.555042794998,80.800527858412153,2551.2860328547176,785.65025606272434,1921.6677786528955,0,17.334955730581164,20.598624420961904,12.8872,0.52094477266675854,0.99999999999928035,2707.3180347156199,2707.3180347156199
情景一阈值控制,42.141977841177905,6377.4715686395966,75.232480594376781,10913.021082431778,80.594325556041753,2553.6805427781924,786.6992873516831,1922.8070549850402,0,17.348739287207675,20.606671409147946,12.8872,0.52029468583401917,0.9999999999992466,2709.5063423367233,2709.5063423367233
情景一阈值控制,42.189197148628061,6368.8370088814054,75.232480594375971,10919.47029873632,80.388593206298154,2556.0716185815863,787.74831864064174,1923.9433671497313,0,17.362477492087173,20.614665530831367,12.8872,0.51964432467771871,0.99999999999921307,2711.691685790373,2711.691685790373
情景一阈值控制,42.236416456078217,6360.2221913803032,75.232480594375133,10925.902730173882,80.183329759689613,2558.4592680917335,788.79734992960027,1925.07672192431,0,17.376170326139555,20.622606938112639,12.8872,0.51899369072910839,0.99999999999917943,2713.8740718539102,2713.8740718539102
情景一阈值控制,42.283635763528373,6351.6270709971413,75.232480594374238,10932.318415121776,79.978534168710254,2560.8434991179838,789.8463812185588,1926.2071260706218,0,17.38981777039162,20.630495783435819,12.8872,0.51834278552215463,0.99999999999914557,2716.0535072891807,2716.0535072891807
情景一阈值控制,42.330855070978529,6343.0516026959713,75.232480594373328,10938.717391869557,79.774205387842315,2563.2243194522403,790.89541250751734,1927.334586335051,0,17.403419805977254,20.638332219587205,12.8872,0.51769161059352464,0.99999999999911193,2718.2299988425684,2718.2299988425684
情景一阈值控制,42.378074378428693,6334.4957415438175,75.232480594372376,10945.099698619246,79.570342373558304,2565.6017368689904,791.94444379647598,1928.4591094485579,0,17.416976414137611,20.646116399694002,12.8872,0.51704016748257353,0.99999999999907829,2720.4035532450339,2720.4035532450339
情景一阈值控制,42.425293685878849,6325.9594427104439,75.232480594371381,10951.465373485507,79.366944084323407,2567.9757591253383,792.9934750854344,1929.5807021267112,0,17.430487576221307,20.653848477222969,12.8872,0.51638845773133046,0.99999999999904488,2722.5741772121455,2722.5741772121455
情景一阈值控制,42.472512993329005,6317.4426614681115,75.232480594370372,10957.814454495867,79.164009480597272,2570.3463939610392,794.04250637439259,1930.6993710697266,0,17.443953273684599,20.661528605979072,12.8872,0.5157364828844847,0.99999999999901157,2724.7418774441194,2724.7418774441194
情景一阈值控制,42.519732300779161,6308.9453531913487,75.232480594369321,10964.146979590898,78.961537524835748,2572.7136490985331,795.09153766335089,1931.8151229625,0,17.457373488091584,20.669156940104113,12.8872,0.5150842444893724,0.99999999999897793,2726.9066606258511,2726.9066606258511
情景一阈值控制,42.566951608229317,6300.4674733567153,75.232480594368226,10970.462986624432,78.759527181492231,2575.0775322429781,796.1405689523092,1932.9279644746418,0,17.470748201114368,20.676733634075379,12.8872,0.51443174409596137,0.99999999999894507,2729.068533426951,2729.068533426951
情景一阈值控制,42.614170915679473,6292.008977542574,75.23248059436709,10976.762513363743,78.557977417020069,2577.4380510822821,797.1896002412675,1934.0379022605146,0,17.484077394533262,20.684258842704249,12.8872,0.51377898325683979,0.9999999999989112,2731.2275025017821,2731.2275025017821
情景一阈值控制,42.661390223129636,6283.5698214288495,75.232480594365938,10983.045597489758,78.356887199873682,2579.7952132871378,798.2386315302258,1935.1449429592644,0,17.49736105023695,20.691732721134841,12.8872,0.51312596352719919,0.9999999999988779,2733.3835744894905,2733.3835744894905
情景一阈值控制,42.708609530579793,6275.1499607968062,75.232480594364745,10989.312276597248,78.156255500510028,2582.1490265110547,799.28766281918377,1936.2490931948585,0,17.510599150222681,20.699155424842594,12.8872,0.5124726864648228,0.99999999999884503,2735.5367560140421,2735.5367560140421
情景一阈值控制,42.755828838029949,6266.7493515288088,75.232480594363508,10995.562588195027,77.956081291389708,2584.4994983903948,800.33669410814196,1937.3503595761185,0,17.523791676596449,20.706527109632908,12.8872,0.51181915363007102,0.99999999999881162,2737.6870536842607,2737.6870536842607
情景一阈值控制,42.803048145480105,6258.3679496080922,75.232480594362244,11001.796569706148,77.756363546978392,2586.8466365444028,801.3857253970998,1938.4487486967557,0,17.536938611573159,20.713847931639723,12.8872,0.51116536658586598,0.99999999999877887,2739.8344740938555,2739.8344740938555
情景一阈值控制,42.850267452930261,6250.0057111185324,75.23248059436095,11008.0142584681,77.55710124374805,2589.190448575242,802.43475668605777,1939.544267135406,0,17.550039937476832,20.721118047324129,12.8872,0.51051132689767953,0.99999999999874556,2741.9790238214637,2741.9790238214637
情景一阈值控制,42.897486760380424,6241.6625922444191,75.232480594359615,11014.215691732999,77.358293360177925,2591.5309420680278,803.48378797501573,1940.6369214556623,0,17.563095636740751,20.728337613472949,12.8872,0.50985703613351707,0.99999999999871247,2744.1207094306783,2744.1207094306783
情景一阈值控制,42.94470606783058,6233.3385492702209,75.23248059435825,11020.400906667792,77.159938876755007,2593.8681245908592,804.53281926397358,1941.7267182061112,0,17.576105691907657,20.735506787197323,12.8872,0.50920249586390476,0.99999999999867939,2746.259537470085,2746.259537470085
情景一阈值控制,42.991925375280736,6225.0335385803592,75.232480594356844,11026.569940354439,76.962036775975122,2596.2020036948534,805.58185055293131,1942.8136639203667,0,17.58907008562992,20.742625725931287,12.8872,0.50854770766187407,0.99999999999864686,2748.3955144732981,2748.3955144732981
情景一阈值控制,43,6223.6152624940769,75.232480594356602,11027.623243782287,76.928240220584257,2596.6007729086791,805.76123763915746,1942.9992494925752,0,17.591282457789639,20.743838064805715,12.8872,0.50843571246224228,0.99999999999864131,2748.7604871317326,2748.7604871317326
情景一阈值控制,43.039144682730893,6216.7475166589793,75.232480594355408,11032.722829790126,76.764586042343964,2598.5325869141807,806.63088184188905,1943.8977651171035,0,17.601988800669716,20.749694587430344,12.8872,0.50789267310294861,0.999999999998614,2750.5286469589928,2750.5286469589928
情景一阈值控制,43.086363990181049,6208.480440089721,75.23248059435393,11038.859611887437,76.567585662377468,2600.8598817660954,807.67991313084678,1944.9790283000925,0,17.614861819899186,20.756713529770028,12.8872,0.50723739376512855,0.99999999999858113,2752.6589414309392,2752.6589414309392
情景一阈值控制,43.133583297631205,6200.2322655554935,75.232480594352424,11044.980323474565,76.371034624602302,2603.1838957509713,808.72894441980441,1946.0574599582339,0,17.627689126300634,20.763682711344472,12.8872,0.50658187122887699,0.99999999999854838,2754.7864043780382,2754.7864043780382
情景一阈值控制,43.180802605081361,6192.0029498382464,75.232480594350889,11051.085001295496,76.174931919556386,2605.5046363523338,809.77797570876203,1947.1330665655917,0,17.640470702966674,20.770602290864939,12.8872,0.50592610707710495,0.99999999999851574,2756.9110422743538,2756.9110422743538
情景一阈值控制,43.228021912531524,6183.7924498187449,75.232480594349312,11057.173682010203,75.979276539789382,2607.8221110368954,810.82700699771954,1948.2058545814273,0,17.653206533100413,20.777472427358397,12.8872,0.50527010289515706,0.99999999999848321,2759.0328615791468,2759.0328615791468
情景一阈值控制,43.27524121998168,6175.6007224763434,75.232480594347692,11063.246402194842,75.784067479863182,2610.1363272545868,811.87603828667704,1949.2758304502333,0,17.665896600015607,20.784293280166043,12.8872,0.5046138602707968,0.99999999999845102,2761.1518687369103,2761.1518687369103
情景一阈值控制,43.322460527431836,6167.4277248887574,75.232480594346058,11069.303198341935,75.589303736351738,2612.4472924385918,812.92506957563444,1950.3430006017677,0,17.678540887136855,20.791065008941835,12.8872,0.50395738079419239,0.99999999999841849,2763.268070177402,2763.268070177402
情景一阈值控制,43.369679834881993,6159.2734142318441,75.232480594344381,11075.344106860572,75.394984307840957,2614.7550140053809,813.97410086459172,1951.4073714510876,0,17.69113937799974,20.797787773651041,12.8872,0.50330066605790102,0.99999999999838585,2765.3814723156793,2765.3814723156793
情景一阈值控制,43.416899142332149,6151.1377477793712,75.232480594342675,11081.369164076594,75.201108194929517,2617.0594993547465,815.02313215354911,1952.468949398582,0,17.703692056251008,20.804461734568743,12.8872,0.50264371765685478,0.99999999999835343,2767.4920815521309,2767.4920815521309
情景一阈值控制,43.464118449782305,6143.0206829028011,75.232480594340927,11087.378406232781,75.007674400228453,2619.3607558698304,816.07216344250628,1953.5277408300067,0,17.716198905648731,20.811087052278364,12.8872,0.50198653718834585,0.99999999999832112,2769.599904272513,2769.599904272513
情景一阈值控制,43.511337757232468,6134.9221770710574,75.232480594339151,11093.371869489059,74.814681928361011,2621.6587909171667,817.12119473146356,1954.5837521165161,0,17.728659910062468,20.817663887670172,12.8872,0.50132912625201098,0.99999999999828915,2771.7049468479795,2771.7049468479795
情景一阈值控制,43.558557064682624,6126.8421878503123,75.232480594337346,11099.349589922667,74.622129785962571,2623.9536118467063,818.17022602042073,1955.6369896146978,0,17.741075053473438,20.824192401939801,12.8872,0.50067148644981829,0.99999999999825662,2773.8072156351186,2773.8072156351186
情景一阈值控制,43.60577637213278,6118.7806729037593,75.232480594335513,11105.311603528355,74.430016981680339,2626.245225991855,819.21925730937778,1956.6874596666057,0,17.753444319974662,20.830672756586733,12.8872,0.5000136193860496,0.99999999999822509,2775.9067169759837,2775.9067169759837
情景一阈值控制,43.652995679582936,6110.7375899913895,75.232480594333637,11111.25794621858,74.238342526173241,2628.5336406695083,820.26828859833461,1957.7351685997928,0,17.765767693771149,20.837105113412807,12.8872,0.49935552666728811,0.99999999999819289,2778.0034571981273,2778.0034571981273
情景一阈值控制,43.700214987033092,6102.7128969697742,75.232480594331719,11117.188653823687,74.04710543211155,2630.8188631800813,821.31731988729166,1958.7801227273451,0,17.778045159180035,20.843489634520701,12.8872,0.49869720990240129,0.99999999999816114,2780.0974426146367,2780.0974426146367
情景一阈值控制,43.747434294483249,6094.7065517918409,75.232480594329772,11123.103762092094,73.856304714175891,2633.1009008075439,822.36635117624837,1959.8223283479138,0,17.790276700630759,20.849826482312416,12.8872,0.49803867070252728,0.99999999999812905,2782.1886795241621,2782.1886795241621
情景一阈值控制,43.794653601933412,6086.7185125066562,75.232480594327782,11129.003306690485,73.665939389057087,2635.3797608194568,823.41538246520543,1960.8617917457489,0,17.802462302665202,20.856115819487751,12.8872,0.49737991068105836,0.99999999999809708,2784.2771742109544,2784.2771742109544
情景一阈值控制,43.841872909383568,6078.7487372592041,75.232480594325779,11134.887323203999,73.476008475455956,2637.6554504669989,824.46441375416225,1961.8985191907311,0,17.81460194993786,20.862357809042777,12.8872,0.49672093145362695,0.9999999999980651,2786.3629329448931,2786.3629329448931
情景一阈值控制,43.889092216833724,6070.7971842901661,75.232480594323732,11140.755847136403,73.286510994082121,2639.9279769850082,825.51344504311885,1962.9325169384074,0,17.826695627215994,20.868552614268307,12.8872,0.49606173463808945,0.99999999999803368,2788.4459619815261,2788.4459619815261
情景一阈值控制,43.93631152428388,6062.8638119357047,75.232480594321643,11146.608913910297,73.097445967653456,2642.1973475920081,826.56247633207545,1963.96379123002,0,17.838743319379777,20.874700398748349,12.8872,0.49540232185451172,0.99999999999800215,2790.5262675620952,2790.5262675620952
情景一阈值控制,43.983530831734036,6054.9485786272407,75.232480594319526,11152.446558867281,72.908812420895259,2644.4635694902468,827.61150762103193,1964.9923482925424,0,17.850745011422468,20.880801326358569,12.8872,0.49474269472515298,0.99999999999797073,2792.6038559135741,2792.6038559135741
情景一阈值控制,44,6052.1921594192827,75.232480594318787,11154.478993994624,72.843122050494358,2645.2532439412653,827.97738915862794,1965.3504508355627,0,17.854920143580529,20.882918219071932,12.8872,0.49451257960248318,0.99999999999795941,2793.3278399941905,2793.3278399941905
情景一阈值控制,44.0307501391842,6047.0514428912384,75.232480594317394,11158.268817268159,72.720609380539599,2646.7266498657286,828.66053890998865,1966.0181943387097,0,17.862700688450541,20.886855561264735,12.8872,0.49408285487445092,0.99999999999793898,2794.6787332486983,2794.6787332486983
情景一阈值控制,44.077969446634356,6039.1723633489928,75.232480594315206,11164.075724293105,72.532835875324537,2648.9865958882451,829.70957019894502,1967.0413355670523,0,17.874610335683844,20.892863267921157,12.8872,0.49342280392900595,0.99999999999790734,2796.7509057659972,2796.7509057659972
情景一阈值控制,44.125188754084512,6031.3112987164041,75.232480594313003,11169.867315041862,72.345490935992785,2651.2434147114118,830.75860148790139,1968.0617781619287,0,17.886473938455762,20.898824611069141,12.8872,0.49276254351756588,0.99999999999787614,2798.8203796498301,2798.8203796498301
情景一阈值控制,44.172408061534668,6023.4682078037658,75.232480594310758,11175.643624533917,72.158573595290477,2653.4971134727002,831.80763277685764,1969.079528293556,0,17.898291482213349,20.904739755735402,12.8872,0.49210207527101035,0.99999999999784484,2800.8871610704136,2800.8871610704136
情景一阈值控制,44.219627368984824,6015.6430495155491,75.23248059430847,11181.404687708688,71.972082887966849,2655.7476992934712,832.8566640658139,1970.0945921180455,0,17.910062952517485,20.910608867230504,12.8872,0.49144140082233501,0.99999999999781375,2802.9512561838592,2802.9512561838592
情景一阈值控制,44.26684667643498,6007.8357828501876,75.232480594306168,11187.150539425707,71.786017850772723,2657.9951792790098,833.90569535477005,1971.106975777431,0,17.921788335043026,20.916432111147287,12.8872,0.49078052180663678,0.99999999999778222,2805.0126711322009,2805.0126711322009
情景一阈值控制,44.314065983885143,6000.0463668998582,75.232480594303809,11192.881214464807,71.600377522459269,2660.2395605185552,834.9547266437263,1972.1166853997047,0,17.933467615578937,20.922209653359271,12.8872,0.4901194398610963,0.99999999999775135,2807.0714120434309,2807.0714120434309
情景一阈值控制,44.3612852913353,5992.2747608502768,75.232480594301435,11198.59674752629,71.415160943776797,2662.4808500853383,836.00375793268233,1973.1237270988461,0,17.945100780028447,20.927941660019069,12.8872,0.48945815662496472,0.99999999999772038,2809.1274850315285,2809.1274850315285
情景一阈值控制,44.408504598785456,5984.5209239804744,75.23248059429902,11204.297173231125,71.230367157473509,2664.7190550366108,837.05278922163825,1974.128106974857,0,17.956687814409197,20.933628297556812,12.8872,0.48879667373954605,0.99999999999768929,2811.1808961964953,2811.1808961964953
情景一阈值控制,44.455723906235612,5976.7848156625851,75.232480594296575,11209.982526121124,71.045995208294343,2666.9541824136822,838.10182051059417,1975.1298311137914,0,17.96822870485337,20.939269732678518,12.8872,0.4881349928481814,0.99999999999765854,2813.2316516243854,2813.2316516243854
情景一阈值控制,44.502943213685768,5969.0663953616395,75.232480594294103,11215.652840659121,70.862044142979471,2669.1862392419521,839.15085179955008,1976.1289055877874,0,17.979723437607841,20.944866132364528,12.8872,0.48747311559623463,0.9999999999976279,2815.2797573873377,2815.2797573873377
情景一阈值控制,44.550162521135931,5961.3656226353442,75.232480594291616,11221.308151229146,70.678513010262421,2671.4152325309406,840.199883088506,1977.1253364551008,0,17.991171999034325,20.950417663867853,12.8872,0.48681104363107464,0.99999999999759681,2817.3252195436066,2817.3252195436066
情景一阈值控制,44.597381828586087,5953.6824571338802,75.232480594289072,11226.948492136618,70.495400860869125,2673.6411692743254,841.24891437746169,1978.1191297601345,0,18.002574375609488,20.955924494712594,12.8872,0.48614877860206074,0.99999999999756661,2819.3680441375964,2819.3680441375964
情景一阈值控制,44.644601136036243,5946.0168585996798,75.2324805942865,11232.573897608527,70.312706747516316,2675.8640564499747,842.29794566641726,1979.110291533472,0,18.013930553925118,20.961386792692313,12.8872,0.48548632216052634,0.99999999999753597,2821.4082371998893,2821.4082371998893
情景一阈值控制,44.691820443486399,5938.3687868672223,75.232480594283913,11238.184401793591,70.130429724909888,2678.0839010199757,843.34697695537284,1980.0988277919087,0,18.025240520688243,20.966804725868396,12.8872,0.48482367595976228,0.99999999999750544,2823.4458047472817,2823.4458047472817
情景一阈值控制,44.739039750936556,5930.7382018628241,75.23248059428127,11243.780038762461,69.948568849743111,2680.3007099306742,844.3960082443283,1981.0847445384823,0,18.03650426272128,20.972178462568436,12.8872,0.48416084165500151,0.99999999999747524,2825.4807527828107,2825.4807527828107
情景一阈值控制,44.786259058386712,5923.1250636044242,75.232480594278613,11249.360842507884,69.767123180695037,2682.5144901127028,845.44503953328376,1982.0680477625046,0,18.047721766962152,20.977508171384603,12.8872,0.48349782090340299,0.99999999999744438,2827.5130872957884,2827.5130872957884
情景一阈值控制,44.833478365836875,5915.5293322013804,75.232480594275913,11254.926846944882,69.586091778429022,2684.7252484810174,846.49407082223934,1983.0487434395952,0,18.058893020464438,20.982794021171987,12.8872,0.48283461536403449,0.99999999999741451,2829.5428142618348,2829.5428142618348
情景一阈值控制,44.880697673287031,5907.9509678542554,75.232480594273198,11260.478085910936,69.405473705590936,2686.9329919349279,847.54310211119457,1984.0268375317091,0,18.070018010397501,20.988036181046962,12.8872,0.48217122669785806,0.99999999999738443,2831.5699396429036,2831.5699396429036
情景一阈值控制,44.927916980737187,5900.3899308546115,75.232480594270427,11266.014593166165,69.225268026807086,2689.1377273581306,848.59213340014981,1985.0023359871702,0,18.081096724046606,20.993234820385545,12.8872,0.48150765656771288,0.99999999999735412,2833.5944693873198,2833.5944693873198
情景一阈值控制,44.975136288187343,5892.8461815848013,75.232480594267642,11271.536402393487,69.045473808682118,2691.3394616187456,849.64116468910504,1985.9752447407022,0,18.092129148813083,20.998390108821734,12.8872,0.48084390663829824,0.99999999999732403,2835.6164094298074,2835.6164094298074
情景一阈值控制,45,5888.8808935663728,75.23248059426615,11274.438060200937,68.950966750525041,2692.4975988878828,850.19354067807035,1986.486498962716,0,18.097919753903966,21.001087302330653,12.8872,0.48049433199519387,0.99999999999730826,2836.6800396407862,2836.6800396407862
情景一阈值控制,45.022355595637499,5885.3196805177577,75.232480594264814,11277.043547198817,68.86609011979796,2693.5382015693453,850.69019597805993,1986.9455697134599,0,18.103115272214414,21.003502216245842,12.8872,0.48017997857615879,0.99999999999729439,2837.6357656915197,2837.6357656915197
情景一阈值控制,45.069574903087656,5877.8103882167934,75.232480594261958,11282.536061111228,68.687116030711422,2695.7339540469889,851.73922726701505,1987.9133168130591,0,18.114055081884402,21.008571312802843,12.8872,0.47951587404966722,0.99999999999726452,2839.6525440800742,2839.6525440800742
情景一阈值控制,45.116794210537819,5870.3182653353851,75.232480594259073,11288.013977583134,68.508550613952224,2697.9267258732552,852.78825855597017,1988.8784919336085,0,18.124948565573266,21.013597568890702,12.8872,0.47885159472900785,0.99999999999723455,2841.6667504895786,2841.6667504895786
情景一阈值控制,45.164013517987975,5862.8432726169767,75.23248059425616,11293.477329990454,68.330392944020986,2700.1165238542762,853.83728984492495,1989.8411009557408,0,18.135795711147782,21.018581155158699,12.8872,0.47818714228616077,0.9999999999972049,2843.6783908006655,2843.6783908006655
情景一阈值控制,45.211232825438131,5855.3853708947663,75.232480594253218,11298.926151632806,68.152642097387343,2702.3033547807695,854.88632113387973,1990.8011497466421,0,18.146596506591411,21.023522242505742,12.8872,0.47752251839488491,0.99999999999717504,2845.6874708805217,2845.6874708805217
情景一阈值控制,45.258452132888287,5847.9445210915082,75.232480594250248,11304.360475733669,67.975297152487926,2704.4872254280695,855.93535242283451,1991.7586441600852,0,18.157350940004406,21.028421002078705,12.8872,0.47685772473070143,0.99999999999714573,2847.6939965829197,2847.6939965829197
情景一阈值控制,45.305671440338443,5840.5206842192956,75.232480594247221,11309.780335440553,67.7983571897242,2706.6681425561628,856.98438371178906,1992.7135900364569,0,18.168058999603957,21.033277605270722,12.8872,0.47619276297087754,0.99999999999711564,2849.6979737482461,2849.6979737482461
情景一阈值控制,45.352890747788607,5833.1138213793729,75.232480594244194,11315.185763825188,67.621821291459895,2708.8461129097195,858.03341500074384,1993.6659932027919,0,18.178720673724289,21.038092223719506,12.8872,0.47552763479440951,0.99999999999708644,2851.6994082035358,2851.6994082035358
情景一阈值控制,45.400110055238763,5825.7238937619195,75.23248059424111,11320.576793883676,67.445688542019397,2711.0211432181268,859.0824462896984,1994.615859472801,0,18.189335950816805,21.042865029305631,12.8872,0.47486234188200693,0.99999999999705735,2853.6983057624993,2853.6983057624993
情景一阈值控制,45.447329362688919,5818.3508626458515,75.232480594238012,11325.953458536691,67.269958027685391,2713.19324019552,860.13147757865283,1995.5631946469027,0,18.199904819450182,21.047596194150866,12.8872,0.47419688591607478,0.99999999999702816,2855.6946722255557,2855.6946722255557
情景一阈值控制,45.494548670139075,5810.9946893986162,75.232480594234886,11331.315790629618,67.0946288366966,2715.3624105408171,861.18050886760705,1996.5080045122531,0,18.210427268310507,21.052285890616439,12.8872,0.47353126858069783,0.99999999999699885,2857.6885133798601,2857.6885133798601
情景一阈值控制,45.541767977589231,5803.6553354759935,75.232480594231717,11336.663822932764,66.919700059245358,2717.528660937749,862.22954015656148,1997.4502948427767,0,18.220903286201384,21.056934291301339,12.8872,0.47286549156162283,0.99999999999696987,2859.6798349993383,2859.6798349993383
情景一阈值控制,45.588987285039387,5796.3327624218909,75.232480594228534,11341.997588141494,66.745170787475445,2719.6919980548955,863.27857144551558,1998.3900713991959,0,18.231332862044049,21.0615415690406,12.8872,0.47219955654624313,0.99999999999694056,2861.6686428447115,2861.6686428447115
情景一阈值控制,45.63620659248955,5789.0269318681412,75.232480594225294,11347.317118876423,66.571040115479818,2721.8524285457152,864.32760273446979,1999.3273399290624,0,18.241715984877494,21.066107896903574,12.8872,0.47153346522358019,0.99999999999691203,2863.654942663532,2863.654942663532
情景一阈值控制,45.683425899939706,5781.7378055343061,75.232480594222054,11352.622447683583,66.397307139298434,2724.0099590485775,865.376634023424,2000.2621061667855,0,18.252052643858569,21.070633448192229,12.8872,0.47086721928426867,0.99999999999688305,2865.6387401902093,2865.6387401902093
情景一阈值控制,45.730645207389863,5774.4653452274697,75.232480594218757,11357.913607034585,66.223970956915338,2726.1645961867962,866.42566531237799,2001.1943758336645,0,18.262342828262092,21.075118396439386,12.8872,0.47020082042053779,0.99999999999685452,2867.6200411460422,2867.6200411460422
情景一阈值控制,45.777864514840019,5767.2095128420433,75.232480594215446,11363.190629326808,66.05103066825626,2728.3163465686644,867.47469660133197,2002.124154637916,0,18.272586527480975,21.079562915407024,12.8872,0.46953427032619532,0.99999999999682576,2869.5988512392478,2869.5988512392478
情景一阈值控制,45.825083822290175,5759.9702703595622,75.232480594212092,11368.453546883544,65.878485375186798,2730.465216787481,868.52372789028573,2003.0514482747064,0,18.282783731026321,21.083967179084514,12.8872,0.46886757069661056,0.99999999999679734,2871.5751761649922,2871.5751761649922
情景一阈值控制,45.872303129740338,5752.7475798484884,75.232480594208724,11373.702391954188,65.706334181509433,2732.6112134215896,869.5727591792396,2003.9762624261798,0,18.292934428527534,21.088331361686901,12.8872,0.46820072322869744,0.99999999999676881,2873.5490216054195,2873.5490216054195
情景一阈值控制,45.919522437190494,5745.5414034640144,75.232480594205313,11378.9371967144,65.534576192961225,2734.7543430344035,870.62179046819324,2004.898602761489,0,18.303038609732425,21.092655637653142,12.8872,0.4675337296208969,0.99999999999674061,2875.5203932296822,2875.5203932296822
情景一阈值控制,45.96674174464065,5738.3517034478564,75.232480594201874,11384.15799326627,65.36321051721103,2736.8946121744466,871.67082175714688,2005.8184749368243,0,18.31309626450733,21.09694018164436,12.8872,0.46686659157316079,0.99999999999671196,2877.489296693971,2877.489296693971
情景一阈值控制,46,5733.2976082559999,75.23248059419943,11387.826797350013,65.242746501899191,2738.4003672978724,872.40969219748092,2006.4648956046024,0,18.320152301080526,21.099934186952549,12.8872,0.46639661649421027,0.99999999999669209,2878.8745878020832,2878.8745878020832
情景一阈值控制,46.013961052090806,5731.1784421280654,75.232480594198407,11389.364813638487,65.192236263857211,2739.0320273753764,872.71985304610041,2006.7358845954436,0,18.323107382837193,21.101185168542099,12.8872,0.46619931078693388,0.99999999999668376,2879.4557376415441,2879.4557376415441
情景一阈值控制,46.061180359540963,5724.021581918827,75.232480594194911,11394.557689786514,65.021652544425123,2741.1665951560244,873.76888433505383,2007.6508373677025,0,18.333071954825687,21.105390773446562,12.8872,0.46553188896513731,0.99999999999665579,2881.4197217027563,2881.4197217027563
情景一阈值控制,46.108399666991119,5716.8810853202613,75.232480594191401,11399.736653592747,64.851458472364442,2743.2983220204214,874.81791562400724,2008.5633388710821,0,18.342989970695317,21.109557171674844,12.8872,0.46486432781215126,0.99999999999662781,2883.3812544950893,2883.3812544950893
情景一阈值控制,46.155618974441282,5709.75691491823,75.232480594187834,11404.901736866685,64.681653163046008,2745.4272144578358,875.86694691296066,2009.4733947102213,0,18.352861420787509,21.11368453875918,12.8872,0.46419662903379788,0.99999999999659983,2885.3403416231822,2885.3403416231822
情景一阈值控制,46.202838281891438,5702.649033384143,75.232480594184253,11410.052971345098,64.512235733759923,2747.5532789427998,876.91597820191384,2010.3810104769423,0,18.36268629556271,21.117773050445155,12.8872,0.46352879433732397,0.99999999999657196,2887.296988678856,2887.296988678856
情景一阈值控制,46.250057589341594,5695.5574034747533,75.232480594180643,11415.190388692192,64.34320530371258,2749.6765219351455,877.96500949086703,2011.2861917502837,0,18.372464585600508,21.121822882689955,12.8872,0.46286082543138385,0.9999999999965441,2889.2512012411507,2889.2512012411507
情景一阈值控制,46.29727689679175,5688.4819880319728,75.232480594177019,11420.314020499778,64.174560994023963,2751.7969498800339,879.01404077981999,2012.1889440965272,0,18.382196281599704,21.125834211660571,12.8872,0.46219272402602174,0.99999999999651645,2891.2029848763473,2891.2029848763473
情景一阈值控制,46.344496204241906,5681.4227499826666,75.232480594173353,11425.423898287429,64.006301927724834,2753.9145692079901,880.06307206877295,2013.0892730692278,0,18.391881374378418,21.129807213732025,12.8872,0.46152449183265509,0.99999999999648848,2893.1523451380008,2893.1523451380008
情景一阈值控制,46.391715511692063,5674.3796523384717,75.232480594169672,11430.520053502656,63.83842722975411,2756.0293863349334,881.1121033577258,2013.9871842092437,0,18.401519854874195,21.133742065485585,12.8872,0.46085613056405661,0.99999999999646105,2895.0992875669695,2895.0992875669695
情景一阈值控制,46.438934819142226,5667.3526581955875,75.232480594165949,11435.602517521067,63.670936026956149,2758.1414076622063,882.16113464667887,2014.8826830447622,0,18.411111714144077,21.137638943706978,12.8872,0.46018764193433714,0.99999999999643374,2897.0438176914413,2897.0438176914413
情景一阈值控制,46.486154126592382,5660.3417307346026,75.232480594162197,11440.671321646529,63.503827448078134,2760.2506395766113,883.21016593563161,2015.7757750913324,0,18.420656943364719,21.141498025384596,12.8872,0.45951902765892916,0.99999999999640599,2898.9859410269642,2898.9859410269642
情景一阈值控制,46.533373434042538,5653.346833220282,75.232480594158403,11445.726497111336,63.337100623766801,2762.3570884504393,884.25919722458423,2016.666465851893,0,18.430155533832458,21.145319487707695,12.8872,0.45885028945456696,0.99999999999637923,2900.9256630764771,2900.9256630764771
情景一阈值控制,46.580592741492694,5646.3679290013824,75.23248059415458,11450.768075076379,63.170754686565644,2764.4607606415029,885.30822851353673,2017.5547608167988,0,18.439607476963424,21.149103508064606,12.8872,0.45818142903927228,0.99999999999635203,2902.8629893303355,2902.8629893303355
情景一阈值控制,46.62781204894285,5639.4049815104654,75.232480594150744,11455.796086631286,63.00478877091264,2766.5616624931668,886.35725980248924,2018.4406654638531,0,18.449012764293613,21.152850264040914,12.8872,0.45751244813233449,0.99999999999632494,2904.7979252663422,2904.7979252663422
情景一阈值控制,46.675031356393013,5632.4579542636984,75.232480594146878,11460.810562794621,62.83920201313699,2768.6598003343793,887.40629109144186,2019.3241852583337,0,18.458371387478991,21.156559933417675,12.8872,0.45684334845429408,0.99999999999629785,2906.7304763497755,2906.7304763497755
情景一阈值控制,46.72225066384317,5625.5268108606679,75.23248059414297,11465.81153451401,62.673993551456313,2770.7551804797049,888.45532238039414,2020.2053256530226,0,18.467683338295558,21.160232694169586,12.8872,0.45617413172692511,0.99999999999627098,2908.6606480334167,2908.6606480334167
情景一阈值控制,46.769469971293326,5618.6115149841862,75.232480594139034,11470.799032666328,62.509162525973629,2772.8478092293558,889.5043536693463,2021.0840920882345,0,18.476948608639454,21.163868724463175,12.8872,0.45550479967321722,0.99999999999624434,2910.5884457575808,2910.5884457575808
情景一阈值控制,46.816689278743482,5611.7120304001019,75.232480594135069,11475.773088057849,62.344708078674635,2774.9376928692213,890.55338495829847,2021.9604899918454,0,18.486167190527034,21.167468202654995,12.8872,0.45483535401735875,0.99999999999621747,2912.5138749501439,2912.5138749501439
情景一阈值控制,46.863908586193638,5604.82832095711,75.232480594131076,11480.733731424416,62.180629353424919,2777.0248376709023,891.60241624725052,2022.8345247793206,0,18.495339076094957,21.17103130728978,12.8872,0.45416579648471789,0.99999999999619116,2914.4369410265713,2914.4369410265713
情景一阈值控制,46.911127893643794,5597.9603505865634,75.232480594127082,11485.680993431586,62.016925495966788,2779.1092498917396,892.65144753620257,2023.7062018537433,0,18.504464257600258,21.174558217098649,12.8872,0.45349612880182699,0.99999999999616462,2916.3576493899459,2916.3576493899459
情景一阈值控制,46.958347201093957,5591.1080833022834,75.232480594123047,11490.614904674814,61.853595653915995,2781.1909357748464,893.70047882515462,2024.5755266058436,0,18.51354272742044,21.178049110997257,12.8872,0.45282635269636295,0.99999999999613787,2918.2760054309983,2918.2760054309983
情景一阈值控制,47,5585.0766111218045,75.232480594119465,11494.956117091733,61.709829958542493,2783.0249612337843,894.62584371685648,2025.3404214777024,0,18.521512187946097,21.181098721726141,12.8872,0.45223544538007643,0.99999999999611477,2919.9662651945591,2919.9662651945591
情景一阈值控制,47.005566508544113,5584.2714832003694,75.232480594118982,11495.535495679595,61.690638976759381,2783.2699015491407,894.74951011410644,2025.4425044140253,0,18.522574478053535,21.181504168083965,12.8872,0.45215646989713043,0.99999999999611178,2920.1920145281319,2920.1920145281319
情景一阈值控制,47.05278581599427,5577.4505144590148,75.23248059411489,11500.442796901629,61.528054615851623,2785.3461534293742,895.79854140305804,2026.3071406443953,0,18.53155950211821,21.18492356763802,12.8872,0.45148648213404463,0.99999999999608524,2922.1056820474532,2922.1056820474532
情景一阈值控制,47.100005123444426,5570.6451413383138,75.232480594110768,11505.33683872698,61.36584172441227,2787.4196976161652,896.84757269200975,2027.1694406507911,0,18.540497792353818,21.188307489117705,12.8872,0.450816391138112,0.99999999999605937,2924.017013342801,2924.017013342801
情景一阈值控制,47.147224430894582,5563.8553281800805,75.232480594106619,11510.217651472245,61.203999457522535,2789.4905402960289,897.89660398096134,2028.0294097748094,0,18.549389341620486,21.191656112158498,12.8872,0.45014619864141447,0.99999999999603317,2925.9260137557708,2925.9260137557708
情景一阈值控制,47.194443738344745,5557.0810394076543,75.232480594102441,11515.085265384694,61.042526972122467,2791.5586876414095,898.94563526991294,2028.8870533458339,0,18.558234142899192,21.194969616571239,12.8872,0.4494759063770899,0.9999999999960073,2927.832688615747,2927.832688615747
情景一阈值控制,47.241663045794901,5550.3222395257235,75.232480594098234,11519.939710642446,60.881423427008009,2793.6241458107079,899.99466655886431,2029.7423766810623,0,18.567032189291819,21.198248182340269,12.8872,0.4488055160793154,0.99999999999598155,2929.7370432399266,2929.7370432399266
情景一阈值控制,47.288882353245057,5543.5788931201287,75.232480594094014,11524.781017354615,60.72068798282789,2795.6869209483166,901.04369784781568,2030.5953850855356,0,18.575783474021254,21.201491989621587,12.8872,0.44813502948328909,0.9999999999959559,2931.6390829333513,2931.6390829333513
情景一阈值控制,47.336101660695213,5536.8509648576855,75.232480594089751,11529.609215561479,60.560319802080265,2797.7470191846487,902.09272913676682,2031.4460838521645,0,18.584487990431445,21.204701218741004,12.8872,0.44746444832521226,0.99999999999593037,2933.5388129889316,2933.5388129889316
情景一阈值控制,47.38332096814537,5530.1384194859947,75.232480594085473,11534.424335234624,60.400318049109671,2799.8044466361694,903.14176042571785,2032.2944782617592,0,18.593145731987462,21.207876050192272,12.8872,0.44679377434227152,0.99999999999590439,2935.4362386874773,2935.4362386874773
情景一阈值控制,47.430540275595526,5523.4412218332582,75.232480594081167,11539.226406277114,60.240681890104405,2801.8592094054252,904.19079171466899,2033.140573583054,0,18.601756692275583,21.211016664635228,12.8872,0.44612300927262039,0.9999999999958793,2937.3313652977231,2937.3313652977231
情景一阈值控制,47.477759583045689,5516.7593368080961,75.232480594076819,11544.01545852364,60.081410493093031,2803.9113135810762,905.23982300362013,2033.9843750727384,0,18.610320865003345,21.214123242893947,12.8872,0.4454521548553626,0.99999999999585387,2939.2241980763583,2939.2241980763583
情景一阈值控制,47.524978890495845,5510.0927293993655,75.232480594072456,11548.791521740677,59.922503027941374,2805.9607652379259,906.28885429257093,2034.8258879754817,0,18.618838243999623,21.217195965954854,12.8872,0.4447812128305334,0.99999999999582867,2941.1147422680524,2941.1147422680524
情景一阈值控制,47.572198197946001,5503.4413646759676,75.232480594068065,11553.554625626646,59.763958666349218,2808.0075704369533,907.33788558152173,2035.6651175239615,0,18.627308823214683,21.220235014964878,12.8872,0.44411018493908139,0.99999999999580313,2943.003003105483,2943.003003105483
情景一阈值控制,47.619417505396157,5496.805207786676,75.232480594063645,11558.304799812053,59.605776581847451,2810.0517352253414,908.38691687047253,2036.5020689388928,0,18.635732596720249,21.22324057122956,12.8872,0.44343907292285034,0.99999999999577793,2944.8889858093653,2944.8889858093653
情景一阈值控制,47.666636812846313,5490.1842239599473,75.232480594059211,11563.042073859673,59.44795594979491,2812.0932656365085,909.43594815942299,2037.3367474290519,0,18.644109558709566,21.226212816211202,12.8872,0.44276787852456234,0.99999999999575329,2946.772695588475,2946.772695588475
情景一阈值控制,47.713856120296477,5483.5783785037383,75.232480594054735,11567.766477264677,59.290495947375078,2814.132167690138,910.48497944837379,2038.1691581913069,0,18.652439703497468,21.229151931526975,12.8872,0.44209660348779878,0.99999999999572853,2948.6541376396808,2948.6541376396808
情景一阈值控制,47.761075427746633,5476.9876368053319,75.232480594050244,11572.478039454796,59.13339575359268,2816.1684473922123,911.53401073732414,2038.9993064106434,0,18.660723025520419,21.232058098947043,12.8872,0.4414252495569827,0.99999999999570366,2950.5333171479674,2950.5333171479674
情景一阈值控制,47.808294735196789,5470.4119643311442,75.232480594045725,11577.176789790485,58.976654549270926,2818.2021107350374,912.5830420262746,2039.827197260192,0,18.668959519336582,21.234931500392687,12.8872,0.44075381847736073,0.9999999999956789,2952.4102392864665,2952.4102392864665
情景一阈值控制,47.855514042646945,5463.8513266265554,75.232480594041192,11581.862757565061,58.820271517048219,2820.2331636972776,913.63207331522483,2040.652835901255,0,18.677149179625886,21.237772317934411,12.8872,0.44008231199498438,0.99999999999565437,2954.2849092164797,2954.2849092164797
情景一阈值控制,47.902733350097101,5457.3056893157172,75.232480594036616,11586.535972004869,58.664245841374921,2822.261612243984,914.68110460417506,2041.4762274833338,0,18.68529200119006,21.240580733790072,12.8872,0.43941073185669299,0.99999999999562983,2956.1573320875086,2956.1573320875086
情景一阈值控制,47.949952657547257,5450.7750181013844,75.232480594032012,11591.19646226943,58.508576708510027,2824.2874623266262,915.73013589312495,2042.2973771441557,0,18.693387978952707,21.243356930322975,12.8872,0.43873907981009508,0.99999999999560552,2958.0275130372806,2958.0275130372806
情景一阈值控制,47.99717196499742,5444.2592787647272,75.232480594027393,11595.84425745159,58.353263306518052,2826.3107198831194,916.77916718207518,2043.1162900097024,0,18.70143710795934,21.246101090039986,12.8872,0.43806735760354987,0.99999999999558131,2959.8954571917775,2959.8954571917775
情景一阈值控制,48,5443.8695145649654,75.232480594027123,11596.122218562617,58.343972627359086,2826.4318136510151,916.84199523619452,2043.1652650443198,0,18.701917695293702,21.246264429028429,12.8872,0.43802712496643526,0.99999999999557976,2960.0072602805144,2960.0072602805144
情景一阈值控制,48.044391272447577,5437.7584371651565,75.232480594022746,11600.479386577679,58.19830482526605,2828.3313908378573,917.82819847102496,2043.9329711942332,0,18.709439383377443,21.248813395589643,12.8872,0.43739556698615023,0.999999999995557,2961.7611696652584,2961.7611696652584
情景一阈值控制,48.091610579897733,5431.272459240141,75.232480594018071,11605.101878607664,58.043700456420162,2830.3494811017404,918.87722975997485,2044.7474258003163,0,18.717394800496532,21.251494029760252,12.8872,0.43672370970770302,0.99999999999553313,2963.6246555602911,2963.6246555602911
情景一阈值控制,48.138829887347889,5424.8013110050297,75.232480594013367,11609.71176243529,57.889449393442241,2832.3649965722075,919.92626104892463,2045.559658918851,0,18.725303354728172,21.254143175478003,12.8872,0.4360517875187121,0.99999999999550915,2965.4859199677758,2965.4859199677758
情景一阈值控制,48.186049194798045,5418.3449585528797,75.232480594008649,11614.309066888241,57.7355508315866,2834.377943133265,920.97529233787418,2046.3696756290985,0,18.733165041606068,21.25676101580504,12.8872,0.43537980217035976,0.99999999999548528,2967.3449679669729,2967.3449679669729
情景一阈值控制,48.233268502248201,5411.9033680542698,75.232480594003903,11618.893820728297,57.582003967897208,2836.3883266555158,922.02432362682373,2047.177480998706,0,18.740979856786076,21.259347733937595,12.8872,0.43470775541448847,0.99999999999546141,2969.2018046255298,2969.2018046255298
情景一阈值控制,48.280487809698364,5405.4765057571249,75.232480593999128,11623.466052651464,57.428808001204061,2838.3961529961912,923.07335491577328,2047.9830800837335,0,18.748747796046263,21.261903513204054,12.8872,0.43403564900358227,0.99999999999543754,2971.0564349995066,2971.0564349995066
情景一阈值控制,48.32770711714852,5399.0643379865496,75.232480593994325,11628.025791288144,57.275962132120036,2840.401427999177,924.1223862047226,2048.7864779286811,0,18.756468855286951,21.264428537063054,12.8872,0.43336348469074948,0.99999999999541433,2972.9088641334038,2972.9088641334038
情景一阈值控制,48.374926424598677,5392.6668311446356,75.232480593989507,11632.573065203273,57.123465563037456,2842.404157495047,925.17141749367192,2049.5876795665149,0,18.764143030530761,21.266922989101595,12.8872,0.43269126422970405,0.99999999999539047,2974.7590970601868,2974.7590970601868
情景一阈值控制,48.422145732048833,5386.2839517102975,75.232480593984661,11637.107902896481,56.971317498125075,2844.4043473010929,926.22044878262113,2050.3866900186945,0,18.771770317922652,21.269387053033093,12.8872,0.43201898937474636,0.99999999999536715,2976.6071388013156,2976.6071388013156
情景一阈值控制,48.469365039498989,5379.9156662390924,75.232480593979787,11641.630332802237,56.81951714332483,2846.4020032213489,927.26948007157011,2051.1835142951963,0,18.779350713729958,21.271820912695496,12.8872,0.43134666188074633,0.99999999999534384,2978.4529943667667,2978.4529943667667
情景一阈值控制,48.516584346949152,5373.5619413630438,75.232480593974898,11646.140383289989,56.668063706348377,2848.3971310466272,928.31851136051921,2051.9781573945438,0,18.786884214342436,21.274224752049353,12.8872,0.4306742835031242,0.99999999999532074,2980.2966687550629,2980.2966687550629
情景一阈值控制,48.563803654399308,5367.2227437904739,75.232480593969981,11650.638082664324,56.516956396673514,2850.3897365545422,929.36754264946819,2052.7706243038306,0,18.794370816272291,21.276598755175897,12.8872,0.43000185599783303,0.99999999999529798,2982.1381669532989,2982.1381669532989
情景一阈值控制,48.611022961849464,5360.8980403058167,75.232480593965036,11655.123459165115,56.366194425541423,2852.3798255095448,930.41657393841695,2053.5609199987471,0,18.80181051615423,21.278943106275136,12.8872,0.42932938112133978,0.99999999999527489,2983.9774939371641,2983.9774939371641
情景一阈值控制,48.65824226929962,5354.5877977694554,75.232480593960062,11659.596540967665,56.21577700595325,2854.3674036629495,931.4656052273657,2054.3490494436096,0,18.809203310745481,21.281257989663914,12.8872,0.42865686063060648,0.99999999999525235,2985.8146546709754,2985.8146546709754
情景一阈值控制,48.705461576749776,5348.291983117545,75.232480593955074,11664.057356182855,56.065703352666617,2856.3524767529611,932.51463651631423,2055.1350175913817,0,18.816549196925831,21.283543589774002,12.8872,0.42798429628307366,0.99999999999522937,2987.6496541076958,2987.6496541076958
情景一阈值控制,48.752680884199933,5342.010563361835,75.232480593950072,11668.505932857295,55.915972682192347,2858.3350505047101,933.56366780526275,2055.9188293837024,0,18.823848171697666,21.285800091150161,12.8872,0.42731168983663992,0.99999999999520661,2989.4824971889652,2989.4824971889652
情景一阈值控制,48.799900191650096,5335.7435055895021,75.232480593945041,11672.94229897347,55.766584212791209,2860.3151306302761,934.61269909421139,2056.7004897509132,0,18.831100232185999,21.288027678448234,12.8872,0.42663904304964484,0.99999999999518407,2991.3131888451244,2991.3131888451244
情景一阈值控制,48.847119499100252,5329.4907769629754,75.232480593939997,11677.366482449877,55.617537164470782,2862.2927228287185,935.66173038315969,2057.4800036120823,0,18.838305375638484,21.290226536433188,12.8872,0.42596635768085056,0.99999999999516131,2993.1417339952422,2993.1417339952422
情景一阈值控制,48.894338806550408,5323.2523447197655,75.232480593934895,11681.778511141192,55.46883075898198,2864.2678327861095,936.71076167210788,2058.2573758750309,0,18.845463599425479,21.292396849977212,12.8872,0.42529363548942278,0.99999999999513933,2994.9681375471387,2994.9681375471387
情景一阈值控制,48.941558114000564,5317.0281761722908,75.232480593929779,11686.178412838393,55.320464219815527,2866.2404661755563,937.75979296105606,2059.0326114363584,0,18.852574901040043,21.294538804057769,12.8872,0.42462087823491301,0.99999999999511713,2996.7924043974144,2996.7924043974144
情景一阈值控制,48.98877742145072,5310.8182387077059,75.232480593924635,11690.566215268918,55.172436772198708,2868.2106286572366,938.80882425000414,2059.8057151814687,0,18.859639278097969,21.296652583755662,12.8872,0.4239480876772399,0.99999999999509503,2998.6145394314726,2998.6145394314726
情景一阈值控制,49,5309.3444168829055,75.232480593923412,11691.607284590198,55.137304984159485,2868.678512948798,939.05814675549186,2059.9891451795015,0,18.861311361649271,21.297150840725006,12.8872,0.42378818132837248,0.99999999999508948,2999.0472919349932,2999.0472919349932
情景一阈值控制,49.035996728900884,5304.6224997877353,75.23248059391949,11694.941946096813,55.024747643092354,2870.1783258784235,939.85785553895221,2060.5766919845955,0,18.866656728337819,21.298738374253116,12.8872,0.42327526557667061,0.99999999999507294,3000.4345475235477,3000.4345475235477
情景一阈值控制,49.08321603635104,5298.4409269485004,75.232480593914303,11699.305632922868,54.877396061187312,2872.1435634735149,940.90688682789994,2061.3455467088288,0,18.873627249620945,21.300796360831807,12.8872,0.42260241369380303,0.99999999999505118,3002.2524335367289,3002.2524335367289
情景一阈值控制,49.130435343801196,5292.2734878003421,75.232480593909102,11703.657303284768,54.730381256900976,2874.1063470640638,941.95591811684778,2062.1122842061386,0,18.880550839931498,21.302826728870965,12.8872,0.42192953378954656,0.99999999999502942,3004.0682023229865,3004.0682023229865
情景一阈值控制,49.177654651251352,5286.1201500276657,75.232480593903887,11707.996984657235,54.583702462374035,2876.0666822588059,943.0049494057954,2062.876909317401,0,18.887427497376468,21.304829663845407,12.8872,0.42125662762510463,0.99999999999500733,3005.8818587231963,3005.8818587231963
情景一阈值控制,49.224873958701508,5279.9808813887585,75.232480593898629,11712.32470445217,54.437358911467257,2878.0245746536898,944.05398069474302,2063.6394268724252,0,18.89425722018569,21.306805351323597,12.8872,0.42058369696195486,0.9999999999949859,3007.6934075671684,3007.6934075671684
情景一阈值控制,49.272093266151664,5273.8556497156278,75.232480593893357,11716.640490018801,54.291349839758169,2879.9800298319024,945.10301198369052,2064.3998416899758,0,18.901040006711867,21.308753976965722,12.8872,0.41991074356183256,0.99999999999496414,3009.5028536736663,3009.5028536736663
情景一阈值控制,49.319312573601827,5267.74442291383,75.232480593888056,11720.944368643826,54.145674484537551,2881.9330533639004,946.15204327263802,2065.1581585778004,0,18.907775855430589,21.31067572652173,12.8872,0.4192377691867103,0.99999999999494293,3011.3102018504383,3011.3102018504383
情景一阈值控制,49.366531881051984,5261.6471689623068,75.232480593882741,11725.23636755155,54.000332084805862,2883.8836508074387,947.2010745615853,2065.9143823326544,0,18.914464764940352,21.312570785829394,12.8872,0.41856477559878114,0.99999999999492162,3013.1154568942397,3013.1154568942397
情景一阈值控制,49.41375118850214,5255.5638559132067,75.232480593877412,11729.516513904031,53.855321881270363,2885.8318277075978,948.25010585053246,2066.6685177403251,0,18.92110673396256,21.31443934081236,12.8872,0.41789176456043897,0.99999999999490041,3014.9186235908574,3014.9186235908574
情景一阈值控制,49.460970495952296,5249.49445189173,75.232480593872054,11733.784834801228,53.710643116341629,2887.7775895968116,949.29913713947963,2067.4205695756582,0,18.927701761341549,21.316281577478208,12.8872,0.41721873783426089,0.99999999999487932,3016.7197067151378,3016.7197067151378
情景一阈值控制,49.508189803402452,5243.4389250959521,75.232480593866669,11738.041357281134,53.566295034130057,2889.720941994899,950.34816842842656,2068.1705426025815,0,18.934249846044604,21.318097681916502,12.8872,0.41654569718298762,0.99999999999485845,3018.518711031008,3018.518711031008
情景一阈值控制,49.555409110852608,5237.3972437966668,75.232480593861268,11742.286108319926,53.422276880442553,2891.6618904090878,951.39719971737338,2068.9184415741306,0,18.940750987161955,21.319887840296833,12.8872,0.41587264436950688,0.99999999999483768,3020.3156412915041,3020.3156412915041
情景一阈值控制,49.602628418302771,5231.3693763372057,75.23248059385584,11746.519114832097,53.278587902779179,2893.6004403340467,952.44623100632032,2069.6642712324733,0,18.947205183906799,21.321652238866875,12.8872,0.41519958115683286,0.99999999999481692,3022.1105022387937,3022.1105022387937
情景一阈值控制,49.649847725752927,5225.3552911332899,75.232480593850397,11750.740403670603,53.135227350330062,2895.5365972519098,953.49526229526703,2070.4080363089356,0,18.953612435615295,21.323391063950435,12.8872,0.41452650930808932,0.99999999999479605,3023.9032986042025,3023.9032986042025
情景一阈值控制,49.697067033203083,5219.3549566728516,75.232480593844912,11754.950001627005,52.992194473971793,2897.4703666323098,954.54429358421373,2071.1497415240251,0,18.95997274174659,21.3251045019455,12.8872,0.41385343058649027,0.9999999999947754,3025.6940351082389,3025.6940351082389
情景一阈值控制,49.74428634065324,5213.3683415158712,75.232480593839426,11759.147935431607,52.849488526263883,2899.4017539324013,955.59332487316021,2071.8893915874564,0,18.966286101882808,21.326792739322279,12.8872,0.41318034675532178,0.99999999999475497,3027.4827164606168,3027.4827164606168
情景一阈值控制,49.791505648103396,5207.3954142942184,75.232480593833927,11763.334231753595,52.707108761445546,2901.3307645968912,956.64235616210647,2072.6269911981758,0,18.972552515729063,21.328455962621252,12.8872,0.41250725957792345,0.99999999999473466,3029.2693473602822,3029.2693473602822
情景一阈值控制,49.838724955553559,5201.4361437114776,75.232480593828384,11767.508917201178,52.565054435432636,2903.2574040580662,957.69138745105306,2073.3625450443865,0,18.978771983113457,21.330094358451216,12.8872,0.41183417081766982,0.99999999999471445,3031.0539324954398,3031.0539324954398
情景一阈值控制,49.885944263003715,5195.4904985427975,75.232480593822828,11771.672018321728,52.42332480581404,2905.1816777358208,958.7404187399992,2074.0960578035706,0,18.984944503987084,21.331708113487334,12.8872,0.41116108223795245,0.99999999999469458,3032.8364765435699,3032.8364765435699
情景一阈值控制,49.933163570453871,5189.5584476347149,75.232480593817243,11775.823561601917,52.281919131848227,2907.1035910376854,959.78945002894523,2074.8275341425174,0,18.991070078424034,21.333297414469168,12.8872,0.41048799560216043,0.99999999999467482,3034.6169841714627,3034.6169841714627
情景一阈值控制,49.980382877904027,5183.6399599049964,75.232480593811658,11779.963573467861,52.140836674459983,2909.0231493588526,960.83848131789125,2075.5569787173449,0,18.997148706621388,21.334862448198731,12.8872,0.40981491267366332,0.99999999999465439,3036.3954600352363,3036.3954600352363
情景一阈值控制,50,5181.1851221474462,75.232480593809328,11781.680144952614,52.082319241440786,2909.8199330646735,961.27429827474668,2075.8594280332891,0,18.999660251649097,21.33550554598509,12.8872,0.40953528386246818,0.9999999999946465,3037.1337263080359,3037.1337263080359
情景一阈值控制,50.027602185354183,5177.7350043424804,75.232480593806031,11784.092080285251,52.000076696237137,2910.9403580822081,961.88751260683716,2076.2843961735257,0,19.003180388899217,21.336403401538526,12.8872,0.40914183521579051,0.99999999999463485,3038.1719087803631,3038.1719087803631
情景一阈值控制,50.07482149280434,5171.8435500069045,75.232480593800403,11788.209108359495,51.859638461427274,2912.8552225783542,962.93654389578296,2077.0097911459106,0,19.009165125700576,21.337920461409588,12.8872,0.40846876499181539,0.99999999999461486,3039.9463350416936,3039.9463350416936
情景一阈值控制,50.122040800254503,5165.9655660287526,75.232480593794733,11792.314683935858,51.719521235934167,2914.7677482056424,963.98557518472887,2077.7331682587537,0,19.015102917591506,21.339413814789527,12.8872,0.40779570376493457,0.99999999999459566,3041.7187434434827,3041.7187434434827
情景一阈值控制,50.169260107704659,5160.1010216090881,75.232480593789063,11796.408833199597,51.579724287314228,2916.677940310195,965.03460647367433,2078.4545321257356,0,19.020993765261021,21.340883648710566,12.8872,0.40712265329825115,0.99999999999457634,3043.4891385994097,3043.4891385994097
情景一阈值控制,50.216479415154815,5154.2498860193928,75.23248059378335,11800.491582276094,51.440246884773678,2918.5858042259392,966.0836377626199,2079.173887349988,0,19.026837669521104,21.342330150257581,12.8872,0.4064496153547551,0.9999999999945568,3045.2575251126082,3045.2575251126082
情景一阈值控制,50.263698722604971,5148.4121286014088,75.232480593777638,11804.562957231004,51.301088299164896,2920.4913452746291,967.13266905156536,2079.8912385241179,0,19.032634631306703,21.343753506566152,12.8872,0.40577659169730507,0.99999999999453759,3047.0239075756831,3047.0239075756831
情景一阈值控制,50.310918030055127,5142.587718766973,75.232480593771896,11808.622984070378,51.162247802983067,2922.3945687658766,968.18170034051059,2080.6065902302325,0,19.038384651675706,21.345153904820577,12.8872,0.40510358408861002,0.99999999999451861,3048.7882905707429,3048.7882905707429
情景一阈值控制,50.358137337505291,5136.7766259978616,75.232480593766141,11812.671688740815,51.023724670362796,2924.2954799971767,969.23073162945605,2081.3199470399613,0,19.044087731808954,21.346531532251948,12.8872,0.40443059429121109,0.99999999999449929,3050.5506786694173,3050.5506786694173
情景一阈值控制,50.405356644955447,5130.9788198456326,75.232480593760357,11816.709097129578,50.885518177074843,2926.1940842539352,970.27976291840105,2082.0313135144816,0,19.049743873010208,21.347886576136151,12.8872,0.40375762406746274,0.99999999999448008,3052.3110764328826,3052.3110764328826
情景一阈值控制,50.452575952405603,5125.194269931455,75.232480593754559,11820.735235064752,50.747627600522868,2928.0903868094983,971.32879420734616,2082.7406942045413,0,19.055353076706137,21.349219223791941,12.8872,0.40308467517951374,0.99999999999446165,3054.0694884118875,3054.0694884118875
情景一阈值控制,50.499795259855759,5119.4229459459593,75.232480593748733,11824.75012831536,50.610052219739984,2929.9843929251751,972.37782549629105,2083.4480936504842,0,19.060915344446318,21.350529662578943,12.8872,0.40241174938929025,0.99999999999444289,3055.825919146775,3055.825919146775
情景一阈值控制,50.547014567305915,5113.6648176490771,75.232480593742892,11828.753802591507,50.472791315385173,2931.8761078502698,973.42685678523583,2084.1535163822732,0,19.066430677903206,21.351818079895732,12.8872,0.40173884845847585,0.99999999999442424,3057.5803731675092,3057.5803731675092
情景一阈值控制,50.594233874756071,5107.9198548698814,75.232480593737037,11832.74628354452,50.335844169740113,2933.7655368221049,974.47588807418049,2084.8569669195131,0,19.071899078872121,21.353084663177832,12.8872,0.40106597414849388,0.99999999999440581,3059.3328549936937,3059.3328549936937
情景一阈值控制,50.641453182206234,5102.1880275064259,75.232480593731154,11836.727596767068,50.199210066706058,2935.6526850660512,975.52491936312538,2085.5584497714749,0,19.077320549271235,21.354329599895784,12.8872,0.40039312822048878,0.99999999999438738,3061.0833691346002,3061.0833691346002
情景一阈值控制,50.68867248965639,5096.4693055255939,75.232480593725256,11840.697767793312,50.062888291800277,2937.5375577955519,976.57395065206981,2086.2579694371193,0,19.082695091141527,21.355553077553168,12.8872,0.39972031243530803,0.99999999999436895,3062.8319200891892,3062.8319200891892
情景一阈值控制,50.735891797106547,5090.7636589629365,75.23248059371933,11844.656822099023,49.926878132152616,2939.420160212152,977.62298194101425,2086.9555304051219,0,19.088022706646804,21.356755283684642,12.8872,0.39904752855348302,0.99999999999435074,3064.578512346136,3064.578512346136
情景一阈值控制,50.783111104556703,5085.0710579225133,75.23248059371339,11848.604785101728,49.791178876502258,2941.3004975055242,978.67201322995857,2087.6511371538932,0,19.09330339807364,21.357936405853987,12.8872,0.39837477833521096,0.99999999999433287,3066.3231503838515,3066.3231503838515
情景一阈值控制,50.830330412006859,5079.3914725767418,75.232480593707436,11852.541682160845,49.655789815194503,2943.1785748534949,979.72104451890277,2088.344794151606,0,19.09853716783137,21.359096631652147,12.8872,0.3977020635403371,0.99999999999431488,3068.065838670509,3068.065838670509
情景一阈值控制,50.877549719457015,5073.7248731662376,75.232480593701467,11856.467538577795,49.520710240177408,2945.0543974220718,980.77007580784675,2089.0365058562156,0,19.103724018452066,21.360236148695257,12.8872,0.39702938592833514,0.99999999999429723,3069.8065816640624,3069.8065816640624
情景一阈值控制,50.924769026907178,5068.0712299996549,75.232480593695485,11860.382379596163,49.385939444998286,2946.9279703654715,981.81910709679107,2089.7262767154862,0,19.1088639525905,21.361355144622692,12.8872,0.39635674725828973,0.99999999999427935,3071.5453838122771,3071.5453838122771
情景一阈值控制,50.971988334357334,5062.4305134535407,75.232480593689473,11864.286230401809,49.25147672480027,2948.7992988261435,982.86813838573494,2090.4141111670101,0,19.113956973024127,21.362453807095093,12.8872,0.39568414928887807,0.99999999999426181,3073.2822495527453,3073.2822495527453
情景一阈值控制,51,5059.0903969987803,75.232480593685892,11866.596908252375,49.17185540017757,2949.9083587549635,983.49044979395717,2090.8212383629816,0,19.116956110363578,21.363096028632796,12.8872,0.39528516742486575,0.99999999999425149,3074.3116881569385,3074.3116881569385
情景一阈值控制,51.01920764180749,5056.8026939721703,75.232480593683448,11868.17911612301,49.117321376319339,2950.6683879347993,983.91716967467869,2091.1000136382359,0,19.119003082653045,21.363532323792423,12.8872,0.39501159377835093,0.99999999999424438,3075.0171833129143,3075.0171833129143
情景一阈值控制,51.066426949257647,5051.1877420673964,75.232480593677394,11872.061061830587,48.983472697880842,2952.5352428104388,984.96620096362233,2091.7839885464869,0,19.12400228449998,21.364590882412003,12.8872,0.39433908248451488,0.99999999999422684,3076.7501895101091,3076.7501895101091
情景一阈值控制,51.113646256707803,5045.5856283184949,75.232480593671326,11875.932092538043,48.849929989396102,2954.3998685603751,986.01523225256585,2092.4660402989884,0,19.128954581710236,21.365629670666536,12.8872,0.39366661716471341,0.99999999999420963,3078.4812725515544,3078.4812725515544
情景一阈值控制,51.160865564157966,5039.9963233720091,75.23248059366523,11879.792233201688,48.716692552359056,2956.2622702802623,987.0642635415096,2093.1461732928888,0,19.133859977551676,21.366648876282166,12.8872,0.39299419957580894,0.99999999999419265,3080.2104368343985,3080.2104368343985
情景一阈值控制,51.208084871608122,5034.4197979415976,75.232480593659133,11883.641508720764,48.583759689843092,2958.1224530541194,988.11329483045301,2093.8243919152806,0,19.138718475414688,21.367648686996514,12.8872,0.39232183147416499,0.99999999999417555,3081.9376867457336,3081.9376867457336
情景一阈值控制,51.255304179058278,5028.8560228078768,75.232480593653008,11887.479943937593,48.451130706497722,2959.9804219543616,989.1623261193962,2094.500700543228,0,19.143530078812134,21.368629290556711,12.8872,0.39164951461562658,0.99999999999415845,3083.6630266626244,3083.6630266626244
情景一阈值控制,51.302523486508434,5023.3049688182773,75.232480593646869,11891.307563637693,48.318804908545289,2961.8361820418222,990.2113574083395,2095.1751035437865,0,19.148294791379328,21.369590874717453,12.8872,0.39097725075550294,0.99999999999414135,3085.3864609521261,3085.3864609521261
情景一阈值控制,51.34974279395859,5017.7666068868784,75.23248059364073,11895.124392549907,48.186781603777263,2963.6897383657788,991.26038869728245,2095.8476052740266,0,19.153012616874001,21.370533627239034,12.8872,0.3903050416485484,0.99999999999412514,3087.107993971309,3087.107993971309
情景一阈值控制,51.396962101408747,5012.2409079942654,75.232480593634548,11898.930455346548,48.055060101551327,2965.5410959639839,992.30941998622552,2096.5182100810562,0,19.157683559176242,21.371457735885393,12.8872,0.38963288904894589,0.99999999999410827,3088.8276300672815,3088.8276300672815
情景一阈值控制,51.44418140885891,5006.7278431873729,75.232480593628367,11902.725776643509,47.923639712788059,2967.3902598626851,993.35845127516848,2097.1869223020449,0,19.162307622288481,21.372363388422158,12.8872,0.38896079471028566,0.99999999999409173,3090.5453735772135,3090.5453735772135
情景一阈值控制,51.491400716309066,5001.2273835793367,75.232480593622157,11906.510381000402,47.792519749967575,2969.237235076655,994.40748256411121,2097.8537462642453,0,19.166884810335429,21.373250772614686,12.8872,0.38828876038555005,0.99999999999407552,3092.2612288283563,3092.2612288283563
情景一阈值控制,51.538620023759222,4995.7395003493375,75.232480593615946,11910.284292920687,47.661699527126089,2971.0820266092151,995.45651385305393,2098.5186862850155,0,19.171415127564043,21.374120076226113,12.8872,0.38761678782709363,0.99999999999405897,3093.9752001380693,3093.9752001380693
情景一阈值控制,51.585839331209378,4990.2641647424553,75.232480593609722,11914.0475368518,47.531178359852703,2972.9246394522647,996.50554514199644,2099.181746671843,0,19.175898578343485,21.374971487015408,12.8872,0.38694487878662476,0.99999999999404299,3095.6872918138397,3095.6872918138397
情景一阈值控制,51.633058638659534,4984.8013480695117,75.232480593603469,11917.800137185277,47.400955565286218,2974.7650785863034,997.55457643093894,2099.8429317223663,0,19.180335167165072,21.375805192735395,12.8872,0.38627303501518839,0.99999999999402667,3097.3975081533054,3097.3975081533054
情景一阈值控制,51.680277946109697,4979.3510217069288,75.232480593597202,11921.542118256886,47.27103046211186,2976.6033489804577,998.60360771988144,2100.5022457243977,0,19.184724898642223,21.376621381130835,12.8872,0.38560125826314706,0.99999999999401068,3099.1058534442791,3099.1058534442791
情景一阈值控制,51.727497253559854,4973.9131570965719,75.232480593590893,11925.273504346751,47.141402370557863,2978.4394555925082,999.65263900882371,2101.1596929559455,0,19.189067777510417,21.377420239936441,12.8872,0.38492955028016307,0.99999999999399514,3100.8123319647693,3100.8123319647693
情景一阈值控制,51.77471656101001,4968.4877257456019,75.232480593584583,11928.994319679488,47.012070612391874,2980.2734033689144,1000.7016702977659,2101.8152776852371,0,19.193363808627147,21.378201956874953,12.8872,0.38425791281518062,0.99999999999397926,3102.5169479830029,3102.5169479830029
情景一阈值控制,51.821935868460166,4963.0746992263284,75.232480593578259,11932.704588424316,46.883034510918328,2982.1051972448399,1001.7507015867079,2102.4690041707413,0,19.19761299697187,21.378966719655178,12.8872,0.38358634761640642,0.99999999999396372,3104.2197057574494,3104.2197057574494
情景一阈值控制,51.869155175910322,4957.6740491760547,75.232480593571921,11936.4043346952,46.75429339097483,2983.9348421441791,1002.7997328756499,2103.1208766611885,0,19.201815347645937,21.379714715970046,12.8872,0.38291485643129319,0.99999999999394806,3105.9206095368381,3105.9206095368381
情景一阈值控制,51.916374483360478,4952.2857472969399,75.232480593565555,11940.093582550966,46.625846578928851,2985.7623429795808,1003.8487641645916,2103.7708993955966,0,19.205970865872569,21.380446133494647,12.8872,0.38224344100652008,0.99999999999393285,3107.6196635601882,3107.6196635601882
情景一阈值控制,51.963593790810641,4946.9097653558356,75.232480593559188,11943.772355995434,46.497693402674436,2987.5877046524779,1004.8977954535335,2104.4190766032903,0,19.210079556996774,21.381161159884318,12.8872,0.38157210308797573,0.99999999999391742,3109.3168720568237,3109.3168720568237
情景一阈值控制,52,4942.7732626083471,75.232480593554257,11946.601563889528,46.399087018782957,2988.9936058897697,1005.7066013131217,2104.917565597098,0,19.213215402033768,21.381701374801771,12.8872,0.38105455381780873,0.99999999999390565,3110.6241669102196,3110.6241669102196
情景一阈值控制,52.010813098260797,4941.5460751841529,75.232480593552793,11947.44067897754,46.369833191629084,2989.4109320531061,1005.946826742475,2105.0654125039246,0,19.214141426485309,21.381859982772667,12.8872,0.38090084442073946,0.99999999999390221,3111.0122392463995,3111.0122392463995
情景一阈值控制,52.058032405710954,4936.194648677706,75.232480593546384,11951.098575391463,46.242265276730507,2991.2320300605343,1006.9958580314164,2105.7099113075074,0,19.21815647992662,21.382542789769644,12.8872,0.38022966674906344,0.99999999999388722,3112.7057693389238,3112.7057693389238
情景一阈值控制,52.10525171316111,4930.8554577965679,75.232480593539975,11954.746069076749,46.114988990433325,2993.0510035426905,1008.0448893203579,2106.3525772144185,0,19.222124723030774,21.383209768459594,12.8872,0.37955857181635433,0.99999999999387212,3114.3974665347764,3114.3974665347764
情景一阈值控制,52.152471020611266,4925.5284745649196,75.232480593533538,11958.38318381844,45.988003666705488,2994.8678573563834,1009.0939206092992,2106.9934144154358,0,19.226046161629419,21.383861106399326,12.8872,0.378887561365156,0.99999999999385736,3116.0873350247348,3116.0873350247348
情景一阈值控制,52.199690328061422,4920.213671070911,75.232480593527086,11962.009943347188,45.861308641025403,2996.6825963473302,1010.1429518982403,2107.6324270917548,0,19.2299208016757,21.384496991116155,12.8872,0.3782166371371305,0.99999999999384259,3117.7753789899953,3117.7753789899953
情景一阈值控制,52.246909635511585,4914.9110194665072,75.232480593520606,11965.626371339395,45.734903250378657,2998.495225350181,1011.1919831871817,2108.2696194150112,0,19.233748649244216,21.385117610105986,12.8872,0.3775458008730409,0.99999999999382783,3119.4616026021931,3119.4616026021931
情景一阈值控制,52.294128942961741,4909.6204919673473,75.23248059351414,11969.23249141732,45.608786833254754,3000.3057491885434,1012.2410144761226,2108.904995547302,0,19.237529710530939,21.38572315083136,12.8872,0.37687505431273305,0.9999999999938135,3121.1460100234244,3121.1460100234244
情景一阈值控制,52.341348250411897,4904.3420608525967,75.232480593507631,11972.828327149226,45.482958729643677,3002.1141726750079,1013.2900457650634,2109.5385596412084,0,19.24126399185317,21.386313800719527,12.8872,0.37620439919511739,0.99999999999379907,3122.8286054062719,3122.8286054062719
情景一阈值控制,52.388567557862054,4899.0756984648033,75.232480593501123,11976.413902049469,45.357418281032814,3003.9205006111747,1014.3390770540042,2110.1703158398168,0,19.244951499649453,21.386889747160513,12.8872,0.37553383725815126,0.99999999999378475,3124.5093928938209,3124.5093928938209
情景一阈值控制,52.43578686531221,4893.8213772097488,75.232480593494586,11979.989239578659,45.232164830403804,3005.7247377876743,1015.3881083429449,2110.8002682767406,0,19.248592240479521,21.387451177505177,12.8872,0.37486337023882077,0.99999999999377065,3126.1883766196852,3126.1883766196852
情景一阈值控制,52.483006172762373,4888.5790695563101,75.232480593488049,11983.554363143756,45.107197722229294,3007.5268889841982,1016.4371396318857,2111.4284210761421,0,19.252186221024228,21.387998279063304,12.8872,0.37419299987312338,0.99999999999375655,3127.8655607080277,3127.8655607080277
情景一阈值控制,52.530225480212529,4883.3487480363101,75.232480593481498,11987.109296098202,44.982516302469612,3009.3269589695178,1017.486170920826,2112.054778352755,0,19.255733448085468,21.388531239101642,12.8872,0.37352272789604946,0.99999999999374267,3129.5409492735807,3129.5409492735807
情景一阈值控制,52.577444787662685,4878.1303852443771,75.232480593474918,11990.654061742047,44.858119918569265,3011.1249525015132,1018.5352022097665,2112.6793442119033,0,19.259233928586113,21.389050244842018,12.8872,0.37285255604156509,0.99999999999372857,3131.2145464216696,3131.2145464216696
情景一阈值控制,52.624664095112841,4872.9239538377979,75.232480593468338,11994.188683322065,44.73400791945437,3012.920874327197,1019.5842334987067,2113.3021227495256,0,19.262687669569942,21.389555483459368,12.8872,0.37218248604259285,0.99999999999371503,3132.886356248232,3132.886356248232
情景一阈值控制,52.671883402562997,4867.7294265363771,75.23248059346173,11997.713184031874,44.610179655529059,3014.7147291827387,1020.6332647876468,2113.9231180521952,0,19.266094678201561,21.390047142079847,12.8872,0.3715125196309963,0.99999999999370126,3134.5563828398417,3134.5563828398417
情景一阈值控制,52.719102710013154,4862.5467761222944,75.232480593455122,12001.22758701207,44.486634478672293,3016.5065217934884,1021.6822960765867,2114.5423341971414,0,19.269454961766336,21.390525407778892,12.8872,0.37084265853755982,0.99999999999368772,3136.2246302737281,3136.2246302737281
情景一阈值控制,52.766322017463317,4857.375975439958,75.2324805934485,12004.731915350338,44.363371742234627,3018.2962568740036,1022.7313273655268,2115.1597752522721,0,19.272768527670312,21.390990467579304,12.8872,0.3701729044919726,0.99999999999367406,3137.8911026177989,3137.8911026177989
情景一阈值控制,52.813541324913473,4852.2169973958689,75.232480593441849,12008.226192081564,44.240390801035147,3020.0839391280711,1023.7803586544667,2115.7754452761933,0,19.276035383440139,21.39144250844933,12.8872,0.36950325922280969,0.99999999999366085,3139.5558039306597,3139.5558039306597
情景一阈值控制,52.860760632363629,4847.0698149584732,75.232480593435199,12011.710440187982,44.117691011358318,3021.8695732487326,1024.8293899434063,2116.3893483182324,0,19.279255536722985,21.391881717300759,12.8872,0.3688337244575155,0.99999999999364775,3141.2187382616385,3141.2187382616385
情景一阈值控制,52.907979939813785,4841.9344011580233,75.232480593428519,12015.184682599267,43.995271730950734,3023.6531639183113,1025.878421232346,2117.0014884184566,0,19.28242899528647,21.392308280986981,12.8872,0.36816430192238492,0.99999999999363454,3142.8799096508028,3142.8799096508028
情景一阈值控制,52.955199247263941,4836.8107290864355,75.23248059342184,12018.648942192676,43.873132319017621,3025.4347158084311,1026.9274525212854,2117.6118696076969,0,19.285555767018582,21.392722386301099,12.8872,0.36749499334254621,0.99999999999362177,3144.5393221289823,3144.5393221289823
情景一阈值控制,53,4831.9603201464415,75.232480593415488,12021.926555549086,43.757506993120572,3027.1231367179184,1027.9227528322392,2118.1893648803275,0,19.288479232834948,21.393103933439043,12.8872,0.36686007340621041,0.99999999999360933,3146.1121177125669,3146.1121177125669
情景一阈值控制,53.002418554714104,4831.6987718971477,75.232480593415147,12022.103241793151,43.751272136220038,3027.2142335800472,1027.9764838102249,2118.2204959075693,0,19.288635859927584,21.39312421997402,12.8872,0.36682580044194368,0.99999999999360878,3146.1969797177944,3146.1969797177944
情景一阈值控制,53.049637862164261,4826.5985028049845,75.23248059340844,12025.547604173453,43.629690544671753,3028.9917218834644,1029.0255150991643,2118.827371330492,0,19.291669282141942,21.393513968672522,12.8872,0.36615672494331974,0.99999999999359579,3147.8528864296563,3147.8528864296563
情景一阈值控制,53.096857169614417,4821.5098950860092,75.232480593401704,12028.982052054269,43.508386907935829,3030.7671853583656,1030.0745463881035,2119.4324998797115,0,19.29465604191024,21.393891818997378,12.8872,0.36548776856819709,0.99999999999358324,3149.507046267815,3149.507046267815
情景一阈值控制,53.144076477064573,4816.4329220773898,75.232480593394968,12032.406608104342,43.387360591021498,3032.5406286338334,1031.1235776770425,2120.03588554932,0,19.297596147601087,21.39425795748144,12.8872,0.3648189330368613,0.99999999999357081,3151.1594632263623,3151.1594632263623
情景一阈值控制,53.191295784514729,4811.3675571772537,75.232480593388217,12035.821294940581,43.266610960381058,3034.3120563283769,1032.1726089659815,2120.6375323242769,0,19.300489607703035,21.394612570587729,12.8872,0.36415022006834397,0.99999999999355837,3152.8101412902583,3152.8101412902583
情景一阈值控制,53.238515091964885,4806.313773844553,75.232480593381453,12039.226135128187,43.146137383906826,3036.0814730499524,1033.2216402549204,2121.2374441804322,0,19.303336430824491,21.394955844707553,12.8872,0.36348163138040412,0.99999999999354605,3154.4590844353525,3154.4590844353525
情景一阈值控制,53.285734399415048,4801.2715455989255,75.232480593374675,12042.621151180763,43.025939230927946,3037.8488833959896,1034.2706715438592,2121.8356250845445,0,19.306136625693632,21.395287966158595,12.8872,0.36281316868951152,0.99999999999353395,3156.1062966284035,3156.1062966284035
情景一阈值控制,53.332953706865204,4796.2408460205534,75.232480593367882,12046.006365560439,42.906015872207092,3039.6142919534127,1035.3197028327979,2122.4320789943017,0,19.308890201158306,21.395609121183032,12.8872,0.36214483371082906,0.99999999999352152,3157.7517818270999,3157.7517818270999
情景一阈值控制,53.380173014315361,4791.2216487500236,75.232480593361089,12049.381800677989,42.78636667993721,3041.37770329867,1036.3687341217362,2123.0268098583442,0,19.31159716618594,21.395919495945638,12.8872,0.36147662815819515,0.99999999999350953,3159.3955439800802,3159.3955439800802
情景一阈值控制,53.427392321765517,4786.2139274881947,75.232480593354282,12052.747478892939,42.666991027738845,3043.1391219977527,1037.4177654106747,2123.6198216162829,0,19.314257529863454,21.396219276531887,12.8872,0.36080855374410625,0.99999999999349787,3161.0375870269577,3161.0375870269577
情景一阈值控制,53.474611629215673,4781.2176559960544,75.232480593347447,12056.103422513703,42.547888290656736,3044.8985526062193,1038.466796699613,2124.2111181987229,0,19.316871301397168,21.396508648946082,12.8872,0.36014061217970017,0.99999999999348588,3162.677914898336,3162.677914898336
情景一阈值控制,53.521830936665829,4776.2328080945854,75.232480593340611,12059.449653797676,42.429057845156635,3046.6559996692222,1039.5158279885513,2124.8007035272799,0,19.319438490112695,21.396787799109457,12.8872,0.3594728051747379,0.99999999999347433,3164.3165315158312,3164.3165315158312
情景一阈值控制,53.569050244115992,4771.2593576646241,75.232480593333747,12062.786194951375,42.310499069122223,3048.4114677215266,1040.5648592774894,2125.388581514605,0,19.321959105454859,21.397056912858297,12.8872,0.35880513443758699,0.99999999999346278,3165.9534407920946,3165.9534407920946
情景一阈值控制,53.616269551566148,4766.2972786467299,75.232480593326883,12066.113068130533,42.192211341852129,3050.1649612875394,1041.6138905664275,2125.9747560644028,0,19.324433156987581,21.39731617594207,12.8872,0.35813760167520403,0.99999999999345113,3167.5886466308302,3167.5886466308302
情景一阈值控制,53.663488859016304,4761.3465450410422,75.232480593320005,12069.430295440234,42.074194044056775,3051.9164848813284,1042.6629218553653,2126.5592310714519,0,19.326860654393798,21.39756577402153,12.8872,0.35747020859311696,0.99999999999344014,3169.2221529268172,3169.2221529268172
情景一阈值控制,53.710708166466461,4756.4071309071487,75.232480593313127,12072.737898935015,41.956446557855287,3053.666043006649,1043.7119531443032,2127.1420104216263,0,19.329241607475346,21.39780589266687,12.8872,0.35680295689540908,0.9999999999934287,3170.8539635659295,3170.8539635659295
情景一阈值控制,53.757927473916617,4751.479010363948,75.232480593306221,12076.03590061899,41.838968266772028,3055.4136401569654,1044.7609844332408,2127.723097991915,0,19.331576026152874,21.398036717355826,12.8872,0.35613584828470024,0.99999999999341738,3172.484082425156,3172.484082425156
情景一阈值控制,53.80514678136678,4746.5621575895102,75.232480593299314,12079.324322445962,41.721758555733942,3057.1592808154764,1045.8100157221786,2128.3024976504425,0,19.333863920465724,21.398258433471824,12.8872,0.3554688844621311,0.99999999999340639,3174.1125133726209,3174.1125133726209
情景一阈值控制,53.852366088816936,4741.6565468209528,75.232480593292394,12082.603186319537,41.604816811067479,3058.9029694551341,1046.859047011116,2128.8802132564897,0,19.336105300571848,21.398471226302103,12.8872,0.35480206712734541,0.99999999999339562,3175.7392602676055,3175.7392602676055
情景一阈值控制,53.899585396267092,4736.7621523542903,75.232480593285459,12085.872514093237,41.488142420495237,3060.6447105386737,1047.9080783000534,2129.4562486605132,0,19.338300176747683,21.398675281035867,12.8872,0.35413539797847304,0.99999999999338496,3177.3643269605664,3177.3643269605664
情景一阈值控制,53.946804703717248,4731.8789485443122,75.232480593278524,12089.132327570627,41.371734773132985,3062.3845085186326,1048.9571095889905,2130.030607704165,0,19.340448559388058,21.398870782762408,12.8872,0.35346887871211297,0.99999999999337397,3178.9877172931556,3178.9877172931556
情景一阈值控制,53.994024011167404,4727.0069098044405,75.232480593271575,12092.382648505411,41.255593259486595,3064.1223678373726,1050.0061408779277,2130.6032942203146,0,19.34255045900608,21.399057916469264,12.8872,0.35280251102331572,0.99999999999336353,3180.6094350982421,3180.6094350982421
情景一阈值控制,54,4726.3911081690603,75.232480593270694,12092.793327550742,41.240913544093978,3064.3421701428147,1050.1389043513088,2130.6756533369826,0,19.342813158435987,21.399081012575557,12.8872,0.35271818764359508,0.99999999999336231,3180.8145576882916,3180.8145576882916
情景一阈值控制,54.04124331861756,4722.1460106066033,75.232480593264611,12095.623498601557,41.139717271449079,3065.8582929271074,1051.0551721668646,2131.174312033068,0,19.34460588623303,21.399236867040358,12.8872,0.35213629660556778,0.99999999999335309,3182.2294841999328,3182.2294841999328
情景一阈值控制,54.088462626067724,4717.2962254810918,75.232480593257634,12098.854899513413,41.024106202297517,3067.5922882099217,1052.1042034558018,2131.7436649577871,0,19.346614851818249,21.399407819254144,12.8872,0.35147023715077297,0.99999999999334277,3183.8478684135889,3183.8478684135889
情景一阈值控制,54.13568193351788,4712.4575290164357,75.232480593250642,12102.076872845808,40.908759446689835,3069.324358097796,1053.1532347447387,2132.3113568011099,0,19.348577366629026,21.399570957781766,12.8872,0.35080433434923708,0.99999999999333222,3185.4645915458486,3185.4645915458486
情景一阈值控制,54.182901240968036,4707.6298958592643,75.232480593243636,12105.289440154183,40.793676400661603,3071.0545069926293,1054.2022660336752,2132.8773913609712,0,19.350493441650499,21.399726467185211,12.8872,0.35013858988964941,0.99999999999332245,3187.0796573946463,3187.0796573946463
情景一阈值控制,54.230120548418192,4702.8133007141741,75.232480593236616,12108.492622944685,40.678856461623504,3072.7827392862628,1055.2512973226119,2133.4417724266232,0,19.35236308798552,21.399874531915458,12.8872,0.34947300545906779,0.99999999999331213,3188.6930697492353,3188.6930697492353
情景一阈值控制,54.277339855868348,4698.0077183435997,75.23248059322961,12111.686442674292,40.564299028357937,3074.5090593605014,1056.3003286115484,2134.0045037786526,0,19.354186316854562,21.400015336310659,12.8872,0.34880758274289991,0.99999999999330225,3190.3048323902012,3190.3048323902012
情景一阈值控制,54.324559163318511,4693.2131235676788,75.232480593222576,12114.870920750927,40.450003501015985,3076.233471587137,1057.3493599004848,2134.5655891890028,0,19.355963139595588,21.400149064594281,12.8872,0.3481423234248876,0.99999999999329259,3191.9149490894879,3191.9149490894879
情景一阈值控制,54.371778470768668,4688.4294912641217,75.232480593215541,12118.046078533558,40.335969281114487,3077.9559803279722,1058.3983911894213,2135.1250324209927,0,19.357693567663937,21.400275900873297,12.8872,0.34747722918709079,0.99999999999328282,3193.5234236104143,3193.5234236104143
情景一阈值控制,54.418997778218824,4683.6567963680773,75.232480593208493,12121.211937332322,40.222195771532917,3079.6765899348416,1059.4474224783573,2135.6828372293376,0,19.359377612632219,21.400396029136331,12.8872,0.34681230170986899,0.99999999999327305,3195.1302597076947,3195.1302597076947
情景一阈值控制,54.46621708566898,4678.8950138720047,75.23248059320143,12124.368518408628,40.108682376510586,3081.3953047496361,1060.4964537672934,2136.2390073601669,0,19.361015286190177,21.400509633251854,12.8872,0.34614754267186587,0.99999999999326361,3196.7354611274604,3196.7354611274604
情景一阈值控制,54.513436393119136,4674.1441188255403,75.232480593194353,12127.515842975279,39.995428501643417,3083.1121291043241,1061.5454850562294,2136.7935465510445,0,19.362606600144577,21.400616896966358,12.8872,0.34548295374999261,0.9999999999932544,3198.3390316072737,3198.3390316072737
情景一阈值控制,54.560655700569292,4669.4040863353666,75.232480593187276,12130.653932196572,39.882433553880738,3084.8270673209749,1062.5945163451652,2137.3464585309898,0,19.364151566419089,21.400718003902519,12.8872,0.3448185366194112,0.99999999999324485,3199.940974876155,3199.940974876155
情景一阈值控制,54.607875008019455,4664.6748915650842,75.232480593180185,12133.782807188411,39.769696941522653,3086.5401237117817,1063.643547634101,2137.8977470204959,0,19.365650197054155,21.40081313755741,12.8872,0.34415429295351685,0.99999999999323608,3201.5412946545966,3201.5412946545966
情景一阈值控制,54.655094315469611,4659.9565097350805,75.232480593173079,12136.902489018428,39.657218074216992,3088.2513025790818,1064.6925789230365,2138.4474157315476,0,19.367102504206873,21.400902481300662,12.8872,0.34349022442392407,0.99999999999322686,3203.1399946545844,3203.1399946545844
情景一阈值控制,54.702313622919768,4655.2489161223975,75.232480593165974,12140.012998706077,39.544996362956134,3089.9606082153828,1065.7416102119721,2138.9954683676447,0,19.368508500150874,21.40098621837268,12.8872,0.34282633270044738,0.99999999999321765,3204.7370785796165,3204.7370785796165
情景一阈值控制,54.749532930369924,4650.5520860606066,75.232480593158854,12143.114357222759,39.433031220074092,3091.6680449033811,1066.7906415009074,2139.5419086238189,0,19.369868197276187,21.40106453188281,12.8872,0.34216261945108606,0.99999999999320899,3206.3325501247264,3206.3325501247264
情景一阈值控制,54.79675223782008,4645.8659949396761,75.232480593151735,12146.20658549192,39.321322059243521,3093.373616915987,1067.8396727898428,2140.0867401866517,0,19.371181608089117,21.40113760480757,12.8872,0.34149908634200854,0.99999999999320033,3207.9264129764942,3207.9264129764942
情景一阈值控制,54.843971545270236,4641.1906182058428,75.232480593144587,12149.289704389175,39.209868295472845,3095.0773285163459,1068.8887040787779,2140.6299667342973,0,19.372448745212115,21.401205619988822,12.8872,0.34083573503753484,0.99999999999319167,3209.518670813075,3209.518670813075
情景一阈值控制,54.891190852720399,4636.5259313614843,75.232480593137453,12152.363734742396,39.098669345103296,3096.7791839578599,1069.9377353677132,2141.1715919364997,0,19.373669621383655,21.401268760131995,12.8872,0.34017256720012068,0.99999999999318301,3211.1093273042129,3211.1093273042129
情景一阈值控制,54.938410160170555,4631.8719099649907,75.23248059313029,12155.428697331841,38.98772462580574,3098.4791874842122,1070.9867666566481,2141.711619454612,0,19.374844249458096,21.401327207804293,12.8872,0.33950958449034163,0.99999999999317457,3212.6983861112603,3212.6983861112603
情景一阈值控制,54.985629467620711,4627.2285296306354,75.232480593123128,12158.484612890257,38.877033556577665,3100.1773433293861,1072.035797945583,2142.2500529416161,0,19.37597264240555,21.4013811454329,12.8872,0.33884678856687611,0.99999999999316613,3214.2858508871991,3214.2858508871991
情景一阈值控制,55,4625.8174904135703,75.23248059312094,12159.412845344988,38.843396541421512,3100.6937871068808,1072.35505587033,2142.4136017792052,0,19.376306878264629,21.401396693240557,12.8872,0.3386451132712669,0.99999999999316402,3214.7686576495353,3214.7686576495353
情景一阈值控制,55.032848775070867,4622.5957660284475,75.232480593115952,12161.531502102987,38.766595557740608,3101.8736557176903,1073.0848292345179,2142.7868960421415,0,19.377054813311755,21.401430755303206,12.8872,0.33818418108648984,0.99999999999315803,3215.8717252766592,3215.8717252766592
情景一阈值控制,55.080068082521024,4617.9735948840853,75.232480593108775,12164.569385608071,38.656410050936969,3103.5681288637788,1074.1338605234523,2143.3221523924844,0,19.378090775377931,21.401476219557026,12.8872,0.33752176370401976,0.9999999999931497,3217.4560129159368,3217.4560129159368
情景一阈值控制,55.127287389971187,4613.361991978707,75.232480593101585,12167.598283996371,38.546476459126978,3105.260766972674,1075.182891812387,2143.8558256206279,0,19.379080541920661,21.401517720190814,12.8872,0.33685953807235669,0.99999999999314182,3219.0387174330149,3219.0387174330149
情景一阈值控制,55.174506697421343,4608.7609331488484,75.232480593094394,12170.618217811663,38.436794206585915,3106.9515742397875,1076.2319231013214,2144.3879193462581,0,19.380024126371744,21.401555439053904,12.8872,0.33619750584243147,0.99999999999313416,3220.6198424475797,3220.6198424475797
情景一阈值控制,55.221726004871499,4604.1703942862905,75.232480593087189,12173.629207550761,38.327362718901078,3108.640554850942,1077.2809543902558,2144.9184371807869,0,19.380921542278053,21.401589557846741,12.8872,0.33553566866319728,0.99999999999312605,3222.1993915710427,3222.1993915710427
情景一阈值控制,55.268945312321655,4599.590351337938,75.23248059307997,12176.631273663595,38.218181422969039,3110.3277129823969,1078.32998567919,2145.4473827273678,0,19.381772803301402,21.401620258119106,12.8872,0.33487402818161338,0.9999999999931185,3223.7773684065578,3223.7773684065578
情景一阈值控制,55.316164619771811,4595.0207803056883,75.232480593072751,12179.624436553364,38.10924974699256,3112.0130528008631,1079.379016968124,2145.9747595809163,0,19.382577923218417,21.401647721268372,12.8872,0.3342125860426306,0.99999999999311107,3225.35377654904,3225.35377654904
情景一阈值控制,55.363383927221967,4590.461657246311,75.232480593065517,12182.608716576595,38.000567120477442,3113.6965784635318,1080.428048257058,2146.5005713281289,0,19.383336915920374,21.401672128537729,12.8872,0.33355134388917496,0.99999999999310374,3226.9286195851869,3226.9286195851869
情景一阈值控制,55.410603234672131,4585.9129582713185,75.232480593058284,12185.584134043282,37.892132974230016,3115.3782941180925,1081.477079545992,2147.0248215475003,0,19.384049795413077,21.401693661014455,12.8872,0.33289030336213088,0.9999999999930963,3228.5019010934921,3228.5019010934921
情景一阈值控制,55.457822542122287,4581.3746595468456,75.232480593051037,12188.550709216977,37.783946740354175,3117.0582039027527,1082.5261108349259,2147.5475138093443,0,19.3847165758167,21.40171249962815,12.8872,0.33222946610032689,0.99999999999308897,3230.0736246442702,3230.0736246442702
情景一阈值控制,55.505041849572443,4576.8467372935165,75.232480593043775,12191.508462314907,37.676007852248276,3118.7363119462661,1083.5751421238595,2148.0686516758105,0,19.385337271365653,21.401728825148997,12.8872,0.33156883374051838,0.99999999999308187,3231.6437937996698,3231.6437937996698
情景一阈值控制,55.552261157022599,4572.329167786329,75.232480593036513,12194.457413508066,37.56831574460233,3120.4126223679473,1084.624173412793,2148.5882387009051,0,19.385911896408437,21.401742818186019,12.8872,0.33090840791737341,0.99999999999307454,3233.2124121136981,3233.2124121136981
情景一阈值控制,55.599480464472755,4567.8219273545237,75.232480593029237,12197.397582921334,37.460869853395131,3122.0871392776971,1085.6732047017265,2149.1062784305072,0,19.386440465407485,21.401754659185364,12.8872,0.3302481902634552,0.99999999999306755,3234.7794831322335,3234.7794831322335
情景一阈值控制,55.646699771922918,4563.3249923814647,75.232480593021961,12200.328990633578,37.353669615891441,3123.7598667760235,1086.7222359906598,2149.6227744023895,0,19.386922992939034,21.401764528428536,12.8872,0.32958818240920817,0.99999999999306077,3236.3450103930491,3236.3450103930491
情景一阈值控制,55.693919079373075,4558.8383393045133,75.232480593014685,12203.251656677752,37.246714470639148,3125.4308089540618,1087.7712672795933,2150.1377301462344,0,19.387359493692959,21.401772606030711,12.8872,0.32892838598294216,0.99999999999305411,3237.9089974258277,3237.9089974258277
情景一阈值控制,55.741138386823231,4554.3619446149041,75.232480593007395,12206.165601041006,37.140003857466091,3127.0999698935966,1088.8202985685261,2150.6511491836559,0,19.387749982472634,21.401779071938979,12.8872,0.32826880261081581,0.99999999999304745,3239.471447752182,3239.471447752182
情景一阈值控制,55.788357694273387,4549.8957848576229,75.232480593000105,12209.070843664795,37.033537217477317,3128.7673536670841,1089.8693298574592,2151.1630350282144,0,19.388094474194784,21.401784105930638,12.8872,0.32760943391682185,0.9999999999930409,3241.0323648856738,3241.0323648856738
情景一阈值控制,55.835577001723543,4545.4398366312835,75.2324805929928,12211.967404444978,36.927313993052472,3130.4329643376727,1090.918361146392,2151.6733911854376,0,19.388392983889315,21.401787887611491,12.8872,0.32695028152277172,0.99999999999303468,3242.5917523318294,3242.5917523318294
情景一阈值控制,55.882796309173699,4540.9940765880056,75.232480592985482,12214.855303231921,36.821333627842719,3132.0968059592228,1091.9673924353249,2152.1822211528388,0,19.388645526699186,21.40179059641412,12.8872,0.32629134704828033,0.99999999999302813,3244.1496135881634,3244.1496135881634
情景一阈值控制,55.930015616623862,4536.5584814332915,75.232480592978163,12217.734559830611,36.715595566767874,3133.7588825763323,1093.0164237242577,2152.6895284199327,0,19.388852117880241,21.401792411596187,12.8872,0.32563263211074933,0.99999999999302192,3245.7059521441906,3245.7059521441906
情景一阈值控制,55.977234924074018,4532.1330279259055,75.23248059297083,12220.605194000738,36.61009925601364,3135.4191982243506,1094.0654550131903,2153.1953164682568,0,19.389012772801056,21.401793512238736,12.8872,0.32497413832535416,0.99999999999301592,3247.2607714814471,3247.2607714814471
情景一阈值控制,56,4530.00307256422,75.232480592967306,12221.986091379073,36.559324244934409,3136.2190312187845,1094.5712073893023,2153.4386220754959,0,19.389073819497629,21.401793840477598,12.8872,0.32465674892620588,0.9999999999930127,3248.0098294647983,3248.0098294647983
情景一阈值控制,56.024454231524174,4527.7176928777517,75.232480592963512,12223.46722545683,36.504844143028734,3137.0777569294069,1095.1144863021227,2153.6995887713883,0,19.389127506942781,21.401794077244492,12.8872,0.32431586730502704,0.99999999999300992,3248.814075073511,3248.814075073511
情景一阈值控制,56.071673538974331,4523.3124531537487,75.232480592956165,12226.320673868326,36.399829676522181,3138.7345627084264,1096.1635175910551,2154.2023487949618,0,19.38919633589899,21.401794285336173,12.8872,0.32365782066044191,0.99999999999300371,3250.3658663860169,3250.3658663860169
情景一阈值控制,56.118892846424487,4518.9172856717159,75.232480592948832,12229.1655588597,36.295055306460249,3140.3896195691545,1097.2125488799873,2154.7035999966884,0,19.38921927537552,21.40179431505479,12.8872,0.32299999999999984,0.99999999999299827,3251.9161488766758,3251.9161488766758
情景一阈值控制,56.166080657949628,4514.5322137751,75.23197187121788,12232.002890009147,36.191094590613979,3142.0418297538999,1098.2603693658202,2155.2035202580237,0,19.38921927537552,21.40179431505479,12.8872,0.32300000000000001,0.99902961889961328,3253.4638896238439,3253.4638896238439
情景一阈值控制,56.21326846947477,4510.1514562719522,75.230446391793237,12234.837429559446,36.088363922648028,3143.6923038541404,1099.3071589198994,2155.7029486567944,0,19.38921927537552,21.40179431505479,12.8872,0.32300000000000001,0.99806019254675493,3255.0101075766938,3255.0101075766938
情景一阈值控制,56.260456280999918,4505.7750679501241,75.227905223709314,12237.669142060486,35.986836782987595,3145.3410479826739,1100.3529044505735,2156.2018789469093,0,19.38921927537552,21.40179431505479,12.8872,0.32300000000000001,0.99709173305853349,3256.5547833974829,3256.5547833974829
情景一阈值控制,56.307644092525059,4501.4031033088095,75.224349489705247,12240.497992248929,35.886487122903368,3146.9880678296313,1101.3975929351664,2156.7003049151858,0,19.38921927537552,21.40179431505479,12.8872,0.32300000000000001,0.99612425249518133,3258.0978978503522,3258.0978978503522
情景一阈值控制,56.354831904050201,4497.0356165563107,75.219780366011022,12243.323945049664,35.787289356982363,3148.6333686710104,1102.4412114205106,2157.1982203816056,0,19.38921927537552,21.40179431505479,12.8872,0.32300000000000001,0.99515776285255908,3259.6394318021162,3259.6394318021162
情景一阈值控制,56.402019715575342,4492.6726616078467,75.214199082127891,12246.146965577211,35.68921835572047,3150.2769553770731,1103.4837470234718,2157.6956191995623,0,19.38921927537552,21.40179431505479,12.8872,0.32300000000000001,0.99419227606167038,3261.1793662230339,3261.1793662230339
情景一阈值控制,56.449207527100484,4488.3142920833925,75.207606920603297,12248.967019137126,35.592249438233992,3151.9188324206225,1104.5251869314643,2158.192495256108,0,19.38921927537552,21.40179431505479,12.8872,0.32300000000000001,0.99322780398818455,3262.7176821875723,3262.7176821875723
情景一阈值控制,56.496395338625625,4483.9605613055628,75.200005216800108,12251.784071227374,35.496358365086984,3153.5590038851556,1105.5655184029577,2158.6888424721974,0,19.38921927537552,21.40179431505479,12.8872,0.32300000000000001,0.99226435843196603,3264.2543608751548,3264.2543608751548
情景一阈值控制,56.543583150150774,4479.6115222975222,75.191395358660543,12254.598087539673,35.401521331231201,3155.1974734728933,1106.6047287679753,2159.1846548029221,0,19.38921927537552,21.40179431505479,12.8872,0.32300000000000001,0.99130195112661446,3265.7893835708974,3265.7893835708974
情景一阈值控制,56.590770961675915,4475.2672277809406,75.181778786464591,12257.409033960819,35.307714959057094,3156.8342445126964,1107.6428054285834,2159.6799262377472,0,19.38921927537552,21.40179431505479,12.8872,0.32300000000000001,0.99034059373901051,3267.3227316663306,3267.3227316663306
情景一阈值控制,56.637958773201056,4470.9277301739785,75.171156992583121,12260.216876574004,35.214916291563441,3158.4693199678509,1108.6797358593722,2160.1746508007377,0,19.38921927537552,21.40179431505479,12.8872,0.32300000000000001,0.98938029786887116,3268.8543866601099,3268.8543866601099
情景一阈值控制,56.685146584726198,4466.5930815893134,75.159531521225603,12263.021581660063,35.123102785628376,3160.1027024437476,1109.7155076079273,2160.6688225507869,0,19.38921927537552,21.40179431505479,12.8872,0.32300000000000001,0.98842107504831223,3270.384330158714,3270.384330158714
情景一阈值控制,56.732334396251339,4462.2633338322039,75.146903968182713,12265.82311569876,35.032252305389036,3161.7343941954441,1110.7501082952933,2161.1624355818344,0,19.38921927537552,21.40179431505479,12.8872,0.32300000000000001,0.98746293674142016,3271.912543877128,3271.912543877128
情景一阈值控制,56.779522207776481,4457.9385383985846,75.133275980563667,12268.621445369994,34.942343115726786,3163.3643971351098,1111.7835256164276,2161.6554840230847,0,19.38921927537552,21.40179431505479,12.8872,0.32300000000000001,0.98650589434383051,3273.4390096395123,3273.4390096395123
情景一阈值控制,56.826710019301629,4453.6187464732038,75.118649256528528,12271.416537555022,34.853353875856769,3164.9927128393679,1112.8157473406468,2162.1479620392188,0,19.38921927537552,21.40179431505479,12.8872,0.32300000000000001,0.98554995918231569,3274.9637093798656,3274.9637093798656
情景一阈值控制,56.87389783082677,4449.3040089277974,75.103025545015342,12274.208359337628,34.76526363301948,3166.619342556517,1113.8467613120615,2162.6398638306027,0,19.38921927537552,21.40179431505479,12.8872,0.32300000000000001,0.98459514251438118,3276.4866251426643,3276.4866251426643
情景一阈值控制,56.921085642351912,4444.9943763192941,75.086406645462446,12276.996878005297,34.678051816271086,3168.244287213653,1114.8765554500067,2163.1311836334926,0,19.38921927537552,21.40179431505479,12.8872,0.32300000000000001,0.98364145552786819,3278.0077390834995,3278.0077390834995
情景一阈值控制,56.968273453877053,4440.6898988880657,75.068794407525658,12279.782061050333,34.591698230370291,3169.8675474236825,1115.9051177494587,2163.6219157202322,0,19.38921927537552,21.40179431505479,12.8872,0.32300000000000001,0.98268890934056685,3279.5270334696907,3279.5270334696907
情景一阈值控制,57,4437.798723054847,75.056395382737705,12281.652776843261,34.534111276348114,3170.9579934427843,1116.595969196736,2163.9515243132464,0,19.38921927537552,21.40179431505479,12.8872,0.32300000000000001,0.98204911541418383,3280.5474935099824,3280.5474935099824
情景一阈值控制,57.015461265402195,4436.3906265562109,75.050190730790817,12282.56387617098,34.506183049765369,3171.4891234922306,1116.9324362814464,2164.1120543994525,0,19.38921927537552,21.40179431505479,12.8872,0.32300000000000001,0.98173751499983453,3281.0444906808989,3281.0444906808989
情景一阈值控制,57.062649076927336,4432.0966089258709,75.030597564481326,12285.342291272509,34.421486812677749,3173.1090154244403,1117.9584991934523,2164.6015940162588,0,19.38921927537552,21.40179431505479,12.8872,0.32300000000000001,0.98078728348222621,3282.5600932097113,3282.5600932097113
情景一阈值控制,57.109836888452485,4427.8078952775904,75.010016907161102,12288.117274468274,34.337590415274533,3174.7272229316795,1118.9832947098059,2165.0905289524217,0,19.38921927537552,21.40179431505479,12.8872,0.32300000000000001,0.97983822569312939,3284.0738236622274,3284.0738236622274
情景一阈值控制,57.157024699977626,4423.5245345687126,74.988450806432837,12290.888794080756,34.254475105935306,3176.3437454381415,1120.006811132065,2165.5788536265572,0,19.38921927537552,21.40179431505479,12.8872,0.32300000000000001,0.9788903524664101,3285.5856647586224,3285.5856647586224
情景一阈值控制,57.204212511502767,4419.2465754318091,74.965901358631641,12293.656818642583,34.172122479609712,3177.9585820873472,1121.0290368393933,2166.0665624943072,0,19.38921927537552,21.40179431505479,12.8872,0.32300000000000001,0.97794367456406439,3287.0955993337002,3287.0955993337002
情景一阈值控制,57.251400323027909,4414.9740661731448,74.942370708514147,12296.421316897506,34.090514472264736,3179.5717317485496,1122.0499602889249,2166.5536500485155,0,19.38921927537552,21.40179431505479,12.8872,0.32300000000000001,0.97699820267587989,3288.6036103374404,3288.6036103374404
情景一阈值控制,57.29858813455305,4410.7070547711919,74.917861048943166,12299.182257801382,34.009633355419112,3181.1831930230414,1123.0695700161223,2167.0401108193937,0,19.38921927537552,21.40179431505479,12.8872,0.32300000000000001,0.97605394741910567,3290.109680835516,3290.109680835516
情景一阈值控制,57.345775946078192,4406.44558887516,74.892374620568049,12301.939610523114,33.929461730762384,3182.7929642503736,1124.0878546351239,2167.5259393746928,0,19.38921927537552,21.40179431505479,12.8872,0.32300000000000001,0.97511091933812843,3291.613794009817,3291.613794009817
情景一阈值控制,57.39296375760334,4402.1897158035854,74.865913711500511,12304.693344445559,33.8499825248579,3184.4010435144746,1125.1048028390842,2168.0111303198614,0,19.38921927537552,21.40179431505479,12.8872,0.32300000000000001,0.97416912890415885,3293.1159331589456,3293.1159331589456
情景一阈值控制,57.440151569128481,4397.9394825429426,74.838480656986448,12307.443429166438,33.771178983935201,3186.0074286496751,1126.1204034005041,2168.4956782982049,0,19.38921927537552,21.40179431505479,12.8872,0.32300000000000001,0.97322858651492572,3294.616081698709,3294.616081698709
情景一阈值控制,57.487339380653623,4393.6949357462927,74.810077839073415,12310.189834499204,33.693034668758287,3187.6121172466496,1127.1346451715542,2168.9795779910401,0,19.38921927537552,21.40179431505479,12.8872,0.32300000000000001,0.97228930249437528,3296.1142231625945,3296.1142231625945
情景一阈值控制,57.534527192178764,4389.4561217319824,74.780707686273999,12312.932530473881,33.615533449576191,3189.2151066582646,1128.147517084386,2169.4628241178416,0,19.38921927537552,21.40179431505479,12.8872,0.32300000000000001,0.97135128709238483,3297.6103412022276,3297.6103412022276
情景一阈值控制,57.581715003703906,4385.2230864823587,74.750372673225243,12315.671487337904,33.538659501152978,3190.8163940053382,1129.1590081514382,2169.9454114363907,0,19.38921927537552,21.40179431505479,12.8872,0.32300000000000001,0.97041455048447745,3299.1044195878289,3299.1044195878289
情景一阈值控制,57.628902815229047,4380.9958756425385,74.719075320344075,12318.406675556907,33.462397297876443,3192.415976182313,1130.1691074657313,2170.4273347429144,0,19.38921927537552,21.40179431505479,12.8872,0.32300000000000001,0.96947910277154992,3300.5964422086454,3300.5964422086454
情景一阈值控制,57.676090626754196,4376.7745345192052,74.686818193478743,12321.138065815507,33.386731608943478,3194.0138498628439,1131.1778042011554,2170.9085888722234,0,19.38921927537552,21.40179431505479,12.8872,0.32300000000000001,0.96854495397960638,3302.0863930733785,3302.0863930733785
情景一阈值控制,57.723278438279337,4372.5591080794475,74.653603903556558,12323.865629018053,33.311647493620129,3195.6100115053009,1132.1850876127476,2171.3891686978427,0,19.38921927537552,21.40179431505479,12.8872,0.32300000000000001,0.96761211405950098,3303.5742563105905,3303.5742563105905
情景一阈值控制,57.770466249804478,4368.3496409496229,74.619435106227797,12326.589336289364,33.237130296574165,3197.2044573581911,1133.1909470369621,2171.8690691321431,0,19.38921927537552,21.40179431505479,12.8872,0.32300000000000001,0.96668059288668773,3305.0600161691054,3305.0600161691054
情景一阈值控制,57.81765406132962,4364.1461774142726,74.584314501506,12329.309158975424,33.163165643283726,3198.7971834654936,1134.1953718919319,2172.3482851264639,0,19.38921927537552,21.40179431505479,12.8872,0.32300000000000001,0.96575040026097869,3306.5436570183956,3306.5436570183956
情景一阈值控制,57.864841872854761,4359.9487614150648,74.548244833404581,12332.025068644072,33.089739435518112,3200.388185671919,1135.19835167772,2172.8268116712343,0,19.38921927537552,21.40179431505479,12.8872,0.32300000000000001,0.96482154590631108,3308.0251633489543,3308.0251633489543
情景一阈值控制,57.912029684379903,4355.7574365497712,74.511228889570006,12334.737037085668,33.016837846886077,3201.9774596280831,1136.1998759765631,2173.3046437960884,0,19.38921927537552,21.40179431505479,12.8872,0.32300000000000001,0.96389403947052099,3309.5045197726513,3309.5045197726513
情景一阈值控制,57.959217495905051,4351.5722460712877,74.473269500911385,12337.445036313717,32.944447318455104,3203.5650007956078,1137.1999344531077,2173.7817765699792,0,19.38921927537552,21.40179431505479,12.8872,0.32300000000000001,0.96296789052512555,3310.981711023087,3310.981711023087
情景一阈值控制,58,4347.9601312379191,74.439704915458208,12339.782230816734,32.882284610067572,3204.9356484198011,1138.0630555167565,2174.1935758366831,0,19.38921927537552,21.40179431505479,12.8872,0.32300000000000001,0.96216855860444694,3312.2566313534398,3312.2566313534398
情景一阈值控制,58.006405307430192,4347.3932328866831,74.434369541226872,12340.149038565489,32.872554554439404,3205.1508044521406,1138.1985168546353,2174.2582051012841,0,19.38921927537552,21.40179431505479,12.8872,0.32300000000000001,0.96204310856511355,3312.4567219559194,3312.4567219559194
情景一阈值控制,58.053593118955334,4343.2204395562894,74.394531926826517,12342.849016302609,32.801146517955281,3206.7348656962986,1139.1956130112815,2174.7339245379112,0,19.38921927537552,21.40179431505479,12.8872,0.32300000000000001,0.96111970300874394,3313.9295375491929,3313.9295375491929
情景一阈值控制,58.100780930480475,4339.0539082928217,74.35375961615209,12345.544942211623,32.730210426842469,3208.3171794525374,1140.1912128362451,2175.2089300673993,0,19.38921927537552,21.40179431505479,12.8872,0.32300000000000001,0.96019768319735033,3315.4001429036443,3315.4001429036443
情景一阈值控制,58.147968742005617,4334.8936809605411,74.312055609393639,12348.236789204549,32.659733749549275,3209.8977404759448,1141.1853063259894,2175.6832169170111,0,19.38921927537552,21.40179431505479,12.8872,0.32300000000000001,0.95927705839515642,3316.8685232430007,3316.8685232430007
情景一阈值控制,58.195156553530758,4330.7397990744439,74.269422948102971,12350.924530419385,32.589704201081254,3211.4765433569655,1142.1778835604334,2176.1567803538287,0,19.38921927537552,21.40179431505479,12.8872,0.32300000000000001,0.958357837789097,3318.3346639142619,3318.3346639142619
情景一阈值控制,58.242344365055907,4326.5923037994962,74.225864714804217,12353.608139220618,32.520109739017336,3213.0535825260431,1143.1689347031386,2176.6296156848389,0,19.38921927537552,21.40179431505479,12.8872,0.32300000000000001,0.95744003048864701,3319.7985503879772,3319.7985503879772
情景一阈值控制,58.289532176581048,4322.4512359498958,74.181384032601301,12356.287589199697,32.450938559583179,3214.6288522582017,1144.1584500014815,2177.1017182570172,0,19.38921927537552,21.40179431505479,12.8872,0.32300000000000001,0.95652364552566005,3321.2601682584987,3321.2601682584987
情景一阈值控制,58.336719988106189,4318.3166359883717,74.135984064782676,12358.962854175486,32.382179093786753,3216.2023466775508,1145.1464197868233,2177.5730834574097,0,19.38921927537552,21.40179431505479,12.8872,0.32300000000000001,0.95560869185421204,3322.7195032442332,3322.7195032442332
情景一阈值控制,58.383907799631331,4314.1885440255164,74.089668014423268,12361.633908194701,32.31382000361404,3217.7740597617249,1146.1328344746692,2178.0437067132057,0,19.38921927537552,21.40179431505479,12.8872,0.32300000000000001,0.95469517835045414,3324.176541187875,3324.176541187875
情景一阈值控制,58.431095611156472,4310.0669998191597,74.042439123983641,12364.300725532301,32.24585017828413,3219.3439853462501,1147.1176845648167,2178.5135834918137,0,19.38921927537552,21.40179431505479,12.8872,0.32300000000000001,0.95378311381247372,3325.6312680566307,3325.6312680566307
情景一阈值控制,58.478283422681614,4305.9520427737671,73.994300674906597,12366.963280691896,32.178258730562348,3220.9121171288461,1148.1009606415014,2178.9827093009262,0,19.38921927537552,21.40179431505479,12.8872,0.32300000000000001,0.95287250696016168,3327.0836699424276,3327.0836699424276
情景一阈值控制,58.525471234206762,4301.8437119398804,73.945255987211183,12369.621548406096,32.111034993129692,3222.4784486736603,1149.0826533735287,2179.4510796885847,0,19.38921927537552,21.40179431505479,12.8872,0.32300000000000001,0.95196336643508839,3328.5337330621132,3328.5337330621132
情景一阈值控制,58.572659045731903,4297.7420460135863,73.89530841908423,12372.27550363686,32.044168515007279,3224.0429734154391,1150.0627535144019,2179.9186902432407,0,19.38921927537552,21.40179431505479,12.8872,0.32300000000000001,0.95105570080038637,3329.9814437576424,3329.9814437576424
情景一阈值控制,58.619846857257045,4293.6470833360272,73.844461366469488,12374.925121575812,31.977649058038494,3225.6056846636307,1151.0412519024399,2180.3855365938111,0,19.38921927537552,21.40179431505479,12.8872,0.32300000000000001,0.95014951854064145,3331.426788496251,3331.426788496251
情景一阈值控制,58.667034668782186,4289.5588618929332,73.792718262654461,12377.570377644541,31.911466593425278,3227.1665756064249,1152.0181394608858,2180.8516144097316,0,19.38921927537552,21.40179431505479,12.8872,0.32300000000000001,0.94924482806178989,3332.8697538706174,3332.8697538706174
情景一阈值控制,58.714222480307328,4285.477419314203,73.740082577854892,12380.211247494872,31.84561129831588,3228.7256393147318,1152.9934071980108,2181.3169194010038,0,19.38921927537552,21.40179431505479,12.8872,0.32300000000000001,0.94834163769102497,3334.3103265990148,3334.3103265990148
情景一阈值控制,58.761410291832469,4281.402792873504,73.686557818797183,12382.847707009134,31.780073552446236,3230.2828687460951,1153.9670462072081,2181.781447318243,0,19.38921927537552,21.40179431505479,12.8872,0.32300000000000001,0.94743995567670936,3335.7484935254511,3335.7484935254511
情景一阈值控制,58.808598103357618,4277.3350194879176,73.632147528298603,12385.47973230038,31.714843934833322,3231.8382567485487,1154.9390476670778,2182.245193952715,0,19.38921927537552,21.40179431505479,12.8872,0.32300000000000001,0.94653979018829548,3337.1842416197928,3337.1842416197928
情景一阈值控制,58.855785914882759,4273.2741357176055,73.576855284845621,12388.107299712601,31.649913220519721,3233.3917960644058,1155.9094028415052,2182.7081551363785,0,19.38921927537552,21.40179431505479,12.8872,0.32300000000000001,0.9456411493162532,3338.6175579778837,3338.6175579778837
情景一阈值控制,58.9029737264079,4269.2201777655227,73.520684702170087,12390.73038582092,31.585272377367883,3234.9434793339969,1156.8781030797329,2183.1703267419143,0,19.38921927537552,21.40179431505479,12.8872,0.32300000000000001,0.94474404107200438,3340.048429821647,3340.048429821647
情景一阈值控制,58.950161537933042,4265.1731814771483,73.463639428823654,12393.348967431763,31.520912562902861,3236.4932990993393,1157.8451398164216,2183.6317046827567,0,19.38921927537552,21.40179431505479,12.8872,0.32300000000000001,0.94384847338786504,3341.4768444991782,3341.4768444991782
情景一阈值控制,58.997349349458183,4261.1331823402606,73.405723147750436,12395.963021583004,31.456825121203337,3238.0412478077601,1158.8105045717052,2184.0922849131211,0,19.38921927537552,21.40179431505479,12.8872,0.32300000000000001,0.94295445411699474,3342.9027894848264,3342.9027894848264
情景一阈值控制,59,4260.9064543493896,73.40244409176924,12396.109724397944,31.453233085117638,3238.1281440757575,1158.8646816158102,2184.1181330449467,0,19.38921927537552,21.40179431505479,12.8872,0.32300000000000001,0.94290428103868051,3342.982814660757,3342.982814660757
情景一阈值控制,59.044537160983324,4257.1002154847383,73.346939575857817,12398.572525544088,31.393001579843705,3239.5873178154493,1159.774188951239,2184.5520634280242,0,19.38921927537552,21.40179431505479,12.8872,0.32300000000000001,0.94206199103335275,3344.3262523792632,3344.3262523792632
情景一阈值控制,59.091724972508473,4253.0743156823955,73.287292463585686,12401.177456816153,31.329433646879309,3241.1315013909648,1160.7361846462377,2185.011036263304,0,19.38921927537552,21.40179431505479,12.8872,0.32300000000000001,0.94117109183166126,3345.7472209095417,3345.7472209095417
情景一阈值控制,59.138912784033614,4249.055517346851,73.22678559447408,12403.777793132096,31.266113207879261,3242.673790718678,1161.6964834335081,2185.4691994956356,0,19.38921927537552,21.40179431505479,12.8872,0.32300000000000001,0.9402817641273773,3347.1656829291437,3347.1656829291437
情景一阈值控制,59.186100595558756,4245.0438545334218,73.165422784729316,12406.373512456654,31.203032323004621,3244.214177902169,1162.6550771754739,2185.9265492425407,0,19.38921927537552,21.40179431505479,12.8872,0.32300000000000001,0.93939401545666756,3348.5816264180148,3348.5816264180148
情景一阈值控制,59.233288407083897,4241.039360939053,73.103207882788624,12408.964592986449,31.140183224131764,3245.7526549675576,1163.6119578201913,2186.383081662399,0,19.38921927537552,21.40179431505479,12.8872,0.32300000000000001,0.93850785327639541,3349.9950394825901,3349.9950394825901
情景一阈值控制,59.280476218609039,4237.0420699022825,73.040144768883593,12411.551013150001,31.077558312019747,3247.2892138667921,1164.5671174013594,2186.8387929544479,0,19.38921927537552,21.40179431505479,12.8872,0.32300000000000001,0.9376232849641104,3351.4059103558075,3351.4059103558075
情景一阈值控制,59.327664030134187,4233.0520144032289,72.976237354602119,12414.132751607751,31.015150153520405,3248.8238464808765,1165.5205480383222,2187.2936793587892,0,19.38921927537552,21.40179431505479,12.8872,0.32300000000000001,0.93674031781804712,3352.8142273971116,3352.8142273971116
情景一阈值控制,59.374851841659328,4229.0692270636164,72.911489582449292,12416.709787252032,30.952951478830276,3250.3565446230527,1166.4722419360626,2187.7477371563818,0,19.38921927537552,21.40179431505479,12.8872,0.32300000000000001,0.93585895905713035,3354.2199790924442,3354.2199790924442
情景一阈值控制,59.42203965318447,4225.0937401468236,72.845905425407068,12419.282099207039,30.890955178786498,3251.8873000419226,1167.4221913851902,2188.2009626690378,0,19.38921927537552,21.40179431505479,12.8872,0.32300000000000001,0.9349792158209862,3355.6231540542281,3355.6231540542281
情景一阈值控制,59.469227464709611,4221.1255855579684,72.779488886492956,12421.849666828786,30.829154302203541,3253.4161044245275,1168.3703887619224,2188.6533522594136,0,19.38921927537552,21.40179431505479,12.8872,0.32300000000000001,0.93410109516996009,3357.0237410213358,3357.0237410213358
情景一阈值控制,59.516415276234753,4217.1647948440232,72.712243998317547,12424.412469705016,30.767542053249301,3254.9429493993739,1169.3168265280565,2189.1049023309961,0,19.38921927537552,21.40179431505479,12.8872,0.32300000000000001,0.93322460408514263,3358.4217288590526,3358.4217288590526
情景一阈值控制,59.563603087759894,4213.2113991939486,72.644174822641347,12426.97048765512,30.706111788861882,3256.4678265394055,1170.261497230935,2189.5556093280857,0,19.38921927537552,21.40179431505479,12.8872,0.32300000000000001,0.93234974946840043,3359.8171065590204,3359.8171065590204
情景一阈值控制,59.610790899285035,4209.2654294388785,72.575285449930519,12429.523700730026,30.644857016205989,3257.9907273649374,1171.2043935034064,2190.0054697357791,0,19.38921927537552,21.40179431505479,12.8872,0.32300000000000001,0.93147653814241438,3361.2098632391853,3361.2098632391853
情景一阈值控制,59.657978710810184,4205.3269160523087,72.505579998912054,12432.072089212061,30.583771390168145,3259.5116433465282,1172.1455080637768,2190.454480079944,0,19.38921927537552,21.40179431505479,12.8872,0.32300000000000001,0.93060497685072385,3362.599988143721,3362.599988143721
情景一阈值控制,59.705166522335325,4201.3958891503326,72.435062616128079,12434.615633614812,30.522848710889896,3261.0305659078167,1173.0848337157527,2190.9026369271937,0,19.38921927537552,21.40179431505479,12.8872,0.32300000000000001,0.92973507225777796,3363.9874706429464,3363.9874706429464
情景一阈值控制,59.752354333860467,4197.4723784919006,72.3637374754896,12437.154314682948,30.462082921337732,3262.5474864283024,1174.0223633483824,2191.3499368848593,0,19.38921927537552,21.40179431505479,12.8872,0.32300000000000001,0.92886683094899247,3365.3723002332417,3365.3723002332417
情景一阈值控制,59.799542145385608,4193.5564134791039,72.291608777829651,12439.688113392049,30.401468104909995,3264.0623962460863,1174.9580899359851,2191.7963766009534,0,19.38921927537552,21.40179431505479,12.8872,0.32300000000000001,0.92800025943081377,3366.7544665369387,3366.7544665369387
情景一阈值控制,59.84672995691075,4189.6480231574915,72.218680750455917,12442.217010948385,30.340998483082529,3265.5752866605635,1175.8920065380769,2192.2419527641373,0,19.38921927537552,21.40179431505479,12.8872,0.32300000000000001,0.92713536413078734,3368.133959302214,3368.133959302214
情景一阈值控制,59.893917768435898,4185.7472362164126,72.144957646703062,12444.740988788708,30.280668413087245,3267.0861489350673,1176.8241062992884,2192.6866621036816,0,19.38921927537552,21.40179431505479,12.8872,0.32300000000000001,0.92627215139763563,3369.5107684029699,3369.5107684029699
情景一阈值控制,59.941105579961039,4181.8540809893912,72.07044374548444,12447.260028580004,30.220472385626977,3268.5949742994731,1177.7543824492757,2193.1305013894212,0,19.38921927537552,21.40179431505479,12.8872,0.32300000000000001,0.92541062750133907,3370.8848838386966,3370.8848838386966
情景一阈值控制,59.988293391486181,4177.968585454516,71.99514335084379,12449.774112219235,30.160405022624936,3270.1017539527584,1178.6828283026255,2193.5734674317137,0,19.38921927537552,21.40179431505479,12.8872,0.32300000000000001,0.92455079863322331,3372.2562957343389,3372.2562957343389
情景一阈值控制,60,4177.0058396784652,71.976341160024759,12450.39705037026,30.145522492605529,3270.475246298623,1178.9128780647682,2193.6832252945974,0,19.38921927537552,21.40179431505479,12.8872,0.32300000000000001,0.92433775074693048,3372.5961033593658,3372.5961033593658
情景一阈值控制,60.035481203011322,4174.0907772348746,71.919060791506425,12452.283221833073,30.100461075008614,3271.6064790655146,1179.6094372587538,2194.0155570813881,0,19.38921927537552,21.40179431505479,12.8872,0.32300000000000001,0.92369267090605511,3373.6249943401417,3373.6249943401417
情景一阈值控制,60.082669014536464,4170.2206835989982,71.842200420430558,12454.7873397776,30.040635420527234,3273.1091407824224,1180.5342028017981,2194.4567672296939,0,19.38921927537552,21.40179431505479,12.8872,0.32300000000000001,0.92283625035414096,3374.990970031492,3374.990970031492
情景一阈值控制,60.129856826061605,4166.3583314613461,71.764566614358273,12457.286448637995,29.980923061601853,3274.6097302246785,1181.457118500502,2194.8970948082488,0,19.38921927537552,21.40179431505479,12.8872,0.32300000000000001,0.92198154293343393,3376.3542133087508,3376.3542133087508
情景一阈值控制,60.177044637586746,4162.5037473828061,71.686163773366616,12459.780531228213,29.921319123207322,3276.1082384923857,1182.3781780080956,2195.3365367889764,0,19.38921927537552,21.40179431505479,12.8872,0.32300000000000001,0.92112855452164455,3377.7147147970718,3377.7147147970718
情景一阈值控制,60.224232449111895,4158.6569575712292,71.606996320418673,12462.269570590643,29.861818850788072,3277.6046566668992,1183.2973750621675,2195.7750901840504,0,19.38921927537552,21.40179431505479,12.8872,0.32300000000000001,0.92027729091835908,3379.0724652462177,3379.0724652462177
情景一阈值控制,60.271420260637036,4154.8179878819856,71.527068700914768,12464.753549995745,29.802417608204738,3279.0989758131304,1184.2147034845329,2196.2127520458289,0,19.38921927537552,21.40179431505479,12.8872,0.32300000000000001,0.91942775784516251,3380.4274555303618,3380.4274555303618
情景一阈值控制,60.318608072162178,4150.9868638185408,71.446385382243804,12467.232452941667,29.743110875711103,3280.5911869818151,1185.1301571810941,2196.6495194667882,0,19.38921927537552,21.40179431505479,12.8872,0.32300000000000001,0.91857996094576688,3381.7796766478823,3381.7796766478823
情景一阈值控制,60.365795883687319,4147.1636105330754,71.364950853334875,12469.706263153868,29.683894247962144,3282.0812812117388,1186.0437301416951,2197.085389579453,0,19.38921927537552,21.40179431505479,12.8872,0.32300000000000001,0.91773390578614678,3383.1291197211481,3383.1291197211481
情景一阈值控制,60.412983695212461,4143.3482528271034,71.282769624209109,12472.17496458469,29.624763432052255,3283.5692495319231,1186.9554164399706,2197.5203595563257,0,19.38921927537552,21.40179431505479,12.8872,0.32300000000000001,0.91688959785467783,3384.4757759962963,3384.4757759962963
情景一阈值控制,60.460171506737609,4139.5408151521387,71.199846225531957,12474.638541412953,29.565714245583312,3285.0550829637732,1187.8652102331891,2197.954426609811,0,19.38921927537552,21.40179431505479,12.8872,0.32300000000000001,0.91604704256228298,3385.8196368429999,3385.8196368429999
情景一阈值控制,60.50735931826275,4135.741321610376,71.116185208165817,12477.096978043486,29.506742614761684,3286.5387725231885,1188.7731057620906,2198.3875879921379,0,19.38921927537552,21.40179431505479,12.8872,0.32300000000000001,0.91520624524258354,3387.1606937542283,3387.1606937542283
情景一阈值控制,60.554547129787892,4131.9497959553892,71.031791142723179,12479.550259106707,29.447844572523401,3288.0203092226366,1189.679097350717,2198.8198409952788,0,19.38921927537552,21.40179431505479,12.8872,0.32300000000000001,0.91436721115205433,3388.4989383459961,3388.4989383459961
情景一阈值控制,60.601734941313033,4128.1662615928672,70.946668619120331,12481.998369458119,29.389016256687714,3289.4996840731856,1190.5831794062387,2199.2511829508671,0,19.38921927537552,21.40179431505479,12.8872,0.32300000000000001,0.91352994547018573,3389.8343623571059,3389.8343623571059
情景一阈值控制,60.648922752838175,4124.3907415813637,70.86082224613159,12484.441294177839,29.330253908140296,3290.9768880865031,1191.4853464187745,2199.6816112301126,0,19.38921927537552,21.40179431505479,12.8872,0.32300000000000001,0.91269445329965004,3391.1669576488871,3391.1669576488871
情景一阈值控制,60.696110564363316,4120.6232586330743,70.774256650944324,12486.8790185701,29.271553869041579,3292.4519122768188,1192.3855929612064,2200.1111232437102,0,19.38921927537552,21.40179431505479,12.8872,0.32300000000000001,0.91186073966647319,3392.4967162049165,3392.4967162049165
情景一阈值控制,60.743298375888457,4116.8638351146328,70.68697647871457,12489.311528162718,29.212912581063019,3293.9247476628498,1193.2839136889884,2200.5397164417509,0,19.38921927537552,21.40179431505479,12.8872,0.32300000000000001,0.91102880952021115,3393.8236301307393,3393.8236301307393
情景一阈值控制,60.790486187413606,4113.1124930479345,70.598986392123479,12491.738808706576,29.154326583649905,3295.3953852696936,1194.180303339951,2200.9673883136279,0,19.38921927537552,21.40179431505479,12.8872,0.32300000000000001,0.91019866773413183,3395.1476916535789,3395.1476916535789
情景一阈值控制,60.837673998938747,4109.3692541109813,70.51029107093467,12494.160846175071,29.095792512310577,3296.8638161306812,1195.0747567340982,2201.3941363879403,0,19.38921927537552,21.40179431505479,12.8872,0.32300000000000001,0.90937031910540245,3396.4688931220385,3396.4688931220385
情景一阈值控制,60.884861810463889,4105.6341396387415,70.42089521155232,12496.577626763552,29.037307096931329,3298.3300312892002,1195.9672687734019,2201.8199582323941,0,19.38921927537552,21.40179431505479,12.8872,0.32300000000000001,0.90854376835528006,3397.787227005796,3397.787227005796
情景一阈值控制,60.93204962198903,4101.9071706240475,70.330803526580382,12498.989136888751,28.97886716011644,3299.7940218004819,1196.8578344415898,2202.2448514537009,0,19.38921927537552,21.40179431505479,12.8872,0.32300000000000001,0.90771902012930883,3399.102685895291,3399.102685895291
情景一阈值控制,60.979237433514172,4098.1883677184915,70.240020744382718,12501.395363188198,28.920469615552683,3301.2557787333544,1197.7464488039275,2202.6688136974749,0,19.38921927537552,21.40179431505479,12.8872,0.32300000000000001,0.90689607899752012,3400.4152625014021,3400.4152625014021
情景一阈值控制,61,4096.5546922603744,70.199858739111377,12502.452421857857,28.89478743774136,3301.898239704894,1198.1368183697123,2202.8550609201466,0,19.38921927537552,21.40179431505479,12.8872,0.32300000000000001,0.90653455977624897,3400.9918792898588,3400.9918792898588
情景一阈值控制,61.02642524503932,4094.4777512333662,70.148551608644226,12503.796292519601,28.86211146639986,3302.715293171967,1198.6331070069966,2203.0918426481271,0,19.38921927537552,21.40179431505479,12.8872,0.32300000000000001,0.90607494945463951,3401.724949655124,3401.724949655124
情景一阈值控制,61.073613056564461,4090.7753411406134,70.056400877933299,12506.191911960253,28.803789803704941,3304.1725562174724,1199.5178042784678,2203.5139360287549,0,19.38921927537552,21.40179431505479,12.8872,0.32300000000000001,0.90525563592029679,3403.0317403072227,3403.0317403072227
情景一阈值控制,61.120800868089603,4087.081157073791,69.96357332526523,12508.582208806396,28.745501804839581,3305.6275589896854,1200.4005359268681,2203.9350916010344,0,19.38921927537552,21.40179431505479,12.8872,0.32300000000000001,0.90443814273923984,3404.3356275279025,3404.3356275279025
情景一阈值控制,61.167988679614744,4083.3952183290698,69.870073737666971,12510.96717057257,28.687244731961538,3307.0802926287092,1201.2812973413445,2204.3553071651049,0,19.38921927537552,21.40179431505479,12.8872,0.32300000000000001,0.90362247418155628,3405.6366045064497,3405.6366045064497
情景一阈值控制,61.215176491139886,4079.717543866243,69.775906915743164,12513.34678499097,28.629015930499389,3308.5307482965213,1202.1600839914213,2204.774580559455,0,19.38921927537552,21.40179431505479,12.8872,0.32300000000000001,0.90280863444289539,3406.9346645508763,3406.9346645508763
情景一阈值控制,61.262364302665027,4076.0481523097592,69.681077673243422,12515.721040010772,28.570812827660117,3309.9789171785428,1203.0368914267553,2205.1929096608033,0,19.38921927537552,21.40179431505479,12.8872,0.32300000000000001,0.90199662764469779,3408.2298010875584,3408.2298010875584
情景一阈值控制,61.309552114190176,4072.3870619497698,69.58559083663107,12518.089923797457,28.512632930959015,3311.4247904851609,1203.9117152768824,2205.6102923839808,0,19.38921927537552,21.40179431505479,12.8872,0.32300000000000001,0.90118645783442652,3409.522007660863,3409.522007660863
情景一阈值控制,61.356739925715317,4068.7342907432044,69.489451244653367,12520.453424732113,28.454473826771316,3312.8683594532336,1204.7845512509637,2206.0267266818068,0,19.38921927537552,21.40179431505479,12.8872,0.32300000000000001,0.90037812898580571,3410.8112779327703,3410.8112779327703
情景一阈值控制,61.403927737240458,4065.0898563148562,69.392663747912977,12522.811531410742,28.396333178905749,3314.3096153475603,1205.6553951375245,2206.4422105449667,0,19.38921927537552,21.40179431505479,12.8872,0.32300000000000001,0.89957164499906017,3412.0976056824911,3412.0976056824911
情景一阈值控制,61.4511155487656,4061.4537759584891,69.295233208441289,12525.164232643527,28.338208727200804,3315.7485494623197,1206.5242428041902,2206.856742001884,0,19.38921927537552,21.40179431505479,12.8872,0.32300000000000001,0.89876700970115997,3413.3809848060741,3413.3809848060741
情景一阈值控制,61.498303360290741,4057.8260666379638,69.197164499273086,12527.511517454115,28.280098286140522,3317.1851531224838,1207.3910901974168,2207.2703191185933,0,19.38921927537552,21.40179431505479,12.8872,0.32300000000000001,0.89796422684607169,3414.6614093160101,3414.6614093160101
情景一阈值控制,61.545491171815883,4054.2067449883839,69.098462504022947,12529.853375078879,28.221999743491768,3318.6194176852,1208.255933342218,2207.6829399986091,0,19.38921927537552,21.40179431505479,12.8872,0.32300000000000001,0.89716330011500933,3415.9388733408268,3415.9388733408268
情景一阈值控制,61.592678983341031,4050.5958273172523,68.999132116463215,12532.189794966156,28.163911058962004,3320.0513345411441,1209.1187683418875,2208.094602782794,0,19.38921927537552,21.40179431505479,12.8872,0.32300000000000001,0.89636423311669178,3417.2133711246815,3417.2133711246815
情景一阈值控制,61.639866794866172,4046.9933296056547,68.899178240103922,12534.520766775491,28.10583026287749,3321.4808951158475,1209.9795913777175,2208.5053056492238,0,19.38921927537552,21.40179431505479,12.8872,0.32300000000000001,0.89556702938760502,3418.4848970269413,3418.4848970269413
情景一阈值控制,61.687054606391314,4043.3992675094532,68.798605787774108,12536.846280376873,28.047755454881273,3322.9080908709966,1210.8383987087127,2208.915046813052,0,19.38921927537552,21.40179431505479,12.8872,0.32300000000000001,0.89477169239226495,3419.7534455217647,3419.7534455217647
情景一阈值控制,61.734242417916455,4039.8136563604958,68.697419681205375,12539.166325849921,27.98968480265059,3324.3329133057036,1211.6951866713018,2209.3238245263701,0,19.38921927537552,21.40179431505479,12.8872,0.32300000000000001,0.89397822552348627,3421.0190111976717,3421.0190111976717
情景一阈值控制,61.781430229441597,4036.2365111678505,68.5956248506169,12541.480893483127,27.931616540633261,3325.7553539577484,1212.5499516790421,2209.7316370780686,0,19.38921927537552,21.40179431505479,12.8872,0.32300000000000001,0.89318663210265448,3422.2815887571105,3422.2815887571105
情景一阈值控制,61.828618040966745,4032.6678466190456,68.493226234302668,12543.789973773026,27.873548968804215,3327.1754044048002,1213.4026902223229,2210.1384827936963,0,19.38921927537552,21.40179431505479,12.8872,0.32300000000000001,0.89239691538000165,3423.5411730160195,3423.5411730160195
情景一阈值控制,61.875805852491887,4029.1076770813365,68.390228778220447,12546.093557423377,27.815480451440152,3328.5930562656044,1214.2533988680648,2210.5443600353128,0,19.38921927537552,21.40179431505479,12.8872,0.32300000000000001,0.89160907853488558,3424.7977589033776,3424.7977589033776
情景一阈值控制,61.922993664017028,4025.5560166029754,68.28663743558279,12548.391635344353,27.757409415912402,3330.0083012011528,1215.1020742594128,2210.9492672013475,0,19.38921927537552,21.40179431505479,12.8872,0.32300000000000001,0.89082312467607128,3426.0513414607603,3426.0513414607603
情景一阈值控制,61.970181475542169,4022.0128789145065,68.182457166450121,12550.684198651705,27.699334351498312,3331.4211309158181,1215.9487131154299,2211.3532027264487,0,19.38921927537552,21.40179431505479,12.8872,0.32300000000000001,0.89003905684201767,3427.3019158418783,3427.3019158418783
情景一阈值控制,62,4019.7783297185947,68.116323036971949,12552.130048614492,27.662633310149687,3332.312665319771,1216.4826624962564,2211.6079525787486,0,19.38921927537552,21.40179431505479,12.8872,0.32300000000000001,0.88954456910200508,3428.0906150750052,3428.0906150750052
情景一阈值控制,62.017369287067311,4018.4782774300761,68.077692937325793,12552.971238665896,27.64125380821061,3332.8315371584708,1216.7933122307829,2211.7561650813363,0,19.38921927537552,21.40179431505479,12.8872,0.32300000000000001,0.88925687800116726,3428.5494773121191,3428.5494773121191
情景一阈值控制,62.064557098592452,4014.9522252487468,67.972349720753357,12555.252746911263,27.583166395644529,3334.2395117235701,1217.6358684754282,2212.1581527726516,0,19.38921927537552,21.40179431505479,12.8872,0.32300000000000001,0.8884765910522372,3429.7940212480798,3429.7940212480798
情景一阈值控制,62.111744910117594,4011.4347351558422,67.866432494915827,12557.528715115153,27.525070781842206,3335.6450464522236,1218.4763787942907,2212.5591643428029,0,19.38921927537552,21.40179431505479,12.8872,0.32300000000000001,0.88769819882451628,3431.0355431370936,3431.0355431370936
情景一阈值控制,62.158932721642742,4007.9258196242895,67.75994624323728,12559.799135207044,27.466965692173925,3337.0481332332342,1219.3148402069428,2212.9591983698142,0,19.38921927537552,21.40179431505479,12.8872,0.32300000000000001,0.88692170407816318,3432.274038576757,3432.274038576757
情景一阈值控制,62.206120533167883,4004.4254908159905,67.652895953986643,12562.063999317654,27.40884990823648,3338.4487640041098,1220.1512498072773,2213.3582534671677,0,19.38921927537552,21.40179431505479,12.8872,0.32300000000000001,0.88614710950450892,3433.5095032744448,3433.5095032744448
情景一阈值控制,62.253308344693025,4000.9337605831934,67.545286619883569,12564.323299778071,27.350722266768962,3339.8469307520613,1220.985604763179,2213.7563282836463,0,19.38921927537552,21.40179431505479,12.8872,0.32300000000000001,0.88537441772636005,3434.7419330468256,3434.7419330468256
情景一阈值控制,62.300496156218166,3997.4506404698882,67.4371232377068,12566.577029118833,27.292581658583874,3341.2426255149676,1221.8179023161915,2214.1534215031784,0,19.38921927537552,21.40179431505479,12.8872,0.32300000000000001,0.8846036312983091,3435.9713238193699,3435.9713238193699
情景一阈值控制,62.347683967743308,3993.976141713209,67.328410807904817,12568.825180069025,27.234427027514819,3342.6358403823242,1222.6481397811824,2214.5495318446733,0,19.38921927537552,21.40179431505479,12.8872,0.32300000000000001,0.88383475270704304,3437.1976716258559,3437.1976716258559
情景一阈值控制,62.394871779268456,3990.510275244852,67.219154334208753,12571.06774555537,27.176257369380235,3344.0265674961661,1223.476314546004,2214.9446580618628,0,19.38921927537552,21.40179431505479,12.8872,0.32300000000000001,0.88306778437165834,3438.420972607867,3438.420972607867
情景一阈值控制,62.442059590793598,3987.0530516925023,67.109358823247845,12573.304718701296,27.118071730962885,3345.4147990519677,1224.3024240711525,2215.3387989431376,0,19.38921927537552,21.40179431505479,12.8872,0.32300000000000001,0.88230272864397619,3439.6412230142901,3439.6412230142901
情景一阈值控制,62.489247402318739,3983.6044813812814,66.999029284167122,12575.536092826005,27.059869209004795,3346.8005272995206,1225.1264658894227,2215.7319533113814,0,19.38921927537552,21.40179431505479,12.8872,0.32300000000000001,0.88153958780886266,3440.8584192008038,3440.8584192008038
情景一阈值控制,62.53643521384388,3980.1645743351933,66.888170728247758,12577.761861443529,27.001648949217277,3348.1837445437923,1225.9484376055611,2216.1241200238078,0,19.38921927537552,21.40179431505479,12.8872,0.32300000000000001,0.8807783640845489,3442.0725576293689,3442.0725576293689
情景一阈值控制,62.583623025369022,3976.7333402785953,66.77678816852972,12579.982018261788,26.943410145305716,3349.5644431457599,1226.768336895916,2216.5152979717914,0,19.38921927537552,21.40179431505479,12.8872,0.32300000000000001,0.88001905962295746,3443.2836348677074,3443.2836348677074
情景一阈值控制,62.630810836894163,3973.3107886376724,66.664886619437169,12582.196557181634,26.885152038010123,3350.942615523224,1227.5861615080844,2216.9054860806987,0,19.38921927537552,21.40179431505479,12.8872,0.32300000000000001,0.87926167651002662,3444.4916475887831,3444.4916475887831
情景一阈值控制,62.677998648419305,3969.8969285419244,66.552471096406094,12584.405472295888,26.826873914159616,3352.3182541515998,1228.4019092605558,2217.2946833097217,0,19.38921927537552,21.40179431505479,12.8872,0.32300000000000001,0.87850621676604135,3445.6965925702775,3445.6965925702775
情景一阈值控制,62.725186459944453,3966.4917688256678,66.439546615514857,12586.608757888362,26.76857510574127,3353.6913515646916,1229.2155780423564,2217.6828886517033,0,19.38921927537552,21.40179431505479,12.8872,0.32300000000000001,0.87775268234596482,3446.8984666940596,3446.8984666940596
情景一阈值控制,62.772374271469594,3963.095318029541,66.326118193117139,12588.806408432898,26.710254988983319,3355.0619003554407,1230.0271658126849,2218.0701011329675,0,19.38921927537552,21.40179431505479,12.8872,0.32300000000000001,0.8770010751397711,3448.0972669456523,3448.0972669456523
情景一阈值控制,62.819562082994736,3959.7075844020251,66.212190845477537,12590.998418592366,26.651912983452338,3356.4298931766584,1230.8366706005529,2218.4563198131468,0,19.38921927537552,21.40179431505479,12.8872,0.32300000000000001,0.87625139697278343,3449.2929904137,3449.2929904137
情景一阈值控制,62.866749894519877,3956.3285759009746,66.097769588409918,12593.184783217692,26.593548551164346,3357.7953227417365,1231.6440905044171,2218.8415437850053,0,19.38921927537552,21.40179431505479,12.8872,0.32300000000000001,0.87550364960601013,3450.4856342894227,3450.4856342894227
情景一阈值控制,62.913937706045019,3952.9583001951551,65.982859436918361,12595.365497346858,26.535161195709332,3359.1581818253389,1232.4494236918133,2219.2257721742653,0,19.38921927537552,21.40179431505479,12.8872,0.32300000000000001,0.87475783473648772,3451.6751958660789,3451.6751958660789
情景一阈值控制,62.961125517570167,3949.5967646657914,65.867465404840829,12597.540556203885,26.476750461388924,3360.5184632640726,1233.2526683989845,2219.60900413943,0,19.38921927537552,21.40179431505479,12.8872,0.32300000000000001,0.87401395399762172,3452.8616725384145,3452.8616725384145
情景一阈值控制,63,3946.8340199615241,65.772040982803546,12599.32817150238,26.428612399703383,3361.6371551535685,1233.9128310066926,2219.9239709374942,0,19.38921927537552,21.40179431505479,12.8872,0.32300000000000001,0.87340258084569267,3453.8368019441868,3453.8368019441868
情景一阈值控制,63.008313329095309,3946.2439764081291,65.751592504495747,12599.709955197846,26.418315932367516,3361.8761599571399,1234.05382293051,2219.9912388716052,0,19.38921927537552,21.40179431505479,12.8872,0.32300000000000001,0.87327200895953261,3454.045061802115,3454.045061802115
情景一阈值控制,63.05550114062045,3942.8999422329975,65.635245746331009,12601.87368992184,26.359857231836845,3363.2312648669727,1234.8528856589301,2220.3724755943226,0,19.38921927537552,21.40179431505479,12.8872,0.32300000000000001,0.87253200112940243,3455.2253612532527,3455.2253612532527
情景一阈值控制,63.102688952145591,3939.5646686683876,65.518430138576079,12604.031756151975,26.301374021192647,3364.583771019848,1235.64985502437,2220.7527135633582,0,19.38921927537552,21.40179431505479,12.8872,0.32300000000000001,0.87179393195182275,3456.4025685877282,3456.4025685877282
情景一阈值控制,63.149876763670733,3936.2381619610342,65.401150686896742,12606.18414984634,26.242865999224271,3365.9336715064819,1236.444729534162,2221.1319520665525,0,19.38921927537552,21.40179431505479,12.8872,0.32300000000000001,0.87105780280914558,3457.5766816007144,3457.5766816007144
情景一阈值控制,63.197064575195874,3932.9204280780104,65.283412394052746,12608.330867143985,26.184332901316751,3367.2809594826126,1237.2375077624636,2221.5101904236299,0,19.38921927537552,21.40179431505479,12.8872,0.32300000000000001,0.87032361502183642,3458.7476981860937,3458.7476981860937
情景一阈值控制,63.244252386721016,3929.6114727083282,65.165220259558239,12610.471904363871,26.125774498665283,3368.6256281695546,1238.0281883498756,2221.8874279860142,0,19.38921927537552,21.40179431505479,12.8872,0.32300000000000001,0.86959136984882768,3459.9156163358898,3459.9156163358898
情景一阈值控制,63.291440198246164,3926.3113012645422,65.046579279345181,12612.607258003844,26.067190597501728,3369.9676708547468,1238.8167700030583,2222.2636641366466,0,19.38921927537552,21.40179431505479,12.8872,0.32300000000000001,0.86886106848787403,3461.0804341397052,3461.0804341397052
情景一阈值控制,63.338628009771305,3923.0199188843717,64.927494445429488,12614.736924739571,26.008581038332977,3371.307080892273,1239.6032514943456,2222.6388982898011,0,19.38921927537552,21.40179431505479,12.8872,0.32300000000000001,0.86813271207591136,3462.2421497841469,3462.2421497841469
情景一阈值控制,63.385815821296447,3919.7373304323173,64.807970745580249,12616.860901423515,25.949945695190788,3372.6438517033739,1240.387631661356,2223.0131298909009,0,19.38921927537552,21.40179431505479,12.8872,0.32300000000000001,0.8674063016894149,3463.4007615522569,3463.4007615522569
情景一阈值控制,63.433003632821588,3916.463540501295,64.688013162991737,12618.979185083861,25.89128447489405,3373.9779767769373,1241.1699094066048,2223.3863584163296,0,19.38921927537552,21.40179431505479,12.8872,0.32300000000000001,0.8666818383447592,3464.5562678229344,3464.5562678229344
情景一阈值控制,63.48019144434673,3913.1985534142673,64.567626675958465,12621.091772923461,25.832597316321898,3375.3094496699687,1241.9500836971124,2223.7585833732483,0,19.38921927537552,21.40179431505479,12.8872,0.32300000000000001,0.86595932299858158,3465.7086670703607,3465.7086670703607
情景一阈值控制,63.527379255871878,3909.942373225892,64.446816257553152,12623.19866231878,25.773884189698105,3376.6382640080546,1242.7281535640116,2224.1298042994058,0,19.38921927537552,21.40179431505479,12.8872,0.32300000000000001,0.86523875654814519,3466.8579578634171,3466.8579578634171
情景一阈值控制,63.57456706739702,3906.6950037241681,64.325586875307778,12625.299850818819,25.715145095886733,3377.9644134857972,1243.5041181021531,2224.50002076295,0,19.38921927537552,21.40179431505479,12.8872,0.32300000000000001,0.86452013983170339,3468.0041388651034,3468.0041388651034
情景一阈值控制,63.621754878922161,3903.4564484320895,64.203943490897345,12627.395336144045,25.656380065698713,3379.2878918672468,1244.2779764697116,2224.8692323622431,0,19.38921927537552,21.40179431505479,12.8872,0.32300000000000001,0.86380347362886656,3469.1472088319547,3469.1472088319547
情景一阈值控制,63.668942690447302,3900.2267106093091,64.081891059827015,12629.485116185324,25.597589159209377,3380.6086929863077,1245.0497278877876,2225.2374387256677,0,19.38921927537552,21.40179431505479,12.8872,0.32300000000000001,0.86308875866096979,3470.2871666134552,3470.2871666134552
情景一阈值控制,63.716130501972444,3897.0057932538011,63.959434531122014,12631.569189002837,25.538772465086481,3381.9268107471303,1245.8193716400099,2225.6046395114399,0,19.38921927537552,21.40179431505479,12.8872,0.32300000000000001,0.86237599559144018,3471.42401115145,3471.42401115145
情景一阈值控制,63.763318313497585,3893.7936991035358,63.836578847020697,12633.647552825001,25.479930099928545,3383.2422391244922,1246.5869070721355,2225.9708344074174,0,19.38921927537552,21.40179431505479,12.8872,0.32300000000000001,0.86166518502616885,3472.557741479553,3472.557741479553
情景一阈值控制,63.810506125022727,3890.5904306381549,63.713328942670586,12635.720206047376,25.421062207613801,3384.5549721641628,1247.3523335916502,2226.336023130908,0,19.38921927537552,21.40179431505479,12.8872,0.32300000000000001,0.8609563275138804,3473.6883567225582,3473.6883567225582
情景一阈值控制,63.857693936547875,3887.3959900806526,63.589689745827528,12637.787147231591,25.362168958659648,3385.8650039832464,1248.1156506673656,2226.7002054284799,0,19.38921927537552,21.40179431505479,12.8872,0.32300000000000001,0.86024942354650558,3474.8158560958454,3474.8158560958454
情景一阈值控制,63.904881748073016,3884.2103793990623,63.465666176557988,12639.848375104244,25.303250549591613,3387.1723287705217,1248.8768578290164,2227.0633810757668,0,19.38921927537552,21.40179431505479,12.8872,0.32300000000000001,0.85954447355955443,3475.9402389047832,3475.9402389047832
情景一阈值控制,63.952069559598158,3881.0336003081457,63.341263146944186,12641.903888555807,25.244307202322442,3388.476940786757,1249.6359546668575,2227.4255498772773,0,19.38921927537552,21.40179431505479,12.8872,0.32300000000000001,0.85884147793248977,3477.0615045441346,3477.0615045441346
情景一阈值控制,63.999257371123299,3877.8656542710892,63.216485560792641,12643.953686639539,25.185339163541087,3389.7788343650141,1250.3929408312583,2227.7867116662014,0,19.38921927537552,21.40179431505479,12.8872,0.32300000000000001,0.85814043698910281,3478.1796524974598,3478.1796524974598
情景一阈值控制,64,3877.8158686092761,63.214518877838209,12643.985900115713,25.184410944739817,3389.7993014524104,1250.404837200937,2227.7923874821631,0,19.38921927537552,21.40179431505479,12.8872,0.32300000000000001,0.85812941982311697,3478.1972246831001,3478.1972246831001
情景一阈值控制,64.046445182648441,3874.7065425011997,63.091338313345574,12645.997768570376,25.12634670411132,3391.0780039109436,1251.1478160322968,2228.1468663042151,0,19.38921927537552,21.40179431505479,12.8872,0.32300000000000001,0.85744135099788887,3479.2946823365119,3479.2946823365119
情景一阈值控制,64.093632994173589,3871.5562659636089,62.965826290995565,12648.036133723837,25.067330118479887,3392.3744439030556,1251.9005800393529,2228.5060136812895,0,19.38921927537552,21.40179431505479,12.8872,0.32300000000000001,0.8567442201724238,3480.4065937206424,3480.4065937206424
情景一阈值控制,64.140820805698723,3868.414825376979,62.839954371003358,12650.068781634916,25.008289724093931,3393.6681488929853,1252.6512326807012,2228.8641537154922,0,19.38921927537552,21.40179431505479,12.8872,0.32300000000000001,0.8560490446717417,3481.5153863961932,3481.5153863961932
情景一阈值控制,64.188008617223872,3865.2822212152078,62.713727421218515,12652.095711996981,24.949225860827447,3394.959113505744,1253.3997738431033,2229.221286352798,0,19.38921927537552,21.40179431505479,12.8872,0.32300000000000001,0.85535582460071236,3482.621060195901,3482.621060195901
情景一阈值控制,64.23519642874902,3862.1584537091471,62.587150299803703,12654.116924660657,24.890138890417589,3396.2473324399512,1254.1462034713963,2229.5774115668878,0,19.38921927537552,21.40179431505479,12.8872,0.32300000000000001,0.85466456001042124,3483.7236150382842,3483.7236150382842
情景一阈值控制,64.282384240274155,3859.043522848312,62.460227854961687,12656.132419632733,24.831029195909412,3397.53280046806,1254.8905215680859,2229.9325293589568,0,19.38921927537552,21.40179431505479,12.8872,0.32300000000000001,0.85397525089854853,3484.8230509270425,3484.8230509270425
情景一阈值控制,64.329572051799303,3855.9374283825987,62.332964924665539,12658.142197075038,24.771897181109459,3398.8155124365658,1255.6327281929348,2230.2866397575181,0,19.38921927537552,21.40179431505479,12.8872,0.32300000000000001,0.85328789720974774,3485.9193679504529,3485.9193679504529
情景一阈值控制,64.376759863324438,3852.8401698240077,62.20536633639238,12660.146257303324,24.712743270048396,3400.0954632662051,1256.3728234625507,2230.6397428182063,0,19.38921927537552,21.40179431505479,12.8872,0.32300000000000001,0.85260249883602901,3487.0125662807568,3487.0125662807568
情景一阈值控制,64.423947674849586,3849.7517464483626,62.077436906859639,12662.144600786167,24.653567906452025,3401.372647952136,1257.1108075499778,2230.9918386235818,0,19.38921927537552,21.40179431505479,12.8872,0.32300000000000001,0.85191905561713754,3488.1026461735596,3488.1026461735596
情景一阈值控制,64.47113548637472,3846.6721572970364,61.949181441765205,12664.13722814384,24.594371553221148,3402.6470615641147,1257.8466806842812,2231.3429272829317,0,19.38921927537552,21.40179431505479,12.8872,0.32300000000000001,0.85123756734093714,3489.1896079672129,3489.1896079672129
情景一阈值控制,64.518323297899869,3843.6014011786738,61.820604735530019,12666.1241401472,24.535154691919395,3403.918699246653,1258.5804431501372,2231.6930089320772,0,19.38921927537552,21.40179431505479,12.8872,0.32300000000000001,0.85055803374379046,3490.2734520822141,3490.2734520822141
情景一阈值控制,64.565511109425017,3840.5394766709246,61.691711571044515,12668.105337716572,24.47591782226954,3405.1875562191663,1259.312095287419,2232.0420837331735,0,19.38921927537552,21.40179431505479,12.8872,0.32300000000000001,0.84988045451094263,3491.3541790205927,3491.3541790205927
情景一阈值控制,64.612698920950152,3837.4863821221666,61.562506719417748,12670.080821920625,24.416661461657917,3406.4536277761104,1260.0416374907843,2232.3901518745133,0,19.38921927537552,21.40179431505479,12.8872,0.32300000000000001,0.84920482927690344,3492.4317893652978,3492.4317893652978
情景一阈值控制,64.6598867324753,3834.4421156532376,61.432994939729817,12672.050593975257,24.357386144647119,3407.7169092871045,1260.7690702092625,2232.7372135703304,0,19.38921927537552,21.40179431505479,12.8872,0.32300000000000001,0.84853115762582876,3493.5062837795931,3493.5062837795931
情景一阈值控制,64.707074544000434,3831.4066751591718,61.303180978787722,12674.014655242476,24.298092422496385,3408.9773961970454,1261.4943939458387,2233.0832690606026,0,19.38921927537552,21.40179431505479,12.8872,0.32300000000000001,0.8478594390919072,3494.5776630064411,3494.5776630064411
情景一阈值控制,64.754262355525583,3828.3800583109214,61.173069570883918,12675.973007229273,24.238780862689751,3410.2350840262097,1262.2176092570428,2233.4283186108519,0,19.38921927537552,21.40179431505479,12.8872,0.32300000000000001,0.84718967315973881,3495.6459278678949,3495.6459278678949
情景一阈值控制,64.801450167050717,3825.3622625570993,61.042665437558639,12677.925651586505,24.179452048472168,3411.4899683703411,1262.9387167525333,2233.7723625119502,0,19.38921927537552,21.40179431505479,12.8872,0.32300000000000001,0.84652185926472256,3496.7110792644835,3496.7110792644835
情景一阈值控制,64.848637978575866,3822.3532851257064,60.911973287364759,12679.87259010778,24.120106578393074,3412.7420449007327,1263.6577170946839,2234.1154010799187,0,19.38921927537552,21.40179431505479,12.8872,0.32300000000000001,0.84585599679343715,3497.7731181746026,3497.7731181746026
情景一阈值控制,64.895825790101014,3819.3531230258682,60.780997815636461,12681.813824728319,24.060745065857631,3413.9913093642958,1264.3746109981694,2234.4574346557324,0,19.38921927537552,21.40179431505479,12.8872,0.32300000000000001,0.8451920850840261,3498.8320456539018,3498.8320456539018
情景一阈值控制,64.943013601626149,3816.3617730495662,60.649743704260629,12683.749357523848,24.001368138685152,3415.2377575836153,1265.0893992295512,2234.7984636051215,0,19.38921927537552,21.40179431505479,12.8872,0.32300000000000001,0.84453012342658096,3499.8878628346729,3499.8878628346729
情景一阈值控制,64.990201413151297,3813.3792317733728,60.518215621451461,12685.679190709478,23.941976438674683,3416.4813854569998,1265.8020826068637,2235.1384883183737,0,19.38921927537552,21.40179431505479,12.8872,0.32300000000000001,0.84387011106352461,3500.9405709252374,3500.9405709252374
情景一阈值控制,65,3812.7610088347515,60.49086978757866,12686.079207685803,23.929641912545716,3416.7392717792973,1265.9498080433382,2235.2089688441952,0,19.38921927537552,21.40179431505479,12.8872,0.32300000000000001,0.84373330330637064,3501.1587768875333,3501.1587768875333
情景一阈值控制,65.037389224676446,3810.4054955601841,60.386418221528615,12687.603326638568,23.882570621178449,3417.7221889585176,1266.5126619991986,2235.4775092101377,0,19.38921927537552,21.40179431505479,12.8872,0.32300000000000001,0.84321204718999521,3501.990171209336,3501.990171209336
情景一阈值控制,65.08457703620158,3807.4405605609531,60.254356144698122,12689.52176780162,23.823151354681805,3418.9601641380245,1267.2211383262925,2235.8155267192237,0,19.38921927537552,21.40179431505479,12.8872,0.32300000000000001,0.84255593095422976,3503.0366650455162,3503.0366650455162
情景一阈值控制,65.131764847726728,3804.4844227164208,60.122034016836523,12691.434516825146,23.763719320390287,3420.1953071211815,1267.9275125581121,2236.1525413084078,0,19.38921927537552,21.40179431505479,12.8872,0.32300000000000001,0.84190176145794704,3504.0800538665198,3504.0800538665198
情景一阈值控制,65.178952659251863,3801.5370777588514,59.989456449278556,12693.341576470562,23.704275211823745,3421.4276141094606,1268.6317857144409,2236.488553464234,0,19.38921927537552,21.40179431505479,12.8872,0.32300000000000001,0.84124953775673117,3505.1203391786748,3505.1203391786748
情景一阈值控制,65.226140470777011,3798.5985212137571,59.856628038607326,12695.24294963305,23.644819734417116,3422.6570813801436,1269.3339588644649,2236.8235636968157,0,19.38921927537552,21.40179431505479,12.8872,0.32300000000000001,0.84059925886041431,3506.1575225612805,3506.1575225612805
情景一阈值控制,65.273328282302145,3795.6687484016334,59.723553366448407,12697.138639340455,23.585353605128152,3423.8837052863109,1270.0340331263596,2237.1575725396397,0,19.38921927537552,21.40179431505479,12.8872,0.32300000000000001,0.83995092373345981,3507.1916056659993,3507.1916056659993
情景一阈值控制,65.320516093827294,3792.7477544396838,59.590236999266345,12699.028648752155,23.525877552051476,3425.1074822568185,1270.7320096668782,2237.4905805493704,0,19.38921927537552,21.40179431505479,12.8872,0.32300000000000001,0.83930453129534388,3508.2225902162486,3508.2225902162486
情景一阈值控制,65.367703905352442,3789.8355342435484,59.456683488164934,12700.912981157953,23.466392314039297,3426.3284087962697,1271.4278897009367,2237.8225883056493,0,19.38921927537552,21.40179431505479,12.8872,0.32300000000000001,0.83866008042093898,3509.250478006586,3509.250478006586
情景一阈值控制,65.414891716877577,3786.932082529031,59.322897368690263,12702.791639976951,23.406898640328556,3427.5464814849747,1272.1216744912033,2238.1535964109021,0,19.38921927537552,21.40179431505479,12.8872,0.32300000000000001,0.83801756994089471,3510.2752709021051,3510.2752709021051
情景一阈值控制,65.462079528402725,3784.037393813815,59.188883160636834,12704.664628756445,23.347397290174591,3428.7616969789037,1272.8133653476871,2238.4836054901398,0,19.38921927537552,21.40179431505479,12.8872,0.32300000000000001,0.83737699864201875,3511.2969708378268,3511.2969708378268
情景一阈值控制,65.50926733992786,3781.1514624191973,59.054645367857276,12706.531951170802,23.287889032490881,3429.974052009627,1273.5029636273234,2238.8126161907644,0,19.38921927537552,21.40179431505479,12.8872,0.32300000000000001,0.83673836526765977,3512.3155798180878,3512.3155798180878
情景一阈值控制,65.556455151453008,3778.2742824717961,58.920188478074536,12708.393611020354,23.228374645494892,3431.1835433842552,1274.1904707335673,2239.1406291823696,0,19.38921927537552,21.40179431505479,12.8872,0.32300000000000001,0.83610166851808587,3513.3310999159366,3513.3310999159366
情景一阈值控制,65.603642962978142,3775.4058479052792,58.78551696269777,12710.24961223028,23.168854916360299,3432.3901679853579,1274.8758881159795,2239.4676451565483,0,19.38921927537552,21.40179431505479,12.8872,0.32300000000000001,0.83546690705086624,3514.3435332725276,3514.3435332725276
情景一阈值控制,65.650830774503291,3772.5461524620678,58.650635276640848,12712.099958849503,23.109330640874976,3433.5939227708873,1275.5592172698189,2239.7936648266964,0,19.38921927537552,21.40179431505479,12.8872,0.32300000000000001,0.83483407948124932,3515.3528820965153,3515.3528820965153
情景一阈值控制,65.698018586028439,3769.6951896950609,58.515547858144359,12713.944655049578,23.04980262310513,3434.7948047740856,1276.2404597356315,2240.1186889278151,0,19.38921927537552,21.40179431505479,12.8872,0.32300000000000001,0.83420318438254359,3516.3591486634468,3516.3591486634468
情景一阈值控制,65.745206397553574,3766.8529529693383,58.3802591286005,12715.783705123587,22.990271675065063,3435.9928111033851,1276.9196170988432,2240.4427182163195,0,19.38921927537552,21.40179431505479,12.8872,0.32300000000000001,0.83357422028649464,3517.3623353151625,3517.3623353151625
情景一阈值控制,65.792394209078722,3764.0194354638679,58.244773492380808,12717.617113485026,22.93073861639261,3437.1879389423066,1277.5966909893507,2240.765753469841,0,19.38921927537552,21.40179431505479,12.8872,0.32300000000000001,0.83294718568366288,3518.3624444591915,3518.3624444591915
情景一阈值控制,65.839582020603856,3761.194630173215,58.109095336667608,12719.444884666722,22.871204274030813,3438.3801855493389,1278.2716830811153,2241.0877954870343,0,19.38921927537552,21.40179431505479,12.8872,0.32300000000000001,0.83232207902380217,3519.3594785681498,3519.3594785681498
情景一阈值控制,65.886769832129005,3758.3785299092392,57.973229031287737,12721.26702331971,22.811669481914592,3439.5695482578253,1278.9445950917554,2241.4088450873842,0,19.38921927537552,21.40179431505479,12.8872,0.32300000000000001,0.83169889871623481,3520.3534401791394,3520.3534401791394
情景一阈值控制,65.933957643654153,3755.5711273027955,57.837178928549982,12723.083534212141,22.752135080663297,3440.7560244758251,1279.615428782141,2241.7289031110095,0,19.38921927537552,21.40179431505479,12.8872,0.32300000000000001,0.83107764313022847,3521.3443318931504,3521.3443318931504
情景一阈值控制,65.981145455179288,3752.7724148054281,57.700949363085151,12724.894422228197,22.692601917278548,3441.9396116859853,1280.2841859559881,2242.0479704184727,0,19.38921927537552,21.40179431505479,12.8872,0.32300000000000001,0.83045831059537079,3522.3321563744607,3522.3321563744607
情景一阈值控制,66,3751.6565784936815,57.646467736927626,12725.616416576213,22.66881515254018,3442.411722040611,1280.5508169654331,2242.1751813727574,0,19.38921927537552,21.40179431505479,12.8872,0.32300000000000001,0.83021138500651859,3522.7259983381905,3522.7259983381905
情景一阈值控制,66.028333266704436,3749.9823846910617,57.564544651689133,12726.699692366983,22.633070844847492,3443.1203074453929,1280.9508684594562,2242.3660478905854,0,19.38921927537552,21.40179431505479,12.8872,0.32300000000000001,0.82984089940194328,3523.3169163500415,3523.3169163500415
情景一阈值控制,66.075521078229571,3747.2010290576923,57.427969093169445,12728.499349741436,22.573542722251542,3444.2981093854251,1281.6154781807427,2242.6831364282152,0,19.38921927537552,21.40179431505479,12.8872,0.32300000000000001,0.82922540780129605,3524.2986146089579,3524.2986146089579
情景一阈值控制,66.122708889754719,3744.4283398290672,57.291226968194081,12730.293399577242,22.514018413880059,3445.4730152115922,1282.2780170496819,2242.9992369520965,0,19.38921927537552,21.40179431505479,12.8872,0.32300000000000001,0.82861183400621974,3525.2772540017786,3525.2772540017786
情景一阈值控制,66.169896701279868,3741.6643087563693,57.15432253914404,12732.081847211741,22.454498789349302,3446.6450227033729,1282.9384870373431,2243.3143504026348,0,19.38921927537552,21.40179431505479,12.8872,0.32300000000000001,0.82800017619131749,3526.2528374399781,3526.2528374399781
情景一阈值控制,66.217084512805002,3738.9089274198941,57.01726004996835,12733.864698092844,22.394984723226532,3447.8141297140419,1283.5968901556291,2243.6284777397195,0,19.38921927537552,21.40179431505479,12.8872,0.32300000000000001,0.82739043249337607,3527.2253678953484,3527.2253678953484
情景一阈值控制,66.26427232433015,3736.1621872307164,56.880043726042125,12735.641957777962,22.335477094759113,3448.9803341704965,1284.2532284568783,2243.9416199425309,0,19.38921927537552,21.40179431505479,12.8872,0.32300000000000001,0.82678260101173628,3528.1948483994092,3528.1948483994092
情景一阈值控制,66.311460135855285,3733.4240794323696,56.742677774027911,12737.413631932903,22.275976787608585,3450.143634073067,1284.9075040334637,2244.2537780093512,0,19.38921927537552,21.40179431505479,12.8872,0.32300000000000001,0.82617667980866183,3529.1612820428149,3529.1612820428149
情景一阈值控制,66.358647947380433,3730.6945951024973,56.605166381739409,12739.17972633082,22.216484689589372,3451.30402749533,1285.5597190173976,2244.564952957373,0,19.38921927537552,21.40179431505479,12.8872,0.32300000000000001,0.82557266690970754,3530.1246719747705,3530.1246719747705
情景一阈值控制,66.405835758905567,3727.9737251545243,56.46751371800876,12740.940246851118,22.157001692412717,3452.4615125839109,1286.2098755799325,2244.8751458225115,0,19.38921927537552,21.40179431505479,12.8872,0.32300000000000001,0.82497056030408744,3531.085021402444,3531.085021402444
情景一阈值控制,66.453023570430716,3725.2614603393031,56.329723932556071,12742.695199478399,22.097528691434974,3453.6160875582823,1286.8579759311685,2245.1843576592164,0,19.38921927537552,21.40179431505479,12.8872,0.32300000000000001,0.82437035794503954,3532.0423335903852,3532.0423335903852
情景一阈值控制,66.500211381955864,3722.5577912467729,56.191801155862422,12744.444590301377,22.038066585410906,3454.7677507105527,1287.5040223196561,2245.4925895402821,0,19.38921927537552,21.40179431505479,12.8872,0.32300000000000001,0.82377205775019335,3532.9966118599382,3532.9966118599382
情景一阈值控制,66.547399193480999,3719.862708307599,56.053749499045452,12746.188425511824,21.978616276251312,3455.9165004052556,1288.1480170320037,2245.7998425566607,0,19.38921927537552,21.40179431505479,12.8872,0.32300000000000001,0.82317565760193212,3533.9478595886644,3533.9478595886644
情景一阈值控制,66.594587005006147,3717.1762017948163,55.915573053737667,12747.92671140351,21.919178668785186,3457.0623350791275,1288.7899623924868,2246.1061178172749,0,19.38921927537552,21.40179431505479,12.8872,0.32300000000000001,0.82258115534775667,3534.8960802097617,3534.8960802097617
情景一阈值控制,66.641774816531282,3714.4982618254667,55.777275891968095,12749.659454371134,21.859754670526804,3458.2052532408807,1289.4298607626547,2246.4114164488324,0,19.38921927537552,21.40179431505479,12.8872,0.32300000000000001,0.8219885488006482,3535.8412772114871,3535.8412772114871
情景一阈值控制,66.68896262805643,3711.8288783622288,55.638862066046158,12751.386660909277,21.800345191446709,3459.3452534709768,1290.0677145409436,2246.7157395956378,0,19.38921927537552,21.40179431505479,12.8872,0.32300000000000001,0.82139783573942826,3536.7834541365814,3536.7834541365814
情景一阈值控制,66.736150439581564,3709.1680412150463,55.500335608448985,12753.108337611347,21.74095114374736,3460.4823344213855,1290.7035261622843,2247.0190884194089,0,19.38921927537552,21.40179431505479,12.8872,0.32300000000000001,0.82080901390911931,3537.7226145816931,3537.7226145816931
情景一阈值控制,66.783338251106713,3706.5157400427447,55.361700531710852,12754.824491168532,21.681573441642865,3461.616494815345,1291.3372980977183,2247.3214640990918,0,19.38921927537552,21.40179431505479,12.8872,0.32300000000000001,0.82022208102130278,3538.6587621968101,3538.6587621968101
情景一阈值控制,66.830526062631861,3703.8719643546501,55.222960828316133,12756.535128368751,21.622213001143248,3462.747733447115,1291.9690328540105,2247.6228678306757,0,19.38921927537552,21.40179431505479,12.8872,0.32300000000000001,0.81963703475447725,3539.5919006846862,3539.5919006846862
情景一阈值控制,66.877713874156996,3701.2367035122029,55.084120470594463,12758.240256095611,21.562870739842655,3463.8760491817243,1292.5987329732629,2247.9233008270103,0,19.38921927537552,21.40179431505479,12.8872,0.32300000000000001,0.81905387275441477,3540.5220338002732,3540.5220338002732
情景一阈值控制,66.924901685682144,3698.6099467305521,54.945183410618782,12759.939881327378,21.503547576711718,3465.0014409547148,1293.2264010325341,2248.2227643176229,0,19.38921927537552,21.40179431505479,12.8872,0.32300000000000001,0.81847259263451511,3541.4491653501573,3541.4491653501573
情景一阈值控制,66.972089497207278,3695.9916830801671,54.806153580106404,12761.634011135931,21.444244431894017,3466.1239077718774,1293.8520396434546,2248.5212595485345,0,19.38921927537552,21.40179431505479,12.8872,0.32300000000000001,0.81789319197616073,3542.3732991919892,3542.3732991919892
情景一阈值控制,67,3694.4470333739223,54.723878567710408,12762.633466294214,21.409177785030497,3466.7864439790992,1294.2211363524248,2248.6973573875262,0,19.38921927537552,21.40179431505479,12.8872,0.32300000000000001,0.81755137343676598,3542.9184937399509,3542.9184937399509
情景一阈值控制,67.019277308732427,3693.3819014884184,54.667034890322348,12763.32265268574,21.384962226506502,3467.2434487089886,1294.4756514518479,2248.818787782081,0,19.38921927537552,21.40179431505479,12.8872,0.32300000000000001,0.81731566832906821,3543.2944392339286,3543.2944392339286
情景一阈值控制,67.066465120257575,3690.7805907411771,54.527831231985779,12765.00581323283,21.325701882444054,3468.3600629115381,1295.0972391373498,2249.11535029673,0,19.38921927537552,21.40179431505479,12.8872,0.32300000000000001,0.81674001921164119,3544.2125894340797,3544.2125894340797
情景一阈值控制,67.11365293178271,3688.1877394843909,54.38854647517897,12766.683500123765,21.266464322187698,3469.4737495944519,1295.7168054130302,2249.4109483868992,0,19.38921927537552,21.40179431505479,12.8872,0.32300000000000001,0.81616624211131916,3545.1277537999295,3545.1277537999295
情景一阈值控制,67.160840743307858,3685.6033362256562,54.249184469258658,12768.355720794629,21.207250468616646,3470.5845080418148,1296.3343530250193,2249.7055833627819,0,19.38921927537552,21.40179431505479,12.8872,0.32300000000000001,0.81559433448492569,3546.0399363878014,3546.0399363878014
情景一阈值控制,67.208028554832993,3683.0273693357972,54.10974904277073,12770.022482769999,21.148061244824415,3471.6923376065834,1296.9498847521284,2249.9992565501616,0,19.38921927537552,21.40179431505479,12.8872,0.32300000000000001,0.81502429375901808,3546.9491413022897,3546.9491413022897
情景一阈值控制,67.255216366358141,3680.4598270504221,53.970244003366709,12771.683793661947,21.088897573938326,3472.7972377103015,1297.5634034054792,2250.2919692902392,0,19.38921927537552,21.40179431505479,12.8872,0.32300000000000001,0.81445611733023093,3547.8553726957184,3547.8553726957184
情景一阈值控制,67.30240417788329,3677.900697471483,53.830673137723586,12773.339661169022,21.029760378942989,3473.8992078428037,1298.1749118281307,2250.583722939451,0,19.38921927537552,21.40179431505479,12.8872,0.32300000000000001,0.81388980256562227,3548.7586347675815,3548.7586347675815
情景一阈值控制,67.349591989408424,3675.3499685688307,53.691040211465811,12774.990093075254,20.970650582507151,3474.9982475619186,1298.7844128947079,2250.8745188692951,0,19.38921927537552,21.40179431505479,12.8872,0.32300000000000001,0.81332534680301694,3549.6589317640028,3549.6589317640028
情景一阈值控制,67.396779800933572,3672.8076281817534,53.55134896908983,12776.635097249145,20.911569106814131,3476.0943564931717,1299.3919095110336,2251.1643584661538,0,19.38921927537552,21.40179431505479,12.8872,0.32300000000000001,0.81276274735134724,3550.5562679771874,3550.5562679771874
情景一阈值控制,67.443967612458707,3670.2736640205226,53.411603133891639,12778.274681642688,20.852516873396127,3477.1875343294782,1299.9974046137602,2251.4532431311177,0,19.38921927537552,21.40179431505479,12.8872,0.32300000000000001,0.81220200149099531,3551.4506477448776,3551.4506477448776
情景一阈值控制,67.491155423983855,3667.7480636679161,53.271806407896207,12779.908854290354,20.793494802971534,3478.2777808308369,1300.6009011700035,2251.7411742798126,0,19.38921927537552,21.40179431505479,12.8872,0.32300000000000001,0.81164310647412996,3552.3420754498161,3552.3420754498161
情景一阈值控制,67.538343235508989,3665.230814580756,53.131962471790132,12781.537623308128,20.734503815286025,3479.365095824015,1301.202402176978,2252.0281533422244,0,19.38921927537552,21.40179431505479,12.8872,0.32300000000000001,0.81108605952504675,3553.2305555192024,3553.2305555192024
情景一阈值控制,67.585531047034138,3662.7219040914151,52.992074984856096,12783.16099689251,20.675544828956724,3480.4494792022374,1301.8019106616352,2252.314181762526,0,19.38921927537552,21.40179431505479,12.8872,0.32300000000000001,0.81053085784050205,3554.1160924241613,3554.1160924241613
情景一阈值控制,67.632718858559286,3660.2213194093388,52.852147584910412,12784.778983319542,20.61661876131998,3481.5309309248632,1302.3994296802998,2252.5992609989053,0,19.38921927537552,21.40179431505479,12.8872,0.32300000000000001,0.80997749859004897,3554.9986906792051,3554.9986906792051
情景一阈值控制,67.679906670084421,3657.7290476225471,52.712183888242684,12786.391590943835,20.557726528282281,3482.6094510170674,1302.9949623183115,2252.8833925233926,0,19.38921927537552,21.40179431505479,12.8872,0.32300000000000001,0.80942597891637036,3555.8783548417041,3555.8783548417041
情景一阈值控制,67.727094481609569,3655.2450756991325,52.572187489557813,12787.998828197595,20.498869044174327,3483.6850395695151,1303.5885116896679,2253.1665778216911,0,19.38921927537552,21.40179431505479,12.8872,0.32300000000000001,0.80887629593561006,3556.7550895113591,3556.7550895113591
情景一阈值控制,67.774282293134704,3652.7693904887556,52.432161961920926,12789.60070358966,20.44004722160841,3484.7576967380282,1304.1800809366641,2253.4488183930052,0,19.38921927537552,21.40179431505479,12.8872,0.32300000000000001,0.80832844673770388,3557.6288993296694,3557.6288993296694
情景一阈值控制,67.821470104659852,3650.301978724126,52.292110856704049,12791.197225704542,20.381261971338819,3485.8274227432621,1304.7696732295428,2253.7301157498737,0,19.38921927537552,21.40179431505479,12.8872,0.32300000000000001,0.80778242838670733,3558.4997889794167,3558.4997889794167
情景一阈值控制,67.868657916184986,3647.8428270224863,52.152037703535804,12792.788403201464,20.32251420212555,3486.8942178703614,1305.3572917661368,2254.0104714179975,0,19.38921927537552,21.40179431505479,12.8872,0.32300000000000001,0.80723823792112404,3559.3677631841342,3559.3677631841342
情景一阈值控制,67.915845727710135,3645.3919218870756,52.011946010252835,12794.374244813413,20.263804820600754,3487.9580824686309,1305.9429397715203,2254.2898869360756,0,19.38921927537552,21.40179431505479,12.8872,0.32300000000000001,0.80669587235422935,3560.2328267075959,3560.2328267075959
情景一阈值控制,67.963033539235283,3642.949249708603,51.871839262854216,12795.95475934619,20.205134731138443,3489.019016951188,1306.5266204976567,2254.5683638556357,0,19.38921927537552,21.40179431505479,12.8872,0.32300000000000001,0.80615532867439688,3561.0949843532926,3561.0949843532926
情景一阈值控制,68,3641.0414268963641,51.762072764674883,12797.189203209466,20.159201200339833,3489.848095929131,1306.982498046106,2254.7858652561513,0,19.38921927537552,21.40179431505479,12.8872,0.32300000000000001,0.80573314285163911,3561.7683633022571,3561.7683633022571
情景一阈值控制,68.010221350760418,3640.514796766699,51.731720925457687,12797.529955677466,20.146504835727022,3490.0770217946247,1307.1083372230521,2254.8459037408684,0,19.38921927537552,21.40179431505479,12.8872,0.32300000000000001,0.80561660384541933,3561.9542409639207,3561.9542409639207
情景一阈值控制,68.057409162285566,3638.0885492313637,51.591594440258305,12799.09984275585,20.087916033844746,3491.1320975386584,1307.6880932524091,2255.1225081684643,0,19.38921927537552,21.40179431505479,12.8872,0.32300000000000001,0.80507969480682917,3562.8106014208734,3562.8106014208734
情景一阈值控制,68.104596973810715,3635.6704931644153,51.451463227489626,12800.664429599947,20.029369222338175,3492.1842447857853,1308.2658919162795,2255.3981787274452,0,19.38921927537552,21.40179431505479,12.8872,0.32300000000000001,0.80454459847421911,3563.6640706437247,3563.6640706437247
情景一阈值控制,68.151784785335849,3633.2606145209229,51.311330685386899,12802.223725297436,19.970865295303273,3493.2334642009273,1308.8417365707244,2255.6729170190047,0,19.38921927537552,21.40179431505479,12.8872,0.32300000000000001,0.80401131173955875,3564.5146535897293,3564.5146535897293
情景一阈值控制,68.198972596860997,3630.8588991506326,51.171200190152383,12803.777739004141,19.912405143969288,3494.27975651108,1309.4156305969709,2255.9467246563422,0,19.38921927537552,21.40179431505479,12.8872,0.32300000000000001,0.80347983147151136,3565.3623552533131,3565.3623552533131
情景一阈值控制,68.246160408386132,3628.4653327993938,51.031075095923384,12805.326479943116,19.853989656585696,3495.3231225049558,1309.9875774010734,2256.2196032645033,0,19.38921927537552,21.40179431505479,12.8872,0.32300000000000001,0.80295015451574769,3566.2071806655767,3566.2071806655767
情景一阈值控制,68.29334821991128,3626.0799011105655,50.89095873474183,12806.869957403727,19.79561971831145,3496.3635630326271,1310.5575804135751,2256.491554480217,0,19.38921927537552,21.40179431505479,12.8872,0.32300000000000001,0.80242227769525898,3567.0491348937921,3567.0491348937921
情景一阈值控制,68.340536031436415,3623.7025896264308,50.750854416526693,12808.408180740747,19.737296211107179,3497.4010790051639,1311.1256430891735,2256.7625799517359,0,19.38921927537552,21.40179431505479,12.8872,0.32300000000000001,0.80189619781066901,3567.8882230409095,3567.8882230409095
情景一阈值控制,68.387723842961563,3621.3333837895866,50.610765429047909,12809.941159373438,19.679020013629774,3498.435671394272,1311.6917689063841,2257.0326813386769,0,19.38921927537552,21.40179431505479,12.8872,0.32300000000000001,0.80137191164054167,3568.7244502450612,3568.7244502450612
情景一阈值控制,68.434911654486712,3618.9722689443433,50.470695037903027,12811.468902784671,19.62079200112985,3499.4673412319285,1312.2559613672101,2257.3018603118626,0,19.38921927537552,21.40179431505479,12.8872,0.32300000000000001,0.80084941594169057,3569.5578216790727,3569.5578216790727
情景一阈值控制,68.482099466011846,3616.6192303381022,50.330646486495631,12812.991420520009,19.562613045351544,3500.4960896100147,1312.8182239968098,2257.5701185531634,0,19.38921927537552,21.40179431505479,12.8872,0.32300000000000001,0.80032870744948492,3570.3883425499735,3570.3883425499735
情景一阈值控制,68.529287277536994,3614.2742531227341,50.190622996015769,12814.508722186842,19.504484014434823,3501.5219176799483,1313.3785603431695,2257.8374577553413,0,19.38921927537552,21.40179431505479,12.8872,0.32300000000000001,0.79980978287815296,3571.2160180985111,3571.2160180985111
情景一阈值控制,68.576475089062129,3611.9373223559483,50.050627765422924,12816.020817453473,19.446405772820402,3502.5448266523117,1313.9369739767751,2258.1038796218913,0,19.38921927537552,21.40179431505479,12.8872,0.32300000000000001,0.79929263892108626,3572.0408535986662,3572.0408535986662
情景一阈值控制,68.623662900587277,3609.6084230026499,49.910663971430424,12817.527716048256,19.388379181156914,3503.5648177964808,1314.4934684902885,2258.3693858668912,0,19.38921927537552,21.40179431505479,12.8872,0.32300000000000001,0.79877727225113937,3572.8628543571795,3572.8628543571795
情景一阈值控制,68.670850712112411,3607.2875399362997,49.77073476849246,12819.029427758724,19.330405096210754,3504.5818924402502,1315.0480474982226,2258.633978214842,0,19.38921927537552,21.40179431505479,12.8872,0.32300000000000001,0.79826367952093091,3573.6820257130648,3573.6820257130648
情景一阈值控制,68.71803852363756,3604.9746579402508,49.630843288792583,12820.525962430698,19.272484370777946,3505.5960519694568,1315.6007146366208,2258.8976584005181,0,19.38921927537552,21.40179431505479,12.8872,0.32300000000000001,0.79775185736313969,3574.4983730371387,3574.4983730371387
情景一阈值控制,68.765226335162708,3602.6697617090945,49.490992642234708,12822.017329967441,19.214617853598607,3506.6072978276056,1316.1514735627375,2259.1604281688128,0,19.38921927537552,21.40179431505479,12.8872,0.32300000000000001,0.79724180239080189,3575.3119017315503,3575.3119017315503
情景一阈值控制,68.812414146687843,3600.3728358499861,49.351185916435689,12823.503540328793,19.156806389273587,3507.6156315154867,1316.7003279547191,2259.4222892745884,0,19.38921927537552,21.40179431505479,12.8872,0.32300000000000001,0.79673351119760494,3576.1226172293073,3576.1226172293073
情景一阈值控制,68.859601958212991,3598.0838648839658,49.211426176719918,12824.984603530307,19.099050818183319,3508.6210545907993,1317.2472815112899,2259.6832434825242,0,19.38921927537552,21.40179431505479,12.8872,0.32300000000000001,0.79622698035817974,3576.9305249938143,3576.9305249938143
情景一阈值控制,68.906789769738126,3595.8028332472782,49.071716466116115,12826.460529642405,19.041351976409093,3509.6235686677651,1317.7923379514361,2259.9432925669662,0,19.38921927537552,21.40179431505479,12.8872,0.32300000000000001,0.79572220642839253,3577.7356305184021,3577.7356305184021
情景一阈值控制,68.953977581263274,3593.5297252926712,48.932059805355593,12827.931328789538,18.98371069565621,3510.6231754167516,1318.3355010140951,2260.20243831178,0,19.38921927537552,21.40179431505479,12.8872,0.32300000000000001,0.79521918594563257,3578.5379393258754,3578.5379393258754
情景一阈值控制,69,3591.3203736005976,48.795906196949808,12829.360874877675,18.92754921253885,3511.5952961122116,1318.8634294079604,2260.4543155218516,0,19.38921927537552,21.40179431505479,12.8872,0.32300000000000001,0.79473027421027886,3579.3177449298119,3579.3177449298119
情景一阈值控制,69.001165392788408,3591.2645252907037,48.792459192872833,12829.397011149336,18.926127803179554,3511.619876563881,1318.8767744578447,2260.460682510201,0,19.38921927537552,21.40179431505479,12.8872,0.32300000000000001,0.79471791542910108,3579.3374569680454,3579.3374569680454
情景一阈值控制,69.048353204313557,3589.0072174310289,48.652917604807527,12830.857586951774,18.868604121711151,3512.6136738906516,1319.4161620605937,2260.7180269646883,0,19.38921927537552,21.40179431505479,12.8872,0.32300000000000001,0.79421839138009576,3580.134189025282,3580.134189025282
情景一阈值控制,69.095541015838705,3586.7577858236823,48.513437995008843,12832.313066478349,18.811140469389922,3513.6045692335451,1319.9536676192774,2260.9744734867782,0,19.38921927537552,21.40179431505479,12.8872,0.32300000000000001,0.79372061028229535,3580.9281411060556,3580.9281411060556
情景一阈值控制,69.14272882736384,3584.5162145003528,48.374023295041226,12833.763460061245,18.753737659693368,3514.5925644836425,1320.4892949495504,2261.2300238969378,0,19.38921927537552,21.40179431505479,12.8872,0.32300000000000001,0.79322456860204127,3581.719318846488,3581.719318846488
情景一阈值控制,69.189916638888988,3582.2824874156527,48.234676414192016,12835.208778082522,18.696396501371272,3515.5776615862337,1321.0230478854862,2261.4846800244227,0,19.38921927537552,21.40179431505479,12.8872,0.32300000000000001,0.79273026278861847,3582.5077279099087,3582.5077279099087
情景一阈值控制,69.237104450414137,3580.0565884483763,48.095400239481066,12836.649030973304,18.639117798381594,3516.5598625404314,1321.5549302792747,2261.738443707131,0,19.38921927537552,21.40179431505479,12.8872,0.32300000000000001,0.79223768927453397,3583.2933739864056,3583.2933739864056
情景一阈值控制,69.284292261939271,3577.8385014027508,47.956197635671941,12838.084229212949,18.581902349828134,3517.5391693987749,1322.0849460009235,2261.9913167914629,0,19.38921927537552,21.40179431505479,12.8872,0.32300000000000001,0.79174684447579358,3584.0762627923864,3584.0762627923864
情景一阈值控制,69.331480073464419,3575.6282100096769,47.817071445284704,12839.514383328269,18.524750949900113,3518.5155842668423,1322.6130989379619,2262.2433011321773,0,19.38921927537552,21.40179431505479,12.8872,0.32300000000000001,0.79125772479217671,3584.856400070139,3584.856400070139
情景一阈值控制,69.378667884989554,3573.4256979279717,47.678024488610923,12840.93950389272,18.467664387813794,3519.4891093028587,1323.1393929951441,2262.4943985922509,0,19.38921927537552,21.40179431505479,12.8872,0.32300000000000001,0.79077032660751112,3585.6337915873951,3585.6337915873951
情景一阈值控制,69.425855696514702,3571.230948745585,47.539059563729644,12842.359601525604,18.410643447755835,3520.4597467173003,1323.6638320941574,2262.74461104274,0,19.38921927537552,21.40179431505479,12.8872,0.32300000000000001,0.79028464628994266,3586.4084431368974,3586.4084431368974
情景一阈值控制,69.473043508039837,3569.0439459808308,47.400179446525819,12843.774686891285,18.353688908828641,3521.427498772503,1324.1864201733292,2262.9939403626404,0,19.38921927537552,21.40179431505479,12.8872,0.32300000000000001,0.78980068019220662,3587.1803605359696,3587.1803605359696
情景一阈值控制,69.520231319564985,3566.8646730835871,47.261386890709645,12845.18477069841,18.296801544997312,3522.3923677822695,1324.7071611873396,2263.2423884387485,0,19.38921927537552,21.40179431505479,12.8872,0.32300000000000001,0.78931842465189417,3587.9495496260879,3587.9495496260879
情景一阈值控制,69.567419131090134,3564.6931134365077,47.122684627838176,12846.589863699121,18.239982125038576,3523.3543561114693,1325.2260591069321,2263.489957165526,0,19.38921927537552,21.40179431505479,12.8872,0.32300000000000001,0.78883787599172073,3588.7160162724581,3588.7160162724581
情景一阈值控制,69.614606942615268,3562.5292503562146,46.984075367338122,12847.989976688281,18.183231412491359,3524.3134661756494,1325.7431179186287,2263.7366484449622,0,19.38921927537552,21.40179431505479,12.8872,0.32300000000000001,0.78835903051978895,3589.4797663635909,3589.4797663635909
情景一阈值控制,69.661794754140416,3560.373067094481,46.845561796530248,12849.38512050272,18.126550165609064,3525.2697004406341,1326.258341624447,2263.9824641864379,0,19.38921927537552,21.40179431505479,12.8872,0.32300000000000001,0.78788188452985131,3590.2408058108849,3590.2408058108849
情景一阈值控制,69.708982565665551,3558.2245468394199,46.707146580655746,12850.775306020456,18.069939137313717,3526.2230614221294,1326.7717342416165,2264.2274063065943,0,19.38921927537552,21.40179431505479,12.8872,0.32300000000000001,0.78740643430157231,3590.9991405482106,3590.9991405482106
情景一阈值控制,69.756170377190699,3556.0836727166438,46.568832362903571,12852.160544159946,18.013399075151472,3527.1735516853296,1327.2832998023009,2264.4714767291953,0,19.38921927537552,21.40179431505479,12.8872,0.32300000000000001,0.78693267610078632,3591.7547765314962,3591.7547765314962
情景一阈值控制,69.803358188715833,3553.9504277904398,46.430621764439877,12853.54084587933,17.956930721250085,3528.1211738445149,1327.7930423533182,2264.7146773849986,0,19.38921927537552,21.40179431505479,12.8872,0.32300000000000001,0.78646060617975611,3592.5077197383171,3592.5077197383171
情景一阈值控制,69.850546000240982,3551.8247950649134,46.292517384438362,12854.916222175685,17.900534812277776,3529.0659305626591,1328.3009659558668,2264.9570102116204,0,19.38921927537552,21.40179431505479,12.8872,0.32300000000000001,0.7859902207774272,3593.257976167487,3593.257976167487
情景一阈值控制,69.89773381176613,3549.706757485144,46.154521800112747,12856.286684084285,17.844212079403825,3530.007824551029,1328.8070746852491,2265.1984771534085,0,19.38921927537552,21.40179431505479,12.8872,0.32300000000000001,0.78552151611968302,3594.0055518386575,3594.0055518386575
情景一阈值控制,69.944921623291265,3547.5962979383198,46.016637566750198,12857.652242677857,17.787963248260638,3530.9468585687873,1329.311372630601,2265.439080161309,0,19.38921927537552,21.40179431505479,12.8872,0.32300000000000001,0.78505448841959624,3594.75045279191,3594.75045279191
情景一阈值控制,69.992109434816413,3545.4933992548677,45.878867217746325,12859.012909065859,17.731789038907309,3531.8830354225961,1329.8138638946216,2265.6788211927396,0,19.38921927537552,21.40179431505479,12.8872,0.32300000000000001,0.7845891338776787,3595.4926850873612,3595.4926850873612
情景一阈值控制,70,3545.1424972293721,45.85584107865111,12859.239957851103,17.722403135378155,3532.0393007054699,1329.8977125382705,2265.7188257893404,0,19.38921927537552,21.40179431505479,12.8872,0.32300000000000001,0.78451148208559884,3595.6165383276111,3595.6165383276111
情景一阈值控制,70.039297246341548,3543.3980442095813,45.741213264641907,12860.368694393741,17.67569016579489,3532.8163579662164,1330.3145525933039,2265.9177022114613,0,19.38921927537552,21.40179431505479,12.8872,0.32300000000000001,0.78412544868213085,3596.232254804765,3596.232254804765
情景一阈值控制,70.086485057866696,3541.3102155227289,45.603678197160441,12861.719609842239,17.619667337732899,3533.7468291001132,1330.8134428556689,2266.1557251874492,0,19.38921927537552,21.40179431505479,12.8872,0.32300000000000001,0.78366342900908703,3596.9691680431179,3596.9691680431179
情景一阈值控制,70.133672869391845,3539.2298958611668,45.466264483247748,12863.065666626648,17.563721257857502,3534.6744517710549,1331.3105388235019,2266.3928920967701,0,19.38921927537552,21.40179431505479,12.8872,0.32300000000000001,0.78320307102286235,3597.7034309202718,3597.7034309202718
情景一阈值控制,70.180860680916979,3537.1570678394351,45.328974569112425,12864.40687599611,17.50785262360095,3535.5992289717165,1331.8058446510884,2266.629204921453,0,19.38921927537552,21.40179431505479,12.8872,0.32300000000000001,0.78274437087619453,3598.4350495725412,3598.4350495725412
情景一阈值控制,70.228048492442127,3535.0917140208444,45.191810879267706,12865.743249232919,17.452062126662504,3536.5211637402822,1332.2993645049551,2266.8646656493684,0,19.38921927537552,21.40179431505479,12.8872,0.32300000000000001,0.78228732471048479,3599.1640301543234,3599.1640301543234
情景一阈值控制,70.275236303967262,3533.0338169185675,45.054775816575066,12867.074797651807,17.396350452980883,3537.4402591600451,1332.791102563609,2267.0992762741034,0,19.38921927537552,21.40179431505479,12.8872,0.32300000000000001,0.78183192865603879,3599.8903788377124,3599.8903788377124
情景一阈值控制,70.32242411549241,3530.983358996707,44.91787176228847,12868.401532599259,17.340718282707776,3538.356518359014,1333.2810630172842,2267.3330387948372,0,19.38921927537552,21.40179431505479,12.8872,0.32300000000000001,0.78137817883230387,3600.6141018121216,3600.6141018121216
情景一阈值控制,70.369611927017559,3528.9403226713644,44.781101076100541,12869.723465452817,17.285166290182996,3539.2699445095122,1333.7692500676828,2267.5659552162238,0,19.38921927537552,21.40179431505479,12.8872,0.32300000000000001,0.78092607134810488,3601.3352052839064,3601.3352052839064
情景一阈值控制,70.416799738542693,3526.9046903116991,44.644466096189589,12871.040607620396,17.22969514391076,3540.180540827781,1334.2556679277245,2267.7980275482678,0,19.38921927537552,21.40179431505479,12.8872,0.32300000000000001,0.78047560230187885,3602.0536954759923,3602.0536954759923
情景一阈值控制,70.463987550067841,3524.8764442409774,44.507969139267864,12872.352970539609,17.174305506537305,3541.0883105735843,1334.7403208212957,2268.0292578062049,0,19.38921927537552,21.40179431505479,12.8872,0.32300000000000001,0.78002676778190694,3602.7695786275008,3602.7695786275008
情景一阈值控制,70.511175361592976,3522.8555667376177,44.371612500631478,12873.660565677084,17.118998034829893,3541.9932570498108,1335.2232129829986,2268.2596480103848,0,19.38921927537552,21.40179431505479,12.8872,0.32300000000000001,0.7795795638665457,3603.4828609933834,3603.4828609933834
情景一阈值控制,70.558363173118124,3520.8420400362238,44.235398454210859,12874.963404527805,17.063773379656816,3542.8953836020787,1335.704348657905,2268.4892001861526,0,19.38921927537552,21.40179431505479,12.8872,0.32300000000000001,0.77913398662445643,3604.1935488440577,3604.1935488440577
情景一阈值控制,70.605550984643259,3518.8358463286118,44.099329252623122,12876.261498614434,17.008632185968914,3543.7946936183389,1336.1837321013115,2268.7179163637306,0,19.38921927537552,21.40179431505479,12.8872,0.32300000000000001,0.77869003211483101,3604.9016484650419,3604.9016484650419
情景一阈值控制,70.652738796168407,3516.8369677648279,43.963407127224862,12877.55485948666,16.95357509278206,3544.6911905284805,1336.6613675784952,2268.9457985781032,0,19.38921927537552,21.40179431505479,12.8872,0.32300000000000001,0.7782476963876187,3605.6071661565984,3605.6071661565984
情景一阈值控制,70.699926607693556,3514.845386454163,43.827634288166792,12878.843498720551,16.898602733161038,3545.5848778039344,1337.1372593644721,2269.1728488689018,0,19.38921927537552,21.40179431505479,12.8872,0.32300000000000001,0.77780697548374955,3606.3101082333742,3606.3101082333742
情景一阈值控制,70.74711441921869,3512.8610844661512,43.692012924449045,12880.127427917889,16.843715734204423,3546.4757589572814,1337.6114117437571,2269.399069280289,0,19.38921927537552,21.40179431505479,12.8872,0.32300000000000001,0.77736786543535596,3607.0104810240464,3607.0104810240464
情景一阈值控制,70.794302230743838,3510.8840438315674,43.55654520397762,12881.406658705544,16.788914717030607,3547.3638375418559,1338.0838290101285,2269.6244618608471,0,19.38921927537552,21.40179431505479,12.8872,0.32300000000000001,0.7769303622659931,3607.7082908709754,3607.7082908709754
情景一阈值控制,70.841490042268973,3508.9142465434147,43.421233273622278,12882.681202734819,16.734200296765131,3548.2491171513548,1338.5545154663887,2269.8490286634647,0,19.38921927537552,21.40179431505479,12.8872,0.32300000000000001,0.77649446199085759,3608.4035441298533,3608.4035441298533
情景一阈值控制,70.888677853794121,3506.9516745579017,43.286079259274942,12883.951071680827,16.679573082528869,3549.1316014194422,1339.0234754241328,2270.0727717452246,0,19.38921927537552,21.40179431505479,12.8872,0.32300000000000001,0.77606016061700367,3609.0962471693574,3609.0962471693574
情景一阈值控制,70.935865665319255,3504.9963097954173,43.151085265909813,12885.21627724186,16.625033677427531,3550.0112940193594,1339.4907132035153,2270.2956931672934,0,19.38921927537552,21.40179431505479,12.8872,0.32300000000000001,0.77562745414355916,3609.7864063708084,3609.7864063708084
情景一阈值控制,70.983053476844404,3503.0481341414893,43.016253377643821,12886.476831138765,16.570582678541946,3550.8881986635347,1339.9562331330201,2270.517794994812,0,19.38921927537552,21.40179431505479,12.8872,0.32300000000000001,0.77519633856193715,3610.4740281278318,3610.4740281278318
情景一阈值控制,71,3502.3502383195532,42.967871261945874,12886.928399916047,16.551049421678414,3551.2024410807503,1340.122996542251,2270.5973586302348,0,19.38921927537552,21.40179431505479,12.8872,0.32300000000000001,0.77504189983739036,3610.7203551724861,3610.7203551724861
情景一阈值控制,71.030241288369552,3501.1071294477465,42.881585657798695,12887.732745114323,16.516220676919723,3551.7623191031885,1340.4200395492319,2270.7390792967858,0,19.38921927537552,21.40179431505479,12.8872,0.32300000000000001,0.77476680985604918,3611.1591188460179,3611.1591188460179
情景一阈值控制,71.077429099894687,3499.1732775328619,42.747084148963722,12888.984030932636,16.461948257567698,3552.633659127946,1340.8821367966104,2270.9595481459783,0,19.38921927537552,21.40179431505479,12.8872,0.32300000000000001,0.77433886400251417,3611.8416849425885,3611.8416849425885
情景一阈值控制,71.124616911419835,3497.2465601834938,42.612750873059333,12890.230700378526,16.407765999445395,3553.5022225654507,1341.3425292272648,2271.1792036188017,0,19.38921927537552,21.40179431505479,12.8872,0.32300000000000001,0.77391249697086617,3612.5217328460667,3612.5217328460667
情景一阈值控制,71.171804722944984,3495.3269591552207,42.47858783140218,12891.472765256922,16.353674475459623,3554.36801328097,1341.8012212007313,2271.3980477952118,0,19.38921927537552,21.40179431505479,12.8872,0.32300000000000001,0.7734877047237616,3613.1992689959434,3613.1992689959434
情景一阈值控制,71.218992534470118,3493.4144561734624,42.344597004770641,12892.710237392268,16.299674252459912,3555.2310351770129,1342.2582170837516,2271.6160827586027,0,19.38921927537552,21.40179431505479,12.8872,0.32300000000000001,0.77306448321718335,3613.874299842354,3613.874299842354
情景一阈值控制,71.266180345995267,3491.5090329343993,42.210780353471371,12893.943128627929,16.245765891234893,3556.0912921929407,1342.7135212500557,2271.8333105957022,0,19.38921927537552,21.40179431505479,12.8872,0.32300000000000001,0.77264282840064324,3614.5468318457579,3614.5468318457579
情景一阈值控制,71.313368157520401,3489.6106711058824,42.077139817407073,12895.171450825595,16.191949946509748,3556.9487883045813,1343.1671380801422,2272.0497333964668,0,19.38921927537552,21.40179431505479,12.8872,0.32300000000000001,0.77222273621738446,3615.216871476609,3615.216871476609
情景一阈值控制,71.360555969045549,3487.7193523283308,41.943677316144594,12896.395215864708,16.138226966944334,3557.8035275238462,1343.6190719610638,2272.2653532539821,0,19.38921927537552,21.40179431505479,12.8872,0.32300000000000001,0.7718042026045796,3615.8844252150457,3615.8844252150457
情景一阈值控制,71.407743780570684,3485.8350582156304,41.810394748984564,12897.614435641884,16.084597495132467,3558.655513898344,1344.0693272862147,2272.4801722643565,0,19.38921927537552,21.40179431505479,12.8872,0.32300000000000001,0.77138722349352984,3616.5494995505715,3616.5494995505715
情景一阈值控制,71.454931592095832,3483.957770356018,41.677293995031221,12898.829122070325,16.031062067601866,3559.5047515109991,1344.5179084551178,2272.6941925266251,0,19.38921927537552,21.40179431505479,12.8872,0.32300000000000001,0.77097179480986,3617.2121009817429,3617.2121009817429
情景一阈值控制,71.502119403620981,3482.0874703129593,41.544376913263584,12900.039287079268,15.977621214815134,3560.3512444796688,1344.9648198732139,2272.9074161426443,0,19.38921927537552,21.40179431505479,12.8872,0.32300000000000001,0.77055791247371375,3617.8722360158581,3617.8722360158581
情景一阈值控制,71.549307215146115,3480.2241396260224,41.411645342607287,12901.24494261341,15.92427546117146,3561.1949969567631,1345.410065951656,2273.119845216997,0,19.38921927537552,21.40179431505479,12.8872,0.32300000000000001,0.77014557239994608,3618.5299111686527,3618.5299111686527
情景一阈值控制,71.596495026671263,3478.3677598117365,41.279101102006905,12902.446100632358,15.871025325009128,3562.0360131288649,1345.8536511071004,2273.3314818568915,0,19.38921927537552,21.40179431505479,12.8872,0.32300000000000001,0.76973477049831374,3619.1851329639921,3619.1851329639921
情景一阈值控制,71.643682838196398,3476.5183123644529,41.14674599049976,12903.642773110065,15.817871318609031,3562.8742972163491,1346.2955797615039,2273.542328172065,0,19.38921927537552,21.40179431505479,12.8872,0.32300000000000001,0.76932550267366584,3619.8379079335691,3619.8379079335691
情景一阈值控制,71.690870649721546,3474.6757787571914,41.014581787289664,12904.834972034289,15.764813948198709,3563.7098534730076,1346.7358563419209,2273.7523862746866,0,19.38921927537552,21.40179431505479,12.8872,0.32300000000000001,0.76891776482613083,3620.4882426166077,3620.4882426166077
情景一阈值控制,71.738058461246681,3472.8401404424808,40.882610251822179,12906.022709406045,15.71185371395743,3564.5426861856708,1347.174485280301,2273.9616582792605,0,19.38921927537552,21.40179431505479,12.8872,0.32300000000000001,0.76851155285130268,3621.1361435595618,3621.1361435595618
情景一阈值控制,71.785246272771829,3471.0113788531917,40.750833123859991,12907.205997239069,15.658991110021747,3565.3727996738335,1347.6114710132922,2274.1701463025342,0,19.38921927537552,21.40179431505479,12.8872,0.32300000000000001,0.76810686264042527,3621.7816173158262,3621.7816173158262
情景一阈值控制,71.832434084296978,3469.1894754033651,40.619252123559505,12908.38484755928,15.606226624492116,3566.2001982892775,1348.0468179820409,2274.3778524633994,0,19.38921927537552,21.40179431505479,12.8872,0.32300000000000001,0.76770369008057548,3622.4246704454404,3622.4246704454404
情景一阈值控制,71.879621895822112,3467.3744114890296,40.487868951547817,12909.559272404254,15.553560739440039,3567.0248864157029,1348.4805306319988,2274.5847788828032,0,19.38921927537552,21.40179431505479,12.8872,0.32300000000000001,0.76730203105484429,3623.0653095148018,3623.0653095148018
情景一阈值控制,71.92680970734726,3465.5661684890106,40.35668528900036,12910.729283822697,15.500993930915914,3567.846868468353,1348.9126134127275,2274.7909276836531,0,19.38921927537552,21.40179431505479,12.8872,0.32300000000000001,0.76690188144251559,3623.7035410963808,3623.7035410963808
情景一阈值控制,71.973997518872395,3463.7647277657356,40.225702797719627,12911.89489387392,15.44852666895776,3568.6661488936434,1349.3430707777063,2274.9963009907256,0,19.38921927537552,21.40179431505479,12.8872,0.32300000000000001,0.76650323711924506,3624.3393717684321,3624.3393717684321
情景一阈值控制,72,3462.7749578316748,40.153612469064541,12912.535317823835,15.419657696812557,3569.1164541785879,1349.5795780089722,2275.1091397436044,0,19.38921927537552,21.40179431505479,12.8872,0.32300000000000001,0.76628420900443706,3624.6887177525768,3624.6887177525768
情景一阈值控制,72.021185330397543,3461.9700706660328,40.094923120213913,12913.056114627332,15.396159417600396,3569.4827321687949,1349.7719071841436,2275.2009009305771,0,19.38921927537552,21.40179431505479,12.8872,0.32300000000000001,0.76610609395723572,3624.9728081147205,3624.9728081147205
情景一阈值控制,72.068373141922677,3460.1821785219172,39.964347879777371,12914.212958161932,15.343892634885554,3570.2966228014625,1350.1991270927863,2275.4047296314507,0,19.38921927537552,21.40179431505479,12.8872,0.32300000000000001,0.76571044782541298,3625.6038567242367,3625.6038567242367
情景一阈值控制,72.115560953447826,3458.401032651373,39.833978680570077,12915.365436565789,15.291726772872376,3571.1078253293717,1350.6247349677344,2275.607789223191,0,19.38921927537552,21.40179431505479,12.8872,0.32300000000000001,0.76531629458959716,3626.2325241909257,3626.2325241909257
情景一阈值控制,72.162748764972974,3456.6266143591301,39.70381710769923,12916.51356193555,15.239662277648804,3571.9163443199482,1351.0487352762545,2275.8100818371527,0,19.38921927537552,21.40179431505479,12.8872,0.32300000000000001,0.7649236301126755,3626.858817113407,3626.858817113407
情景一阈值控制,72.209936576498109,3454.8589049374295,39.573864727300617,12917.657346375945,15.187699589343408,3572.7221843699576,1351.4711324885984,2276.0116096061147,0,19.38921927537552,21.40179431505479,12.8872,0.32300000000000001,0.76453245025477168,3627.4827420947131,3627.4827420947131
情景一阈值控制,72.257124388023257,3453.0978856667844,39.444123086620614,12918.796801999293,15.135839142137925,3573.5253501051411,1351.8919310778194,2276.2123746641919,0,19.38921927537552,21.40179431505479,12.8872,0.32300000000000001,0.76414275087341388,3628.1043057420111,3628.1043057420111
情景一阈值控制,72.304312199548406,3451.3435378167324,39.314593714099125,12919.931940925009,15.084081364280433,3574.3258461798546,1352.3111355195936,2276.4123791467518,0,19.38921927537552,21.40179431505479,12.8872,0.32300000000000001,0.7637545278237019,3628.7235146663452,3628.7235146663452
情景一阈值控制,72.35150001107354,3449.5958426465832,39.185278119452697,12921.062775279135,15.032426678099032,3575.1236772767061,1352.7287502920415,2276.6116251903272,0,19.38921927537552,21.40179431505479,12.8872,0.32300000000000001,0.76336777695847191,3629.3403754823685,3629.3403754823685
情景一阈值控制,72.398687822598689,3447.8547814061553,39.056177793758209,12922.189317193846,14.980875500016095,3575.9188481061992,1353.1447798755514,2276.8101149325339,0,19.38921927537552,21.40179431505479,12.8872,0.32300000000000001,0.76298249412845953,3629.9548948080856,3629.9548948080856
情景一阈值控制,72.445875634123823,3446.1203353365099,38.927294209537436,12923.311578806988,14.929428240563226,3576.7113634063762,1353.5592287526038,2277.0078505119841,0,19.38921927537552,21.40179431505479,12.8872,0.32300000000000001,0.7625986751824626,3630.5670792645878,3630.5670792645878
情景一阈值控制,72.493063445648971,3444.3924856706726,38.798628820841515,12924.429572261606,14.878085304396571,3577.5012279424591,1353.9721014075997,2277.2048340682081,0,19.38921927537552,21.40179431505479,12.8872,0.32300000000000001,0.76221631596750117,3631.176935475808,3631.176935475808
情景一阈值控制,72.540251257174106,3442.671213634354,38.670183063336587,12925.543309705476,14.826847090312844,3578.2884465064963,1354.3834023266879,2277.4010677415695,0,19.38921927537552,21.40179431505479,12.8872,0.32300000000000001,0.761835412328976,3631.7844700682572,3631.7844700682572
情景一阈值控制,72.587439068699254,3440.9565004466599,38.541958354389223,12926.652803290648,14.775713991265683,3579.0730239170134,1354.7931359975953,2277.5965536731842,0,19.38921927537552,21.40179431505479,12.8872,0.32300000000000001,0.7614559601108265,3632.3896896707793,3632.3896896707793
情景一阈值控制,72.634626880224403,3439.2483273207927,38.413956093152933,12927.758065172993,14.724686394382758,3579.8549650186546,1355.2013069094598,2277.7912940048418,0,19.38921927537552,21.40179431505479,12.8872,0.32300000000000001,0.76107795515568577,3632.9926009143019,3632.9926009143019
情景一阈值控制,72.681814691749537,3437.5466754647514,38.286177660654744,12928.859107511747,14.673764680983217,3580.6342746818377,1355.6079195526622,2277.9852908789248,0,19.38921927537552,21.40179431505479,12.8872,0.32300000000000001,0.76070139330503517,3633.5932104315871,3633.5932104315871
情景一阈值控制,72.729002503274685,3435.8515260820195,38.158624419882173,12929.955942469074,14.622949226595587,3581.4109578024045,1356.0129784186624,2278.1785464383311,0,19.38921927537552,21.40179431505479,12.8872,0.32300000000000001,0.76032627039935707,3634.1915248569935,3634.1915248569935
情景一阈值控制,72.77619031479982,3434.1628603722497,38.031297715871048,12931.048582209605,14.572240400976344,3582.1850193012724,1356.4164879998364,2278.3710628263952,0,19.38921927537552,21.40179431505479,12.8872,0.32300000000000001,0.7599525822782861,3634.7875508262314,3634.7875508262314
情景一阈值控制,72.823378126324968,3432.4806595319374,37.904198875793114,12932.137038900024,14.521638568128711,3582.9564641240904,1356.8184527893131,2278.56284218681,0,19.38921927537552,21.40179431505479,12.8872,0.32300000000000001,0.75958032478075799,3635.3812949761232,3635.3812949761232
情景一阈值控制,72.870565937850103,3430.8049047550949,37.777329209044694,12933.221324708622,14.471144086322155,3583.7252972408924,1357.2188772808167,2278.7538866635541,0,19.38921927537552,21.40179431505479,12.8872,0.32300000000000001,0.75920949374515923,3635.9727639443709,3635.9727639443709
情景一阈值控制,72.917753749375251,3429.135577233907,37.650690007335079,12934.301451804862,14.420757308112076,3584.4915236457591,1357.6177659685059,2278.9441984008117,0,19.38921927537552,21.40179431505479,12.8872,0.32300000000000001,0.75884008500947187,3636.5619643693176,3636.5619643693176
情景一阈值控制,72.9649415609004,3427.4726581593955,37.524282544775872,12935.377432358968,14.370478580360153,3585.2551483564744,1358.0151233468193,2279.1337795429022,0,19.38921927537552,21.40179431505479,12.8872,0.32300000000000001,0.75847209441142027,3637.1489028897213,3637.1489028897213
情景一阈值控制,73,3426.2413215991751,37.430518227129092,12936.174160362554,14.333193889902264,3585.8208059212143,1358.3093533396618,2279.2741581066957,0,19.38921927537552,21.40179431505479,12.8872,0.32300000000000001,0.75819960954781884,3637.5835114463575,3637.5835114463575
情景一阈值控制,73.012129372425534,3425.8161287220641,37.398108077970306,12936.449278541502,14.320308244254958,3586.0161764141844,1358.4109539103183,2279.3226322342025,0,19.38921927537552,21.40179431505479,12.8872,0.32300000000000001,0.75810551778861446,3637.7335861445208,3637.7335861445208
情景一阈值控制,73.059317183950682,3424.1659701125373,37.272167846102882,12937.517002522938,14.270246635333018,3586.774612883064,1358.8052621535358,2279.5107586190757,0,19.38921927537552,21.40179431505479,12.8872,0.32300000000000001,0.75774035097869141,3638.3160207726114,3638.3160207726114
情景一阈值控制,73.106504995475831,3422.5221635222051,37.146463071029743,12938.58061647326,14.220294083500365,3587.5304628499771,1359.1980525708204,2279.6981608417977,0,19.38921927537552,21.40179431505479,12.8872,0.32300000000000001,0.75737658981945699,3638.8962134126182,3638.8962134126182
情景一阈值控制,73.153692807000965,3420.8846901438478,37.020994957368906,12939.640132561559,14.170450913054353,3588.2837314241447,1359.5893296561915,2279.8848410464875,0,19.38921927537552,21.40179431505479,12.8872,0.32300000000000001,0.75701423014902491,3639.4741707026787,3639.4741707026787
情景一阈值控制,73.200880618526099,3419.2535311722559,36.895764692590937,12940.695562955612,14.120717442705875,3589.034423736809,1359.9790979031848,2280.0708013770322,0,19.38921927537552,21.40179431505479,12.8872,0.32300000000000001,0.75665326780595388,3640.0498992802168,3640.0498992802168
情景一阈值控制,73.248068430051248,3417.6286678048523,36.770773447110045,12941.746919821504,14.071093985602019,3589.7825449409065,1360.3673618047092,2280.2560439770214,0,19.38921927537552,21.40179431505479,12.8872,0.32300000000000001,0.75629369862938478,3640.6234057817305,3640.6234057817305
情景一阈值控制,73.295256241576396,3416.0100812422993,36.646022374375406,12942.794215323216,14.021580849349071,3590.5281002107354,1360.7541258528986,2280.4405709896728,0,19.38921927537552,21.40179431505479,12.8872,0.32300000000000001,0.75593551845917595,3641.1946968425714,3641.1946968425714
情景一阈值控制,73.342444053101531,3414.397752689104,36.521512610962667,12943.837461622245,13.972178336035794,3591.2710947416267,1361.1393945389682,2280.6243845577683,0,19.38921927537552,21.40179431505479,12.8872,0.32300000000000001,0.75557872313603591,3641.7637790967365,3641.7637790967365
情景一阈值控制,73.389631864626679,3412.7916633542118,36.397245276665586,12944.876670877218,13.922886742257035,3592.0115337496218,1361.5231723530737,2280.8074868235822,0,19.38921927537552,21.40179431505479,12.8872,0.32300000000000001,0.75522330850165587,3642.3306591766559,3642.3306591766559
情景一阈值控制,73.436819676151828,3411.1917944516008,36.273221474588354,12945.911855243503,13.87370635913782,3592.749422471145,1361.9054637841666,2280.9898799288153,0,19.38921927537552,21.40179431505479,12.8872,0.32300000000000001,0.75486927039884033,3642.8953437129821,3642.8953437129821
情景一阈值控制,73.484007487676962,3409.5981272008648,36.14944229123774,12946.943026872836,13.824637472357637,3593.48476616268,1362.2862733198576,2281.1715660145292,0,19.38921927537552,21.40179431505479,12.8872,0.32300000000000001,0.75451660467163661,3643.4578393343868,3643.4578393343868
情景一阈值控制,73.531195299202111,3408.0106428277913,36.025908796615454,12947.970197912939,13.775680362174977,3594.217570100453,1362.6656054462771,2281.3525472210777,0,19.38921927537552,21.40179431505479,12.8872,0.32300000000000001,0.75416530716546271,3644.018152667355,3644.018152667355
情景一阈值控制,73.578383110727245,3406.429322564934,35.902622044311116,12948.993380507167,13.726835303452383,3594.9478395801088,1363.0434646479389,2281.5328256880448,0,19.38921927537552,21.40179431505479,12.8872,0.32300000000000001,0.75381537372723406,3644.5762903359837,3644.5762903359837
情景一阈值控制,73.625570922252393,3404.8541476521773,35.779583071594843,12950.012586794126,13.678102565681529,3595.6755799163948,1363.4198554076047,2281.7124035541779,0,19.38921927537552,21.40179431505479,12.8872,0.32300000000000001,0.75346680020548795,3645.1322589617826,3645.1322589617826
情景一阈值控制,73.672758733777528,3403.2850993372963,35.65679289951067,12951.027828907314,13.629482413008867,3596.4007964428447,1363.7947822061508,2281.8912829573251,0,19.38921927537552,21.40179431505479,12.8872,0.32300000000000001,0.75311958245050825,3645.6860651634761,3645.6860651634761
情景一阈值控制,73.719946545302676,3401.722158876511,35.534252532969454,12952.039118974768,13.580975104261269,3597.1234945114647,1364.1682495224361,2282.0694660343706,0,19.38921927537552,21.40179431505479,12.8872,0.32300000000000001,0.75277371631444734,3646.2377155568065,3646.2377155568065
情景一阈值控制,73.767134356827825,3400.1653075350332,35.411962960842558,12953.046469118704,13.532580892972147,3597.8436794924214,1364.5402618331709,2282.2469549211764,0,19.38921927537552,21.40179431505479,12.8872,0.32300000000000001,0.75242919765144733,3646.7872167543474,3646.7872167543474
情景一阈值控制,73.814322168352959,3398.6145265876044,35.289925156055318,12954.049891455179,13.484300027407734,3598.5613567737273,1364.9108236127868,2282.4237517525144,0,19.38921927537552,21.40179431505479,12.8872,0.32300000000000001,0.75208602231775956,3647.3345753653011,3647.3345753653011
情景一阈值控制,73.861509979878107,3397.0697973190363,35.168140075680661,12955.049398093728,13.436132750593583,3599.2765317609378,1365.2799393333114,2282.5998586620112,0,19.38921927537552,21.40179431505479,12.8872,0.32300000000000001,0.75174418617186334,3647.8797979953224,3647.8797979953224
情景一阈值控制,73.908697791403242,3395.5311010247342,35.046608661033169,12956.045001137027,13.388079300341465,3599.9892098768387,1365.6476134642396,2282.7752777820851,0,19.38921927537552,21.40179431505479,12.8872,0.32300000000000001,0.75140368507458288,3648.422891246325,3648.422891246325
情景一阈值控制,73.95588560292839,3393.9984190112236,34.925331837762748,12957.036712680567,13.34013990927626,3600.6993965611432,1366.0138504724086,2282.950011243885,0,19.38921927537552,21.40179431505479,12.8872,0.32300000000000001,0.75106451488920256,3648.9638617162936,3648.9638617162936
情景一阈值控制,74,3392.5709858540363,34.812185023722343,12957.960323662583,13.295426243362829,3601.3610792162694,1366.354938085,2283.1127458064652,0,19.38921927537552,21.40179431505479,12.8872,0.32300000000000001,0.75074863542805303,3649.4676838914652,3649.4676838914652
情景一阈值控制,74.003073414453524,3392.471732596669,34.804310515949012,12958.024544812306,13.292314804863327,3601.4070972701879,1366.3786548218761,2283.124061177235,0,19.38921927537552,21.40179431505479,12.8872,0.32300000000000001,0.75072667148158267,3649.5027159991114,3649.5027159991114
情景一阈值控制,74.050261225978673,3390.9510231113777,34.683545590195138,12959.008509612337,13.244604209435863,3602.112317476629,1366.742030973797,2283.2974297105739,0,19.38921927537552,21.40179431505479,12.8872,0.32300000000000001,0.75039015072027049,3650.0394606843711,3650.0394606843711
情景一阈值控制,74.097449037503822,3389.4362718983125,34.563037939722406,12959.988619152573,13.197008340222682,3602.815062669144,1367.1039833863022,2283.4701189708976,0,19.38921927537552,21.40179431505479,12.8872,0.32300000000000001,0.75005494847661414,3650.5741023572,3650.5741023572
情景一阈值控制,74.144636849028956,3387.9274603135891,34.442788428464389,12960.964885496413,13.149527409376033,3603.5153383521329,1367.4645165143806,2283.6421310837031,0,19.38921927537552,21.40179431505479,12.8872,0.32300000000000001,0.74972106062487209,3651.1066475980838,3651.1066475980838
情景一阈值控制,74.191824660554104,3386.4245697269662,34.322797905161316,12961.937320698429,13.102161623999631,3604.2131500454193,1367.8236348097601,2283.8134681729316,0,19.38921927537552,21.40179431505479,12.8872,0.32300000000000001,0.74938848304232208,3651.6371029826914,3651.6371029826914
情景一阈值控制,74.239012472079253,3384.9275815223396,34.20306720345468,12962.905936804043,13.054911186177023,3604.9085032839607,1368.1813427207906,2283.9841323609121,0,19.38921927537552,21.40179431505479,12.8872,0.32300000000000001,0.74905721160937,3652.1654750817024,3652.1654750817024
情景一阈值控制,74.286200283604387,3383.4364770982183,34.083597141981741,12963.870745849228,13.007776292999967,3605.601403617547,1368.5376446923308,2284.1541257683089,0,19.38921927537552,21.40179431505479,12.8872,0.32300000000000001,0.74872724220965592,3652.6917704606394,3652.6917704606394
情景一阈值控制,74.333388095129521,3381.9512378682061,33.964388524469918,12964.831759860183,12.960757136597035,3606.2918566105191,1368.8925451656323,2284.323450514064,0,19.38921927537552,21.40179431505479,12.8872,0.32300000000000001,0.74839857073015981,3653.2159956796963,3653.2159956796963
情景一阈值控制,74.38057590665467,3380.4718452614675,33.845442139831562,12965.788990853045,12.913853904162394,3606.97986784147,1369.2460485782278,2284.4921087153466,0,19.38921927537552,21.40179431505479,12.8872,0.32300000000000001,0.74807119306130565,3653.7381572935747,3653.7381572935747
情景一阈值控制,74.427763718179818,3378.9982807231968,33.726758762258555,12966.74245083357,12.867066777984805,3607.6654429029641,1369.5981593638201,2284.6601024874981,0,19.38921927537552,21.40179431505479,12.8872,0.32300000000000001,0.74774510509706416,3654.2582618513179,3654.2582618513179
情景一阈值控制,74.474951529704953,3377.5305257150767,33.608339151316947,12967.692151796857,12.820395935476668,3608.3485874012476,1369.9488819521723,2284.827433943979,0,19.38921927537552,21.40179431505479,12.8872,0.32300000000000001,0.74742030273505511,3654.7763158961516,3654.7763158961516
情景一阈值控制,74.522139341230101,3376.0685617157314,33.490184052041428,12968.638105727036,12.773841549203237,3609.0293069559643,1370.2982207689993,2284.9941051963206,0,19.38921927537552,21.40179431505479,12.8872,0.32300000000000001,0.74709678187664719,3655.2923259653198,3655.2923259653198
情景一阈值控制,74.56932715275525,3374.6123702211762,33.372294195030229,12969.58032459698,12.727403786912044,3609.7076071998758,1370.6461802358594,2285.1601183540688,0,19.38921927537552,21.40179431505479,12.8872,0.32300000000000001,0.74677453842705754,3655.8062985899282,3655.8062985899282
情景一阈值控制,74.616514964280384,3373.1619327452604,33.254670296539601,12970.518820368035,12.681082811562394,3610.3834937785778,1370.9927647700506,2285.3254755247394,0,19.38921927537552,21.40179431505479,12.8872,0.32300000000000001,0.74645356829545007,3656.31824029479,3656.31824029479
情景一阈值控制,74.663702775805532,3371.7172308201043,33.137313058578329,12971.453604989714,12.634878781354969,3611.056972350224,1371.3379787845049,2285.4901788137622,0,19.38921927537552,21.40179431505479,12.8872,0.32300000000000001,0.74613386739503151,3656.8281575982674,3656.8281575982674
情景一阈值控制,74.710890587330667,3370.2782459965329,33.020223169002563,12972.384690399431,12.588791849761657,3611.7280485852466,1371.681826687684,2285.6542303244373,0,19.38921927537552,21.40179431505479,12.8872,0.32300000000000001,0.74581543164314823,3657.3360570121213,3657.3360570121213
情景一阈值控制,74.758078398855815,3368.8449598445004,32.903401301610067,12973.312088522223,12.542822165555336,3612.3967281660853,1372.0243128834791,2285.8176321578817,0,19.38921927537552,21.40179431505479,12.8872,0.32300000000000001,0.74549825696137939,3657.8419450413608,3657.8419450413608
情景一阈值控制,74.80526621038095,3367.417353953515,32.786848116235007,12974.235811270475,12.496969872839939,3613.0630167869081,1372.3654417711089,2285.9803864129844,0,19.38921927537552,21.40179431505479,12.8872,0.32300000000000001,0.7451823392756316,3658.3458281840931,3658.3458281840931
情景一阈值控制,74.852454021906098,3365.995409933053,32.67056425884207,12975.155870543653,12.451235111080454,3613.7269201533454,1372.7052177450212,2286.1424951863573,0,19.38921927537552,21.40179431505479,12.8872,0.32300000000000001,0.74486767451622982,3658.8477129313787,3658.8477129313787
情景一阈值控制,74.899641833431247,3364.57910941297,32.554550361621139,12976.07227822803,12.405618015133181,3614.3884439822182,1373.043645194793,2286.3039605722897,0,19.38921927537552,21.40179431505479,12.8872,0.32300000000000001,0.74455425861800939,3659.3476057670828,3659.3476057670828
情景一阈值控制,74.946829644956381,3363.1684340439087,32.438807043081489,12976.985046196438,12.36011871527597,3615.0475940012689,1373.3807285050354,2286.4647846627008,0,19.38921927537552,21.40179431505479,12.8872,0.32300000000000001,0.74424208752040499,3659.8455131677365,3659.8455131677365
情景一阈值控制,74.994017456481529,3361.7633654976958,32.323334908145888,12977.894186307996,12.31473733723851,3615.7043759488965,1373.7164720552969,2286.6249695470947,0,19.38921927537552,21.40179431505479,12.8872,0.32300000000000001,0.74393115716753966,3660.3414416023916,3660.3414416023916
情景一阈值控制,75,3361.5856282948957,32.308714572874358,12978.00918996445,12.308992245197812,3615.7874749225562,1373.7589426661739,2286.645232482565,0,19.38921927537552,21.40179431505479,12.8872,0.32300000000000001,0.74389182535605414,3660.4041751487389,3660.4041751487389
情景一阈值控制,75.041205268006664,3360.363885467742,32.20813454824502,12978.79971040786,12.269474002232895,3616.358795573894,1374.0508802199683,2286.7845173125138,0,19.38921927537552,21.40179431505479,12.8872,0.32300000000000001,0.74362146350831271,3660.8353975324821,3660.8353975324821
情景一阈值控制,75.088393079531812,3358.9699756694285,32.093206541411263,12979.701630326967,12.224328826984003,3617.010858635183,1374.383957368191,2286.9434300434978,0,19.38921927537552,21.40179431505479,12.8872,0.32300000000000001,0.74331300249648502,3661.3273874116885,3661.3273874116885
情景一阈值控制,75.135580891056946,3357.5816178404948,31.978551452372912,12980.599957881792,12.179301923760182,3617.6605709015553,1374.7157078637631,2287.101709822035,0,19.38921927537552,21.40179431505479,12.8872,0.32300000000000001,0.74300577009076563,3661.8174176857983,3661.8174176857983
情景一阈值控制,75.182768702582095,3356.1987937414187,31.864169832647779,12981.494704874091,12.134393400403786,3618.3079381514126,1375.0461360650506,2287.2593587275237,0,19.38921927537552,21.40179431505479,12.8872,0.32300000000000001,0.74269976225489509,3662.3054947925743,3662.3054947925743
情景一阈值控制,75.229956514107243,3354.8214851557909,31.750062220637158,12982.385883090672,12.089603360361975,3618.9529661725123,1375.3752463248959,2287.4163788367259,0,19.38921927537552,21.40179431505479,12.8872,0.32300000000000001,0.74239497495772866,3662.7916251616216,3662.7916251616216
情景一阈值控制,75.277144325632378,3353.449673890686,31.636229141719348,12983.273504303143,12.044931902717428,3619.595660761709,1375.703042990529,2287.572772223727,0,19.38921927537552,21.40179431505479,12.8872,0.32300000000000001,0.74209140417331865,3663.275815214256,3663.275815214256
情景一阈值控制,75.324332137157526,3352.0833417770268,31.522671108343058,12984.157580267682,12.000379122219098,3620.236027724703,1376.029530403483,2287.7285409598926,0,19.38921927537552,21.40179431505479,12.8872,0.32300000000000001,0.74178904588099459,3663.7580713633756,3663.7580713633756
情景一阈值控制,75.371519948682675,3350.7224706699467,31.409388620120957,12985.038122724804,11.955945109313133,3620.8740728757898,1376.3547128995049,2287.8836871138287,0,19.38921927537552,21.40179431505479,12.8872,0.32300000000000001,0.74148789606544352,3664.2384000133334,3664.2384000133334
情景一阈值控制,75.418707760207809,3349.3670424491438,31.296382163922793,12985.915143399126,11.911629950173729,3621.5098020376076,1376.6785948084716,2288.0382127513417,0,19.38921927537552,21.40179431505479,12.8872,0.32300000000000001,0.74118795071678867,3664.7168075598133,3664.7168075598133
情景一阈值控制,75.465895571732958,3348.0170390192334,31.183652213968376,12986.788653999149,11.867433726734022,3622.1432210408916,1377.0011804543074,2288.1921199353965,0,19.38921927537552,21.40179431505479,12.8872,0.32300000000000001,0.74088920583066686,3665.1933003897038,3665.1933003897038
情景一阈值控制,75.513083383258092,3346.6724423100914,31.071199231920737,12987.658666217018,11.82335651671711,3622.774335724228,1377.3224741548986,2288.3454107260773,0,19.38921927537552,21.40179431505479,12.8872,0.32300000000000001,0.74059165740830568,3665.6678848809761,3665.6678848809761
情景一阈值控制,75.56027119478324,3345.3332342771978,30.959023666978606,12988.525191728322,11.779398393666924,3623.40315193381,1377.6424802220147,2288.4980871805506,0,19.38921927537552,21.40179431505479,12.8872,0.32300000000000001,0.74029530145659794,3666.1405674025655,3666.1405674025655
情景一阈值控制,75.607459006308375,3343.9993969019747,30.847125955969279,12989.388242191857,11.735559426979338,3624.0296755231925,1377.961202961226,2288.6501513530252,0,19.38921927537552,21.40179431505479,12.8872,0.32300000000000001,0.74000013398817743,3666.611354314251,3666.611354314251
情景一阈值控制,75.654646817833523,3342.6709121921149,30.735506523440783,12990.247829249429,11.691839681933066,3624.6539123530565,1378.2786466718255,2288.8016052947146,0,19.38921927537552,21.40179431505479,12.8872,0.32300000000000001,0.73970615102149129,3667.0802519665403,3667.0802519665403
情景一阈值控制,75.701834629358672,3341.3477621819106,30.624165781754357,12991.103964525626,11.648239219720798,3625.2758682909644,1378.5948156467498,2288.9524510537995,0,19.38921927537552,21.40179431505479,12.8872,0.32300000000000001,0.73941334858087338,3667.5472667005492,3667.5472667005492
情景一阈值控制,75.749022440883806,3340.0299289325767,30.513104131176387,12991.956659627613,11.604758097480161,3625.8955492111277,1378.9097141725024,2289.1026906753918,0,19.38921927537552,21.40179431505479,12.8872,0.32300000000000001,0.73912172269661502,3668.0124048478942,3668.0124048478942
情景一阈值控制,75.796210252408954,3338.717394532569,30.402321959970219,12992.80592614494,11.561396368324724,3626.512960994171,1379.2233465290778,2289.2523262014979,0,19.38921927537552,21.40179431505479,12.8872,0.32300000000000001,0.73883126940503552,3668.4756727305758,3668.4756727305758
情景一阈值控制,75.843398063934089,3337.4101410978969,30.291819644488029,12993.651775649318,11.518154081375146,3627.128109526896,1379.5357169898864,2289.4013596709829,0,19.38921927537552,21.40179431505479,12.8872,0.32300000000000001,0.73854198474855204,3668.937076660869,3668.937076660869
情景一阈值控制,75.890585875459237,3336.1081507724334,30.181597549262069,12994.494219694434,11.475031281790073,3627.7410007020526,1379.8468298216803,2289.5497931195346,0,19.38921927537552,21.40179431505479,12.8872,0.32300000000000001,0.73825386477574728,3669.3966229412149,3669.3966229412149
情景一阈值控制,75.937773686984372,3334.8114057282191,30.071656027096161,12995.333269815752,11.432028010797298,3628.3516404181082,1380.1566892844817,2289.69762857963,0,19.38921927537552,21.40179431505479,12.8872,0.32300000000000001,0.73796690554143773,3669.8543178641116,3669.8543178641116
情景一阈值控制,75.98496149850952,3333.5198881657625,29.96199541915653,12996.16893753031,11.389144305724624,3628.9600345790195,1380.465299631509,2289.8448680805013,0,19.38921927537552,21.40179431505479,12.8872,0.32300000000000001,0.73768110310673884,3670.3101677120103,3670.3101677120103
情景一阈值控制,76,3333.1093840377775,29.927106256260661,12996.43455145336,11.375502629768349,3629.1534556228085,1380.5633903002513,2289.8916676166959,0,19.38921927537552,21.40179431505479,12.8872,0.32300000000000001,0.73759026184941301,3670.4550579169472,3670.4550579169472
情景一阈值控制,76.032149310034669,3332.2335803143365,29.852616055062846,12997.001234336538,11.346380200030998,3629.5661890940055,1380.7726651091084,2289.9915136481004,0,19.38921927537552,21.40179431505479,12.8872,0.32300000000000001,0.73739645353913208,3670.7641787572088,3670.7641787572088
情景一阈值控制,76.079337121559803,3330.9524644322701,29.74351825297876,12997.830171714062,11.303735723337414,3630.1701098773246,1381.0787899566831,2290.1375673050675,0,19.38921927537552,21.40179431505479,12.8872,0.32300000000000001,0.73711295291252865,3671.2163572617505,3671.2163572617505
情景一阈值控制,76.126524933084951,3329.6765228072327,29.634702319702189,12998.655761123529,11.261210901457853,3630.7718028480517,1381.3836784066243,2290.2830310706968,0,19.38921927537552,21.40179431505479,12.8872,0.32300000000000001,0.73683059730733214,3671.6667094773211,3671.6667094773211
情景一阈值控制,76.1737127446101,3328.4057377565214,29.52616855075566,12999.478014006412,11.218805756430264,3631.3712739298553,1381.6873346842451,2290.4279069609056,0,19.38921927537552,21.40179431505479,12.8872,0.32300000000000001,0.73654938281050308,3672.1152416451505,3672.1152416451505
情景一阈值控制,76.220900556135234,3327.140091627336,29.417917230476156,13000.296941784833,11.176520306547433,3631.9685290507814,1381.9897630077121,2290.5721969882024,0,19.38921927537552,21.40179431505479,12.8872,0.32300000000000001,0.73626930551561875,3672.5619599959145,3672.5619599959145
情景一阈值控制,76.268088367660368,3325.8795667970553,29.309948632104721,13001.112555861391,11.134354566387831,3632.5635741430328,1382.290967587981,2290.7159031616543,0,19.38921927537552,21.40179431505479,12.8872,0.32300000000000001,0.73599036152293529,3673.0068707496353,3673.0068707496353
情景一阈值控制,76.315276179185517,3324.6241456735061,29.202263017875932,13001.924867618987,11.092308546846457,3633.1564151427574,1382.5909526287319,2290.8590274868575,0,19.38921927537552,21.40179431505479,12.8872,0.32300000000000001,0.73571254693944621,3673.4499801155894,3673.4499801155894
情景一阈值控制,76.362463990710665,3323.3738106952301,29.094860639107182,13002.733888420642,11.050382255165655,3633.7470579898295,1382.8897223263057,2291.0015719659068,0,19.38921927537552,21.40179431505479,12.8872,0.32300000000000001,0.73543585787894228,3673.8912942922125,3673.8912942922125
情景一阈值控制,76.4096518022358,3322.1285443317461,28.987741736287514,13003.539629609331,11.008575694965833,3634.3355086276429,1383.1872808696407,2291.1435385973646,0,19.38921927537552,21.40179431505479,12.8872,0.32300000000000001,0.73516029046206943,3674.3308194670053,3674.3308194670053
情景一阈值控制,76.456839613760948,3320.8883290838066,28.880906539166194,13004.34210250783,10.966888866276133,3634.9217730028954,1383.4836324402129,2291.2849293762342,0,19.38921927537552,21.40179431505479,12.8872,0.32300000000000001,0.73488584081638475,3674.7685618164469,3674.7685618164469
情景一阈值控制,76.504027425286097,3319.6531474836515,28.774355266841315,13005.141318418529,10.925321765565153,3635.5058570653846,1383.7787812119732,2291.4257462939281,0,19.38921927537552,21.40179431505479,12.8872,0.32300000000000001,0.73461250507641385,3675.2045275059013,3675.2045275059013
情景一阈值控制,76.551215236811231,3318.422982095261,28.668088127847803,13005.937288623292,10.883874385771502,3636.0877667677987,1384.0727313512882,2291.5659913382392,0,19.38921927537552,21.40179431505479,12.8872,0.32300000000000001,0.73434027938370583,3675.6387226895276,3675.6387226895276
情景一阈值控制,76.59840304833638,3317.1978155145966,28.562105320245205,13006.730024383287,10.842546716334308,3636.6675080655118,1384.3654870168839,2291.705666493317,0,19.38921927537552,21.40179431505479,12.8872,0.32300000000000001,0.73406915988688737,3676.0711535102009,3676.0711535102009
情景一阈值控制,76.645590859861514,3315.977630369845,28.456407031705474,13007.519536938818,10.801338743223805,3637.2450869163799,1384.6570523597843,2291.8447737396341,0,19.38921927537552,21.40179431505479,12.8872,0.32300000000000001,0.73379914274171587,3676.5018260994184,3676.5018260994184
情景一阈值控制,76.692778671386662,3314.7624093216582,28.350993439600021,13008.305837509202,10.760250448971656,3637.8205092805397,1384.9474315232565,2291.9833150539644,0,19.38921927537552,21.40179431505479,12.8872,0.32300000000000001,0.73353022411113344,3676.9307465772208,3676.9307465772208
情景一阈值控制,76.739966482911797,3313.552135063384,28.245864711086984,13009.08893729259,10.719281812701402,3638.39378112021,1385.2366286427552,2292.1212924093529,0,19.38921927537552,21.40179431505479,12.8872,0.32300000000000001,0.73326240016531719,3677.3579210521084,3677.3579210521084
情景一阈值控制,76.787154294436945,3312.3467903212982,28.141021003197682,13009.868847465827,10.67843281015867,3638.9649083994918,1385.5246478458666,2292.2587077750914,0,19.38921927537552,21.40179431505479,12.8872,0.32300000000000001,0.73299566708173114,3677.783355620958,3677.783355620958
情景一阈值控制,76.834342105962094,3311.1463578548296,28.036462462923289,13010.645579184307,10.637703413741498,3639.5338970841713,1385.8114932522544,2292.3955631166914,0,19.38921927537552,21.40179431505479,12.8872,0.32300000000000001,0.73273002104517582,3678.2070563689458,3678.2070563689458
情景一阈值控制,76.881529917487228,3309.9508204567842,27.932189227300857,13011.41914358183,10.597093592530442,3640.1007531415262,1386.0971689736073,2292.5318603958599,0,19.38921927537552,21.40179431505479,12.8872,0.32300000000000001,0.7324654582478376,3678.6290293694674,3678.6290293694674
情景一阈值控制,76.928717729012376,3308.7601609535627,27.82820142349906,13012.18955177046,10.556603312318641,3640.6654825401338,1386.3816791135871,2292.6676015704738,0,19.38921927537552,21.40179431505479,12.8872,0.32300000000000001,0.73220197488933758,3679.0492806840612,3679.0492806840612
情景一阈值控制,76.975905540537511,3307.5743622053756,27.72449916890395,13012.956814840378,10.516232535641887,3641.2280912496749,1386.6650277677757,2292.8027885945548,0,19.38921927537552,21.40179431505479,12.8872,0.32300000000000001,0.73193956717677799,3679.4678163623303,3679.4678163623303
情景一阈值控制,77,3306.9707533409241,27.671658161358344,13013.347375878728,10.495664981798342,3641.5145476371631,1386.8092611460447,2292.8716030423848,0,19.38921927537552,21.40179431505479,12.8872,0.32300000000000001,0.73180599339653618,3679.6808641884295,3679.6808641884295
情景一阈值控制,77.023093352062659,3306.3934071064546,27.621082571203935,13013.720943859755,10.475981221808478,3641.7885852407499,1386.9472190236254,2292.9374234182469,0,19.38921927537552,21.40179431505479,12.8872,0.32300000000000001,0.73167823132479037,3679.8846424418725,3679.8846424418725
情景一阈值控制,77.070281163587794,3305.2172785852613,27.51795172847492,13014.481949874618,10.435849326929164,3642.3469704846871,1387.2282569604101,2293.0715079877909,0,19.38921927537552,21.40179431505479,12.8872,0.32300000000000001,0.73141796355558064,3680.2997649482013,3680.2997649482013
情景一阈值控制,77.117468975112942,3304.045959604689,27.415106729264686,13015.239843908712,10.395836803946816,3642.9032529533583,1387.5081456491764,2293.2050442455038,0,19.38921927537552,21.40179431505479,12.8872,0.32300000000000001,0.7311587600989744,3680.71318989468,3680.71318989468
情景一阈值控制,77.164656786638091,3302.8794331622667,27.312547652677374,13015.994636963371,10.355943602666187,3643.4574386189915,1387.7868891526932,2293.338034129752,0,19.38921927537552,21.40179431505479,12.8872,0.32300000000000001,0.73090061719246158,3681.1249232824453,3681.1249232824453
情景一阈值控制,77.211844598163225,3301.7176822903516,27.210274568457358,13016.746340017389,10.316169669783484,3644.0095334539892,1388.0644915254081,2293.4704795749321,0,19.38921927537552,21.40179431505479,12.8872,0.32300000000000001,0.73064353108123958,3681.53497110034,3681.53497110034
情景一阈值控制,77.259032409688373,3300.5606900563262,27.108287537072801,13017.494964026908,10.27651494891583,3644.5595434307488,1388.3409568133998,2293.6023825114476,0,19.38921927537552,21.40179431505479,12.8872,0.32300000000000001,0.73038749801825664,3681.9433393248473,3681.9433393248473
情景一阈值控制,77.306220221213522,3299.408439562786,27.006586609799147,13018.240519925275,10.236979380630753,3645.1074745214801,1388.6162890543317,2293.7337448656885,0,19.38921927537552,21.40179431505479,12.8872,0.32300000000000001,0.73013251426425307,3682.35003392002,3682.35003392002
情景一阈值控制,77.353408032738656,3298.2609139477258,26.90517182880204,13018.983018622937,10.197562902475484,3645.6533326980289,1388.8904922774086,2293.8645685600077,0,19.38921927537552,21.40179431505479,12.8872,0.32300000000000001,0.72987857608780304,3682.7550608374163,3682.7550608374163
情景一阈值控制,77.40059584426379,3297.118096384726,26.804043227219875,13019.722471007321,10.15826544900613,3646.1971239316995,1389.1635705033339,2293.9948555127016,0,19.38921927537552,21.40179431505479,12.8872,0.32300000000000001,0.7296256797653552,3683.1584260160353,3683.1584260160353
情景一阈值控制,77.447783655788939,3295.9799700831245,26.703200829246228,13020.458887942703,10.119086951816865,3646.7388541930804,1389.4355277442635,2294.1246076379903,0,19.38921927537552,21.40179431505479,12.8872,0.32300000000000001,0.72937382158127162,3683.560135382254,3683.560135382254
情景一阈值控制,77.494971467314087,3294.8465182882032,26.602644650211868,13021.192280270116,10.080027339568961,3647.2785294518721,1389.7063680037677,2294.2538268459957,0,19.38921927537552,21.40179431505479,12.8872,0.32300000000000001,0.72912299782786782,3683.9601948497634,3683.9601948497634
情景一阈值控制,77.542159278839222,3293.7177242813514,26.502374696666369,13021.92265880722,10.041086538019705,3647.8161556767136,1389.9760952767863,2294.3825150427238,0,19.38921927537552,21.40179431505479,12.8872,0.32300000000000001,0.72887320480545004,3684.3586103195103,3684.3586103195103
情景一阈值控制,77.58934709036437,3292.5935713802405,26.402390966459304,13022.650034348206,10.002264470051182,3648.3517388350137,1390.2447135495906,2294.5106741300438,0,19.38921927537552,21.40179431505479,12.8872,0.32300000000000001,0.72862443882235328,3684.7553876796346,3684.7553876796346
情景一阈值控制,77.636534901889519,3291.4740429389894,26.302693448821394,13023.374417663677,9.9635610556990777,3648.8852848927831,1390.5122267997431,2294.638306005671,0,19.38921927537552,21.40179431505479,12.8872,0.32300000000000001,0.72837669619497825,3685.1505328054141,3685.1505328054141
情景一阈值控制,77.683722713414653,3290.3591223483259,26.203282124445053,13024.095819500553,9.9249762121812655,3649.4167998144649,1390.7786389960575,2294.7654125631443,0,19.38921927537552,21.40179431505479,12.8872,0.32300000000000001,0.72812997324782647,3685.5440515592018,3685.5440515592018
情景一阈值控制,77.730910524939802,3289.2487930357474,26.104156965564528,13024.81425058196,9.8865098539262757,3649.9462895627744,1391.0439540985619,2294.891995691813,0,19.38921927537552,21.40179431505479,12.8872,0.32300000000000001,0.72788426631353687,3685.9359497903752,3685.9359497903752
情景一阈值控制,77.778098336464936,3288.1430384656774,26.00531793603604,13025.529721607125,9.8481618926017642,3650.47376009853,1391.3081760584612,2295.0180572768168,0,19.38921927537552,21.40179431505479,12.8872,0.32300000000000001,0.72763957173291938,3686.3262333352777,3686.3262333352777
情景一阈值控制,77.825286147990084,3287.0418421396184,25.906764991417123,13026.242243251296,9.8099322371427355,3650.9992173804962,1391.5713088180992,2295.1435991990666,0,19.38921927537552,21.40179431505479,12.8872,0.32300000000000001,0.7273958858549896,3686.7149080171657,3686.7149080171657
情景一阈值控制,77.872473959515219,3285.9451875963032,25.808498079046057,13026.951826165623,9.7718207937798045,3651.5226673652191,1391.8333563109247,2295.2686233352301,0,19.38921927537552,21.40179431505479,12.8872,0.32300000000000001,0.72715320503700143,3687.1019796461551,3687.1019796461551
情景一阈值控制,77.919661771040367,3284.8530584118389,25.710517138120462,13027.658480977074,9.733827466067158,3652.0441160068708,1392.0943224614548,2295.3931315577133,0,19.38921927537552,21.40179431505479,12.8872,0.32300000000000001,0.72691152564447981,3687.4874540191681,3687.4874540191681
情景一阈值控制,77.966849582565516,3283.765438199855,25.612822099776039,13028.362218288339,9.6959521549106054,3652.5635692570895,1392.354211185241,2295.5171257346456,0,19.38921927537552,21.40179431505479,12.8872,0.32300000000000001,0.72667084405125282,3687.8713369198867,3687.8713369198867
情景一阈值控制,78,3283.0040501000944,25.544360243429644,13028.854869315097,9.6694144848795762,3652.9273058564709,1392.5361461836646,2295.6039278092253,0,19.38921927537552,21.40179431505479,12.8872,0.32300000000000001,0.72650235499699001,3688.1400739928899,3688.1400739928899
情景一阈值控制,78.01403739409065,3282.6823106116417,25.515412887164576,13029.063048677743,9.6581947585953625,3653.0810330648274,1392.6130263888358,2295.6406077298611,0,19.38921927537552,21.40179431505479,12.8872,0.32300000000000001,0.72643115663948277,3688.2536341186969,3688.2536341186969
情景一阈值控制,78.061225205615798,3281.6036593362869,25.418289415531635,13029.760982699148,9.6205551728137433,3653.5965133761915,1392.87077196976,2295.763579402887,0,19.38921927537552,21.40179431505479,12.8872,0.32300000000000001,0.72619245979969604,3688.634351372647,3688.634351372647
情景一阈值控制,78.108413017140933,3280.5294681008145,25.321451592294178,13030.456030881875,9.5830332906928302,3654.1100161342956,1393.1274518164685,2295.8860426089236,0,19.38921927537552,21.40179431505479,12.8872,0.32300000000000001,0.72595474993081421,3689.0134944253923,3689.0134944253923
情景一阈值控制,78.155600828666081,3279.4597206703129,25.224899317117348,13031.148203730614,9.5456290028218724,3654.6215472791059,1393.3830698083223,2296.0079991988332,0,19.38921927537552,21.40179431505479,12.8872,0.32300000000000001,0.7257180234401821,3689.3910690071552,3689.3910690071552
情景一阈值控制,78.202788640191216,3278.3944008480657,25.128632481991392,13031.83751172534,9.5083421972797115,3655.131112747295,1393.637629815554,2296.1294510191224,0,19.38921927537552,21.40179431505479,12.8872,0.32300000000000001,0.72548227674359678,3689.7670808346766,3689.7670808346766
情景一阈值控制,78.249976451716364,3277.3334924756768,25.032650971307721,13032.523965321234,9.4711727596619433,3655.6387184720907,1393.8911356992403,2296.2503999119303,0,19.38921927537552,21.40179431505479,12.8872,0.32300000000000001,0.72524750626533518,3690.1415356111706,3690.1415356111706
情景一阈值控制,78.297164263241513,3276.2769794331953,24.936954661935022,13033.207574948601,9.4341205731081068,3656.1443703831305,1394.1435913112718,2296.3708477150117,0,19.38921927537552,21.40179431505479,12.8872,0.32300000000000001,0.72501370843818225,3690.5144390262835,3690.5144390262835
情景一阈值控制,78.344352074766647,3275.2248456392331,24.841543423294784,13033.8883510128,9.3971855183286248,3656.648074406316,1394.3950004943233,2296.4907962617258,0,19.38921927537552,21.40179431505479,12.8872,0.32300000000000001,0.72478087970345606,3690.8857967560489,3690.8857967560489
情景一阈值控制,78.391539886291795,3274.1770750510841,24.746417117436323,13034.566303894146,9.3603674736316336,3657.1498364636723,1394.6453670818275,2296.6102473810229,0,19.38921927537552,21.40179431505479,12.8872,0.32300000000000001,0.7245490165110352,3691.2556144628506,3691.2556144628506
情景一阈值控制,78.438727697816944,3273.1336516648389,24.651575599111826,13035.241443947869,9.32366631494979,3657.6496624732017,1394.8946948979458,2296.7292028974275,0,19.38921927537552,21.40179431505479,12.8872,0.32300000000000001,0.72431811531938339,3691.6238977953735,3691.6238977953735
情景一阈值控制,78.485915509342078,3272.0945595154972,24.55701871585066,13035.913781504009,9.2870819158668318,3658.1475583487468,1395.1429877575426,2296.8476646310314,0,19.38921927537552,21.40179431505479,12.8872,0.32300000000000001,0.72408817259557445,3691.9906523885738,3691.9906523885738
情景一阈值控制,78.533103320867212,3271.0597826770736,24.462746308033388,13036.583326867372,9.2506141476440487,3658.6435299998484,1395.3902494661597,2296.9656343974766,0,19.38921927537552,21.40179431505479,12.8872,0.32300000000000001,0.7238591848153163,3692.3558838636363,3692.3558838636363
情景一阈值控制,78.580291132392361,3270.0293052627089,24.368758208965499,13037.250090317439,9.2142628792466326,3659.1375833316115,1395.6364838199893,2297.0831140079449,0,19.38921927537552,21.40179431505479,12.8872,0.32300000000000001,0.72363114846297483,3692.7195978279342,3692.7195978279342
情景一阈值控制,78.627478943917509,3269.0031114247699,24.275054244950759,13037.914082108315,9.1780279773699238,3659.6297242445658,1395.8816946058505,2297.2001052691458,0,19.38921927537552,21.40179431505479,12.8872,0.32300000000000001,0.72340406003159641,3693.0817998749962,3693.0817998749962
情景一阈值控制,78.674666755442644,3267.9811853549518,24.181634235364069,13038.575312468658,9.1419093064654806,3660.1199586345324,1396.1258856011655,2297.3166099833065,0,19.38921927537552,21.40179431505479,12.8872,0.32300000000000001,0.72317791602293058,3693.442495584472,3693.442495584472
情景一阈值控制,78.721854566967792,3266.9635112843775,24.088497992723934,13039.233791601611,9.105906728766989,3660.608292392491,1396.3690605739343,2297.4326299481577,0,19.38921927537552,21.40179431505479,12.8872,0.32300000000000001,0.72295271294745189,3693.801690522092,3693.801690522092
情景一阈值控制,78.769042378492941,3265.9500734836915,23.995645322764755,13039.889529684751,9.0700201043161535,3661.0947314044479,1396.6112232827136,2297.5481669569253,0,19.38921927537552,21.40179431505479,12.8872,0.32300000000000001,0.72272844732438057,3694.1593902396389,3694.1593902396389
情景一阈值控制,78.816230190018075,3264.9408562631561,23.903076024508525,13040.542536870014,9.0342492909883472,3661.5792815513041,1396.8523774765931,2297.6632227983187,0,19.38921927537552,21.40179431505479,12.8872,0.32300000000000001,0.72250511568170406,3694.5156002749118,3694.5156002749118
情景一阈值控制,78.863418001543224,3263.9358439727366,23.810789890336149,13041.192823283649,8.9985941445181385,3662.0619487087306,1397.0925268951755,2297.7777992565198,0,19.38921927537552,21.40179431505479,12.8872,0.32300000000000001,0.72228271455619575,3694.8703261516953,3694.8703261516953
情景一阈值控制,78.910605813068358,3262.9350210021967,23.718786706058609,13041.840399026154,8.9630545185247854,3662.5427387470349,1397.3316752685541,2297.8918981111742,0,19.38921927537552,21.40179431505479,12.8872,0.32300000000000001,0.72206124049343601,3695.2235733797284,3695.2235733797284
情景一阈值控制,78.957793624593506,3261.9383717811766,23.627066250987376,13042.485274172228,8.9276302645374113,3663.0216575310405,1397.5698263172931,2298.0055211373819,0,19.38921927537552,21.40179431505479,12.8872,0.32300000000000001,0.72184069004782969,3695.575347454675,3695.575347454675
情景一阈值控制,79,3261.0504583929551,23.545267721400084,13043.059792532204,8.8960432358533872,3663.4484381175585,1397.7819947514165,2298.1067477315059,0,19.38921927537552,21.40179431505479,12.8872,0.32300000000000001,0.721644201966264,3695.8887424829227,3695.8887424829227
情景一阈值控制,79.004981436118641,3260.9458807792826,23.535628298004845,13043.127458770707,8.8923212320202527,3663.4987109199574,1397.8069837524065,2298.1186701056859,0,19.38921927537552,21.40179431505479,12.8872,0.32300000000000001,0.72162105978262558,3695.9256538580921,3695.9256538580921
情景一阈值控制,79.052169247643789,3259.9575325061614,23.444472613633955,13043.766962844515,8.8571272683975764,3663.9739047672633,1398.043151275341,2298.2313467820641,0,19.38921927537552,21.40179431505479,12.8872,0.32300000000000001,0.7214023462699336,3696.2744980574053,3696.2744980574053
情景一阈值控制,79.099357059168938,3258.9733115115855,23.353598958107852,13044.403796390619,8.8220482190786313,3664.4472449205782,1398.2783325779551,2298.34355292792,0,19.38921927537552,21.40179431505479,12.8872,0.32300000000000001,0.72118454609074245,3696.6218855058751,3696.6218855058751
情景一阈值控制,79.146544870694072,3257.9932023855217,23.263007085438836,13045.03796937998,8.7870839274823389,3664.9187372215465,1398.5125313425031,2298.4552903000749,0,19.38921927537552,21.40179431505479,12.8872,0.32300000000000001,0.72096765583493616,3696.9678216425782,3696.9678216425782
情景一阈值控制,79.19373268221922,3257.0171897582095,23.172696743486984,13045.669491757497,8.7522342350618523,3665.3883875057154,1398.7457512416154,2298.5665606507591,0,19.38921927537552,21.40179431505479,12.8872,0.32300000000000001,0.72075167210131041,3697.3123118923745,3697.3123118923745
情景一阈值控制,79.240920493744369,3256.0452583002302,23.082667674028585,13046.298373441963,8.71749898132909,3665.8562016024189,1398.9779959382834,2298.6773657276035,0,19.38921927537552,21.40179431505479,12.8872,0.32300000000000001,0.72053659149758831,3697.6553616658866,3697.6553616658866
情景一阈值控制,79.288108305269503,3255.0773927225755,22.992919612823957,13046.924624326031,8.6828780038790043,3666.3221853346599,1399.2092690858412,2298.7877072736319,0,19.38921927537552,21.40179431505479,12.8872,0.32300000000000001,0.72032241064043556,3697.9969763594731,3697.9969763594731
情景一阈值控制,79.335296116794638,3254.1135777767149,22.903452289684893,13047.54825427616,8.6483711384137454,3666.7863445189973,1399.4395743279524,2298.8975870272538,0,19.38921927537552,21.40179431505479,12.8872,0.32300000000000001,0.72010912615547495,3698.3371613552063,3698.3371613552063
情景一阈值控制,79.382483928319786,3253.153798254657,22.814265428541834,13048.169273132575,8.6139782187667056,3667.2486849654297,1399.6689152985923,2299.0070067222564,0,19.38921927537552,21.40179431505479,12.8872,0.32300000000000001,0.71989673467730064,3698.6759220208487,3698.6759220208487
情景一阈值控制,79.429671739844935,3252.1980389890159,22.725358747510658,13048.787690709234,8.5796990769264401,3667.7092124772844,1399.8972956220337,2299.1159680877977,0,19.38921927537552,21.40179431505479,12.8872,0.32300000000000001,0.71968523284949226,3699.0132637098313,3699.0132637098313
情景一阈值控制,79.476859551370069,3251.2462848530658,22.636731958958933,13049.403516793778,8.5455335430604027,3668.1679328511054,1400.1247189128342,2299.2244728484011,0,19.38921927537552,21.40179431505479,12.8872,0.32300000000000001,0.71947461732462725,3699.3491917612355,3699.3491917612355
情景一阈值控制,79.524047362895217,3250.2985207608026,22.548384769571793,13050.016761147512,8.5114814455385215,3668.6248518765465,1400.3511887758202,2299.332522723947,0,19.38921927537552,21.40179431505479,12.8872,0.32300000000000001,0.71926488476429429,3699.683711499767,3699.683711499767
情景一阈值控制,79.571235174420366,3249.3547316669947,22.460316880417672,13050.627433505342,8.4775426109567249,3669.079975336258,1400.5767088060754,2299.440119429667,0,19.38921927537552,21.40179431505479,12.8872,0.32300000000000001,0.71905603183910494,3700.0168282357427,3700.0168282357427
情景一阈值控制,79.6184229859455,3248.4149025672414,22.372527987013331,13051.235543575773,8.4437168641602458,3669.5333090057829,1400.8012825889282,2299.5472646761386,0,19.38921927537552,21.40179431505479,12.8872,0.32300000000000001,0.7188480552287061,3700.3485472650668,3700.3485472650668
情景一阈值控制,79.665610797470649,3247.4790184980179,22.2850177793886,13051.841101040844,8.4100040282667763,3669.9848586534513,1401.0249136999378,2299.6539601692793,0,19.38921927537552,21.40179431505479,12.8872,0.32300000000000001,0.7186409516217902,3700.6788738692171,3700.6788738692171
情景一阈值控制,79.712798608995783,3246.5470645367277,22.197785942150901,13052.444115556127,8.3764039246895727,3670.4346300402731,1401.2476057048841,2299.7602076103394,0,19.38921927537552,21.40179431505479,12.8872,0.32300000000000001,0.71843471771610701,3701.0078133152238,3701.0078133152238
情景一阈值控制,79.759986420520931,3245.6190258017491,22.110832154549055,13053.044596750673,8.3429163731602856,3670.8826289198369,1401.4693621597573,2299.8660086958994,0,19.38921927537552,21.40179431505479,12.8872,0.32300000000000001,0.71822935021847334,3701.3353708556569,3701.3353708556569
情景一阈值控制,79.807174232046066,3244.6948874524774,22.024156090537044,13053.642554226997,8.3095411917517765,3671.3288610382078,1401.6901866107448,2299.9713651178622,0,19.38921927537552,21.40179431505479,12.8872,0.32300000000000001,0.71802484584478288,3701.6615517286073,3701.6615517286073
情景一阈值控制,79.854362043571214,3243.7746346893687,21.937757418837045,13054.237997561038,8.2762781969006731,3671.773332133826,1401.9100825942232,2300.0762785634511,0,19.38921927537552,21.40179431505479,12.8872,0.32300000000000001,0.71782120132001581,3701.9863611576743,3701.9863611576743
情景一阈值控制,79.901549855096363,3242.8582527539811,21.851635803002392,13054.830936302149,8.2431272034299035,3672.2160479374065,1402.1290536367476,2300.1807507152016,0,19.38921927537552,21.40179431505479,12.8872,0.32300000000000001,0.71761841337824783,3702.3098043519494,3702.3098043519494
情景一阈值控制,79.948737666621497,3241.9457269290137,21.765790901479949,13055.421379973062,8.2100880245709789,3672.6570141718421,1402.3471032550424,2300.284783250961,0,19.38921927537552,21.40179431505479,12.8872,0.32300000000000001,0.71741647876265868,3702.6318865060034,3702.6318865060034
情景一阈值控制,79.995925478146646,3241.0370425383371,21.68022236767203,13056.009338069867,8.1771604719861575,3673.0962365521077,1402.5642349559939,2300.3883778438822,0,19.38921927537552,21.40179431505479,12.8872,0.32300000000000001,0.71721539422553926,3702.9526127998761,3702.9526127998761
情景一阈值控制,80,3240.9587601371677,21.672846739521738,13056.059990168744,8.1743225087108904,3673.134080445825,1402.5829406706457,2300.3973024315223,0,19.38921927537552,21.40179431505479,12.8872,0.32300000000000001,0.71719807096064636,3702.9802431021681,3702.9802431021681
情景一阈值控制,80.04311328967178,3240.1321849470373,21.594929849998227,13056.594820061984,8.1443443557905564,3673.5337207851594,1402.7804522366405,2300.491536162418,0,19.38921927537552,21.40179431505479,12.8872,0.32300000000000001,0.71701515652830095,3703.2719883990585,3703.2719883990585
情景一阈值控制,80.090301101196928,3239.2311395614397,21.509912991956465,13057.177835392153,8.1116394845739581,3673.9694725698459,1402.9957585841651,2300.5942598703214,0,19.38921927537552,21.40179431505479,12.8872,0.32300000000000001,0.71681576244148104,3703.5900184544862,3703.5900184544862
情景一阈值控制,80.137488912722063,3238.3338918291456,21.425171432184058,13057.758393476406,8.0790456654226492,3674.4034975968111,1403.2101574758892,2300.6965506266388,0,19.38921927537552,21.40179431505479,12.8872,0.32300000000000001,0.71661720874475077,3703.9067081025278,3703.9067081025278
情景一阈值控制,80.184676724247211,3237.4404272390557,21.340704804517959,13058.336503704051,8.0465627039409338,3674.8358015484041,1403.4236523792647,2300.7984100857084,0,19.38921927537552,21.40179431505479,12.8872,0.32300000000000001,0.71641949222692114,3704.2220624649731,3704.2220624649731
情景一阈值控制,80.23186453577236,3236.5507313214021,21.256512738055036,13058.912175437654,8.0141904042726821,3675.2663900985867,1403.6362467518677,2300.8998398971571,0,19.38921927537552,21.40179431505479,12.8872,0.32300000000000001,0.71622260968594864,3704.5360866490246,3704.5360866490246
情景一阈值控制,80.279052347297494,3235.6647896477684,21.172594857211664,13059.485418013022,7.9819285691226183,3675.6952689128448,1403.8479440413926,2301.0008417058966,0,19.38921927537552,21.40179431505479,12.8872,0.32300000000000001,0.71602655792894121,3704.8487857472892,3704.8487857472892
情景一阈值控制,80.326240158822642,3234.7825878311164,21.088950781782977,13060.056240739194,7.9497769997774537,3676.1224436480984,1404.0587476856479,2301.1014171521215,0,19.38921927537552,21.40179431505479,12.8872,0.32300000000000001,0.71583133377216301,3705.1601648377691,3705.1601648377691
情景一阈值控制,80.373427970347791,3233.9041115258055,21.005580127001895,13060.624652898417,7.9177354961269897,3676.5479199526162,1404.2686611125482,2301.2015678713074,0,19.38921927537552,21.40179431505479,12.8872,0.32300000000000001,0.71563693404103923,3705.4702289838556,3705.4702289838556
情景一阈值控制,80.420615781872925,3233.0293464276128,20.922482503597625,13061.190663746145,7.8858038566849702,3676.9717034659279,1404.4776877401127,2301.3012954942078,0,19.38921927537552,21.40179431505479,12.8872,0.32300000000000001,0.71544335557016081,3705.7789832343205,3705.7789832343205
情景一阈值控制,80.46780359339806,3232.1582782737482,20.839657517853681,13061.754282511019,7.853981878609809,3677.3937998187371,1404.6858309764596,2301.4006016468516,0,19.38921927537552,21.40179431505479,12.8872,0.32300000000000001,0.71525059520328704,3706.0864326233113,3706.0864326233113
情景一阈值控制,80.514991404923208,3231.2908928428765,20.757104771665745,13062.315518394858,7.8222693577252098,3677.8142146328441,1404.8930942198017,2301.4994879505439,0,19.38921927537552,21.40179431505479,12.8872,0.32300000000000001,0.71505864979335088,3706.3925821703456,3706.3925821703456
情景一阈值控制,80.562179216448357,3230.4271759551229,20.674823862599055,13062.874380572652,7.7906660885406396,3678.2329535210547,1405.0994808584442,2301.5979560218607,0,19.38921927537552,21.40179431505479,12.8872,0.32300000000000001,0.71486751620246036,3706.6974368803048,3706.6974368803048
情景一阈值控制,80.609367027973491,3229.5671134720942,20.592814383945324,13063.430878192554,7.759171864271619,3678.650022087103,1405.3049942707805,2301.6960074726503,0,19.38921927537552,21.40179431505479,12.8872,0.32300000000000001,0.71467719130190299,3707.0010017434306,3707.0010017434306
情景一阈值控制,80.656554839498639,3228.7106912968825,20.511075924779288,13063.985020375874,7.7277864768598743,3679.065425925573,1405.5096378252911,2301.7936439100313,0,19.38921927537552,21.40179431505479,12.8872,0.32300000000000001,0.71448767197214647,3707.3032817353223,3707.3032817353223
情景一阈值控制,80.703742651023788,3227.8578953740794,20.429608070015032,13064.536816217069,7.6965097169934111,3679.479170621812,1405.7134148805403,2301.8908669363909,0,19.38921927537552,21.40179431505479,12.8872,0.32300000000000001,0.71429895510284214,3707.6042818169312,3707.6042818169312
情景一阈值控制,80.750930462548922,3227.0087116897785,20.348410400461781,13065.086274783742,7.665341374126375,3679.8912617518613,1405.9163287851748,2301.9876781493849,0,19.38921927537552,21.40179431505479,12.8872,0.32300000000000001,0.71411103759282535,3707.9040069345597,3707.9040069345597
情景一阈值控制,80.798118274074071,3226.1631262715846,20.267482492879225,13065.633405116634,7.634281236498758,3680.3017048823713,1406.1183828779228,2302.0840791419369,0,19.38921927537552,21.40179431505479,12.8872,0.32300000000000001,0.71392391635011776,3708.2024620198599,3708.2024620198599
情景一阈值控制,80.845306085599205,3225.3211251886187,20.186823920032793,13066.178216229633,7.6033290911560707,3680.7105055705288,1406.3195804875913,2302.1800715022368,0,19.38921927537552,21.40179431505479,12.8872,0.32300000000000001,0.7137375882919279,3708.4996519898282,3708.4996519898282
情景一阈值控制,80.892493897124353,3224.4826945515165,20.106434250748109,13066.720717109753,7.5724847239687172,3681.1176693639836,1406.5199249330688,2302.275656813742,0,19.38921927537552,21.40179431505479,12.8872,0.32300000000000001,0.71355205034465119,3708.795581746811,3708.795581746811
情景一阈值控制,80.939681708649488,3223.6478205124326,20.026313049965506,13067.260916717149,7.541747919651387,3681.5232018007709,1406.7194195233212,2302.3708366551768,0,19.38921927537552,21.40179431505479,12.8872,0.32300000000000001,0.71336729944387123,3709.0902561784978,3709.0902561784978
情景一阈值控制,80.986869520174636,3222.8164892650375,19.946459878793739,13067.798823985115,7.5111184617821438,3681.9271084092406,1406.9180675573944,2302.4656126005325,0,19.38921927537552,21.40179431505479,12.8872,0.32300000000000001,0.71318333253435839,3709.3836801579268,3709.3836801579268
情景一阈值控制,81,3222.585791248132,19.924287544259613,13067.948095578584,7.502614570831847,3682.0392110581624,1406.9731932460613,2302.4919133353028,0,19.38921927537552,21.40179431505479,12.8872,0.32300000000000001,0.71313228092125736,3709.4651065813641,3709.4651065813641
情景一阈值控制,81.034057331699785,3221.9886870445193,19.866874294563701,13068.33444782008,7.4805961328215274,3682.329394707986,1407.1158723244148,2302.5599862190666,0,19.38921927537552,21.40179431505479,12.8872,0.32300000000000001,0.7130001465700706,3709.6758585434814,3709.6758585434814
情景一阈值控制,81.081245143224919,3221.164400127574,19.787555850881514,13068.867797101613,7.4501807141314123,3682.7300662057701,1407.3128371035887,2302.653959075305,0,19.38921927537552,21.40179431505479,12.8872,0.32300000000000001,0.71281773851415142,3709.9667961788937,3709.9667961788937
情景一阈值控制,81.128432954750068,3220.3436148324067,19.708504097681246,13069.398880682427,7.4198719859937246,3683.1291284014605,1407.5089651642054,2302.7475327290404,0,19.38921927537552,21.40179431505479,12.8872,0.32300000000000001,0.7126361053389294,3710.256497893246,3710.256497893246
情景一阈值控制,81.175620766275202,3219.5263175187192,19.629718581277473,13069.927707388388,7.389669727629113,3683.5265867839562,1407.7042597656366,2302.8407087353362,0,19.38921927537552,21.40179431505479,12.8872,0.32300000000000001,0.71245524402591698,3710.5449685009726,3710.5449685009726
情景一阈值控制,81.22280857780035,3218.7124945877067,19.551198844417144,13070.454286018507,7.3595737172153406,3683.9224468321231,1407.8987241573409,2302.9334886445245,0,19.38921927537552,21.40179431505479,12.8872,0.32300000000000001,0.71227515156580756,3710.8322128018654,3710.8322128018654
情景一阈值控制,81.269996389325485,3217.9021324820437,19.472944426331416,13070.978625344962,7.3295837319056822,3684.3167140147261,1408.0923615788645,2303.0258740022091,0,19.38921927537552,21.40179431505479,12.8872,0.32300000000000001,0.71209582495847479,3711.1182355810733,3711.1182355810733
情景一阈值控制,81.317184200850633,3217.0952176858764,19.394954862786761,13071.500734113095,7.2996995478470366,3684.7093937903637,1408.2851752598438,2303.1178663492637,0,19.38921927537552,21.40179431505479,12.8872,0.32300000000000001,0.71191726121296872,3711.4030416091073,3711.4030416091073
情景一阈值控制,81.364372012375782,3216.2917367248087,19.317229686136038,13072.020621041422,7.269920940198034,3685.1004916074039,1408.4771684200093,2303.2094672218391,0,19.38921927537552,21.40179431505479,12.8872,0.32300000000000001,0.7117394573475142,3711.6866356418486,3711.6866356418486
情景一阈值控制,81.411559823900916,3215.4916761658878,19.239768425368958,13072.538294821645,7.240247683146908,3685.4900129039197,1408.6683442691879,2303.3006781513586,0,19.38921927537552,21.40179431505479,12.8872,0.32300000000000001,0.71156241038950674,3711.9690224205465,3711.9690224205465
情景一阈值控制,81.458747635426064,3214.6950226175904,19.162570606162216,13073.053764118658,7.210679549929246,3685.8779631076281,1408.8587060073069,2303.3915006645229,0,19.38921927537552,21.40179431505479,12.8872,0.32300000000000001,0.71138611737551016,3712.2502066718298,3712.2502066718298
情景一阈值控制,81.505935446951213,3213.9017627298035,19.085635750929391,13073.567037570563,7.1812163128456623,3686.2643476358271,1409.0482568243992,2303.4819362833132,0,19.38921927537552,21.40179431505479,12.8872,0.32300000000000001,0.71121057535125221,3712.5301931077124,3712.5301931077124
情景一阈值控制,81.553123258476347,3213.1118831938097,19.008963378870355,13074.078123788675,7.1518577432792609,3686.6491718953353,1409.236999900606,2303.5719865249894,0,19.38921927537552,21.40179431505479,12.8872,0.32300000000000001,0.71103578137162071,3712.8089864255953,3712.8089864255953
情景一阈值控制,81.600311070001482,3212.325370742265,18.932553006020253,13074.587031357536,7.1226036117129716,3687.0324412824334,1409.4249384061816,2303.6616529020957,0,19.38921927537552,21.40179431505479,12.8872,0.32300000000000001,0.7108617325006592,3713.0865913082771,3713.0865913082771
情景一阈值控制,81.64749888152663,3211.5422121491792,18.856404145298281,13075.09376883494,7.0934536877467753,3687.4141611828049,1409.612075501499,2303.7509369224613,0,19.38921927537552,21.40179431505479,12.8872,0.32300000000000001,0.71068842581156288,3713.3630124239603,3713.3630124239603
情景一阈值控制,81.694686693051779,3210.7623942298947,18.780516306556059,13075.598344751925,7.0644077401148078,3687.7943369714776,1409.7984143370554,2303.8398400892038,0,19.38921927537552,21.40179431505479,12.8872,0.32300000000000001,0.71051585838667286,3713.6382544262592,3713.6382544262592
情景一阈值控制,81.741874504576913,3209.9859038410623,18.704888996625552,13076.10076761281,7.0354655367022714,3688.1729740127689,1409.9839580534763,2303.9283639007308,0,19.38921927537552,21.40179431505479,12.8872,0.32300000000000001,0.71034402731747215,3713.9123219542071,3713.9123219542071
情景一阈值控制,81.789062316102061,3209.2127278806156,18.629521719366618,13076.601045895195,7.006626844562212,3688.550077660228,1410.1687097815229,2304.0165098507446,0,19.38921927537552,21.40179431505479,12.8872,0.32300000000000001,0.71017292970457868,3714.1852196322675,3714.1852196322675
情景一阈值控制,81.83625012762721,3208.4428532877473,18.55441397571439,13077.099188049991,6.9778914299322423,3688.9256532565828,1410.352672642098,2304.1042794282421,0,19.38921927537552,21.40179431505479,12.8872,0.32300000000000001,0.7100025626577412,3714.4569520703399,3714.4569520703399
情景一阈值控制,81.883437939152344,3207.6762670428825,18.479565263726094,13077.595202501425,6.9492590582510472,3689.2997061336846,1410.5358497462516,2304.1916741175205,0,19.38921927537552,21.40179431505479,12.8872,0.32300000000000001,0.70983292329583247,3714.7275238637721,3714.7275238637721
情景一阈值控制,81.930625750677493,3206.9129561676468,18.404975078627515,13078.089097647064,6.9207294941747515,3689.6722416124558,1410.7182441951884,2304.2786953981799,0,19.38921927537552,21.40179431505479,12.8872,0.32300000000000001,0.70966400874684288,3714.9969395933686,3714.9969395933686
情景一阈值控制,81.977813562202627,3206.1529077248415,18.330642912859329,13078.580881857837,6.8923025015932398,3690.0432650028374,1410.8998590802744,2304.3653447451265,0,19.38921927537552,21.40179431505479,12.8872,0.32300000000000001,0.70949581614787449,3715.2652038254009,3715.2652038254009
情景一阈值控制,82,3205.7966773053081,18.295782961909484,13078.81137834445,6.8789722786352119,3690.2171891096641,1410.9849809528603,2304.405956805459,0,19.38921927537552,21.40179431505479,12.8872,0.32300000000000001,0.70941698522510899,3715.3909377583195,3715.3909377583195
情景一阈值控制,82.025001373727775,3205.3961088184078,18.256568256122716,13079.07056347805,6.8639778436462207,3690.4127816037403,1411.0806974830446,2304.4516236285754,0,19.38921927537552,21.40179431505479,12.8872,0.32300000000000001,0.70932834264513367,3715.5323211116201,3715.5323211116201
情景一阈值控制,82.07218918525291,3204.6425465934021,18.182750595425034,13079.558150825413,6.8357552827392807,3690.7807967029903,1411.2607624752104,2304.5375335140548,0,19.38921927537552,21.40179431505479,12.8872,0.32300000000000001,0.70916158539392427,3715.7982959892652,3715.7982959892652
情景一阈值控制,82.119376996778058,3203.8922082359545,18.109189415124707,13080.043652191045,6.8076345805596858,3691.1473155772833,1411.4400571186679,2304.6230758624101,0,19.38921927537552,21.40179431505479,12.8872,0.32300000000000001,0.70899554155864075,3716.0631329810781,3716.0631329810781
情景一阈值控制,82.166564808303207,3203.1450809732419,18.035884196976166,13080.527075839524,6.7796154980921601,3691.5123434921347,1411.6185844655054,2304.7082521298084,0,19.38921927537552,21.40179431505479,12.8872,0.32300000000000001,0.70883020831275989,3716.3268365953136,3716.3268365953136
情景一阈值控制,82.213752619828341,3202.4011520734498,17.962834420174158,13081.008430008877,6.7516977956344562,3691.8758857018324,1411.796347558012,2304.79306376774,0,19.38921927537552,21.40179431505479,12.8872,0.32300000000000001,0.70866558283883363,3716.5894113257518,3716.5894113257518
情景一阈值控制,82.26094043135349,3201.6604088457329,17.890039561397742,13081.487722910633,6.7238812328127953,3692.23794744939,1411.9733494286866,2304.877512223025,0,19.38921927537552,21.40179431505479,12.8872,0.32300000000000001,0.70850166232848044,3716.8508616517115,3716.8508616517115
情景一阈值控制,82.308128242878638,3200.9228386401846,17.817499094854121,13081.964962729831,6.6961655685972508,3692.5985339665008,1412.1495931002462,2304.9615989378162,0,19.38921927537552,21.40179431505479,12.8872,0.32300000000000001,0.70833844398237744,3717.1111920380627,3717.1111920380627
情景一阈值控制,82.355316054403772,3200.1884288477922,17.745212492321915,13082.440157625044,6.6685505613169189,3692.9576504734923,1412.3250815856368,2305.0453253496053,0,19.38921927537552,21.40179431505479,12.8872,0.32300000000000001,0.70817592501025206,3717.370406935242,3717.370406935242
情景一阈值控制,82.402503865928907,3199.4571669004008,17.673179223194158,13082.913315728412,6.6410359686749754,3693.3153021792846,1412.4998178880398,2305.1286928912245,0,19.38921927537552,21.40179431505479,12.8872,0.32300000000000001,0.70801410263087261,3717.6285107792646,3717.6285107792646
情景一阈值控制,82.449691677454055,3198.7290402706699,17.601398754520964,13083.38444514567,6.6136215477636346,3693.6714942813442,1412.6738050008853,2305.2117029908541,0,19.38921927537552,21.40179431505479,12.8872,0.32300000000000001,0.70785297407203962,3717.8855079917394,3717.8855079917394
情景一阈值控制,82.496879488979204,3198.0040364720348,17.529870551051918,13083.853553956158,6.586307055078974,3694.0262319656426,1412.8470459078594,2305.2943570720245,0,19.38921927537552,21.40179431505479,12.8872,0.32300000000000001,0.70769253657057685,3718.1414029798839,3718.1414029798839
情景一阈值控制,82.544067300504338,3197.2821430586628,17.45859407527799,13084.320650212874,6.5590922465356041,3694.3795204066155,1413.019543582915,2305.3766565536248,0,19.38921927537552,21.40179431505479,12.8872,0.32300000000000001,0.70753278737232184,3718.3962001365398,3718.3962001365398
情景一阈值控制,82.591255112029486,3196.5633476254075,17.387568787473118,13084.785741942484,6.5319768774811875,3694.7313647671217,1413.1913009902842,2305.4586028499025,0,19.38921927537552,21.40179431505479,12.8872,0.32300000000000001,0.70737372373211538,3718.6499038401867,3718.6499038401867
情景一阈值控制,82.638442923554635,3195.8476378077653,17.316794145735621,13085.248837145353,6.50496070271093,3695.081770198401,1413.3623210844848,2305.5401973704738,0,19.38921927537552,21.40179431505479,12.8872,0.32300000000000001,0.70721534291379284,3718.9025184549587,3718.9025184549587
情景一阈值控制,82.685630735079769,3195.1350012818325,17.246269606029106,13085.709943795582,6.4780434764818429,3695.4307418400408,1413.5326068103363,2305.6214415203262,0,19.38921927537552,21.40179431505479,12.8872,0.32300000000000001,0.7070576421901732,3719.1540483306626,3719.1540483306626
情景一阈值控制,82.732818546604918,3194.4254257642529,17.175994622223019,13086.169069841033,6.4512249525268999,3695.7782848199299,1413.7021611029668,2305.7023366998233,0,19.38921927537552,21.40179431505479,12.8872,0.32300000000000001,0.70690061884304867,3719.40449780279,3719.40449780279
情景一阈值控制,82.780006358130052,3193.7188990121749,17.105968646133075,13086.626223203362,6.4245048840691323,3696.1244042542266,1413.870986887827,2305.7828843047128,0,19.38921927537552,21.40179431505479,12.8872,0.32300000000000001,0.70674427016317498,3719.6538711925396,3719.6538711925396
情景一阈值控制,82.827194169655201,3193.0154088232021,17.036191127561047,13087.081411778045,6.3978830238354929,3696.4691052473227,1414.0390870807016,2305.8630857261282,0,19.38921927537552,21.40179431505479,12.8872,0.32300000000000001,0.70658859345026004,3719.9021728068301,3719.9021728068301
情景一阈值控制,82.874381981180335,3192.314943035341,16.966661514334554,13087.534643434419,6.3713591240707119,3696.8123928918017,1414.2064645877188,2305.9429423505985,0,19.38921927537552,21.40179431505479,12.8872,0.32300000000000001,0.7064335860129527,3720.149406938317,3720.149406938317
情景一阈值控制,82.921569792705483,3191.6174895269528,16.89737925234617,13087.985926015708,6.344932936550908,3697.1542722684094,1414.3731223053646,2306.0224555600516,0,19.38921927537552,21.40179431505479,12.8872,0.32300000000000001,0.70627924516883178,3720.3955778654163,3720.3955778654163
情景一阈值控制,82.968757604230632,3190.9230362167041,16.828343785592555,13088.435267339059,6.3186042125971884,3697.4947484460163,1414.5390631204959,2306.1016267318205,0,19.38921927537552,21.40179431505479,12.8872,0.32300000000000001,0.70612556824439543,3720.6406898523164,3720.6406898523164
情景一阈值控制,83,3190.4648932029518,16.782771880098711,13088.731705681341,6.3012258344983749,3697.719403401079,1414.6485371830811,2306.1538573407051,0,19.38921927537552,21.40179431505479,12.8872,0.32300000000000001,0.70602418488533247,3720.8023945237865,3720.8023945237865
情景一阈值控制,83.015945415755766,3190.2315710635098,16.759554556213001,13088.882675195569,6.2923727030890495,3697.8338264815861,1414.7042899103499,2306.1804572386486,0,19.38921927537552,21.40179431505479,12.8872,0.32300000000000001,0.70597255257504876,3720.8847471489985,3720.8847471489985
情景一阈值控制,83.063133227280915,3189.5430820664833,16.691011004527677,13089.328157350337,6.2662381584776581,3698.171511420142,1414.8688055425589,2306.2589484486984,0,19.38921927537552,21.40179431505479,12.8872,0.32300000000000001,0.70582019550509201,3721.1277539912571,3721.1277539912571
情景一阈值控制,83.110321038806049,3188.857557264882,16.62271256907577,13089.771721542478,6.2402003287990855,3698.5078082947325,1415.032612875164,2306.337101725554,0,19.38921927537552,21.40179431505479,12.8872,0.32300000000000001,0.70566849438770929,3721.369714600718,3721.369714600718
情景一阈值控制,83.157508850331197,3188.1749847380524,16.554658686652957,13090.213375485171,6.2142589636873025,3698.8427221264042,1415.1957147566247,2306.4149184282305,0,19.38921927537552,21.40179431505479,12.8872,0.32300000000000001,0.70551744658495608,3721.610633184855,3721.610633184855
情景一阈值控制,83.204696661856332,3187.4953526053732,16.486848792348919,13090.653126865691,6.1884138123871768,3699.1762579241677,1415.3581140258361,2306.4923999111779,0,19.38921927537552,21.40179431505479,12.8872,0.32300000000000001,0.70536704946774631,3721.8505139370141,3721.8505139370141
情景一阈值控制,83.25188447338148,3186.8186490262019,16.41928231958418,13091.090983345446,6.1626646237672329,3699.5084206849688,1415.5198135121411,2306.5695475242892,0,19.38921927537552,21.40179431505479,12.8872,0.32300000000000001,0.70521730041584119,3722.0893610364301,3722.0893610364301
情景一阈值控制,83.299072284906629,3186.1448621998129,16.351958700146948,13091.526952560016,6.1370111463324024,3699.8392153936593,1415.6808160353426,2306.6463626129071,0,19.38921927537552,21.40179431505479,12.8872,0.32300000000000001,0.70506819681783539,3722.3271786482496,3722.3271786482496
情景一阈值控制,83.346260096431763,3185.4739803653442,16.284877364229441,13091.961042119186,6.111453128236576,3700.1686470229702,1415.841124405719,2306.7228465178277,0,19.38921927537552,21.40179431505479,12.8872,0.32300000000000001,0.70491973607114466,3722.5639709235465,3722.5639709235465
情景一阈值控制,83.393447907956912,3184.8059918017348,16.218037740463874,13092.393259606994,6.085990317295038,3700.496720533481,1416.0007414240379,2306.7990005753122,0,19.38921927537552,21.40179431505479,12.8872,0.32300000000000001,0.70477191558199281,3722.7997419993499,3722.7997419993499
情景一阈值控制,83.44063571948206,3184.1408848276669,16.15143925595833,13092.823612581749,6.0606224609968633,3700.8234408735939,1416.1596698815704,2306.8748261170895,0,19.38921927537552,21.40179431505479,12.8872,0.32300000000000001,0.70462473276539828,3723.0344959986596,3723.0344959986596
情景一阈值控制,83.487823531007194,3183.4786478015067,16.085081336332141,13093.252108576104,6.0353493065171087,3701.1488129795089,1416.317912560105,2306.9503244703637,0,19.38921927537552,21.40179431505479,12.8872,0.32300000000000001,0.70447818504516113,3723.2682370304688,3723.2682370304688
情景一阈值控制,83.535011342532329,3182.819269121238,16.018963405750959,13093.678755097051,6.0101706007289106,3701.4728417751962,1416.4754722319635,2307.0254969578236,0,19.38921927537552,21.40179431505479,12.8872,0.32300000000000001,0.70433226985384867,3723.5009691897872,3723.5009691897872
情景一阈值控制,83.582199154057477,3182.162737224407,15.953084886961625,13094.10355962601,5.9850860902154919,3701.7955321723734,1416.6323516600141,2307.1003448976467,0,19.38921927537552,21.40179431505479,12.8872,0.32300000000000001,0.70418698463278295,3723.7326965576608,3723.7326965576608
情景一阈值控制,83.629386965582626,3181.509040588056,15.887445201326695,13094.526529618826,5.9600955212820521,3702.1168890704771,1416.7885535976877,2307.1748696035088,0,19.38921927537552,21.40179431505479,12.8872,0.32300000000000001,0.70404232683202617,3723.9634232011967,3723.9634232011967
情景一阈值控制,83.67657477710776,3180.8581677286584,15.822043768858615,13094.947672505838,5.9351986399675116,3702.4369173566447,1416.9440807889923,2307.249072384589,0,19.38921927537552,21.40179431505479,12.8872,0.32300000000000001,0.70389829391036673,3724.1931531735813,3724.1931531735813
情景一阈值控制,83.723762588632908,3180.2101072020582,15.756880008253539,13095.366995691911,5.9103951920561384,3702.7556219056873,1417.0989359685288,2307.3229545455793,0,19.38921927537552,21.40179431505479,12.8872,0.32300000000000001,0.70375488333530489,3724.4218905141079,3724.4218905141079
情景一阈值控制,83.770950400158057,3179.5648476034048,15.691953336925048,13095.784506556476,5.8856849230891255,3703.0730075800707,1417.2531218615061,2307.3965173866895,0,19.38921927537552,21.40179431505479,12.8872,0.32300000000000001,0.70361209258303881,3724.6496392481959,3724.6496392481959
情景一阈值控制,83.818138211683191,3178.9223775670844,15.627263171037377,13096.200212453579,5.8610675783759856,3703.3890792298903,1417.4066411837571,2307.469762203657,0,19.38921927537552,21.40179431505479,12.8872,0.32300000000000001,0.70346991913845003,3724.876403387414,3724.876403387414
情景一阈值控制,83.86532602320834,3178.2826857666564,15.562808925538331,13096.614120711914,5.8365429030058413,3703.7038416928526,1417.5594966417543,2307.5426902877534,0,19.38921927537552,21.40179431505479,12.8872,0.32300000000000001,0.70332836049508818,3725.1021869295078,3725.1021869295078
情景一阈值控制,83.912513834733474,3177.6457609147869,15.498590014192127,13097.026238634875,5.8121106418586699,3704.0172997942545,1417.7116909326257,2307.6153029257907,0,19.38921927537552,21.40179431505479,12.8872,0.32300000000000001,0.70318741415515751,3725.3269938584162,3725.3269938584162
情景一阈值控制,83.959701646258623,3177.0115917631788,15.434605849611609,13097.436573500596,5.7877705396163339,3704.3294583469642,1417.863226744171,2307.6876014001323,0,19.38921927537552,21.40179431505479,12.8872,0.32300000000000001,0.70304707762950025,3725.5508281443035,3725.5508281443035
情景一阈值控制,84,3176.4721849350699,15.380148819350635,13097.785593045019,5.7670568773538315,3704.5950163231737,1417.9921189352262,2307.7490964927629,0,19.38921927537552,21.40179431505479,12.8872,0.32300000000000001,0.70292771124281828,3725.7412154279891,3725.7412154279891
情景一阈值控制,84.006889457783757,3176.3801671025067,15.370855843290519,13097.845132561995,5.763522340773604,3704.6403221513997,1418.014106754878,2307.7595869886968,0,19.38921927537552,21.40179431505479,12.8872,0.32300000000000001,0.70290734843758307,3725.7736937435748,3725.7736937435748
情景一阈值控制,84.054077269308905,3175.7514757623458,15.307339405635123,13098.251923046824,5.7393657896489723,3704.9498959955135,1418.1643336339387,2307.8312609649697,0,19.38921927537552,21.40179431505479,12.8872,0.32300000000000001,0.70276822410748085,3725.9955945989086,3725.9955945989086
情景一阈值控制,84.101265080834054,3175.1255066111034,15.244055945995868,13098.656952157698,5.7153006303954621,3705.2581846547728,1418.3139100412668,2307.9026245980081,0,19.38921927537552,21.40179431505479,12.8872,0.32300000000000001,0.70262970217586185,3726.2165346392749,3726.2165346392749
情景一阈值控制,84.148452892359188,3174.5022485559502,15.181004872698528,13099.060227072167,5.6913266070112449,3705.5651928921425,1418.4628386275124,2307.9736791524501,0,19.38921927537552,21.40179431505479,12.8872,0.32300000000000001,0.70249178018797209,3726.4365177799627,3726.4365177799627
情景一阈值控制,84.195640703884337,3173.8816905427479,15.118185593075092,13099.461754942726,5.6674434633501569,3705.8709254580695,1418.611122034082,2308.0444258885241,0,19.38921927537552,21.40179431505479,12.8872,0.32300000000000001,0.70235445569762012,3726.6555479226063,3726.6555479226063
情景一阈值控制,84.242828515409471,3173.2638215559773,15.055597513494517,13099.861542896895,5.6436509431321848,3706.1753870904681,1418.7587628931517,2308.1148660620538,0,19.38921927537552,21.40179431505479,12.8872,0.32300000000000001,0.70221772626715995,3726.8736289552053,3726.8736289552053
情景一阈值控制,84.290016326934619,3172.6486306186684,14.993240039392937,13100.259598037253,5.6199487899537326,3706.4785825146992,1418.9057638276879,2308.185000924469,0,19.38921927537552,21.40179431505479,12.8872,0.32300000000000001,0.70208158946747667,3727.0907647521572,3727.0907647521572
情景一阈值控制,84.337204138459754,3172.0361067923295,14.93111257530389,13100.655927441474,5.5963367472978955,3706.7805164435626,1419.052127451462,2308.2548317228134,0,19.38921927537552,21.40179431505479,12.8872,0.32300000000000001,0.70194604287797036,3727.3069591742751,3727.3069591742751
情景一阈值控制,84.384391949984902,3171.4262391768698,14.869214524887941,13101.050538162386,5.5728145585445112,3707.0811935772772,1419.1978563690693,2308.3243596997513,0,19.38921927537552,21.40179431505479,12.8872,0.32300000000000001,0.70181108408653836,3727.5222160688209,3727.5222160688209
情景一阈值控制,84.431579761510051,3170.8190169105305,14.807545290962324,13101.443437228021,5.5493819669802296,3707.3806186034717,1419.3429531759464,2308.393586093579,0,19.38921927537552,21.40179431505479,12.8872,0.32300000000000001,0.70167671068956095,3727.7365392695256,3727.7365392695256
情景一阈值控制,84.478767573035185,3170.2144291698069,14.74610427553011,13101.834631641654,5.5260387158083795,3707.6787961971672,1419.4874204583873,2308.4625121382296,0,19.38921927537552,21.40179431505479,12.8872,0.32300000000000001,0.70154292029188403,3727.9499325966171,3727.9499325966171
情景一阈值控制,84.525955384560334,3169.6124651693767,14.684890879809089,13102.224128381851,5.5027845481587612,3707.9757310207701,1419.6312607935643,2308.5311390632846,0,19.38921927537552,21.40179431505479,12.8872,0.32300000000000001,0.70140971050680234,3728.1623998568489,3728.1623998568489
情景一阈值控制,84.573143196085482,3169.0131141620259,14.623904504260562,13102.611934402528,5.4796192070973797,3708.2714277240543,1419.7744767495426,2308.5994680939802,0,19.38921927537552,21.40179431505479,12.8872,0.32300000000000001,0.70127707895604419,3728.3739448435226,3728.3739448435226
情景一阈值控制,84.620331007610616,3168.4163654385688,14.56314454861767,13102.99805663299,5.4565424356360124,3708.5658909441531,1419.9170708853001,2308.6675004512176,0,19.38921927537552,21.40179431505479,12.8872,0.32300000000000001,0.70114502326975292,3728.5845713365179,3728.5845713365179
情景一阈值控制,84.667518819135751,3167.8222083277756,14.502610411913484,13103.382501977985,5.4335539767417034,3708.8591253055502,1420.0590457507462,2308.7352373515705,0,19.38921927537552,21.40179431505479,12.8872,0.32300000000000001,0.70101354108647129,3728.7942831023165,3728.7942831023165
情景一阈值控制,84.714706630660899,3167.2306321962956,14.442301492508882,13103.765277317749,5.4106535733461545,3709.1511354200661,1420.2004038867374,2308.8026800072948,0,19.38921927537552,21.40179431505479,12.8872,0.32300000000000001,0.70088263005312457,3729.003083894032,3729.003083894032
情景一阈值控制,84.761894442186048,3166.6416264485792,14.382217188120174,13104.146389508061,5.3878409683550403,3709.4419258868493,1420.3411478250996,2308.869829626336,0,19.38921927537552,21.40179431505479,12.8872,0.32300000000000001,0.70075228782500276,3729.2109774514356,3729.2109774514356
情景一阈值控制,84.809082253711182,3166.0551805268001,14.322356895846363,13104.525845380294,5.3651159046571824,3709.7315012923682,1420.4812800886432,2308.9366874123398,0,19.38921927537552,21.40179431505479,12.8872,0.32300000000000001,0.70062251206574411,3729.4179675009827,3729.4179675009827
情景一阈值控制,84.85627006523633,3165.4712839107779,14.262720012196144,13104.903651741457,5.3424781251336242,3710.0198662104017,1420.6208031911833,2309.0032545646595,0,19.38921927537552,21.40179431505479,12.8872,0.32300000000000001,0.70049330044731739,3729.6240577558428,3729.6240577558428
情景一阈值控制,84.903457876761479,3164.8899261179008,14.203305933114779,13105.279815374253,5.3199273726666636,3710.3070252020311,1420.7597196375577,2309.0695322783654,0,19.38921927537552,21.40179431505479,12.8872,0.32300000000000001,0.70036465065000508,3729.8292519159231,3729.8292519159231
情景一阈值控制,84.950645688286613,3164.3110967030452,14.144114054010567,13105.654343037129,5.2974633901487307,3710.5929828156313,1420.8980319236475,2309.1355217442547,0,19.38921927537552,21.40179431505479,12.8872,0.32300000000000001,0.70023656036238535,3730.0335536679022,3730.0335536679022
情景一阈值控制,84.997833499811762,3163.7347852584958,14.085143769781027,13106.027241464328,5.275085920491164,3710.8777435868687,1421.0357425363934,2309.2012241488587,0,19.38921927537552,21.40179431505479,12.8872,0.32300000000000001,0.70010902728131452,3730.2369666852519,3730.2369666852519
情景一阈值控制,85,3163.708385770768,14.082441619967026,13106.044323074533,5.2740605927306197,3710.8907889419661,1421.0420507394761,2309.2042338232986,0,19.38921927537552,21.40179431505479,12.8872,0.32300000000000001,0.70010318528730187,3730.2462845627747,3730.2462845627747
情景一阈值控制,85.045021311336896,3163.1609814138687,14.026394474839021,13106.398517365938,5.252794706632967,3711.1613120386878,1421.1728539538171,2309.2666406744538,0,19.38921927537552,21.40179431505479,12.8872,0.32300000000000001,0.69998204911191053,3730.4394946282709,3730.4394946282709
情景一阈值控制,85.092209122862045,3162.5896748360283,13.967865563138345,13106.768177427941,5.2305894915493525,3711.4436926813096,1421.3093686450391,2309.3317724990693,0,19.38921927537552,21.40179431505479,12.8872,0.32300000000000001,0.69985562356753339,3730.6411411441086,3730.6411411441086
情景一阈值控制,85.139396934387179,3162.0208552290078,13.909556428199336,13107.136228312273,5.208470018260317,3711.7248900122245,1421.445289070298,2309.3966207964972,0,19.38921927537552,21.40179431505479,12.8872,0.32300000000000001,0.69972974836976864,3730.8419098667955,3730.8419098667955
情景一阈值控制,85.186584745912327,3161.454512333929,13.851466463133942,13107.502676656877,5.1864360298389967,3712.0049085161882,1421.5806176809708,2309.4611867363014,0,19.38921927537552,21.40179431505479,12.8872,0.32300000000000001,0.69960442124840916,3731.041804417272,3731.041804417272
情景一阈值控制,85.233772557437476,3160.890635928919,13.793595060670826,13107.86752907574,5.1644872694200377,3712.2837526652156,1421.7153569195916,2309.5254714838261,0,19.38921927537552,21.40179431505479,12.8872,0.32300000000000001,0.6994796399414368,3731.2408284034177,3731.2408284034177
情景一阈值控制,85.28096036896261,3160.329215829031,13.735941613180014,13108.230792158967,5.1426234802078135,3712.5614269185799,1421.8495092198709,2309.5894762002076,0,19.38921927537552,21.40179431505479,12.8872,0.32300000000000001,0.69935540219500492,3731.4389854200786,3731.4389854200786
情景一阈值控制,85.328148180487759,3159.77024188616,13.67850551269729,13108.592472472819,5.1208444054845321,3712.8379357228032,1421.983077006716,2309.6532020423806,0,19.38921927537552,21.40179431505479,12.8872,0.32300000000000001,0.69923170576341953,3731.6362790490966,3731.6362790490966
情景一阈值控制,85.375335992012893,3159.2137039889617,13.621286150948542,13108.952576559777,5.0991497886183295,3713.1132835116605,1422.1160626962499,2309.7166501630882,0,19.38921927537552,21.40179431505479,12.8872,0.32300000000000001,0.69910854840912162,3731.8327128593382,3731.8327128593382
情景一阈值控制,85.422523803538041,3158.6595920627674,13.564282919373571,13109.311110938583,5.0775393730711711,3713.3874747061709,1422.2484686958317,2309.7798217108948,0,19.38921927537552,21.40179431505479,12.8872,0.32300000000000001,0.69898592790266811,3732.0282904067262,3732.0282904067262
情景一阈值控制,85.469711615063176,3158.107896069504,13.507495209149956,13109.668082104305,5.056012902406767,3713.6605137146003,1422.3802974040771,2309.8427178301904,0,19.38921927537552,21.40179431505479,12.8872,0.32300000000000001,0.69886384202271434,3732.2230152342672,3732.2230152342672
情景一阈值控制,85.516899426588324,3157.5586060076075,13.450922411216377,13110.023496528389,5.0345701202982909,3713.9324049324546,1422.5115512108764,2309.9053396612044,0,19.38921927537552,21.40179431505479,12.8872,0.32300000000000001,0.69874228855599474,3732.4168908720808,3732.4168908720808
情景一阈值控制,85.564087238113473,3157.0117119119418,13.394563916295956,13110.377360658707,5.0132107705361042,3714.2031527424847,1422.6422324974162,2309.9676883400116,0,19.38921927537552,21.40179431505479,12.8872,0.32300000000000001,0.69862126529730484,3732.609920837428,3732.609920837428
情景一阈值控制,85.611275049638607,3156.4672038537105,13.338419114919205,13110.729680919621,4.9919345970353346,3714.4727615146785,1422.7723436361994,2310.0297649985446,0,19.38921927537552,21.40179431505479,12.8872,0.32300000000000001,0.69850077004948219,3732.8021086347439,3732.8021086347439
情景一阈值控制,85.658462861163756,3155.9250719403763,13.282487397446697,13111.080463712033,4.9707413438433612,3714.7412356062678,1422.9018869910653,2310.0915707646031,0,19.38921927537552,21.40179431505479,12.8872,0.32300000000000001,0.6983808006233877,3732.9934577556687,3732.9934577556687
情景一阈值控制,85.705650672688904,3155.3853063155739,13.226768154091697,13111.429715413431,4.9496307551472682,3715.0085793617209,1423.0308649172089,2310.1531067618621,0,19.38921927537552,21.40179431505479,12.8872,0.32300000000000001,0.6982613548378872,3733.183971679071,3733.183971679071
情景一阈值控制,85.752838484214038,3154.8478971590262,13.171260774942358,13111.777442377965,4.9286025752811549,3715.274797112751,1423.1592797612025,2310.2143741098826,0,19.38921927537552,21.40179431505479,12.8872,0.32300000000000001,0.69814243051983249,3733.373653871085,3733.373653871085
情景一阈值控制,85.800026295739187,3154.3128346864555,13.115964649983713,13112.123650936483,4.9076565487333559,3715.5398931783102,1423.2871338610162,2310.2753739241216,0,19.38921927537552,21.40179431505479,12.8872,0.32300000000000001,0.69802402550404186,3733.5625077851378,3733.5625077851378
情景一阈值控制,85.847214107264321,3153.7801091495026,13.060879169119589,13112.468347396596,4.886792420153653,3715.8038718645939,1423.4144295460371,2310.3361073159413,0,19.38921927537552,21.40179431505479,12.8872,0.32300000000000001,0.69790613763328169,3733.7505368619786,3733.7505368619786
情景一阈值控制,85.89440191878947,3153.2497108356361,13.006003722194039,13112.811538042732,4.8660099343602923,3716.0667374650448,1423.5411691370914,2310.3965753926186,0,19.38921927537552,21.40179431505479,12.8872,0.32300000000000001,0.69778876475824714,3733.93774452971,3733.93774452971
情景一阈值控制,85.941589730314604,3152.7216300680689,12.951337699012809,13113.153229136189,4.8453088363470149,3716.3284942603491,1423.667354946464,2310.4567792573562,0,19.38921927537552,21.40179431505479,12.8872,0.32300000000000001,0.69767190473754293,3734.1241342038202,3734.1241342038202
情景一阈值控制,85.988777541839752,3152.1958572056697,12.896880489364309,13113.493426915196,4.8246888712899203,3716.5891465184459,1423.7929892779198,2310.5167200092915,0,19.38921927537552,21.40179431505479,12.8872,0.32300000000000001,0.69755555543766468,3734.3097092872113,3734.3097092872113
情景一阈值控制,86,3152.0711537389175,12.883959852911973,13113.574115450983,4.8197968349735909,3716.6509741221798,1423.8227873861829,2310.5309368319927,0,19.38921927537552,21.40179431505479,12.8872,0.32300000000000001,0.69752795956483327,3734.3537242181756,3734.3537242181756
情景一阈值控制,86.035965353364901,3151.6723826428779,12.842631483040609,13113.832137594969,4.8041497845543217,3716.8486984945248,1423.9180744267237,2310.5763987435066,0,19.38921927537552,21.40179431505479,12.8872,0.32300000000000001,0.69743971473297917,3734.4944731702303,3734.4944731702303
情景一阈值控制,86.083153164890035,3151.1511968096147,12.78859006985804,13114.16936736776,4.7836913217014718,3717.1071544310325,1424.0426126796635,2310.6358165510392,0,19.38921927537552,21.40179431505479,12.8872,0.32300000000000001,0.69732438050570489,3734.6784292307029,3734.6784292307029
情景一阈值控制,86.130340976415184,3150.632290171196,12.734755639677573,13114.505122402925,4.7633132284951945,3717.3645185576747,1424.1666063150676,2310.6949745188908,0,19.38921927537552,21.40179431505479,12.8872,0.32300000000000001,0.69720955064589296,3734.8615808339582,3734.8615808339582
情景一阈值控制,86.177528787940318,3150.1156532282444,12.68112758242513,13114.839408846965,4.7430152509084973,3717.6207950914231,1424.2900576028289,2310.7538737300383,0,19.38921927537552,21.40179431505479,12.8872,0.32300000000000001,0.69709522305140792,3735.043931332867,3735.043931332867
情景一阈值控制,86.224716599465467,3149.6012765166024,12.627705288111446,13115.172232823608,4.7227971351300218,3717.8759882365148,1424.4129688044238,2310.8125152634429,0,19.38921927537552,21.40179431505479,12.8872,0.32300000000000001,0.69698139562790773,3735.225484067867,3735.225484067867
情景一阈值控制,86.271904410990601,3149.0891506072444,12.574488146851952,13115.503600433838,4.7026586275704982,3718.1301021844638,1424.5353421729349,2310.8709001940624,0,19.38921927537552,21.40179431505479,12.8872,0.32300000000000001,0.69686806628882503,3735.4062423669975,3735.4062423669975
情景一阈值控制,86.319092222515749,3148.5792661061841,12.521475548886187,13115.833517755966,4.6825994748690345,3718.3831411140609,1424.6571799530705,2310.9290295928568,0,19.38921927537552,21.40179431505479,12.8872,0.32300000000000001,0.69675523295534636,3735.586209545927,3735.586209545927
情景一阈值控制,86.366280034040898,3148.0716136543924,12.468666884597242,13116.161990845694,4.662619423899403,3718.6351091913834,1424.7784843811874,2310.9869045268028,0,19.38921927537552,21.40179431505479,12.8872,0.32300000000000001,0.69664289355639397,3735.7653889079902,3735.7653889079902
情景一阈值控制,86.413467845566032,3147.5661839277036,12.416061544530821,13116.48902573616,4.6427182217762022,3718.8860105697968,1424.8992576853109,2311.0445260589036,0,19.38921927537552,21.40179431505479,12.8872,0.32300000000000001,0.69653104602860494,3735.9437837442147,3735.9437837442147
情景一阈值控制,86.460655657091181,3147.0629676367275,12.363658919414082,13116.814628438,4.6228956158609336,3719.1358493899661,1425.019502085157,2311.101895248195,0,19.38921927537552,21.40179431505479,12.8872,0.32300000000000001,0.69641968831631218,3736.121397333352,3736.121397333352
情景一阈值控制,86.507843468616329,3146.5619555267599,12.311458400174427,13117.138804939406,4.6031513537680526,3719.3846297798596,1425.1392197921525,2311.1590131497601,0,19.38921927537552,21.40179431505479,12.8872,0.32300000000000001,0.69630881837152425,3736.2982329419128,3736.2982329419128
情景一阈值控制,86.555031280141463,3146.0631383776949,12.259459377957912,13117.461561206188,4.5834851833708985,3719.6323558547565,1425.2584130094583,2311.2158808147374,0,19.38921927537552,21.40179431505479,12.8872,0.32300000000000001,0.6961984341539057,3736.4742938241957,3736.4742938241957
情景一阈值控制,86.602219091666598,3145.5665070039336,12.20766124414749,13117.782903181826,4.563896852807539,3719.8790317172552,1425.3770839319891,2311.2724992903318,0,19.38921927537552,21.40179431505479,12.8872,0.32300000000000001,0.69608853363075773,3736.6495832223209,3736.6495832223209
情景一阈值控制,86.649406903191746,3145.0720522542933,12.156063390381096,13118.102836787526,4.5443861104865775,3720.124661457281,1425.495234746435,2311.3288696198238,0,19.38921927537552,21.40179431505479,12.8872,0.32300000000000001,0.69597911477699725,3736.8241043662588,3736.8241043662588
情景一阈值控制,86.696594714716895,3144.5797650119193,12.104665208569513,13118.421367922292,4.5249527050928799,3720.3692491520933,1425.6128676312851,2311.3849928425807,0,19.38921927537552,21.40179431505479,12.8872,0.32300000000000001,0.69587017557513764,3736.9978604738658,3736.9978604738658
情景一阈值控制,86.743782526242029,3144.089636194195,12.053466090913997,13118.738502462969,4.5055963855931971,3720.6127988662956,1425.7299847568459,2311.4408699940673,0,19.38921927537552,21.40179431505479,12.8872,0.32300000000000001,0.69576171401526909,3737.1708547509133,3737.1708547509133
情景一阈值控制,86.790970337767178,3143.6016567526476,12.002465429923662,13119.054246264312,4.4863169012417181,3720.8553146518434,1425.8465882852652,2311.4965021058538,0,19.38921927537552,21.40179431505479,12.8872,0.32300000000000001,0.69565372809503745,3737.3430903911189,3737.3430903911189
情景一阈值控制,86.838158149292326,3143.1158176728622,11.951662618432806,13119.368605159032,4.4671140015855961,3721.0968005480545,1425.9626803705535,2311.5518902056292,0,19.38921927537552,21.40179431505479,12.8872,0.32300000000000001,0.69554621581962528,3737.5145705761825,3737.5145705761825
情景一阈值控制,86.88534596081746,3142.6321099743891,11.901057049617911,13119.681584957874,4.4479874364703482,3721.3372605816162,1426.0782631586046,2311.6070353172104,0,19.38921927537552,21.40179431505479,12.8872,0.32300000000000001,0.69543917520173137,3737.6852984758152,3737.6852984758152
情景一阈值控制,86.932533772342609,3142.1505247106529,11.850648117014419,13119.993191449656,4.4289369560451908,3721.5766987666007,1426.193338787218,2311.6619384605519,0,19.38921927537552,21.40179431505479,12.8872,0.32300000000000001,0.69533260426155064,3737.8552772477697,3737.8552772477697
情景一阈值控制,86.979721583867743,3141.6710529688603,11.800435214533488,13120.303430401338,4.4099623107683525,3721.8151191044658,1426.3079093861211,2311.7166006517568,0,19.38921927537552,21.40179431505479,12.8872,0.32300000000000001,0.69522650102675376,3738.0245100378779,3738.0245100378779
情景一阈值控制,87,3141.4656526122294,11.778916871621149,13120.436333314614,4.4018314115098107,3721.9172657899935,1426.3569901552739,2311.7400173259612,0,19.38921927537552,21.40179431505479,12.8872,0.32300000000000001,0.69518104758212429,3738.0970074812349,3738.0970074812349
情景一阈值控制,87.026909395392892,3141.1936858699114,11.75041773647831,13120.612307558091,4.3910632514122296,3722.0525255840762,1426.4219770769901,2311.7710229030872,0,19.38921927537552,21.40179431505479,12.8872,0.32300000000000001,0.69512086353246738,3738.1929999800773,3738.1929999800773
情景一阈值控制,87.074097206918026,3140.7184145683059,11.70059507756047,13120.919828643326,4.3722395290685716,3722.2889221817081,1426.5355439734722,2311.8252062229749,0,19.38921927537552,21.40179431505479,12.8872,0.32300000000000001,0.69501568982125372,3738.360750196447,3738.360750196447
情景一阈值控制,87.121285018443174,3140.2452302520537,11.650966632915889,13121.225999358785,4.3534908951534987,3722.5243128610591,1426.6486121812084,2311.8791516160304,0,19.38921927537552,21.40179431505479,12.8872,0.32300000000000001,0.69491097794309009,3738.5277637972385,3738.5277637972385
情景一阈值控制,87.168472829968323,3139.7741241425829,11.601531798120785,13121.530825384587,4.3348171014125318,3722.7587015732647,1426.7611837978527,2311.9328600830559,0,19.38921927537552,21.40179431505479,12.8872,0.32300000000000001,0.69480672595534931,3738.6940438809088,3738.6940438809088
情景一阈值控制,87.215660641493457,3139.3050874946462,11.552289969207298,13121.834312379282,4.3162178999255074,3722.9920922569077,1426.8732609130977,2311.986332621053,0,19.38921927537552,21.40179431505479,12.8872,0.32300000000000001,0.69470293192277843,3738.8595935341509,3738.8595935341509
情景一阈值控制,87.262848453018606,3138.8381115962306,11.503240542678922,13122.136465979918,4.2976930431114146,3723.2244888380283,1426.9848456086936,2312.0395702232354,0,19.38921927537552,21.40179431505479,12.8872,0.32300000000000001,0.6945995939174795,3739.0244158319292,3739.0244158319292
情景一阈值控制,87.31003626454374,3138.3731877684654,11.454382915525912,13122.437291802102,4.2792422837332271,3723.45589523014,1427.0959399584715,2312.0925738790374,0,19.38921927537552,21.40179431505479,12.8872,0.32300000000000001,0.69449671001888824,3739.1885138375092,3739.1885138375092
情景一阈值控制,87.357224076068889,3137.9103073655319,11.405716485240267,13122.736795440052,4.26086537490258,3723.6863153342392,1427.206546028365,2312.1453445741272,0,19.38921927537552,21.40179431505479,12.8872,0.32300000000000001,0.69439427831375422,3739.3518906024919,3739.3518906024919
情景一阈值控制,87.404411887594023,3137.4494617745663,11.357240649830764,13123.034982466666,4.2425620700844657,3723.9157530388202,1427.3166658764321,2312.1978832904133,0,19.38921927537552,21.40179431505479,12.8872,0.32300000000000001,0.6942922968961206,3739.5145491668454,3739.5145491668454
情景一阈值控制,87.451599699119171,3136.9906424155729,11.308954807837591,13123.331858433567,4.2243321231017887,3724.1442122198878,1427.4263015528782,2312.2501910060587,0,19.38921927537552,21.40179431505479,12.8872,0.32300000000000001,0.69419076386730305,3739.6764925589368,3739.6764925589368
情景一阈值控制,87.49878751064432,3136.5338407413292,11.260858358346983,13123.627428871181,4.2061752881399226,3724.37169674097,1427.5354551000767,2312.3022686954901,0,19.38921927537552,21.40179431505479,12.8872,0.32300000000000001,0.69408967733587013,3739.8377237955665,3739.8377237955665
情景一阈值控制,87.545975322169454,3136.0790482372922,11.212950701005575,13123.921699288785,4.1880913197511562,3724.5982104531331,1427.6441285525918,2312.3541173294084,0,19.38921927537552,21.40179431505479,12.8872,0.32300000000000001,0.69398903541762225,3739.9982458820004,3739.9982458820004
情景一阈值控制,87.593163133694603,3135.6262564215099,11.165231236034543,13124.214675174568,4.1700799728590665,3724.8237571949953,1427.7523239372015,2312.405737874798,0,19.38921927537552,21.40179431505479,12.8872,0.32300000000000001,0.69388883623557152,3740.1580618119997,3740.1580618119997
情景一阈值控制,87.640350945219751,3135.175456844524,11.117699364243707,13124.506361995696,4.1521410027628933,3725.0483407927409,1427.8600432729174,2312.4571312949406,0,19.38921927537552,21.40179431505479,12.8872,0.32300000000000001,0.69378907791992095,3740.3171745678583,3740.3171745678583
情景一阈值控制,87.687538756744885,3134.7266410892798,11.070354487045329,13124.796765198365,4.134274165141778,3725.2719650601339,1427.9672885710099,2312.5082985494219,0,19.38921927537552,21.40179431505479,12.8872,0.32300000000000001,0.69368975860804416,3740.4755871204316,3740.4755871204316
情景一阈值控制,87.73472656827002,3134.2798007710353,11.023196006467749,13125.085890207871,4.1164792160589707,3725.4946337985352,1428.0740618350271,2312.5592405941447,0,19.38921927537552,21.40179431505479,12.8872,0.32300000000000001,0.69359087644446527,3740.6333024291716,3740.6333024291716
情景一阈值控制,87.781914379795168,3133.8349275372639,10.97622332516891,13125.373742428654,4.09875591196597,3725.7163507969153,1428.1803650608201,2312.6099583813402,0,19.38921927537552,21.40179431505479,12.8872,0.32300000000000001,0.69349242958083734,3740.7903234421601,3740.7903234421601
情景一阈值控制,87.829102191320317,3133.3920130675651,10.929435846449689,13125.660327244375,4.0811040097066229,3725.9371198318713,1428.2862002365625,2312.6604528595744,0,19.38921927537552,21.40179431505479,12.8872,0.32300000000000001,0.69339441617592279,3740.9466530961372,3740.9466530961372
情景一阈值控制,87.876290002845451,3132.9510490735706,10.882832974267027,13125.945650017968,4.0635232665211367,3726.1569446676413,1428.3915693427748,2312.7107249737642,0,19.38921927537552,21.40179431505479,12.8872,0.32300000000000001,0.69329683439557255,3741.102294316539,3741.102294316539
情景一阈值控制,87.9234778143706,3132.5120272988506,10.836414113246866,13126.229716091701,4.0460134400500136,3726.3758290561218,1428.4964743523446,2312.7607756651842,0,19.38921927537552,21.40179431505479,12.8872,0.32300000000000001,0.69319968241270513,3741.2572500175288,3741.2572500175288
情景一阈值控制,87.970665625895748,3132.0749395188218,10.790178668697028,13126.512530787229,4.0285742883379854,3726.5937767368823,1428.6009172305503,2312.810605871477,0,19.38921927537552,21.40179431505479,12.8872,0.32300000000000001,0.69310295840728653,3741.4115231020273,3741.4115231020273
情景一阈值控制,88,3131.804194464009,10.761528524547252,13126.687714546057,4.0177687306833016,3726.7287937346714,1428.6656122279321,2312.8414721700801,0,19.38921927537552,21.40179431505479,12.8872,0.32300000000000001,0.6930430447072351,3741.507084398012,3741.507084398012
情景一阈值控制,88.017853437420882,3131.639777540654,10.744126046619826,13126.794099405673,4.0112055698378342,3726.8107914371831,1428.7048999350827,2312.8602165266675,0,19.38921927537552,21.40179431505479,12.8872,0.32300000000000001,0.69300666056630933,3741.5651164617502,3741.5651164617502
情景一阈值控制,88.065041248946031,3131.2065332031775,10.698255653724488,13127.074427227662,3.9939070434141626,3727.0268768719889,1428.8084244160675,2312.90960856117,0,19.38921927537552,21.40179431505479,12.8872,0.32300000000000001,0.69291078708377241,3741.7180329772373,3741.7180329772373
情景一阈值控制,88.112229060471165,3130.7751983767894,10.652566897439565,13127.353519513401,3.9766784683471439,3727.2420367439913,1428.9114926160876,2312.9587829018001,0,19.38921927537552,21.40179431505479,12.8872,0.32300000000000001,0.69281533616066016,3741.8702755178874,3741.8702755178874
情景一阈值控制,88.159416871996314,3130.3457649633597,10.607059185924973,13127.63138150273,3.9595196043361467,3727.4562747436185,1429.014106470205,2313.0077404717849,0,19.38921927537552,21.40179431505479,12.8872,0.32300000000000001,0.69272030600492174,3742.0218469419897,3742.0218469419897
情景一阈值控制,88.206604683521448,3129.9182248961397,10.561731928084081,13127.908018415179,3.9424302115033796,3727.6695945490601,1429.1162679059826,2313.0564821907751,0,19.38921927537552,21.40179431505479,12.8872,0.32300000000000001,0.69262569483145053,3742.1727500967577,3742.1727500967577
情景一阈值控制,88.253792495046596,3129.4925701396692,10.516584533575422,13128.183435450048,3.9254100503973999,3727.8819998262784,1429.2179788435083,2313.1050089748528,0,19.38921927537552,21.40179431505479,12.8872,0.32300000000000001,0.69253150086206372,3742.3229878183611,3742.3229878183611
情景一阈值控制,88.300980306571745,3129.0687926896803,10.471616412824464,13128.457637786438,3.9084588819966415,3728.0934942290296,1429.3192411954153,2313.1533217365454,0,19.38921927537552,21.40179431505479,12.8872,0.32300000000000001,0.69243772232548162,3742.472562931961,3742.472562931961
情景一阈值控制,88.348168118096879,3128.6468845730087,10.426826977035059,13128.73063058333,3.8915764677128313,3728.304081398881,1429.420056866905,2313.2014213848338,0,19.38921927537552,21.40179431505479,12.8872,0.32300000000000001,0.69234435745730705,3742.6214782517391,3742.6214782517391
情景一阈值控制,88.395355929622028,3128.2268378474946,10.382215638200764,13129.00241897965,3.8747625693943553,3728.5137649652288,1429.52042775577,2313.2493088251636,0,19.38921927537552,21.40179431505479,12.8872,0.32300000000000001,0.692251404500004,3742.7697365809336,3742.7697365809336
情景一阈值控制,88.442543741147176,3127.8086446018965,10.337781809116107,13129.273008094309,3.8580169493296133,3728.7225485453168,1429.6203557524154,2313.2969849594569,0,19.38921927537552,21.40179431505479,12.8872,0.32300000000000001,0.69215886170287844,3742.9173407118724,3742.9173407118724
情景一阈值控制,88.48973155267231,3127.3922969557916,10.293524903387588,13129.542403026284,3.8413393702502745,3728.9304357442547,1429.7198427398816,2313.344450686121,0,19.38921927537552,21.40179431505479,12.8872,0.32300000000000001,0.69206672732205621,3743.0642934260027,3743.0642934260027
情景一阈值控制,88.536919364197445,3126.9777870594871,10.24944433544454,13129.810608854665,3.8247295953344795,3729.1374301550377,1429.8188905938662,2313.3917069000609,0,19.38921927537552,21.40179431505479,12.8872,0.32300000000000001,0.69197499962046372,3743.2105974939268,3743.2105974939268
情景一阈值控制,88.584107175722593,3126.5651070939239,10.205539520549882,13130.07763063872,3.8081873882100141,3729.3435353585646,1429.9175011827469,2313.4387544926876,0,19.38921927537552,21.40179431505479,12.8872,0.32300000000000001,0.69188367686780583,3743.3562556754346,3743.3562556754346
情景一阈值控制,88.631294987247742,3126.1542492705853,10.161809874810737,13130.343473417957,3.7917125129574267,3729.5487549236577,1430.0156763676034,2313.4855943519324,0,19.38921927537552,21.40179431505479,12.8872,0.32300000000000001,0.6917927573405469,3743.5012707195356,3743.5012707195356
情景一阈值控制,88.678482798772876,3125.7452058314034,10.118254815188827,13130.608142212184,3.7753047341130754,3729.7530924070802,1430.1134180022391,2313.5322273622533,0,19.38921927537552,21.40179431505479,12.8872,0.32300000000000001,0.69170223932188879,3743.6456453644923,3743.6456453644923
情景一阈值控制,88.725670610298025,3125.3379690486649,10.074873759510739,13130.871642021561,3.7589638166721135,3729.9565513535604,1430.2107279332045,2313.5786544046487,0,19.38921927537552,21.40179431505479,12.8872,0.32300000000000001,0.69161212110175074,3743.7893823378531,3743.7893823378531
情景一阈值控制,88.772858421823173,3124.9325312249198,10.031666126478115,13131.133977826672,3.7426895260914739,3730.1591352958062,1430.3076079998186,2313.6248763566673,0,19.38921927537552,21.40179431505479,12.8872,0.32300000000000001,0.69152240097674922,3743.9324843564859,3743.9324843564859
情景一阈值控制,88.820046233348307,3124.5288846928865,9.9886313356776224,13131.395154588583,3.7264816282927509,3730.3608477545276,1430.4040600341914,2313.6708940924168,0,19.38921927537552,21.40179431505479,12.8872,0.32300000000000001,0.69143307725017633,3744.0749541266082,3744.0749541266082
情景一阈值控制,88.867234044873442,3124.1270218153595,9.9457688075907829,13131.655177248893,3.7103398896650424,3730.5616922384579,1430.5000858612466,2313.7167084825774,0,19.38921927537552,21.40179431505479,12.8872,0.32300000000000001,0.6913441482319802,3744.2167943438239,3744.2167943438239
情景一阈值控制,88.91442185639859,3123.7269349851158,9.9030779636036819,13131.914050729807,3.6942640770677575,3730.7616722443722,1430.5956872987426,2313.7623203944108,0,19.38921927537552,21.40179431505479,12.8872,0.32300000000000001,0.69125561223874377,3744.3580076931535,3744.3580076931535
情景一阈值控制,88.961609667923739,3123.328616624824,9.8605582260165718,13132.171779934186,3.6782539578333746,3730.9607912571082,1430.6908661572968,2313.8077306917712,0,19.38921927537552,21.40179431505479,12.8872,0.32300000000000001,0.69116746759366421,3744.4985968490682,3744.4985968490682
情景一阈值控制,89,3123.0058583384616,9.8260915040964569,13132.380618503137,3.6652769949332895,3731.1221546593388,1430.7679898059839,2313.8445267604948,0,19.38921927537552,21.40179431505479,12.8872,0.32300000000000001,0.69109604378438516,3744.6125165664789,3744.6125165664789
情景一阈值控制,89.008797479448873,3122.9320591869473,9.8182090180532597,13132.428369745609,3.6623092997701296,3731.1590527495873,1430.7856242404052,2313.8529402351155,0,19.38921927537552,21.40179431505479,12.8872,0.32300000000000001,0.69107971262653278,3744.638564475521,3744.638564475521
情景一阈值控制,89.055985290974021,3122.5372551536548,9.7760297638703602,13132.683825028442,3.6464298711646541,3731.3564601828366,1430.8799633444671,2313.8979498815143,0,19.38921927537552,21.40179431505479,12.8872,0.32300000000000001,0.69099234567371381,3744.7779132259811,3744.7779132259811
情景一阈值控制,89.10317310249917,3122.1441970367237,9.7340198885665128,13132.938150627884,3.6306154407846059,3731.5530170060074,1430.9738852588059,2313.9427604846624,0,19.38921927537552,21.40179431505479,12.8872,0.32300000000000001,0.69090536507812417,3744.9166457434685,3744.9166457434685
情景一阈值控制,89.150360914024304,3121.7528773774529,9.6921788181913371,13133.191351370044,3.6148657778812048,3731.7487266563985,1431.0673917656911,2313.9873728948896,0,19.38921927537552,21.40179431505479,12.8872,0.32300000000000001,0.69081876918921314,3745.054764660581,3745.054764660581
情景一阈值控制,89.197548725549439,3121.3632887465642,9.6505059797542962,13133.44343206198,3.5991806521917313,3731.9435925594776,1431.1604846403616,2314.0317879591712,0,19.38921927537552,21.40179431505479,12.8872,0.32300000000000001,0.6907325563629414,3745.1922725995328,3745.1922725995328
情景一阈值控制,89.244736537074601,3120.9754237441116,9.6090008012334334,13133.694397491779,3.5835598339419912,3732.1376181289002,1431.2531656510471,2314.076006521138,0,19.38921927537552,21.40179431505479,12.8872,0.32300000000000001,0.69064672496176049,3745.3291721721853,3745.3291721721853
情景一阈值控制,89.291924348599736,3120.5892749993909,9.5676627115840631,13133.94425242861,3.5680030938487577,3732.3308067665353,1431.3454365589905,2314.1200294210871,0,19.38921927537552,21.40179431505479,12.8872,0.32300000000000001,0.69056127335459294,3745.4654659800776,3745.4654659800776
情景一阈值控制,89.33911216012487,3120.2048351708427,9.5264911407470869,13134.193001622771,3.5525102031220825,3732.5231618624844,1431.4372991184696,2314.1638574959939,0,19.38921927537552,21.40179431505479,12.8872,0.32300000000000001,0.69047619991681075,3745.6011566144634,3745.6011566144634
情景一阈值控制,89.386299971650018,3119.8220969459626,9.4854855196574235,13134.440649805774,3.5370809334676441,3732.7146867951051,1431.5287550768198,2314.2074915795201,0,19.38921927537552,21.40179431505479,12.8872,0.32300000000000001,0.69039150303021557,3745.73624665634,3745.73624665634
情景一阈值控制,89.433487783175167,3119.4410530412097,9.4446452802522209,13134.687201690385,3.5217150570890294,3732.9053849310312,1431.6198061744565,2314.250932502026,0,19.38921927537552,21.40179431505479,12.8872,0.32300000000000001,0.69030718108301847,3745.8707386764827,3745.8707386764827
情景一阈值控制,89.480675594700301,3119.0616962019108,9.4039698554789144,13134.93266197069,3.5064123466899551,3733.0952596251982,1431.7104541448957,2314.2941810905813,0,19.38921927537552,21.40179431505479,12.8872,0.32300000000000001,0.69022323246981887,3746.0046352354771,3746.0046352354771
情景一阈值控制,89.52786340622545,3118.6840192021696,9.3634586793031307,13135.177035322156,3.4911725754764338,3733.2843142208626,1431.8007007147778,2314.3372381689737,0,19.38921927537552,21.40179431505479,12.8872,0.32300000000000001,0.69013965559158386,3746.1379388837513,3746.1379388837513
情景一阈值控制,89.575051217750598,3118.3080148447757,9.323111186716595,13135.420326401691,3.4759955171589443,3733.4725520496263,1431.8905476038892,2314.3801045577229,0,19.38921927537552,21.40179431505479,12.8872,0.32300000000000001,0.69005644885562878,3746.2706521616119,3746.2706521616119
情景一阈值控制,89.622239029275732,3117.9336759611092,9.282926813744778,13135.662539847699,3.4608809459545116,3733.6599764314606,1431.9799965251834,2314.4227810740863,0,19.38921927537552,21.40179431505479,12.8872,0.32300000000000001,0.68997361067559615,3746.4027775992699,3746.4027775992699
情景一阈值控制,89.669426840800867,3117.5609954110528,9.2429049974544526,13135.903680280147,3.4458286365887534,3733.8465906747242,1432.0690491848038,2314.4652685320734,0,19.38921927537552,21.40179431505479,12.8872,0.32300000000000001,0.68989113947143488,3746.534317716877,3746.534317716877
情景一阈值控制,89.716614652326015,3117.1899660828954,9.203045175961158,13136.143752300619,3.430838364297899,3734.0323980761923,1432.1577072821062,2314.5075677424552,0,19.38921927537552,21.40179431505479,12.8872,0.32300000000000001,0.68980903366938118,3746.6652750245612,3746.6652750245612
情景一阈值控制,89.763802463851164,3116.8205808932425,9.163346788436554,13136.382760492381,3.4159099048307633,3734.217401921077,1432.2459725096799,2314.5496795127747,0,19.38921927537552,21.40179431505479,12.8872,0.32300000000000001,0.68972729170193647,3746.7956520224543,3746.7956520224543
情景一阈值控制,89.810990275376298,3116.4528327869243,9.1238092751155939,13136.620709420427,3.4010430344506632,3734.4016054830504,1432.3338465533698,2314.5916046473567,0,19.38921927537552,21.40179431505479,12.8872,0.32300000000000001,0.68964591200784886,3746.9254512007265,3746.9254512007265
情景一阈值控制,89.858178086901447,3116.0867147369022,9.08443207730358,13136.857603631557,3.3862375299372887,3734.5850120242662,1432.4213310922987,2314.6333439473187,0,19.38921927537552,21.40179431505479,12.8872,0.32300000000000001,0.68956489303209101,3747.0546750396175,3747.0546750396175
情景一阈值控制,89.905365898426595,3115.7222197441788,9.045214637383193,13137.093447654428,3.3714931685885743,3734.7676247953891,1432.5084277988897,2314.674898210581,0,19.38921927537552,21.40179431505479,12.8872,0.32300000000000001,0.68948423322584118,3747.1833260094709,3747.1833260094709
情景一阈值控制,89.952553709951729,3115.3593408377051,9.006156398821302,13137.328245999606,3.3568097282224802,3734.9494470356121,1432.5951383388863,2314.7162682318794,0,19.38921927537552,21.40179431505479,12.8872,0.32300000000000001,0.68940393104646258,3747.3114065707659,3747.3114065707659
情景一阈值控制,89.999741521476864,3114.9980710742898,8.9672568061756657,13137.562003159639,3.3421869871787524,3735.1304819726838,1432.6814643713765,2314.7574548027719,0,19.38921927537552,21.40179431505479,12.8872,0.32300000000000001,0.68932398495748282,3747.4389191741484,3747.4389191741484
情景一阈值控制,90,3114.996096581945,8.9670441635138971,13137.563280741573,3.3421070556052781,3735.1314714573296,1432.6819361797243,2314.7576799048347,0,19.38921927537552,21.40179431505479,12.8872,0.32300000000000001,0.68932354801822937,3747.439616084559,3747.439616084559
情景一阈值控制,90.046929333002012,3114.6384035385067,8.9285153051015751,13137.794723609106,3.3276247243206458,3735.310732822933,1432.7674075488128,2314.7984587116525,0,19.38921927537552,21.40179431505479,12.8872,0.32300000000000001,0.68924439342857369,3747.5658662604656,3747.5658662604656
情景一阈值控制,90.094117144527161,3114.2803313426048,8.8899313423583664,13138.026411804678,3.3131227190366177,3735.490202791289,1432.8529695170355,2314.8392807437585,0,19.38921927537552,21.40179431505479,12.8872,0.32300000000000001,0.68916515493553132,3747.692250260794,3747.692250260794
情景一阈值控制,90.141304956052295,3113.9238476264163,8.8515043658157833,13138.257072185183,3.2986807512419589,3735.6688950713105,1432.9381519152937,2314.8799216811849,0,19.38921927537552,21.40179431505479,12.8872,0.32300000000000001,0.68908626796025607,3747.8180735964788,3747.8180735964788
情景一阈值控制,90.188492767577443,3113.5689455572642,8.8132338244602124,13138.486709171655,3.284298601380383,3735.8468128452064,1433.0229563762673,2314.9203823028897,0,19.38921927537552,21.40179431505479,12.8872,0.32300000000000001,0.68900773099073132,3747.943338679157,3747.943338679157
情景一阈值控制,90.235680579102592,3113.2156183298725,8.775119168400904,13138.715327167405,3.2699760504256172,3736.0239592838611,1433.107384526088,2314.9606633847097,0,19.38921927537552,21.40179431505479,12.8872,0.32300000000000001,0.68892954252100436,3748.0680479107978,3748.0680479107978
情景一阈值控制,90.282868390627726,3112.8638591662771,8.7371598488759936,13138.942930558071,3.2557128798829176,3736.2003375468612,1433.1914379843629,2315.0007656993666,0,19.38921927537552,21.40179431505479,12.8872,0.32300000000000001,0.68885170105116633,3748.1922036837295,3748.1922036837295
情景一阈值控制,90.330056202152861,3112.5136613157301,8.6993553182584034,13139.169523711671,3.2415088717905451,3736.3759507825157,1433.2751183641944,2315.0406900164799,0,19.38921927537552,21.40179431505479,12.8872,0.32300000000000001,0.68877420508733123,3748.3158083806743,3748.3158083806743
情景一阈值控制,90.377244013678023,3112.1650180546139,8.6617050300616931,13139.395110978685,3.2273638087212233,3736.5508021278861,1433.358427272203,2315.0804371025756,0,19.38921927537552,21.40179431505479,12.8872,0.32300000000000001,0.68869705314161644,3748.4388643747789,3748.4388643747789
情景一阈值控制,90.424431825203158,3111.8179226863481,8.6242084389458462,13139.619696692083,3.2132774737835796,3736.7248947088056,1433.4413663085475,2315.1200077210974,0,19.38921927537552,21.40179431505479,12.8872,0.32300000000000001,0.68862024373212272,3748.5613740296449,3748.5613740296449
情景一阈值控制,90.471619636728292,3111.4723685412987,8.5868650007227565,13139.843285167412,3.1992496506234764,3736.8982316399097,1433.5239370669487,2315.1594026324174,0,19.38921927537552,21.40179431505479,12.8872,0.32300000000000001,0.68854377538291378,3748.6833396993661,3748.6833396993661
情景一阈值控制,90.51880744825344,3111.1283489766902,8.5496741723618079,13140.065880702832,3.1852801234253767,3737.0708160246572,1433.6061411347093,2315.1986225938449,0,19.38921927537552,21.40179431505479,12.8872,0.32300000000000001,0.68846764662399695,3748.8047637285545,3748.8047637285545
情景一阈值控制,90.565995259778589,3110.7858573765111,8.5126354119952907,13140.287487579189,3.1713686769136551,3737.242650955357,1433.6879800927363,2315.2376683596394,0,19.38921927537552,21.40179431505479,12.8872,0.32300000000000001,0.68839185599130215,3748.9256484523758,3748.9256484523758
情景一阈值控制,90.613183071303723,3110.4448871514301,8.4757481789236735,13140.508110060067,3.1575150963538596,3737.4137395131925,1433.7694555155622,2315.2765406810172,0,19.38921927537552,21.40179431505479,12.8872,0.32300000000000001,0.68831640202666333,3749.0459961965794,3749.0459961965794
情景一阈值控制,90.660370882828872,3110.1054317386984,8.4390119336207636,13140.727752391846,3.1437191675539324,3737.584084768248,1433.850568971367,2315.3152403061649,0,19.38921927537552,21.40179431505479,12.8872,0.32300000000000001,0.6882412832777971,3749.1658092775319,3749.1658092775319
情景一阈值控制,90.70755869435402,3109.7674846020655,8.4024261377388658,13140.946418803765,3.1299806768654368,3737.7536897795326,1433.931322021999,2315.3537679802475,0,19.38921927537552,21.40179431505479,12.8872,0.32300000000000001,0.68816649829828413,3749.2850900022468,3749.2850900022468
情景一阈值控制,90.754746505879154,3109.4310392316888,8.3659902541137416,13141.16411350797,3.1162994111847069,3737.922557595009,1434.0117162229963,2315.3921244454209,0,19.38921927537552,21.40179431505479,12.8872,0.32300000000000001,0.68809204564754811,3749.4038406684172,3749.4038406684172
情景一阈值控制,90.801934317404289,3109.0960891440404,8.3297037467694803,13141.380840699589,3.1026751579539731,3738.0906912516148,1434.0917531236091,2315.4303104408386,0,19.38921927537552,21.40179431505479,12.8872,0.32300000000000001,0.68801792389083716,3749.5220635644478,3749.5220635644478
情景一阈值控制,90.849122128929437,3108.762627881822,8.2935660809233038,13141.596604556769,3.089107705162466,3738.2580937752909,1434.1714342668199,2315.4683267026662,0,19.38921927537552,21.40179431505479,12.8872,0.32300000000000001,0.68794413159920265,3749.6397609694859,3749.6397609694859
情景一阈值控制,90.896309940454586,3108.4306490138724,8.2575767229902919,13141.81140924075,3.075596841347489,3738.4247681810061,1434.2507611893659,2315.5061739640873,0,19.38921927537552,21.40179431505479,12.8872,0.32300000000000001,0.68787066734948077,3749.756935153453,3749.756935153453
情景一阈值控制,90.94349775197972,3108.1001461350806,8.2217351405879491,13142.025258895919,3.0621423555954435,3738.5907174727845,1434.3297354217593,2315.543852955318,0,19.38921927537552,21.40179431505479,12.8872,0.32300000000000001,0.68779752972427177,3749.8735883770773,3749.8735883770773
情景一阈值控制,90.990685563504869,3107.7711128662936,8.1860408025406759,13142.238157649859,3.0487440375428099,3738.7559446437294,1434.4083584883094,2315.5813644036134,0,19.38921927537552,21.40179431505479,12.8872,0.32300000000000001,0.68772471731192086,3749.9897228919226,3749.9897228919226
情景一阈值控制,91,3107.7063378732396,8.1790124261373531,13142.28006987156,3.0461059533355801,3738.7884738756948,1434.4238365845169,2315.5887490787609,0,19.38921927537552,21.40179431505479,12.8872,0.32300000000000001,0.6877103831276552,3750.0125856632776,3750.0125856632776
情景一阈值控制,91.037873375030017,3107.4435428542324,8.1504931788842345,13142.450109613421,3.0354016773771422,3738.9204526760509,1434.4866319071439,2315.6187090332787,0,19.38921927537552,21.40179431505479,12.8872,0.32300000000000001,0.68765222870649811,3750.1053409404226,3750.1053409404226
情景一阈值控制,91.085061186555151,3107.1174297713983,8.1150917408700298,13142.661118880767,3.0221150658379896,3739.0842445410922,1434.5645571902287,2315.655887565681,0,19.38921927537552,21.40179431505479,12.8872,0.32300000000000001,0.68758006250777925,3750.2204447559097,3750.2204447559097
情景一阈值控制,91.132248998080286,3106.7927673159857,8.0798359609692945,13142.871189529442,3.0088839942177894,3739.2473231993526,1434.6421358433918,2315.692900719258,0,19.38921927537552,21.40179431505479,12.8872,0.32300000000000001,0.68750821732122547,3750.3350365626497,3750.3350365626497
情景一阈值控制,91.179436809605448,3106.4695492117962,8.0447253128772367,13143.080325620411,2.995708254362742,3739.4096916005192,1434.719369366341,2315.7297492095277,0,19.38921927537552,21.40179431505479,12.8872,0.32300000000000001,0.68743669175796451,3750.4491185758689,3750.4491185758689
情景一阈值控制,91.226624621130583,3106.1477692081457,8.0097592715171366,13143.288531198143,2.9825876386736794,3739.5713526834879,1434.7962592526885,2315.7664337491001,0,19.38921927537552,21.40179431505479,12.8872,0.32300000000000001,0.68736548443477041,3750.5626930017888,3750.5626930017888
情景一阈值控制,91.273812432655717,3105.8274210797804,7.9749373130441574,13143.495810290642,2.9695219401068287,3739.732309376393,1434.8728069899691,2315.802955047684,0,19.38921927537552,21.40179431505479,12.8872,0.32300000000000001,0.68729459397404458,3750.6757620376529,3750.6757620376529
情景一阈值控制,91.321000244180865,3105.5084986267866,7.9402589148492737,13143.702166909523,2.9565109521746158,3739.8925645966324,1434.9490140596633,2315.8393138121023,0,19.38921927537552,21.40179431505479,12.8872,0.32300000000000001,0.68722401900379615,3750.7883278717654,3750.7883278717654
情景一阈值控制,91.368188055706014,3105.1909956745021,7.9057235555630445,13143.907605050061,2.9435544689464206,3740.0521212508952,1435.0248819372168,2315.8755107462971,0,19.38921927537552,21.40179431505479,12.8872,0.32300000000000001,0.68715375815762203,3750.9003926835139,3750.9003926835139
情景一阈值控制,91.415375867231148,3104.8749060734308,7.8713307150592584,13144.11212869124,2.9306522850492862,3740.2109822351863,1435.1004120920627,2315.9115465513419,0,19.38921927537552,21.40179431505479,12.8872,0.32300000000000001,0.68708381007468822,3751.0119586434048,3751.0119586434048
情景一阈值控制,91.462563678756297,3104.5602236991531,7.8370798744584915,13144.315741795832,2.9178041956686012,3740.3691504348558,1435.1756059876413,2315.9474219254507,0,19.38921927537552,21.40179431505479,12.8872,0.32300000000000001,0.68701417339971005,3751.1230279130923,3751.1230279130923
情景一阈值控制,91.509751490281445,3104.2469424522392,7.80297051613167,13144.518448310426,2.9050099965487797,3740.5266287246227,1435.2504650814221,2315.9831375639901,0,19.38921927537552,21.40179431505479,12.8872,0.32300000000000001,0.68694484678293277,3751.2336026454122,3751.2336026454122
情景一阈值控制,91.55693930180658,3103.9350562581608,7.7690021237034461,13144.720252165505,2.8922694839938865,3740.6834199686036,1435.3249908249236,2316.0186941594866,0,19.38921927537552,21.40179431505479,12.8872,0.32300000000000001,0.68687582888011234,3751.3436849844102,3751.3436849844102
情景一阈值控制,91.604127113331714,3103.6245590672074,7.7351741820555082,13144.921157275496,2.8795824548682285,3740.8395270203391,1435.399184663735,2316.0540924016377,0,19.38921927537552,21.40179431505479,12.8872,0.32300000000000001,0.68680711835249642,3751.4532770653727,3751.4532770653727
情景一阈值控制,91.651314924856862,3103.3154448543937,7.7014861773298504,13145.121167538822,2.866948706596943,3740.9949527228227,1435.4730480375372,2316.0893329773212,0,19.38921927537552,21.40179431505479,12.8872,0.32300000000000001,0.6867387138668043,3751.5623810148581,3751.5623810148581
情景一阈值控制,91.698502736382011,3103.0077076193779,7.6679375969319423,13145.320286837967,2.8543680371665503,3741.1496999085216,1435.5465823801217,2316.1244165706075,0,19.38921927537552,21.40179431505479,12.8872,0.32300000000000001,0.68667061409520869,3751.670998950729,3751.670998950729
情景一阈值控制,91.745690547907145,3102.7013413863724,7.634527929533796,13145.518519039522,2.8418402451254687,3741.3037713994104,1435.6197891194131,2316.159343862766,0,19.38921927537552,21.40179431505479,12.8872,0.32300000000000001,0.68660281771531595,3751.7791329821794,3751.7791329821794
情景一阈值控制,91.792878359432294,3102.3963402040581,7.6012566650769271,13145.715867994249,2.8293651295844935,3741.457170006996,1435.6926696774899,2316.194115532277,0,19.38921927537552,21.40179431505479,12.8872,0.32300000000000001,0.68653532341014711,3751.8867852097669,3751.8867852097669
情景一阈值控制,91.840066170957442,3102.0926981454982,7.5681232947753339,13145.912337537133,2.816942490217289,3741.609898532342,1435.7652254706036,2316.2287322548405,0,19.38921927537552,21.40179431505479,12.8872,0.32300000000000001,0.68646812986811867,3751.993957725444,3751.993957725444
情景一阈值控制,91.887253982482576,3101.7904093080506,7.5351273111183037,13146.107931487437,2.8045721272608177,3741.7619597661005,1435.8374579092006,2316.2631947033883,0,19.38921927537552,21.40179431505479,12.8872,0.32300000000000001,0.68640123578302359,3752.1006526125889,3752.1006526125889
情景一阈值控制,91.934441794007711,3101.489467813285,7.5022682078731471,13146.302653648758,2.7922538415157447,3741.9133564885346,1435.9093683979424,2316.2975035480908,0,19.38921927537552,21.40179431505479,12.8872,0.32300000000000001,0.68633463985401244,3752.2068719460331,3752.2068719460331
情景一阈值控制,91.981629605532859,3101.1898678068924,7.4695454800878958,13146.496507809088,2.7799874343468334,3742.0640914695496,1435.9809583357255,2316.3316594563685,0,19.38921927537552,21.40179431505479,12.8872,0.32300000000000001,0.68626834078557397,3752.312617792094,3752.312617792094
情景一阈值控制,92,3101.0735939081474,7.4568431693053947,13146.57174204984,2.7752260622674436,3742.1225948104066,1436.0087421841879,2316.3449152659009,0,19.38921927537552,21.40179431505479,12.8872,0.32300000000000001,0.68624261030825084,3752.3536574500886,3752.3536574500886
情景一阈值控制,92.028817417058008,3100.8916034586055,7.4369586240939283,13146.689497740866,2.7677727076833167,3742.2141674687177,1436.0522291157029,2316.3656630929013,0,19.38921927537552,21.40179431505479,12.8872,0.32300000000000001,0.68620233728751689,3752.4178922086039,3752.4178922086039
情景一阈值控制,92.076005228583142,3100.5946689621073,7.404507137508471,13146.881627201026,2.7556094640192232,3742.3635872353052,1436.1231821253041,2316.3995151196386,0,19.38921927537552,21.40179431505479,12.8872,0.32300000000000001,0.68613662807495002,3752.5226972449427,3752.5226972449427
情景一阈值控制,92.123193040108291,3100.2990585349498,7.3721905192370167,13147.072899931063,2.7434975064136826,3742.5123535083021,1436.1938187462542,2316.4332161958087,0,19.38921927537552,21.40179431505479,12.8872,0.32300000000000001,0.68607121186826436,3752.6270349420629,3752.6270349420629
情景一阈值控制,92.170380851633439,3100.0047664184676,7.3400082694757582,13147.263319657082,2.7314366384912292,3742.6604690164477,1436.2641403545972,2316.4667669779278,0,19.38921927537552,21.40179431505479,12.8872,0.32300000000000001,0.68600608739311342,3752.730907332525,3752.730907332525
情景一阈值控制,92.217568663158573,3099.7117868776918,7.3079598897138567,13147.452890089859,2.7194266644420559,3742.8079364782589,1436.3341483207132,2316.5001681198114,0,19.38921927537552,21.40179431505479,12.8872,0.32300000000000001,0.68594125338039469,3752.8343164405246,3752.8343164405246
情景一阈值控制,92.264756474683708,3099.4201142012671,7.2760448827356514,13147.641614924883,2.7074673890222472,3742.9547586020567,1436.4038440093407,2316.533420272584,0,19.38921927537552,21.40179431505479,12.8872,0.32300000000000001,0.68587670856623151,3752.9372642819244,3752.9372642819244
情景一阈值控制,92.31194428620887,3099.1297427013665,7.2442627526228129,13147.829497842429,2.695558617553993,3743.1009380859937,1436.4732287795955,2316.5665240846847,0,19.38921927537552,21.40179431505479,12.8872,0.32300000000000001,0.68581245169195337,3753.0397528642802,3753.0397528642802
情景一阈值控制,92.359132097734005,3098.840666713606,7.2126130047565029,13148.016542507594,2.6837001559258056,3743.2464776180827,1436.5423039849923,2316.5994802018827,0,19.38921927537552,21.40179431505479,12.8872,0.32300000000000001,0.68574848150407786,3753.1417841868752,3753.1417841868752
情景一阈值控制,92.406319909259139,3098.552880596962,7.1810951458192589,13148.202752570369,2.6718918105926446,3743.3913798762242,1436.611070973463,2316.6322892672833,0,19.38921927537552,21.40179431505479,12.8872,0.32300000000000001,0.68568479675429173,3753.2433602407464,3753.2433602407464
情景一阈值控制,92.453507720784287,3098.2663787336851,7.1497086837970043,13148.388131665675,2.6601333885760865,3743.5356475282333,1436.6795310873786,2316.6649519213374,0,19.38921927537552,21.40179431505479,12.8872,0.32300000000000001,0.68562139619943241,3753.344483008716,3753.344483008716
情景一阈值控制,92.500695532309436,3097.9811555292185,7.1184531279809242,13148.572683413435,2.6484246974644474,3743.6792832318661,1436.7476856635683,2316.6974688018536,0,19.38921927537552,21.40179431505479,12.8872,0.32300000000000001,0.68555827860146956,3753.4451544654221,3753.4451544654221
情景一阈值控制,92.54788334383457,3097.6972054121138,7.0873279889692489,13148.756411418619,2.6367655454128758,3743.8222896348511,1436.8155360333392,2316.7298405440042,0,19.38921927537552,21.40179431505479,12.8872,0.32300000000000001,0.68549544272748641,3753.5453765773436,3753.5453765773436
情景一阈值控制,92.595071155359719,3097.4145228339448,7.0563327786689527,13148.939319271296,2.625155741143415,3743.9646693749123,1436.8830835224971,2316.7620677803379,0,19.38921927537552,21.40179431505479,12.8872,0.32300000000000001,0.68543288734966101,3753.6451513028351,3753.6451513028351
情景一阈值控制,92.642258966884867,3097.1331022692293,7.0254670102974801,13149.121410546693,2.6135950939450838,3744.1064250798008,1436.9503294513659,2316.7941511407876,0,19.38921927537552,21.40179431505479,12.8872,0.32300000000000001,0.68537061124524867,3753.7444805921532,3753.7444805921532
情景一阈值控制,92.689446778410002,3096.8529382153401,6.994730198384306,13149.302688805248,2.6020834136738928,3744.2475593673198,1437.0172751348073,2316.8260912526807,0,19.38921927537552,21.40179431505479,12.8872,0.32300000000000001,0.68530861319656211,3753.843366387488,3753.843366387488
情景一阈值控制,92.736634589935136,3096.5740251924267,6.964121858772458,13149.48315759266,2.5906205107528528,3744.3880748453535,1437.0839218822412,2316.8578887407475,0,19.38921927537552,21.40179431505479,12.8872,0.32300000000000001,0.68524689199095479,3753.9418106229887,3753.9418106229887
情景一阈值控制,92.783822401460284,3096.2963577433302,6.9336415086199894,13149.662820439949,2.5792061961719668,3744.5279741118952,1437.1502709976655,2316.8895442271319,0,19.38921927537552,21.40179431505479,12.8872,0.32300000000000001,0.68518544642080126,3754.0398152247972,3754.0398152247972
情景一阈值控制,92.831010212985433,3096.0199304335006,6.9032886664014068,13149.841680863501,2.5678402814882086,3744.6672597550746,1437.2163237796751,2316.9210583313989,0,19.38921927537552,21.40179431505479,12.8872,0.32300000000000001,0.68512427528347952,3754.1373821110737,3754.1373821110737
情景一阈值控制,92.878198024510567,3095.7447378509169,6.8730628519089816,13150.019742365132,2.556522578825462,3744.805934353185,1437.2820815214816,2316.9524316705474,0,19.38921927537552,21.40179431505479,12.8872,0.32300000000000001,0.6850633773813527,3754.2345131920292,3754.2345131920292
情景一阈值控制,92.925385836035716,3095.4707746059998,6.8429635862540028,13150.197008432127,2.5452529008744387,3744.9440004747116,1437.3475455109342,2316.9836648590162,0,19.38921927537552,21.40179431505479,12.8872,0.32300000000000001,0.68500275152175061,3754.3312103699504,3754.3312103699504
情景一阈值控制,92.972573647560864,3095.1980353315371,6.8129903918680297,13150.373482537307,2.534031060892604,3745.0814606783611,1437.4127170305378,2317.0147585086938,0,19.38921927537552,21.40179431505479,12.8872,0.32300000000000001,0.68494239651695199,3754.4274755392316,3754.4274755392316
情景一阈值控制,93,3095.0400749808455,6.7956272087252581,13150.475689715198,2.5275306467372332,3745.1610774484616,1437.4504619285251,2317.032766783509,0,19.38921927537552,21.40179431505479,12.8872,0.32300000000000001,0.6849074411635554,3754.4832287120344,3754.4832287120344
情景一阈值控制,93.019761459085998,3094.9265146825942,6.7831427925040266,13150.549168139078,2.5228568727040535,3745.2183175130858,1437.4775973574735,2317.0457132289307,0,19.38921927537552,21.40179431505479,12.8872,0.32300000000000001,0.6848823111841662,3754.5233105864045,3754.5233105864045
情景一阈值控制,93.066949270611133,3094.6562073364375,6.753420313237422,13150.724068681477,2.5117301506993766,3745.3545735181156,1437.5421877636177,2317.0765296265445,0,19.38921927537552,21.40179431505479,12.8872,0.32300000000000001,0.68482249434551512,3754.6187173901621,3754.6187173901621
情景一阈值控制,93.114137082136281,3094.3871079924511,6.723822480467156,13150.898187594232,2.5006507098355053,3745.4902312229815,1437.6064895155619,2317.1072083058325,0,19.38921927537552,21.40179431505479,12.8872,0.32300000000000001,0.68476294482801503,3754.7136978213944,3754.7136978213944
情景一阈值控制,93.16132489366143,3094.1192113720558,6.6943488219166616,13151.07152829281,2.4896183656355535,3745.6252931475483,1437.6705038746313,2317.1377498685792,0,19.38921927537552,21.40179431505479,12.8872,0.32300000000000001,0.68470366146355888,3754.8082537432106,3754.8082537432106
情景一阈值控制,93.208512705186564,3093.8525122186284,6.6649988666347637,13151.244094178479,2.4786329341886186,3745.7597618020377,1437.7342320969055,2317.1681549140662,0,19.38921927537552,21.40179431505479,12.8872,0.32300000000000001,0.68464464308889839,3754.9023870109718,3754.9023870109718
情景一阈值控制,93.255700516711713,3093.5870052974196,6.6357721449964835,13151.415888638341,2.467694232149559,3745.8936396870608,1437.7976754332365,2317.1984240390807,0,19.38921927537552,21.40179431505479,12.8872,0.32300000000000001,0.68458588854562563,3754.9960994723169,3754.9960994723169
情景一阈值控制,93.302888328236861,3093.3226853954761,6.6066681887038978,13151.586915045405,2.4568020767387893,3746.0269292936423,1437.8608351292687,2317.228557837926,0,19.38921927537552,21.40179431505479,12.8872,0.32300000000000001,0.68452739668015605,3755.0893929671947,3755.0893929671947
情景一阈值控制,93.350076139761995,3093.0595473215562,6.5776865307868349,13151.757176758634,2.4459562857420214,3746.1596331032492,1437.9237124254585,2317.25855690243,0,19.38921927537552,21.40179431505479,12.8872,0.32300000000000001,0.68446916634370969,3755.1822693278882,3755.1822693278882
情景一阈值控制,93.39726395128713,3092.7975859060525,6.5488267056035383,13151.926677122978,2.4351566775099944,3746.2917535878219,1437.9863085570919,2317.2884218219538,0,19.38921927537552,21.40179431505479,12.8872,0.32300000000000001,0.68441119639229397,3755.2747303790456,3755.2747303790456
情景一阈值控制,93.444451762812292,3092.5367960009116,6.5200882488412946,13152.095419469459,2.4244030709581943,3746.4232932097966,1438.0486247543054,2317.3181531834016,0,19.38921927537552,21.40179431505479,12.8872,0.32300000000000001,0.68435348568668619,3755.366777937707,3755.366777937707
情景一阈值控制,93.491639574337427,3092.2771724795521,6.4914706975170562,13152.263407115192,2.4136952855665763,3746.5542544221394,1438.1106622421044,2317.3477515712289,0,19.38921927537552,21.40179431505479,12.8872,0.32300000000000001,0.68429603309241538,3755.4584138133332,3755.4584138133332
情景一阈值控制,93.538827385862561,3092.0187102367881,6.4629735899778487,13152.430643363456,2.4030331413792094,3746.6846396683677,1438.1724222403823,2317.377217567453,0,19.38921927537552,21.40179431505479,12.8872,0.32300000000000001,0.68423883747974457,3755.5496398078353,3755.5496398078353
情景一阈值控制,93.586015197387709,3091.7614041887455,6.4345964659012846,13152.597131503731,2.3924164590039623,3746.8144513825841,1438.2339059639387,2317.4065517516606,0,19.38921927537552,21.40179431505479,12.8872,0.32300000000000001,0.68418189772365379,3755.640457715599,3755.640457715599
情景一阈值控制,93.633203008912858,3091.5052492727878,6.4063388662959788,13152.76287481177,2.3818450596121568,3746.9436919895006,1438.2951146225,2317.4357547010186,0,19.38921927537552,21.40179431505479,12.8872,0.32300000000000001,0.68412521270382221,3755.7308693235186,3755.7308693235186
情景一阈值控制,93.680390820437992,3091.250240447433,6.3782003335018773,13152.927876549626,2.3713187649381888,3747.0723639044677,1438.3560494207372,2317.4648269902809,0,19.38921927537552,21.40179431505479,12.8872,0.32300000000000001,0.68406878130461035,3755.8208764110182,3755.8208764110182
情景一阈值控制,93.727578631963141,3090.9963726922761,6.3501804111905242,13153.092139965716,2.3608373972791385,3747.2004695335031,1438.4167115582841,2317.4937691917989,0,19.38921927537552,21.40179431505479,12.8872,0.32300000000000001,0.68401260241504314,3755.910480750083,3755.910480750083
情景一阈值控制,93.774766443488289,3090.7436410079113,6.3222786443653609,13153.255668294876,2.3504007794943833,3747.3280112733182,1438.4771022297577,2317.5225818755298,0,19.38921927537552,21.40179431505479,12.8872,0.32300000000000001,0.68395667492879231,3755.9996841052875,3755.9996841052875
情景一阈值控制,93.821954255013424,3090.492040415852,6.2944945793618956,13153.418464758402,2.3400087350051715,3747.4549915113457,1438.5372226247759,2317.5512656090468,0,19.38921927537552,21.40179431505479,12.8872,0.32300000000000001,0.68390099774415891,3756.0884882338228,3756.0884882338228
情景一阈值控制,93.869142066538558,3090.2415659584526,6.2668277638478269,13153.580532564101,2.3296610877941837,3747.5814126257701,1438.5970739279767,2317.5798209575455,0,19.38921927537552,21.40179431505479,12.8872,0.32300000000000001,0.68384556976405575,3756.1768948855224,3756.1768948855224
情景一阈值控制,93.916329878063706,3089.9922126988317,6.2392777468231531,13153.741874906353,2.3193576624050891,3747.707276985554,1438.656657319036,2317.6082484838562,0,19.38921927537552,21.40179431505479,12.8872,0.32300000000000001,0.68379038989599106,3756.2649058028919,3756.2649058028919
情景一阈值控制,93.963517689588855,3089.7439757207935,6.2118440786202331,13153.902494966147,2.3090982839420855,3747.8325869504647,1438.7159739726876,2317.6365487484495,0,19.38921927537552,21.40179431505479,12.8872,0.32300000000000001,0.68373545705204986,3756.3525227211371,3756.3525227211371
情景一阈值控制,94,3089.5528183083852,6.1907137529217673,13154.026182078573,2.301196531777209,3747.9290893283101,1438.7616513657756,2317.6583416553435,0,19.38921927537552,21.40179431505479,12.8872,0.32300000000000001,0.68369315545626441,3756.4199930211189,3756.4199930211189
情景一阈值控制,94.010705501113989,3089.4968501287499,6.1845263109037667,13154.06239591114,2.2988827780694137,3747.9573448711044,1438.7750250587412,2317.6647223094465,0,19.38921927537552,21.40179431505479,12.8872,0.32300000000000001,0.6836807701488784,3756.4397473681875,3756.4397473681875
情景一阈值控制,94.057893312639138,3089.2508310476437,6.1573239966707103,13154.221580895704,2.2887109710108522,3748.0815530889372,1438.833811742099,2317.6927697226292,0,19.38921927537552,21.40179431505479,12.8872,0.32300000000000001,0.68362632810766533,3756.5265814647282,3756.5265814647282
情景一阈值控制,94.105081124164286,3089.0059136228697,6.1302366902502285,13154.380053060984,2.2785826895492276,3748.2052139363154,1438.8923351827782,2317.7206915414467,0,19.38921927537552,21.40179431505479,12.8872,0.32300000000000001,0.68357212985412608,3756.6130267242252,3756.6130267242252
情景一阈值控制,94.15226893568942,3088.7620930202011,6.1032639473035237,13154.537815534926,2.2684977610258765,3748.328329736511,1438.9505965359253,2317.748488317025,0,19.38921927537552,21.40179431505479,12.8872,0.32300000000000001,0.68351817431848472,3756.6990848529504,3756.6990848529504
情景一阈值控制,94.199456747214555,3088.5193644257079,6.0764053248236181,13154.694871432355,2.2584560133401039,3748.4509028037405,1439.0085969518373,2317.7761605981764,0,19.38921927537552,21.40179431505479,12.8872,0.32300000000000001,0.68346446043545772,3756.7847575500136,3756.7847575500136
情景一阈值控制,94.246644558739717,3088.2777230456836,6.0496603811351273,13154.851223855007,2.2484572749486289,3748.5729354431924,1439.0663375759784,2317.8037089314075,0,19.38921927537552,21.40179431505479,12.8872,0.32300000000000001,0.6834109871442362,3756.8700465073862,3756.8700465073862
情景一阈值控制,94.293832370264852,3088.037164106569,6.0230286758940244,13155.006875891579,2.2385013748650415,3748.6944299510587,1439.1238195489989,2317.8311338609287,0,19.38921927537552,21.40179431505479,12.8872,0.32300000000000001,0.68335775338847005,3756.9549534099278,3756.9549534099278
情景一阈值控制,94.341020181789986,3087.7976828548735,5.9965097700872159,13155.16183061779,2.2285881426591811,3748.8153886145587,1439.1810440067538,2317.8584359286606,0,19.38921927537552,21.40179431505479,12.8872,0.32300000000000001,0.68330475811625013,3757.0394799354144,3757.0394799354144
情景一阈值控制,94.388207993315135,3087.5592745571007,5.9701032260322213,13155.316091096409,2.2187174084565653,3748.9358137119684,1439.2380120803198,2317.8856156742468,0,19.38921927537552,21.40179431505479,12.8872,0.32300000000000001,0.68325200028009159,3757.1236277545668,3757.1236277545668
情景一阈值控制,94.435395804840283,3087.3219344996714,5.943808607376762,13155.469660377332,2.2088890029377817,3749.055707512649,1439.2947248960147,2317.9126736350586,0,19.38921927537552,21.40179431505479,12.8872,0.32300000000000001,0.68319947883691756,3757.2073985310735,3757.2073985310735
情景一阈值控制,94.482583616365417,3087.0856579888523,5.9176254790982759,13155.622541497605,2.1991027573378603,3749.1750722770744,1439.351183575415,2317.9396103462054,0,19.38921927537552,21.40179431505479,12.8872,0.32300000000000001,0.68314719274804248,3757.2907939216202,3757.2907939216202
情景一阈值控制,94.529771427890566,3086.8504403506727,5.8915534075033991,13155.77473748149,2.1893585034456291,3749.2939102568575,1439.4073892353733,2317.966426340543,0,19.38921927537552,21.40179431505479,12.8872,0.32300000000000001,0.68309514097915436,3757.3738155759165,3757.3738155759165
情景一阈值控制,94.576959239415714,3086.6162769308557,5.865591960227456,13155.926251340501,2.1796560736030837,3749.4122236947792,1439.4633429880371,2317.9931221486822,0,19.38921927537552,21.40179431505479,12.8872,0.32300000000000001,0.68304332250029942,3757.4564651367191,3757.4564651367191
情景一阈值控制,94.624147050940849,3086.3831630947425,5.8397407062338509,13156.07708607347,2.169995300704715,3749.5300148248166,1439.5190459408666,2318.0196982989983,0,19.38921927537552,21.40179431505479,12.8872,0.32300000000000001,0.68299173628586474,3757.5387442398651,3757.5387442398651
情景一阈值控制,94.671334862465983,3086.1510942272148,5.8139992158134177,13156.227244666574,2.1603760181968337,3749.647285872169,1439.5744991966519,2318.0461553176374,0,19.38921927537552,21.40179431505479,12.8872,0.32300000000000001,0.6829403813145617,3757.6206545142895,3757.6206545142895
情景一阈值控制,94.718522673991131,3085.9200657326219,5.7883670605837647,13156.376730093398,2.1507980600768857,3749.7640390532879,1439.6297038535315,2318.0724937285268,0,19.38921927537552,21.40179431505479,12.8872,0.32300000000000001,0.68288925656941013,3757.702197582058,3757.702197582058
情景一阈值控制,94.76571048551628,3085.6900730347061,5.7628438134885833,13156.525545314977,2.1412612608927621,3749.8802765759019,1439.6846610050104,2318.098714053383,0,19.38921927537552,21.40179431505479,12.8872,0.32300000000000001,0.68283836103772066,3757.7833750583932,3757.7833750583932
情景一阈值控制,94.812898297041414,3085.4611115765297,5.7374290487968729,13156.67369327985,2.1317654557420807,3749.9960006390475,1439.7393717399768,2318.1248168117199,0,19.38921927537552,21.40179431505479,12.8872,0.32300000000000001,0.68278769371108028,3757.8641885516968,3757.8641885516968
情景一阈值控制,94.860086108566563,3085.233176820399,5.7121223421021323,13156.821176924101,2.1223104802714574,3750.1112134330938,1439.7938371427199,2318.1508025208573,0,19.38921927537552,21.40179431505479,12.8872,0.32300000000000001,0.68273725358533333,3757.9446396635772,3757.9446396635772
情景一阈值控制,94.907273920091711,3085.0062642477915,5.6869232703215751,13156.967999171407,2.1128961706757874,3750.2259171397714,1439.8480582929487,2318.1766716959296,0,19.38921927537552,21.40179431505479,12.8872,0.32300000000000001,0.68268703966056743,3758.0247299888783,3758.0247299888783
情景一阈值控制,94.954461731616846,3084.7803693592828,5.6618314116952373,13157.11416293309,2.1035223636974911,3750.3401139321995,1439.9020362658086,2318.2024248498938,0,19.38921927537552,21.40179431505479,12.8872,0.32300000000000001,0.68263705094109628,3758.1044611157022,3758.1044611157022
情景一阈值控制,95,3084.5633318170208,5.6377179514154205,13157.254595608718,2.0945144877598545,3750.449840135052,1439.9538977605202,2318.2271682218166,0,19.38921927537552,21.40179431505479,12.8872,0.32300000000000001,0.68258902228101237,3758.1810659823368,3758.1810659823368
情景一阈值控制,95.00164954314198,3084.5554876744741,5.6368463457850586,13157.259671108166,2.0941888966257505,3750.4538059749161,1439.9557721318986,2318.2280624935379,0,19.38921927537552,21.40179431505479,12.8872,0.32300000000000001,0.68258728643544353,3758.1838346254362,3758.1838346254362
情景一阈值控制,95.048837354667128,3084.3316147319151,5.6119676534739558,13157.404526583381,2.0848956072957496,3750.5669954238997,1440.0092669572898,2318.2535851354896,0,19.38921927537552,21.40179431505479,12.8872,0.32300000000000001,0.68253774515632615,3758.2628520927792,3758.2628520927792
情景一阈值控制,95.096025166192277,3084.1087460890358,5.5871949169648554,13157.548732233274,2.0756423340878976,3750.6796844266032,1440.0625218035418,2318.2789932822243,0,19.38921927537552,21.40179431505479,12.8872,0.32300000000000001,0.68248842612063942,3758.3415150857663,3758.3415150857663
情景一阈值控制,95.143212977717411,3083.886877322072,5.5625277197796636,13157.692290920209,2.0664289159270335,3750.7918751219777,1440.1155377277212,2318.3042874380735,0,19.38921927537552,21.40179431505479,12.8872,0.32300000000000001,0.68243932834943966,3758.4198251657945,3758.4198251657945
情景一阈值控制,95.19040078924256,3083.6660040259917,5.5379656467581944,13157.835205494435,2.0572551922816182,3750.9035696405003,1440.1683157824173,2318.3294681052325,0,19.38921927537552,21.40179431505479,12.8872,0.32300000000000001,0.68239045086792904,3758.4977838876498,3758.4977838876498
情景一阈值控制,95.237588600767708,3083.4461218144243,5.5135082840571252,13157.977478794119,2.0481210031629389,3751.0147701042024,1440.2208570157613,2318.3545357837706,0,19.38921927537552,21.40179431505479,12.8872,0.32300000000000001,0.68234179270543882,3758.575392799532,3758.575392799532
情景一阈值控制,95.284776412292842,3083.2272263195878,5.489155219148854,13158.119113645411,2.0390261891242791,3751.1254786266954,1440.2731624714424,2318.3794909716362,0,19.38921927537552,21.40179431505479,12.8872,0.32300000000000001,0.68229335289541415,3758.6526534430786,3758.6526534430786
情景一阈值控制,95.331964223817977,3083.0093131922176,5.4649060408203258,13158.260112862465,2.0299705912600801,3751.2356973132014,1440.3252331887243,2318.4043341646675,0,19.38921927537552,21.40179431505479,12.8872,0.32300000000000001,0.68224513047539792,3758.7295673533918,3758.7295673533918
情景一阈值控制,95.379152035343139,3082.7923781014943,5.440760339171856,13158.400479247517,2.020954051205103,3751.3454282605767,1440.3770702024642,2318.4290658565997,0,19.38921927537552,21.40179431505479,12.8872,0.32300000000000001,0.68219712448701442,3758.8061360590636,3758.8061360590636
情景一阈值控制,95.426339846868274,3082.5764167349721,5.4167177056159472,13158.540215590901,2.0119764111335936,3751.4546735573422,1440.4286745431286,2318.4536865390733,0,19.38921927537552,21.40179431505479,12.8872,0.32300000000000001,0.68214933397595434,3758.8823610822019,3758.8823610822019
情景一阈值控制,95.473527658393408,3082.3614247985088,5.3927777328759561,13158.679324671115,2.0030375137583918,3751.5634352837073,1440.4800472368102,2318.478196701642,0,19.38921927537552,21.40179431505479,12.8872,0.32300000000000001,0.68210175799195838,3758.9582439384521,3758.9582439384521
情景一阈值控制,95.520715469918557,3082.1473980161923,5.3689400149848483,13158.817809254857,1.9941372023300739,3751.6717155116007,1440.5311893052447,2318.5025968317814,0,19.38921927537552,21.40179431505479,12.8872,0.32300000000000001,0.68205439558880188,3759.0337861370263,3759.0337861370263
情景一阈值控制,95.567903281443705,3081.9343321302727,5.3452041472838836,13158.955672097078,1.9852753206360794,3751.7795163046962,1440.5821017658295,2318.5268874148965,0,19.38921927537552,21.40179431505479,12.8872,0.32300000000000001,0.68200724582427896,3759.108989180726,3759.108989180726
情景一阈值控制,95.615091092968839,3081.7222229010904,5.3215697264212514,13159.092915941017,1.9764517129998114,3751.8868397184374,1440.6327856316389,2318.5510689343296,0,19.38921927537552,21.40179431505479,12.8872,0.32300000000000001,0.68196030776018701,3759.1838545659684,3759.1838545659684
情景一阈值控制,95.662278904493988,3081.5110661070048,5.2980363503506602,13159.22954351826,1.9676662242797325,3751.9936878000694,1440.6832419114405,2318.5751418713694,0,19.38921927537552,21.40179431505479,12.8872,0.32300000000000001,0.68191358046231121,3759.2583837828097,3759.2583837828097
情景一阈值控制,95.709466716019136,3081.3008575443264,5.2746036183299685,13159.365557548779,1.9589186998684704,3752.1000625886622,1440.7334716097134,2318.5991067052573,0,19.38921927537552,21.40179431505479,12.8872,0.32300000000000001,0.68186706300040856,3759.3325783149708,3759.3325783149708
情景一阈值控制,95.756654527544271,3081.0915930272436,5.2512711309197142,13159.50096074097,1.9502089856918929,3752.2059661151397,1440.7834757266646,2318.6229639131971,0,19.38921927537552,21.40179431505479,12.8872,0.32300000000000001,0.68182075444819312,3759.4064396398617,3759.4064396398617
情景一阈值控制,95.803842339069405,3080.8832683877563,5.2280384899816275,13159.635755791714,1.9415369282081776,3752.3114004023059,1440.8332552582444,2318.6467139703614,0,19.38921927537552,21.40179431505479,12.8872,0.32300000000000001,0.68177465388331959,3759.479969228606,3759.479969228606
情景一阈值控制,95.851030150594553,3080.6758794756047,5.2049052986771338,13159.769945386406,1.9329023744068814,3752.4163674648726,1440.8828111961654,2318.6703573499017,0,19.38921927537552,21.40179431505479,12.8872,0.32300000000000001,0.68172876038736918,3759.5531685460674,3759.5531685460674
情景一阈值控制,95.898217962119702,3080.4694221581994,5.1818711614658364,13159.903532199009,1.9243051718080044,3752.5208693094846,1440.9321445279163,2318.6938945229522,0,19.38921927537552,21.40179431505479,12.8872,0.32300000000000001,0.68168307304583309,3759.6260390508687,3759.6260390508687
情景一阈值控制,95.945405773644836,3080.263892320555,5.1589356841039349,13160.036518892097,1.915745168461032,3752.624907934749,1440.9812562367802,2318.7173259586439,0,19.38921927537552,21.40179431505479,12.8872,0.32300000000000001,0.68163759094809817,3759.698582195424,3759.698582195424
情景一阈值控制,95.992593585169985,3080.0592858652171,5.1360984736426181,13160.168908116902,1.9072222129439687,3752.7284853312599,1441.0301473018508,2318.740652124106,0,19.38921927537552,21.40179431505479,12.8872,0.32300000000000001,0.68159231318743074,3759.7707994259567,3759.7707994259567
情景一阈值控制,96,3080.0272552066217,5.1325229307930078,13160.189633338179,1.905887837016119,3752.7447006873567,1441.0378010829158,2318.74430378036,0,19.38921927537552,21.40179431505479,12.8872,0.32300000000000001,0.68158522506065822,3759.7821048632759,3759.7821048632759
情景一阈值控制,96.039781396695133,3079.8555987121968,5.1133591384264765,13160.300702513354,1.8987361543623853,3752.8316034816271,1441.0788186980485,2318.7638734844777,0,19.38921927537552,21.40179431505479,12.8872,0.32300000000000001,0.68154723886096225,3759.8426921825262,3759.8426921825262
情景一阈值控制,96.086969208220268,3079.6528267989006,5.0907172880918381,13160.431904710123,1.8902868423484369,3752.9342643605023,1441.1272713961371,2318.7869905029161,0,19.38921927537552,21.40179431505479,12.8872,0.32300000000000001,0.68150236706967315,3759.9142618990531,3759.9142618990531
情景一阈值控制,96.134157019745402,3079.4509660800641,5.0681725335650789,13160.562517324672,1.8818741270598744,3753.0364699346046,1441.1755063627393,2318.8100036406008,0,19.38921927537552,21.40179431505479,12.8872,0.32300000000000001,0.68145769691837943,3759.9855100033401,3759.9855100033401
情景一阈值控制,96.18134483127055,3079.2500125276811,5.0457244870609337,13160.692542963297,1.873497859179059,3753.1382221627491,1441.2235245603542,2318.8329133567449,0,19.38921927537552,21.40179431505479,12.8872,0.32300000000000001,0.68141322751571543,3760.0564379170992,3760.0564379170992
情景一阈值控制,96.228532642795699,3079.0499621309386,5.0233727620807782,13160.821984221166,1.8651578899119692,3753.2395229958715,1441.2713269473729,2318.8557201086014,0,19.38921927537552,21.40179431505479,12.8872,0.32300000000000001,0.68136895797412089,3760.1270470559743,3760.1270470559743
情景一阈值控制,96.275720454320833,3078.8508108961464,5.0011169734108636,13160.950843682367,1.8568540709871897,3753.3403743770573,1441.3189144780938,2318.8784243514715,0,19.38921927537552,21.40179431505479,12.8872,0.32300000000000001,0.68132488740982389,3760.1973388295655,3760.1973388295655
情景一阈值控制,96.322908265845982,3078.6525548466725,4.9789567371205159,13161.079123919953,1.8485862546548923,3753.4407782415656,1441.3662881027406,2318.9010265387105,0,19.38921927537552,21.40179431505479,12.8872,0.32300000000000001,0.681281014942828,3760.2673146414509,3760.2673146414509
情景一阈值控制,96.37009607737113,3078.455190022873,4.9568916705603669,13161.206827495987,1.8403542936858306,3753.5407365168589,1441.4134487674764,2318.9235271217381,0,19.38921927537552,21.40179431505479,12.8872,0.32300000000000001,0.68123733969689593,3760.3369758892145,3760.3369758892145
情景一阈值控制,96.417283888896264,3078.2587124820275,4.9349213923605042,13161.333956961584,1.8321580413703062,3753.6402511226256,1441.4603974144218,2318.9459265500445,0,19.38921927537552,21.40179431505479,12.8872,0.32300000000000001,0.68119386079953559,3760.4063239644665,3760.4063239644665
情景一阈值控制,96.464471700421399,3078.0631182982715,4.9130455224286029,13161.460514856939,1.8239973515171295,3753.7393239708103,1441.5071349816685,2318.9682252711978,0,19.38921927537552,21.40179431505479,12.8872,0.32300000000000001,0.68115057738198448,3760.4753602528663,3760.4753602528663
情景一阈值控制,96.511659511946561,3077.8684035625292,4.8912636819480548,13161.586503711398,1.815872078452583,3753.8379569656381,1441.5536624032968,2318.9904237308519,0,19.38921927537552,21.40179431505479,12.8872,0.32300000000000001,0.68110748857919567,3760.5440861341485,3760.5440861341485
情景一阈值控制,96.558847323471696,3077.6745643824484,4.8695754933761037,13161.711926043483,1.8077820770193911,3753.9361520036409,1441.599980609391,2319.012522372755,0,19.38921927537552,21.40179431505479,12.8872,0.32300000000000001,0.68106459352982307,3760.612502982146,3760.612502982146
情景一阈值控制,96.60603513499683,3077.4815968823323,4.8479805804418445,13161.836784360932,1.7997272025756363,3754.0339109736842,1441.6460905260558,2319.0345216387564,0,19.38921927537552,21.40179431505479,12.8872,0.32300000000000001,0.68102189137620628,3760.6806121648124,3760.6806121648124
情景一阈值控制,96.653222946521979,3077.2894972030749,4.8264785681443199,13161.961081160758,1.7917073109937196,3754.131235756995,1441.6919930754307,2319.0564219688122,0,19.38921927537552,21.40179431505479,12.8872,0.32300000000000001,0.68097938126435598,3760.7484150442428,3760.7484150442428
情景一阈值控制,96.700410758047127,3077.098261502098,4.8050690827505491,13162.084818929274,1.7837222586592949,3754.2281282271842,1441.7376891757069,2319.0782238009974,0,19.38921927537552,21.40179431505479,12.8872,0.32300000000000001,0.68093706234394069,3760.8159129767046,3760.8159129767046
情景一阈值控制,96.747598569572261,3076.9078859532788,4.7837517517935186,13162.208000142145,1.7757719024701919,3754.3245902502777,1441.7831797411429,2319.099927571508,0,19.38921927537552,21.40179431505479,12.8872,0.32300000000000001,0.68089493376827026,3760.8831073126512,3760.8831073126512
情景一阈值控制,96.79478638109741,3076.7183667468912,4.7625262040701521,13162.330627264433,1.7678560998353328,3754.4206236847367,1441.8284656820792,2319.1215337146728,0,19.38921927537552,21.40179431505479,12.8872,0.32300000000000001,0.68085299469428284,3760.949999396752,3760.949999396752
情景一阈值控制,96.841974192622558,3076.5297000895371,4.7413920696393017,13162.452702750626,1.7599747086736608,3754.51623038149,1441.8735479049549,2319.1430426629577,0,19.38921927537552,21.40179431505479,12.8872,0.32300000000000001,0.68081124428253037,3761.0165905679123,3761.0165905679123
情景一阈值控制,96.889162004147693,3076.3418822040835,4.7203489798196685,13162.574229044696,1.7521275874130458,3754.6114121839551,1441.9184273123226,2319.1644548469749,0,19.38921927537552,21.40179431505479,12.8872,0.32300000000000001,0.68076968169716323,3761.0828821592977,3761.0828821592977
情景一阈值控制,96.936349815672827,3076.1549093295948,4.699396567187712,13162.695208580128,1.7443145949891827,3754.706170928067,1441.9631048028639,2319.1857706954902,0,19.38921927537552,21.40179431505479,12.8872,0.32300000000000001,0.68072830610591706,3761.1488754983538,3761.1488754983538
情景一阈值控制,96.983537627197975,3075.968777721273,4.6785344655755567,13162.81564377997,1.7365355908444957,3754.8005084423048,1442.0075812714053,2319.2069906354291,0,19.38921927537552,21.40179431505479,12.8872,0.32300000000000001,0.68068711668009807,3761.2145719068344,3761.2145719068344
情景一阈值控制,97,3075.9040393945816,4.671277503396853,13162.857532276947,1.7338297073659126,3754.8333211176764,1442.0230506061218,2319.214371130427,0,19.38921927537552,21.40179431505479,12.8872,0.32300000000000001,0.68067279060980324,3761.2374217365486,3761.2374217365486
情景一阈值控制,97.030725438723124,3075.7834836503885,4.6577623100688825,13162.93553705687,1.7287904349270371,3754.894426547713,1442.0518576089326,2319.2281150918861,0,19.38921927537552,21.40179431505479,12.8872,0.32300000000000001,0.68064611259456842,3761.2799727008187,3761.2799727008187
情景一阈值控制,97.077913250248258,3075.5990234042192,4.6370797370047656,13163.054890813119,1.7210789876893713,3754.9879270579336,1442.0959347026071,2319.2491444881298,0,19.38921927537552,21.40179431505479,12.8872,0.32300000000000001,0.68060529302773254,3761.3450791907371,3761.3450791907371
情景一阈值控制,97.125101061773407,3075.4153932859863,4.6164863839695016,13163.173707440696,1.7134011100874516,3755.0810117792262,1442.1398134357812,2319.2700792456117,0,19.38921927537552,21.40179431505479,12.8872,0.32300000000000001,0.68056465716152315,3761.4098926813931,3761.4098926813931
情景一阈值控制,97.172288873298555,3075.232589614789,4.5959818897964535,13163.291989321302,1.7057566635795109,3755.173682510499,1442.1834946880119,2319.2909197839726,0,19.38921927537552,21.40179431505479,12.8872,0.32300000000000001,0.6805242041813867,3761.4744144719843,3761.4744144719843
情景一阈值控制,97.21947668482369,3075.050608725543,4.5755658945638364,13163.409738826404,1.6981455101249299,3755.2659410433303,1442.2269793350774,2319.3116665210514,0,19.38921927537552,21.40179431505479,12.8872,0.32300000000000001,0.68048393327626933,3761.5386458561288,3761.5386458561288
情景一阈值控制,97.266664496348824,3074.8694469689158,4.5552380395924841,13163.526958317278,1.6905675121830996,3755.3577891619971,1442.2702682489924,2319.3323198728895,0,19.38921927537552,21.40179431505479,12.8872,0.32300000000000001,0.68044384363860311,3761.602588121882,3761.602588121882
情景一阈值控制,97.313852307873972,3074.6891007112649,4.5349979674436174,13163.643650145048,1.683022532712291,3755.4492286434975,1442.313362298022,2319.3528802537412,0,19.38921927537552,21.40179431505479,12.8872,0.32300000000000001,0.68040393446429237,3761.6662425517634,3761.6662425517634
情景一阈值控制,97.361040119399121,3074.5095663345728,4.5148453219166029,13163.759816650729,1.6755104351685171,3755.5402612575804,1442.3562623466971,2319.3733480760779,0,19.38921927537552,21.40179431505479,12.8872,0.32300000000000001,0.68036420495269889,3761.7296104227753,3761.7296104227753
情景一阈值控制,97.408227930924255,3074.3308402363878,4.4947797480466667,13163.87546016526,1.6680310835043828,3755.6308887667678,1442.3989692558303,2319.3937237505984,0,19.38921927537552,21.40179431505479,12.8872,0.32300000000000001,0.68032465430662925,3761.7926930064286,3761.7926930064286
情景一阈值控制,97.455415742449404,3074.1529188297591,4.4748008921025768,13163.990583009554,1.6605843421679298,3755.721112926381,1442.4414838825294,2319.4140076862318,0,19.38921927537552,21.40179431505479,12.8872,0.32300000000000001,0.68028528173232006,3761.855491568761,3761.855491568761
情景一阈值控制,97.502603553974552,3073.9757985431747,4.454908401584377,13164.105187494539,1.6531700761014945,3755.8109354845669,1442.4838070802134,2319.434200290149,0,19.38921927537552,21.40179431505479,12.8872,0.32300000000000001,0.68024608643942441,3761.9180073703624,3761.9180073703624
情景一阈值控制,97.549791365499686,3073.7994758205004,4.4351019252210326,13164.219275921181,1.6457881507405421,3755.9003581823231,1442.5259396986271,2319.4543019677667,0,19.38921927537552,21.40179431505479,12.8872,0.32300000000000001,0.68020706764099848,3761.9802416663938,3761.9802416663938
情景一阈值控制,97.596979177024835,3073.6239471209187,4.4153811129680776,13164.332850580544,1.6384384320124976,3755.9893827535216,1442.5678825838545,2319.4743131227569,0,19.38921927537552,21.40179431505479,12.8872,0.32300000000000001,0.68016822455348791,3762.0421957066114,3762.0421957066114
情景一阈值控制,97.644166988549983,3073.449208918863,4.3957456160052812,13164.445913753827,1.631120786335593,3756.0780109249372,1442.6096365783355,2319.4942341570518,0,19.38921927537552,21.40179431505479,12.8872,0.32300000000000001,0.68012955639671313,3762.1038707353873,3762.1038707353873
情景一阈值控制,97.691354800075118,3073.2752577039623,4.3761950867342607,13164.558467712382,1.6238350806176896,3756.1662444162698,1442.6512025208801,2319.5140654708507,0,19.38921927537552,21.40179431505479,12.8872,0.32300000000000001,0.68009106239385742,3762.1652679917306,3762.1652679917306
情景一阈值控制,97.738542611600252,3073.102089980976,4.3567291787760709,13164.670514717789,1.6165811822550966,3756.2540849401703,1442.6925812466818,2319.5338074626288,0,19.38921927537552,21.40179431505479,12.8872,0.32300000000000001,0.68005274177145192,3762.2263887093104,3762.2263887093104
情景一阈值控制,97.785730423125401,3072.9297022697333,4.3373475469688128,13164.782057021866,1.6093589591314006,3756.3415342022672,1442.733773587333,2319.5534605291436,0,19.38921927537552,21.40179431505479,12.8872,0.32300000000000001,0.68001459375936335,3762.2872341164766,3762.2872341164766
情景一阈值控制,97.832918234650549,3072.7580911050741,4.3180498473652182,13164.893096866721,1.6021682796162848,3756.4285939011897,1442.7747803708401,2319.5730250654401,0,19.38921927537552,21.40179431505479,12.8872,0.32300000000000001,0.67997661759077932,3762.3478054362804,3762.3478054362804
情景一阈值控制,97.880106046175683,3072.587253036786,4.2988357372302026,13165.003636484793,1.5950090125643401,3756.5152657285939,1442.8156024216371,2319.5925014648606,0,19.38921927537552,21.40179431505479,12.8872,0.32300000000000001,0.67993881250219568,3762.4081038864979,3762.4081038864979
情景一阈值控制,97.927293857700832,3072.417184629548,4.2797048750383917,13165.113678098882,1.5878810273138695,3756.6015513691864,1442.8562405606001,2319.611890119048,0,19.38921927537552,21.40179431505479,12.8872,0.32300000000000001,0.67990117773340364,3762.4681306796483,3762.4681306796483
情景一阈值控制,97.97448166922598,3072.2478824628647,4.2606569204716891,13165.223223922194,1.5807841936857068,3756.687452500752,1442.896695605062,2319.6311914179569,0,19.38921927537552,21.40179431505479,12.8872,0.32300000000000001,0.67986371252747491,3762.5278870230186,3762.5278870230186
情景一阈值控制,98,3072.156644880793,4.2503905455519799,13165.28225858336,1.5769592844605391,3756.733746705801,1442.9184969825139,2319.6415929614086,0,19.38921927537552,21.40179431505479,12.8872,0.32300000000000001,0.67984352238538936,3762.5600899439223,3762.5600899439223
情景一阈值控制,98.021669480751115,3072.0793431310112,4.2416915344167787,13165.33227615838,1.5737183819820162,3756.7729707941753,1442.9369683688269,2319.6504057498564,0,19.38921927537552,21.40179431505479,12.8872,0.32300000000000001,0.67982641613075034,3762.5873741186833,3762.5873741186833
情景一阈值控制,98.068857292276249,3071.9115632429716,4.2228083789626165,13165.440837001581,1.566683462985087,3756.8581079134665,1442.9770596621838,2319.6695335013396,0,19.38921927537552,21.40179431505479,12.8872,0.32300000000000001,0.67978928779282521,3762.6465931635234,3762.6465931635234
情景一阈值控制,98.116045103801397,3071.7445394223791,4.2040071173979312,13165.548908636447,1.5596793079561366,3756.9428655157881,1443.0169702919216,2319.6885750573297,0,19.38921927537552,21.40179431505479,12.8872,0.32300000000000001,0.67975232676653663,3762.7055453492512,3762.7055453492512
情景一阈值控制,98.163232915326546,3071.5782683074563,4.185287414208716,13165.656493238192,1.5527057886341082,3757.0272452514764,1443.0567010613424,2319.7075308010862,0,19.38921927537552,21.40179431505479,12.8872,0.32300000000000001,0.67971553230795045,3762.7642318624285,3762.7642318624285
情景一阈值控制,98.21042072685168,3071.4127465509578,4.1666489350756768,13165.763592972629,1.5457627772344582,3757.1112487640685,1443.0962527702766,2319.7264011142115,0,19.38921927537552,21.40179431505479,12.8872,0.32300000000000001,0.67967890367634842,3762.8226538844883,3762.8226538844883
情景一阈值控制,98.257608538376829,3071.2479708201095,4.1480913468716691,13165.87020999621,1.5388501464479394,3757.1948776903259,1443.135626215096,2319.7451863766582,0,19.38921927537552,21.40179431505479,12.8872,0.32300000000000001,0.67964244013421415,3762.880812591754,3762.880812591754
情景一阈值控制,98.304796349901977,3071.0839377965517,4.1296143176591711,13165.976346456058,1.5319677694393981,3757.2781336602579,1443.1748221887285,2319.7638869667371,0,19.38921927537552,21.40179431505479,12.8872,0.32300000000000001,0.67960614094722149,3762.9387091554654,3762.9387091554654
情景一阈值控制,98.351984161427112,3070.9206441762776,4.1112175166876899,13166.082004490005,1.5251155198465509,3757.3610182971502,1443.2138414806725,2319.7825032611213,0,19.38921927537552,21.40179431505479,12.8872,0.32300000000000001,0.67957000538422063,3762.996344741794,3762.996344741794
情景一阈值控制,98.399171972952246,3070.7580866695789,4.0929006143911648,13166.187186226634,1.5182932717787632,3757.4435332175831,1443.2526848770092,2319.8010356348532,0,19.38921927537552,21.40179431505479,12.8872,0.32300000000000001,0.67953403271722501,3763.0537205118626,3763.0537205118626
情景一阈值控制,98.446359784477409,3070.5962620009841,4.0746632823853783,13166.291893785317,1.511500899815825,3757.5256800314614,1443.2913531604181,2319.819484461354,0,19.38921927537552,21.40179431505479,12.8872,0.32300000000000001,0.67949822222139977,3763.1108376217721,3763.1108376217721
情景一阈值控制,98.493547596002543,3070.4351669092034,4.0565051934653784,13166.396129276254,1.5047382790067454,3757.6074603420357,1443.3298471101898,2319.8378501124271,0,19.38921927537552,21.40179431505479,12.8872,0.32300000000000001,0.67946257317504732,3763.1676972226169,3763.1676972226169
情景一阈值控制,98.540735407527677,3070.2747981470679,4.0384260216027981,13166.499894800501,1.4980052848684962,3757.6888757459269,1443.3681675022417,2319.8561329582653,0,19.38921927537552,21.40179431505479,12.8872,0.32300000000000001,0.67942708485959558,3763.224300460507,3763.224300460507
情景一阈值控制,98.587923219052826,3070.1151524814759,4.0204254419432566,13166.603192450011,1.4913017933848005,3757.7699278331506,1443.4063151091284,2319.8743333674597,0,19.38921927537552,21.40179431505479,12.8872,0.32300000000000001,0.67939175655958506,3763.2806484765879,3763.2806484765879
情景一阈值控制,98.635111030577974,3069.9562266933322,4.0025031308037269,13166.706024307681,1.4846276810049008,3757.850618187143,1443.4442907000582,2319.8924517070022,0,19.38921927537552,21.40179431505479,12.8872,0.32300000000000001,0.67935658756265604,3763.3367424070602,3763.3367424070602
情景一阈值控制,98.682298842103108,3069.7980175774928,3.984658765669864,13166.808392447379,1.4779828246423221,3757.9309483847805,1443.4820950409062,2319.9104883422956,0,19.38921927537552,21.40179431505479,12.8872,0.32300000000000001,0.67932157715953578,3763.3925833832018,3763.3925833832018
情景一阈值控制,98.729486653628257,3069.6405219427079,3.966892025193328,13166.910298933981,1.4713671016736296,3758.0109199964095,1443.5197288942263,2319.928443637159,0,19.38921927537552,21.40179431505479,12.8872,0.32300000000000001,0.67928672464402651,3763.4481725313854,3763.4481725313854
情景一阈值控制,98.776674465153405,3069.4837366115639,3.9492025891891425,13167.011745823409,1.4647803899372021,3758.090534585866,1443.5571930192682,2319.9463179538334,0,19.38921927537552,21.40179431505479,12.8872,0.32300000000000001,0.67925202931299222,3763.5035109731016,3763.5035109731016
情景一阈值控制,98.82386227667854,3069.3276584204282,3.9315901386329908,13167.112735162671,1.4582225677319878,3758.1697937105,1443.5944881719861,2319.9641116529883,0,19.38921927537552,21.40179431505479,12.8872,0.32300000000000001,0.6792174904663465,3763.5585998249744,3763.5585998249744
情景一阈值控制,98.871050088203674,3069.1722842193926,3.9140543556585139,13167.213268989897,1.4516935138162563,3758.248698921202,1443.6316151050567,2319.9818250937296,0,19.38921927537552,21.40179431505479,12.8872,0.32300000000000001,0.67918310740704002,3763.6134401987865,3763.6134401987865
情景一阈值控制,98.918237899728823,3069.0176108722167,3.8965949235546145,13167.313349334367,1.4451931074063606,3758.3272517624237,1443.6685745678899,2319.9994586336043,0,19.38921927537552,21.40179431505479,12.8872,0.32300000000000001,0.67914887944104796,3763.6680332014939,3763.6680332014939
情景一阈值控制,98.965425711253971,3068.8636352562721,3.8792115267627549,13167.412978216553,1.4387212281754953,3758.4054537722027,1443.7053673066428,2320.0170126286075,0,19.38921927537552,21.40179431505479,12.8872,0.32300000000000001,0.67911480587735784,3763.7223799352505,3763.7223799352505
情景一阈值控制,99,3068.7512591426648,3.8665228762691077,13167.485690421761,1.4339973513775182,3758.4625302078948,1443.7322197726301,2320.0298240710208,0,19.38921927537552,21.40179431505479,12.8872,0.32300000000000001,0.67908993794849293,3763.7620438436506,3763.7620438436506
情景一阈值控制,99.012613522779105,3068.7103542624873,3.8619038508742247,13167.512157648165,1.432277756252444,3758.4833064821869,1443.7419940642337,2320.0344874331895,0,19.38921927537552,21.40179431505479,12.8872,0.32300000000000001,0.67908088602795724,3763.7764814974234,3763.7764814974234
情景一阈值控制,99.059801334304254,3068.557764795291,3.8446715826273898,13167.610889632169,1.4258625722203273,3758.5608114176584,1443.7784555803548,2320.0518834002605,0,19.38921927537552,21.40179431505479,12.8872,0.32300000000000001,0.67904711920782124,3763.8303389806151,3763.8303389806151
情景一阈值控制,99.106989145829402,3068.405863772558,3.8275144099049889,13167.709176162834,1.4194755571153621,3758.6379700975535,1443.8147525914849,2320.0692008811984,0,19.38921927537552,21.40179431505479,12.8872,0.32300000000000001,0.67901350473490008,3763.8839534726831,3763.8839534726831
情景一阈值控制,99.154176957354537,3068.2546481255545,3.8104320217313647,13167.807019225764,1.4131165924256057,3758.7147840344919,1443.8508858309037,2320.0864402258549,0,19.38921927537552,21.40179431505479,12.8872,0.32300000000000001,0.67898004193010786,3763.9373260567586,3763.9373260567586
情景一阈值控制,99.201364768879671,3068.1041147988799,3.793424108269698,13167.904420797931,1.4067855600896981,3758.7912547347955,1443.8868560287044,2320.1036017825604,0,19.38921927537552,21.40179431505479,12.8872,0.32300000000000001,0.67894673011730899,3763.9904578112646,3763.9904578112646
情景一阈值控制,99.248552580404819,3067.9542607504145,3.7764903608192522,13168.001382847722,1.4004823424956108,3758.8673836985131,1443.922663911806,2320.1206858981318,0,19.38921927537552,21.40179431505479,12.8872,0.32300000000000001,0.6789135686233071,3764.0433498099378,3764.0433498099378
情景一阈值控制,99.295740391929968,3067.8050829512677,3.7596304718126112,13168.097907334961,1.3942068224793969,3758.9431724194446,1443.958310203968,2320.1376929178778,0,19.38921927537552,21.40179431505479,12.8872,0.32300000000000001,0.67888055677783277,3764.0960031218456,3764.0960031218456
情景一阈值控制,99.342928203455102,3067.6565783857163,3.7428441348128878,13168.19399621095,1.387958883323928,3759.0186223851624,1443.993795625802,2320.1546231856069,0,19.38921927537552,21.40179431505479,12.8872,0.32300000000000001,0.67884769391353095,3764.1484188114091,3764.1484188114091
情景一阈值控制,99.390116014980251,3067.5087440511584,3.726131044510919,13168.289651418501,1.3817384087576325,3759.0937350770369,1444.0291208947854,2320.1714770436297,0,19.38921927537552,21.40179431505479,12.8872,0.32300000000000001,0.67881497936594981,3764.2005979384148,3764.2005979384148
情景一阈值控制,99.437303826505399,3067.3615769580538,3.7094908967225044,13168.384874891979,1.3755452829532469,3759.1685119702584,1444.0642867252736,2320.1882548327699,0,19.38921927537552,21.40179431505479,12.8872,0.32300000000000001,0.67878241247352844,3764.2525415580435,3764.2525415580435
情景一阈值控制,99.484491638030534,3067.2150741298715,3.6929233883855823,13168.479668557322,1.3693793905265499,3759.2429545338587,1444.0992938285142,2320.2049568923662,0,19.38921927537552,21.40179431505479,12.8872,0.32300000000000001,0.67874999257758439,3764.3042507208802,3764.3042507208802
情景一阈值控制,99.531679449555668,3067.0692326030385,3.6764282175574166,13168.574034332099,1.3632406165350974,3759.3170642307368,1444.1341429126578,2320.221583560281,0,19.38921927537552,21.40179431505479,12.8872,0.32300000000000001,0.67871771902230293,3764.3557264729388,3764.3557264729388
情景一阈值控制,99.578867261080831,3066.9240494268829,3.6600050834117788,13168.667974125514,1.3571288464769649,3759.3908425176801,1444.1688346827725,2320.2381351729055,0,19.38921927537552,21.40179431505479,12.8872,0.32300000000000001,0.67868559115472382,3764.4069698556777,3764.4069698556777
情景一阈值控制,99.626055072605965,3066.7795216635841,3.6436536862361666,13168.761489838467,1.3510439662894935,3759.4642908453879,1444.2033698408557,2320.2546120651673,0,19.38921927537552,21.40179431505479,12.8872,0.32300000000000001,0.67865360832473132,3764.4579819060227,3764.4579819060227
情景一阈值控制,99.673242884131099,3066.6356463881161,3.62737372742891,13168.854583363578,1.3449858623480075,3759.5374106584941,1444.2377490858473,2320.2710145705323,0,19.38921927537552,21.40179431505479,12.8872,0.32300000000000001,0.67862176988504064,3764.5087636563794,3764.5087636563794
情景一阈值控制,99.720430695656248,3066.4924206881979,3.6111649094963725,13168.947256585217,1.3389544214645626,3759.6102033955885,1444.2719731136422,2320.2873430210166,0,19.38921927537552,21.40179431505479,12.8872,0.32300000000000001,0.67859007519118741,3764.5593161346587,3764.5593161346587
情景一阈值控制,99.767618507181396,3066.3498416642392,3.595026936050115,13169.039511379546,1.332949530886681,3759.6826704892433,1444.3060426171023,2320.3035977471873,0,19.38921927537552,21.40179431505479,12.8872,0.32300000000000001,0.67855852360151592,3764.6096403642896,3764.6096403642896
情景一阈值控制,99.81480631870653,3066.2079064292884,3.5789595118040372,13169.131349614545,1.326971078296084,3759.7548133660321,1444.3399582860695,2320.3197790781715,0,19.38921927537552,21.40179431505479,12.8872,0.32300000000000001,0.67852711447716652,3764.6597373642408,3764.6597373642408
情景一阈值控制,99.861994130231679,3066.0666121089803,3.5629623425715113,13169.222773150053,1.3210189518074198,3759.826633446552,1444.3737208073785,2320.3358873416614,0,19.38921927537552,21.40179431505479,12.8872,0.32300000000000001,0.67849584718206579,3764.7096081490399,3764.7096081490399
情景一阈值控制,99.909181941756827,3065.9259558414838,3.5470351352625533,13169.313783837802,1.3150930399670087,3759.8981321454507,1444.4073308648685,2320.3519228639207,0,19.38921927537552,21.40179431505479,12.8872,0.32300000000000001,0.67846472108291334,3764.7592537287892,3764.7592537287892
情景一阈值控制,99.956369753281962,3065.7859347774502,3.5311775978809425,13169.40438352144,1.3091932317515693,3759.9693108714432,1444.4407891393964,2320.3678859697884,0,19.38921927537552,21.40179431505479,12.8872,0.32300000000000001,0.6784337355491713,3764.8086751091851,3764.8086751091851
情景一阈值控制,100,3065.6570328402845,3.5165773224670827,13169.487788649145,1.3037613494247411,3760.0348398386423,1444.4715904793998,2320.3825814392435,0,19.38921927537552,21.40179431505479,12.8872,0.32300000000000001,0.67840521058865166,3764.8541719186433,3764.8541719186433
情景一阈值控制,100.0035575648071,3065.6465460799618,3.5153894395213476,13169.494574036575,1.3033194165669484,3760.04017102734,1444.4740963088491,2320.3837769826887,0,19.38921927537552,21.40179431505479,12.8872,0.32300000000000001,0.67840288995305265,3764.8578732915375,3764.8578732915375
情景一阈值控制,100.05074537633224,3065.5077869244797,3.4996703703664584,13169.584357210808,1.2974714842468578,3760.1107140100635,1444.5072530481546,2320.3995962246318,0,19.38921927537552,21.40179431505479,12.8872,0.32300000000000001,0.67837218366950958,3764.9068492727865,3764.9068492727865
情景一阈值控制,100.09793318785739,3065.3696544987929,3.484020101684119,13169.67373486376,1.2916493250516081,3760.180941210675,1444.540260029295,2320.4153440162249,0,19.38921927537552,21.40179431505479,12.8872,0.32300000000000001,0.67834161607622268,3764.95560404552,3764.95560404552
情景一阈值控制,100.14512099938253,3065.2321460029675,3.4684383458244352,13169.762708807111,1.285852829666839,3760.2508540143936,1444.5731179213203,2320.4310206766741,0,19.38921927537552,21.40179431505479,12.8872,0.32300000000000001,0.67831118655358891,3765.0041385979944,3765.0041385979944
情景一阈值控制,100.19230881090768,3065.0952586492954,3.4529248162168731,13169.851280844628,1.2800818892022434,3760.3204538006216,1444.6058273903577,2320.446626523792,0,19.38921927537552,21.40179431505479,12.8872,0.32300000000000001,0.67828089448471096,3765.0524539141497,3765.0524539141497
情景一阈值控制,100.23949662243282,3064.9589896622433,3.4374792273673958,13169.939452772202,1.2743363951903122,3760.3897419429632,1444.6383890996258,2320.4621618740043,0,19.38921927537552,21.40179431505479,12.8872,0.32300000000000001,0.67825073925538581,3765.1005509736301,3765.1005509736301
情景一阈值控制,100.28668443395796,3064.8233362784022,3.4221012948555534,13170.027226377873,1.2686162395850591,3760.4587198092486,1444.6708037094459,2320.4776270423527,0,19.38921927537552,21.40179431505479,12.8872,0.32300000000000001,0.67822072025409308,3765.1484307517985,3765.1484307517985
情景一阈值控制,100.33387224548309,3064.6882957464372,3.406790735331573,13170.114603441878,1.2629213147607481,3760.5273887615554,1444.7030718772539,2320.4930223425031,0,19.38921927537552,21.40179431505479,12.8872,0.32300000000000001,0.67819083687198467,3765.196094219757,3765.196094219757
情景一阈值控制,100.38106005700824,3064.5538653270387,3.3915472665134665,13170.20158573667,1.2572515135106304,3760.5957501562311,1444.7351942576129,2320.5083480867515,0,19.38921927537552,21.40179431505479,12.8872,0.32300000000000001,0.67816108850287338,3765.2435423443644,3765.2435423443644
情景一阈值控制,100.42824786853339,3064.4200422928684,3.3763706071841333,13170.288175026952,1.2516067290456778,3760.6638053439133,1444.767171502225,2320.5236045860274,0,19.38921927537552,21.40179431505479,12.8872,0.32300000000000001,0.67813147454322131,3765.2907760882526,3765.2907760882526
情景一阈值控制,100.47543568005852,3064.2868239285144,3.3612604771884365,13170.374373069715,1.2459868549933124,3760.731555669553,1444.7990042599426,2320.5387921499014,0,19.38921927537552,21.40179431505479,12.8872,0.32300000000000001,0.67810199439212937,3765.337796409844,3765.337796409844
情景一阈值控制,100.52262349158367,3064.1542075304378,3.3462165974302804,13170.460181614262,1.2403917853961328,3760.7990024724363,1444.8306931767809,2320.5539110865911,0,19.38921927537552,21.40179431505479,12.8872,0.32300000000000001,0.67807264745132656,3765.3846042633722,3765.3846042633722
情景一阈值控制,100.56981130310882,3064.0221904069249,3.3312386898697177,13170.545602402255,1.2348214147106562,3760.8661470862048,1444.8622388959297,2320.5689617029648,0,19.38921927537552,21.40179431505479,12.8872,0.32300000000000001,0.67804343312515802,3765.4312005988945,3765.4312005988945
情景一阈值控制,100.61699911463396,3063.8907698780376,3.3163264775200179,13170.630637167722,1.2292756378060465,3760.9329908388781,1444.8936420577645,2320.5839443045493,0,19.38921927537552,21.40179431505479,12.8872,0.32300000000000001,0.67801435082057526,3765.4775863623136,3765.4775863623136
情景一阈值控制,100.66418692615909,3063.7599432755651,3.3014796844447325,13170.715287637116,1.2237543499628438,3760.9995350528761,1444.9249032998594,2320.5988591955338,0,19.38921927537552,21.40179431505479,12.8872,0.32300000000000001,0.67798539994712459,3765.5237624953934,3765.5237624953934
情景一阈值控制,100.71137473768425,3063.6297079429733,3.2866980357547777,13170.799555529327,1.2182574468716989,3761.065781045038,1444.9560232569972,2320.6137066787769,0,19.38921927537552,21.40179431505479,12.8872,0.32300000000000001,0.67795657991693636,3765.5697299357744,3765.5697299357744
情景一阈值控制,100.75856254920939,3063.500061235357,3.271981257605534,13170.883442555723,1.2127848246321187,3761.1317301266467,1444.9870025611826,2320.6284870558106,0,19.38921927537552,21.40179431505479,12.8872,0.32300000000000001,0.67792789014471444,3765.6154896169933,3765.6154896169933
情景一阈值控制,100.80575036073452,3063.3710005193916,3.2573290771938646,13170.966950420179,1.2073363797511802,3761.1973836034467,1445.0178418416538,2320.6432006268478,0,19.38921927537552,21.40179431505479,12.8872,0.32300000000000001,0.6778993300477254,3765.6610424685014,3765.6610424685014
情景一阈值控制,100.85293817225967,3063.2425231732846,3.2427412227552126,13171.050080819112,1.2019120091422779,3761.2627427756706,1445.0485417248915,2320.6578476907853,0,19.38921927537552,21.40179431505479,12.8872,0.32300000000000001,0.67787089904578757,3765.7063894156768,3765.7063894156768
情景一阈值控制,100.90012598378482,3063.1146265867264,3.22821742356067,13171.1328354415,1.1965116101238586,3761.3278089380533,1445.0791028346346,2320.6724285452124,0,19.38921927537552,21.40179431505479,12.8872,0.32300000000000001,0.67784259656126045,3765.7515313798467,3765.7515313798467
情景一阈值控制,100.94731379530995,3062.9873081608457,3.2137574099140336,13171.215215968929,1.1911350804181555,3761.3925833798589,1445.1095257918876,2320.6869434864129,0,19.38921927537552,21.40179431505479,12.8872,0.32300000000000001,0.67781442201903463,3765.7964692783007,3765.7964692783007
情景一阈值控制,100.9945016068351,3062.8605653081549,3.1993609131488507,13171.297224075608,1.1857823181499181,3761.4570673849003,1445.139811214935,2320.7013928093734,0,19.38921927537552,21.40179431505479,12.8872,0.32300000000000001,0.67778637484652016,3765.8412040243084,3765.8412040243084
情景一阈值控制,101,3062.8458343669749,3.1976875316224138,13171.306755631593,1.1851601478175209,3761.4645623219567,1445.1433311987137,2320.703072210792,0,19.38921927537552,21.40179431505479,12.8872,0.32300000000000001,0.67778311500787991,3765.8464034095059,3765.8464034095059
情景一阈值控制,101.04168941836025,3062.7343954525099,3.1850276656255057,13171.378861428424,1.1804532218451607,3761.5212622315585,1445.169959719351,2320.7157768077873,0,19.38921927537552,21.40179431505479,12.8872,0.32300000000000001,0.67775845447363703,3765.8857365271383,3765.8857365271383
情景一阈值控制,101.08887722988538,3062.6087960290583,3.1707574007282644,13171.460129686942,1.1751476904298941,3761.5851691928056,1445.1999719180114,2320.7300957740613,0,19.38921927537552,21.40179431505479,12.8872,0.32300000000000001,0.67773066033280394,3765.930067692073,3765.930067692073
情景一阈值控制,101.13606504141052,3062.4837644841937,3.1565498528623213,13171.541030503455,1.1698656232288613,3761.6487895362234,1445.2298484211049,2320.7443499993187,0,19.38921927537552,21.40179431505479,12.8872,0.32300000000000001,0.67770299185892846,3765.9741984204238,3765.9741984204238
情景一阈值控制,101.18325285293567,3062.3592982755058,3.1424047574508647,13171.621565523015,1.1646069199642803,3761.7121245240269,1445.2595898361444,2320.7585397734069,0,19.38921927537552,21.40179431505479,12.8872,0.32300000000000001,0.67767544848939587,3766.0181296095516,3766.0181296095516
情景一阈值控制,101.23044066446082,3062.2353948717396,3.1283218509321373,13171.701736383453,1.1593714807545865,3761.775175413085,1445.2891967679786,2320.7726653849027,0,19.38921927537552,21.40179431505479,12.8872,0.32300000000000001,0.67764802966405946,3766.0618621528811,3766.0618621528811
情景一阈值控制,101.27762847598595,3062.1120517527411,3.1143008707564794,13171.781544715415,1.1541592061131711,3761.8379434549383,1445.3186698188022,2320.7867271211153,0,19.38921927537552,21.40179431505479,12.8872,0.32300000000000001,0.67762073482522978,3766.1053969399172,3766.1053969399172
情景一阈值控制,101.3248162875111,3061.9892664094164,3.1003415553833702,13171.860992142398,1.1489699969471185,3761.9004298958221,1445.3480095881671,2320.8007252680941,0,19.38921927537552,21.40179431505479,12.8872,0.32300000000000001,0.67759356341766408,3766.1487348562614,3766.1487348562614
情景一阈值控制,101.37200409903625,3061.8670363436818,3.0864436442785022,13171.940080280761,1.1438037545559578,3761.9626359766858,1445.3772166729952,2320.8146601106341,0,19.38921927537552,21.40179431505479,12.8872,0.32300000000000001,0.67756651488855713,3766.1918767836296,3766.1918767836296
情景一阈值控制,101.41919191056138,3061.7453590684195,3.0726068779108187,13172.01881073979,1.1386603806304028,3762.0245629332157,1445.4062916675873,2320.8285319322786,0,19.38921927537552,21.40179431505479,12.8872,0.32300000000000001,0.6775395886875295,3766.2348235998661,3766.2348235998661
情景一阈值控制,101.46637972208651,3061.6242321074324,3.0588309977495549,13172.09718512168,1.1335397772510929,3762.086211995852,1445.4352351636351,2320.8423410153264,0,19.38921927537552,21.40179431505479,12.8872,0.32300000000000001,0.67751278426661865,3766.2775761789617,3766.2775761789617
情景一阈值控制,101.51356753361168,3061.5036529953936,3.0451157462612914,13172.175205021611,1.1284418468873409,3762.1475843898124,1445.4640477502326,2320.8560876408374,0,19.38921927537552,21.40179431505479,12.8872,0.32300000000000001,0.67748610108026774,3766.3201353910699,3766.3201353910699
情景一阈值控制,101.56075534513681,3061.3836192778072,3.031460866907032,13172.252872027742,1.123366492395891,3762.2086813351107,1445.4927300138859,2320.8697720886366,0,19.38921927537552,21.40179431505479,12.8872,0.32300000000000001,0.67745953858531649,3766.3625021025227,3766.3625021025227
情景一阈值控制,101.60794315666195,3061.2641285109576,3.0178661041391988,13172.330187721271,1.1183136170196479,3762.2695040465769,1445.5212825385252,2320.8833946373197,0,19.38921927537552,21.40179431505479,12.8872,0.32300000000000001,0.67743309624099046,3766.4046771758449,3766.4046771758449
情景一阈值控制,101.65513096818709,3061.1451782618656,3.0043312033987148,13172.407153676435,1.1132831243864376,3762.3300537338796,1445.5497059055147,2320.8969555642584,0,19.38921927537552,21.40179431505479,12.8872,0.32300000000000001,0.67740677350889078,3766.4466614697731,3766.4466614697731
情景一阈值控制,101.70231877971224,3061.0267661082448,2.9908559111120536,13172.483771460558,1.1082749185077581,3762.3903316015417,1445.5780006936645,2320.9104551456062,0,19.38921927537552,21.40179431505479,12.8872,0.32300000000000001,0.67738056985298511,3766.4884558392705,3766.4884558392705
情景一阈值控制,101.74950659123738,3060.9088896384546,2.9774399746882763,13172.560042634079,1.1032889037775295,3762.4503388489666,1445.6061674792395,2320.923893656302,0,19.38921927537552,21.40179431505479,12.8872,0.32300000000000001,0.67735448473959681,3766.5300611355415,3766.5300611355415
情景一阈值控制,101.79669440276253,3060.7915464514549,2.9640831425160741,13172.63596875057,1.0983249849708412,3762.5100766704527,1445.6342068359729,2320.9372713700755,0,19.38921927537552,21.40179431505479,12.8872,0.32300000000000001,0.67732851763739488,3766.5714782060486,3766.5714782060486
情景一阈值控制,101.84388221428767,3060.6747341567657,2.9507851639608331,13172.711551356779,1.0933830672427158,3762.5695462552162,1445.6621193350741,2320.9505885594549,0,19.38921927537552,21.40179431505479,12.8872,0.32300000000000001,0.67730266801738559,3766.6127078945292,3766.6127078945292
情景一阈值控制,101.89107002581281,3060.5584503744167,2.9375457893616801,13172.78679199265,1.0884630561268598,3762.628748787411,1445.6899055452411,2320.9638454957676,0,19.38921927537552,21.40179431505479,12.8872,0.32300000000000001,0.67727693535290034,3766.6537510410089,3766.6537510410089
情景一阈值控制,101.93825783733794,3060.4426927349054,2.9243647700285176,13172.861692191349,1.0835648575344179,3762.687685446148,1445.7175660326698,2320.9770424491498,0,19.38921927537552,21.40179431505479,12.8872,0.32300000000000001,0.67725131911958769,3766.6946084818196,3766.6946084818196
情景一阈值控制,101.98544564886309,3060.3274588791546,2.9112418582390842,13172.936253479305,1.0786883777527336,3762.7463574055132,1445.7451013610666,2320.990179688547,0,19.38921927537552,21.40179431505479,12.8872,0.32300000000000001,0.67722581879540267,3766.7352810496136,3766.7352810496136
情景一阈值控制,102,3060.2920221031982,2.9072059857106245,13172.959182605813,1.0771886709231304,3762.7644006343212,1445.7535690397444,2320.9942196593192,0,19.38921927537552,21.40179431505479,12.8872,0.32300000000000001,0.67721797692229113,3766.7477886990637,3766.7477886990637
情景一阈值控制,102.03263346038824,3060.2127464584673,2.8981768072360143,13173.010477376225,1.073833523444113,3762.8047658345913,1445.7725120916568,2321.0032574817237,0,19.38921927537552,21.40179431505479,12.8872,0.32300000000000001,0.67720043386059747,3766.7757695733808,3766.7757695733808
情景一阈值控制,102.07982127191337,3060.0985531344809,2.8851693712238804,13173.084365395134,1.0690002016445814,3762.8629118974827,1445.7997987831955,2321.0162760952644,0,19.38921927537552,21.40179431505479,12.8872,0.32300000000000001,0.67717516379771159,3766.8160748784599,3766.8160748784599
情景一阈值控制,102.12700908343852,3059.9848765791262,2.8722193053662362,13173.157919042389,1.0641883197626432,3762.9207967533225,1445.8269619919793,2321.0292357945809,0,19.38921927537552,21.40179431505479,12.8872,0.32300000000000001,0.67715000809156167,3766.8561977865602,3766.8561977865602
情景一阈值控制,102.17419689496367,3059.8717144745824,2.8593263657826902,13173.231139817721,1.0593977855780536,3762.9784215563018,1445.8540022718553,2321.0421368439161,0,19.38921927537552,21.40179431505479,12.8872,0.32300000000000001,0.67712496622923291,3766.8961391157713,3766.8961391157713
情景一阈值控制,102.22138470648881,3059.7590645132354,2.8464903095459526,13173.304029214256,1.0546285072405803,3763.0357874556862,1445.880920174232,2321.0549795063498,0,19.38921927537552,21.40179431505479,12.8872,0.32300000000000001,0.67710003770006877,3766.9358996805818,3766.9358996805818
情景一阈值控制,102.26857251801394,3059.6469243976317,2.8337108946788825,13173.376588718549,1.0498803932687677,3763.0928955958366,1445.9077162480896,2321.0677640438034,0,19.38921927537552,21.40179431505479,12.8872,0.32300000000000001,0.67707522199566128,3766.9754802918933,3766.9754802918933
情景一阈值控制,102.31576032953909,3059.5352918404374,2.8209878801515513,13173.448819810601,1.0451533525487087,3763.1497471162261,1445.9343910399907,2321.0804907170441,0,19.38921927537552,21.40179431505479,12.8872,0.32300000000000001,0.677050518609842,3767.0148817570348,3767.0148817570348
情景一阈值控制,102.36294814106424,3059.4241645643965,2.8083210258783118,13173.520723963897,1.0404472943328187,3763.2063431514612,1445.9609450940898,2321.0931597856911,0,19.38921927537552,21.40179431505479,12.8872,0.32300000000000001,0.67702592703867237,3767.0541048797809,3767.0541048797809
情景一阈值控制,102.41013595258937,3059.3135403022857,2.7957100927148502,13173.592302645426,1.0357621282386034,3763.2626848312998,1445.9873789521432,2321.1057715082188,0,19.38921927537552,21.40179431505479,12.8872,0.32300000000000001,0.67700144678043428,3767.0931504603623,3767.0931504603623
情景一阈值控制,102.45732376411452,3059.2034167968727,2.7831548424552328,13173.663557315716,1.0310977642474293,3763.3187732806732,1446.0136931535212,2321.1183261419633,0,19.38921927537552,21.40179431505479,12.8872,0.32300000000000001,0.67697707733562029,3767.1320192954845,3767.1320192954845
情景一阈值控制,102.50451157563967,3059.0937918008749,2.770655037829,13173.734489428856,1.0264541127033073,3763.3746096197001,1446.0398882352149,2321.130823943126,0,19.38921927537552,21.40179431505479,12.8872,0.32300000000000001,0.67695281820692488,3767.1707121783411,3767.1707121783411
情景一阈值控制,102.5516993871648,3058.9846630769161,2.7582104424982137,13173.805100432528,1.021831084311666,3763.4301949637106,1446.06596473185,2321.1432651667792,0,19.38921927537552,21.40179431505479,12.8872,0.32300000000000001,0.67692866889923475,3767.209229898629,3767.209229898629
情景一阈值控制,102.59888719868994,3058.8760283974852,2.7458208210545205,13173.875391768024,1.0172285901381275,3763.4855304232628,1446.0919231756941,2321.1556500668703,0,19.38921927537552,21.40179431505479,12.8872,0.32300000000000001,0.67690462891961956,3767.2475732425646,3767.2475732425646
情景一阈值控制,102.6460750102151,3058.767885544893,2.7334859390162229,13173.945364870286,1.0126465416072898,3763.5406171041618,1446.1177640966671,2321.1679788962265,0,19.38921927537552,21.40179431505479,12.8872,0.32300000000000001,0.67688069777732263,3767.2857429928936,3767.2857429928936
情景一阈值控制,102.69326282174023,3058.660232311232,2.7212055628253791,13174.015021167927,1.0080848505015181,3763.5954561074791,1446.143488022353,2321.1802519065614,0,19.38921927537552,21.40179431505479,12.8872,0.32300000000000001,0.6768568749837518,3767.3237399289146,3767.3237399289146
情景一阈值控制,102.74045063326537,3058.5530664983353,2.70897945984483,13174.084362083253,1.0035434289597138,3763.650048529571,1446.1690954780076,2321.1924693484762,0,19.38921927537552,21.40179431505479,12.8872,0.32300000000000001,0.6768331600524703,3767.361564826484,3767.361564826484
情景一阈值控制,102.78763844479052,3058.4463859177326,2.6968073983552991,13174.153389032304,0.9990221894761101,3763.7043954620976,1446.1945869865692,2321.204631471468,0,19.38921927537552,21.40179431505479,12.8872,0.32300000000000001,0.67680955249918762,3767.3992184580375,3767.3992184580375
情景一阈值控制,102.83482625631567,3058.3401883906117,2.6846891475524801,13174.22210342486,0.99452104489906079,3763.7584979920412,1446.2199630686689,2321.2167385239322,0,19.38921927537552,21.40179431505479,12.8872,0.32300000000000001,0.67678605184175,3767.4367015926009,3767.4367015926009
情景一阈值控制,102.8820140678408,3058.2344717477768,2.6726244775441024,13174.290506664491,0.99003990842982792,3763.8123572017257,1446.2452242426402,2321.2287907531677,0,19.38921927537552,21.40179431505479,12.8872,0.32300000000000001,0.67676265760013155,3767.4740149958079,3767.4740149958079
情景一阈值控制,102.92920187936595,3058.1292338296053,2.6606131593470099,13174.358600148556,0.98557869362136952,3763.8659741688339,1446.2703710245278,2321.2407884053832,0,19.38921927537552,21.40179431505479,12.8872,0.32300000000000001,0.67673936929642553,3767.511159429911,3767.511159429911
情景一阈值控制,102.9763896908911,3058.0244724860113,2.6486549648842623,13174.426385268265,0.9811373143771418,3763.9193499664279,1446.2954039280992,2321.2527317256986,0,19.38921927537552,21.40179431505479,12.8872,0.32300000000000001,0.67671618645483533,3767.5481356537975,3767.5481356537975
情景一阈值控制,103,3057.9722336083973,2.642691579533472,13174.460186081149,0.97892249924515462,3763.9459662316394,1446.3078864979204,2321.2586872206061,0,19.38921927537552,21.40179431505479,12.8872,0.32300000000000001,0.67670462641195095,3767.5665737185263,3767.5665737185263
情景一阈值控制,103.02357750241623,3057.9201855764009,2.6367496669822179,13174.493863408667,0.97671568494988981,3763.9724856629646,1446.3203234648524,2321.2646209581526,0,19.38921927537552,21.40179431505479,12.8872,0.32300000000000001,0.67669310860166454,3767.5849444230053,3767.5849444230053
情景一阈值控制,103.07076531394137,3057.816370969635,2.6248970393676112,13174.561035948707,0.97231371994044435,3764.025382322317,1446.3451301440275,2321.2764563457058,0,19.38921927537552,21.40179431505479,12.8872,0.32300000000000001,0.67667013526530928,3767.6215864897331,3767.6215864897331
情景一阈值控制,103.11795312546651,3057.713026543986,2.6130968566646593,13174.627904261228,0.96793133429652312,3764.0780410037901,1446.3698244726143,2321.2882381302456,0,19.38921927537552,21.40179431505479,12.8872,0.32300000000000001,0.67664726597624847,3767.6580626028599,3767.6580626028599
情景一阈值控制,103.16514093699166,3057.6101501871012,2.6013488943921605,13174.694469713017,0.96356844331153535,3764.1304627621425,1446.3944069553634,2321.2999665525913,0,19.38921927537552,21.40179431505479,12.8872,0.32300000000000001,0.67662450026703524,3767.6943735079549,3767.6943735079549
情景一阈值控制,103.2123287485168,3057.5077397959599,2.5896529289605899,13174.760733664822,0.95922496262338319,3764.1826486475998,1446.4188780947948,2321.3116418524974,0,19.38921927537552,21.40179431505479,12.8872,0.32300000000000001,0.67660183767228821,3767.7305199472921,3767.7305199472921
情景一阈值控制,103.25951656004194,3057.4057932768337,2.5780087376691898,13174.826697471372,0.95490080821326406,3764.2345997058778,1446.443238391209,2321.3232642686594,0,19.38921927537552,21.40179431505479,12.8872,0.32300000000000001,0.67657927772868209,3767.7665026598684,3767.7665026598684
情景一阈值控制,103.30670437156709,3057.3043085452509,2.5664160987030957,13174.892362481409,0.95059589640448594,3764.2863169781963,1446.4674883426942,2321.3348340387183,0,19.38921927537552,21.40179431505479,12.8872,0.32300000000000001,0.6765568199749401,3767.8023223814125,3767.8023223814125
情景一阈值控制,103.35389218309223,3057.2032835259511,2.5548747911304361,13174.957730037722,0.94631014386127377,3764.3378015013009,1446.4916284451374,2321.3463513992638,0,19.38921927537552,21.40179431505479,12.8872,0.32300000000000001,0.67653446395182371,3767.8379798444012,3767.8379798444012
情景一阈值控制,103.40107999461736,3057.1027161528491,2.5433845948994338,13175.022801477153,0.94204346758757929,3764.3890543074767,1446.5156591922325,2321.3578165858394,0,19.38921927537552,21.40179431505479,12.8872,0.32300000000000001,0.67651220920212518,3767.8734757780721,3767.8734757780721
情景一阈值控制,103.44826780614251,3057.0026043689968,2.5319452908355315,13175.087578130635,0.93779578492589799,3764.4400764245702,1446.5395810754917,2321.3692298329479,0,19.38921927537552,21.40179431505479,12.8872,0.32300000000000001,0.67649005527065831,3767.9088109084396,3767.9088109084396
情景一阈值控制,103.49545561766766,3056.9029461265422,2.5205566606385164,13175.152061323222,0.93356701355608807,3764.4908688760047,1446.5633945842524,2321.3805913740553,0,19.38921927537552,21.40179431505479,12.8872,0.32300000000000001,0.6764680017042497,3767.9439859583076,3767.9439859583076
情景一阈值控制,103.54264342919279,3056.8037393866903,2.5092184868796319,13175.216252374101,0.92935707149418667,3764.5414326807995,1446.5871002056879,2321.3919014415942,0,19.38921927537552,21.40179431505479,12.8872,0.32300000000000001,0.67644604805173092,3767.9790016472821,3767.9790016472821
情景一阈值控制,103.58983124071794,3056.704982119667,2.4979305529986977,13175.280152596621,0.92516587709122766,3764.5917688535874,1446.610698424817,2321.4031602669688,0,19.38921927537552,21.40179431505479,12.8872,0.32300000000000001,0.67642419386392894,3768.0138586917856,3768.0138586917856
情景一阈值控制,103.63701905224309,3056.6066723046761,2.4866926433012542,13175.343763298324,0.9209933490320712,3764.64187840463,1446.6341897245113,2321.4143680805601,0,19.38921927537552,21.40179431505479,12.8872,0.32300000000000001,0.6764024386936579,3768.0485578050711,3768.0485578050711
情景一阈值控制,103.68420686376822,3056.5088079298662,2.4755045429556874,13175.407085780971,0.91683940633422667,3764.6917623398385,1446.6575745855073,2321.4255251117293,0,19.38921927537552,21.40179431505479,12.8872,0.32300000000000001,0.67638078209571151,3768.0830996972363,3768.0830996972363
情景一阈值控制,103.73139467529336,3056.411386992289,2.4643660379903594,13175.47012134055,0.91270396834667722,3764.7414216607899,1446.6808534864124,2321.4366315888228,0,19.38921927537552,21.40179431505479,12.8872,0.32300000000000001,0.67635922362685308,3768.117485075235,3768.117485075235
情景一阈值控制,103.77858248681852,3056.3144074978604,2.4532769152907483,13175.53287126732,0.90858695474871087,3764.7908573647446,1446.7040269037163,2321.4476877391762,0,19.38921927537552,21.40179431505479,12.8872,0.32300000000000001,0.67633776284580827,3768.1517146428923,3768.1517146428923
情景一阈值控制,103.82577029834366,3056.2178674613265,2.4422369625966183,13175.595336845829,0.90448828554876159,3764.8400704446631,1446.7270953117988,2321.4586937891181,0,19.38921927537552,21.40179431505479,12.8872,0.32300000000000001,0.67631639931325604,3768.1857891009167,3768.1857891009167
情景一阈值控制,103.87295810986879,3056.1217649062232,2.4312459684991241,13175.657519354932,0.90040788108322922,3764.8890618892251,1446.7500591829398,2321.4696499639754,0,19.38921927537552,21.40179431505479,12.8872,0.32300000000000001,0.67629513259182095,3768.2197091469152,3768.2197091469152
情景一阈值控制,103.92014592139394,3056.0260978648366,2.42030372243799,13175.719420067828,0.89634566201532495,3764.9378326828441,1446.7729189873278,2321.480556488078,0,19.38921927537552,21.40179431505479,12.8872,0.32300000000000001,0.67627396224606373,3768.253475475406,3768.253475475406
情景一阈值控制,103.96733373291909,3055.9308643781715,2.4094100146986648,13175.781040252072,0.89230154933391148,3764.9863838056881,1446.7956751930683,2321.4914135847607,0,19.38921927537552,21.40179431505479,12.8872,0.32300000000000001,0.67625288784247439,3768.287088777829,3768.287088777829
情景一阈值控制,104,3055.8651909047458,2.401897050178424,13175.823533829425,0.88951253339862812,3765.0198656822149,1446.8113679827086,2321.4989006911919,0,19.38921927537552,21.40179431505479,12.8872,0.32300000000000001,0.676238354831739,3768.3102686739003,3768.3102686739003
情景一阈值控制,104.01452154444422,3055.8360624959059,2.3985646364094766,13175.842381169603,0.88827546435234228,3765.0347162336934,1446.8183282661935,2321.5022214763699,0,19.38921927537552,21.40179431505479,12.8872,0.32300000000000001,0.67623190894946283,3768.3205497425633,3768.3205497425633
情景一阈值控制,104.06170935596937,3055.7416902763612,2.3877673795387855,13175.903444076774,0.88426732870730196,3765.0828309385838,1446.8408786706709,2321.5129803842669,0,19.38921927537552,21.40179431505479,12.8872,0.32300000000000001,0.67621102513735065,3768.3538590549379,3768.3538590549379
情景一阈值控制,104.10889716749452,3055.6477457864617,2.3770180368921721,13175.964230224366,0.88027706435765962,3765.130728887887,1446.863326868413,2321.523690528832,0,19.38921927537552,21.40179431505479,12.8872,0.32300000000000001,0.67619023597836414,3768.387017397245,3768.387017397245
情景一阈值控制,104.15608497901965,3055.5542271016971,2.3663164021095993,13176.024740857622,0.87630459358331481,3765.1784110449521,1446.8856733192843,2321.5343521294694,0,19.38921927537552,21.40179431505479,12.8872,0.32300000000000001,0.67616954104662463,3768.4200254487537,3768.4200254487537
情景一阈值控制,104.20327279054479,3055.4611323060885,2.3556622696625809,13176.084977216262,0.87234983898404483,3765.2258783689663,1446.9079184811112,2321.5449654046101,0,19.38921927537552,21.40179431505479,12.8872,0.32300000000000001,0.67614893991814118,3768.4528838857213,3768.4528838857213
情景一阈值控制,104.25046060206994,3055.3684594921483,2.3450554348513704,13176.144940534516,0.86841272347836174,3765.2731318149699,1446.9300628096912,2321.5555305717171,0,19.38921927537552,21.40179431505479,12.8872,0.32300000000000001,0.67612843217080232,3768.4855933814083,3768.4855933814083
情景一阈值控制,104.29764841359508,3055.2762067608464,2.3344956938021522,13176.204632041135,0.86449317030237049,3765.3201723338775,1446.9521067588012,2321.5660478472892,0,19.38921927537552,21.40179431505479,12.8872,0.32300000000000001,0.67610801738436799,3768.5181546060903,3768.5181546060903
情景一阈值控制,104.34483622512022,3055.1843722215722,2.3239828434642229,13176.264052959428,0.86059110300862507,3765.3670008724903,1446.9740507802053,2321.5765174468661,0,19.38921927537552,21.40179431505479,12.8872,0.32300000000000001,0.6760876951404613,3768.5505682270714,3768.5505682270714
情景一阈值控制,104.39202403664537,3055.0929539921008,2.3135166816071764,13176.323204507276,0.85670644546498531,3765.413618373515,1446.9958953236651,2321.5869395850309,0,19.38921927537552,21.40179431505479,12.8872,0.32300000000000001,0.67606746502256099,3768.582834908696,3768.582834908696
情景一阈值控制,104.43921184817052,3055.0019501985539,2.3030970068181231,13176.382087897158,0.85283912185348809,3765.4600257755806,1447.0176408369462,2321.5973144754144,0,19.38921927537552,21.40179431505479,12.8872,0.32300000000000001,0.67604732661599298,3768.6149553123605,3768.6149553123605
情景一阈值控制,104.48639965969565,3054.9113589753656,2.2927236184988802,13176.440704336177,0.84898905666920965,3765.5062240132543,1447.0392877658292,2321.6076423307018,0,19.38921927537552,21.40179431505479,12.8872,0.32300000000000001,0.67602727950792252,3768.6469300965309,3768.6469300965309
情景一阈值控制,104.53358747122078,3054.8211784652481,2.282396316863176,13176.499055026075,0.84515617471913096,3765.5522140170574,1447.0608365541166,2321.6179233626317,0,19.38921927537552,21.40179431505479,12.8872,0.32300000000000001,0.67600732328734658,3768.6787599167483,3768.6787599167483
情景一阈值控制,104.58077528274595,3054.7314068191513,2.2721149029338621,13176.557141163274,0.84134040112101038,3765.597996713484,1447.0822876436412,2321.6281577820064,0,19.38921927537552,21.40179431505479,12.8872,0.32300000000000001,0.67598745754508549,3768.7104454256478,3768.7104454256478
情景一阈值控制,104.62796309427108,3054.642042196233,2.261879178540156,13176.614963938873,0.83754166130226504,3765.6435730250155,1447.1036414742764,2321.6383457986904,0,19.38921927537552,21.40179431505479,12.8872,0.32300000000000001,0.67596768187377576,3768.741987272967,3768.741987272967
情景一阈值控制,104.67515090579622,3054.5530827638199,2.2516889463148217,13176.672524538693,0.8337598809988328,3765.6889438701369,1447.1248984839417,2321.6484876216177,0,19.38921927537552,21.40179431505479,12.8872,0.32300000000000001,0.67594799586786136,3768.7733861055594,3768.7733861055594
情景一阈值控制,104.72233871732136,3054.4645266973753,2.2415440096914216,13176.729824143287,0.8299949862540591,3765.7341101633551,1447.1460591086141,2321.6585834587954,0,19.38921927537552,21.40179431505479,12.8872,0.32300000000000001,0.67592839912358704,3768.8046425674092,3768.8046425674092
情景一阈值控制,104.76952652884651,3054.3763721804603,2.2314441729015471,13176.786863927971,0.82624690341757889,3765.7790728152122,1447.1671237823343,2321.6686335173058,0,19.38921927537552,21.40179431505479,12.8872,0.32300000000000001,0.67590889123898945,3768.8357572996401,3768.8357572996401
情景一阈值控制,104.81671434037165,3054.2886174047017,2.2213892409720524,13176.84364506284,0.82251555914419849,3765.8238327323047,1447.1880929372167,2321.6786380033132,0,19.38921927537552,21.40179431505479,12.8872,0.32300000000000001,0.67588947181389047,3768.86673094053,3768.86673094053
情景一阈值控制,104.8639021518968,3054.2012605697564,2.2113790197222842,13176.900168712793,0.81880088039277754,3765.868390817297,1447.2089670034554,2321.6885971220654,0,19.38921927537552,21.40179431505479,12.8872,0.32300000000000001,0.67587014044988847,3768.8975641255211,3768.8975641255211
情景一阈值控制,104.91108996342194,3054.1142998832784,2.2014133157613478,13176.956436037559,0.81510279442512568,3765.9127479689396,1447.2297464093358,2321.6985110778992,0,19.38921927537552,21.40179431505479,12.8872,0.32300000000000001,0.67585089675035148,3768.928257487235,3768.928257487235
情景一阈值控制,104.95827777494708,3054.0277335608803,2.1914919364853471,13177.01244819171,0.81142122880488965,3765.9569050820833,1447.2504315812396,2321.708380074243,0,19.38921927537552,21.40179431505479,12.8872,0.32300000000000001,0.67583174032040938,3768.9588116554824,3768.9588116554824
情景一阈值控制,105,3053.9515209596184,2.1827564806389166,13177.061761040535,0.80817978821888292,3765.9957817309491,1447.2686427136366,2321.7170686942786,0,19.38921927537552,21.40179431505479,12.8872,0.32300000000000001,0.67581487508556581,3768.985711407915,3768.985711407915
情景一阈值控制,105.00546558647221,3053.9415598261035,2.1816146900746385,13177.068206324691,0.80775611139644554,3766.0008630476977,1447.2710229436548,2321.7182043136227,0,19.38921927537552,21.40179431505479,12.8872,0.32300000000000001,0.67581267076694584,3768.9892272572774,3768.9892272572774
情景一阈值控制,105.05265339799736,3053.8557769103809,2.1717813854910935,13177.123711580844,0.80410737036379787,3766.0446227528837,1447.2915209191835,2321.7279839976636,0,19.38921927537552,21.40179431505479,12.8872,0.32300000000000001,0.67579368769859138,3769.0195049168469,3769.0195049168469
情景一阈值控制,105.09984120952251,3053.7703830530045,2.1619918324753757,13177.178965099421,0.80047493416948046,3766.0881850808919,1447.31192592855,2321.7377193270959,0,19.38921927537552,21.40179431505479,12.8872,0.32300000000000001,0.67577479072571545,3769.0496452556458,3769.0496452556458
情景一阈值控制,105.14702902104764,3053.6853765010915,2.1522458415442056,13177.233968014614,0.79685873157345699,3766.1315509111382,1447.3322383906086,2321.7474105017559,0,19.38921927537552,21.40179431505479,12.8872,0.32300000000000001,0.67575597946041921,3769.0796488923643,3769.0796488923643
情景一阈值控制,105.19421683257279,3053.6007555095489,2.1425432239876261,13177.288721455576,0.79325869163202134,3766.1747211192178,1447.3524587223524,2321.7570577205938,0,19.38921927537552,21.40179431505479,12.8872,0.32300000000000001,0.6757372535165278,3769.1095164429462,3769.1095164429462
情景一阈值控制,105.24140464409794,3053.5165183410413,2.1328837918663059,13177.343226546436,0.7896747436967122,3766.2176965769227,1447.3725873389208,2321.7666611816744,0,19.38921927537552,21.40179431505479,12.8872,0.32300000000000001,0.67571861250958254,3769.1392485205952,3769.1392485205952
情景一阈值控制,105.28859245562307,3053.4326632659577,2.1232673580088166,13177.397484406325,0.78610681741321942,3766.2604781522573,1447.3926246536068,2321.776221082182,0,19.38921927537552,21.40179431505479,12.8872,0.32300000000000001,0.6757000560568347,3769.1688457357886,3769.1688457357886
情景一阈值控制,105.33578026714821,3053.3491885623753,2.1136937360089201,13177.451496149404,0.7825548427202943,3766.3030667094531,1447.4125710778671,2321.7857376184243,0,19.38921927537552,21.40179431505479,12.8872,0.32300000000000001,0.67568158377723653,3769.1983086962914,3769.1983086962914
情景一阈值控制,105.38296807867336,3053.2660925160321,2.1041627402228724,13177.505262884877,0.77901874984866715,3766.345463108983,1447.4324270213278,2321.7952109858361,0,19.38921927537552,21.40179431505479,12.8872,0.32300000000000001,0.6756631952914357,3769.2276380071639,3769.2276380071639
情景一阈值控制,105.43015589019851,3053.1833734202864,2.0946741857667348,13177.55878571701,0.77549846931996702,3766.3876682075806,1447.4521928917939,2321.804641378983,0,19.38921927537552,21.40179431505479,12.8872,0.32300000000000001,0.6756448902217661,3769.2568342707768,3769.2568342707768
情景一阈值控制,105.47734370172364,3053.1010295760889,2.0852278885136744,13177.612065745161,0.77199393194564092,3766.4296828582524,1447.4718690952554,2321.814028991565,0,19.38921927537552,21.40179431505479,12.8872,0.32300000000000001,0.67562666819224204,3769.2858980868205,3769.2858980868205
情景一阈值控制,105.52453151324879,3053.0190592919503,2.0758236650912734,13177.665104063803,0.76850506882587355,3766.4715079102921,1447.4914560358975,2321.823374016421,0,19.38921927537552,21.40179431505479,12.8872,0.32300000000000001,0.67560852882855027,3769.3148300523185,3769.3148300523185
情景一阈值控制,105.57171932477394,3052.9374608839039,2.0664613328788635,13177.717901762531,0.76503181134851972,3766.5131442093007,1447.5109541161066,2321.8326766455311,0,19.38921927537552,21.40179431505479,12.8872,0.32300000000000001,0.67559047175804254,3769.3436307616375,3769.3436307616375
情景一阈值控制,105.61890713629907,3052.8562326754773,2.0571407100048456,13177.770459926094,0.76157409118802977,3766.5545925971983,1447.5303637364784,2321.8419370700217,0,19.38921927537552,21.40179431505479,12.8872,0.32300000000000001,0.67557249660972907,3769.3723008064999,3769.3723008064999
情景一阈值控制,105.66609494782421,3052.7753729976594,2.0478616153440128,13177.822779634418,0.75813184030437941,3766.5958539122375,1447.5496852958263,2321.8511554801685,0,19.38921927537552,21.40179431505479,12.8872,0.32300000000000001,0.67555460301427117,3769.4008407759948,3769.4008407759948
情景一阈值控制,105.71328275934937,3052.6948801888648,2.0386238685148941,13177.87486196262,0.75470499094200516,3766.6369289890235,1447.5689191911888,2321.8603320654006,0,19.38921927537552,21.40179431505479,12.8872,0.32300000000000001,0.67553679060397342,3769.4292512565894,3769.4292512565894
情景一阈值控制,105.7604705708745,3052.6147525949073,2.0294272898771117,13177.926707981025,0.75129347562874782,3766.6778186585252,1447.5880658178369,2321.8694670143032,0,19.38921927537552,21.40179431505479,12.8872,0.32300000000000001,0.67551905901277765,3769.4575328321398,3769.4575328321398
情景一阈值控制,105.80765838239964,3052.5349885689616,2.0202717005287001,13177.978318755206,0.74789722717478058,3766.718523748093,1447.6071255692818,2321.8785605146236,0,19.38921927537552,21.40179431505479,12.8872,0.32300000000000001,0.6755014078762549,3769.4856860839054,3769.4856860839054
情景一阈值控制,105.85484619392479,3052.4555864715376,2.011156922303476,13178.02969534598,0.74451617867155828,3766.7590450814705,1447.6260988372833,2321.8876127532712,0,19.38921927537552,21.40179431505479,12.8872,0.32300000000000001,0.67548383683159874,3769.5137115905545,3769.5137115905545
情景一阈值控制,105.90203400544993,3052.3765446704424,2.0020827777684036,13178.08083880945,0.74115026349076385,3766.7993834788117,1447.6449860118557,2321.8966239163242,0,19.38921927537552,21.40179431505479,12.8872,0.32300000000000001,0.67546634551761853,3769.5416099281802,3769.5416099281802
情景一阈值控制,105.94922181697507,3052.2978615407542,1.9930490902209526,13178.131750197008,0.7377994152832541,3766.839539756696,1447.6637874812775,2321.9055941890319,0,19.38921927537552,21.40179431505479,12.8872,0.32300000000000001,0.67544893357473179,3769.5693816703097,3769.5693816703097
情景一阈值控制,105.99640962850022,3052.2195354647874,1.9840556836864622,13178.182430555369,0.73446356797800794,3766.879514728143,1447.6825036320975,2321.9145237558191,0,19.38921927537552,21.40179431505479,12.8872,0.32300000000000001,0.675431600644958,3769.5970273879166,3769.5970273879166
情景一阈值控制,106,3052.2135904525217,1.9833730478513503,13178.186277235398,0.73421036613692958,3766.8825488980574,1447.6839242030226,2321.9152015171317,0,19.38921927537552,21.40179431505479,12.8872,0.32300000000000001,0.67543028506162472,3769.599125720154,3769.599125720154
情景一阈值控制,106.04359744002537,3052.1415648320608,1.9751023829155336,13178.232880926582,0.73114265578108506,3766.9193092026248,1447.7011348491426,2321.9234128002881,0,19.38921927537552,21.40179431505479,12.8872,0.32300000000000001,0.67541434637191056,3769.6245476494305,3769.6245476494305
情景一阈值控制,106.0907852515505,3052.0639480392697,1.9661890133814064,13178.283102348054,0.72783661317458037,3766.9589239860848,1447.7196815155255,2321.9322615052242,0,19.38921927537552,21.40179431505479,12.8872,0.32300000000000001,0.67539717040079095,3769.65194302075,3769.65194302075
情景一阈值控制,106.13797306307563,3051.9866834902518,1.9573154012773395,13178.333095852573,0.72454537491558046,3766.9983598809472,1447.7381440126517,2321.9410700525973,0,19.38921927537552,21.40179431505479,12.8872,0.32300000000000001,0.67538007237838138,3769.6792140652487,3769.6792140652487
情景一阈值控制,106.18516087460078,3051.9097695959572,1.9484813735140127,13178.382862468321,0.72126887603512746,3767.0376176861369,1447.7565227202274,2321.9498386235678,0,19.38921927537552,21.40179431505479,12.8872,0.32300000000000001,0.67536305195303792,3769.7063613437949,3769.7063613437949
情景一阈值控制,106.23234868612593,3051.8332047744179,1.9396867577169328,13178.4324032189,0.71800705183718594,3767.0766981970914,1447.7748180162669,2321.9585673984875,0,19.38921927537552,21.40179431505479,12.8872,0.32300000000000001,0.67534610877468371,3769.7333854147546,3769.7333854147546
情景一阈值控制,106.27953649765107,3051.7569874507149,1.9309313822238341,13178.481719123352,0.71475983789760844,3767.1156022057748,1447.7930302770997,2321.9672565569058,0,19.38921927537552,21.40179431505479,12.8872,0.32300000000000001,0.67532924249480208,3769.7602868340055,3769.7602868340055
情景一阈值控制,106.32672430917621,3051.6811160569514,1.9222150760820822,13178.530811196175,0.71152717006310262,3767.154330500693,1447.8111598773771,2321.9759062775697,0,19.38921927537552,21.40179431505479,12.8872,0.32300000000000001,0.6753124527664297,3769.7870661549468,3769.7870661549468
情景一阈值控制,106.37391212070136,3051.6055890322191,1.9135376690461101,13178.579680447343,0.70830898445021073,3767.1928838669078,1447.8292071900814,2321.9845167384319,0,19.38921927537552,21.40179431505479,12.8872,0.32300000000000001,0.67529573924415065,3769.8137239285134,3769.8137239285134
情景一阈值控制,106.4210999322265,3051.5304048225685,1.9048989915748329,13178.628327882325,0.70510521744428156,3767.231263086052,1447.8471725865313,2321.9930881166492,0,19.38921927537552,21.40179431505479,12.8872,0.32300000000000001,0.67527910158408799,3769.8402607031803,3769.8402607031803
情景一阈值控制,106.46828774375163,3051.4555618809791,1.8962988748290746,13178.676754502114,0.7019158056984488,3767.2694689363434,1447.8650564363895,2322.0016205885904,0,19.38921927537552,21.40179431505479,12.8872,0.32300000000000001,0.6752625394438988,3769.8666770249802,3769.8666770249802
情景一阈值控制,106.51547555527678,3051.3810586673308,1.8877371506690077,13178.724961303235,0.6987406861326132,3767.3075021925979,1447.8828591076708,2322.0101143298371,0,19.38921927537552,21.40179431505479,12.8872,0.32300000000000001,0.6752460524827667,3769.8929734375079,3769.8929734375079
情景一阈值控制,106.56266336680193,3051.3068936483701,1.8792136516516047,13178.772949277765,0.69557979593242936,3767.3453636262439,1447.9005809667492,2322.0185695151877,0,19.38921927537552,21.40179431505479,12.8872,0.32300000000000001,0.67522964036139521,3769.9191504819369,3769.9191504819369
情景一阈值控制,106.60985117832706,3051.2330652976834,1.8707282110280767,13178.820719413367,0.69243307254829067,3767.3830540053382,1447.9182223783632,2322.0269863186609,0,19.38921927537552,21.40179431505479,12.8872,0.32300000000000001,0.67521330274200131,3769.9452086970241,3769.9452086970241
情景一阈值控制,106.65703898985221,3051.1595720956657,1.8622806627413249,13178.868272693286,0.68930045369431769,3767.4205740945795,1447.935783705625,2322.0353649134991,0,19.38921927537552,21.40179431505479,12.8872,0.32300000000000001,0.67519703928830843,3769.9711486191241,3769.9711486191241
情景一阈值控制,106.70422680137736,3051.0864125294929,1.853870841423414,13178.915610096383,0.6861818773473547,3767.4579246553199,1447.9532653100268,2322.0437054721724,0,19.38921927537552,21.40179431505479,12.8872,0.32300000000000001,0.67518084966554093,3769.9969707821992,3769.9969707821992
情景一阈值控制,106.75141461290249,3051.0135850930887,1.8454985823930328,13178.962732597158,0.6830772817459646,3767.4951064455813,1447.9706675514481,2322.0520081663808,0,19.38921927537552,21.40179431505479,12.8872,0.32300000000000001,0.6751647335404164,3770.0226757178289,3770.0226757178289
情景一阈值控制,106.79860242442763,3050.9410882870989,1.837163721652963,13179.009641165756,0.67998660538942413,3767.5321202200689,1447.9879907881623,2322.0602731670583,0,19.38921927537552,21.40179431505479,12.8872,0.32300000000000001,0.67514869058113958,3770.0482639552206,3770.0482639552206
情景一阈值控制,106.84579023595279,3050.868920618861,1.8288660958875602,13179.056336767993,0.67690978703672655,3767.5689667301858,1448.0052353768435,2322.0685006443759,0,19.38921927537552,21.40179431505479,12.8872,0.32300000000000001,0.67513272045739636,3770.0737360212197,3770.0737360212197
情景一阈值控制,106.89297804747792,3050.7970806023736,1.820605542460257,13179.10282036538,0.67384676570559288,3767.6056467240451,1448.0224016725742,2322.0766907677453,0,19.38921927537552,21.40179431505479,12.8872,0.32300000000000001,0.67511682284034669,3770.0990924403195,3770.0990924403195
情景一阈值控制,106.94016585900306,3050.7255667582685,1.8123818994110261,13179.149092915131,0.67079748067146716,3767.6421609464828,1448.0394900288522,2322.0848437058216,0,19.38921927537552,21.40179431505479,12.8872,0.32300000000000001,0.6751009974026182,3770.1243337346741,3770.1243337346741
情景一阈值控制,106.98735367052821,3050.6543776137814,1.804195005453894,13179.195155370187,0.66776187146653354,3767.678510139076,1448.056500797597,2322.0929596265082,0,19.38921927537552,21.40179431505479,12.8872,0.32300000000000001,0.67508524381830004,3770.1494604241052,3770.1494604241052
情景一阈值控制,107,3050.6353539109682,1.8020071420324231,13179.207464528588,0.66695064440417651,3767.6882237739728,1448.0610465441648,2322.0951284243533,0,19.38921927537552,21.40179431505479,12.8872,0.32300000000000001,0.67508103402608421,3770.1561749685179,3770.1561749685179
情景一阈值控制,107.03454148205336,3050.5835117027245,1.7960446999744502,13179.241008679237,0.6647398778787289,3767.7146950401511,1448.0734343291565,2322.1010386969565,0,19.38921927537552,21.40179431505479,12.8872,0.32300000000000001,0.67506956176293664,3770.174473026113,3770.174473026113
情景一阈值控制,107.08172929357849,3050.5129675654575,1.7879308230273507,13179.286653786728,0.66173143995075745,3767.7507163848022,1448.0902909723147,2322.1090810835744,0,19.38921927537552,21.40179431505479,12.8872,0.32300000000000001,0.67505395091352138,3770.1993720558894,3770.1993720558894
情景一阈值控制,107.12891710510364,3050.4427437488553,1.7798532153338296,13179.332091632896,0.65873649797910627,3767.7865749049006,1448.1070710742979,2322.1170869520242,0,19.38921927537552,21.40179431505479,12.8872,0.32300000000000001,0.67503841094848949,3770.2241580263221,3770.2241580263221
情景一阈值控制,107.17610491662879,3050.3728388062846,1.771811718279235,13179.377323153778,0.65575499251307212,3767.8222713291111,1448.1237749807817,2322.12505646723,0,19.38921927537552,21.40179431505479,12.8872,0.32300000000000001,0.67502294154771247,3770.2488314480115,3770.2488314480115
情景一阈值控制,107.22329272815392,3050.3032512975742,1.7638061739105535,13179.422349281222,0.65278686435378241,3767.8578063829032,1448.1404030358979,2322.1329897933783,0,19.38921927537552,21.40179431505479,12.8872,0.32300000000000001,0.67500754239249217,3770.2733928292764,3770.2733928292764
情景一阈值控制,107.27048053967906,3050.2339797889845,1.7558364249339387,13179.467170942924,0.64983205455322124,3767.8931807885679,1448.1569555822407,2322.1408870939226,0,19.38921927537552,21.40179431505479,12.8872,0.32300000000000001,0.67499221316555347,3770.2978426761633,3770.2978426761633
情景一阈值控制,107.3176683512042,3050.1650228531826,1.7479023147122614,13179.51178906243,0.64689050441326001,3767.9283952652263,1448.1734329608737,2322.1487485315865,0,19.38921927537552,21.40179431505479,12.8872,0.32300000000000001,0.67497695355103915,3770.32218149246,3770.32218149246
情景一阈值控制,107.36485616272935,3050.0963790692108,1.7400036872626603,13179.55620455916,0.64396215548469327,3767.9634505288473,1448.1898355113374,2322.1565742683661,0,19.38921927537552,21.40179431505479,12.8872,0.32300000000000001,0.67496176323450274,3770.3464097797032,3770.3464097797032
情景一阈值控制,107.41204397425449,3050.0280470224634,1.7321403872540935,13179.600418348422,0.64104694956627128,3767.9983472922586,1448.2061635716539,2322.1643644655337,0,19.38921927537552,21.40179431505479,12.8872,0.32300000000000001,0.67494664190290332,3770.3705280371878,3770.3705280371878
情景一阈值控制,107.45923178577964,3049.9600253046538,1.724312260004893,13179.644431341441,0.63814482870373601,3768.0330862651595,1448.2224174783362,2322.1721192836408,0,19.38921927537552,21.40179431505479,12.8872,0.32300000000000001,0.67493158924459851,3770.3945367619772,3770.3945367619772
情景一阈值控制,107.50641959730478,3049.8923125137912,1.7165191514803462,13179.688244445369,0.6352557351888688,3768.0676681541354,1448.2385975663922,2322.1798388825209,0,19.38921927537552,21.40179431505479,12.8872,0.32300000000000001,0.67491660494933881,3770.4184364489129,3770.4184364489129
情景一阈值控制,107.55360740882992,3049.8249072541498,1.7087609082902628,13179.731858563295,0.63237961155853062,3768.1020936626701,1448.2547041693329,2322.1875234212948,0,19.38921927537552,21.40179431505479,12.8872,0.32300000000000001,0.67490168870826173,3770.4422275906277,3770.4422275906277
情景一阈值控制,107.60079522035505,3049.7578081362444,1.7010373776865517,13179.775274594282,0.62951640059370761,3768.136363491159,1448.2707376191781,2322.1951730583701,0,19.38921927537552,21.40179431505479,12.8872,0.32300000000000001,0.67488684021388501,3770.465910677548,3770.465910677548
情景一阈值控制,107.6479830318802,3049.6910137768009,1.6933484075608116,13179.818493433362,0.62666604531856362,3768.1704783369228,1448.2866982464636,2322.2027879514471,0,19.38921927537552,21.40179431505479,12.8872,0.32300000000000001,0.6748720591601014,3770.489486197911,3770.489486197911
情景一阈值控制,107.69517084340535,3049.6245227987297,1.6856938464419302,13179.861515971574,0.62382848899949361,3768.2044388942195,1448.3025863802479,2322.2103682575216,0,19.38921927537552,21.40179431505479,12.8872,0.32300000000000001,0.67485734524217211,3770.5129546377693,3770.5129546377693
情景一阈值控制,107.74235865493048,3049.5583338310989,1.6780735434936793,13179.904343095972,0.62100367514417787,3768.2382458542561,1448.3184023481169,2322.2179141328857,0,19.38921927537552,21.40179431505479,12.8872,0.32300000000000001,0.67484269815672082,3770.5363164810024,3770.5363164810024
情景一阈值控制,107.78954646645563,3049.4924455091077,1.6704873485123131,13179.946975689638,0.61819154750063832,3768.2718999052045,1448.334146476192,2322.2254257331342,0,19.38921927537552,21.40179431505479,12.8872,0.32300000000000001,0.67482811760172834,3770.5595722093262,3770.5595722093262
情景一阈值控制,107.83673427798078,3049.4268564740592,1.6629351119241975,13179.989414631713,0.61539205005630448,3768.3054017322133,1448.3498190891366,2322.2329032131656,0,19.38921927537552,21.40179431505479,12.8872,0.32300000000000001,0.67481360327652551,3770.5827223023025,3770.5827223023025
情景一阈值控制,107.88392208950592,3049.3615653733318,1.6554166847834197,13180.031660797396,0.61260512703707515,3768.3387520174178,1448.3654205101618,2322.2403467271847,0,19.38921927537552,21.40179431505479,12.8872,0.32300000000000001,0.67479915488178877,3770.6057672373463,3770.6057672373463
情景一阈值控制,107.93110990103106,3049.2965708603574,1.6479319187694095,13180.073715057975,0.60983072290638318,3768.3719514399559,1448.3809510610322,2322.2477564287083,0,19.38921927537552,21.40179431505479,12.8872,0.32300000000000001,0.67478477211953281,3770.6287074897405,3770.6287074897405
情景一阈值控制,107.97829771255621,3049.2318715945903,1.6404806661845839,13180.115578280844,0.60706878236427053,3768.4050006759799,1448.3964110620736,2322.2551324705641,0,19.38921927537552,21.40179431505479,12.8872,0.32300000000000001,0.67477045469310593,3770.6515435326378,3770.6515435326378
情景一阈值控制,108,3049.2022143136414,1.6370649488365885,13180.134767824147,0.6058026990993487,3768.4201502142396,1448.4034977204606,2322.2585135498239,0,19.38921927537552,21.40179431505479,12.8872,0.32300000000000001,0.67476389177569152,3770.6620112702844,3770.6620112702844
情景一阈值控制,108.02548552408135,3049.1674662414825,1.6330627799519799,13180.157251329514,0.60431925034645795,3768.4379003986696,1448.4118008321789,2322.2624750048981,0,19.38921927537552,21.40179431505479,12.8872,0.32300000000000001,0.67475620230718347,3770.6742758370769,3770.6742758370769
情景一阈值控制,108.07267333560648,3049.1033534724575,1.6256781136128959,13180.198735063628,0.60158207202341962,3768.4706512782423,1448.4271206888136,2322.2697841831741,0,19.38921927537552,21.40179431505479,12.8872,0.32300000000000001,0.67474201466776196,3770.6969048719875,3770.6969048719875
情景一阈值控制,108.11986114713163,3049.0395319648837,1.6183265213245466,13180.240030338988,0.59885719279946292,3768.5032539819686,1448.4423709480225,2322.2770601561792,0,19.38921927537552,21.40179431505479,12.8872,0.32300000000000001,0.67472789148215384,3770.7194311042017,3770.7194311042017
情景一阈值控制,108.16704895865678,3048.97600040205,1.6110078578577276,13180.281138007564,0.59614455831181168,3768.5357091741821,1448.4575519244358,2322.2843030740246,0,19.38921927537552,21.40179431505479,12.8872,0.32300000000000001,0.67471383245898142,3770.7418549984604,3770.7418549984604
情景一阈值控制,108.21423677018191,3048.9127574731369,1.6037219785944747,13180.322058917509,0.59344411442968825,3768.5680175162952,1448.4726639312767,2322.2915130861511,0,19.38921927537552,21.40179431505479,12.8872,0.32300000000000001,0.67469983730817107,3770.7641770174278,3770.7641770174278
情景一阈值控制,108.26142458170706,3048.8498018731934,1.5964687395257298,13180.362793913186,0.59075580725339882,3768.6001796668065,1448.4877072803652,2322.2986903413293,0,19.38921927537552,21.40179431505479,12.8872,0.32300000000000001,0.67468590574094744,3770.7863976216945,3770.7863976216945
情景一阈值控制,108.30861239323221,3048.7871323031095,1.5892479972490317,13180.403343835174,0.58807958311342767,3768.6321962813186,1448.5026822821255,2322.3058349876642,0,19.38921927537552,21.40179431505479,12.8872,0.32300000000000001,0.67467203746982818,3770.8085172697897,3770.8085172697897
情景一阈值控制,108.35580020475734,3048.7247474695928,1.5820596089661938,13180.44370952029,0.58541538856952768,3768.6640680125461,1448.5175892455929,2322.3129471725974,0,19.38921927537552,21.40179431505479,12.8872,0.32300000000000001,0.67465823220861798,3770.8305364181906,3770.8305364181906
情景一阈值控制,108.40298801628248,3048.6626460851389,1.5749034324809914,13180.483891801605,0.58276317040981451,3768.6957955103298,1448.5324284784181,2322.3200270429115,0,19.38921927537552,21.40179431505479,12.8872,0.32300000000000001,0.67464448967240243,3770.8524555213298,3770.8524555213298
情景一阈值控制,108.45017582780763,3048.6008268680116,1.5677793261968644,13180.523891508457,0.5801228756498662,3768.7273794216499,1448.5472002868746,2322.3270747447305,0,19.38921927537552,21.40179431505479,12.8872,0.32300000000000001,0.67463080957754362,3770.8742750316051,3770.8742750316051
情景一阈值控制,108.49736363933278,3048.5392885422107,1.5606871491146257,13180.563709466473,0.57749445153182677,3768.7588203906334,1448.5619049758643,2322.3340904235247,0,19.38921927537552,21.40179431505479,12.8872,0.32300000000000001,0.674617191641673,3770.895995399389,3770.895995399389
情景一阈值控制,108.54455145085791,3048.4780298374553,1.5536267608301659,13180.603346497581,0.57487784552350818,3768.790119058574,1448.5765428489235,2322.3410742241126,0,19.38921927537552,21.40179431505479,12.8872,0.32300000000000001,0.67460363558368786,3770.9176170730361,3770.9176170730361
情景一阈值控制,108.59173926238306,3048.4170494891505,1.5465980215321675,13180.642803420029,0.57227300531749548,3768.8212760639358,1448.5911142082296,2322.3480262906646,0,19.38921927537552,21.40179431505479,12.8872,0.32300000000000001,0.67459014112374327,3770.9391404988942,3770.9391404988942
情景一阈值控制,108.63892707390821,3048.3563462383677,1.5396007919998402,13180.682081048397,0.56967987883026083,3768.8522920423711,1448.6056193546049,2322.3549467667053,0,19.38921927537552,21.40179431505479,12.8872,0.32300000000000001,0.67457670798324854,3770.96056612131,3770.96056612131
情景一阈值控制,108.68611488543334,3048.2959188318177,1.5326349336006444,13180.721180193616,0.56709841420127438,3768.8831676267291,1448.6200585875256,2322.361835795115,0,19.38921927537552,21.40179431505479,12.8872,0.32300000000000001,0.67456333588486095,3770.9818943826403,3770.9818943826403
情景一阈值控制,108.73330269695848,3048.2357660218258,1.5257003082880258,13180.760101662987,0.5645285597921178,3768.9139034470713,1448.6344322051252,2322.3686935181349,0,19.38921927537552,21.40179431505479,12.8872,0.32300000000000001,0.67455002455248003,3771.0031257232604,3771.0031257232604
情景一阈值控制,108.78049050848364,3048.1758865663078,1.5187967785991601,13180.798846260193,0.56197026418560359,3768.9445001306785,1448.6487405042026,2322.3755200773699,0,19.38921927537552,21.40179431505479,12.8872,0.32300000000000001,0.67453677371124265,3771.0242605815724,3771.0242605815724
情景一阈值控制,108.82767832000877,3048.1162792287464,1.5119242076527193,13180.837414785314,0.55942347618490196,3768.9749583020671,1448.6629837802254,2322.3823156137887,0,19.38921927537552,21.40179431505479,12.8872,0.32300000000000001,0.67452358308751725,3771.0452993940144,3771.0452993940144
情景一阈值控制,108.87486613153391,3048.0569427781638,1.5050824591466025,13180.875808034843,0.55688814481265514,3769.0052785829976,1448.6771623273376,2322.3890802677283,0,19.38921927537552,21.40179431505479,12.8872,0.32300000000000001,0.67451045240889873,3771.0662425950659,3771.0662425950659
情景一阈值控制,108.92205394305905,3047.9978759891014,1.4982713973557154,13180.914026801709,0.55436421931011015,3769.035461592488,1448.6912764383651,2322.3958141788976,0,19.38921927537552,21.40179431505479,12.8872,0.32300000000000001,0.67449738140420268,3771.0870906172627,3771.0870906172627
情景一阈值控制,108.9692417545842,3047.9390776415903,1.4914908871297403,13180.952071875283,0.55185164913624851,3769.0655079468261,1448.7053264048211,2322.40251748638,0,19.38921927537552,21.40179431505479,12.8872,0.32300000000000001,0.67448436980345994,3771.1078438912009,3771.1078438912009
情景一阈值控制,109,3047.9008952839899,1.4870875572625757,13180.976777511843,0.5502199796144196,3769.0850196672527,1448.7144501449636,2322.406870467275,0,19.38921927537552,21.40179431505479,12.8872,0.32300000000000001,0.6744759203552434,3771.1213206122384,3771.1213206122384
情景一阈值控制,109.01642956610934,3047.8805465211326,1.4847407938909125,13180.989944041396,0.54935038396691804,3769.0954182595788,1448.7193125169124,2322.409190328633,0,19.38921927537552,21.40179431505479,12.8872,0.32300000000000001,0.67447141733791183,3771.1285028455454,3771.1285028455454
情景一阈值控制,109.06361737763449,3047.8222814186738,1.4780209836317932,13181.02764408236,0.54686037369396545,3769.1251931416059,1448.7332350635443,2322.415832843496,0,19.38921927537552,21.40179431505479,12.8872,0.32300000000000001,0.67445852374000437,3771.1490679070403,3771.1490679070403
情景一阈值控制,109.11080518915963,3047.7642811305805,1.471331322913076,13181.065172776976,0.54438156842437901,3769.1548332010698,1448.7470943323274,2322.4224451681889,0,19.38921927537552,21.40179431505479,12.8872,0.32300000000000001,0.67444568874338329,3771.1695395005163,3771.1695395005163
情景一阈值控制,109.15799300068477,3047.706544458616,1.4646716788613736,13181.10253090056,0.54191391847942771,3769.1843390434487,1448.7608906095822,2322.4290274393161,0,19.38921927537552,21.40179431505479,12.8872,0.32300000000000001,0.67443291208288825,3771.1899180488981,3771.1899180488981
情景一阈值控制,109.2051808122099,3047.649070209915,1.4580419191670204,13181.139719224939,0.53945737439380292,3769.2137112715473,1448.7746241803461,2322.4355797928711,0,19.38921927537552,21.40179431505479,12.8872,0.32300000000000001,0.67442019349454785,3771.2102039732172,3771.2102039732172
情景一阈值控制,109.25236862373505,3047.5918571969646,1.4514419120818838,13181.176738518494,0.53701188691476676,3769.2429504855081,1448.7882953283772,2322.4421023642362,0,19.38921927537552,21.40179431505479,12.8872,0.32300000000000001,0.67440753271557508,3771.2303976926132,3771.2303976926132
情景一阈值控制,109.2995564352602,3047.5349042375742,1.4448715264171861,13181.213589546151,0.5345774070013033,3769.2720572828216,1448.8019043361621,2322.4485952881864,0,19.38921927537552,21.40179431505479,12.8872,0.32300000000000001,0.67439492948436075,3771.2504996243488,3771.2504996243488
情景一阈值控制,109.34674424678533,3047.4782101548581,1.4383306315413227,13181.2502730694,0.53215388582326884,3769.30103225834,1448.8154514849193,2322.4550586988935,0,19.38921927537552,21.40179431505479,12.8872,0.32300000000000001,0.67438238354046942,3771.2705101838128,3771.2705101838128
情景一阈值控制,109.39393205831048,3047.4217737772087,1.4318190973776865,13181.286789846332,0.52974127476054467,3769.3298760042867,1448.8289370546072,2322.4614927299262,0,19.38921927537552,21.40179431505479,12.8872,0.32300000000000001,0.6743698946246337,3771.2904297845334,3771.2904297845334
情景一阈值控制,109.44111986983563,3047.3655939382734,1.4253367944025161,13181.323140631617,0.52733952540219964,3769.3585891102684,1448.842361323927,2322.4678975142547,0,19.38921927537552,21.40179431505479,12.8872,0.32300000000000001,0.67435746247874939,3771.3102588381817,3771.3102588381817
情景一阈值控制,109.48830768136077,3047.3096694769338,1.4188835936427313,13181.359326176556,0.52494858954564849,3769.3871721632854,1448.8557245703305,2322.4742731842521,0,19.38921927537552,21.40179431505479,12.8872,0.32300000000000001,0.67434508684587002,3771.3299977545826,3771.3299977545826
情景一阈值控制,109.5354954928859,3047.2539992372795,1.4124593666737804,13181.39534722907,0.52256841919581354,3769.4156257477439,1448.8690270700242,2322.4806198716983,0,19.38921927537552,21.40179431505479,12.8872,0.32300000000000001,0.67433276747020221,3771.3496469417223,3771.3496469417223
情景一阈值控制,109.58268330441105,3047.1985820685873,1.4060639856174995,13181.431204533728,0.52019896656429243,3769.4439504454658,1448.8822690979753,2322.4869377077812,0,19.38921927537552,21.40179431505479,12.8872,0.32300000000000001,0.67432050409710009,3771.3692068057562,3771.3692068057562
情景一阈值控制,109.6298711159362,3047.1434168252977,1.3996973231399779,13181.466898831757,0.51784018406852861,3769.4721468357006,1448.895450927917,2322.4932268231005,0,19.38921927537552,21.40179431505479,12.8872,0.32300000000000001,0.67430829647306056,3771.3886777510174,3771.3886777510174
情景一阈值控制,109.67705892746133,3047.088502366993,1.393359252449426,13181.502430861054,0.51549202433098162,3769.5002154951358,1448.908572832355,2322.4994873476699,0,19.38921927537552,21.40179431505479,12.8872,0.32300000000000001,0.6742961443457185,3771.4080601800251,3771.4080601800251
情景一阈值控制,109.72424673898648,3047.0338375583724,1.387049647294043,13181.537801356211,0.51315444017829959,3769.5281569979084,1448.9216350825707,2322.505719410919,0,19.38921927537552,21.40179431505479,12.8872,0.32300000000000001,0.67428404746384063,3771.4273544934895,3771.4273544934895
情景一阈值控制,109.77143455051163,3046.9794212692309,1.3807683819599113,13181.573011048515,0.51082738464050026,3769.5559719156158,1448.9346379486281,2322.511923141697,0,19.38921927537552,21.40179431505479,12.8872,0.32300000000000001,0.67427200557732203,3771.4465610903253,3771.4465610903253
情景一阈值控制,109.81862236203676,3046.9252523744385,1.3745153312688803,13181.60806066598,0.50851081095014983,3769.5836608173267,1448.9475816993802,2322.518098668274,0,19.38921927537552,21.40179431505479,12.8872,0.32300000000000001,0.67426001843718031,3771.4656803676544,3771.4656803676544
情景一阈值控制,109.8658101735619,3046.8713297539134,1.3682903705764584,13181.642950933341,0.50620467254154322,3769.6112242695899,1448.9604666024711,2322.5242461183457,0,19.38921927537552,21.40179431505479,12.8872,0.32300000000000001,0.67424808579555062,3771.4847127208168,3771.4847127208168
情景一阈值控制,109.91299798508706,3046.8176522926055,1.3620933757697162,13181.677682572088,0.50390892304989177,3769.6386628364498,1448.9732929243451,2322.5303656190331,0,19.38921927537552,21.40179431505479,12.8872,0.32300000000000001,0.67423620740568102,3771.5036585433782,3771.5036585433782
情景一阈值控制,109.96018579661219,3046.7642188804689,1.3559242232652087,13181.712256300467,0.50162351631051494,3769.6659770794508,1448.9860609302489,2322.5364572968865,0,19.38921927537552,21.40179431505479,12.8872,0.32300000000000001,0.67422438302192744,3771.5225182271352,3771.5225182271352
情景一阈值控制,110,3046.7193240302008,1.3507406333364245,13181.741305210066,0.49970324007671452,3769.6889268862815,1448.996788632081,2322.5415755357221,0,19.38921927537552,21.40179431505479,12.8872,0.32300000000000001,0.67421444815314591,3771.5383641678031,3771.5383641678031
情景一阈值控制,110.00737360813733,3046.7110284124428,1.3497827900068682,13181.7466728335,0.49934840635802435,3769.6931675576543,1448.9987708842389,2322.5425212778891,0,19.38921927537552,21.40179431505479,12.8872,0.32300000000000001,0.67421261239974895,3771.5412921621282,3771.5412921621282
情景一阈值控制,110.05456141966248,3046.658079788428,1.343668953463939,13181.780932883001,0.49708354742552185,3769.7202348276455,1449.0114230491856,2322.5485576874576,0,19.38921927537552,21.40179431505479,12.8872,0.32300000000000001,0.67420089529570226,3771.5599807366434,3771.5599807366434
情景一阈值控制,110.10174923118763,3046.6053719132669,1.3375825916289081,13181.815037157581,0.49482889394379681,3769.7471794435428,1449.024017686779,2322.5545666504454,0,19.38921927537552,21.40179431505479,12.8872,0.32300000000000001,0.67418923146743792,3771.5785843372241,3771.5785843372241
情景一阈值控制,110.14893704271276,3046.55290369672,1.3315235830154366,13181.848986362675,0.49258440054052444,3769.7740019570142,1449.0365550575334,2322.5605482911451,0,19.38921927537552,21.40179431505479,12.8872,0.32300000000000001,0.67417762067369469,3771.5971033486785,3771.5971033486785
情景一阈值控制,110.19612485423791,3046.5006740534445,1.3254918066562944,13181.882781200542,0.49035002203946521,3769.8007029172804,1449.0490354207936,2322.5665027332911,0,19.38921927537552,21.40179431505479,12.8872,0.32300000000000001,0.67416606267429502,3771.6155381540848,3771.6155381540848
情景一阈值控制,110.24331266576306,3046.448681902973,1.319487142101321,13181.916422370297,0.48812571345967443,3769.827282871132,1449.0614590347388,2322.5724301000628,0,19.38921927537552,21.40179431505479,12.8872,0.32300000000000001,0.67415455723014006,3771.6338891348014,3771.6338891348014
情景一阈值控制,110.29050047728819,3046.3969261696921,1.3135094694153728,13181.949910567904,0.48591143001470727,3769.8537423629359,1449.0738261563893,2322.5783305140853,0,19.38921927537552,21.40179431505479,12.8872,0.32300000000000001,0.67414310410320533,3771.6521566704746,3771.6521566704746
情景一阈值控制,110.33768828881333,3046.3454057828208,1.3075586691762828,13181.983246486208,0.48370712711182795,3769.8800819346452,1449.0861370416096,2322.5842040974321,0,19.38921927537552,21.40179431505479,12.8872,0.32300000000000001,0.67413170305653558,3771.6703411390417,3771.6703411390417
情景一阈值控制,110.38487610033847,3046.2941196763886,1.3016346224728301,13182.016430814938,0.48151276035122381,3769.9063021258135,1449.0983919451153,2322.5900509716307,0,19.38921927537552,21.40179431505479,12.8872,0.32300000000000001,0.67412035385423996,3771.6884429167458,3771.6884429167458
情景一阈值控制,110.43206391186362,3046.2430667892145,1.2957372109027188,13182.049464240719,0.47932828552522261,3769.932403473601,1449.1105911204775,2322.5958712576603,0,19.38921927537552,21.40179431505479,12.8872,0.32300000000000001,0.67410905626148787,3771.706462378138,3771.706462378138
情景一阈值控制,110.47925172338876,3046.1922460648866,1.289866316570554,13182.082347447102,0.47715365861750941,3769.9583865127875,1449.1227348201271,2322.601665075957,0,19.38921927537552,21.40179431505479,12.8872,0.32300000000000001,0.67409781004450386,3771.7243998960839,3771.7243998960839
情景一阈值控制,110.52643953491391,3046.1416564517403,1.2840218220858255,13182.115081114554,0.47498883580234602,3769.9842517757816,1449.1348232953619,2322.6074325464165,0,19.38921927537552,21.40179431505479,12.8872,0.32300000000000001,0.67408661497056299,3771.7422558417784,3771.7422558417784
情景一阈值控制,110.57362734643905,3046.0912969028377,1.2782036105609096,13182.147665920491,0.47283377344379818,3770.00999979263,1449.1468567963495,2322.6131737883939,0,19.38921927537552,21.40179431505479,12.8872,0.32300000000000001,0.67407547080798624,3771.7600305847436,3771.7600305847436
情景一阈值控制,110.62081515796419,3046.0411663759455,1.2724115656090673,13182.180102539285,0.47068842809496053,3770.0356310910297,1449.1588355721326,2322.6188889207101,0,19.38921927537552,21.40179431505479,12.8872,0.32300000000000001,0.67406437732613589,3771.7777244928429,3771.7777244928429
情景一阈值控制,110.66800296948932,3045.9912638335168,1.2666455713424449,13182.21239164227,0.46855275649718464,3770.0611461963372,1449.1707598706355,2322.62457806165,0,19.38921927537552,21.40179431505479,12.8872,0.32300000000000001,0.67405333429541114,3771.7953379322853,3771.7953379322853
情景一阈值控制,110.71519078101447,3045.941588242667,1.2609055123700916,13182.244533897769,0.46642671557931176,3770.0865456315773,1449.1826299386676,2322.6302413289682,0,19.38921927537552,21.40179431505479,12.8872,0.32300000000000001,0.67404234148724296,3771.8128712676357,3771.8128712676357
情景一阈值控制,110.76237859253962,3045.8921385751564,1.2551912737959834,13182.276529971097,0.46431026245690915,3770.1118299174559,1449.1944460219286,2322.6358788398888,0,19.38921927537552,21.40179431505479,12.8872,0.32300000000000001,0.67403139867409012,3771.8303248618176,3771.8303248618176
情景一阈值控制,110.80956640406475,3045.8429138073666,1.2495027412170447,13182.308380524584,0.46220335443150551,3770.1369995723662,1449.2062083650137,2322.6414907111093,0,19.38921927537552,21.40179431505479,12.8872,0.32300000000000001,0.67402050562943416,3771.8476990761228,3771.8476990761228
情景一阈值控制,110.8567542155899,3045.7939129202828,1.2438398007211768,13182.340086217568,0.46010594898982976,3770.1620551124015,1449.2179172114181,2322.6470770588035,0,19.38921927537552,21.40179431505479,12.8872,0.32300000000000001,0.67400966212777524,3771.8649942702214,3771.8649942702214
情景一阈值控制,110.90394202711505,3045.7451348994719,1.2382023388853072,13182.371647706437,0.45801800380305657,3770.1869970513662,1449.2295728035429,2322.6526379986208,0,19.38921927537552,21.40179431505479,12.8872,0.32300000000000001,0.6739988679446276,3771.8822108021636,3771.8822108021636
情景一阈值控制,110.95112983864018,3045.6965787350618,1.2325902427734285,13182.403065644621,0.4559394767260504,3770.2118259007816,1449.241175382698,2322.6581736456915,0,19.38921927537552,21.40179431505479,12.8872,0.32300000000000001,0.67398812285651477,3771.8993490283892,3771.8993490283892
情景一阈值控制,110.99831765016532,3045.6482434217246,1.2270033999346501,13182.43434068261,0.45387032579661168,3770.2365421698987,1449.252725189109,2322.6636841146292,0,19.38921927537552,21.40179431505479,12.8872,0.32300000000000001,0.67397742664096538,3771.916409303738,3771.916409303738
情景一阈值控制,111,3045.6465242256359,1.226804681445276,13182.435453076827,0.45379672856532083,3770.2374212874915,1449.2531359939767,2322.6638801116342,0,19.38921927537552,21.40179431505479,12.8872,0.32300000000000001,0.67397704619671739,3771.9170161056109,3771.9170161056109
情景一阈值控制,111.04550546169048,3045.6001279586499,1.2214416984012562,13182.46547346797,0.45181050923472849,3770.2611463657067,1449.264222461921,2322.6691695195304,0,19.38921927537552,21.40179431505479,12.8872,0.32300000000000001,0.67396677907650848,3771.9333919814517,3771.9333919814517
情景一阈值控制,111.09269327321562,3045.5522313495321,1.2159050266867819,13182.496464645357,0.44975998544183377,3770.2856389929452,1449.2756674392026,2322.6746299739798,0,19.38921927537552,21.40179431505479,12.8872,0.32300000000000001,0.67395617994266976,3771.9502974131824,3771.9502974131824
情景一阈值控制,111.13988108474075,3045.5045526025442,1.2103932737840666,13182.527314856525,0.44771871300005373,3770.3100205541095,1449.2870603579531,2322.6800655910497,0,19.38921927537552,21.40179431505479,12.8872,0.32300000000000001,0.67394562901996546,3771.9671259490028,3771.9671259490028
情景一阈值控制,111.1870688962659,3045.4570907303241,1.2049063291633419,13182.558024740338,0.44568665067147084,3770.334291549465,1449.2984014541039,2322.6854764833051,0,19.38921927537552,21.40179431505479,12.8872,0.32300000000000001,0.67393512608990069,3771.983877937409,3771.983877937409
情景一阈值控制,111.23425670779105,3045.4098447499496,1.1994440827703188,13182.588594932793,0.44366375739738567,3770.3584524770527,1449.3096909625265,2322.6908627628036,0,19.38921927537552,21.40179431505479,12.8872,0.32300000000000001,0.67392467093496267,3772.0005537253301,3772.0005537253301
情景一阈值控制,111.28144451931618,3045.3628136829198,1.1940064250242723,13182.619026067019,0.4416499922975789,3770.3825038327027,1449.3209291170347,2322.6962245410991,0,19.38921927537552,21.40179431505479,12.8872,0.32300000000000001,0.67391426333861681,3772.0171536581338,3772.0171536581338
情景一阈值控制,111.32863233084133,3045.3159965551386,1.1885932468161371,13182.649318773298,0.43964531466957668,3770.4064461100402,1449.3321161503909,2322.7015619292442,0,19.38921927537552,21.40179431505479,12.8872,0.32300000000000001,0.67390390308530368,3772.0336780796351,3772.0336780796351
情景一阈值控制,111.37582014236648,3045.2693923968914,1.1832044395066175,13182.67947367908,0.43764968398792248,3770.4302798004969,1449.3432522943101,2322.7068750377903,0,19.38921927537552,21.40179431505479,12.8872,0.32300000000000001,0.67389358996043314,3772.0501273321006,3772.0501273321006
情景一阈值控制,111.42300795389161,3045.2230002428282,1.1778398949242943,13182.709491408987,0.4356630599034475,3770.4540053933201,1449.354337779464,2322.7121639767929,0,19.38921927537552,21.40179431505479,12.8872,0.32300000000000001,0.67388332375038096,3772.0665017562569,3772.0665017562569
情景一阈值控制,111.47019576541675,3045.1768191319425,1.1724995053637366,13182.739372584831,0.43368540224254309,3770.4776233755833,1449.3653728354871,2322.7174288558112,0,19.38921927537552,21.40179431505479,12.8872,0.32300000000000001,0.67387310424248426,3772.0828016912983,3772.0828016912983
情景一阈值控制,111.5173835769419,3045.1308481075534,1.1671831635836283,13182.769117825626,0.43171667100643923,3770.5011342321927,1449.3763576909798,2322.7226697839119,0,19.38921927537552,21.40179431505479,12.8872,0.32300000000000001,0.67386293122503726,3772.099027474892,3772.099027474892
情景一阈值控制,111.56457138846704,3045.0850862172856,1.1618907628048991,13182.798727747602,0.4297568263704849,3770.5245384459004,1449.3872925735138,2322.7278868696703,0,19.38921927537552,21.40179431505479,12.8872,0.32300000000000001,0.67385280448728702,3772.1151794431844,3772.1151794431844
情景一阈值控制,111.61175919999218,3045.0395325130512,1.1566221967088572,13182.828202964211,0.42780582868342903,3770.5478364973087,1449.3981777096365,2322.7330802211736,0,19.38921927537552,21.40179431505479,12.8872,0.32300000000000001,0.67384272381942911,3772.1312579308101,3772.1312579308101
情景一阈值控制,111.65894701151733,3044.9941860510294,1.1513773594353256,13182.857544086146,0.42586363846670316,3770.5710288648866,1449.4090133248756,2322.7382499460218,0,19.38921927537552,21.40179431505479,12.8872,0.32300000000000001,0.67383268901260374,3772.1472632708974,3772.1472632708974
情景一阈值控制,111.70613482304248,3044.949045891648,1.1461561455807998,13182.886751721349,0.42393021641371231,3770.5941160249699,1449.4197996437431,2322.7433961513307,0,19.38921927537552,21.40179431505479,12.8872,0.32300000000000001,0.67382269985889109,3772.163195795074,3772.163195795074
情景一阈值控制,111.75332263456761,3044.9041110995649,1.1409584501965966,13182.915826475033,0.42200552338912262,3770.6170984517798,1449.4305368897406,2322.7485189437343,0,19.38921927537552,21.40179431505479,12.8872,0.32300000000000001,0.67381275615130765,3772.1790558334751,3772.1790558334751
情景一阈值控制,111.80051044609274,3044.85938074365,1.1357841687870116,13182.944768949672,0.42008952042815273,3770.6399766174254,1449.4412252853633,2322.7536184293858,0,19.38921927537552,21.40179431505479,12.8872,0.32300000000000001,0.67380285768380166,3772.1948437147494,3772.1948437147494
情景一阈值控制,111.84769825761791,3044.8148538969654,1.1306331973074875,13182.973579745039,0.41818216873586922,3770.6627509919144,1449.4518650521052,2322.7586947139612,0,19.38921927537552,21.40179431505479,12.8872,0.32300000000000001,0.67379300425124922,3772.2105597660666,3772.2105597660666
情景一阈值控制,111.89488606914304,3044.7705296367467,1.1255054321627975,13183.002259458202,0.41628342968648813,3770.6854220431642,1449.462456410462,2322.7637479026603,0,19.38921927537552,21.40179431505479,12.8872,0.32300000000000001,0.67378319564945,3772.2262043131223,3772.2262043131223
情景一阈值控制,111.94207388066818,3044.7264070443848,1.1204007702052072,13183.030808683543,0.41439326482266758,3770.7079902370087,1449.4729995799366,2322.7687781002091,0,19.38921927537552,21.40179431505479,12.8872,0.32300000000000001,0.67377343167512327,3772.2417776801458,3772.2417776801458
情景一阈值控制,111.98926169219332,3044.6824852054074,1.1153191087326686,13183.059228012758,0.41251163585481493,3770.7304560372095,1449.4834947790441,2322.7737854108614,0,19.38921927537552,21.40179431505479,12.8872,0.32300000000000001,0.6737637121259038,3772.2572801899055,3772.2572801899055
情景一阈值控制,112,3044.6725180654325,1.1141659009811158,13183.065677183353,0.41208463072082113,3770.7355542194769,1449.4858764443159,2322.7749217149717,0,19.38921927537552,21.40179431505479,12.8872,0.32300000000000001,0.67376150647810273,3772.2607981592873,3772.2607981592873
情景一阈值控制,112.03644950371847,3044.6387632094611,1.1102603454870161,13183.087518034892,0.41063850466039198,3770.7528199054618,1449.4939422253151,2322.778769938403,0,19.38921927537552,21.40179431505479,12.8872,0.32300000000000001,0.67375403680033752,3772.2727121637181,3772.2727121637181
情景一阈值控制,112.08363731524361,3044.5952401502936,1.1052243786521587,13183.115679336328,0.40877383328322142,3770.7750823014062,1449.5043421352998,2322.7837317861504,0,19.38921927537552,21.40179431505479,12.8872,0.32300000000000001,0.67374440549787817,3772.2880739214502,3772.2880739214502
情景一阈值控制,112.13082512676876,3044.5519151257326,1.1002111068522817,13183.143712500809,0.40691758393279548,3770.7972436826367,1449.5146947245742,2322.788671056956,0,19.38921927537552,21.40179431505479,12.8872,0.32300000000000001,0.67373481801888224,3772.3033657815304,3772.3033657815304
情景一阈值控制,112.1780129382939,3044.5087872376725,1.0952204291500649,13183.171618109449,0.40506971898359145,3770.8193045047087,1449.5250002077421,2322.7935878532089,0,19.38921927537552,21.40179431505479,12.8872,0.32300000000000001,0.67372527416460626,3772.3185880609508,3772.3185880609508
情景一阈值控制,112.22520074981904,3044.4658555920514,1.0902522450448957,13183.199396740743,0.40323020097438578,3770.8412652211491,1449.535258798441,2322.7984822768367,0,19.38921927537552,21.40179431505479,12.8872,0.32300000000000001,0.67371577373720137,3772.3337410752774,3772.3337410752774
情景一阈值控制,112.27238856134417,3044.4231192988354,1.0853064544710878,13183.227048970584,0.40139899260757017,3770.8631262834651,1449.5454707093461,2322.8033544293066,0,19.38921927537552,21.40179431505479,12.8872,0.32300000000000001,0.67370631653971058,3772.3488251386525,3772.3488251386525
情景一阈值控制,112.31957637286932,3044.3805774720008,1.0803829577961135,13183.254575372268,0.39957605674847291,3770.8848881411518,1449.5556361521742,2322.8082044116309,0,19.38921927537552,21.40179431505479,12.8872,0.32300000000000001,0.6736969023760635,3772.3638405638048,3772.3638405638048
情景一阈值控制,112.36676418439447,3044.3382292295173,1.0754816558188431,13183.281976516504,0.39776135642468263,3770.9065512417005,1449.5657553376877,2322.8130323243649,0,19.38921927537552,21.40179431505479,12.8872,0.32300000000000001,0.67368753105107437,3772.3787876620527,3772.3787876620527
情景一阈值控制,112.4139519959196,3044.2960736933273,1.0706024497677811,13183.309252971434,0.39595485482537257,3770.9281160306109,1449.5758284757007,2322.8178382676119,0,19.38921927537552,21.40179431505479,12.8872,0.32300000000000001,0.67367820237043596,3772.3936667433127,3772.3936667433127
情景一阈值控制,112.46113980744475,3044.254109989331,1.0657452412993103,13183.336405302636,0.39415651530062606,3770.9495829513949,1449.5858557750805,2322.8226223410234,0,19.38921927537552,21.40179431505479,12.8872,0.32300000000000001,0.67366891614071689,3772.4084781161037,3772.4084781161037
情景一阈值控制,112.5083276189699,3044.2123372473675,1.0609099324959548,13183.36343407315,0.39236630136077061,3770.9709524455902,1449.5958374437535,2322.8273846438024,0,19.38921927537552,21.40179431505479,12.8872,0.32300000000000001,0.67365967216935774,3772.4232220875556,3772.4232220875556
情景一阈值控制,112.55551543049503,3044.1707546011976,1.0560964258646341,13183.390339843461,0.39058417667570799,3770.992224952764,1449.605773688709,2322.8321252747046,0,19.38921927537552,21.40179431505479,12.8872,0.32300000000000001,0.67365047026466673,3772.4378989634133,3772.4378989634133
情景一阈值控制,112.60270324202017,3044.1293611884857,1.0513046243349269,13183.417123171543,0.38881010507424918,3771.013400910525,1449.6156647160033,2322.8368443320401,0,19.38921927537552,21.40179431505479,12.8872,0.32300000000000001,0.67364131023581575,3772.4525090480433,3772.4525090480433
情景一阈值控制,112.64989105354532,3044.0881561507836,1.0465344312573459,13183.443784612849,0.38704405054345187,3771.0344807545316,1449.6255107307647,2322.8415419136763,0,19.38921927537552,21.40179431505479,12.8872,0.32300000000000001,0.67363219189283741,3772.4670526444411,3772.4670526444411
情景一阈值控制,112.69707886507047,3044.0471386335125,1.0417857504016175,13183.470324720323,0.38528597722796254,3771.0554649184978,1449.6353119371961,2322.8462181170403,0,19.38921927537552,21.40179431505479,12.8872,0.32300000000000001,0.67362311504662009,3772.4815300542364,3772.4815300542364
情景一阈值控制,112.7442666765956,3044.0063077859468,1.0370584859549647,13183.496744044429,0.38353584942935692,3771.0763538342044,1449.6450685385796,2322.8508730391181,0,19.38921927537552,21.40179431505479,12.8872,0.32300000000000001,0.67361407950890517,3772.4959415776975,3772.4959415776975
情景一阈值控制,112.79145448812075,3043.9656627611944,1.0323525425203925,13183.523043133137,0.38179363160548402,3771.0971479315076,1449.6547807372815,2322.8555067764605,0,19.38921927537552,21.40179431505479,12.8872,0.32300000000000001,0.67360508509228212,3772.5102875137418,3772.5102875137418
情景一阈值控制,112.8386422996459,3043.9252027161824,1.0276678251149913,13183.549222531954,0.38005928836981584,3771.1178476383438,1449.664448734756,2322.8601194251814,0,19.38921927537552,21.40179431505479,12.8872,0.32300000000000001,0.67359613161018583,3772.5245681599372,3772.5245681599372
情景一阈值控制,112.88583011117103,3043.8849268116387,1.023004239168237,13183.575282783924,0.37833278449079616,3771.1384533807436,1449.674072731548,2322.8647110809629,0,19.38921927537552,21.40179431505479,12.8872,0.32300000000000001,0.67358721887689221,3772.5387838125107,3772.5387838125107
情景一阈值控制,112.93301792269617,3043.844834212076,1.0183616905202952,13183.601224429643,0.3766140848911913,3771.1589655828329,1449.6836529272991,2322.8692818390541,0,19.38921927537552,21.40179431505479,12.8872,0.32300000000000001,0.67357834670751449,3772.5529347663532,3772.5529347663532
情景一阈值控制,112.98020573422133,3043.8049240857727,1.0137400854203369,13183.627048007274,0.37490315464744517,3771.1793846668488,1449.6931895207504,2322.8738317942752,0,19.38921927537552,21.40179431505479,12.8872,0.32300000000000001,0.67356951491799943,3772.5670213150256,3772.5670213150256
情景一阈值控制,113,3043.7882367785014,1.0118076349846761,13183.637845416722,0.37418776117550606,3771.1879224085815,1449.6971769815775,2322.8757342312724,0,19.38921927537552,21.40179431505479,12.8872,0.32300000000000001,0.67356582215129968,3772.5729112128502,3772.5729112128502
情景一阈值控制,113.02739354574646,3043.7651956047607,1.0091393305248686,13183.652754052546,0.37319995898904018,3771.1997110531429,1449.7026827097463,2322.8783610410192,0,19.38921927537552,21.40179431505479,12.8872,0.32300000000000001,0.67356072332512429,3772.5810437507653,3772.5810437507653
情景一阈值控制,113.0745813572716,3043.7256479448029,1.0045593328960432,13183.678343098776,0.37150446329785003,3771.21994516019,1449.71213269124,2322.882869673253,0,19.38921927537552,21.40179431505479,12.8872,0.32300000000000001,0.67355197174649217,3772.5950023644928,3772.5950023644928
情景一阈值控制,113.12176916879675,3043.6862802853802,0.99999999999999989,13183.703815676878,0.36981663310750529,3771.2400874045993,1449.7215396612953,2322.8873577845202,0,19.38921927537552,21.40179431505479,12.8872,0.32300000000000001,0.67354326000052889,3772.6088974458153,3772.6088974458153
