strategy,t,S,I,Sq,Iq,R,Cc,Cq,J_c,J_q,J,c,q,Rt,Itcum,It_cum
情景一阈值控制,0,26584.262110062751,0.0010065918886718701,0,0,0,0,0,0,0,0,12.8872,0.32300000000000001,4.4258387525681453,0,0
情景一阈值控制,0.032665339436029783,26584.261927216925,0.0010404113394685975,0.00011830915743786223,2.0726247065712288e-05,9.9909720166991036e-06,4.3691325508176998e-05,2.0845344370961852e-05,0,0,0,12.8872,0.32300000000000001,4.4258387221273479,6.4536669879138847e-05,6.4536669879138847e-05
情景一阈值控制,0.065330678872059567,26584.261738227851,0.0010753670550633402,0.00024059326231440031,4.1911168072824015e-05,2.0555306346854062e-05,8.8850590829147425e-05,4.2391049982000907e-05,0,0,0,12.8872,0.32300000000000001,4.4258386906638014,0.00013124164081114833,0.00013124164081114833
情景一阈值控制,0.09799601830808935,26584.261542889122,0.001111497211621441,0.00036698586472312423,6.3572899272614227e-05,3.1709541048682681e-05,0.00013552711573437765,6.4660647536490324e-05,0,0,0,12.8872,0.32300000000000001,4.4258386581431433,0.00020018776327086798,0.00020018776327086798
情景一阈值控制,0.13066135774411913,26584.261340987417,0.0011488412679478463,0.00049762500176356013,8.573015499808405e-05,4.3470801083861012e-05,0.00018377187703731273,8.7678458320608553e-05,0,0,0,12.8872,0.32300000000000001,4.4258386245298569,0.00027145033535792129,0.00027145033535792129
情景一阈值控制,0.16332669718014892,26584.261132302221,0.0011874400085805246,0.00063265334829328208,0.00010840224744449062,5.5856817677562454e-05,0.00023363756426578915,0.00011146962076491858,0,0,0,12.8872,0.32300000000000001,4.425838589787233,0.00034510718503070776,0.00034510718503070776
情景一阈值控制,0.1959920366161787,26584.260916605625,0.0012273355883329797,0.00077221837274926296,0.00013160910711092382,6.8885948333630227e-05,0.00028517863720653425,0.00013606011789912939,0,0,0,12.8872,0.32300000000000001,4.4258385538773268,0.00042123875510566365,0.00042123875510566365
情景一阈值控制,0.22865737605220848,26584.260693662065,0.0012685715783339834,0.00091647249820690226,0.00015537130392492653,8.2577197526594574e-05,0.0003384513853839302,0.0001614768057297039,0,0,0,12.8872,0.32300000000000001,4.4258385167609218,0.0004999281911136341,0.0004999281911136341
情景一阈值控制,0.26132271548823827,26584.260463228049,0.0013111930135995588,0.0010655732687992656,0.00017971006906617574,9.6950238086332142e-05,0.00039351398951829267,0.00018774744256190337,0,0,0,12.8872,0.32300000000000001,4.4258384783974805,0.00058126143208019608,0.00058126143208019608
情景一阈值控制,0.29398805492426805,26584.260225051927,0.0013552464422331898,0.0012196835218322944,0.00020464731753308497,0.00011202543331868185,0.00045042658508765918,0.00021490071932542677,0,0,0,12.8872,0.32300000000000001,4.4258384387451049,0.00066532730441308595,0.00066532730441308595
情景一阈值控制,0.32665339436029783,26584.259978873564,0.0014007799762761975,0.0013789715656727388,0.00023020567146236662,0.00012782385987190721,0.00050925132802143299,0.00024296629091716807,0,0,0,12.8872,0.32300000000000001,4.4258383977604909,0.00075221761893860101,0.00075221761893860101
情景一阈值控制,0.35931873379632762,26584.259724424119,0.0014478433442150552,0.0015436113634325014,0.00025640848420466249,0.00014436733135204591,0.00057005246253462793,0.00027197480856526549,0,0,0,12.8872,0.32300000000000001,4.425838355398878,0.00084202727109989337,0.00084202727109989337
情景一阈值控制,0.3919840732323574,26584.259461425685,0.0014964879452934764,0.0017137827229665662,0.00028327986522379425,0.00016167842275387317,0.00063289639129370846,0.00030195795330556534,0,0,0,12.8872,0.32300000000000001,4.4258383116140001,0.00093485434459927375,0.00093485434459927375
情景一阈值控制,0.42464941266838718,26584.259189591041,0.0015467669056875484,0.0018896714933883474,0.00031084470584626702,0.00017978049573376832,0.00069785174798929863,0.0003329484706064155,0,0,0,12.8872,0.32300000000000001,4.4258382663580402,0.0010308002185957141,0.0010308002185957141
情景一阈值控制,0.45731475210441697,26584.258908623302,0.0015987351364948161,0.0020714697679307245,0.00033912870583861592,0.00019869772470230691,0.00076498947225233998,0.0003649802061115298,0,0,0,12.8872,0.32300000000000001,4.4258382195815722,0.0011299696783638698,0.0011299696783638698
情景一阈值控制,0.48998009154044675,26584.25861821563,0.0016524493936826174,0.0022593760936610655,0.00036815840087898685,0.0002184551238021599,0.00083438288710141299,0.00039808814259048196,0,0,0,12.8872,0.32300000000000001,4.4258381712335106,0.001232471029691895,0.001232471029691895
情景一阈值控制,0.52264543097647653,26584.258318050845,0.0017079683401051357,0.0024535956884331792,0.00039796119097297605,0.00023907857482070177,0.00090610777906264108,0.00043230843816430303,0,0,0,12.8872,0.32300000000000001,4.4258381212610516,0.0013384162172269442,0.0013384162172269442
情景一阈值控制,0.55531077041250632,26584.258007801138,0.0017653526096070894,0.0026543406651388709,0.00042856536982192731,0.00026059485604540097,0.00098024248098532458,0.00046767846581722303,0,0,0,12.8872,0.32300000000000001,4.4258380696096218,0.0014479209468025475,0.0014479209468025475
情景一阈值控制,0.5879761098485361,26584.257687127676,0.0018246648732102991,0.0028618302632459828,0.0004600001551419877,0.00028303167206028594,0.001056867957548455,0.00050423685419224702,0,0,0,12.8872,0.32300000000000001,4.4258380162228077,0.001561104811740702,0.001561104811740702
情景一阈值控制,0.62064144928456588,26584.257355680242,0.0018859699074487177,0.0030762910878523232,0.00049229571996389505,0.00030641768451307607,0.0011360678935428345,0.00054202352971098339,0,0,0,12.8872,0.32300000000000001,4.4258379610423066,0.0016780914232538179,0.0016780914232538179
情景一阈值控制,0.65330678872059567,26584.257013096849,0.0019493346652744365,0.0032979573577335557,0.00052548322510653236,0.00033078254404370077,0.0012179287854746446,0.00058107976027815421,0,0,0,12.8872,0.32300000000000001,4.4258379040078539,0.0017990085457527988,0.0017990085457527988
情景一阈值控制,0.68597212815662545,26584.256659003353,0.0020148283491340574,0.0035270711609836328,0.00055959485264125497,0.00035615692319334718,0.0013025400359729256,0.00062144820032386289,0,0,0,12.8872,0.32300000000000001,4.4258378450571598,0.0019239882362967885,0.0019239882362967885
情景一阈值控制,0.71863746759265523,26584.256293013044,0.0020825224864992062,0.0037638827192404641,0.0005946638404766356,0.00038257255042212489,0.001389994051367567,0.00066317293735852908,0,0,0,12.8872,0.32300000000000001,4.4258377841258429,0.0020531669887260962,0.0020531669887260962
情景一阈值控制,0.75130280702868502,26584.255914726207,0.0021524910079732877,0.004008650660923976,0.00063072451811943076,0.00041006224529045537,0.0014803863425955517,0.00070629954011575081,0,0,0,12.8872,0.32300000000000001,4.4258377211473583,0.0021866858827113023,0.0021866858827113023
情景一阈值控制,0.7839681464647148,26584.255523729709,0.0022248103280955436,0.0042616423039100798,0.00066781234366708746,0.00043865995485882373,0.0015738156295918679,0.00075087510835771562,0,0,0,12.8872,0.32300000000000001,4.4258376560529253,0.0023246907379495833,0.0023246907379495833
情景一阈值控制,0.81663348590074458,26584.255119596528,0.0022995594288421277,0.0045231339476395184,0.00070596394203166935,0.00046840079130574586,0.0016703839491646931,0.00079694832434297805,0,0,0,12.8872,0.32300000000000001,4.4258375887714534,0.0024673322735076714,0.0024673322735076714
情景一阈值控制,0.84929882533677437,26584.254701885304,0.0023768199458144533,0.0047934111746275477,0.00074521714439077175,0.00049932107075954888,0.0017701967663422949,0.00084456950595060778,0,0,0,12.8872,0.32300000000000001,4.4258375192294626,0.0026147662722929028,0.0026147662722929028
情景一阈值控制,0.88196416477280415,26584.254270139838,0.0024566762572154868,0.0050727691617265831,0.0007856110289114227,0.00053145835338938813,0.0018733630893216769,0.0008937906615227502,0,0,0,12.8872,0.32300000000000001,4.4258374473510029,0.0027671537508444271,0.0027671537508444271
情景一阈值控制,0.91462950420883393,26584.253823888612,0.0025392155762960955,0.0053615130035280607,0.00082718596305861758,0.0005648514850634124,0.0019799955889002138,0.0009446655468460407,0,0,0,12.8872,0.32300000000000001,4.4258373730575746,0.0029246611357462544,0.0029246611357462544
情景一阈值控制,0.94729484364486372,26584.25336264426,0.002624528046509104,0.0056599580452366101,0.00086998364714021355,0.00059954064022992493,0.0020902107214053893,0.00099724972380198121,0,0,0,12.8872,0.32300000000000001,4.425837296268039,0.0030874604452073703,0.0030874604452073703
情景一阈值控制,0.9799601830808935,26584.25288590305,0.002712706839890926,0.0059684302268351551,0.00091404715932570332,0.00063556736625620686,0.0022041288557942524,0.001051600621006712,0,0,0,12.8872,0.32300000000000001,4.4258372168985343,0.0032557294768009643,0.0032557294768009643
情景一阈值控制,1,26584.25258553409,0.0027682635476669716,0.0061627819327948639,0.00094172524810094086,0.00065834982280350038,0.0022759025361419882,0.0010858441937575524,0,0,0,12.8872,0.32300000000000001,4.4258371668920837,0.0033617467298995406,0.0033617467298995406
情景一阈值控制,1.0126255225169234,26584.252393144314,0.0028038482587925849,0.0062872664389670967,0.00095942100219452908,0.00067297462927997851,0.0023218744050799637,0.001107777596515257,0,0,0,12.8872,0.32300000000000001,4.4258371348623768,0.0034296520015952205,0.0034296520015952205
情景一阈值控制,1.0452908619529531,26584.251883829897,0.0028980518411381782,0.0066168148911584729,0.0010061511508953058,0.00071180686165386463,0.0024435759623154777,0.0011658420026999996,0,0,0,12.8872,0.32300000000000001,4.4258370500699735,0.0036094179650154774,0.0036094179650154774
情景一阈值控制,1.0779562013889827,26584.251357403566,0.0029954204692128421,0.0069574354923872834,0.001054285102916898,0.00075211001098377808,0.002569366441136995,0.0012258572533046523,0,0,0,12.8872,0.32300000000000001,4.4258369624287193,0.0037952236944416473,0.0037952236944416473
情景一阈值控制,1.1106215408250126,26584.250813290393,0.0030960604819638606,0.0073095002439427471,0.0011038719294638899,0.00079393159075383073,0.0026993832208460741,0.0012878888926636369,0,0,0,12.8872,0.32300000000000001,4.4258368718429013,0.0039872721135097112,0.0039872721135097112
情景一阈值控制,1.1432868802610425,26584.250250896144,0.0032000817908484028,0.0076733936446916826,0.0011549623284517667,0.00083732073255287883,0.0028337682960736573,0.0013520046671075209,0,0,0,12.8872,0.32300000000000001,4.4258367782135846,0.004185772963181178,0.004185772963181178
情景一阈值控制,1.1759522196970722,26584.249669606608,0.0033075980001676338,0.0080495131120394154,0.0012076086795511473,0.00088232824032689265,0.0029726684322400648,0.0014182745991337389,0,0,0,12.8872,0.32300000000000001,4.4258366814385184,0.0043909430313738042,0.0043909430313738042
情景一阈值控制,1.2086175591331019,26584.249068786947,0.0034187265311954465,0.0084382694161653886,0.0012618651009650547,0.00092900664634488442,0.0031162353259172899,0.0014867710639162256,0,0,0,12.8872,0.32300000000000001,4.4258365814120086,0.0046030063898335159,0.0046030063898335159
情景一阈值控制,1.2412828985691318,26584.248447780988,0.0035335887502590956,0.0088400871280835663,0.0013177875080110793,0.00097741026894938225,0.0032646257702967844,0.0015575688682509031,0,0,0,12.8872,0.32300000000000001,4.4258364780248156,0.0048221946385476871,0.0048221946385476871
情景一阈值控制,1.2739482380051617,26584.247805910512,0.0036523101012228259,0.0092554050831057909,0.0013754336737145463,0.001027595272295064,0.0034180018263455032,0.0016307453322150635,0,0,0,12.8872,0.32300000000000001,4.4258363711640261,0.0050487471585605667,0.0050487471585605667
情景一阈值控制,1.3066135774411913,26584.247142474516,0.0037750202425698271,0.0096846768603913429,0.0014348632915019395,0.0010796197281637177,0.0035765309999025671,0.0017063803736610485,0,0,0,12.8872,0.32300000000000001,4.425836260712936,0.0052829113735636153,0.0052829113735636153
情景一阈值控制,1.339278916877221,26584.246456748453,0.0039018531891397991,0.010128371278783166,0.0014961380400207646,0.0011335436798813737,0.0037403864247905348,0.001784556595579533,0,0,0,12.8872,0.32300000000000001,4.4258361465509184,0.0055249430203700677,0.0055249430203700677
情景一阈值控制,1.3719442563132509,26584.245747983416,0.0040329474584976516,0.010586972908845067,0.0015593216500746799,0.0011894292083265566,0.0039097470519096908,0.0018653593763173282,0,0,0,12.8872,0.32300000000000001,4.4258360285532943,0.0057751064282270193,0.0057751064282270193
情景一阈值控制,1.4046095957492808,26584.245015405344,0.0041684462219088742,0.011060982601014395,0.0016244799736627282,0.0012473405000186051,0.0040847978442837135,0.0019488769626346241,0,0,0,12.8872,0.32300000000000001,4.4258359065911952,0.0060336748069183379,0.0060336748069183379
情景一阈值控制,1.4372749351853105,26584.244258214178,0.0043084974605934901,0.011550918032220662,0.0016916810554296661,0.0013073439175893518,0.0042657299789248112,0.0020352005660158271,0,0,0,12.8872,0.32300000000000001,4.4258357805314237,0.0063009305449406383,0.0063009305449406383
情景一阈值控制,1.4699402746213401,26584.24347558296,0.0044532541279721557,0.012057314273466412,0.0017609952068534068,0.001369508072960255,0.0044527410564401421,0.0021244244626738057,0,0,0,12.8872,0.32300000000000001,4.4258356502363059,0.0065771655191139474,0.0065771655191139474
情景一阈值控制,1.50260561405737,26584.242666656966,0.0046028743162988099,0.012580724372753505,0.001832495082436033,0.001433903902500218,0.0046460353163052803,0.002216646096257911,0,0,0,12.8872,0.32300000000000001,4.425835515563544,0.0068626814125631909,0.0068626814125631909
情景一阈值控制,1.5352709534933999,26584.24183055275,0.0047575214292544087,0.01312171995886296,0.001906255758617756,0.001500604744874827,0.0048458238598388581,0.0023119661842362646,0,0,0,12.8872,0.32300000000000001,4.4258353763660576,0.0071577900440751227,0.0071577900440751227
情景一阈值控制,1.5679362929294296,26584.240966357178,0.0049173643604082671,0.013680891865661396,0.0019823548153711274,0.0015696864215448102,0.0050523248807576304,0.0024104888278947043,0,0,0,12.8872,0.32300000000000001,4.4258352324918278,0.0074628137086523352,0.0074628137086523352
情景一阈值控制,1.6006016323654593,26584.240073126446,0.005082577677851887,0.014258850778000577,0.0020608724206148039,0.0016412273200513239,0.0052657639037058408,0.0025123216261403051,0,0,0,12.8872,0.32300000000000001,4.4258350837837241,0.0077780855298461458,0.0077780855298461458
情景一阈值控制,1.6332669718014892,26584.23914988503,0.0052533418149706699,0.014856227899089093,0.0021418914174310749,0.0017153084800724521,0.0054863740307141756,0.0026175757930881529,0,0,0,12.8872,0.32300000000000001,4.4258349300793398,0.0081039498238023276,0.0081039498238023276
情景一阈值控制,1.6659323112375191,26584.238195624639,0.0054298432673186327,0.01547367563921407,0.0022254974140712143,0.0017920136822351697,0.0057143961955432804,0.0027263662794098681,0,0,0,12.8872,0.32300000000000001,4.4258347712108117,0.0084407624749531489,0.0084407624749531489
情景一阈值控制,1.6985976506735487,26584.237209303104,0.0056122747957173952,0.016111868326237285,0.0023117788768040851,0.0018714295397375029,0.0059500794260684753,0.0028388118975186389,0,0,0,12.8872,0.32300000000000001,4.4258346070046333,0.0087888913235871138,0.0087888913235871138
情景一阈值控制,1.7312629901095784,26584.236189843239,0.0058008356375481721,0.016771502944752666,0.0024008272265074711,0.0019536455936695475,0.0061936811172490971,0.0029550354518042238,0,0,0,12.8872,0.32300000000000001,4.4258344372814733,0.0091487165690533213,0.0091487165690533213
情景一阈值控制,1.7639283295456083,26584.235136131669,0.0059957317242706407,0.017453299897027368,0.0024927369381038803,0.0020387544111458628,0.0064454673121424437,0.0030751638727060712,0,0,0,12.8872,0.32300000000000001,4.4258342618559725,0.0095206311848485149,0.0095206311848485149
情景一阈值控制,1.7965936689816382,26584.234047017617,0.0061971759060632731,0.018158003788855747,0.0025876056432495216,0.0021268516866530364,0.006705712992118011,0.0031993283551759503,0,0,0,12.8872,0.32300000000000001,4.4258340805365446,0.0099050413472939608,0.0099050413472939608
情景一阈值控制,1.8292590084176679,26584.232921311632,0.0064053881841638549,0.018886384242350916,0.0026855342365408965,0.0022180363468736622,0.006974702377019729,0.0033276645018868139,0,0,0,12.8872,0.32300000000000001,4.4258338931251675,0.010302366878906543,0.010302366878906543
情景一阈值控制,1.8619243478536975,26584.23175778431,0.0066205959512941606,0.019639236737017063,0.0027866269854144384,0.0023124106591600382,0.0072527292357722093,0.0034603124714245549,0,0,0,12.8872,0.32300000000000001,4.425833699417165,0.010713041707196764,0.010713041707196764
情景一阈值控制,1.8945896872897274,26584.230555164933,0.0068430342402485723,0.02041738347938166,0.0028909916437756624,0.0024100803436936059,0.00754009720753412,0.0035974171315118473,0,0,0,12.8872,0.32300000000000001,4.4258334992009836,0.011137514339045968,0.011137514339045968
情景一阈值控制,1.9272550267257573,26584.229312140102,0.0070729459805981545,0.021221674301018009,0.0029987395693356817,0.0025111546893082448,0.007837120133336031,0.0037391282172341777,0,0,0,12.8872,0.32300000000000001,4.4258332922579635,0.011576248350570209,0.011576248350570209
情景一阈值控制,1.959920366161787,26584.228027352277,0.0073105822634616634,0.022052987584788367,0.0031099858446329296,0.002615746672955532,0.0081441223981400784,0.0038856004942381768,0,0,0,12.8872,0.32300000000000001,4.4258330783620989,0.012029722892378254,0.012029722892378254
情景一阈值控制,1.9925857055978167,26584.226699398318,0.0075562026153591305,0.022912231222860666,0.0032248494022041334,0.0027239730832704068,0.0084614392846335384,0.0040369939275282625,0,0,0,12.8872,0.32300000000000001,4.4258328572797883,0.012498433212161802,0.012498433212161802
情景一阈值控制,2,26584.226391823006,0.0076130922050013988,0.023111245750907554,0.0032514371595056156,0.0027490565204270775,0.008534934935469524,0.0040720590607926984,0,0,0,12.8872,0.32300000000000001,4.4258328060736005,0.012606993996262222,0.012606993996262222
情景一阈值控制,2.0252510450338468,26584.225326827942,0.0078100752830160061,0.023800343613033549,0.0033434531547580039,0.0028359546490804247,0.0087894173411695951,0.0041934738570129689,0,0,0,12.8872,0.32300000000000001,4.4258326287695846,0.012982891198182564,0.012982891198182564
情景一阈值控制,2.0579163844698765,26584.223908142136,0.0080724775254755899,0.024718294680628122,0.0034659241286875428,0.0029518161712145529,0.0091284147591498329,0.0043552111775559789,0,0,0,12.8872,0.32300000000000001,4.4258323925819258,0.013483625936705813,0.013483625936705813
情景一阈值控制,2.0905817239059061,26584.222441791524,0.0083436959168030067,0.025667086937432193,0.0035923936024210589,0.0030716866590935216,0.0094788017640901473,0.004522382525555568,0,0,0,12.8872,0.32300000000000001,4.4258321484588681,0.014001184289645715,0.014001184289645715
情景一阈值控制,2.1232470633419358,26584.220926174683,0.0086240266590075602,0.026647756576391502,0.0037229972494413959,0.0031956994719332839,0.0098409610198879147,0.0046951704718224511,0,0,0,12.8872,0.32300000000000001,4.4258318961337997,0.014536131491710366,0.014536131491710366
情景一阈值控制,2.1559124027779655,26584.21935963638,0.0089137759058411786,0.027661374604348931,0.0038578752862739032,0.0033239924648585102,0.01021528804714026,0.0048737637211614584,0,0,0,12.8872,0.32300000000000001,4.4258316353311518,0.015089051768301718,0.015089051768301718
情景一阈值控制,2.1885777422139956,26584.217740465763,0.0092132600974153371,0.028709048012630137,0.0039971726254168123,0.0034567081399000735,0.010602191655438855,0.0050583573186214958,0,0,0,12.8872,0.32300000000000001,4.4258313657660988,0.01566054897406035,0.01566054897406035
情景一阈值控制,2.2212430816500253,26584.216066894514,0.0095228063055699131,0.029791920985242814,0.0041410390331836407,0.0035939938018465585,0.011002094389555414,0.0052491528623728233,0,0,0,12.8872,0.32300000000000001,4.4258310871442399,0.016251247251928239,0.016251247251928239
情景一阈值控制,2.2539084210860549,26584.214337094894,0.0098427525900159456,0.03091117614476659,0.0042896292924676539,0.0037360017189596779,0.01141543298954624,0.0054463587232251656,0,0,0,12.8872,0.32300000000000001,4.4258307991612922,0.016861791712771405,0.016861791712771405
情景一阈值控制,2.2865737605220851,26584.212549177762,0.010173448368413527,0.032068035846992304,0.0044431033718727447,0.0038828892899805709,0.011842658868859794,0.0056501902727351776,0,0,0,12.8872,0.32300000000000001,4.4258305015027419,0.01749284914159497,0.01749284914159497
情景一阈值控制,2.3192390999581147,26584.210701190506,0.010515254798515511,0.033263763517771418,0.0046016266003566569,0.0040348192165831961,0.012284238608032424,0.0058608701187510704,0,0,0,12.8872,0.32300000000000001,4.4258301938435114,0.018145108726783495,0.018145108726783495
情景一阈值控制,2.3519044393941444,26584.20879111491,0.010868545171863088,0.034499665030277675,0.0047653698471517318,0.004191959681042883,0.012740654463308212,0.0060786283480776275,0,0,0,12.8872,0.32300000000000001,4.4258298758476027,0.01881928281138584,0.01881928281138584
情景一阈值控制,2.3845697788301741,26584.206816864949,0.011233705321226964,0.035777090130355314,0.0049345097079655153,0.0043544845301102557,0.0132124048930171,0.0063037027776137724,0,0,0,12.8872,0.32300000000000001,4.4258295471677256,0.019516107670630872,0.019516107670630872
情景一阈值控制,2.4172351182662037,26584.204776284525,0.011611134042146094,0.037097433911185126,0.0051092286976219901,0.0045225734652494347,0.013700005102166008,0.0065363392141796475,0,0,0,12.8872,0.32300000000000001,4.4258292074449272,0.020236344316345654,0.020236344316345654
情景一阈值控制,2.4499004577022339,26584.202667145084,0.012001243528912707,0.038462138338488376,0.0052897154493028193,0.0046964122393979204,0.014203987605693452,0.0067767917232481314,0,0,0,12.8872,0.32300000000000001,4.4258288563081898,0.020980779328941584,0.020980779328941584
情景一阈值控制,2.4825657971382635,26584.200487143207,0.012404459824913162,0.039872693825952162,0.0054761649203472502,0.0048761928602074154,0.014724902810270862,0.0070253229065250942,0,0,0,12.8872,0.32300000000000001,4.4258284933740324,0.021750225716795957,0.021750225716795957
情景一阈值控制,2.5152311365742932,26584.198233898085,0.012821223287234403,0.041330640860560833,0.0056687786045694737,0.0050621137997248471,0.015263319614534086,0.0072822041883227641,0,0,0,12.8872,0.32300000000000001,4.4258281182460886,0.022545523802856848,0.022545523802856848
情景一阈值控制,2.5478964760103233,26584.195904948931,0.013251989066241733,0.042837571680301986,0.0058677647514158672,0.0052543802108321776,0.015819826028656718,0.0075477161111611847,0,0,0,12.8872,0.32300000000000001,4.425827730514678,0.023367542139817902,0.023367542139817902
情景一阈值控制,2.580561815446353,26584.193497752265,0.013697227605145666,0.044395132021800905,0.0060733385942547272,0.0054532041527099711,0.016395029819747858,0.007822148643690633,0,0,0,12.8872,0.32300000000000001,4.4258273297563555,0.024217178463438491,0.024217178463438491
情景一阈值控制,2.6132271548823827,26584.191009679165,0.014157425152820405,0.04600502291431393,0.0062857225847201903,0.0056588048222836048,0.016989559174370127,0.0081058014967822015,0,0,0,12.8872,0.32300000000000001,4.425826915533448,0.025095360671152329,0.025095360671152329
情景一阈值控制,2.6458924943184123,26584.188438012381,0.014633084294423504,0.04766900253599652,0.0065051466351890002,0.005871408793705739,0.017604063384055596,0.0083989844505907782,0,0,0,12.8872,0.32300000000000001,4.4258264873935786,0.026003047834646374,0.026003047834646374
情景一阈值控制,2.678557833754442,26584.185779943371,0.015124724500002502,0.049388888133095957,0.0067318483694750395,0.0060912502659589739,0.018239213554059667,0.0087020176927049796,0,0,0,12.8872,0.32300000000000001,4.4258260448691713,0.026941231246764646,0.026941231246764646
情景一阈值控制,2.7112231731904721,26584.183032569239,0.015632882692242264,0.051166558006104958,0.0069660733822687424,0.0063185713190995049,0.018895703336843459,0.0090152321680951799,0,0,0,12.8872,0.32300000000000001,4.4258255874769423,0.027910935504938637,0.027910935504938637
情景一阈值控制,2.7438885126265018,26584.180192889555,0.016158113833403241,0.053003953563051924,0.0072080755073443423,0.0065536221791644943,0.01957424969034962,0.0093389699408905884,0,0,0,12.8872,0.32300000000000001,4.4258251147173704,0.02891321963124021,0.02891321963124021
情景一阈值控制,2.7765538520625315,26584.177257803083,0.016700991531328591,0.054903081439500866,0.0074581170944791947,0.0067966614916881571,0.020275593660913895,0.0096735845679101762,0,0,0,12.8872,0.32300000000000001,4.4258246260741503,0.029949178228824071,0.029949178228824071
情景一阈值控制,2.8092191914985616,26584.17422410439,0.017262108664397955,0.056866015684833925,0.0077164692950293422,0.007047956603771428,0.021000501190654677,0.010019441483872174,0,0,0,12.8872,0.32300000000000001,4.4258241210136298,0.031019942674526853,0.031019942674526853
情景一阈值控制,2.8418845309345913,26584.171088480372,0.017842078028447176,0.058894900025378366,0.0079834123575408169,0.0073077838560681495,0.021749763953241151,0.010376918400143121,0,0,0,12.8872,0.32300000000000001,4.4258235989842341,0.03212668235338427,0.03212668235338427
情景一阈值控制,2.8745498703706209,26584.167847506593,0.018441533009165217,0.06099195021666217,0.0082592359350009796,0.0075764288862727675,0.02252420022257632,0.010746405719190772,0,0,0,12.8872,0.32300000000000001,4.4258230594158494,0.03327060594176709,0.03327060594176709
情景一阈值控制,2.9072152098066506,26584.164497643571,0.019061128271651392,0.063159456455703075,0.0085442393999299159,0.0078541869403555356,0.023324655763650379,0.011128306959614585,0,0,0,12.8872,0.32300000000000001,4.425822501719213,0.034452962723264965,0.034452962723264965
情景一阈值控制,2.9398805492426803,26584.161035232919,0.01970154047513225,0.065399785881315523,0.0088387321709667999,0.0081413631951560653,0.024152004755898848,0.011523039196684388,0,0,0,12.8872,0.32300000000000001,4.4258219252852617,0.035675043952583238,0.035675043952583238
情景一阈值控制,2.9725458886787104,26584.157456493329,0.020363469011822493,0.067715385158882549,0.0091430340504871626,0.0084382730918768929,0.025007150747753424,0.011931033517761241,0,0,0,12.8872,0.32300000000000001,4.4258213294844726,0.036938184265514665,0.036938184265514665
情景一阈值控制,3,26584.154355853992,0.020936967454390928,0.069721632894681668,0.0094066178076891611,0.0086955824897225614,0.02574805385933953,0.012284522003791244,0,0,0,12.8872,0.32300000000000001,4.4258208132794454,0.038032575863130774,0.038032575863130774
情景一阈值控制,3.0052112281147401,26584.153757516458,0.021047636771456307,0.070108783154932477,0.009457475573948472,0.0087452426811661134,0.025891027644357627,0.012352735493541387,0,0,0,12.8872,0.32300000000000001,4.4258207136661687,0.038243763137899012,0.038243763137899012
情景一阈值控制,3.0378765675507697,26584.149934262656,0.021754790931329995,0.072582593700964149,0.0097823983708913483,0.0090626089797174163,0.02680460072824168,0.012788605665025207,0,0,0,12.8872,0.32300000000000001,4.4258200771578178,0.039593206393266883,0.039593206393266883
情景一阈值控制,3.0705419069867999,26584.145982556547,0.022485703771691245,0.075139518445944853,0.010118155537521142,0.009390720338313301,0.027748867712744034,0.013239120046109788,0,0,0,12.8872,0.32300000000000001,4.4258194192642888,0.040987987758853824,0.040987987758853824
情景一阈值控制,3.1032072464228295,26584.141898082486,0.023241173516510488,0.077782349797604997,0.010465112020886116,0.0097299368213275735,0.02872485982822541,0.013704770641826899,0,0,0,12.8872,0.32300000000000001,4.425818739267096,0.042429630470052312,0.042429630470052312
情景一阈值控制,3.1358725858588592,26584.137676379836,0.024022025207293487,0.080513973979323819,0.010823645018151635,0.01008063060114449,0.029733642950970314,0.014186065986947433,0,0,0,12.8872,0.32300000000000001,4.4258180364236201,0.043919708937917745,0.043919708937917745
情景一阈值控制,3.1685379252948889,26584.133312838094,0.024829111605435574,0.083337374186865404,0.011194144388914525,0.010443186365463635,0.03077631876896304,0.014683531702178822,0,0,0,12.8872,0.32300000000000001,4.4258173099662876,0.045459850471141858,0.045459850471141858
情景一阈值控制,3.2012032647309185,26584.128802691863,0.025663314121629872,0.086255633839761245,0.011577013079877931,0.010818001736819219,0.031854025982616531,0.015197711067038613,0,0,0,12.8872,0.32300000000000001,4.4258165591017393,0.047051737049655144,0.047051737049655144
情景一阈值控制,3.2338686041669487,26584.124141015644,0.026525543777822642,0.089271939946555898,0.011972667564396394,0.011205487706793436,0.032967941547550575,0.01572916561279001,0,0,0,12.8872,0.32300000000000001,4.4258157830099609,0.048697107160340584,0.048697107160340584
情景一阈值控制,3.2665339436029783,26584.11932271847,0.027416742202426583,0.092389586586403116,0.012381538297216005,0.011606069085244943,0.034119281960337991,0.016278475735877655,0,0,0,12.8872,0.32300000000000001,4.4258149808433904,0.050397757696215642,0.050397757696215642
情景一阈值控制,3.299199283039008,26584.11434253832,0.028337882659684354,0.095611978510133741,0.012804070184817249,0.012020184964955365,0.035309304588371497,0.016846241332413584,0,0,0,12.8872,0.32300000000000001,4.4258141517259899,0.052155545920785085,0.052155545920785085
情景一阈值控制,3.3318646224750381,26584.109195036395,0.02928997111296101,0.098942634860021778,0.013240723071259437,0.01244828920159418,0.036539309043565636,0.017433082453577109,0,0,0,12.8872,0.32300000000000001,4.425813294752289,0.053972391497142745,0.053972391497142745
情景一阈值控制,3.3645299619110678,26584.103874591161,0.030274047321744622,0.10238519300747709,0.013691972239425889,0.012890850908902582,0.037810638599608627,0.018039639981792595,0,0,0,12.8872,0.32300000000000001,4.4258124089863946,0.055850278581401222,0.055850278581401222
情景一阈值控制,3.3971953013470975,26584.098375392256,0.031291185973655926,0.10594341251321533,0.014158308928264201,0.013348354969683654,0.039124681654444896,0.018666576328487006,0,0,0,12.8872,0.32300000000000001,4.4258114934609782,0.057791257982931901,0.057791257982931901
情景一阈值控制,3.4298606407831271,26584.092691434085,0.032342497863747939,0.10962117925286821,0.014640240871632721,0.013821302568142626,0.040482873253854398,0.019314576160997007,0,0,0,12.8872,0.32300000000000001,4.4258105471762095,0.059797449414851406,0.059797449414851406
情景一阈值控制,3.4625259802191568,26584.086816509294,0.033429131105701594,0.1134225096541818,0.015138292851719746,0.014310211736628794,0.041886696656241063,0.019984347149137178,0,0,0,12.8872,0.32300000000000001,4.4258095690986643,0.061871043805378237,0.061871043805378237
情景一阈值控制,3.4951913196551869,26584.080744201983,0.034552272384342095,0.11735155507877401,0.015653007271341633,0.014815617921033664,0.043337684950806789,0.020676620737238704,0,0,0,12.8872,0.32300000000000001,4.4258085581602042,0.064014305688045489,0.064014305688045489
情景一阈值控制,3.5278566590912166,26584.074467880724,0.03571314825076221,0.12141260635295127,0.016184944745707388,0.015338074565426123,0.044837422730772521,0.021392152942451306,0,0,0,12.8872,0.32300000000000001,4.4258075132568049,0.066229575673223823,0.066229575673223823
情景一阈值控制,3.5605219985272463,26584.067980691289,0.036913026462624413,0.12561009845658191,0.016734684714824907,0.015878153717085924,0.046387547824969476,0.022131725180893871,0,0,0,12.8872,0.32300000000000001,4.4258064332473515,0.068519273005863343,0.068519273005863343
情景一阈值控制,3.5931873379632764,26584.061275549171,0.038153217369898518,0.12994861537092522,0.017302826076666066,0.016436446652051653,0.047989753088132317,0.022896145121812032,0,0,0,12.8872,0.32300000000000001,4.4258053169523901,0.070885898209944342,0.070885898209944342
情景一阈值控制,3.6258526773993061,26584.054345131848,0.039435075345738667,0.13443289508438022,0.017889987840955364,0.01701356452104992,0.049645788249511789,0.023686247569560278,0,0,0,12.8872,0.32300000000000001,4.4258041631528444,0.073332035819072064,0.073332035819072064
情景一阈值控制,3.6585180168353357,26584.047181870803,0.040760000262203451,0.1390678347551198,0.018496809803446767,0.017610139015672516,0.051357461819424625,0.024502895373226224,0,0,0,12.8872,0.32300000000000001,4.4258029705886797,0.075860357192650857,0.075860357192650857
情景一阈值控制,3.6911833562713654,26584.039777943275,0.042129439016286838,0.14385849604973661,0.019123953243186918,0.018226823057269814,0.053126643060804529,0.025346980367267156,0,0,0,12.8872,0.32300000000000001,4.4258017379575376,0.078473623428071682,0.078473623428071682
情景一阈值控制,3.7238486957073951,26584.03212526366,0.04354488711833069,0.14881011070013028,0.019772101648279757,0.018864291514009656,0.054955264041348949,0.026219424350599284,0,0,0,12.8872,0.32300000000000001,4.4258004639132977,0.081174688391948233,0.081174688391948233
情景一阈值控制,3.7565140351434252,26584.024215474725,0.045007890319791105,0.15392808619807818,0.020441961459631293,0.019523241935707709,0.056845321736512223,0.027121180089946021,0,0,0,12.8872,0.32300000000000001,4.4257991470646205,0.083966501826458248,0.083966501826458248
情景一阈值控制,3.7891793745794549,26584.016039938488,0.046520046300514969,0.1592180116980039,0.021134262841883841,0.020204395315528183,0.058798880209385701,0.028053232359869416,0,0,0,12.8872,0.32300000000000001,4.4257977859734243,0.086852112569255124,0.086852112569255124
情景一阈值控制,3.8218447140154845,26584.007589726752,0.048083006412749221,0.16468566411822777,0.021849760480270718,0.020908496877301713,0.060818072863876881,0.029016599017772888,0,0,0,12.8872,0.32300000000000001,4.4257963791533141,0.089834671881649772,0.089834671881649772
情景一阈值控制,3.8545100534515147,26583.998855611408,0.049698477485916645,0.17033701445481178,0.022589234405234384,0.021636316890281785,0.062905104776399143,0.030012332116361787,0,0,0,12.8872,0.32300000000000001,4.4257949250679607,0.092917436892760927,0.092917436892760927
情景一阈值控制,3.8871753928875443,26583.989828054284,0.051368223691854453,0.17617823430693785,0.023353490844669263,0.022388651511203343,0.065062255105680353,0.031041519053374829,0,0,0,12.8872,0.32300000000000001,4.4257934221294182,0.096103774159055189,0.096103774159055189
情景一阈值控制,3.919840732323574,26583.980497196804,0.053094068470119049,0.182215702612433,0.024143363103608005,0.023166323653465243,0.067291879580178321,0.032105283758342096,0,0,0,12.8872,0.32300000000000001,4.425791868696396,0.099397163338520417,0.099397163338520417
情景一阈值控制,3.9525060717596037,26583.970852849179,0.054877896513089032,0.18845601259250533,0.024959712471228697,0.023970183883316246,0.069596413062757351,0.033204787916204757,0,0,0,12.8872,0.32300000000000001,4.4257902630724644,0.10280120097896212,0.10280120097896212
情景一阈值控制,3.9851714111956333,26583.960884479344,0.056721655826309926,0.19490597895971806,0.025803429162239169,0.024801111350016395,0.071978372212577968,0.034341232237315639,0,0,0,12.8872,0.32300000000000001,4.4257886035042073,0.10631960444989361,0.10631960444989361
情景一阈值控制,4,26583.956249432194,0.057578958554530837,0.19790505490592919,0.026195717314501658,0.025187491669689244,0.073085924715083767,0.034869650934966107,0,0,0,12.8872,0.32300000000000001,4.4257878318457271,0.10795557565004987,0.10795557565004987
情景一阈值控制,4.0178367506316635,26583.950581201359,0.058627359861401655,0.20157264537983144,0.026675433291414297,0.025660014748765437,0.074440358240739746,0.035515857772169777,0,0,0,12.8872,0.32300000000000001,4.4257868881792986,0.10995621601290953,0.10995621601290953
情景一阈值控制,4.0505020900676936,26583.939931763602,0.060597089708977411,0.20846329214360537,0.027576675875551574,0.026547833310733533,0.07698505974346187,0.036729947263128782,0,0,0,12.8872,0.32300000000000001,4.425785115224528,0.11371500700659065,0.11371500700659065
情景一阈值控制,4.0831674295037228,26583.92892453646,0.062632996369578212,0.21558544411154948,0.02850813987107105,0.027465537828322267,0.079615255636062879,0.037984826544236794,0,0,0,12.8872,0.32300000000000001,4.42578328270376,0.11760008218029967,0.11760008218029967
情景一阈值控制,4.1158327689397529,26583.917547499645,0.064737303102519989,0.22294687893126064,0.029470841247212529,0.028414131715610403,0.082333818187606309,0.039281865989064753,0,0,0,12.8872,0.32300000000000001,4.4257813886158131,0.12161568417667107,0.12161568417667107
情景一阈值控制,4.1484981083757821,26583.905788229044,0.066912307855739928,0.23055563553814884,0.030465830096240223,0.029394652105378682,0.085143716160201083,0.040622482008485894,0,0,0,12.8872,0.32300000000000001,4.4257794308922804,0.12576619816868698,0.12576619816868698
情景一阈值控制,4.1811634478118123,26583.893633883163,0.069160385776112124,0.23842002293769937,0.03149419178041267,0.030408170982475814,0.088048018052272553,0.042008138598056181,0,0,0,12.8872,0.32300000000000001,4.425777407395266,0.13005615665032874,0.13005615665032874
情景一阈值控制,4.2138287872478424,26583.881071189106,0.071483991799699262,0.24654862926740806,0.032557048115474344,0.031455796353286214,0.091049895445116436,0.04344034893467151,0,0,0,12.8872,0.32300000000000001,4.4257753159150521,0.13449024437978796,0.13449024437978796
情景一阈值控制,4.2464941266838716,26583.86808642813,0.073885663323310535,0.2549503311431851,0.033655558591294821,0.032538673451919138,0.094152626454506227,0.0449206770233464,0,0,0,12.8872,0.32300000000000001,4.4257731541676977,0.13907330347785263,0.13907330347785263
情景一阈值控制,4.2791594661199017,26583.854665420626,0.076368022985691342,0.26363430338932115,0.034790921642597394,0.033657985995906664,0.097359599323949414,0.046450739411574099,0,0,0,12.8872,0.32300000000000001,4.4257709197925292,0.14381033873552351,0.14381033873552351
情景一阈值控制,4.311824805555931,26583.840793510622,0.078933781530105426,0.27261002905322979,0.035964375956874586,0.034814957478665198,0.10067431612311094,0.048032206953862386,0,0,0,12.8872,0.32300000000000001,4.4257686103495733,0.14870652307697332,0.14870652307697332
情景一阈值控制,4.3444901449919611,26583.826455549806,0.081585740759415493,0.28188730974381887,0.037177201824564764,0.036010852503735077,0.10410039656575241,0.049666806633291032,0,0,0,12.8872,0.32300000000000001,4.4257662233168871,0.15376720319904344,0.15376720319904344
情景一阈值控制,4.3771554844279912,26583.811635881022,0.084326796592870984,0.29147627632571238,0.038430722535697306,0.037246978164957055,0.10764158195908578,0.051356323445767675,0,0,0,12.8872,0.32300000000000001,4.4257637560878118,0.15899790540485345,0.15899790540485345
情景一阈值控制,4.4098208238640204,26583.796318321125,0.087159942229204881,0.30138739998542108,0.039726305825108763,0.038524685474664457,0.11130173929048728,0.053102602349818916,0,0,0,12.8872,0.32300000000000001,4.4257612059681239,0.16440434164030621,0.16440434164030621
情景一阈值控制,4.4424861633000505,26583.780486143343,0.090088271417535837,0.31163150367470299,0.04106536536691368,0.039845370840568738,0.11508486545350649,0.05490755028283989,0,0,0,12.8872,0.32300000000000001,4.4257585701730928,0.16999241573634638,0.16999241573634638
情景一阈值控制,4.4751515027360806,26583.764122058968,0.093114981835364624,0.32221977392862766,0.042449362317904978,0.041210477591019548,0.11899509161225288,0.056773138243364392,0,0,0,12.8872,0.32300000000000001,4.4257558458244368,0.17576822985561727,0.17576822985561727
情景一阈值控制,4.5078168421721099,26583.747208198554,0.096243378572954591,0.33316377305586603,0.043879806909559463,0.042621497548321084,0.12303668770324454,0.058701403438918748,0,0,0,12.8872,0.32300000000000001,4.4257530299471872,0.18173809114216327,0.18173809114216327
情景一阈值控制,4.54048218160814,26583.729726092435,0.099476877731874497,0.34447545172841826,0.045358260092202153,0.044079972653617926,0.12721406708476837,0.060694451504254343,0,0,0,12.8872,0.32300000000000001,4.4257501194664517,0.18790851858902272,0.18790851858902272
情景一阈值控制,4.5731475210441701,26583.711656650459,0.10281901017446665,0.3561671620993947,0.046886335248126305,0.045587496659948108,0.13153179138124943,0.062754458812619748,0,0,0,12.8872,0.32300000000000001,4.4257471112040365,0.19428625019386919,0.19428625019386919
情景一阈值控制,4.6058128604801993,26583.692980141204,0.10627342536786484,0.36825167125163488,0.048465699947911133,0.047145716868018168,0.13599457544979773,0.064883674845324493,0,0,0,12.8872,0.32300000000000001,4.4257440018749872,0.20087825029512224,0.20087825029512224
情景一阈值控制,4.6384781999162294,26583.673676170456,0.10984389536517522,0.38074217512624364,0.050098077769406966,0.048756335923938937,0.1406072925239879,0.067084424645861285,0,0,0,12.8872,0.32300000000000001,4.4257407880840063,0.20769171716984919,0.20769171716984919
情景一阈值控制,4.6711435393522587,26583.653723658947,0.11353431892076837,0.39365231292037528,0.051785250177993458,0.05042111367754748,0.14537497953093048,0.069359111356706887,0,0,0,12.8872,0.32300000000000001,4.4257374663217437,0.21473409088763737,0.21473409088763737
情景一阈值控制,4.7038088787882888,26583.63310081933,0.11734872574915622,0.40699618198741078,0.053529058472439058,0.05214186910559488,0.15030284259387683,0.071710218844641391,0,0,0,12.8872,0.32300000000000001,4.4257340329609685,0.22201306143851823,0.22201306143851823
情景一阈值控制,4.7364742182243189,26583.61178513238,0.12129128092733797,0.42078835323913311,0.055331405796308901,0.053920482299751743,0.15539626272020998,0.074140314414516725,0,0,0,12.8872,0.32300000000000001,4.4257304842526031,0.22953657713472669,0.22953657713472669
情景一阈值控制,4.7691395576603481,26583.589753322423,0.12536628943966752,0.43504388704658919,0.057194259214487744,0.055758896519007166,0.16066080167360011,0.076652051610890448,0,0,0,12.8872,0.32300000000000001,4.4257268163216335,0.23731285328449056,0.23731285328449056
情景一阈值控制,4.8018048970963783,26583.566981331984,0.12957820086428967,0.44977834963631635,0.0591196518543829,0.057659120306035677,0.16610220802909662,0.079248173106939754,0,0,0,12.8872,0.32300000000000001,4.4257230251628892,0.24535038113603636,0.24535038113603636
情景一阈值控制,4.8344702365324075,26583.543444295541,0.13393161422701705,0.46500783007244506,0.061109685123627432,0.059623229679214601,0.17172642344458372,0.081931513696603467,0,0,0,12.8872,0.32300000000000001,4.4257191066366737,0.25365793714118717,0.25365793714118717
情景一阈值控制,4.8671355759684376,26583.519116512278,0.13843128304307512,0.48074895789615285,0.063166531013616772,0.061653370409518404,0.17753958917499349,0.084705003402544901,0,0,0,12.8872,0.32300000000000001,4.4257150564642265,0.2622445925775384,0.2622445925775384
情景一阈值控制,4.8998009154044677,26583.49397141812,0.14308212048843053,0.49701892121857466,0.065292434462248639,0.063751760355984552,0.18354805275398048,0.087571670664011364,0,0,0,12.8872,0.32300000000000001,4.4257108702230692,0.27111972341799184,0.27111972341799184
情景一阈值控制,4.9324662548404969,26583.467981556721,0.14788920475954995,0.51383548547305025,0.067489715802752787,0.06592069188632077,0.18975837491908723,0.090534645640864372,0,0,0,12.8872,0.32300000000000001,4.4257065433421774,0.28029302055995159,0.28029302055995159
情景一阈值控制,4.9651315942765271,26583.441118549552,0.15285778461440616,0.53121701280158529,0.069760773295328649,0.068162534379416329,0.19617733677112445,0.093597163629354801,0,0,0,12.8872,0.32300000000000001,4.4257020710969952,0.28977450040047925,0.28977450040047925
情景一阈值控制,4.9977969337125572,26583.413353064861,0.15799328510565191,0.54918248211374365,0.072108085746580078,0.070479736814693397,0.20281194718187762,0.096762568596375886,0,0,0,12.8872,0.32300000000000001,4.4256974486042733,0.2995745157782535,0.2995745157782535
情景一阈值控制,5,26583.411447230239,0.15834578797584078,0.55041563953224815,0.072269204764306247,0.070638792130728809,0.20326734964895207,0.096979843333251881,0,0,0,12.8872,0.32300000000000001,4.4256971313144167,0.30024719298220393,0.30024719298220393
情景一阈值控制,5.0304622731485864,26583.384654785659,0.16330131350469576,0.56775150981355216,0.074534215216168528,0.07287483044773406,0.20966945044851024,0.10003431683141625,0,0,0,12.8872,0.32300000000000001,4.4256926708167352,0.30970376727992649,0.30970376727992649
情景一阈值控制,5.0631276125846165,26583.354992376655,0.16878766541540713,0.58694437118998077,0.077041809810103043,0.075350431571615556,0.21675733419302326,0.10341598071543059,0,0,0,12.8872,0.32300000000000001,4.4256877325175736,0.32017331490845385,0.32017331490845385
情景一阈值控制,5.0957929520206466,26583.324333450168,0.17445833107780634,0.60678202247225199,0.079633606560829129,0.077909244364121125,0.22408333750723539,0.10691125260684939,0,0,0,12.8872,0.32300000000000001,4.4256826283147799,0.33099459011408477,0.33099459011408477
情景一阈值控制,5.1284582914566759,26583.292644530695,0.18031950192060164,0.62728612375591686,0.082312434421010425,0.080554063847406265,0.2316554594193346,0.11052394888101193,0,0,0,12.8872,0.32300000000000001,4.4256773526352351,0.34217940830034654,0.34217940830034654
情景一阈值控制,5.161123630892706,26583.259891018344,0.18637757732591276,0.64847906267145816,0.085081217354252142,0.083287778943580151,0.23948196763464455,0.11425801410042864,0,0,0,12.8872,0.32300000000000001,4.4256718997186315,0.35373998173507321,0.35373998173507321
情景一阈值控制,5.1937889703287352,26583.22603715114,0.19263917159703389,0.6703839787634418,0.087942977518587512,0.086113375622081781,0.24757140753879422,0.1181175253102371,0,0,0,12.8872,0.32300000000000001,4.4256662636111939,0.36568893284903131,0.36568893284903131
情景一阈值控制,5.2264543097647653,26583.191045966028,0.1991111211699271,0.69302478872258044,0.09090083856131749,0.089033940157229874,0.25593261151586638,0.12210669648393623,0,0,0,12.8872,0.32300000000000001,4.4256604381591869,0.37803930799980262,0.37803930799980262
情景一阈值控制,5.2591196492007954,26583.154879258553,0.20580049207375301,0.71642621248929639,0.09395802902762887,0.092052662498352075,0.26457470858838905,0.12622988312267308,0,0,0,12.8872,0.32300000000000001,4.4256544170022023,0.39080459171106213,0.39080459171106213
情景一阈值控制,5.2917849886368247,26583.117497541101,0.21271458764703771,0.74061380025188495,0.097117885886004798,0.095172839755483615,0.2735071343877013,0.13049158701215291,0,0,0,12.8872,0.32300000000000001,4.4256481935662064,0.40399872139985421,0.40399872139985421
情景一阈值控制,5.3244503280728548,26583.07885999983,0.21986095650777349,0.76561396033335094,0.10038385816964976,0.098397879799880086,0.28273964145250352,0.13489646113612797,0,0,0,12.8872,0.32300000000000001,4.4256417610563723,0.41763610258863149,0.41763610258863149
情景一阈值控制,5.357115667508884,26583.038924450193,0.22724740077575223,0.79145398796098199,0.10375951073315111,0.10173130497858844,0.29228230985340115,0.13944931474541883,0,0,0,12.8872,0.32300000000000001,4.4256351124496716,0.43173162459881997,0.43173162459881997
情景一阈值控制,5.3897810069449141,26582.997647291057,0.23488198455657025,0.81816209495170678,0.10724852812868915,0.10517675594734988,0.30214555815564564,0.1441551185882918,0,0,0,12.8872,0.32300000000000001,4.4256282404872396,0.44630067674393747,0.44630067674393747
情景一阈值控制,5.4224463463809442,26582.954983456915,0.24277304277998665,0.84576744063750087,0.11085471864414174,0.1087379956636902,0.31234015483982236,0.14901901035932441,0,0,0,12.8872,0.32300000000000001,4.4256211376664174,0.46135916519914677,0.46135916519914677
情景一阈值控制,5.4551116858169735,26582.910886368798,0.25092919027707727,0.87430016362659768,0.11458201845028397,0.11241891348804602,0.32287723003119995,0.15404630029553557,0,0,0,12.8872,0.32300000000000001,4.425613796232577,0.47692353032673551,0.47692353032673551
情景一阈值控制,5.4877770252530036,26582.865307883516,0.25935933116593241,0.90379141464454804,0.11843449588895071,0.11622352942443058,0.33376828762786465,0.15924247696277735,0,0,0,12.8872,0.32300000000000001,4.4256062081706773,0.49301076459064197,0.49301076459064197
情景一阈值控制,5.5204423646890337,26582.818198241181,0.26807266855628331,0.93427339049148361,0.12241635590690614,0.12015599850534565,0.3450252178410676,0.16461321323879585,0,0,0,12.8872,0.32300000000000001,4.4255983651965218,0.5096384310798634,0.5096384310798634
情景一阈值控制,5.5531077041250629,26582.769506010893,0.27707871459199324,0.9657793691818618,0.12653194464407064,0.12422061532950446,0.35666031017225908,0.17016437250463759,0,0,0,12.8872,0.32300000000000001,4.4255902587477189,0.52682468267689664,0.52682468267689664
情景一阈值控制,5.5857730435610931,26582.7191780346,0.28638730083345204,0.99834374627386568,0.13078575417703664,0.1284218187533093,0.36868626682946049,0.17590201504566574,0,0,0,12.8872,0.32300000000000001,4.4255818799743345,0.5445882818751262,0.5445882818751262
情景一阈值控制,5.6184383829971232,26582.667159369132,0.2960085889775993,1.0320020723805365,0.13518242741683253,0.13276419673507833,0.38111621658004763,0.18183240466079079,0,0,0,12.8872,0.32300000000000001,4.425573219729241,0.56294862124083844,0.56294862124083844
情景一阈值控制,5.6511037224331524,26582.61339322638,0.30595308191330794,1.0667910918547467,0.13972676315989768,0.13725249133102002,0.39396372903702997,0.1879620154785239,0,0,0,12.8872,0.32300000000000001,4.4255642685581629,0.5819257445155539,0.5819257445155539
情景一阈值控制,5.6837690618691825,26582.55782091153,0.31623163515169433,1.1027487827864673,0.14442372131034545,0.14189160386084035,0.40724282942995904,0.19429753900424926,0,0,0,12.8872,0.32300000000000001,4.4255550166893833,0.60154036843420833,0.60154036843420833
情景一阈值控制,5.7164344013052117,26582.500381758677,0.32685546872424193,1.1399143986373432,0.14927842831595256,0.14668660028494701,0.42096801398048994,0.20084589145597967,0,0,0,12.8872,0.32300000000000001,4.4255454540230375,0.62181390543646964,0.62181390543646964
情景一阈值控制,5.7490997407412419,26582.441013064908,0.33783617937442301,1.1783285109027912,0.15429618273822948,0.15164271671458002,0.43515426565740556,0.20761422128115509,0,0,0,12.8872,0.32300000000000001,4.4255355701201289,0.64276848693856059,0.64276848693856059
情景一阈值控制,5.781765080177272,26582.379650021965,0.34918575319390383,1.2180330533302415,0.15948246102560171,0.1567653651231114,0.4498170705063208,0.21460991694762421,0,0,0,12.8872,0.32300000000000001,4.4255253541911594,0.66442698745394502,0.66442698745394502
情景一阈值控制,5.8144304196133012,26582.316225645605,0.36091657868254184,1.259071367620834,0.16484292348020035,0.16206013924915585,0.46497243452722414,0.22184061499600199,0,0,0,12.8872,0.32300000000000001,4.4255147950843625,0.68681304952322608,0.68681304952322608
情景一阈值控制,5.8470957590493313,26582.25067070252,0.37304146026230495,1.3014882507200398,0.17038342043202753,0.1675328207051299,0.48063690113880531,0.2293142083719853,0,0,0,12.8872,0.32300000000000001,4.4255038812735394,0.70995110951079066,0.70995110951079066
情景一阈值控制,5.8797610984853605,26582.182913634795,0.38557363224286534,1.3453300036894118,0.17610999861946808,0.17318938529028455,0.49682756922669163,0.23703885503725455,0,0,0,12.8872,0.32300000000000001,4.4254926008454856,0.73386642426394622,0.73386642426394622
情景一阈值控制,5.9124264379213907,26582.112880481971,0.3985267732358353,1.3906444821489321,0.18202890777476041,0.17903600950688162,0.51356211177170141,0.24502298685710419,0,0,0,12.8872,0.32300000000000001,4.4254809414870104,0.75858509862880563,0.75858509862880563
情景一阈值控制,5.9450917773574208,26582.040494800647,0.41191502101553812,1.4374811482826446,0.18814660741346245,0.18507907727860179,0.53085879505541611,0.25327531876351461,0,0,0,12.8872,0.32300000000000001,4.4254688904715564,0.78413411381893072,0.78413411381893072
情景一阈值控制,5.97775711679345,26581.965677581087,0.42575298794077449,1.485891124808091,0.19446977388020714,0.1913251869229044,0.54873649859098017,0.26180485826423422,0,0,0,12.8872,0.32300000000000001,4.4254564346453114,0.81054135685521445,0.81054135685521445
情景一阈值控制,6,26581.913298898617,0.43544078406110959,1.5197823974832925,0.19889653040113037,0.19569804407976021,0.56125247502430331,0.26777629162902505,0,0,0,12.8872,0.32300000000000001,4.4254477144633579,0.82902876665332836,0.82902876665332836
情景一阈值控制,6.0104224562294801,26581.888347160868,0.44005577691870068,1.5359272508435775,0.20100530764211794,0.19778115836886773,0.56721473575476689,0.27062091528624771,0,0,0,12.8872,0.32300000000000001,4.4254435604128366,0.83783565104101454,0.83783565104101454
情景一阈值控制,6.0430877956655102,26581.808419136116,0.45483899781627252,1.5876441393425902,0.20776034078668473,0.20445404057786823,0.58631367499678799,0.27973311229536568,0,0,0,12.8872,0.32300000000000001,4.4254302537222889,0.86604678729215367,0.86604678729215367
情景一阈值控制,6.0757531351015395,26581.725806269606,0.47011878445396943,1.6410982365667548,0.21474224478564805,0.21135111922798247,0.60605416180393412,0.28915139477499374,0,0,0,12.8872,0.32300000000000001,4.4254165000501136,0.89520555657892786,0.89520555657892786
情景一阈值控制,6.1084184745375696,26581.64041839568,0.48591181218053731,1.6963478835930241,0.2219586385243135,0.21847992466159236,0.6264577414144511,0.2988860420633202,0,0,0,12.8872,0.32300000000000001,4.4254022843852274,0.92534378347777135,0.92534378347777135
情景一阈值控制,6.1410838139735997,26581.552162321939,0.50223531605152372,1.753453379934873,0.22941739660669869,0.22584824010654214,0.64754668231311452,0.30894767856297789,0,0,0,12.8872,0.32300000000000001,4.4253875912126395,0.95649436087609241,0.95649436087609241
情景一阈值控制,6.1737491534096289,26581.460941727666,0.51910710960753648,1.8124770492634066,0.23712665793465135,0.233464110169081,0.66934400050189813,0.31934728532069884,0,0,0,12.8872,0.32300000000000001,4.4253724044965477,0.98869128582259691,0.98869128582259691
情景一阈值控制,6.206414492845659,26581.366657059021,0.53654560424815423,1.8734833072142361,0.24509483455907527,0.24133584959682194,0.69187348454091202,0.33009621197446765,0,0,0,12.8872,0.32300000000000001,4.4253567076628899,1.0219696965153797,1.0219696965153797
情景一阈值控制,6.2390798322816883,26581.26920542098,0.5545698292129273,1.9365387313202882,0.25333062080848773,0.2494720523169526,0.71515972137444406,0.34120618907525174,0,0,0,12.8872,0.32300000000000001,4.4253404835813495,1.0563659104496959,1.0563659104496959
情景一阈值控制,6.2717451717177184,26581.168480464814,0.57319945238040992,2.0017121338086641,0.26184300279128259,0.25788160084502543,0.73922812321468723,0.35268934091335891,0,0,0,12.8872,0.32300000000000001,4.4253237145466295,1.0919174641280462,1.0919174641280462
情景一阈值控制,6.3044105111537485,26581.064372272333,0.59245480166747999,2.0690746364999231,0.27064126817220968,0.26657367596610193,0.76410495520189026,0.36455819871522976,0,0,0,12.8872,0.32300000000000001,4.4253063822591709,1.1286631539171199,1.1286631539171199
情景一阈值控制,6.3370758505897777,26580.956767236381,0.61235688712284342,2.1386997481384631,0.27973501626596886,0.27555776673073817,0.78981736396230529,0.37682571426857397,0,0,0,12.8872,0.32300000000000001,4.4252884678052693,1.1666430782308792,1.1666430782308792
情景一阈值控制,6.3697411900258079,26580.845547937221,0.63292742377664324,2.2106634443707969,0.28913416847620454,0.28484368079387234,0.81639340714399933,0.38950527401404988,0,0,0,12.8872,0.32300000000000001,4.4252699516364844,1.2058986811580492,1.2058986811580492
情景一阈值控制,6.4024065294618371,26580.730593014658,0.65418885528130954,2.285044250494825,0.29884897909595093,0.29444155511257458,0.84386208397598816,0.40261071362517603,0,0,0,12.8872,0.32300000000000001,4.4252508135483559,1.2464727976011643,1.2464727976011643
情景一阈值控制,6.4350718688978672,26580.611777035792,0.67616437835333754,2.3619233270142099,0.30889004647394919,0.30436186700715745,0.87225336686328836,0.41615633308248479,0,0,0,12.8872,0.32300000000000001,4.4252310326583881,1.288409699945773,1.288409699945773
情景一阈值控制,6.4677372083338973,26580.488970358525,0.69887796801051072,2.4413845579788891,0.31926832454432746,0.31461544558329485,0.90159823401088557,0.43015691223857616,0,0,0,12.8872,0.32300000000000001,4.4252105873833196,1.3317551462494617,1.3317551462494617
情景一阈值控制,6.5004025477699265,26580.362038990719,0.72235440359911662,2.5235146420928691,0.32999513471714603,0.32521348351281154,0.93192870306965259,0.44462772687075003,0,0,0,12.8872,0.32300000000000001,4.4251894554156834,1.3765564299404027,1.3765564299404027
情景一阈值控制,6.5330678872059567,26580.230844444766,0.74661929567970797,2.608403186829368,0.34108217816112585,0.33616754920422637,0.96327786589287501,0.4595845652635136,0,0,0,12.8872,0.32300000000000001,4.425167613699589,1.4228624311563887,1.4228624311563887
情景一阈值控制,6.5657332266419868,26580.0952435861,0.7716991140254329,2.6961428064423076,0.35254154859461317,0.34748959947792096,0.99567992473169309,0.47504374547760247,0,0,0,12.8872,0.32300000000000001,4.4251450384055042,1.4707236702092956,1.4707236702092956
情景一阈值控制,6.598398566078016,26579.955088477949,0.79762121631738891,2.7868292224206073,0.36438574539491803,0.35919199255843354,1.029170229332661,0.49102213304940834,0,0,0,12.8872,0.32300000000000001,4.4251217049044094,1.5201923623820695,1.5201923623820695
情景一阈值控制,6.6310639055140461,26579.810226220518,0.82441387786820175,2.8805613675443253,0.3766276871773413,0.37128750153362172,1.0637853153654642,0.50753715932502941,0,0,0,12.8872,0.32300000000000001,4.4250975877410275,1.5713224746904935,1.5713224746904935
情景一阈值控制,6.6637292449500762,26579.660498784782,0.85210632234012729,2.9774414934250353,0.38928072582848494,0.38378932826563816,1.0995629441373573,0.52460684040822203,0,0,0,12.8872,0.32300000000000001,4.4250726606061432,1.6241697845455794,1.6241697845455794
情景一阈值控制,6.6963945843861055,26579.505742840527,0.8807287535273326,3.0775752817744766,0.40235866102566542,0.39671111778536727,1.136542143684443,0.5422497967652512,0,0,0,12.8872,0.32300000000000001,4.4250468963079861,1.678791940449694,1.678791940449694
情景一阈值控制,6.7290599238221356,26579.345789578641,0.91031238819919347,3.1810719593907919,0.41587575524097481,0.41006697316911334,1.1747632512358532,0.5604852734847573,0,0,0,12.8872,0.32300000000000001,4.4250202667426404,1.7352485247206104,1.7352485247206104
情景一阈值控制,6.7617252632581648,26579.180464527686,0.9408894899972341,3.288044416836962,0.42984674922661381,0.42387147089443195,1.2142679570414447,0.57933316118816369,0,0,0,12.8872,0.32300000000000001,4.4249927428635019,1.7936011182296085,1.7936011182296085
情景一阈值控制,6.7943906026941949,26579.009587364824,0.97249340437908294,3.3986093307886152,0.44428687797845956,0.43813967667233084,1.2550993495545935,0.59881401758660835,0,0,0,12.8872,0.32300000000000001,4.4249642946498104,1.8539133671412018,1.8539133671412018
情景一阈值控制,6.827055942130225,26578.832971719767,1.0051585948457471,3.5128872908784112,0.45921188728582296,0.45288716186280026,1.2973019622755579,0.61894908983014085,0,0,0,12.8872,0.32300000000000001,4.4249348910740052,1.9162510521056988,1.9162510521056988
情景一阈值控制,6.8597212815662543,26578.650424971645,1.0389206804825968,3.6310029311438345,0.4746380508812697,0.46813002048769908,1.3409218222948789,0.63976033766801488,0,0,0,12.8872,0.32300000000000001,4.4249045000679033,1.9806821599628939,1.9806821599628939
情景一阈值控制,6.8923866210022844,26578.461748040318,1.073816474517965,3.7530850650429222,0.49058218805521425,0.48388488670752217,1.386006500154404,0.66127045723762579,0,0,0,12.8872,0.32300000000000001,4.4248730884879643,2.0472769573920298,2.0472769573920298
情景一阈值控制,6.9250519604383136,26578.266735170291,1.1098840242529533,3.8792668252756055,0.5070616818968231,0.50016895292208663,1.4326051614830204,0.68350290570017103,0,0,0,12.8872,0.32300000000000001,4.4248406220793113,2.1161080671831916,2.1161080671831916
情景一阈值控制,6.9577172998743437,26578.065173707313,1.1471626523437104,4.0096858083456652,0.52409449815265985,0.51699998848695794,1.4807686203830821,0.70648192671157417,0,0,0,12.8872,0.32300000000000001,4.4248070654385367,2.1872505470946564,2.1872505470946564
情景一阈值控制,6.9903826393103738,26577.856843867263,1.1856929994969208,4.1444842240764102,0.54169920473080435,0.53439635907341321,1.5305493946462394,0.73023257676622666,0,0,0,12.8872,0.32300000000000001,4.4247723819752309,2.2607819714124662,2.2607819714124662
情景一阈值控制,7,26577.794184554412,1.1972817449310247,4.1850275091906468,0.54699415478185254,0.5396286913235403,1.5455219454230236,0.73737605372472192,0,0,0,12.8872,0.32300000000000001,4.4247619502388194,2.2828979991477456,2.2828979991477456
情景一阈值控制,7.0230479787464031,26577.641518497512,1.2255170685685475,4.2838090500459662,0.55989499184588754,0.5523770466678406,1.5820017627860696,0.75478075240753417,0,0,0,12.8872,0.32300000000000001,4.424736533872248,2.3367825151936037,2.3367825151936037
情景一阈值控制,7.0557133181824332,26577.41896283067,1.2666782700558614,4.4278121909079653,0.57870169280046801,0.57096167020645661,1.6351818228748753,0.78015321829923912,0,0,0,12.8872,0.32300000000000001,4.4246994820447103,2.4153350411741146,2.4153350411741146
情景一阈值控制,7.0883786576184633,26577.1889342307,1.3092214690034836,4.5766506426708693,0.5981398054122079,0.59017050685510308,1.6901475532116972,0.80637763617042602,0,0,0,12.8872,0.32300000000000001,4.4246611860977429,2.4965251893821234,2.4965251893821234
情景一阈值控制,7.1210439970544925,26576.951181928769,1.3531930338019666,4.7304866636110168,0.61823051430546028,0.61002451415073689,1.7469588754401459,0.83348259492934618,0,0,0,12.8872,0.32300000000000001,4.4246216042824926,2.5804414703694922,2.5804414703694922
情景一阈值控制,7.1537093364905227,26576.70544675137,1.3986408864161601,4.8894879502011843,0.63899571385582343,0.63054535279609036,1.8056777195184552,0.86149764166094722,0,0,0,12.8872,0.32300000000000001,4.4245806934508698,2.6671753611794022,2.6671753611794022
情景一阈值控制,7.1863746759265528,26576.451460839733,1.4456145542121712,5.0538278186461865,0.66045803186477037,0.65175541018425232,1.8663680907601974,0.89045331361232505,0,0,0,12.8872,0.32300000000000001,4.4245384090088304,2.7568214043725225,2.7568214043725225
情景一阈值控制,7.219040015362582,26576.188947359704,1.4941652235510734,5.2236853926148639,0.68264085404115826,0.67367782472970261,1.9290961391633188,0.92038117126994445,0,0,0,12.8872,0.32300000000000001,4.4244947048680814,2.8494773104332634,2.8494773104332634
情景一阈值控制,7.2517053547986121,26575.917620201624,1.5443457952236856,5.3992457974294501,0.70556834932355217,0.69633651103990912,1.9939302311238676,0.95131383257460822,0,0,0,12.8872,0.32300000000000001,4.4244495333961078,2.9452440636984756,2.9452440636984756
情景一阈值控制,7.2843706942346413,26575.637183670096,1.5962109417508994,5.5807003607991739,0.72926549605452307,0.7197561859392243,2.0609410235664951,0.98328500828948051,0,0,0,12.8872,0.32300000000000001,4.4244028453645292,3.0442260318559757,3.0442260318559757
情景一阈值控制,7.3170360336706715,26575.34733216371,1.6498171665360009,5.7682468200518695,0.75375810900069928,0.74396239533965003,2.1302015404746579,1.0163295385130207,0,0,0,12.8872,0.32300000000000001,4.4243545898957812,3.1465310789876786,3.1465310789876786
情景一阈值控制,7.3497013731067016,26575.047749844798,1.7052228648553509,5.9620895358171326,0.7790728672123175,0.76898154195300272,2.201787251803363,1.0504834303286361,0,0,0,12.8872,0.32300000000000001,4.4243047144081284,3.2522706821319991,3.2522706821319991
情景一阈值控制,7.3823667125427308,26574.738110298375,1.7624883868442567,6.1624397127109969,0.80523734279389603,0.79484091391604228,2.2757761549775588,1.0857838966879643,0,0,0,12.8872,0.32300000000000001,4.4242531645588894,3.3615600516655233,3.3615600516655233
情景一阈值控制,7.4150320519787609,26574.418076177069,1.8216761030609341,6.3695156290633523,0.83228003085231306,0.82156871459284342,2.3522488597299924,1.1222693968874267,0,0,0,12.8872,0.32300000000000001,4.424199884185323,3.4745182566174191,3.4745182566174191
情景一阈值控制,7.4476973914147901,26574.08729883729,1.8828504716773111,6.5835428723610541,0.86023038018765385,0.84919409312541871,2.431288675049859,1.1599796780518532,0,0,0,12.8872,0.32300000000000001,4.4241448152440528,3.5912683531017122,3.5912683531017122
情景一阈值控制,7.4803627308508203,26573.745417962382,1.9460781080527327,6.8047545830539997,0.8891188250722134,0.87774717607521913,2.5129816992198806,1.1989558180916127,0,0,0,12.8872,0.32300000000000001,4.42408789774833,3.711937517311493,3.711937517311493
情景一阈值控制,7.5130280702868504,26573.392061173352,2.0114278566156911,7.0333917064638234,0.91897681808341258,0.90725910012259658,2.5974169128456599,1.2392402700873686,0,0,0,12.8872,0.32300000000000001,4.4240290697032298,3.8366571829330285,3.8366571829330285
情景一阈值控制,7.5456934097228796,26573.026843626121,2.0789708652110623,7.2697032533480677,0.94983686406253398,0.93776204589644718,2.6846862750814879,1.2808769081998834,0,0,0,12.8872,0.32300000000000001,4.4239682670385951,3.9655631832813714,3.9655631832813714
情景一阈值控制,7.5783587491589097,26572.649367595517,2.1487806619036189,7.5139465690897538,0.98173255519501712,0.96928927293108613,2.7748848230414902,1.3239110750995595,0,0,0,12.8872,0.32300000000000001,4.4239054235397797,4.0987958981410495,4.0987958981410495
情景一阈值控制,7.6110240885949398,26572.259222046021,2.2209332342191144,7.7663876114489891,1.0146986072037201,1.0018751557431194,2.8681107743727194,1.368389630904562,0,0,0,12.8872,0.32300000000000001,4.423840470776188,4.2365004052772814,4.2365004052772814
情景一阈值控制,7.6436894280309691,26571.855982189336,2.2955071108073564,8.0273012368242807,1.048770896647979,1.0355552210224945,2.9644656329708594,1.4143610036182981,0,0,0,12.8872,0.32300000000000001,4.4237733380276127,4.3788266365891575,4.3788266365891575
情景一阈值控制,7.6763547674669992,26571.439209025732,2.372583446097865,8.2969714970225592,1.0839864995891055,1.07036618619695,3.0640542985767829,1.4618752414184653,0,0,0,12.8872,0.32300000000000001,4.4237039522078794,4.5259295399952482,4.5259295399952482
情景一阈值控制,7.7090201069030293,26571.008448869208,2.4522461079383042,8.5756919465065522,1.1203837316177803,1.1063459993670912,3.1669851802423592,1.5109840667921448,0,0,0,12.8872,0.32300000000000001,4.4236322377857933,4.677969247034504,4.677969247034504
情景一阈值控制,7.7416854463390585,26570.563232859651,2.534581767622893,8.8637659580475336,1.1580021889724512,1.143533880345559,3.2733703129003606,1.5617409321518707,0,0,0,12.8872,0.32300000000000001,4.4235581167039211,4.8351112450522313,4.8351112450522313
情景一阈值控制,7.7743507857750886,26570.10307645789,2.6196799930687047,9.1615070494390203,1.1968827910949369,1.1819703631447533,3.3833254780191533,1.6142010774005706,0,0,0,12.8872,0.32300000000000001,4.4234815082945271,4.9975265554197241,4.9975265554197241
情景一阈值控制,7.8070161252111179,26569.627478923809,2.7076333451167613,9.4692392211933303,1.2370678246126217,1.2216973399042346,3.4969703283133295,1.6684215894316174,0,0,0,12.8872,0.32300000000000001,4.4234023291926876,5.1653919177449472,5.1653919177449472
情景一阈值控制,7.839681464647148,26569.135922776775,2.7985374770822564,9.7872973056597399,1.2786009888039704,1.2627581063160529,3.6144285166723136,1.7244614636412952,0,0,0,12.8872,0.32300000000000001,4.4233204932464565,5.338889980313609,5.338889980313609
情景一阈值控制,7.8723468040831781,26568.627873238558,2.8924912375278433,10.116027327476759,1.3215274425353702,1.3051974085383746,3.7358278292746445,1.7823816674382715,0,0,0,12.8872,0.32300000000000001,4.4232359114241309,5.5182094967129158,5.5182094967129158
情景一阈值控制,7.9050121435192073,26568.102777658885,2.9895967762340288,10.455786875271579,1.3658938526573623,1.3490614915878316,3.8613003228558025,1.8422452057347474,0,0,0,12.8872,0.32300000000000001,4.4231484917186039,5.7035455285905501,5.7035455285905501
情景一阈值控制,7.9376774829552375,26567.560064923229,3.0899596534327816,10.806945484841789,1.4117484438903776,1.3943981492426503,3.9909824662164213,1.9041171884607146,0,0,0,12.8872,0.32300000000000001,4.4230581390487789,5.8950996546771357,5.8950996546771357
情景一阈值控制,7.9703428223912667,26566.999144836824,3.1936889534183965,11.169885037722782,1.459141050708848,1.4412567759629022,4.1250152874123982,1.9680649007890758,0,0,0,12.8872,0.32300000000000001,4.4229647551570146,6.0930801882014745,6.0930801882014745
情景一阈值控制,8,26566.473598952678,3.2908760257722678,11.509935951984076,1.5035445397004557,1.4851611845000958,4.2505953820229667,2.0279797760611791,0,0,0,12.8872,0.32300000000000001,4.4228772604832614,6.2785751580841458,6.2785751580841458
情景一阈值控制,8.0030081618272977,26566.419407491379,3.3008974013379255,11.545000170954092,1.5081231706764,1.489688420289049,4.2635445250807527,2.0341578753339484,0,0,0,12.8872,0.32300000000000001,4.422868238503697,6.2977024004147015,6.2977024004147015
情景一阈值控制,8.0356735012633269,26565.820222611452,3.411701483719852,11.932698700004941,1.5587480194872754,1.5397458399742296,4.406720784625147,2.102467966667537,0,0,0,12.8872,0.32300000000000001,4.4227684841584169,6.509188751292684,6.509188751292684
情景一阈值控制,8.0683388406993561,26565.200938878923,3.5262215730260662,12.333402055861916,1.6110705878440743,1.5914835589822847,4.5546996996314597,2.1730694283322918,0,0,0,12.8872,0.32300000000000001,4.4226653836875105,6.7277691279637519,6.7277691279637519
情景一阈值控制,8.1010041801353871,26564.560883234579,3.6445820564156155,12.747545736943867,1.6651477002578325,1.6449579264397662,4.7076420987590151,2.2460389924655266,0,0,0,12.8872,0.32300000000000001,4.4225588250377807,6.9536810912245421,6.9536810912245421
情景一阈值控制,8.1336695195714164,26563.89936015656,3.7669114687555489,13.175579775974125,1.7210380757864066,1.7002271775616575,4.8657141781555158,2.3214559520594258,0,0,0,12.8872,0.32300000000000001,4.4224486924163706,7.1871701302149411,7.1871701302149411
情景一阈值控制,8.1663348590074456,26563.215650915874,3.8933426298422273,13.617969221688609,1.7788023906943045,1.7573514965380332,5.0290876793508499,2.3994022458350428,0,0,0,12.8872,0.32300000000000001,4.4223348661668247,7.4284899251858931,7.4284899251858931
情景一阈值控制,8.1990001984434748,26562.509012809198,4.0240127857963257,14.075194635257812,1.8385033430170039,1.8163930813688367,5.1979400725846956,2.4799625457087981,0,0,0,12.8872,0.32300000000000001,4.4222172226413585,7.6779026182934942,7.6779026182934942
情景一阈值控制,8.2316655378795058,26561.778678366463,4.1590637550808243,14.547752603002154,1.90020571923488,1.8774162108539607,5.3724547461512335,2.5632243471297604,0,0,0,12.8872,0.32300000000000001,4.4220956340689312,7.935679093280994,7.935679093280994
情景一阈值控制,8.2643308773155351,26561.023854527029,4.2986420802990404,15.036156269459418,1.9639764635851367,1.9404873142671804,5.552821203259839,2.6492780630028467,0,0,0,12.8872,0.32300000000000001,4.4219699684180993,8.2020992662626853,8.2020992662626853
情景一阈值控制,8.2969962167515643,26560.243721795774,4.4428991836555047,15.540935883401616,2.029884749044359,2.0056750427604109,5.7392352636779753,2.7382171198936271,0,0,0,12.8872,0.32300000000000001,4.4218400892565182,8.4774523835716025,8.4774523835716025
情景一阈值控制,8.3296615561875953,26559.437433369581,4.5919915278690135,16.062639363074101,2.0980020507988932,2.0730503433135574,5.9318992724728226,2.8301380576199722,0,0,0,12.8872,0.32300000000000001,4.4217058556055093,8.7620373300927952,8.7620373300927952
情景一阈值控制,8.3623268956236245,26558.604114235266,4.7460807823027311,16.601832879842757,2.1684022220954691,2.142686535128524,6.1310223155509629,2.925140632087091,0,0,0,12.8872,0.32300000000000001,4.4215671217898915,9.0561629476380539,9.0561629476380539
情景一阈值控制,8.3949922350596538,26557.742860237257,4.9053339946558827,17.159101461465752,2.2411615726292382,2.2146593886292414,6.3368204424453944,3.0233279215802984,0,0,0,12.8872,0.32300000000000001,4.4214237372827574,9.3601483640256937,9.3601483640256937
情景一阈值控制,8.4276575744956848,26556.852737115103,5.069923768175232,17.735049614855239,2.3163589494498669,2.2890472070554742,6.5495168963001191,3.124806436491784,0,0,0,12.8872,0.32300000000000001,4.4212755465452345,9.6743233327919036,9.6743233327919036
情景一阈值控制,8.460322913931714,26555.932779511153,5.2400284443338636,18.330301968157151,2.3940758203614663,2.3659309106333395,6.7693423509888797,3.2296862324511184,0,0,0,12.8872,0.32300000000000001,4.4211223888612849,9.9990285834399977,9.9990285834399977
情景一阈值控制,8.4929882533677432,26554.981989948516,5.415832290947483,18.945503932056592,2.4743963598024803,2.4453941233157583,6.9965351553338628,3.3380810268431862,0,0,0,12.8872,0.32300000000000001,4.4209640981675493,10.334616182177049,10.334616182177049
情景一阈值控制,8.5256535928037742,26553.999337771333,5.5975256971975744,19.581322385465697,2.5574075378765087,2.5275232627655519,7.231341586328802,3.45010831962216,0,0,0,12.8872,0.32300000000000001,4.4208005028769186,10.681449905950963,10.681449905950963
情景一阈值控制,8.5583189322398034,26552.983758050341,5.7853053750073569,20.238446383670265,2.643199212280595,2.6124076333393464,7.4740161106560494,3.5658895180825754,0,0,0,12.8872,0.32300000000000001,4.4206314256963353,11.039905628738625,11.039905628738625
情景一阈值控制,8.5909842716758327,26551.93415045799,5.9793745659792599,20.917587886178836,2.7318642227692242,2.7001395217217565,7.7248216534797196,3.6855500651018458,0,0,0,12.8872,0.32300000000000001,4.4204566834395065,11.410371718581565,11.410371718581565
情景一阈值控制,8.6236496111118619,26550.849378105551,6.1799432552852966,21.619482509163188,2.8234984887892334,2.7908142958502102,7.9840298763204149,3.8092195717156487,0,0,0,12.8872,0.32300000000000001,4.4202760868333177,11.793249448036065,11.793249448036065
情景一阈值控制,8.6563149505478929,26549.728266341965,6.3872283925537099,22.344890302657454,2.9182011103051404,2.8845305071586709,8.251921464073229,3.9370319540556169,0,0,0,12.8872,0.32300000000000001,4.4200894403178452,12.188953418128847,12.188953418128847
情景一阈值控制,8.6889802899839221,26548.569601513311,6.6014541199504038,23.094596553230701,3.0160744719051409,2.9813899962414805,8.528786421433054,4.0691255747752972,0,0,0,12.8872,0.32300000000000001,4.419896541839841,12.597911996208351,12.597911996208351
情景一阈值控制,8.7216456294199514,26547.372129683306,6.8228520073787822,23.869412611886332,3.1172243501524468,3.0814980019144924,8.8149243786361211,4.2056433889209259,0,0,0,12.8872,0.32300000000000001,4.4196971826397098,13.020567767557047,13.020567767557047
情景一阈值控制,8.7543109688559824,26546.13455531518,7.0516612947212627,24.670176746940385,3.2217600241464428,3.1849632736504661,9.1106449064261721,4.3467330942033282,0,0,0,12.8872,0.32300000000000001,4.4194911470320646,13.4573780006295,13.4573780006295
情景一阈值控制,8.7869763082920116,26544.8555399137,7.2881291413483522,25.497755022690555,3.3297943893964139,3.2918981875029738,9.416267840545089,4.4925472858139779,0,0,0,12.8872,0.32300000000000001,4.4192782121796483,13.908815126359066,13.908815126359066
情景一阈值控制,8.8196416477280408,26543.533700613738,7.5325108854020248,26.353042212679128,3.4414440761523899,3.4024188666695898,9.7321236189990206,4.6432436173363119,0,0,0,12.8872,0.32300000000000001,4.419058147858351,14.375367236335332,14.375367236335332
情景一阈值控制,8.8523069871640718,26542.167608732343,7.7850703097056746,27.236962736553505,3.5568295707546493,3.5166453052821161,10.058553628039,4.7989849658147659,0,0,0,12.8872,0.32300000000000001,4.4188307162161555,14.857538593853766,14.857538593853766
情景一阈值控制,8.8849723266001011,26540.755788274488,8.0460799161223377,28.150471626931193,3.6760753408334459,3.6347014962655035,10.39591055922218,4.9599396021104338,0,0,0,12.8872,0.32300000000000001,4.4185956715243684,15.355850161332615,15.355850161332615
情景一阈值控制,8.9176376660361303,26539.296714390803,8.3158212086451879,29.094555527292616,3.7993099644880393,3.7567155634106539,10.744558777931577,5.1262813667236307,0,0,0,12.8872,0.32300000000000001,4.4183527599208592,15.870840144655208,15.870840144655208
情景一阈值控制,8.9503030054721613,26537.788811784874,8.5945849856805445,30.070233722543247,3.9266662636546581,3.8828198978865642,11.10487470396051,5.2981898513725891,0,0,0,12.8872,0.32300000000000001,4.4181017191449001,16.403064555333099,16.403064555333099
情景一阈值控制,8.9829683449081905,26536.230453069944,8.8826716415258229,31.078559202289437,4.0582814416637305,4.0131512992133702,11.477247204178154,5.4758505863361027,0,0,0,12.8872,0.32300000000000001,4.4178422782635849,16.953097790514256,16.953097790514256
情景一阈值控制,9,26535.397356860183,9.0366803012057453,31.617608477232483,4.1286416303885529,4.0828293856273445,11.676316979050426,5.5708277462825491,0,0,0,12.8872,0.32300000000000001,4.4177035815612085,17.247144725332976,17.247144725332976
情景一阈值控制,9.0156336843442197,26534.619957075643,9.1803914769288539,32.120619756466681,4.1942972249336981,4.1478511206653756,11.86207799714278,5.6594552334964794,0,0,0,12.8872,0.32300000000000001,4.4175741573899296,17.52153323063926,17.52153323063926
情景一阈值控制,9.0482990237802507,26532.955587105247,9.4880650186146429,33.197539102957542,4.3348600087485929,4.2870654190730058,12.259782069528709,5.8492017850188658,0,0,0,12.8872,0.32300000000000001,4.417297067392731,18.108983854547574,18.108983854547574
情景一阈值控制,9.08096436321628,26531.235549136924,9.8060233489867272,34.310478051465502,4.480121007669986,4.4309451095930843,12.670788105942487,6.0452947684186444,0,0,0,12.8872,0.32300000000000001,4.4170107095971085,18.716082874361131,18.716082874361131
情景一阈值控制,9.1136297026523092,26529.457989957842,10.134608448042616,35.460635710837117,4.6302364115138008,4.5796461264008848,13.095538934784468,6.2479454592841686,0,0,0,12.8872,0.32300000000000001,4.41671477547386,19.343484394068636,19.343484394068636
情景一阈值控制,9.1462950420883402,26527.620995255071,10.474173543064897,36.649250724327324,4.7853675448638171,4.7333295873125198,13.534491984429691,6.4573720989228791,0,0,0,12.8872,0.32300000000000001,4.4164089463216296,19.991864083352571,19.991864083352571
情景一阈值控制,9.1789603815243694,26525.722587641962,10.825083470010336,37.877602546601942,4.9456810319122209,4.8921619641496745,13.988119754822275,6.6738001193612915,0,0,0,12.8872,0.32300000000000001,4.4160928929383347,20.661919874183567,20.661919874183567
情景一阈值控制,9.2116257209603987,26523.760724623397,11.187715045973052,39.147012760338576,5.1113489663412288,5.056315258589688,14.456910303693361,6.8974623753219459,0,0,0,12.8872,0.32300000000000001,4.4157662752824134,21.354372679015306,21.354372679015306
情景一阈值控制,9.2442910603964279,26521.733296496022,11.562457453393268,40.45884643483555,5.2825490865512812,5.2259671838386428,14.941367748292597,7.1285993836019363,0,0,0,12.8872,0.32300000000000001,4.415428742123245,22.069967131894533,22.069967131894533
情景一阈值控制,9.2769563998324589,26519.638124184417,11.949712635848446,41.814513526121189,5.4594649561598985,5.4013013520893827,15.442012782445538,7.3674595697635317,0,0,0,12.8872,0.32300000000000001,4.4150799306809105,22.80947235220907,22.80947235220907
情景一阈值控制,9.3096217392684881,26517.47295701395,12.349895705254541,43.215470318023023,5.6422861496911274,5.5825074677222286,15.959383208737542,7.6142995220416951,0,0,0,12.8872,0.32300000000000001,4.4147194662554101,23.573682730779236,23.573682730779236
情景一阈值控制,9.3422870787045174,26515.235470420717,12.763435360375158,44.663220903902818,5.8312084434075073,5.7697815262380585,16.494034485715403,7.8693842524166566,0,0,0,12.8872,0.32300000000000001,4.414346961845407,24.363418738132061,24.363418738132061
情景一阈值控制,9.3749524181405484,26512.923263580753,13.190774319938965,46.159318720693712,6.0264340127904541,5.9633260204651464,17.046540294404096,8.1329874669018078,0,0,0,12.8872,0.32300000000000001,4.4139620177535264,25.179527761305906,25.179527761305906
情景一阈值控制,9.4076177575765776,26510.533856967857,13.632369768581603,47.705368129073875,6.2281716358524575,6.1633501532767596,17.6174931218616,8.4053918439605582,0,0,0,12.8872,0.32300000000000001,4.4135642211797785,26.022884965822158,26.022884965822158
情景一阈值控制,9.4402830970126068,26508.064689847077,14.088693814311892,49.303026035295218,6.4366369016857625,6.3700700562704311,18.20750486011687,8.686889320262555,0,0,0,12.8872,0.32300000000000001,4.4131531458042632,26.894394180379425,26.894394180379425
情景一阈值控制,9.4729484364486378,26505.513117689141,14.560233960183586,50.954003564160018,6.6520524254698925,6.5837090156836613,18.817207423996621,8.9777813854518609,0,0,0,12.8872,0.32300000000000001,4.412728351356713,27.794988809448483,27.794988809448483
情景一阈值控制,9.505613775884667,26502.876409505385,15.047493590232635,52.660067783437619,6.8746480699637322,6.8044977056196672,19.447253387948834,9.2783793859785426,0,0,0,12.8872,0.32300000000000001,4.4122893831728085,28.725632773927376,28.725632773927376
情景一阈值控制,9.5382791153206963,26500.151745101452,15.550992469966738,54.423043480833577,7.1046611736108352,7.0326744287745173,20.09831664227374,9.5890048381896875,0,0,0,12.8872,0.32300000000000001,4.4118357717369623,29.687321480463428,29.687321480463428
情景一阈值控制,9.5709444547567273,26497.336212251063,16.071267261141529,56.244814992690962,7.3423367851342274,7.2684853646076242,20.771093068459422,9.9099897505352939,0,0,0,12.8872,0.32300000000000001,4.4113670322117962,30.681082818994717,30.681082818994717
情景一阈值控制,9.6036097941927565,26494.426803791077,16.60887205055845,58.127328083605995,7.5879279044972909,7.5121848248978669,21.46630123331996,10.241676954744976,0,0,0,12.8872,0.32300000000000001,4.410882663954518,31.707978188064935,31.707978188064935
情景一阈值控制,9.6362751336287857,26491.420414636057,17.164378893188612,60.072591878137224,7.8416957303673165,7.7640355168875352,22.184683102371597,10.584420446183202,0,0,0,12.8872,0.32300000000000001,4.4103821500199007,32.769103548554796,32.769103548554796
情景一阈值控制,9.668940473064815,26488.313838683833,17.738378374838877,62.082680863033758,8.103909916460875,8.0243088164699223,22.927004779251444,10.938585736629566,0,0,0,12.8872,0.32300000000000001,4.4098649566451069,33.86559051588101,33.86559051588101
情景一阈值控制,9.701605812500846,26485.103765648077,18.331480187682835,64.159736936707915,8.3748488337187741,8.2932850484538054,23.694057262583488,11.304550215383259,0,0,0,12.8872,0.32300000000000001,4.4093305327223575,34.998607477966743,34.998607477966743
情景一阈值控制,9.7342711519368752,26481.78677779912,18.944313722064305,66.305971518048295,8.6547998398635198,8.5712537755426048,24.486657224758858,11.68270352082291,0,0,0,12.8872,0.32300000000000001,4.4087783092563484,36.16936074558177,36.16936074558177
情景一阈值控制,9.7669364913729044,26478.359346609566,19.57752867518505,68.523667716874215,8.9440595566152119,8.8585140963958029,25.305647813480114,12.07344792282729,0,0,0,12.8872,0.32300000000000001,4.4082076988057866,37.379095736307406,37.379095736307406
情景一阈值控制,9.7996018308089354,26474.817829300348,20.231795677415445,70.815182568777331,9.2429341548999524,9.1553749531975281,26.151899477083628,12.477198716540636,0,0,0,12.8872,0.32300000000000001,4.4076180949083703,38.629098193624266,38.629098193624266
情景一阈值控制,9.8322671702449647,26471.158465287703,20.907806936094914,73.182949334074138,9.5517396479858565,9.4621554487797503,27.026310813537947,12.89438462743391,0,0,0,12.8872,0.32300000000000001,4.4070088714892712,39.920695440971855,39.920695440971855
情景一阈值控制,9.8649325096809939,26467.37737253305,21.606276896407159,75.629479859607017,9.8708021923529738,9.7791851732201263,27.929809442652004,13.325448227439587,0,0,0,12.8872,0.32300000000000001,4.4063793822534478,41.255257670091595,41.255257670091595
情景一阈值控制,9.8975978491170249,26463.470543797659,22.327942918914236,78.157367002127742,10.200458396103043,10.106804539833876,28.863352901025593,13.770846361936885,0,0,0,12.8872,0.32300000000000001,4.4057289600621088,42.634199262962476,42.634199262962476
情景一阈值控制,9.9302631885530541,26459.433842794118,23.073565975174716,80.769287118462657,10.541055635555539,10.445365131324163,29.827929561662206,14.231050588503539,0,0,0,12.8872,0.32300000000000001,4.4050569162920015,44.058980150165745,44.058980150165745
情景一阈值控制,9.9629285279890833,26455.263000204111,23.843931366997186,83.468002642194122,10.892952382559228,10.795230058775523,30.824559585532089,14.706547630911176,0,0,0,12.8872,0.32300000000000001,4.4043625401724267,45.531107216443267,45.531107216443267
情景一阈值控制,9.9955938674251144,26450.953609618799,24.6398494588747,86.256364710392646,11.256518537741229,11.156774328831046,31.854295891618978,15.197839841939336,0,0,0,12.8872,0.32300000000000001,4.4036450981093944,47.052135733558316,47.052135733558316
情景一阈值控制,10,26450.361477877897,24.749209594202828,86.639499553479141,11.306472752232729,11.206456876825145,31.995786791438864,15.265345839933167,0,0,0,12.8872,0.32300000000000001,4.4035465179947906,47.261132631372028,47.261132631372028
情景一阈值控制,10.028259206861144,26446.501123359463,25.462156431341842,89.137315867851839,11.632135773222055,11.530385222758166,32.918225155588416,15.705445679844988,0,0,0,12.8872,0.32300000000000001,4.4029038329898196,48.623670835433401,48.623670835433401
情景一阈值控制,10.060924546297173,26441.900848185869,26.311715053798093,92.113892843965758,12.02019788412623,11.916462686878376,34.017468835282806,16.229900197631235,0,0,0,12.8872,0.32300000000000001,4.4021379634670366,50.247369032914037,50.247369032914037
情景一阈值控制,10.093589885733204,26437.147940885614,27.189415477954647,95.189229406600575,12.421111149410757,12.315419735055375,35.153184224650246,16.771755545881874,0,0,0,12.8872,0.32300000000000001,4.4013466832265031,51.92493977053212,51.92493977053212
情景一阈值控制,10.126255225169233,26432.23740374708,28.096176051337935,98.366559291304029,12.835294701745454,12.72768286317085,36.326565535495497,17.331581488870086,0,0,0,12.8872,0.32300000000000001,4.4005291602321215,53.658147024365583,53.658147024365583
情景一阈值控制,10.158920564605262,26427.164079918959,29.032944150191696,101.64921920387616,13.263180906137421,13.153692475475507,37.538845006323101,17.909965933592858,0,0,0,12.8872,0.32300000000000001,4.3996845359536723,55.448810939915958,55.448810939915958
情景一阈值控制,10.191585904041293,26421.922648659507,30.000697031117987,105.04065189432004,13.705215746991428,13.59390332270244,38.791294037541,18.507515471382195,0,0,0,12.8872,0.32300000000000001,4.398811924575897,57.298809508923199,57.298809508923199
情景一阈值控制,10.224251243477323,26416.507620457527,31.000442704659385,108.54440931377347,14.161859225060203,14.048784953614849,40.085224357308775,19.124855934136988,0,0,0,12.8872,0.32300000000000001,4.3979104121862225,59.210080291445763,59.210080291445763
情景一阈值控制,10.256916582913352,26410.91333200517,32.033220834366617,112.16415586732857,14.633585765892869,14.518822181876228,41.421989222797244,19.762632967449797,0,0,0,12.8872,0.32300000000000001,4.3969790559378161,61.18462219024704,61.18462219024704
情景一阈值控制,10.289581922349381,26405.133941083455,33.100103650025204,115.90367172331138,15.120884634603671,15.004515563239766,42.802984642298433,20.421512613681529,0,0,0,12.8872,0.32300000000000001,4.3960168831981079,63.224497255979962,63.224497255979962
情景一阈值控制,10.322247261785412,26399.163421307883,34.202196884593569,119.76685621310232,15.624260361309844,15.506381887746397,44.229650630772291,21.102181910988847,0,0,0,12.8872,0.32300000000000001,4.3950228906740243,65.331832541761145,65.331832541761145
情景一阈值控制,10.354912601221441,26392.995556746984,35.340640732365038,123.75773131316991,16.144233176094261,16.024954686020795,45.703472495754397,21.805349506837025,0,0,0,12.8872,0.32300000000000001,4.3939960435160623,67.508822002591415,67.508822002591415
情景一阈值控制,10.38757794065747,26386.62393640745,36.516610829374883,127.88044521343033,16.681339453947928,16.560784750432585,47.225982155143768,22.531746286722949,0,0,0,12.8872,0.32300000000000001,4.3929352744001608,69.757728441866718,69.757728441866718
情景一阈值控制,10.420243280093501,26380.041948590635,37.731319255005488,132.13927596882738,17.236132169202005,17.114440670965877,48.79875948572375,23.282126017560962,0,0,0,12.8872,0.32300000000000001,4.391839482588149,72.080885503284719,72.080885503284719
情景一阈值控制,10.452908619529531,26373.242775125298,38.986015553736777,136.53863523100668,17.809181358956518,17.686509385637745,50.42343370126148,24.057266005180889,0,0,0,12.8872,0.32300000000000001,4.3907075329675909,74.480699706442365,74.480699706442365
情景一阈值控制,10.48557395896556,26366.219385481367,40.281987775989442,141.08307205695996,18.401074595012936,18.277596745306298,52.101684759032345,24.85796776538767,0,0,0,12.8872,0.32300000000000001,4.3895382550718258,76.959652524420022,76.959652524420022
情景一阈值控制,10.518239298401591,26358.96453073922,41.620563542581216,145.77727681116068,19.012417466359917,18.888328095311625,53.835244800870484,25.685057711493606,0,0,0,12.8872,0.32300000000000001,4.3883304420759606,79.520302512364083,79.520302512364083
情景一阈值控制,10.55090463783762,26351.470737405802,43.003111134168378,150.62608516681098,19.643834072821338,19.519348875033391,55.625899630821017,26.539387859313429,0,0,0,12.8872,0.32300000000000001,4.3870828497673431,82.165287490134446,82.165287490134446
情景一阈值控制,10.583569977273649,26343.730301140098,44.431040593994247,155.63448216571675,20.295967524525331,20.17132523030174,57.47549021444339,27.421836542489253,0,0,0,12.8872,0.32300000000000001,4.3857941955009689,84.897326756932642,84.897326756932642
情景一阈值控制,10.61623531670968,26335.735280332461,45.905804853904982,160.80760637275645,20.969480451718582,20.844944643795639,59.385914213048153,28.333309144482371,0,0,0,12.8872,0.32300000000000001,4.3844631571305399,87.719223357530524,87.719223357530524
情景一阈值控制,10.64890065614571,26327.477489553723,47.428900880491163,166.15075411457926,21.665055523477676,21.540916582364861,61.359127549039258,29.274738845405757,0,0,0,12.8872,0.32300000000000001,4.3830883719178519,90.633866394445022,90.633866394445022
情景一阈值控制,10.681565995581739,26318.948492870124,49.001870841838148,171.66938380514097,22.383395975518614,22.259973162014244,63.397146003325517,30.247087384156806,0,0,0,12.8872,0.32300000000000001,4.3816684354198401,93.64423338748233,93.64423338748233
情景一阈值控制,10.714231335017768,26310.139597031706,50.626303293194411,177.36912035310442,23.125226146312016,23.002869830320822,65.502046842964404,31.251345834974174,0,0,0,12.8872,0.32300000000000001,4.3802019003545603,96.753392677938578,96.753392677938578
情景一阈值控制,10.746896674453799,26301.041844541858,52.30383437986994,183.25575964614183,23.891292020712797,23.770386066055632,67.675970477205539,32.288535397544166,0,0,0,12.8872,0.32300000000000001,4.3786872754473825,99.964505874749705,99.964505874749705
情景一阈值控制,10.779562013889828,26291.646006615701,54.036149055674336,189.33527310716752,24.682361780312039,24.563326095781115,69.921122140097964,33.359708199780869,0,0,0,12.8872,0.32300000000000001,4.3771230242586805,103.28083033987883,103.28083033987883
情景一阈值控制,10.812227353325857,26281.942576007852,55.824982320167578,195.61381233508911,25.499226361980892,25.382519629548032,72.239773604309903,34.465948115497937,0,0,0,12.8872,0.32300000000000001,4.3755075639897703,106.70572171980784,106.70572171980784
情景一阈值控制,10.844892692761888,26271.921759687928,57.672120478302134,202.09771384405798,26.342700026208995,26.228822618136924,74.634264931324097,35.60837159943528,0,0,0,12.8872,0.32300000000000001,4.3738392642635091,110.24263653075937,110.24263653075937
情景一阈值控制,10.877558032197918,26261.573471455322,59.579402405396181,208.79350384205264,27.213620927437393,27.103118024429811,77.107006236158682,36.788128529216031,0,0,0,12.8872,0.32300000000000001,4.3721164458947692,113.89513476537471,113.89513476537471
情景一阈值控制,10.910223371633947,26250.887324422514,61.548720829940926,215.70790309446963,28.112851692052036,28.006316615658186,79.660479483481197,38.006403062281272,0,0,0,12.8872,0.32300000000000001,4.3703373796390412,117.66688254576246,117.66688254576246
情景一阈值控制,10.942888711069978,26239.852623395127,63.582023628770401,222.8478318545919,29.041280001517354,28.93935777462929,82.297240308420228,39.264414504608155,0,0,0,12.8872,0.32300000000000001,4.3685002849238357,121.56165481302838,121.56165481302838
情景一阈值控制,10.975554050506007,26228.458357146334,65.681315134574291,230.22041486235506,29.99981918060935,29.903210330766182,85.019919862599437,40.56341819146175,0,0,0,12.8872,0.32300000000000001,4.3666033285625039,125.58333805406119,125.58333805406119
情景一阈值控制,11,26219.6891476688,67.296778998772837,235.8944726185876,30.737427987715446,30.645289380759838,87.115337577918396,41.563152197441099,0,0,0,12.8872,0.32300000000000001,4.3651434006181304,128.67848977535948,128.67848977535948
情景一阈值控制,11.008219389942036,26216.69319059782,67.848657453075305,237.83298640361019,30.989408789491613,30.898873410640448,87.831226682512806,41.904706378805933,0,0,0,12.8872,0.32300000000000001,4.3646446234524943,129.73593306131875,129.73593306131875
情景一阈值控制,11.040884729378067,26204.545456919408,70.086171787174564,245.69309542201628,32.011015218369181,31.927377307667953,90.733948577335738,43.289609143987342,0,0,0,12.8872,0.32300000000000001,4.3626222272600703,134.02355772132307,134.02355772132307
情景一阈值控制,11.073550068814097,26192.003149559463,72.396039765371228,253.80851067570464,33.065632283456623,32.989784370639363,93.730954533270705,44.719495294307876,0,0,0,12.8872,0.32300000000000001,4.3605341410935097,138.45044982757858,138.45044982757858
情景一阈值控制,11.106215408250126,26179.053914209115,74.780504773425591,262.18722593677785,34.154281823753273,34.087189911565339,96.825196633711229,46.195773283144341,0,0,0,12.8872,0.32300000000000001,4.3583783081652747,143.02096991685556,143.02096991685556
情景一阈值控制,11.138880747686157,26165.685040657361,77.24187329647836,270.83746526140419,35.278014301860928,35.220723137532765,100.01971200547679,47.719892138506637,0,0,0,12.8872,0.32300000000000001,4.3561526124360279,147.73960414398343,147.73960414398343
情景一阈值控制,11.171546087122186,26151.88345464434,79.78251625152113,279.76768826111095,36.437909399651218,36.391548098013921,103.31762476549051,49.29334239180713,0,0,0,12.8872,0.32300000000000001,4.3538548772583336,152.61096715729764,152.61096715729764
情景一阈值控制,11.204211426558215,26137.635709663049,82.404870318623693,288.98659540742136,37.635076612557818,37.600864652982587,106.7221479797705,50.917657012504975,0,0,0,12.8872,0.32300000000000001,4.3514828640117811,157.63980499227546,157.63980499227546
情景一阈值控制,11.236876765994246,26122.92797873127,85.111439266321796,298.5031333557834,38.870655840349663,38.849909460912407,110.23658562954569,52.594412346149568,0,0,0,12.8872,0.32300000000000001,4.3490342707331449,162.83099797569525,162.83099797569525
情景一阈值控制,11.269542105430276,26107.746046145978,87.904795268291934,308.32650028080616,40.145817973029132,40.139956986531409,113.86433458154754,54.325229054416333,0,0,0,12.8872,0.32300000000000001,4.3465067307436316,168.18956363596388,168.18956363596388
情景一阈值控制,11.302207444866305,26092.075299237316,90.787580207446027,318.46615121181514,41.461765470035623,41.472320528025129,117.6088865584195,56.111773055198668,0,0,0,12.8872,0.32300000000000001,4.3438978112760571,173.72065961361818,173.72065961361818
情景一阈值控制,11.334872784302334,26075.9007201409,93.7625069632292,328.93180335651152,42.819732930775274,42.848353263221227,121.47383010473321,57.95575646060388,0,0,0,12.8872,0.32300000000000001,4.3412050121050667,179.4295865653371,179.4295865653371
情景一阈值控制,11.367538123738365,26059.206877607394,96.832360677909463,339.73344140053945,44.220987654500426,44.26944931429081,125.46285254410779,59.858938510704306,0,0,0,12.8872,0.32300000000000001,4.3384257641835644,185.32179105481208,185.32179105481208
情景一阈值控制,11.400203463174394,26041.977918868182,99.999999997643414,350.88132277075073,45.666830187559924,45.737044830499791,129.57974192292244,61.82312650089208,0,0,0,12.8872,0.84384937549597017,1.0000000000004916,191.40286842381451,191.40286842381451
情景一阈值控制,11.448747152494782,25988.893207707377,99.999999997644153,394.79518662687849,52.562126488425207,48.012595834309572,131.01323706852045,69.560478659969874,0,0.037335614389111996,0.057430663590461839,12.8872,0.84353042344467188,1.0000000000005396,200.57371572849033,200.57371572849033
情景一阈值控制,11.497290841815172,25935.933270886231,99.999999997644963,438.6029673394309,59.32170737846625,50.405171052863146,132.44673221411858,77.279139622967179,0,0.074648338838256542,0.11479092891215484,12.8872,0.8432109200436394,1.0000000000005882,209.72587183708578,209.72587183708578
情景一阈值控制,11.54583453113556,25883.097815125653,99.99999999764583,482.30491425428778,65.947922860322549,52.912464416728234,133.88022735971677,84.979153323091325,0,0.11193813379387675,0.17208071760307403,12.8872,0.8428908647489779,1.0000000000006366,218.85938068280808,218.85938068280808
情景一阈值控制,11.594378220455948,25830.386547835897,99.999999997646782,525.90127613125253,72.443082896638643,55.532209793204657,135.31372250531501,92.660563590286515,0,0.14920495966346248,0.22929995140578804,12.8872,0.84257025701797328,1.0000000000006843,227.97428609560154,227.97428609560154
情景一阈值控制,11.642921909776335,25777.799177114935,99.999999997647791,569.39230114542295,78.80945809076907,58.262180305860412,136.74721765091337,100.32341415147533,0,0.1864487768156296,0.28644855216837234,12.8872,0.84224909630910083,1.0000000000007319,237.0706318023887,237.0706318023887
情景一阈值控制,11.691465599096725,25725.335411746866,99.999999997648885,612.7782368885687,85.049280355932453,61.100187665620723,138.18071279651184,107.96774863080164,0,0.22366954558020921,0.3435264418453603,12.8872,0.84192738208203355,1.00000000000078,246.14846142731346,246.14846142731346
情景一阈值控制,11.740009288417113,25672.994961200271,99.999999997650036,656.05933037049624,91.164743572939585,64.044081513280233,139.61420794211037,115.59361054987096,0,0.2608672262483277,0.400533542498682,12.8872,0.84160511379765124,1.0000000000008282,255.20781849198133,255.20781849198133
情景一阈值控制,11.788552977737501,25620.777535626621,99.999999997651258,699.23582802042608,97.158004236823388,67.091748773115981,141.04770308770895,123.20104332799319,0,0.29804177907250184,0.45746977629862695,12.8872,0.84128229091804851,1.0000000000008757,264.24874641570216,264.24874641570216
情景一阈值控制,11.837096667057889,25568.682845858668,99.999999997652537,742.30797568835146,103.0311820924797,70.241113017485702,142.48119823330759,130.79009028242186,0,0.33519316426672074,0.51433506552478725,12.8872,0.84095891290654334,1.0000000000009239,273.27128851572945,273.27128851572945
情景一阈值控制,11.885640356378278,25516.710603408843,99.999999997653887,785.27601864640269,108.78636075939481,73.490133842340811,143.91469337890643,138.36079462859462,0,0.37232134200653655,0.57112933256701692,12.8872,0.84063497922768615,1.000000000000971,282.27548800750105,282.27548800750105
情景一阈值控制,11.934184045698666,25464.860520467675,99.999999997655308,828.1402015901989,114.42558834574723,76.836806253362695,145.3481885245053,145.9131994803715,0,0.40942627242914814,0.62785249992638015,12.8872,0.84031048934726771,1.0000000000010185,291.26138800487684,291.26138800487684
情景一阈值控制,11.982727735019054,25413.132309902157,99.999999997656815,870.90076864021285,119.95087805218466,80.279160062426428,146.78168367010426,153.44734785027515,0,0.44650791563349823,0.68450449021612336,12.8872,0.83998544273232811,1.0000000000010669,300.22903152037941,300.22903152037941
情景一阈值控制,12,25394.756306542535,99.999999997657369,886.09040219942347,121.88971752877993,81.526690386243786,147.29173365498019,156.12366766581241,0,0.45969626082170773,0.70464457603839159,12.8872,0.83986965394481183,1.0000000000010834,303.41540132079263,303.41540132079263
情景一阈值控制,12.031271424339442,25361.525685254201,99.999999997658378,913.55796334311594,125.36420876554438,83.815259294117098,148.2151788157033,160.96328264972806,0,0.48356623168035784,0.74108522616262817,12.8872,0.83965983885116591,1.0000000000011144,309.17846146543138,309.17846146543138
情景一阈值控制,12.079815113659832,25310.040360739025,99.999999997659998,956.11202867313057,130.66752564204063,87.443201602781102,149.64867396130248,168.46104668929078,0,0.52060118059241933,0.79759463060637914,12.8872,0.83933367717334573,1.0000000000011615,318.10972065059326,318.10972065059326
情景一阈值控制,12.12835880298022,25258.676051243579,99.999999997661703,998.5632070333703,135.86274068063508,91.161117699391198,151.08216910690172,175.94068267889779,0,0.55761272235438231,0.85403262650292178,12.8872,0.83900695716970752,1.0000000000012095,327.0228517857995,327.0228517857995
情景一阈值控制,12.176902492300608,25207.432472324963,99.99999999766348,1040.9117402571899,140.95173328692772,94.96717078789419,152.51566425250101,183.40223322809587,0,0.59460081691305355,0.91039913692384344,12.8872,0.83867967831237555,1.0000000000012568,335.91789748059688,335.91789748059688
情景一阈值控制,12.225446181620995,25156.309340208849,99.999999997665313,1083.1578696095194,145.9363508273178,98.859556011284425,153.94915939810042,190.84574084627863,0,0.63156542417743389,0.96669408505773546,12.8872,0.83835184007476649,1.0000000000013043,344.79490024437905,344.79490024437905
情景一阈值控制,12.273989870941385,25105.306371787923,99.999999997667203,1125.3018357882031,150.81840917369158,102.83649990715237,155.38265454369997,198.27124794292274,0,0.66850650401881362,1.0229173942111693,12.8872,0.83802344193159839,1.0000000000013518,353.65390248662271,353.65390248662271
情景一阈值控制,12.322533560261773,25054.423284620301,99.999999997669164,1167.3438789253255,155.59969323882109,106.89625987251929,156.81614968929958,205.67879682782149,0,0.70542401627086115,1.0790689878096638,12.8872,0.83769448335889973,1.0000000000013989,362.49494651712109,362.49494651712109
情景一阈值控制,12.371077249582161,25003.659796927976,99.99999999767121,1209.2842385885513,160.2819575027363,111.03712363770119,158.24964483489927,213.0684297113209,0,0.74231792072972513,1.1351487893986745,12.8872,0.83736496383401759,1.0000000000014457,371.31807454622015,371.31807454622015
情景一阈值控制,12.41962093890255,24953.01562759525,99.999999997673314,1251.1231537824474,164.86692653032492,115.25740874894205,159.68313998049913,220.44018870455261,0,0.77918817715412592,1.1911567226445692,12.8872,0.83703488283562688,1.000000000001493,380.12332868505177,380.12332868505177
情景一阈值控制,12.468164628222938,24902.490496167185,99.999999997675502,1292.8608629498012,169.35629547995813,119.5554620600202,161.116635126099,227.79411581966627,0,0.8160347452654465,1.247092711335603,12.8872,0.83670423984373898,1.0000000000015403,388.91075094576524,388.91075094576524
情景一阈值控制,12.516708317543326,24852.084122848035,99.999999997677733,1334.4976039729513,173.75173060321092,123.92965923276259,162.550130271699,235.13025297006365,0,0.85285758474783624,1.3029566793829113,12.8872,0.83637303433971066,1.0000000000015874,397.68038324176268,397.68038324176268
情景一阈值控制,12.565252006863714,24801.796228499723,99.99999999768005,1376.0336141750977,178.05486973655505,128.37840424558254,163.98362541729909,242.44864197062998,0,0.88965665524830295,1.3587485508214914,12.8872,0.83604126580625282,1.000000000001634,406.43226738792907,406.43226738792907
情景一阈值控制,12.613795696184102,24751.626534640269,99.999999997682423,1417.4691303216173,182.26732278449998,132.90012891057094,165.41712056289927,249.74932453796541,0,0.92643191637681177,1.4144682498111911,12.8872,0.83570893372743915,1.0000000000016813,415.16644510086468,415.16644510086468
情景一阈值控制,12.662339385504492,24701.574763442255,99.999999997684867,1458.8043886213784,186.39067219449893,137.49329239882124,166.85061570849965,257.03234229061673,0,0.96318332770638415,1.4701157006377032,12.8872,0.83537603758871548,1.0000000000017284,423.88295799911634,423.88295799911634
情景一阈值控制,12.71088307482488,24651.640637731303,99.999999997687382,1500.0396247280403,190.4264734237365,142.15638077387121,168.28411085410005,264.29773674930641,0,0.99991084877319159,1.5256908277135488,12.8872,0.83504257687690842,1.0000000000017752,432.58184760340646,432.58184760340646
情景一阈值控制,12.759426764145267,24601.823880984513,99.999999997689955,1541.1750737413695,194.37625539802426,146.8879065330392,169.71760599970054,271.54554933716423,0,1.0366144390766623,1.5811935555790853,12.8872,0.83470855108023401,1.0000000000018219,441.26315533686477,441.26315533686477
情景一阈值控制,12.807970453465657,24552.124217328954,99.999999997692612,1582.2109702085356,198.24152096302623,151.68640815642698,171.1511011453012,278.77582137995597,0,1.0732940580795778,1.6366238089034959,12.8872,0.83437395968830697,1.0000000000018683,449.92692252525717,449.92692252525717
情景一阈值控制,12.856514142786045,24502.54137154013,99.999999997695312,1623.147548125406,202.02374732783451,156.5504496635719,172.58459629090191,285.98859410631115,0,1.109949665208168,1.6919815124857831,12.8872,0.83403880219214954,1.0000000000019154,458.57319039721307,458.57319039721307
情景一阈值控制,12.905057832106433,24453.075069040442,99.999999997698097,1663.9850409378514,205.72438650055489,161.47862017809189,174.01809143650271,293.18390864795356,0,1.1465812198522238,1.7472665912557859,12.8872,0.83370307808420052,1.0000000000019622,467.20200008445624,467.20200008445624
情景一阈值控制,12.953601521426821,24403.725035897685,99.99999999770094,1704.7236815430324,209.34486571700421,166.46953349921441,175.45158658210366,300.36180603992722,0,1.1831886813651904,1.8024789702751713,12.8872,0.83336678685832422,1.0000000000020079,475.81339262203085,475.81339262203085
情景一阈值控制,13,24356.664270972164,99.999999997703725,1743.5698448418937,212.73171862742859,171.29728221544633,176.82173365434093,307.20626059434903,0,1.2181558529888012,1.8551834196247867,12.8872,0.83304482624888343,1.000000000002053,484.02799424868999,484.02799424868999
情景一阈值控制,13.00214521074721,24354.490998823527,99.999999997703867,1745.3637022906908,212.88658786193992,171.52182768077455,176.88508172770472,307.52232722082493,0,1.2197720090642743,1.8576185747384468,12.8872,0.83302992800981912,1.0000000000020544,484.40740894852968,484.40740894852968
情景一阈值控制,13.050688900067598,24305.372685171998,99.999999997706837,1785.9053349844321,216.35093188312385,176.63416461737705,178.31857687330586,314.66551303301321,0,1.25633116223054,1.9126853299739586,12.8872,0.83269250103542736,1.000000000002101,492.98408990631907,492.98408990631907
情景一阈值控制,13.099232589387986,24256.369822937962,99.999999997709892,1826.3488108830177,219.73925319829615,181.80522963765026,179.75207201890711,321.79140422286054,0,1.2928661001090225,1.9676791614449143,12.8872,0.83235450543334366,1.0000000000021469,501.54347624176762,501.54347624176762
情景一阈值控制,13.147776278708374,24207.482140755641,99.99999999771299,1866.6943607016392,223.05288409524724,187.03373110439844,181.18556716450846,328.90004144096162,0,1.3293767819088262,2.022599994750387,12.8872,0.83201594070322393,1.0000000000021936,510.08560860547004,510.08560860547004
情景一阈值控制,13.196319968028764,24158.709367897078,99.999999997716174,1906.942214613199,226.29313412518516,192.31840002146055,182.61906231011,335.99146524236329,0,1.3658631668032333,2.0774477556263347,12.8872,0.83167680634619512,1.0000000000022395,518.61052755247329,518.61052755247329
情景一阈值控制,13.244863657349152,24110.051234270672,99.999999997719414,1947.0926022495789,229.46129048951553,197.65798964715299,184.05255745571156,343.06571608678775,0,1.4023252139298032,2.1322223699466094,12.8872,0.83133710186486343,1.0000000000022859,527.11827354249931,527.11827354249931
情景一阈值控制,13.293407346669539,24061.507470419652,99.999999997722725,1987.1457527029215,232.55861841964159,203.05127511469627,185.48605260131328,350.12283433885869,0,1.4387628823904874,2.1869237637239838,12.8872,0.8309968267633242,1.0000000000023312,535.60888694017194,535.60888694017194
情景一阈值控制,13.341951035989929,24013.077807520618,99.999999997726107,2027.1018945268931,235.58636155063911,208.49705305876199,186.91954774691513,357.16286026832341,0,1.4751761312517331,2.2415518631111695,12.8872,0.83065598054717005,1.0000000000023777,544.08240801523857,544.08240801523857
情景一阈值控制,13.390494725310317,23964.761977382008,99.999999997729532,2066.9612557379464,238.54574228854443,213.99414124840737,188.35304289251704,364.18583405027567,0,1.5115649195445862,2.2961065944018326,12.8872,0.83031456272350135,1.0000000000024227,552.53887694279274,552.53887694279274
情景一阈值控制,13.439038414630705,23916.559712442657,99.999999997733028,2106.7240638165913,241.43796217136392,219.54137822628991,189.78653803811909,371.19179576537914,0,1.5479292062648076,2.3505878840316319,12.8872,0.82997257280093395,1.0000000000024685,560.97833380349823,560.97833380349823
情景一阈值控制,13.487582103951093,23868.47074577029,99.999999997736609,2146.390545708648,244.26420222389964,225.13762295406235,191.22003318372123,378.18078540008867,0,1.5842689503729779,2.4049956585792356,12.8872,0.82963001028960925,1.0000000000025144,569.40081858380995,569.40081858380995
情景一阈值控制,13.536125793271481,23820.494811060045,99.999999997740233,2185.960927826507,247.02562330654354,230.78175446380047,192.65352832932351,385.15284284687209,0,1.6205841107946075,2.4593298447673542,12.8872,0.82928687470120321,1.00000000000256,577.80637117619563,577.80637117619563
情景一阈值控制,13.58466948259187,23772.631642633009,99.999999997743942,2225.4354360503821,249.72336645820837,236.47267151529323,194.08702347492593,392.10800790443091,0,1.6568746464202486,2.5135903694637705,12.8872,0.82894316554893532,1.000000000002605,586.19503137935681,586.19503137935681
情景一阈值控制,13.633213171912258,23724.880975434739,99.999999997747707,2264.8142957295577,252.35855323354454,242.20929225904499,195.52051862052846,399.04632027792013,0,1.6931405161056003,2.5677771596823673,12.8872,0.82859888234757784,1.000000000002651,594.56683889844862,594.56683889844862
情景一阈值控制,13.681756861232646,23677.242545033805,99.999999997751544,2304.0977316836443,254.93228603415699,247.99055390528079,196.95401376613108,405.96781957916949,0,1.7293816786716296,2.6218901425841739,12.8872,0.82825402461346542,1.0000000000026958,602.92183334530057,602.92183334530057
情景一阈值控制,13.730300550553036,23629.716087620291,99.999999997755438,2343.2859682038193,257.44564843428196,253.81541239848721,198.38750891173387,412.87254532690207,0,1.7655980929046786,2.6759292454783967,12.8872,0.82790859186450361,1.0000000000027409,611.26005423863592,611.26005423863592
情景一阈值控制,13.778844239873424,23582.301340004393,99.999999997759403,2382.3792290540641,259.89970550105141,259.68284209736692,199.82100405733675,419.76053694695236,0,1.801789717556574,2.7298943958234543,12.8872,0.82756258362017887,1.000000000002786,619.58154100428908,619.58154100428908
情景一阈值控制,13.827387929193812,23534.998039614908,99.999999997763425,2421.3777374724145,262.29550410924026,265.59183546031085,201.25449920293974,426.63183377248617,0,1.8379565113447487,2.7837855212280269,12.8872,0.82721599940156731,1.0000000000028308,627.88633297542594,627.88633297542594
情景一阈值控制,13.875931618514199,23487.805924497803,99.999999997767517,2460.2817161721869,264.6340732506294,271.54140273625188,202.68799434854284,433.4864750442174,0,1.8740984329523502,2.8376025494520949,12.8872,0.82686883873134431,1.0000000000028755,636.17446939276022,636.17446939276022
情景一阈值控制,13.924475307834587,23440.724733314761,99.999999997771681,2499.091387343216,266.91642433809722,277.53057166079128,204.12148949414609,440.32449991062549,0,1.9102154410283583,2.8913454084079833,12.8872,0.8265211011337934,1.0000000000029208,644.44598940477158,644.44598940477158
情景一阈值控制,13.973018997154977,23393.754205341738,99.999999997775888,2537.8069726530866,269.14355150458414,283.5583871574508,205.55498463974948,447.14594742817269,0,1.9463074941877001,2.9450140261614113,12.8872,0.82617278613481626,1.000000000002965,652.70093206792217,652.70093206792217
情景一阈值控制,14,23367.695330363673,99.999999997778261,2559.2848321477354,270.35789174053843,286.9250624049094,206.35173365374769,450.93021389758974,0,1.9663569649288029,2.9748113827890283,12.8872,0.82597893981963799,1.0000000000029901,657.28194755133745,657.28194755133745
情景一阈值控制,14.021562686475365,23346.894080467522,99.999999997780165,2576.4286932483556,271.31643189707614,289.62391104390451,206.98847978535298,453.95085656151912,0,1.9823745510113635,2.9986083309325342,12.8872,0.82582389326194128,1.00000000000301,660.9393363468721,660.9393363468721
情景一阈值控制,14.070106375795753,23300.144099192268,99.999999997784514,2614.9567697557814,273.43602596547197,295.72622174332918,208.42197493095659,460.73926618374031,0,2.01841657004652,3.0521282510970074,12.8872,0.82547442204433352,1.0000000000030542,669.16124111469685,669.16124111469685
情景一阈值控制,14.118650065116142,23253.504002626098,99.999999997788919,2653.3914222835483,275.50327774642392,301.86441400077769,209.85547007656038,467.51121507654142,0,2.05443350980664,3.1055737151870302,12.8872,0.82512437201280364,1.0000000000030984,677.3666851531018,677.3666851531018
情景一阈值控制,14.16719375443653,23206.973532487635,99.999999997793395,2691.7328704224756,277.51911514259638,308.03759860413459,211.28896522216422,474.26674193047143,0,2.0904253287716053,3.1589446518923965,12.8872,0.82477374269981762,1.0000000000031426,685.5557071526357,685.5557071526357
情景一阈值控制,14.215737443756918,23160.552431102595,99.999999997797929,2729.9813332472431,279.48445019707498,314.2449021099228,212.72246036776821,481.00588534513884,0,2.1263919853878375,3.2122409900615629,12.8872,0.82442253363950568,1.0000000000031868,693.72834571290707,693.72834571290707
情景一阈值控制,14.264281133077308,23114.240441402348,99.999999997802519,2768.1370293176028,281.40017936309454,320.48546657378864,214.15595551337239,487.72868382942471,0,2.1623334380684143,3.2654626587027029,12.8872,0.82407074436767225,1.0000000000032312,701.88463934279707,701.88463934279707
情景一阈值控制,14.312824822397696,23068.037306922495,99.999999997807166,2806.2001766795811,283.26718376915869,326.75844928559451,215.58945065897663,494.43517580169521,0,2.1982496451931839,3.3186095869847581,12.8872,0.82371837442180529,1.0000000000032745,710.02462646067181,710.02462646067181
情景一阈值控制,14.361368511718084,23021.942771801452,99.999999997811898,2844.1709928666983,285.08632947967857,333.06302250899483,217.02294580458098,501.12539959001572,0,2.2341405651088957,3.3716817042385157,12.8872,0.82336542334108498,1.0000000000033189,718.14834539459673,718.14834539459673
情景一阈值控制,14.409912201038471,22975.956580779035,99.999999997816701,2882.0496949011649,286.85846775125611,339.39837322536368,218.45644095018551,507.79939343236236,0,2.2700061561293161,3.4246789399576643,12.8872,0.82301189066639435,1.0000000000033626,726.25583438254785,726.25583438254785
情景一阈值控制,14.458455890358859,22930.078479195039,99.999999997821547,2919.8364992950856,288.58443528460964,345.76370288208102,219.88993609579015,514.45719547683336,0,2.3058463765353516,3.4776012237998608,12.8872,0.82265777594032785,1.0000000000034059,734.34713157262354,734.34713157262354
情景一阈值控制,14.506999579679249,22884.308212987831,99.999999997826464,2957.5316220516606,290.26505447197519,352.15822714534352,221.32343124139501,521.09884378186155,0,2.341661184575174,3.5304484855878013,12.8872,0.82230307870720121,1.000000000003449,742.42227502325659,742.42227502325659
情景一阈值控制,14.555543268999637,22838.645528692949,99.999999997831438,2995.1352786663751,291.90113364059357,358.58117565688673,222.75692638699991,527.72437631642322,0,2.3774505384643394,3.5832206553102828,12.8872,0.82194779851306055,1.0000000000034928,750.48130270342313,750.48130270342313
情景一阈值控制,14.604086958320025,22793.090173441688,99.999999997836468,3032.6476841282038,293.49346729195111,365.0317917949564,224.19042153260494,534.33383096025045,0,2.4132143963859187,3.6359176631232861,12.8872,0.8215919349056926,1.0000000000035365,758.52425249285534,758.52425249285534
情景一阈值控制,14.652630647640414,22747.641894959703,99.99999999784157,3070.0690529207918,295.04283633695087,371.50933243934611,225.62391667821018,540.92724550403977,0,2.4489527164906217,3.6885394393510449,12.8872,0.8212354874346337,1.0000000000035789,766.55116218224998,766.55116218224998
情景一阈值控制,14.701174336960802,22702.300441565629,99.999999997846729,3107.3995990236431,296.55000832705764,378.01306774046066,227.05741182381544,547.50465764966088,0,2.4846654568969155,3.7410859144871145,12.8872,0.82087845565117923,1.0000000000036218,774.5620694734763,774.5620694734763
情景一阈值控制,14.74971802628119,22657.065562169646,99.999999997851958,3144.6395359133116,298.01573768152554,384.54228089229912,228.49090696942091,554.0661050103671,0,2.5203525756911609,3.7935570191954593,12.8872,0.82052083910839335,1.0000000000036651,782.55701197978806,782.55701197978806
情景一阈值控制,14.798261715601578,22611.937006272139,99.999999997857245,3181.789076564578,299.4407659108175,391.09626790924227,229.92440211502651,560.6116251110019,0,2.5560140309277339,3.8459526843115266,12.8872,0.82016263736111883,1.0000000000037077,790.53602722602841,790.53602722602841
情景一阈值控制,14.846805404921966,22566.914523962274,99.999999997862588,3218.848433451632,300.82582183627784,397.67433740658856,231.35789726063223,567.14125538820804,0,2.5916497806291554,3.8982728408433274,12.8872,0.8198038499659861,1.0000000000037503,798.49915264884021,798.49915264884021
情景一阈值控制,14.895349094242356,22521.997865916626,99.999999997867988,3255.8178185492484,302.1716218058379,404.27581038505537,232.79139240623815,573.65503319063441,0,2.6272597827862199,3.9505174199725204,12.8872,0.81944447648142316,1.0000000000037932,806.44642559687259,806.44642559687259
情景一阈值控制,14.943892783562744,22477.186783397807,99.999999997873459,3292.697443333956,303.47886990625847,410.90002001874296,234.22488755184418,580.15299577914209,0,2.6628439953581213,4.0026863530554904,12.8872,0.81908451646766522,1.0000000000038352,814.37788333098626,814.37788333098626
情景一阈值控制,14.992436472883131,22432.481028253067,99.999999997879002,3329.4875187852176,304.74825817172973,417.54631144674227,235.65838269745032,586.63518032701211,0,2.6984023762725879,4.0547795716244446,12.8872,0.81872396948676396,1.0000000000038778,822.2935630244624,822.2935630244624
情景一阈值控制,15,22425.524952424952,99.999999997879868,3335.2116814716965,304.94267503188138,418.58380772822619,235.88173365320756,587.64374251289132,0,2.7039403512342748,4.0628893241870427,12.8872,0.81866774026507261,1.000000000003884,823.52547616609888,823.52547616609888
情景一阈值控制,15.040980162203521,22387.880352912947,99.999999997884615,3366.1882553865948,305.98046678890859,424.21404156830255,237.09187784305664,593.10162392015047,0,2.7339348834260129,4.1067970073884927,12.8872,0.81836283510259766,1.00000000000392,830.19350176320711,830.19350176320711
情景一阈值控制,15.089523851523909,22343.384510389886,99.999999997890285,3402.799863126907,307.17616429844446,430.90257884151021,238.52537298866307,599.55236355729323,0,2.7694414746835769,4.1587385922347355,12.8872,0.8180011128808804,1.0000000000039622,838.07773654595633,838.07773654595633
情景一阈值控制,15.138067540844297,22298.993254276862,99.999999997895998,3439.3225515014046,308.33600779308051,437.61130308539401,239.95886813426969,605.98743615021226,0,2.8049221078793929,4.2106042582293624,12.8872,0.81763880238917197,1.0000000000040039,845.94630428448193,845.94630428448193
情景一阈值控制,15.186611230164687,22254.706338746026,99.999999997901753,3475.7565295129234,309.46064311242549,444.33960528535692,241.39236327987638,612.4068785239192,0,2.8403767408166316,4.2623939376187412,12.8872,0.81727590319688737,1.0000000000040454,853.79924180379555,853.79924180379555
情景一阈值控制,15.235154919485074,22210.52351854735,99.999999997907565,3512.1020056730417,310.55070503447843,451.08688740185454,242.82585842548323,618.81072741686876,0,2.8758053312676513,4.3141075628305048,12.8872,0.81691241487530664,1.000000000004087,861.63658584235202,861.63658584235202
情景一阈值控制,15.283698608805462,22166.444549007254,99.999999997913463,3548.3591880032382,311.60681746373592,457.85256218249293,244.2593535710902,625.19901948116353,0,2.9112078369741416,4.3657450664746618,12.8872,0.81654833699758445,1.0000000000041283,869.45837305225371,869.45837305225371
情景一阈值控制,15.33224229812585,22122.469186027251,99.999999997919403,3584.528284036041,312.62959361617357,464.63605297724877,245.69284871669737,631.57179128275584,0,2.9465842156472508,4.4173063813446838,12.8872,0.81618366913875962,1.0000000000041702,877.26463999945327,877.26463999945327
情景一阈值控制,15.380785987446238,22078.597186082614,99.999999997925414,3620.6095008161778,313.61963620113681,471.43679355678188,247.12634386230462,637.92907930165086,0,2.9819344249677235,4.4687914404186087,12.8872,0.81581841087576557,1.0000000000042111,885.05542316395554,885.05542316395554
情景一阈值控制,15.429329676766628,22034.828306220999,99.999999997931468,3656.6030449017258,314.57753760010218,478.25422793387548,248.5598390079121,644.27091993210854,0,3.0172584225860395,4.5202001768601443,12.8872,0.81545256178743886,1.0000000000042522,892.83075894002059,892.83075894002059
情景一阈值控制,15.477873366087016,21991.162304061138,99.999999997937579,3692.5091223652457,315.50388004238118,485.08781018793343,249.99333415351964,650.59734948284404,0,3.0525561661225429,4.5715325240197577,12.8872,0.81508612145452997,1.000000000004293,900.59068363636368,900.59068363636368
情景一阈值控制,15.526417055407403,21947.598937791456,99.99999999794376,3728.327938794936,316.39923577782997,491.93700429247292,251.42682929912735,656.90840417723064,0,3.087827613167589,4.6227884154357994,12.8872,0.8147190894597125,1.0000000000043343,908.33523347635798,908.33523347635798
情景一阈值控制,15.574960744727793,21904.13796616875,99.999999997950013,3764.0596992957621,317.26416724664853,498.80128394552503,252.86032444473531,663.20412015349962,0,3.1230727212816771,4.6739677848355976,12.8872,0.81435146538759318,1.0000000000043749,916.0644445982349,916.0644445982349
情景一阈值控制,15.623504434048181,21860.779148516867,99.999999997956309,3799.7046084905955,318.09922724635101,505.68013240286376,254.29381959034333,669.48453346493909,0,3.1582914479955893,4.7250705661365604,12.8872,0.81398324882472151,1.0000000000044158,923.77835305528242,923.77835305528242
情景一阈值控制,15.672048123368569,21817.522244725355,99.999999997962675,3835.262870521346,318.90495909581853,512.57304231415503,255.72731473595147,675.74968008009603,0,3.1934837508105329,4.7760966934473013,12.8872,0.81361443935959965,1.0000000000044555,931.47699481604752,931.47699481604752
情景一阈值控制,15.720591812688959,21774.367015248117,99.999999997969084,3870.7346890500953,319.68189679651681,519.47951556193641,257.16080988155983,681.99959588297372,0,3.2286495871982814,4.8270461010687367,12.8872,0.81324503658269176,1.000000000004496,939.16040576453361,939.16040576453361
情景一阈值控制,15.769135502009345,21731.313221102129,99.99999999797555,3906.1202672602167,320.43056519109706,526.39906310321464,258.59430502716828,688.23431667323041,0,3.2637889146013075,4.8779187234951964,12.8872,0.81287504008643463,1.0000000000045361,946.82862170039868,946.82862170039868
情景一阈值控制,15.817679191329734,21688.360623866072,99.999999997982073,3941.4198078575146,321.15148011924668,533.33120481381616,260.02780017277689,694.45387816637935,0,3.2989016904329396,4.9287144954155542,12.8872,0.81250444946524691,1.0000000000045759,954.48167833915625,954.48167833915625
情景一阈值控制,15.866222880650122,21645.508985679044,99.999999997988624,3976.6335130713296,321.84514857087947,540.27546933539031,261.46129531838568,700.65831599398416,0,3.333987872077488,4.9794333517143192,12.8872,0.81213326431553889,1.0000000000046159,962.1196113123699,962.1196113123699
情景一阈值控制,15.91476656997051,21602.758069239218,99.999999997995261,4011.7615846556723,322.51206883671063,547.23139392503492,262.89479046399452,706.84766570385761,0,3.3690474168903988,5.0300752274727705,12.8872,0.8117614842357227,1.0000000000046561,969.7424561678522,969.7424561678522
情景一阈值控制,15.9633102592909,21560.10763780255,99.999999998001968,4046.8042238903345,323.15273065628645,554.19852430746289,264.32828560960365,713.02196276025893,0,3.4040802821983962,5.0806400579700712,12.8872,0.81138910882622206,1.0000000000046951,977.35024836986258,977.35024836986258
情景一阈值控制,16,21527.938603030379,99.999999998007084,4073.2331897273671,323.61981889115367,559.47150500772455,265.41173365272692,717.67858365226982,0,3.4305406965171383,5.1188062336818314,12.8872,0.81110726900734376,1.0000000000047251,983.09031730499669,983.09031730499669
情景一阈值控制,16.011853948611289,21517.557455181442,99.999999998008747,4081.7616315820023,323.76761536354132,561.17641452963994,265.76178075521295,719.18124254408849,0,3.4390864252996218,5.1311277786843803,12.8872,0.81101613768948178,1.0000000000047344,984.94302329930144,984.94302329930144
情景一阈值控制,16.060397637931676,21475.107285743466,99.999999998015554,4116.6340080653699,324.35719602987172,568.16462681790824,267.19527590082231,725.32554035308453,0,3.4740658034637835,5.18153832529398,12.8872,0.810642570429978,1.0000000000047737,992.52081625390679,992.52081625390679
情景一阈值控制,16.108941327252065,21432.756894410035,99.999999998022432,4151.4215532042572,324.92193760465074,575.16273143766773,268.62877104643184,731.45489140202051,0,3.5090183739323084,5.2318716336784084,12.8872,0.81026840665422806,1.000000000004813,1000.0836624484523,1000.0836624484523
情景一阈值控制,16.157485016572451,21390.506046655108,99.999999998029367,4186.1244663926982,325.46229705351567,582.17030655528129,270.06226619204153,737.56933082289606,0,3.5439440939184732,5.2821276399195565,12.8872,0.80989364597080027,1.0000000000048521,1007.6315970149376,1007.6315970149376
情景一阈值控制,16.206028705892841,21348.35450850389,99.99999999803633,4220.7429465560663,325.97872349424165,589.18693810239836,271.4957613376514,743.66889366513635,0,3.5788429206075714,5.3323062803028263,12.8872,0.80951828799032377,1.000000000004891,1015.1646550027878,1015.1646550027878
情景一阈值控制,16.254572395213231,21306.302046531542,99.999999998043364,4255.2771921521598,326.47165833030544,596.21221964258302,272.92925648326144,749.75361489578177,0,3.6137148111570423,5.3824074913182303,12.8872,0.80914233232549848,1.0000000000049296,1022.6828713790433,1022.6828713790433
情景一阈值控制,16.303116084533617,21264.348427861885,99.99999999805047,4289.727401172303,326.94153538216182,603.24575224023158,274.36275162887154,755.82352939968382,0,3.6485597226966306,5.4324312096615284,12.8872,0.8087657785911051,1.0000000000049685,1030.1862810285554,1030.1862810285554
情景一阈值控制,16.351659773854006,21222.493420166105,99.999999998057618,4324.0937711424576,327.388781016297,610.28714433171501,275.79624677448186,761.87867197969922,0,3.6833776123285404,5.482377372235371,12.8872,0.80838862640401499,1.0000000000050064,1037.6749187541811,1037.6749187541811
情景一阈值控制,16.400203463174392,21180.736791661482,99.999999998064823,4358.3764991242924,327.81381427211818,617.3360115986776,277.22974192009229,767.9190773568796,0,3.7181684371275696,5.532245916150405,12.8872,0.80801087538320004,1.0000000000050444,1045.1488192769718,1045.1488192769718
情景一阈值控制,16.448747152494782,21139.078311110075,99.99999999807207,4392.5757817162994,328.21704698671249,624.39197684347482,278.66323706570296,773.94478017066774,0,3.7529321541412797,5.5820367787264322,12.8872,0.80763252514974249,1.0000000000050826,1052.6080172363706,1052.6080172363706
情景一阈值控制,16.497290841815172,21097.517747817485,99.999999998079403,4426.6918150548618,328.59888391735234,631.45466986685608,280.09673221131385,779.9558149790854,0,3.7876687203901316,5.6317498974935178,12.8872,0.80725357532684539,1.0000000000051206,1060.0525471903993,1060.0525471903993
情景一阈值控制,16.545834531135558,21056.054871631542,99.999999998086764,4460.7247948153499,328.95972286204119,638.52372734761218,281.53022735692468,785.9522162589268,0,3.8223780928676439,5.6813852101931399,12.8872,0.80687402553984211,1.0000000000051579,1067.4824436158515,1067.4824436158515
情景一阈值控制,16.594378220455948,21014.689452941049,99.999999998094182,4494.6749162132119,329.29995477798252,645.59879272429828,282.96372250253586,791.93401840595061,0,3.8570602285405551,5.7309426547793327,12.8872,0.8064938754162061,1.0000000000051956,1074.8977409084864,1074.8977409084864
情景一阈值控制,16.642921909776337,20973.421262674492,99.999999998101657,4528.5423740050364,329.61996389802749,652.6795160789743,284.3972176481472,797.90125573506771,0,3.8917150843489612,5.7804221694198006,12.8872,0.80611312458556161,1.0000000000052331,1082.298473383215,1082.298473383215
情景一阈值控制,16.691465599096723,20932.250072298812,99.999999998109203,4562.3273624896447,329.92012784512855,659.76555402294196,285.83071279375855,803.85396248053257,0,3.9263426172064775,5.8298236924970741,12.8872,0.8057317726796932,1.00000000000527,1089.6846752742911,1089.6846752742911
情景一阈值控制,16.740009288417113,20891.175653818074,99.999999998116792,4596.0300755091685,330.20081774484891,666.85656958442735,287.26420793937018,809.79217279613431,0,3.9609427840004026,5.8791471626096534,12.8872,0.80534981933255556,1.0000000000053075,1097.0563807355045,1097.0563807355045
情景一阈值控制,16.788552977737503,20850.197779772272,99.999999998124423,4629.6507064501102,330.46239833598059,673.95223209814856,288.69770308498198,815.71592075538297,0,3.9955155415918586,5.9283925185731325,12.8872,0.80496726418028397,1.0000000000053444,1104.4136238403648,1104.4136238403648
情景一阈值控制,16.837096667057889,20809.316223236026,99.999999998132097,4663.189448244425,330.70522807931746,681.05221709673253,290.13119823059384,821.62524035169963,0,4.0300608468159558,5.9775596994213505,12.8872,0.80458410686120407,1.0000000000053808,1111.7564385822934,1111.7564385822934
情景一阈值控制,16.885640356378278,20768.530757817342,99.999999998139828,4696.6464933705929,330.92965926448306,688.15620620407776,291.56469337620598,827.52016549860605,0,4.0645786564819559,6.0266486444075449,12.8872,0.80420034701584175,1.0000000000054174,1119.084858874812,1119.084858874812
情景一阈值控制,16.934184045698665,20727.841157656356,99.999999998147629,4730.0220338546642,331.13603811499314,695.26388703047519,292.99818852181812,833.40073002990903,0,4.0990689273734171,6.0756592930054749,12.8872,0.80381598428693346,1.0000000000054541,1126.3989185517271,1126.3989185517271
情景一阈值控制,16.982727735019054,20687.247197424073,99.999999998155474,4763.3162612713504,331.32470489155457,702.37495306950143,294.4316836674306,839.26696769989223,0,4.1335316162483657,6.1245915849105916,12.8872,0.8034310183194362,1.0000000000054901,1133.6986513673228,1133.6986513673228
情景一阈值控制,17,20672.826541046172,99.999999998158273,4775.143058826694,331.38762545253513,704.90589133107278,294.94173365231137,841.35077653756605,0,4.1457870782553972,6.1419832067032578,12.8872,0.80329389852433741,1.0000000000055027,1136.2925101898775,1136.2925101898775
情景一阈值控制,17.031271424339444,20646.748652321141,99.999999998163361,4796.5293667450633,331.49599399358885,709.48910359667809,295.8651788130432,845.11891218349854,0,4.1679666798394459,6.1734454600411635,12.8872,0.80304544876053718,1.000000000005526,1140.9840909965417,1140.9840909965417
情景一阈值控制,17.07981511365983,20606.345298076591,99.999999998171305,4829.6615409509795,331.65023405901883,716.6060435698738,297.29867395865585,850.9565970765193,0,4.2023740748540828,6.2222208585394316,12.8872,0.80265927525966441,1.0000000000055624,1148.2552710351752,1148.2552710351752
情景一阈值控制,17.12835880298022,20566.03691094659,99.999999998179291,4862.712974116107,331.7877480623556,723.72548353140326,298.73216910426885,856.78005589578072,0,4.2367537579746513,6.2709177207727729,12.8872,0.80227249746849649,1.000000000005598,1155.5122250000495,1155.5122250000495
情景一阈值控制,17.176902492300606,20525.823267713218,99.999999998187349,4895.6838560203196,331.90885341113341,730.84713951177685,300.16566424988184,862.58932207932708,0,4.2711056858586227,6.3195359873348247,12.8872,0.8018851150409726,1.0000000000056339,1162.7549863292088,1162.7549863292088
情景一阈值控制,17.225446181620995,20485.704145683212,99.999999998195463,4928.5743759974284,332.01386204073577,737.97073293506139,301.59915939549518,868.3844289866089,0,4.3054298151387433,6.3680755990466613,12.8872,0.80149712763330272,1.0000000000056692,1169.983588382104,1169.983588382104
情景一阈值控制,17.273989870941385,20445.679322686759,99.999999998203606,4961.3847229362118,332.10308050756112,745.09599052589704,303.03265454110857,874.16540989866462,0,4.3397261024231861,6.4165364969579288,12.8872,0.80110853490397771,1.0000000000057041,1177.1980644397731,1177.1980644397731
情景一阈值控制,17.322533560261775,20405.748577076243,99.999999998211806,4994.1150852814726,332.17681008058736,752.22264421811872,304.46614968672219,879.93229801830705,0,4.3739945042957178,6.4649186223480051,12.8872,0.80071933651377913,1.0000000000057392,1184.3984477050292,1184.3984477050292
情景一阈值控制,17.371077249582161,20365.911687725027,99.999999998220062,5026.7656510350753,332.23534683144243,759.3504310648683,305.89964483233587,885.68512647030639,0,4.408234977315864,6.5132219167271517,12.8872,0.80032953212578972,1.0000000000057745,1191.5847713026424,1191.5847713026424
情景一阈值控制,17.41962093890255,20326.168434026218,99.999999998228375,5059.336607756999,332.27898172291538,766.47909315026925,307.33313997794983,891.42392830157451,0,4.4424474780190799,6.5614463218376837,12.8872,0.79993912140540335,1.0000000000058085,1198.7570682795244,1198.7570682795244
情景一阈值控制,17.468164628222937,20286.518595891477,99.999999998236746,5091.8281425663581,332.30800069595568,773.60837750260623,308.76663512356384,897.1487364813463,0,4.4766319629169029,6.6095917796551005,12.8872,0.79954810402033472,1.0000000000058433,1205.9153716049102,1205.9153716049102
情景一阈值控制,17.516708317543326,20246.961953749746,99.999999998245158,5124.2404421424553,332.32268475518788,780.73803600899805,310.20013026917815,902.85958390136454,0,4.5107883884971374,6.6576582323892701,12.8872,0.79915647964063019,1.0000000000058775,1213.0597141705427,1213.0597141705427
情景一阈值控制,17.565252006863716,20207.498288546089,99.9999999982536,5156.5736927258049,332.32331005298101,787.86782533150597,311.63362541479262,908.55650337605937,0,4.5449167112240048,6.7056456224855667,12.8872,0.7987642479386774,1.0000000000059117,1220.190128790852,1220.190128790852
情景一阈值控制,17.613795696184102,20168.127381740444,99.999999998262084,5188.8280801191613,332.31014797211361,794.99750682465185,313.06712056040715,914.2395276427319,0,4.5790168875383213,6.7535538926260363,12.8872,0.7983714085892154,1.0000000000059459,1227.306648203139,1227.306648203139
情景一阈值控制,17.662339385504492,20128.849015306419,99.999999998270624,5221.0037896885688,332.28346520702371,802.12684645435183,314.50061570602196,919.90868936173581,0,4.6130888738576683,6.8013829857305703,12.8872,0.79797796126934517,1.0000000000059792,1234.4093050677577,1234.4093050677577
情景一阈值控制,17.710883074824878,20089.662971730097,99.999999998279236,5253.1010063643562,332.24352384361293,809.25561471828905,315.93411085163677,925.56402111665591,0,4.6471326265765542,6.849132844958044,12.8872,0.79758390565853898,1.0000000000060134,1241.4981319682927,1241.4981319682927
情景一阈值控制,17.759426764145267,20050.569034008808,99.999999998287876,5285.1199146421941,332.19058143778051,816.38358656756373,317.36760599725193,931.20555541449164,0,4.6811481020665955,6.8968034137075023,12.8872,0.79718924143865155,1.0000000000060465,1248.5731614117435,1248.5731614117435
情景一阈值控制,17.807970453465657,20011.566985649955,99.999999998296587,5317.0606985840877,332.12489109258792,823.5105413297058,318.80110114286725,936.83332468583455,0,4.7151352566766782,6.944394635619302,12.8872,0.79679396829392912,1.0000000000060798,1255.6344258287018,1255.6344258287018
情景一阈值控制,17.856514142786047,19972.656610669801,99.999999998305356,5348.9235418194157,332.04670153411018,830.63626263300466,320.23459628848281,942.44736128504906,0,4.7490940467331324,6.9919064545762906,12.8872,0.79639808591102046,1.0000000000061131,1262.6819575735319,1262.6819575735319
情景一阈值控制,17.905057832106433,19933.837693592261,99.999999998314152,5380.7086275459351,331.95625718598961,837.76053833213382,321.66809143409836,948.04769749045079,0,4.7830244285399068,7.0393388147049585,12.8872,0.79600159397898673,1.0000000000061455,1269.7157889245491,1269.7157889245491
情景一阈值控制,17.953601521426823,19895.110019447737,99.999999998322991,5412.4161385308089,331.8537982427265,844.88316043504085,323.10158657971419,953.63436550448773,0,4.8169263583787458,7.0866916603766255,12.8872,0.79560449218931095,1.0000000000061786,1276.7359520842019,1276.7359520842019
情景一阈值控制,18,19858.178859467447,99.999999998331461,5442.6501117052239,331.74485459612339,851.68929088751111,324.47173365196568,958.96140523811175,0,4.8493034824275192,7.1318775479515786,12.8872,0.79522436855099776,1.0000000000062095,1283.4331388900773,1283.4331388900773
情景一阈值控制,18.002145210747209,19856.4733737719,99.999999998331845,5444.0462571116032,331.73956074174151,852.00392503105991,324.53508172533009,959.20739745391461,0,4.8507997925093527,7.1339649362085771,12.8872,0.79520678023590952,1.000000000006211,1283.7424791792446,1283.7424791792446
情景一阈值控制,18.050688900067598,19817.927542604517,99.999999998340769,5475.5991651973072,331.61377663422473,859.12263222024444,325.96857687094632,964.76682538997511,0,4.8846446871695752,7.1811585870652594,12.8872,0.7948084578151412,1.000000000006243,1290.7354022609215,1290.7354022609215
情景一阈值控制,18.099232589387988,19779.472312488269,99.999999998349736,5507.0750442693379,331.47667385470743,866.23908604396968,327.40207201656261,970.31268128857562,0,4.9184609985755756,7.2282725580594311,12.8872,0.7944095246258176,1.0000000000062756,1297.7147533051382,1297.7147533051382
情景一阈值控制,18.147776278708374,19741.107470467563,99.99999999835876,5538.4740753825399,331.32847638952245,873.35309441665049,328.83556716217907,975.84499705046414,0,4.9522486829220025,7.2753067945533338,12.8872,0.79400998036921389,1.0000000000063076,1304.6805642126433,1304.6805642126433
情景一阈值控制,18.196319968028764,19702.832804087342,99.999999998367826,5569.7964391661999,331.1694043440811,880.4644690586432,330.26906230779571,981.3638045014078,0,4.9860076963821847,7.3222612421598754,12.8872,0.79360982474907804,1.0000000000063394,1311.6328668092035,1311.6328668092035
情景一阈值控制,18.24486365734915,19664.648101391933,99.999999998376921,5601.0423158250323,330.99967400900425,887.57302543028641,331.70255745341251,986.86913539236662,0,5.0197379951082866,7.3691358467437738,12.8872,0.79320905747164172,1.0000000000063709,1318.5716928457791,1318.5716928457791
情景一阈值控制,18.293407346669539,19626.55315092385,99.999999998386059,5632.2118851401938,330.81949792512012,894.67858266708402,333.13605259902954,992.36102139967227,0,5.0534395352315054,7.4159305544227596,12.8872,0.79280767824563014,1.0000000000064022,1325.4970739987018,1325.4970739987018
情景一阈值控制,18.341951035989929,19588.547741722639,99.999999998395253,5663.3053264702612,330.62908494735842,901.78096351598208,334.5695477446468,997.83949412520042,0,5.0871122728622371,7.4626453115687204,12.8872,0.79240568678227219,1.0000000000064335,1332.4090418698472,1332.4090418698472
情景一阈值控制,18.390494725310315,19550.6316633237,99.999999998404505,5694.3228187522354,330.42864030757102,908.87999427272507,336.00304289026411,1003.3045850965478,0,5.1207561640902606,7.5092800648088813,12.8872,0.79200308279531106,1.0000000000064644,1339.3076279868119,1339.3076279868119
情景一阈值控制,18.439038414630705,19512.80470575712,99.999999998413799,5725.2645405025351,330.21836567630214,915.97550472026194,337.43653803588171,1008.7563257672075,0,5.1543711649849282,7.5558347610269943,12.8872,0.79159986600101373,1.000000000006495,1346.1928638030893,1346.1928638030893
情景一阈值控制,18.487582103951091,19475.066659546537,99.999999998423135,5756.1306698179715,329.99845922345395,923.06732806825073,338.87003318149937,1014.1947475167399,0,5.1879572315953268,7.6023093473644821,12.8872,0.79119603611818168,1.0000000000065259,1353.0647806982392,1353.0647806982392
情景一阈值控制,18.536125793271481,19437.417315707928,99.999999998432514,5786.9213843767538,329.76911567795372,930.1553008935698,340.30352832711731,1019.6198816509502,0,5.2215143199504812,7.6487037712216406,12.8872,0.79079159286816092,1.0000000000065561,1359.9234099780674,1359.9234099780674
情景一阈值控制,18.58466948259187,19399.856465748497,99.999999998441936,5817.6368614394551,329.53052638641469,937.23926308182638,341.73702347273547,1025.0317594020592,0,5.2550423860595217,7.6950179802587915,12.8872,0.79038653597485209,1.0000000000065861,1366.7687828747946,1366.7687828747946
情景一阈值控制,18.63321317191226,19362.383901665511,99.999999998451401,5848.2772778500057,329.28287937079,944.31905776987765,343.17051861835375,1030.4304119288765,0,5.2885413859118735,7.7412519223974705,12.8872,0.78998086516472088,1.000000000006616,1373.6009305472303,1373.6009305472303
情景一阈值控制,18.681756861232646,19324.999415945138,99.999999998460936,5878.8428100366636,329.02635938504,951.39453128933508,344.60401376397215,1035.8158703169752,0,5.322011275477438,7.7874055458215947,12.8872,0.78957458016680782,1.0000000000066462,1380.4198840809472,1380.4198840809472
情景一阈值控制,18.730300550553036,19287.702801561289,99.999999998470486,5909.3336340130054,328.76114797083534,958.46553311103537,346.03750890959077,1041.1881655788618,0,5.3554520107067898,7.8334787989786534,12.8872,0.78916768071273891,1.000000000006676,1387.2256744884526,1387.2256744884526
情景一阈值控制,18.778844239873422,19250.493851974508,99.999999998480064,5939.749925378881,328.48742351232056,965.53191579044528,347.47100405520951,1046.5473286541478,0,5.38886354753134,7.8794716305808601,12.8872,0.78876016653673564,1.0000000000067055,1394.0183327093573,1394.0183327093573
情景一阈值控制,18.827387929193812,19213.372361130787,99.999999998489699,5970.0918593214083,328.20536128996446,972.59353491398656,348.90449920082852,1051.8933904097237,0,5.4222458418635489,7.9253839896063587,12.8872,0.78835203737562498,1.0000000000067346,1400.7978896105521,1400.7978896105521
情景一阈值控制,18.875931618514201,19176.338123460449,99.999999998499362,6000.3596106159221,327.91513353346465,979.65024904629854,350.33799434644772,1057.2263816399263,0,5.4555988495970897,7.9712158253003764,12.8872,0.78794329296884991,1.0000000000067637,1407.564375986374,1407.564375986374
情景一阈值控制,18.924475307834587,19139.39093387701,99.999999998509082,6030.5533536269568,327.61690947374831,986.70191967840992,351.77148949206702,1062.5463330667117,0,5.4889225266070483,8.0169670871764112,12.8872,0.78753393305847952,1.0000000000067923,1414.3178225587787,1414.3178225587787
情景一阈值控制,18.973018997154977,19102.530587776026,99.999999998518845,6060.6732623092103,327.31085539411993,993.74841117676203,353.20498463768661,1067.8532753398256,0,5.5222168287501168,8.0626377250174208,12.8872,0.78712395738921881,1.0000000000068212,1421.0582599775121,1421.0582599775121
情景一阈值控制,19,19082.080761211473,99.999999998524288,6077.3823088426852,327.13742275256396,997.66262384939171,354.00173365169383,1070.7973063568975,0,5.540709373204872,8.08798698347635,12.8872,0.78689582303606942,1.000000000006837,1424.7990400085914,1424.7990400085914
情景一阈值控制,19.021562686475363,19065.756881033976,99.999999998528637,6090.7195102084961,326.99713468052443,1000.7895907331127,354.6384797833062,1073.1472390369711,0,5.5554817118647684,8.108227688876978,12.8872,0.78671336570841954,1.0000000000068499,1427.7857188202772,1427.7857188202772
情景一阈值控制,19.070106375795753,19029.069610007122,99.999999998538485,6120.6922704627204,326.67590787095145,1007.8253283153045,356.07197492892618,1078.4282546639797,0,5.5887171317714621,8.1537369290804804,12.8872,0.78630215776609014,1.0000000000068776,1434.500229592906,1434.500229592906
情景一阈值控制,19.118650065116142,18992.468571530397,99.999999998548361,6150.5917158028278,326.34733270399738,1014.8554966188688,357.50547007454628,1083.6963526549796,0,5.6219230442728243,8.1991653962262987,12.8872,0.78589033331490554,1.0000000000069058,1441.2018227295259,1441.2018227295259
情景一阈值控制,19.167193754436532,18955.953562916256,99.99999999855828,6180.4180185537643,326.01156416660592,1021.879971019455,358.93896522016655,1088.9515633725641,0,5.6550994051538401,8.2445130411869751,12.8872,0.78547789211021801,1.0000000000069338,1447.8905285927308,1447.8905285927308
情景一阈值控制,19.215737443756918,18919.524381953575,99.999999998568242,6210.1713506354281,325.66875454101148,1028.8986295260554,360.37246036578694,1094.1939171079596,0,5.6882461701820501,8.2897798151103963,12.8872,0.78506483391006687,1.0000000000069613,1454.5663774737466,1454.5663774737466
情景一阈值控制,19.264281133077308,18883.180826906515,99.999999998578232,6239.8518835636305,325.31905345087563,1035.9113527350373,361.80595551140755,1099.4234440811949,0,5.7213632951077473,8.3349656694209919,12.8872,0.78465115847518896,1.0000000000069889,1461.2293995926025,1461.2293995926025
情景一阈值控制,19.312824822397694,18846.922696513422,99.999999998588265,6269.4597884510313,324.96260790660801,1042.9180237849869,363.23945065702827,1104.6401744412663,0,5.7544507356641583,8.380070555820879,12.8872,0.7842368655690285,1.0000000000070162,1467.8796250982946,1467.8796250982946
情景一阈值控制,19.361368511718084,18810.749789985693,99.999999998598341,6298.9952360081015,324.59956234996173,1049.9185283122843,364.67294580264928,1109.8441382663063,0,5.7875084475676513,8.4250944262910838,12.8872,0.78382195495774776,1.0000000000070433,1474.5170840689557,1474.5170840689557
情景一阈值控制,19.409912201038473,18774.661907006677,99.999999998608473,6328.4583965440543,324.23005869785209,1056.9127544074474,366.10644094827052,1115.0353655637489,0,5.8205363865179205,8.4700372330926914,12.8872,0.78340642641023694,1.0000000000070699,1481.1418065120195,1481.1418065120195
情景一阈值控制,19.458455890358859,18738.658847730563,99.99999999861862,6357.8494399677966,323.85423638542932,1063.9005925722286,367.53993609389181,1120.2138862704962,0,5.8535345081981855,8.514898928768039,12.8872,0.78299027969812418,1.0000000000070965,1487.753822364388,1487.753822364388
情景一阈值控制,19.506999579679249,18702.740412781277,99.999999998628809,6387.1685357888737,323.47223240841436,1070.8819356774443,368.97343123951333,1125.3797302530854,0,5.8865027682753981,8.5596794661419136,12.8872,0.78257351459578617,1.0000000000071232,1494.3531614925987,1494.3531614925987
情景一阈值控制,19.555543268999635,18666.906403251367,99.999999998639041,6416.4158531183957,323.08418136471795,1077.8566789215186,370.40692638513502,1130.5329273078519,0,5.9194411224004186,8.6043787983226956,12.8872,0.78215613088035818,1.0000000000071494,1500.9398536929868,1500.9398536929868
情景一阈值控制,19.604086958320025,18631.156620700909,99.999999998649301,6445.5915606699873,322.69021549536143,1084.8247197897313,371.84042153075694,1135.6735071610963,0,5.9523495262082369,8.6489968787035849,12.8872,0.78173812833174394,1.0000000000071754,1507.5139286918532,1507.5139286918532
情景一阈值控制,19.652630647640414,18595.490867156408,99.999999998659604,6474.6958267607133,322.29046472470719,1091.7859580141489,373.27391667637909,1140.801499469248,0,5.9852279353181537,8.6935336609637464,12.8872,0.7813195067326264,1.0000000000072009,1514.0754161456271,1514.0754161456271
情景一阈值控制,19.701174336960804,18559.90894510971,99.999999998669949,6503.7288193120094,321.88505669996567,1098.7402955342841,374.7074118220014,1145.9169338190297,0,6.0180763053339899,8.7379890990695106,12.8872,0.78090026586847716,1.0000000000072267,1520.6243456410311,1520.6243456410311
情景一阈值控制,19.74971802628119,18524.410657516881,99.999999998680323,6532.6907058506213,321.47411683007073,1105.6876364583818,376.14090696762378,1151.0198397276204,0,6.0508945918442798,8.7823631472755554,12.8872,0.78048040552756759,1.0000000000072515,1527.1607466952441,1527.1607466952441
情景一阈值控制,19.798261715601576,18488.995807797153,99.99999999869074,6561.5816535095255,321.05776832388221,1112.6278870253834,377.57440211324638,1156.1102466428213,0,6.0836827504224846,8.8266557601260853,12.8872,0.78005992550097791,1.0000000000072768,1533.6846487560676,1533.6846487560676
情景一阈值控制,19.846805404921966,18453.664199831805,99.999999998701199,6590.4018290288577,320.63613222773722,1119.5609555675362,379.00789725886921,1161.1881839432167,0,6.1164407366271831,8.8708668924560143,12.8872,0.77963882558260822,1.0000000000073017,1540.1960812020859,1540.1960812020859
情景一阈值控制,19.895349094242356,18418.415637963084,99.999999998711687,6619.1513987568333,320.20932746235923,1126.4867524736464,380.44139240449232,1166.2536809383364,0,6.1491685060022743,8.9149964993921458,12.8872,0.77921710556918833,1.0000000000073264,1546.6950733428287,1546.6950733428287
情景一阈值控制,19.943892783562745,18383.24992699314,99.999999998722217,6647.8305286506711,319.77747085913933,1133.4051901529622,381.87488755011549,1171.3067668688195,0,6.1818660140771851,8.9590445363543534,12.8872,0.77879476526028779,1.0000000000073508,1553.1816544189351,1553.1816544189351
情景一阈值控制,19.992436472883131,18348.166872182926,99.999999998732761,6676.4393842775062,319.34067719580861,1140.3161829996616,383.30838269573889,1176.3474709065752,0,6.2145332163670695,9.0030109590567697,12.8872,0.77837180445832654,1.0000000000073752,1559.655853602314,1559.655853602314
情景一阈值控制,20,18342.708058463046,99.99999999873441,6680.8905747195622,319.27218373913445,1141.3922997341595,383.53173365149877,1177.1317432286407,0,6.2196203176486158,9.009853956799514,12.8872,0.77830584761974542,1.0000000000073792,1560.6634768801396,1560.6634768801396
情景一阈值控制,20.040980162203521,18313.16627925112,99.999999998743348,6704.9781308153206,318.89905923151201,1147.219647357942,384.74187784136245,1181.375822154946,0,6.2471700683730278,9.0468957235089693,12.8872,0.77794822296858412,1.0000000000073996,1566.1176999963086,1566.1176999963086
情景一阈值控制,20.089523851523907,18278.247954373051,99.999999998753978,6733.446933053845,318.4527277412563,1154.1155014877306,386.17537298698613,1186.3918496488661,0,6.2797765255822862,9.0906987860171391,12.8872,0.77752402059921122,1.000000000007423,1572.5672226358522,1572.5672226358522
情景一阈值控制,20.138067540844297,18243.411704179634,99.999999998764622,6761.8459553954772,318.0017915497919,1161.0036655309677,387.6088681326101,1191.3955823550252,0,6.3123525434684309,9.1344201031852759,12.8872,0.7770991971612381,1.0000000000074472,1579.0044504876353,1579.0044504876353
情景一阈值控制,20.186611230164687,18208.657335756296,99.999999998775323,6790.1753618561897,317.54635756492115,1167.8840614784533,389.04236327823429,1196.3870491720268,0,6.3448980774915924,9.1780596319163532,12.8872,0.77667375246858639,1.0000000000074705,1585.429412450261,1585.429412450261
情景一阈值控制,20.235154919485076,18173.984656641896,99.999999998786066,6818.4353160664396,317.0865308102355,1174.7566131372748,390.47585842385865,1201.3662789305488,0,6.3774130830986673,9.2216173294135153,12.8872,0.77624768633807806,1.0000000000074936,1591.8421373544074,1591.8421373544074
情景一阈值控制,20.283698608805462,18139.393474827684,99.999999998796838,6846.6259812720737,316.62241445729239,1181.6212460987861,391.90935356948313,1206.3333003935034,0,6.4098975157235172,9.2650931531812457,12.8872,0.77582099858944609,1.0000000000075164,1598.2426539629864,1598.2426539629864
情景一阈值控制,20.332242298125848,18104.883598756205,99.999999998807638,6874.747520335236,316.15410985724458,1188.4778877071406,393.34284871510778,1211.2881422561964,0,6.4423513307871882,9.3084870610265682,12.8872,0.77539368904534434,1.0000000000075393,1604.6309909713041,1604.6309909713041
情景一阈值控制,20.380785987446238,18070.45483732026,99.999999998818453,6902.800095735266,315.68171657193625,1195.3264670283531,394.77634386073265,1216.2308331464865,0,6.4747744836981163,9.3517990110602103,12.8872,0.77496575753135788,1.0000000000075624,1611.0071770072191,1611.0071770072191
情景一阈值控制,20.429329676766628,18036.106999861848,99.99999999882931,6930.7838695695991,315.20533240447924,1202.1669148198803,396.20983900635775,1221.1614016249423,0,6.5071669298523291,9.395028961697788,12.8872,0.7745372038760131,1.0000000000075846,1617.3712406313,1617.3712406313
情景一阈值控制,20.477873366087017,18001.839896171095,99.999999998840195,6958.6990035546642,314.72505342929173,1208.9991635007416,397.64333415198303,1226.0798761850017,0,6.5395286246336681,9.4381768716609891,12.8872,0.77410802791078748,1.0000000000076064,1623.7232103369847,1623.7232103369847
情景一阈值控制,20.526417055407403,17967.653336485233,99.999999998851109,6986.545659026775,314.2409740216271,1215.8231471221486,399.07682929760841,1230.9862852531298,0,6.5718595234139956,9.4812426999787487,12.8872,0.77367822947011999,1.0000000000076286,1630.0631145507382,1630.0631145507382
情景一阈值控制,20.57496074472779,17933.547131487496,99.999999998862066,7014.3239969430388,313.75318688661412,1222.6388013386222,400.51032444323397,1235.8806571889756,0,6.6041595815534135,9.5242264059884398,12.8872,0.77324780839142115,1.0000000000076503,1636.3909816322096,1636.3909816322096
情景一阈值控制,20.623504434048179,17899.521092306124,99.999999998873051,7042.0341778822303,313.26178308779657,1229.4460633796095,401.94381958885981,1240.7630202855305,0,6.6364287544004714,9.5671279493370491,12.8872,0.77281676451508308,1.0000000000076716,1642.7068398743904,1642.7068398743904
情景一阈值控制,20.672048123368569,17865.57503051329,99.999999998884064,7069.6763620456886,312.76685207518545,1236.2448720215875,403.37731473448582,1245.6334027692824,0,6.6686669972923776,9.6099472899823439,12.8872,0.77238509768448949,1.000000000007693,1649.0107175037683,1649.0107175037683
情景一阈值控制,20.720591812688959,17831.708758124059,99.999999998895106,7097.2507092582009,312.26848171283166,1243.0351675606485,404.81080988011206,1250.4918328003744,0,6.7008742655552194,9.6526843881940625,12.8872,0.77195280774602582,1.0000000000077143,1655.3026426804863,1655.3026426804863
情景一阈值控制,20.769135502009348,17797.922087595354,99.999999998906176,7124.757378968894,311.76675830593365,1249.8168917855469,406.24430502573847,1255.3383384727595,0,6.7330505145041784,9.6953392045550952,12.8872,0.77151989454908942,1.0000000000077351,1661.5826434984979,1661.5826434984979
情景一阈值控制,20.817679191329734,17764.214831824916,99.999999998917275,7152.1965302521094,311.26176662749094,1256.5899879512017,407.67780017136499,1260.1729478143563,0,6.7651956994437432,9.7379116999626483,12.8872,0.77108635794609937,1.0000000000077558,1667.8507479857212,1667.8507479857212
情景一阈值控制,20.86622288065012,17730.586804150254,99.999999998928416,7179.5683218082913,310.75358994449846,1263.3544007526589,409.11129531699169,1264.9956887872054,0,6.797309775667931,9.7804018356294424,12.8872,0.77065219779250671,1.000000000007776,1674.1069841041972,1674.1069841041972
情景一阈值控制,20.91476656997051,17697.037818347639,99.999999998939572,7206.872911964866,310.24231004368102,1270.1100762995093,410.54479046261866,1269.8065892876227,0,6.8293926984605076,9.822809573084875,12.8872,0.77021741394680432,1.000000000007796,1680.3513797502414,1680.3513797502414
情景一阈值控制,20.9633102592909,17663.567688631039,99.999999998950756,7234.1104586771071,309.7280072568131,1276.8569620907251,411.97828560824587,1274.6056771463543,0,6.8614444230951923,9.8651348741761939,12.8872,0.76978200627053694,1.0000000000078162,1686.5839627546002,1686.5839627546002
情景一阈值控制,21,17638.322884993333,99.999999998959225,7254.6524432036113,309.33733513331418,1281.9504533254189,413.06173365138267,1278.2250482144211,0,6.8856486659885263,9.8970699813363847,12.8872,0.76945250736729531,1.0000000000078308,1691.2867818658037,1691.2867818658037
情景一阈值控制,21.011853948611289,17630.176229651119,99.999999998961954,7261.2811195290224,309.21076048559763,1283.5950069899336,413.41178075387319,1279.3929801287313,0,6.8934649048358931,9.9073777010696826,12.8872,0.76934597462831156,1.000000000007836,1692.8047608826046,1692.8047608826046
情景一阈值控制,21.060397637931676,17596.863256494205,99.999999998973195,7288.3850517342198,308.69064722612165,1290.3241612011168,414.84527589950062,1284.1685259348224,0,6.925454098936914,9.9495380162518323,12.8872,0.76890931888780711,1.0000000000078555,1699.013801834323,1699.013801834323
情景一阈值控制,21.108941327252062,17563.628584681246,99.99999999898445,7315.4224121367824,308.16774359289366,1297.0443762447267,416.27877104512828,1288.9323421995882,0,6.9574119606431886,9.9916157825305181,12.8872,0.76847203891978422,1.0000000000078748,1705.2111132447164,1705.2111132447164
情景一阈值控制,21.157485016572451,17530.472030166817,99.999999998995762,7342.3933572121368,307.64212434247361,1303.7556049342099,417.71226619075617,1293.6844564930345,0,6.9893384451904916,10.033610963036175,12.8872,0.76803413459809577,1.0000000000078939,1711.3967226837908,1711.3967226837908
情景一阈值控制,21.206028705892841,17497.393409338081,99.999999999007102,7369.2980430679172,307.11386289670662,1310.4578013529235,419.14576133638428,1298.4248963203643,0,7.0212335078056611,10.07552352122296,12.8872,0.76759560579969655,1.0000000000079128,1717.5706576567486,1717.5706576567486
情景一阈值控制,21.254572395213231,17464.392539013781,99.99999999901847,7396.1366254448249,306.58303136556248,1317.1509208314496,420.57925648201262,1303.1536891221294,0,7.0530971037068255,10.117353420869941,12.8872,0.76715645240465324,1.000000000007931,1723.7329456041421,1723.7329456041421
情景一阈值控制,21.303116084533617,17431.469236443219,99.999999999029839,7422.9092597174995,306.0497005695679,1323.8349199253157,422.01275162764102,1307.8708622743839,0,7.0849291881036232,10.159100626082253,12.8872,0.76671667429615431,1.0000000000079499,1729.883613902025,1729.883613902025
情景一阈值控制,21.351659773854006,17398.623319305258,99.99999999904125,7449.6161008953823,305.51394006187763,1330.5097563930751,423.44624677326971,1312.5764430888355,0,7.1167297161974359,10.200765101292292,12.8872,0.76627627136052046,1.0000000000079678,1736.0226898621052,1736.0226898621052
情景一阈值控制,21.400203463174392,17365.854605707293,99.999999999052676,7476.2573036235599,304.9758181499638,1337.1753891747665,424.8797419188985,1317.2704588129959,0,7.1484986431815969,10.242346811260857,12.8872,0.76583524348721366,1.0000000000079861,1742.1502007318945,1742.1502007318945
情景一阈值控制,21.448747152494782,17333.16291418425,99.99999999906413,7502.8330221836359,304.43540191693546,1343.8317783707489,426.31323706452753,1321.9529366303323,0,7.1802359242416367,10.283845721078347,12.8872,0.76539359056884804,1.0000000000080038,1748.2661736948598,1748.2661736948598
情景一阈值控制,21.497290841815172,17300.548063697595,99.999999999075612,7529.3434104945763,303.89275724249325,1350.4788852208944,427.74673221015684,1326.6239036604179,0,7.2119415145554902,10.325261796165911,12.8872,0.76495131250119908,1.0000000000080214,1754.3706358705747,1754.3706358705747
情景一阈值控制,21.545834531135561,17268.009873634317,99.999999999087123,7555.7886221135605,303.34794882352867,1357.1166720841409,429.18022735578626,1331.2833869590818,0,7.2436153692937371,10.366595002276625,12.8872,0.76450840918321417,1.0000000000080382,1760.463614314868,1760.463614314868
情景一阈值控制,21.594378220455948,17235.548163805932,99.999999999098662,7582.1688102368398,302.80104019437573,1363.7451024183886,430.61372250141579,1335.9314135185587,0,7.2752574436198225,10.407845305496657,12.8872,0.76406488051702171,1.0000000000080553,1766.5451360199745,1766.5451360199745
情景一阈值控制,21.642921909776334,17203.16275444748,99.99999999911023,7608.4841277005808,302.25209374672352,1370.3641407607399,432.04721764704556,1340.5680102676392,0,7.3068676926902905,10.44901267224644,12.8872,0.76362072640794165,1.0000000000080724,1772.6152279146847,1772.6152279146847
情景一阈值控制,21.691465599096723,17170.853466216537,99.999999999121812,7634.7347269817155,301.70117074917272,1376.973752708089,433.48071279267549,1345.1932040718195,0,7.3384460716550137,10.490097069281832,12.8872,0.76317594676449518,1.0000000000080893,1778.6739168644949,1778.6739168644949
情景一阈值控制,21.740009288417113,17138.620120192219,99.999999999133422,7660.9207601987755,301.14833136647263,1383.5739048980352,434.91420793830571,1349.8070217334468,0,7.3699925356574143,10.531098463695278,12.8872,0.76273054149841468,1.0000000000081055,1784.7212296717526,1784.7212296717526
情景一阈值控制,21.788552977737503,17106.462537874195,99.999999999145061,7687.042379112745,300.59363467842985,1390.1645649901213,436.34770308393615,1354.4094899918714,0,7.4015070398347031,10.572016822916975,12.8872,0.76228451052465318,1.0000000000081215,1790.7571930758077,1790.7571930758077
情景一阈值控制,21.837096667057889,17074.38054118169,99.999999999156714,7713.0997351278966,300.03713869849372,1396.7457016473979,437.78119822956666,1359.000635523593,0,7.4329895393181076,10.612852114716043,12.8872,0.76183785376139457,1.0000000000081373,1796.7818337531596,1796.7818337531596
情景一阈值控制,21.885640356378278,17042.373952452504,99.999999999168395,7739.0929792926336,299.47890039202343,1403.3172845183039,439.21469337519738,1363.5804849424096,0,7.4644399892331093,10.653604307201686,12.8872,0.76139057113006336,1.0000000000081533,1802.795178317607,1802.795178317607
情景一阈值控制,21.934184045698665,17010.442594442033,99.999999999180105,7765.022262300321,298.91897569424481,1409.8792842188545,440.64818852082828,1368.1490647995627,0,7.4958583446996654,10.694273368824334,12.8872,0.76094266255533449,1.0000000000081688,1808.7972533203911,1808.7972533203911
情景一阈值控制,21.982727735019054,16978.586290322273,99.999999999191814,7790.8877344901257,298.35741952790346,1416.4316723151398,442.08168366645941,1372.7064015838873,0,7.5272445608324565,10.734859268376836,12.8872,0.76049412796514315,1.0000000000081837,1814.7880852503467,1814.7880852503467
情景一阈值控制,22,16967.269611374166,99.999999999195992,7800.075530434654,298.1572297089599,1418.7607451376566,442.59173365134683,1374.3252346025772,0,7.5384042876476203,10.749280017955497,12.8872,0.76033438446355994,1.0000000000081892,1816.9169682539241,1816.9169682539241
情景一阈值控制,22.031271424339444,16946.804863680856,99.999999999203553,7816.6895458478421,297.79428582062258,1422.974421306109,443.51517881209082,1377.2525217219559,0,7.558598592741105,10.775361974995583,12.8872,0.76004496729069415,1.000000000008199,1820.7677005340468,1820.7677005340468
情景一阈值控制,22.079815113659834,16915.098138520068,99.999999999215319,7842.427846006728,297.22962752195525,1429.5075046066665,444.94867395772235,1381.7874515782264,0,7.5899203955304229,10.815781458161696,12.8872,0.75959518046647245,1.0000000000082141,1826.7361255359488,1826.7361255359488
情景一阈值控制,22.12835880298022,16883.465939255871,99.9999999992271,7868.1027842483309,296.66349662014886,1436.0308965310535,446.38216910335399,1386.311217455187,0,7.621209924300639,10.856117687702158,12.8872,0.7591447674302525,1.0000000000082285,1832.6933865585411,1832.6933865585411
情景一阈值控制,22.176902492300606,16851.908090716937,99.999999999238909,7893.7145095033175,296.09594415863012,1442.5445722765094,447.81566424898574,1390.8238455935038,0,7.6524671341476411,10.896370633790992,12.8872,0.75869372812310776,1.0000000000082427,1838.6395098424896,1838.6395098424896
情景一阈值控制,22.225446181620995,16820.424418143662,99.999999999250747,7919.2631703522993,295.52702025220634,1449.0485079072141,449.24915939461789,1395.3253621721649,0,7.6836919801632142,10.936540266950402,12.8872,0.75824206248942061,1.0000000000082572,1844.5745215667828,1844.5745215667828
情景一阈值控制,22.273989870941385,16789.014747187226,99.999999999262599,7944.7489150266456,294.95677410299004,1455.5426803385094,450.68265454025016,1399.8157933086234,0,7.7148844174352664,10.976626558051924,12.8872,0.75778977047689255,1.0000000000082705,1850.4984478488736,1850.4984478488736
情景一阈值控制,22.322533560261775,16757.6789039086,99.999999999274465,7970.1718914093171,294.38525401605142,1462.0270673213911,452.1161496858827,1404.2951650589459,0,7.7460444010480796,11.016629478317583,12.8872,0.75733685203655277,1.0000000000082845,1856.4113147448286,1856.4113147448286
情景一阈值控制,22.371077249582161,16726.416714777602,99.999999999286359,7995.5322470356723,293.81250741480676,1468.5016474272638,453.5496448315152,1408.7635034179534,0,7.777171886082539,11.056548999321045,12.8872,0.7568833071227693,1.0000000000082978,1862.3131482494687,1862.3131482494687
情景一阈值控制,22.419620938902547,16695.228006671929,99.999999999298254,8020.8301290943009,293.23858085614779,1474.9664000329583,454.98313997714791,1413.2208343193679,0,7.808266827616384,11.096385092988761,12.8872,0.75642913569325732,1.0000000000083109,1868.2039742965158,1868.2039742965158
情景一阈值控制,22.468164628222937,16664.112606876184,99.999999999310177,8046.0656844278246,292.6635200453108,1481.421305306003,456.41663512278103,1417.6671836359544,0,7.8393291807244427,11.136137731601128,12.8872,0.75597433770908951,1.000000000008324,1874.0838187587356,1874.0838187587356
情景一阈值控制,22.516708317543326,16633.070343080952,99.999999999322114,8071.2390595337138,292.08736985048637,1487.8663441901588,457.85013026841426,1422.1025771796642,0,7.870358900478867,11.175806887793613,12.8872,0.75551891313470576,1.0000000000083369,1879.9527074480784,1879.9527074480784
情景一阈值控制,22.565252006863716,16602.101043381812,99.999999999334079,8096.350400565103,291.51017431719083,1494.3014983911905,459.28362541404772,1426.527040701779,0,7.9013559419493831,11.215392534557914,12.8872,0.75506286193792238,1.0000000000083493,1885.8106661158267,1885.8106661158267
情景一阈值控制,22.613795696184102,16571.204536278419,99.999999999346045,8121.3998533315907,290.93197668238889,1500.7267503628864,460.71712055968118,1430.9405998930515,0,7.9323202602035279,11.254894645243102,12.8872,0.75460618408994207,1.0000000000083613,1891.6577204527327,1891.6577204527327
情景一阈值控制,22.662339385504492,16540.380650673516,99.999999999358053,8146.3875633000644,290.35281938837522,1507.1420832933209,462.15061570531498,1435.3432803838507,0,7.963251810306903,11.294313193556766,12.8872,0.75414887956536303,1.0000000000083737,1897.4938960891657,1897.4938960891657
情景一阈值控制,22.710883074824878,16509.62921587201,99.999999999370061,8171.3136755954829,289.7727440964191,1513.5474810913481,463.58411085094889,1439.7351077442997,0,7.9941505473233994,11.333648153566141,12.8872,0.75369094834218919,1.0000000000083855,1903.3192185952487,1903.3192185952487
情景一阈值控制,22.759426764145267,16478.950061580032,99.999999999382098,8196.1783350017067,289.1917917001777,1519.9429283733341,465.01760599658309,1444.1161074844222,0,8.0250164263154655,11.372899499699265,12.8872,0.7532323904018392,1.0000000000083971,1909.1337134810053,1909.1337134810053
情景一阈值控制,22.807970453465657,16448.343017903975,99.999999999394134,8220.9816859622697,288.61000233888359,1526.3284104501074,466.45110114221745,1448.4863050542792,0,8.0558494023443288,11.412067206746102,12.8872,0.75277320572915629,1.0000000000084082,1914.9374061964968,1914.9374061964968
情景一阈值控制,22.856514142786047,16417.807915349571,99.999999999406199,8245.7238725812058,288.02741541030821,1532.7039133141388,467.8845962878521,1452.8457258441131,0,8.0866494304702599,11.451151249859688,12.8872,0.7523133943124175,1.0000000000084195,1920.7303221319653,1920.7303221319653
情景一阈值控制,22.905057832106433,16387.344584820941,99.999999999418264,8270.4050386238287,287.44406958349566,1539.0694236269469,469.31809143348676,1457.1943951844858,0,8.1174164657528092,11.490151604557257,12.8872,0.75185295614334358,1.0000000000084301,1926.5124866179726,1926.5124866179726
情景一阈值控制,22.953601521426819,16356.952857619657,99.999999999430358,8295.0253275175419,286.86000281128975,1545.4249287067119,470.75158657912158,1461.5323383464222,0,8.1481504632510564,11.529068246721385,12.8872,0.75139189121710781,1.0000000000084408,1932.2839249255437,1932.2839249255437
情景一阈值控制,23,16327.970953486727,99.99999999944194,8318.500843370517,286.30110718358435,1551.4902126143627,472.12173365139148,1465.6685795541093,0,8.1774953627186466,11.566186843169534,12.8872,0.75095061554384857,1.0000000000084512,1937.7903132055008,1937.7903132055008
情景一阈值控制,23.002145210747209,16326.632565443815,99.999999999442466,8319.584882352623,286.27525234264482,1551.7704165161047,472.18508172475669,1465.8595805415471,0,8.1788513780238681,11.567901152601122,12.8872,0.75093019953234608,1.0000000000084519,1938.0446622663037,1938.0446622663037
情景一阈值控制,23.050688900067598,16296.383540387105,99.999999999454602,8344.0838458830185,285.68985473472674,1558.1058756503251,473.61857687039202,1470.1761469222261,0,8.2095191651301249,11.606650298813102,12.8872,0.75046788109116647,1.0000000000084619,1943.794723792618,1943.794723792618
情景一阈值控制,23.099232589387988,16266.205614937871,99.999999999466723,8368.5223605271367,285.10384586480603,1564.4312953253479,475.05207201602758,1474.4820625817049,0,8.2401537796289919,11.645315662342696,12.8872,0.75000493589915784,1.0000000000084717,1949.5341345977324,1949.5341345977324
情景一阈值控制,23.147776278708374,16236.098621978197,99.999999999478874,8392.9005683686319,284.51726094195044,1570.7466653663701,476.48556716166314,1478.7773525542477,0,8.2707551765801508,11.683897220545116,12.8872,0.74954136396539983,1.0000000000084812,1955.2629197159108,1955.2629197159108
情景一阈值控制,23.196319968028764,16206.062394782964,99.999999999491038,8417.2186111571991,283.9301345185184,1577.0519761964554,477.91906230729899,1483.0620418152776,0,8.3013233110440741,11.722394951146571,12.8872,0.74907716530247193,1.0000000000084912,1960.9811041225767,1960.9811041225767
情景一阈值控制,23.24486365734915,16176.096767018948,99.999999999503231,8441.4766303093493,283.34250050146079,1583.3472188253706,479.352557452935,1487.3361552815115,0,8.3318581380822483,11.760808832245349,12.8872,0.7486123399264637,1.0000000000085001,1966.6887127344467,1966.6887127344467
情景一阈值控制,23.293407346669539,16146.201572743865,99.99999999951541,8465.6747669092038,282.7543921634205,1589.6323848386255,480.78605259857125,1491.599717811102,0,8.362359612757448,11.799138842312976,12.8872,0.74814688785698258,1.0000000000085092,1972.3857704096731,1972.3857704096731
情景一阈值控制,23.341951035989929,16116.376646405506,99.999999999527617,8489.8131617092567,282.16584215365094,1595.9074663866895,482.21954774420772,1495.8527542037721,0,8.3928276901339771,11.837384960195314,12.8872,0.7476808091171645,1.0000000000085185,1978.0723019479797,1978.0723019479797
情景一阈值控制,23.390494725310319,16086.621822840762,99.999999999539838,8513.8919551311828,281.5768825087473,1602.1724561743999,483.6530428898443,1500.0952892009545,0,8.4232623252779266,11.87554716511368,12.8872,0.74721410373368291,1.000000000008527,1983.7483320907988,1983.7483320907988
情景一阈值控制,23.439038414630705,16056.936937274751,99.99999999955206,8537.9112872665846,280.98754466319417,1608.4273474505494,485.086538035481,1504.3273474859266,0,8.4536634732574214,11.913625436665969,12.8872,0.74674677173675752,1.0000000000085356,1989.4138855214076,1989.4138855214076
情景一阈值控制,23.487582103951091,16027.321825319883,99.999999999564281,8561.8712978777912,280.39785945973318,1614.672133997658,486.52003318111792,1508.5489536839491,0,8.4840310891428885,11.951619754827762,12.8872,0.74627881316016431,1.0000000000085429,1995.068986865067,1995.068986865067
情景一阈值控制,23.536125793271481,15997.776322974958,99.999999999576531,8585.7721263986259,279.80785715955398,1620.9068101219154,487.95352832675508,1512.7601323624026,0,8.5143651280073058,11.98953009995345,12.8872,0.74581022804124353,1.0000000000085518,2000.7136606891577,2000.7136606891577
情景一阈值控制,23.58466948259187,15968.300266624261,99.999999999588795,8609.6139119351701,279.21756745231278,1627.1313706432998,489.38702347239251,1516.9609080309206,0,8.544665544926449,12.027356452777319,12.8872,0.74534101642091111,1.0000000000085592,2006.347931503313,2006.347931503313
情景一阈值控制,23.63321317191226,15938.893493036649,99.999999999601073,8633.3967932665364,278.6270194659827,1633.3458108858631,490.82051861803012,1521.1513051415284,0,8.574932294979158,12.065098794414682,12.8872,0.74487117834366545,1.0000000000085665,2011.9718237595584,2011.9718237595584
情景一阈值控制,23.681756861232646,15909.55583936465,99.999999999613365,8657.1209088456471,278.03624177653097,1639.550126668189,492.25401376366779,1525.3313480887773,0,8.6051653332475926,12.102757106362969,12.8872,0.74440071385759798,1.0000000000085738,2017.5853618524452,2017.5853618524452
情景一阈值控制,23.730300550553032,15880.287143143561,99.999999999625658,8680.7863967999965,277.44526241743358,1645.7443142940147,493.68750890930556,1529.5010612098799,0,8.6353646148174938,12.140331370502844,12.8872,0.74392962301440213,1.0000000000085805,2023.1885701191854,2023.1885701191854
情景一阈值控制,23.778844239873422,15851.087242290547,99.99999999963795,8704.3933949324091,276.85410888902953,1651.9283705430094,495.12100405494374,1533.6604687848449,0,8.6655300947784379,12.177821569099303,12.8872,0.74345790586938176,1.0000000000085876,2028.7814728397886,2028.7814728397886
情景一阈值控制,23.827387929193812,15821.955975103745,99.999999999650257,8727.9420407218058,276.26280816771526,1658.1022926617159,496.55449920058197,1537.809595036611,0,8.695661728224092,12.215227684802759,12.8872,0.74298556248146141,1.000000000008594,2034.3640942371931,2034.3640942371931
情景一阈值控制,23.875931618514201,15792.893180261373,99.999999999662563,8751.4324713239675,275.67138671498105,1664.2660783546469,497.98799434622049,1541.9484641311817,0,8.7257594702524823,12.252549700650157,12.8872,0.74251259291319438,1.0000000000086005,2039.9364584774021,2039.9364584774021
情景一阈值控制,23.924475307834591,15763.898696820828,99.99999999967487,8774.8648235722994,275.07987048629371,1670.4197257755375,499.42148949185918,1546.0771001777589,0,8.7558232759662484,12.289787600066065,12.8872,0.74203899723077238,1.0000000000086067,2045.498589669618,2045.498589669618
情景一阈值控制,23.973018997154977,15734.9723642178,99.999999999687233,8798.2392339785711,274.48828493982916,1676.5632335187456,500.85498463749798,1550.1955272288758,0,8.7858531004729059,12.326941366863757,12.8872,0.74156477550403421,1.0000000000086124,2051.0505118663737,2051.0505118663737
情景一阈值控制,24,15718.924265177713,99.999999999694097,8811.2059317707353,274.15945581735298,1679.973463889138,501.65173365151583,1552.4801794627811,0,8.8025292280984839,12.347555370234666,12.8872,0.74130092830888228,1.000000000008616,2054.1319131142968,2054.1319131142968
情景一阈值控制,24.021562686475363,15706.114022265379,99.999999999699597,8821.5558387336969,273.89665504505678,1682.6966006108005,502.28847978313689,1554.3037692805315,0,8.8158488988851111,12.364010985246324,12.8872,0.74108992780647487,1.0000000000086178,2056.5922490636685,2056.5922490636685
情景一阈值控制,24.070106375795753,15677.323511153172,99.999999999711946,8844.8147737084728,273.30500529117666,1688.819826502099,503.72197492877615,1558.4018502723234,0,8.8458106263209277,12.400996439807745,12.8872,0.7406144542152544,1.0000000000086235,2062.1238252010994,2062.1238252010994
情景一阈值控制,24.118650065116142,15648.60067144642,99.999999999724324,8868.0161744543311,272.7133596954111,1694.9329110587464,505.15547007441558,1562.4897940875783,0,8.8757382379040717,12.437897715533976,12.8872,0.74013835481120749,1.0000000000086287,2067.645264161994,2067.645264161994
情景一阈值控制,24.167193754436532,15619.945344085107,99.999999999736687,8891.1601762040973,272.12174181115813,1701.0358545545348,506.58896522005523,1566.5676245534864,0,8.9056316887641938,12.47471479780404,12.8872,0.7396616296788513,1.0000000000086335,2073.1565897735418,2073.1565897735418
情景一阈值控制,24.215737443756918,15591.357370383083,99.999999999749065,8914.2469138727338,271.53017473600551,1707.1286576630612,508.02246036569494,1570.6353654412324,0,8.9354909340371371,12.5114476723911,12.8872,0.73918427890639538,1.0000000000086384,2078.6578258069271,2078.6578258069271
情景一阈值控制,24.264281133077304,15562.836592027194,99.999999999761442,8937.2765220580914,270.93868111960677,1713.211321449983,509.45595551133476,1574.6930404661282,0,8.9653159288652002,12.548096325463552,12.8872,0.7387063025857501,1.0000000000086433,2084.1489959774631,2084.1489959774631
情景一阈值控制,24.312824822397694,15534.382851076381,99.999999999773834,8960.2491350416458,270.34728317142373,1719.2838473654085,510.88945065697493,1578.7406732877428,0,8.9951066283974104,12.584660743586088,12.8872,0.73822770081253553,1.0000000000086469,2089.6301239447175,2089.6301239447175
情景一阈值控制,24.361368511718084,15505.995989960842,99.999999999786226,8983.1648867892563,269.75600266833732,1725.3462372364136,512.32294580261532,1582.7782875100338,0,9.0248629877897795,12.621140913720776,12.8872,0.73774847368608976,1.0000000000086513,2095.1012333126491,2095.1012333126491
情景一阈值控制,24.409912201038473,15477.675851481123,99.999999999798646,9006.023910951888,269.1648609621293,1731.3984932596945,513.75644094825589,1586.8059066814785,0,9.0545849622055776,12.65753682322813,12.8872,0.73726862130947901,1.0000000000086553,2100.5623476297342,2100.5623476297342
情景一阈值控制,24.458455890358859,15449.422278807275,99.999999999811052,9028.8263408663697,268.57387898683731,1737.4406179943403,515.18993609389656,1590.8235542952038,0,9.0842725068155925,12.693848459868178,12.8872,0.73678814378950541,1.0000000000086584,2106.0134903891003,2106.0134903891003
情景一阈值控制,24.506999579679249,15421.235115477966,99.999999999823473,9051.5723095561243,267.98307726598028,1743.4726143547393,516.62343123953735,1594.8312537891175,0,9.1139255767984189,12.730075811801541,12.8872,0.73630704123671553,1.0000000000086617,2111.4546850286547,2111.4546850286547
情景一阈值控制,24.555543268999635,15393.114205399625,99.999999999835893,9074.2619497319047,267.39247591966557,1749.4944856036007,518.05692638517837,1598.8290285460357,0,9.1435441273406965,12.766218867590478,12.8872,0.73582531376540983,1.0000000000086653,2116.8859549312142,2116.8859549312142
情景一阈值控制,24.604086958320025,15365.059392845576,99.999999999848299,9096.8953937925326,266.80209467157312,1755.5062353451017,519.4904215308195,1602.8169018938152,0,9.1731281136374108,12.802277616199966,12.8872,0.73534296149365108,1.000000000008668,2122.3073234246349,2122.3073234246349
情景一阈值控制,24.652630647640414,15337.070522455175,99.999999999860719,9119.4727738256279,266.21195285582081,1761.507867518148,520.92391667646098,1606.7948971054802,0,9.2026774908921354,12.83825204699874,12.8872,0.73485998454327284,1.0000000000086702,2127.7188137819412,2127.7188137819412
情景一阈值控制,24.701174336960804,15309.147439232947,99.99999999987314,9141.99422160834,265.62206942371228,1767.4993863897582,522.35741182210256,1610.7630373993529,0,9.2321922143173225,12.874142149760367,12.8872,0.73437638303988817,1.0000000000086726,2133.1204492214556,2133.1204492214556
情景一阈值控制,24.74971802628119,15281.289988547736,99.999999999885574,9164.4598686080844,265.0324629503699,1773.4807965485572,523.79090696774438,1614.7213459391805,0,9.2616722391345618,12.909947914664288,12.8872,0.73389215711289846,1.0000000000086748,2138.5122529069249,2138.5122529069249
情景一阈值控制,24.798261715601576,15253.498016131834,99.999999999898023,9186.8698459832558,264.44315164125561,1779.4521028983856,525.2244021133863,1618.6698458342651,0,9.2911175205748631,12.945669332296875,12.8872,0.73340730689550182,1.0000000000086766,2143.8942479476514,2143.8942479476514
情景一阈值控制,24.846805404921966,15225.771368080144,99.999999999910457,9209.224284583981,263.85415333858083,1785.4133106520164,526.65789725902835,1622.6085601395912,0,9.3205280138789242,12.981306393652483,12.8872,0.73292183252470144,1.0000000000086788,2149.2664573986194,2149.2664573986194
情景一阈值控制,24.895349094242356,15198.109890849311,99.999999999922892,9231.5233149528085,263.26548552760522,1791.3644253249831,528.09139240467084,1626.5375118559525,0,9.349903674297396,13.016859090134483,12.8872,0.73243573414131469,1.0000000000086802,2154.6289042606231,2154.6289042606231
情景一阈值控制,24.943892783562745,15170.513431256892,99.999999999935355,9253.7670673254597,262.67716534282914,1797.3054527295171,529.52488755031322,1630.4567239300802,0,9.3792444570911702,13.052327413556313,12.8872,0.73194901188998096,1.0000000000086815,2159.9816114803934,2159.9816114803934
情景一阈值控制,24.992436472883131,15142.98183648048,99.999999999947804,9275.9556716315383,262.08920957408162,1803.2363989685834,530.95838269595595,1634.366219254769,0,9.4085503175316401,13.087711356142513,12.8872,0.73146166591917039,1.0000000000086826,2165.3246019507251,2165.3246019507251
情景一阈值控制,25,15138.698006349136,99.99999999994975,9279.407891026618,261.99763485640403,1804.1595844225249,531.1817336517189,1634.9744790352715,0,9.4131132769466621,13.093216882429781,12.8872,0.73138567704572333,1.0000000000086826,2166.1562126869903,2166.1562126869903
情景一阈值控制,25.040980162203521,15115.514954056887,99.999999999960266,9298.0892574952522,261.50163467250314,1809.1572704300297,532.39187784159878,1638.2660206690061,0,9.437821210900994,13.123010910529773,12.8872,0.73097369638119258,1.0000000000086831,2170.6578985106048,2170.6578985106048
情景一阈值控制,25.089523851523907,15088.112631881282,99.999999999972744,9320.1679542361271,260.914456756427,1815.0680737808248,533.82537298724185,1642.1561509580947,0,9.4670570924924657,13.158226069767954,12.8872,0.7304851034322043,1.0000000000086839,2175.9815239453364,2175.9815239453364
情景一阈值控制,25.138067540844297,15060.774718206343,99.999999999985192,9342.1918908697317,260.32769161716004,1820.9688159614109,535.25886813288503,1646.036632853783,0,9.4962579176106363,13.19335682732113,12.8872,0.72999588723221853,1.0000000000086846,2181.2955009866682,2181.2955009866682
情景一阈值控制,25.186611230164687,15033.501061641444,99.999999999997613,9364.1611961083854,259.74135472466531,1826.8595041801414,536.69236327852843,1649.9074890343875,0,9.5254236415716917,13.228403177068602,12.8872,0.72950604794511265,1.0000000000086848,2186.599852312916,2186.599852312916
情景一阈值控制,25.235154919485076,15006.291511151783,100.00000000001008,9386.0759983618682,259.15546123314874,1832.7401459078226,538.12585842417207,1653.7687421249211,0,9.554554219703709,13.263365113305936,12.8872,0.72901558573863645,1.0000000000086846,2191.8946005490934,2191.8946005490934
情景一阈值控制,25.283698608805462,14979.145916057576,100.00000000002251,9407.9364257381367,258.5700259865485,1838.6107488723489,539.55935356981581,1657.6204146972161,0,9.5836496073469313,13.298242630745978,12.8872,0.72852450078442077,1.0000000000086839,2197.1797682670322,2197.1797682670322
情景一阈值控制,25.332242298125848,14952.064126033198,100.00000000003496,9429.7426060440375,257.98506352393156,1844.4713210534319,540.99284871545967,1661.4625292700507,0,9.6127097598540505,13.333035724519881,12.8872,0.72803279325798509,1.0000000000086839,2202.4553779855105,2202.4553779855105
情景一阈值控制,25.380785987446238,14925.045991106357,100.00000000004742,9451.4946667860113,257.40058808479949,1850.3218706774189,542.42634386110376,1665.2951083092739,0,9.6417346325904845,13.367744390178116,12.8872,0.72754046333874689,1.0000000000086828,2207.7214521703777,2207.7214521703777
情景一阈值控制,25.429329676766628,14898.09136165728,100.00000000005988,9473.1927351707891,256.81661361430224,1856.1624062122021,543.85983900674808,1669.118174227928,0,9.6707241809346538,13.40236862369148,12.8872,0.72704751121002864,1.0000000000086819,2212.9780132346759,2212.9780132346759
情景一阈值控制,25.477873366087017,14871.200088417865,100.00000000007235,9494.8369381061129,256.23315376836399,1861.9929363622191,545.29333415239262,1672.9317493863748,0,9.6996783602782628,13.43690842145211,12.8872,0.72655393705906679,1.0000000000086808,2218.2250835387676,2218.2250835387676
情景一阈值控制,25.526417055407403,14844.372022470865,100.0000000000848,9516.427402201427,255.65022191872086,1867.8134700635376,546.72682929803716,1676.7358560924181,0,9.7285971260265818,13.471363780274489,12.8872,0.72605974107701943,1.0000000000086795,2223.4626853904551,2223.4626853904551
情景一阈值控制,25.57496074472779,14817.60701524905,100.00000000009723,9537.9642537685868,255.067831157873,1873.6240164790281,548.16032444368193,1680.5305166014284,0,9.7574804335987348,13.505734697396459,12.8872,0.7255649234589745,1.0000000000086777,2228.6908410451106,2228.6908410451106
情景一阈值控制,25.623504434048179,14790.904918534397,100.00000000010965,9559.4476188225526,254.48599430395274,1879.4245849936178,549.59381958932693,1684.3157531164652,0,9.7863282384279699,13.540021170480205,12.8872,0.72506948440395758,1.0000000000086757,2233.909572705792,2233.909572705792
情景一阈值控制,25.672048123368569,14764.26558445728,100.0000000001221,9580.8776230820931,253.90472390550943,1885.2151852096288,551.02731473497215,1688.0915877884001,0,9.8151404959619502,13.574223197613259,12.8872,0.72457342411494063,1.0000000000086735,2239.1189025233725,2239.1189025233725
情景一阈值控制,25.720591812688959,14737.688865495615,100.00000000013452,9602.2543919704713,253.32403224621191,1890.9958269421988,552.46080988061749,1691.8580427160396,0,9.8439171616630325,13.608340777309495,12.8872,0.72407674279884904,1.0000000000086717,2244.3188525966571,2244.3188525966571
情景一阈值控制,25.769135502009345,14711.174614474083,100.00000000014697,9623.57805061615,252.74393134947172,1896.7665202147796,553.89430502626294,1695.6151399462472,0,9.8726581910085525,13.642373908510113,12.8872,0.72357944066657054,1.0000000000086691,2249.5094449725102,2249.5094449725102
情景一阈值控制,25.817679191329734,14684.722684563285,100.0000000001594,9644.8487238534817,252.16443298298722,1902.5272752547169,555.32780017190873,1699.362901474067,0,9.901363539491113,13.676322590584642,12.8872,0.72308151793296216,1.000000000008666,2254.6907016459759,2254.6907016459759
情景一阈值控制,25.86622288065012,14658.332929278951,100.00000000017185,9666.0665362233958,251.58554866321023,1908.2781024889032,556.76129531755464,1703.1013492428426,0,9.9300331626188605,13.710186823331897,12.8872,0.72258297481685851,1.0000000000086631,2259.8626445603973,2259.8626445603973
情景一阈值控制,25.91476656997051,14632.005202481108,100.00000000018427,9687.2316119740917,251.00728965973593,1914.0190125395102,558.19479046320066,1706.8305051443419,0,9.9586670159157862,13.74396660698099,12.8872,0.72208381154107992,1.0000000000086602,2265.0252956075428,2265.0252956075428
情景一阈值控制,25.9633102592909,14605.739358373286,100.00000000019668,9708.3440750617319,250.42966699961875,1919.7500162197948,559.62828560884691,1710.5503910188752,0,9.9872650549219877,13.777661942192276,12.8872,0.72158402833243995,1.0000000000086564,2270.1786766277219,2270.1786766277219
情景一阈值控制,26,14585.928378180057,100.00000000020604,9724.2662228957324,249.99352360782984,1924.0749919708076,560.7117336519982,1713.3557753349573,0,10.008855909558605,13.803073135072333,12.8872,0.72120587665383806,1.0000000000086544,2274.0675089869555,2274.0675089869555
情景一阈值控制,26.011853948611289,14579.535251501717,100.00000000020907,9729.404049151115,249.85269147161389,1925.4711245299775,561.06178075449327,1714.2610286554191,0,10.015827235193976,13.81127283005835,12.8872,0.72108362542175308,1.0000000000086526,2275.3228094099122,2275.3228094099122
情景一阈值控制,26.060397637931676,14553.3927367545,100.00000000022146,9750.4116576163688,249.27637363034725,1931.182348653193,562.49527590013986,1717.9624397917341,0,10.044353512304957,13.844799272104995,12.8872,0.72058260304384247,1.0000000000086486,2280.457715691874,2280.457715691874
情景一阈值控制,26.108941327252062,14527.311669360828,100.00000000023385,9771.3670235416412,248.70072380041316,1936.8836999515156,563.92877104578645,1721.6546461144885,0,10.072843841845117,13.878241270292172,12.8872,0.72008096143754774,1.0000000000086449,2285.5834171602751,2285.5834171602751
情景一阈值控制,26.157485016572451,14501.291904890169,100.00000000024626,9792.2702697217665,248.12575208040295,1942.5751899620473,565.36226619143338,1725.3376692593752,0,10.101298179421917,13.91159882701497,12.8872,0.71957870084573283,1.0000000000086404,2290.6999354508084,2290.6999354508084
情景一阈值控制,26.206028705892841,14475.333299251473,100.00000000025862,9813.1215186629543,247.55146834686491,1948.2568303930786,566.79576133708053,1729.0115308112338,0,10.129716480660367,13.944871945104556,12.8872,0.71907582151529326,1.0000000000086358,2295.8072921483144,2295.8072921483144
情景一阈值控制,26.254572395213231,14449.435708692377,100.000000000271,9833.92089258347,246.97788225819608,1953.9286331203173,568.22925648272781,1732.6762523041684,0,10.158098701203334,13.978060627829143,12.8872,0.71857232369716373,1.0000000000086313,2300.9055087868965,2300.9055087868965
情景一阈值控制,26.303116084533617,14423.5989897984,100.00000000028336,9854.668513414299,246.4050032584679,1959.5906101831804,569.66275162837508,1736.3318552216683,0,10.186444796711816,14.011164878894936,12.8872,0.71806820764632628,1.0000000000086262,2305.9946068500435,2305.9946068500435
情景一阈值控制,26.351659773854006,14397.822999492151,100.00000000029573,9875.3645027998446,245.83284058118647,1965.2427737811549,571.09624677402269,1739.9783609967265,0,10.214754722865248,14.044184702447088,12.8872,0.71756347362181661,1.0000000000086213,2311.074607770749,2311.074607770749
情景一阈值控制,26.400203463174392,14372.107595032545,100.00000000030809,9896.0089820985704,245.26140325298914,1970.8851362702187,572.52974191967053,1743.6157910119573,0,10.243028435361776,14.077120103070625,12.8872,0.7170581218867329,1.0000000000086158,2316.1455329316277,2316.1455329316277
情景一阈值控制,26.448747152494782,14346.452634013998,100.00000000032043,9916.6020723837082,244.69070009727716,1976.517710159326,573.96323706531837,1747.2441665997171,0,10.271265889918563,14.109971085791411,12.8872,0.71655215270824235,1.0000000000086098,2321.2074036650356,2321.2074036650356
情景一阈值控制,26.497290841815172,14320.857974365659,100.00000000033278,9937.143894443896,244.12073973778695,1982.1405081069554,575.39673221096655,1750.8635090422204,0,10.299467042272074,14.142737656077061,12.8872,0.71604556635758865,1.0000000000086042,2326.2602412531869,2326.2602412531869
情景一阈值控制,26.545834531135561,14295.323474350604,100.0000000003451,9957.6345687838675,243.55153060210006,1987.7535429177158,576.83022735661484,1754.4738395716581,0,10.327631848178367,14.17541981983789,12.8872,0.71553836311009977,1.0000000000085985,2331.3040669282727,2331.3040669282727
情景一阈值控制,26.594378220455948,14269.848992565052,100.00000000035742,9978.0742156251108,242.98308092509365,1993.3568275390153,578.26372250226314,1758.075179370315,0,10.355760263413389,14.208017583427829,12.8872,0.71503054324519522,1.000000000008592,2336.3389018725784,2336.3389018725784
情景一阈值控制,26.642921909776334,14244.434387937607,100.00000000036972,9998.4629549065376,242.41539875233121,1998.9503750577878,579.69721764791166,1761.6675495706888,0,10.383852243773273,14.240530953645361,12.8872,0.71452210704639263,1.0000000000085856,2341.3647672186007,2341.3647672186007
情景一阈值控制,26.691465599096723,14219.079519728431,100.00000000038202,10018.800906285147,241.84849194339645,2004.5341986972751,581.13071279356041,1765.250971255605,0,10.411907745074629,14.272959937734445,12.8872,0.71401305480131572,1.0000000000085789,2346.3816840491654,2346.3816840491654
情景一阈值控制,26.740009288417113,14193.784247528512,100.00000000039431,10039.088189136686,241.28236817516952,2010.1083118138681,582.56420793920938,1768.8254654583345,0,10.439926723154832,14.305304543385409,12.8872,0.71350338680170144,1.0000000000085718,2351.3896733975439,2351.3896733975439
情景一阈值控制,26.788552977737503,14168.548431258867,100.0000000004066,10059.324922556309,240.71703494504743,2015.672727894002,583.99770308485847,1772.3910531627093,0,10.467909133872329,14.33756477873589,12.8872,0.71299310334340671,1.0000000000085647,2356.3887562475679,2356.3887562475679
情景一阈值控制,26.837096667057889,14143.371931169753,100.00000000041886,10079.511225359243,240.15249957410964,2021.2274605511077,585.43119823050779,1775.9477553032402,0,10.495854933106925,14.369740652371725,12.8872,0.71248220472641588,1.0000000000085576,2361.3789535337482,2361.3789535337482
情景一阈值控制,26.885640356378275,14118.254607839912,100.00000000043113,10099.647216081443,239.58876921022932,2026.7725235226169,586.86469337615711,1779.4955927652322,0,10.523764076760084,14.401832173327865,12.8872,0.7119706912548478,1.0000000000085496,2366.3602861413892,2366.3602861413892
情景一阈值控制,26.934184045698665,14093.196322175789,100.00000000044338,10119.733012980249,239.02585083113158,2032.3079306670195,588.29818852180665,1783.0345863848993,0,10.551636520755235,14.433839351089279,12.8872,0.71145856323696255,1.0000000000085418,2371.3327749067057,2371.3327749067057
情景一阈值控制,26.982727735019054,14068.19693541077,100.00000000045563,10139.768734035035,238.4637512473999,2037.8336959609701,589.73168366745654,1786.5647569494809,0,10.579472221038044,14.465762195591836,12.8872,0.71094582098516867,1.0000000000085341,2376.2964406169376,2376.2964406169376
情景一阈值控制,27,14059.316117571523,100.00000000045996,10146.885560864806,238.26395010925913,2039.797488108582,590.24173365235049,1787.8186979740628,0,10.589367533137457,14.477100280488186,12.8872,0.71076323475636316,1.0000000000085314,2378.0604316264134,2378.0604316264134
情景一阈值控制,27.031271424339444,14043.256309104407,100.00000000046785,10159.754496947873,237.90247710543031,2043.3498334964522,591.16517881310642,1790.0861251973558,0,10.607271133576734,14.497600717223209,12.8872,0.71043246481603051,1.0000000000085256,2381.2513040104623,2381.2513040104623
情景一阈值控制,27.079815113659834,14018.374305141653,100.00000000048007,10179.690419144179,237.34203489033578,2048.8563574779869,592.59867395875654,1793.5987118181581,0,10.635033214362378,14.529354926823759,12.8872,0.70991849505027405,1.0000000000085176,2386.1973857769144,2386.1973857769144
情景一阈值控制,27.12835880298022,13993.550785732094,100.00000000049226,10199.576617773353,236.78243092880086,2054.3532822198936,594.03216910440676,1797.102537452892,0,10.66275841940919,14.561024835687421,12.8872,0.70940391201279507,1.000000000008509,2391.1347065572986,2391.1347065572986
情景一阈值控制,27.176902492300606,13968.785613409189,100.00000000050446,10219.413209709453,236.22367139188739,2059.8406221435976,595.4656642500571,1800.5976226940443,0,10.690446704754835,14.592610455562584,12.8872,0.7088887160326649,1.0000000000085001,2396.0632869441015,2396.0632869441015
情景一阈值控制,27.225446181620995,13944.078651029513,100.00000000051664,10239.200311551822,235.66576229779204,2065.3183917749884,596.89915939570767,1804.0839880857011,0,10.718098026460726,14.624111798652965,12.8872,0.70837290744313774,1.000000000008491,2400.9831474814087,2400.9831474814087
情景一阈值控制,27.273989870941385,13919.429761771991,100.0000000005288,10258.938039625733,235.10870951455726,2070.7866057418196,598.33265454135835,1807.5616541236593,0,10.745712340612316,14.65552887761848,12.8872,0.70785648658165745,1.0000000000084817,2405.8943086650179,2405.8943086650179
情景一阈值控制,27.322533560261775,13894.838809137147,100.00000000054095,10278.626509983047,234.55251876273587,2076.2452787711613,599.76614968700937,1811.0306412555408,0,10.773289603319407,14.686861705576108,12.8872,0.70733945378986385,1.0000000000084723,2410.7967909425502,2410.7967909425502
情景一阈值控制,27.371077249582161,13870.305656946337,100.00000000055309,10298.265838402842,233.99719561800956,2081.694425686891,601.1996448326604,1814.4909698809056,0,10.800829770716444,14.718110296100757,12.8872,0.70682180941359984,1.0000000000084632,2415.690614713566,2415.690614713566
情景一阈值控制,27.419620938902547,13845.830169341003,100.00000000056522,10317.856140392063,233.44274551376296,2087.1340614072374,602.63313997831153,1817.9426603513659,0,10.82833279896283,14.749274663226128,12.8872,0.70630355380291787,1.000000000008453,2420.5758003296773,2420.5758003296773
情景一阈值控制,27.468164628222937,13821.41221078192,100.00000000057733,10337.397531186163,232.8891737436135,2092.5642009423577,604.0666351239629,1821.3857329706977,0,10.855798644243215,14.780354821445558,12.8872,0.7057846873120861,1.0000000000084426,2425.4523680946604,2425.4523680946604
情景一阈值控制,27.516708317543326,13797.05164604845,100.00000000058942,10356.890125749727,232.33648546389884,2097.9848593919678,605.50013026961449,1824.8202079949531,0,10.883227262767804,14.81135078571287,12.8872,0.70526521029959521,1.0000000000084326,2430.3203382645675,2430.3203382645675
情景一阈值控制,27.565252006863716,13772.748340237778,100.00000000060152,10376.334038777128,231.7846856961207,2103.3960519430057,606.93362541526619,1828.2461056325735,0,10.910618610772653,14.842262571443223,12.8872,0.7047451231281654,1.0000000000084217,2435.1797310478396,2435.1797310478396
情景一阈值控制,27.613795696184106,13748.502158764182,100.00000000061357,10395.729384693146,231.2337793293471,2108.7977938673448,608.36712056091812,1831.6634460444991,0,10.937972644519988,14.873090194513951,12.8872,0.70422442616475167,1.0000000000084113,2440.0305666054173,2440.0305666054173
情景一阈值控制,27.662339385504488,13724.312967358284,100.00000000062562,10415.076277653607,230.68377112257397,2114.1901005195427,609.80061570656983,1835.0722493442843,0,10.965289320298487,14.90383367126539,12.8872,0.70370311978055144,1.0000000000084004,2444.8728650508542,2444.8728650508542
情景一阈值控制,27.710883074824878,13700.180632066285,100.00000000063766,10434.374831546027,230.13466570704585,2119.5729873346336,611.2341108522221,1838.4725355982066,0,10.992568594423611,14.934493018501733,12.8872,0.70318120435100973,1.0000000000083893,2449.7066464504287,2449.7066464504287
情景一阈值控制,27.759426764145267,13676.105019249266,100.00000000064966,10453.625159990224,229.58646758853791,2124.9464698259526,612.66760599787438,1841.8643248253775,0,11.019810423237885,14.965068253491822,12.8872,0.70265868025582656,1.000000000008378,2454.531930823252,2454.531930823252
情景一阈值控制,27.807970453465657,13652.085995582407,100.00000000066167,10472.827376338959,229.03918114959734,2130.3105635830107,614.10110114352699,1845.2476369978544,0,11.047014763111214,14.995559393969993,12.8872,0.70213554787896237,1.0000000000083664,2459.3487381413815,2459.3487381413815
情景一阈值控制,27.856514142786047,13628.123428054265,100.00000000067367,10491.981593678549,228.49281065174759,2135.6652842693979,615.5345962891796,1848.6224920407515,0,11.074181570441191,15.025966458136885,12.8872,0.70161180760864439,1.0000000000083547,2464.157088329931,2464.157088329931
情景一阈值控制,27.905057832106429,13604.217183966046,100.00000000068563,10511.087924829519,227.94736023765466,2141.0106476207279,616.96809143483222,1851.9889098323479,0,11.101310801653391,15.056289464660253,12.8872,0.70108745983737331,1.0000000000083424,2468.9570012671802,2468.9570012671802
情景一阈值控制,27.953601521426819,13580.367130930854,100.00000000069758,10530.146482347207,227.40283393325595,2146.3466694426206,618.40158658048517,1855.3469102042009,0,11.1284024132017,15.086528432675784,12.8872,0.70056250496192829,1.0000000000083309,2473.7484967846858,2473.7484967846858
情景一阈值控制,28,13557.623443280154,100.00000000070898,10548.318266546974,226.88323833538084,2151.4381684914179,619.77173365277224,1858.5486665828473,0,11.154261607316691,15.11535256827713,12.8872,0.70006018146205395,1.0000000000083193,2478.3204002356197,2478.3204002356197
情景一阈值控制,28.002145210747209,13556.573136872963,100.00000000070952,10549.157378522392,226.85923564985322,2151.6733656087176,619.83508172613836,1858.6965129412542,0,11.155456361568598,15.116683381787883,12.8872,0.70003694338337441,1.0000000000083187,2478.5315946673927,2478.5315946673927
情景一阈值控制,28.050688900067598,13532.835070027097,100.00000000072143,10568.120725381912,226.31656918616866,2156.9907520587353,621.26857687179165,1862.0377377819457,0,11.182472603265479,15.146754332070481,12.8872,0.69951077550706786,1.0000000000083056,2483.3063146537374,2483.3063146537374
情景一阈值控制,28.099232589387988,13509.152798937686,100.00000000073332,10587.036634689293,225.77483823036749,2162.2988447965531,622.70207201744495,1865.3706044183209,0,11.209451094832957,15.176741304067829,12.8872,0.6989840017426614,1.0000000000082934,2488.072676435766,2488.072676435766
情景一阈值控制,28.147776278708378,13485.526192458143,100.0000000007452,10605.905217945368,225.23404636204452,2167.5976598883344,624.13556716309859,1868.6951324961374,0,11.236391792841175,15.206644318795279,12.8872,0.69845662250411178,1.0000000000082803,2492.830699659236,2492.830699659236
情景一阈值控制,28.19631996802876,13461.955119750141,100.00000000075707,10624.726586388875,224.69419705417721,2172.8872134606831,625.56906230875211,1872.0113416149773,0,11.263294653890108,15.236463397740073,12.8872,0.69792863820968409,1.0000000000082669,2497.5804039237291,2497.5804039237291
情景一阈值控制,28.24486365734915,13438.439450282876,100.00000000076889,10643.500850997109,224.1552936750447,2178.1675216988347,627.00255745440597,1875.3192513283545,0,11.290159634609891,15.266198562862128,12.8872,0.69740004928195831,1.0000000000082536,2502.3218087827604,2502.3218087827604
情景一阈值控制,28.293407346669539,13414.979053832365,100.0000000007807,10662.228122486498,223.61733949011534,2183.4386008448741,628.43605260006007,1878.6188811438221,0,11.316986691661098,15.295849836594787,12.8872,0.69687085614783506,1.0000000000082401,2507.0549337438824,2507.0549337438824
情景一阈值控制,28.341951035989929,13391.573800480706,100.00000000079251,10680.908511313242,223.08033766390076,2188.7004671959903,629.86954774571416,1881.9102505230815,0,11.343775781735076,15.32541724184561,12.8872,0.69634105923854128,1.0000000000082261,2511.7797982687957,2511.7797982687957
情景一阈值控制,28.390494725310319,13368.223560615374,100.00000000080429,10699.542127673913,222.54429126177837,2193.9531371027633,631.30304289136848,1885.1933788820893,0,11.370526861554248,15.354900801997125,12.8872,0.69581065898963557,1.0000000000082123,2516.4964217734578,2516.4964217734578
情景一阈值控制,28.439038414630701,13344.928204928487,100.00000000081607,10718.129081506071,222.00920325178231,2199.196626967479,632.7365380370228,1888.4682855911663,0,11.39723988787242,15.384300540907583,12.8872,0.69527965584101448,1.0000000000081983,2521.2048236281889,2521.2048236281889
情景一阈值控制,28.487582103951091,13321.687604416094,100.00000000082781,10736.669482488869,221.47507650636456,2204.4309532424763,634.17003318267734,1891.734989975103,0,11.423914817475104,15.413616482911735,12.8872,0.69474805023691744,1.0000000000081839,2525.9050231577803,2525.9050231577803
情景一阈值控制,28.536125793271481,13298.501630377479,100.00000000083953,10755.163440043663,220.94191380412556,2209.656132428524,635.60352832833223,1894.9935113132685,0,11.450551607179818,15.442848652821544,12.8872,0.69421584262593228,1.0000000000081692,2530.5970396416005,2530.5970396416005
情景一阈值控制,28.58466948259187,13275.370154414424,100.00000000085122,10773.611063334616,220.409717831515,2214.8721810732245,637.03702347398712,1898.2438688397153,0,11.477150213836397,15.471997075926954,12.8872,0.69368303346100146,1.0000000000081546,2535.2808923137027,2535.2808923137027
情景一阈值控制,28.63321317191226,13252.293048430511,100.0000000008629,10792.012461269303,219.87849118450293,2220.0791157694507,638.47051861964223,1901.4860817432864,0,11.503710594327316,15.501061777996615,12.8872,0.69314962319942652,1.0000000000081397,2539.9566003629288,2539.9566003629288
情景一阈值控制,28.68175686123265,13229.270184630408,100.00000000087456,10810.367742499317,219.3482363702235,2225.2769531538097,639.90401376529746,1904.7201691677226,0,11.530232705567993,15.530042785278621,12.8872,0.69261561230287416,1.0000000000081244,2544.6241829330202,2544.6241829330202
情景一阈值控制,28.730300550553032,13206.301435519168,100.0000000008862,10828.677015420857,218.81895580858969,2230.4657099051319,641.33750891095258,1907.9461502117674,0,11.556716504507103,15.55894012450123,12.8872,0.69208100123738103,1.0000000000081093,2549.2836591227201,2549.2836591227201
情景一阈值控制,28.778844239873422,13183.386673901503,100.00000000089781,10846.940388175359,218.29065183388025,2235.6454027429922,642.77100405660815,1911.1640439292742,0,11.583161948126909,15.587753822873607,12.8872,0.69154579047335929,1.0000000000080942,2553.9350479858822,2553.9350479858822
情景一阈值控制,28.827387929193812,13160.525772881114,100.0000000009094,10865.157968650057,217.76332669629954,2240.8160484262521,644.20449920226372,1914.3738693293092,0,11.609568993443547,15.616483908086506,12.8872,0.69100998048560203,1.0000000000080784,2558.5783685315728,2558.5783685315728
情景一阈值控制,28.875931618514201,13137.718605859956,100.00000000092098,10883.32986447861,217.23698256351076,2245.9776637516352,645.63799434791963,1917.5756453762597,0,11.635937597507361,15.645130408313008,12.8872,0.69047357175328783,1.0000000000080622,2563.2136397241793,2563.2136397241793
情景一阈值控制,28.924475307834591,13114.965046537556,100.00000000093252,10901.456183041677,216.7116215221433,2251.1302655523236,647.07148949357543,1920.7693909899363,0,11.662267717403209,15.673693352209213,12.8872,0.6899365647599861,1.0000000000080465,2567.8408804835117,2567.8408804835117
情景一阈值控制,28.973018997154973,13092.264968910304,100.00000000094403,10919.537031467529,216.18724557927351,2256.2738706965811,648.50498463923134,1923.9551250456789,0,11.688559310250776,15.702172768914945,12.8872,0.68939895999366285,1.0000000000080298,2572.4601096849101,2572.4601096849101
情景一阈值控制,29,13079.671146562365,100.00000000095042,10929.56690321602,215.89621952660886,2259.1288473486866,649.30173365325891,1925.7223266310989,0,11.703155731636372,15.717965771890244,12.8872,0.68909989633410629,1.0000000000080207,2575.0240602843578,2575.0240602843578
情景一阈值控制,29.021562686475363,13069.618247270755,100.00000000095552,10937.572516632637,215.66385666387973,2261.4084960864043,649.93847978488748,1927.1328663744641,0,11.714812333204911,15.730568688054456,12.8872,0.68886075794668411,1.0000000000080136,2577.0713461593514,2577.0713461593514
情景一阈值控制,29.070106375795753,13047.024756206943,100.00000000096699,10955.562745162253,215.14145662827374,2266.5341586561949,651.37197493054384,1930.3026337630038,0,11.741026743455906,15.758881139737095,12.8872,0.68832195911582272,1.0000000000079967,2581.6746086935477,2581.6746086935477
情景一阈值控制,29.118650065116142,13024.484370601678,100.00000000097845,10973.507823431013,214.62004724950665,2271.6508753714566,652.80547007620032,1933.4644459538531,0,11.767202498229844,15.787110154558009,12.8872,0.68778256400226168,1.0000000000079798,2586.2699160300535,2586.2699160300535
情景一阈值控制,29.167193754436532,13001.996965631854,100.00000000098987,10991.407857563519,214.09963023075096,2276.7586632275179,654.23896522185703,1936.6183216455136,0,11.793339554788895,15.815255763598808,12.8872,0.68724257311159986,1.0000000000079634,2590.8572868673705,2590.8572868673705
情景一阈值控制,29.215737443756922,12979.562416767758,100.00000000100127,11009.262953434936,213.58020720265827,2281.857539248278,655.67246036751385,1939.7642794925355,0,11.819437870431647,15.843317998428249,12.8872,0.68670198695385687,1.0000000000079459,2595.4367398600493,2595.4367398600493
情景一阈值控制,29.264281133077304,12957.180599772386,100.00000000101265,11027.073216671564,213.06177972469408,2286.9475204849746,657.10595551317056,1942.9023381056231,0,11.845497402493413,15.871296891102897,12.8872,0.68616080604347696,1.0000000000079285,2600.0082936187937,2600.0082936187937
情景一阈值控制,29.312824822397694,12934.851390700738,100.00000000102401,11044.838752651443,212.54434928645048,2292.0286240149776,658.5394506588276,1946.0325160517364,0,11.87151810834656,15.899192474167796,12.8872,0.68561903089933429,1.0000000000079106,2604.5719667105641,2604.5719667105641
情景一阈值控制,29.361368511718084,12912.574665899156,100.00000000103533,11062.559666504909,212.02791730893543,2297.1008669405956,659.97294580448488,1949.1548318541938,0,11.897499945400812,15.927004780657104,12.8872,0.68507666204473761,1.0000000000078932,2609.1277776586785,2609.1277776586785
情景一阈值控制,29.409912201038473,12890.350302004625,100.00000000104663,11080.236063115202,211.51248514583952,2302.1642663879193,661.40644095014204,1952.2693039927753,0,11.923442871103575,15.954733844094759,12.8872,0.68453370000743452,1.0000000000078755,2613.6757449429174,2613.6757449429174
情景一阈值控制,29.458455890358863,12868.178175944086,100.00000000105788,11097.868047119035,210.9980540847817,2307.2188395056723,662.83993609579966,1955.3759509038246,0,11.949346842940262,15.982379698495128,12.8872,0.68399014531961644,1.0000000000078573,2618.2158869996242,2618.2158869996242
情景一阈值控制,29.506999579679245,12846.058164933767,100.00000000106913,11115.455722907169,210.48462534853368,2312.2646034640929,664.27343124145693,1958.4747909803505,0,11.975211818434595,16.009942378363622,12.8872,0.68344599851792243,1.0000000000078388,2622.7482222218073,2622.7482222218073
情景一阈值控制,29.555543268999635,12823.990146478491,100.00000000108035,11132.999194625007,209.97220009622282,2317.301575453831,665.70692638711466,1961.5658425721315,0,12.001037755148952,16.037421918697365,12.8872,0.68290126014344377,1.0000000000078202,2627.2727689592462,2627.2727689592462
情景一阈值控制,29.604086958320025,12801.973998371004,100.00000000109155,11150.498566173155,209.46077942451456,2322.3297726848682,667.14042153277251,1964.6491239858135,0,12.026824610684654,16.064818354985785,12.8872,0.68235593074172862,1.0000000000078018,2631.7895455185862,2631.7895455185862
情景一阈值控制,29.652630647640414,12780.0095986913,100.00000000110273,11167.953941207999,208.95036436877353,2327.3492123854562,668.57391667843058,1967.7246534850137,0,12.052572342682307,16.092131723211256,12.8872,0.68181001086278625,1.0000000000077831,2636.2985701634443,2636.2985701634443
情景一阈值控制,29.701174336960804,12758.096825805942,100.00000000111386,11185.365423142293,208.4409559042071,2332.3599118010766,670.00741182408865,1970.7924492904208,0,12.078280908822112,16.119362059849703,12.8872,0.68126350106109101,1.0000000000077636,2640.7998611145094,2640.7998611145094
情景一阈值控制,29.749718026281187,12736.235558367391,100.00000000112497,11202.733115145711,207.93255494698704,2337.361888193419,671.44090696974672,1973.8525295798963,0,12.103950266824187,16.146509401871217,12.8872,0.68071640189558635,1.0000000000077447,2645.293436549643,2645.293436549643
情景一阈值控制,29.798261715601576,12714.425675313321,100.00000000113607,11220.05712014544,207.42516235535231,2342.3551588393807,672.87440211540513,1976.9049124885757,0,12.129580374448899,16.173573786740668,12.8872,0.68016871392968947,1.0000000000077252,2649.7793146039808,2649.7793146039808
情景一阈值控制,29.846805404921966,12692.667055865979,100.00000000114713,11237.337540826733,206.91877893069375,2347.339741030079,674.30789726106366,1979.9496161089683,0,12.155171189497162,16.200555252418283,12.8872,0.67962043773129477,1.0000000000077061,2654.257513370032,2654.257513370032
情景一阈值控制,29.895349094242356,12670.959579531484,100.00000000115816,11254.574479633482,206.41340541861925,2352.315652069889,675.7413924067223,1982.986658491056,0,12.180722669810779,16.227453837360247,12.8872,0.67907157387277861,1.0000000000076863,2658.7280508977783,2658.7280508977783
情景一阈值控制,29.943892783562745,12649.303126099176,100.00000000116917,11271.768038768791,205.9090425100012,2357.2829092754946,677.17488755238105,1986.0160576423959,0,12.206234773272751,16.254269580519285,12.8872,0.67852212293100256,1.0000000000076659,2663.1909451947768,2663.1909451947768
情景一阈值控制,29.992436472883135,12627.697575640948,100.00000000118014,11288.918320195537,205.4056908420055,2362.2415299749614,678.60838269804003,1989.0378315282187,0,12.231707457807605,16.28100252134525,12.8872,0.67797208548731724,1.0000000000076459,2667.646214226259,2667.646214226259
情景一阈值控制,30,12624.335819491009,100.00000000118185,11291.586592291624,205.32735538696835,2363.0133494838492,678.83173365380537,1989.5079646263059,0,12.23567277051708,16.285160291845035,12.8872,0.67788633211878113,1.0000000000076428,2668.3396982801114,2668.3396982801114
情景一阈值控制,30.040980162203518,12606.142808510587,100.00000000119108,11306.02542563693,204.90335099910195,2367.1915315068213,680.0418778436989,1992.0519980715269,0,12.257140681381713,16.307652699785688,12.8872,0.67742146212756693,1.0000000000076257,2672.0938759152259,2672.0938759152259
情景一阈值控制,30.089523851523907,12584.63870534309,100.00000000120201,11323.089456577098,204.40202351405929,2372.1329312191833,681.47537298935811,1995.0585751531985,0,12.282534402003622,16.33422015628641,12.8872,0.67687025344209228,1.0000000000076052,2676.5339481425567,2676.5339481425567
情景一阈值控制,30.138067540844297,12563.185147054033,100.0000000012129,11340.110514261614,203.90170886892201,2377.0657464688502,682.90886813501731,1998.0575806120794,0,12.307888577724363,16.36070493179205,12.8872,0.67631846002573481,1.0000000000075846,2680.9664487470968,2680.9664487470968
情景一阈值控制,30.186611230164687,12541.782014838891,100.00000000122375,11357.088699698088,203.40240749597004,2381.9899946204591,684.34236328067686,2001.0490322450878,0,12.333203166637782,16.387107067746616,12.8872,0.6757660824778402,1.0000000000075637,2685.3913955257649,2685.3913955257649
情景一阈值控制,30.235154919485076,12520.42919017239,100.00000000123461,11374.024113656709,202.90411977866185,2386.9056930456381,685.77585842633641,2004.0329478073104,0,12.358478126880865,16.413426606094045,12.8872,0.67521312140226186,1.0000000000075431,2689.8088062336469,2689.8088062336469
情景一阈值控制,30.283698608805459,12499.126554807843,100.00000000124543,11390.916856670805,202.40684605256226,2391.8128591221757,687.20935357199585,2007.0093450120996,0,12.383713416634054,16.439663589278751,12.8872,0.67465957740736493,1.0000000000075222,2694.2186985840954,2694.2186985840954
情景一阈值控制,30.332242298125848,12477.873990776498,100.0000000012562,11407.767029037415,201.91058660625333,2396.7115102332091,688.64284871765562,2009.9782415311754,0,12.408908994121584,16.465818060246153,12.8872,0.67410545110602871,1.0000000000075009,2698.621090248831,2698.621090248831
情景一阈值控制,30.380785987446238,12456.671380386888,100.00000000126693,11424.574730817822,201.41534168223043,2401.6016637664247,690.07634386331563,2012.9396549947187,0,12.434064817611787,16.491890062443193,12.8872,0.67355074311565111,1.0000000000074791,2703.0159988580344,2703.0159988580344
情景一阈值控制,30.429329676766628,12435.518606224179,100.00000000127763,11441.340061838117,200.92111147778107,2406.4833371132777,691.50983900897575,2015.8936029914728,0,12.459180845417437,16.51787963981889,12.8872,0.67299545405815131,1.0000000000074578,2707.4034420004486,2707.4034420004486
情景一阈值控制,30.477873366087017,12414.415551149516,100.0000000012883,11458.063121689755,200.42789614585033,2411.3565476682224,692.94333415463575,2018.8401030688376,0,12.484257035896055,16.543786836824829,12.8872,0.67243958455997355,1.0000000000074358,2711.7834372234734,2711.7834372234734
情景一阈值控制,30.526417055407407,12393.362098299373,100.00000000129894,11474.744009730106,199.93569579589135,2416.2213128279627,694.37682930029609,2021.7791727329686,0,12.509293347450249,16.569611698415684,12.8872,0.67188313525208998,1.0000000000074134,2716.1560020332645,2716.1560020332645
情景一阈值控制,30.57496074472779,12372.358131084919,100.00000000130954,11491.382825082996,199.44451049470018,2421.0776499907092,695.81032444595633,2024.7108294488744,0,12.534289738528027,16.595354270049718,12.8872,0.67132610677000371,1.0000000000073919,2720.5211538948306,2720.5211538948306
情景一阈值控制,30.623504434048179,12351.403533191342,100.00000000132013,11507.979666639272,198.95434026723606,2425.9255765554608,697.2438195916169,2027.6350906405121,0,12.559246167623142,16.6210145976893,12.8872,0.67076849975375241,1.0000000000073692,2724.8789102321289,2724.8789102321289
情景一阈值控制,30.672048123368569,12330.498188577249,100.00000000133069,11524.534633057334,198.46518509742884,2430.765109921289,698.67731473727747,2030.5519736908834,0,12.584162593275387,16.646592727801366,12.8872,0.67021031484791083,1.0000000000073466,2729.229288428161,2729.229288428161
情景一阈值控制,30.720591812688959,12309.641981473984,100.00000000134121,11541.047822763689,197.97704492897159,2435.596267486646,700.11080988293838,2033.4614959421326,0,12.609038974070941,16.672088707357915,12.8872,0.66965155270159382,1.0000000000073244,2733.572305825071,2733.572305825071
情景一阈值控制,30.769135502009348,12288.834796385006,100.00000000135168,11557.519333953496,197.48991966609987,2440.419066648677,701.54430502859918,2036.3636746956413,0,12.633875268642694,16.69750258383651,12.8872,0.66909221396845997,1.0000000000073015,2737.9079797242402,2737.9079797242402
情景一阈值控制,30.817679191329731,12268.076518085254,100.00000000136212,11573.949264591107,197.00380917435655,2445.2335248025533,702.97780017425998,2039.2585272121241,0,12.658671435670563,16.722834405220709,12.8872,0.66853229930671332,1.0000000000072788,2742.2363273863839,2742.2363273863839
情景一阈值控制,30.86622288065012,12247.367031620484,100.00000000137256,11590.33771241061,196.51871328134379,2450.0396593408191,704.41129531992112,2042.1460707117267,0,12.683427433881832,16.748084220000575,12.8872,0.66797180937910694,1.0000000000072555,2746.5573660316477,2746.5573660316477
情景一阈值控制,30.91476656997051,12226.706222306664,100.00000000138294,11606.684774916381,196.03463177746417,2454.83748765274,705.84479046558238,2045.0263223741167,0,12.708143222051463,16.773252077173101,12.8872,0.66741074485294538,1.000000000007232,2750.871112839699,2750.871112839699
情景一阈值控制,30.9633102592909,12206.093975729318,100.00000000139329,11622.990549383598,195.55156441664585,2459.6270271236758,707.27828561124375,2047.8992993385834,0,12.732818759002434,16.798338026242671,12.8872,0.66684910640008699,1.0000000000072087,2755.1775849498272,2755.1775849498272
情景一阈值控制,31,12190.547214429524,100.00000000140109,11635.287258314387,195.18713066418414,2463.2415132451356,708.36173365440629,2050.0659036644265,0,12.751442010616987,16.817243885928672,12.8872,0.66642423479027058,1.0000000000071909,2758.4276373188327,2758.4276373188327
情景一阈值控制,31.011853948611289,12185.530177742898,100.00000000140361,11639.255132858811,195.06951091705668,2464.4082951344617,708.71178075690511,2050.765018704129,0,12.75745400360606,16.823342117221518,12.8872,0.66628689469694746,1.0000000000071851,2759.4767994610343,2759.4767994610343
情景一阈值控制,31.060397637931672,12165.01471447016,100.00000000141388,11655.478622160452,194.58847096180608,2469.1813090607998,710.1452759025666,2053.6234975295652,0,12.782048914782315,16.848264400630139,12.8872,0.66572411042450119,1.0000000000071618,2763.7687734321316,2763.7687734321316
情景一阈值控制,31.108941327252062,12144.54747230151,100.00000000142413,11671.661113879396,194.10844419963431,2473.9460862726664,711.57877104822819,2056.4747528336088,0,12.806603451500182,16.873104927497767,12.8872,0.66516075426828469,1.0000000000071376,2768.053523881837,2768.053523881837
情景一阈值控制,31.157485016572451,12124.128337894404,100.00000000143434,11687.802704379475,193.62943024559064,2478.7026441337257,713.01226619389013,2059.3188015949731,0,12.831117572777945,16.897863749362742,12.8872,0.66459682691839828,1.0000000000071134,2772.331067788863,2772.331067788863
情景一阈值控制,31.206028705892841,12103.757198172705,100.00000000144452,11703.903489798024,193.15142868169846,2483.4510000007604,714.44576133955195,2062.1556607524635,0,12.855591237683546,16.922540918272983,12.8872,0.66403232906950882,1.0000000000070894,2776.6014220920156,2776.6014220920156
情景一阈值控制,31.254572395213231,12083.433940326053,100.00000000145467,11719.963566046405,192.67443905760896,2488.1911712231094,715.879256485214,2064.9853472050713,0,12.880024405334895,16.947136486786356,12.8872,0.66346726142085199,1.000000000007065,2780.8646036902855,2780.8646036902855
情景一阈值控制,31.30311608453362,12063.158451809255,100.00000000146477,11735.983028810546,192.1984608912455,2492.9231751421216,717.31275163087616,2067.8078778120675,0,12.904417034900208,16.971650507971113,12.8872,0.66290162467623437,1.0000000000070404,2785.1206294429439,2785.1206294429439
情景一阈值控制,31.351659773854003,12042.930620341645,100.00000000147485,11751.961973551464,191.72349366943473,2497.6470290906118,718.74624677653821,2070.6232693930951,0,12.928769085598326,16.996083035406269,12.8872,0.6623354195440353,1.0000000000070162,2789.3695161696332,2789.3695161696332
情景一阈值控制,31.400203463174392,12022.750333906471,100.00000000148489,11767.900495505808,191.2495368485271,2502.3627503923408,720.17974192220061,2073.4315387282645,0,12.953080516699057,17.020434123182,12.8872,0.66176864673720948,1.0000000000069913,2793.6112806504652,2793.6112806504652
情景一阈值控制,31.448747152494782,12002.617480750278,100.0000000014949,11783.798689686362,190.77658985500722,2507.0703563614911,721.613237067863,2076.2327025582422,0,12.977351287523488,17.044703825900037,12.8872,0.66120130697328894,1.0000000000069658,2797.8459396261051,2797.8459396261051
情景一阈值控制,31.497290841815172,11982.531949382277,100.00000000150487,11799.656650882594,190.3046520860934,2511.7698643021636,723.04673221352562,2079.0267775843486,0,13.001581357444318,17.068892198674021,12.8872,0.66063340097438406,1.0000000000069409,2802.0735097978741,2802.0735097978741
情景一阈值控制,31.545834531135561,11962.493628573746,100.00000000151481,11815.474473661165,189.83372291032691,2516.4612915078806,724.48022735918823,2081.8137804686462,0,13.025770685886194,17.092999297129893,12.8872,0.66006492946718676,1.0000000000069156,2806.2940078278343,2806.2940078278343
情景一阈值控制,31.594378220455944,11942.502407357397,100.0000000015247,11831.252252366461,189.36380166815084,2521.1446552610978,725.91372250485085,2084.5937278340348,0,13.049919232326026,17.117025177406248,12.8872,0.65949589318297164,1.0000000000068903,2810.5074503388855,2810.5074503388855
情景一阈值控制,31.642921909776334,11922.558175026767,100.00000000153454,11846.990081121121,188.89488767247752,2525.8199728327327,727.3472176505137,2087.3666362643435,0,13.07402695629334,17.140969896154704,12.8872,0.65892629285759741,1.0000000000068645,2814.7138539148573,2814.7138539148573
情景一阈值控制,31.691465599096723,11902.660821135605,100.00000000154438,11862.688053826543,188.42698020924922,2530.4872614816895,728.78071279617677,2090.1325223044187,0,13.098093817370573,17.164833510540237,12.8872,0.6583561292315091,1.0000000000068388,2818.9132351005956,2818.9132351005956
情景一阈值控制,31.740009288417113,11882.810235497271,100.00000000155416,11878.346264163412,187.96007853798673,2535.1465384544076,730.21420794183985,2092.8914024602209,0,13.122119775193429,17.188616078241523,12.8872,0.65778540304973965,1.000000000006813,2823.1056104020608,2823.1056104020608
情景一阈值控制,31.788552977737503,11863.006308184104,100.00000000156392,11893.964805592224,187.4941818923289,2539.7978209844105,731.64770308750303,2095.6432931989129,0,13.146104789451194,17.212317657451283,12.8872,0.65721411506191085,1.000000000006787,2827.290996286416,2827.290996286416
情景一阈值控制,31.837096667057892,11843.248929526833,100.00000000157364,11909.543771353794,187.02928948056274,2544.4411262918693,733.08119823316645,2098.3882109489518,0,13.170048819887073,17.235938306876612,12.8872,0.65664226602223574,1.000000000006761,2831.4694091821184,2831.4694091821184
情景一阈值控制,31.885640356378275,11823.53799011396,100.00000000158332,11925.083254469775,186.56540048614471,2549.0764715831688,734.51469337882952,2101.1261721001797,0,13.193951826298511,17.259478085739289,12.8872,0.65606985668951912,1.0000000000067348,2835.6408654790093,2835.6408654790093
情景一阈值控制,31.934184045698665,11803.873380791154,100.00000000159297,11940.583347743181,186.102514068213,2553.7038740504909,735.94818852449305,2103.8571930039157,0,13.217813768537535,17.282937053776102,12.8872,0.65549688782715942,1.0000000000067084,2839.8053815284088,2839.8053815284088
情景一阈值控制,31.982727735019054,11784.254992660648,100.00000000160254,11956.044143758894,185.64062936209044,2558.3233508713965,737.38168367015669,2106.5812899730449,0,13.24163460651107,17.30631527123915,12.8872,0.65492336020314967,1.0000000000066815,2843.9629736432016,2843.9629736432016
情景一阈值控制,32,11777.285728457317,100.00000000160595,11961.535767687405,185.47652823400458,2559.965092274299,737.89173365505565,2107.5488802629661,0,13.250100344809356,17.314613977549637,12.8872,0.65471915947909898,1.0000000000066722,2845.4406139180219,2845.4406139180219
情景一阈值控制,32.031271424339444,11764.682717080641,100.00000000161211,11971.465734884174,185.17974547977798,2562.9349192084278,738.81517881582045,2109.2984792821098,0,13.265414300181273,17.329612798896143,12.8872,0.65434927459007897,1.0000000000066549,2848.1136580979301,2848.1136580979301
情景一阈值控制,32.079815113659834,11745.15644566469,100.00000000162163,11986.848213269173,184.71986151044109,2567.538596208708,740.2486739614842,2112.0087771673989,0,13.289152809565868,17.352829698030686,12.8872,0.65377463176513317,1.0000000000066285,2852.2574511288831,2852.2574511288831
情景一阈值控制,32.128358802980216,11725.676070281113,100.00000000163111,12002.191670847447,184.2609765208874,2572.1343990035552,741.68216910714784,2114.7121998270381,0,13.312850094738465,17.37596603044258,12.8872,0.65319943251009693,1.0000000000066014,2856.3943689341859,2856.3943689341859
情景一阈值控制,32.176902492300606,11706.241483052381,100.00000000164054,12017.49619933647,183.80308955603482,2576.722344708106,743.11566425281183,2117.4087634210814,0,13.336506115828904,17.399021858448098,12.8872,0.6526236776113532,1.0000000000065739,2860.5244276738931,2860.5244276738931
情景一阈值控制,32.225446181620995,11686.852576354542,100.00000000164995,12032.761890238129,183.34619963937266,2581.3024504209388,744.54915939847592,2120.0984840715978,0,13.360120833023572,17.421997244880231,12.8872,0.65204736785988526,1.0000000000065465,2864.6476434700735,2864.6476434700735
情景一阈值控制,32.273989870941385,11667.509242816599,100.00000000165932,12047.988834839243,182.89030577341404,2585.8747332237149,745.98265454414013,2122.7813778627606,0,13.383694206565737,17.444892253088987,12.8872,0.65147050405127727,1.0000000000065195,2868.7640324069007,2868.7640324069007
情景一阈值控制,32.322533560261775,11648.211375319937,100.00000000166864,12063.177124212063,182.43540694014132,2590.4392101808226,747.41614968980446,2125.4574608409403,0,13.407226196755882,17.467706946941622,12.8872,0.65089308698571524,1.0000000000064915,2872.8736105307448,2872.8736105307448
情景一阈值控制,32.371077249582164,11628.958866997717,100.00000000167792,12078.326849214771,181.98150210144291,2594.9958983390243,748.84964483546878,2128.1267490147889,0,13.430716763952027,17.490441390822891,12.8872,0.65031511746798698,1.0000000000064639,2876.9763938502574,2876.9763938502574
情景一阈值控制,32.419620938902547,11609.751611234287,100.00000000168717,12093.438100491994,181.52859019954201,2599.5448147271209,750.2831399811331,2130.7892583553294,0,13.454165868570065,17.513095649635297,12.8872,0.64973659630748382,1.0000000000064364,2881.0723983364624,2881.0723983364624
情景一阈值控制,32.468164628222937,11590.589501664594,100.00000000169638,12108.510968475304,181.07667015741848,2604.0859763556196,751.71663512679766,2133.445004796049,0,13.477573471084099,17.535669788799328,12.8872,0.6491575243182004,1.0000000000064082,2885.1616399228469,2885.1616399228469
情景一阈值控制,32.516708317543326,11571.47243217359,100.00000000170554,12123.545543383711,180.62574087922457,2608.6194002164007,753.15013027246232,2136.0940042329812,0,13.500939532026752,17.558163874253665,12.8872,0.64857790231873547,1.0000000000063802,2889.2441345054435,2889.2441345054435
情景一阈值控制,32.565252006863716,11552.400296895656,100.00000000171467,12138.541915224168,180.17580125069128,2613.1451032824039,754.58362541812699,2138.7362725247954,0,13.524264011989514,17.580577972455416,12.8872,0.64799773113229209,1.000000000006352,2893.3198979429226,2893.3198979429226
情景一阈值控制,32.613795696184106,11533.372990213997,100.00000000172375,12153.50017379207,179.72685013952847,2617.6631025073139,756.01712056379188,2141.3718254928867,0,13.547546871623069,17.602912150380323,12.8872,0.64741701158667841,1.0000000000063238,2897.3889460566788,2897.3889460566788
情景一阈值控制,32.662339385504488,11514.39040676008,100.00000000173279,12168.420408671745,179.27888639581809,2622.1734148252563,757.45061570945654,2144.0006789214631,0,13.570788071637617,17.625166475522963,12.8872,0.64683574451430759,1.0000000000062956,2901.4512946309196,2901.4512946309196
情景一阈值控制,32.710883074824878,11495.452441413025,100.00000000174178,12183.302709236967,178.83190885240052,2626.6760571504983,758.88411085512155,2146.6228485576312,0,13.59398757280322,17.647341015896949,12.8872,0.64625393075219817,1.0000000000062663,2905.5069594127526,2905.5069594127526
情景一阈值控制,32.759426764145267,11476.558989299047,100.00000000175075,12198.147164651427,178.38591632525453,2631.1710463771537,760.31760600078667,2149.2383501114846,0,13.617145335950116,17.669435840035106,12.8872,0.64567157114197382,1.0000000000062379,2909.5559561122714,2909.5559561122714
情景一阈值控制,32.807970453465657,11457.709945790855,100.00000000175967,12212.953863869247,177.9409076138694,2635.6583993789013,761.7511011464519,2151.8471992561913,0,13.640261321969058,17.691451016989678,12.8872,0.64508866652986407,1.000000000006209,2913.598300402643,2913.598300402643
情景一阈值控制,32.856514142786047,11438.905206507092,100.00000000176856,12227.722895635457,177.49688150161055,2640.1381330087038,763.18459629211713,2154.4494116280785,0,13.663335491811642,17.713386616332464,12.8872,0.64450521776670411,1.0000000000061799,2917.6340079201955,2917.6340079201955
情景一阈值控制,32.905057832106429,11420.144667311743,100.00000000177739,12242.454348486501,177.0538367560811,2644.6102640985323,764.61809143778225,2157.045002826721,0,13.686367806490633,17.735242708155017,12.8872,0.64392122570793431,1.0000000000061511,2921.6630942645033,2921.6630942645033
情景一阈值控制,32.953601521426819,11401.428224313553,100.00000000178619,12257.148310750716,176.61177212947433,2649.0748094591036,766.05158658344772,2159.6339884150293,0,13.709358227080312,17.757019363068785,12.8872,0.64333669121360038,1.0000000000061218,2925.685574998477,2925.685574998477
情景一阈值控制,33,11383.580006833501,100.00000000179456,12271.157966211387,176.1901578756399,2653.3349857323101,767.42173365574661,2162.1024033621106,0,13.731293476391484,17.777759495053459,12.8872,0.64277748187010397,1.0000000000060936,2929.5241370178574,2929.5241370178574
情景一阈值控制,33.002145210747209,11382.755773865474,100.00000000179494,12271.804870548827,176.17068635892124,2653.5317858796152,767.48508172911329,2162.2163839193304,0,13.732306714716783,17.778716652205269,12.8872,0.64275161514835322,1.0000000000060925,2929.7014656484434,2929.7014656484434
情景一阈值控制,33.050688900067598,11364.127212564072,100.00000000180366,12286.424115794434,175.73057816683163,2657.9812101274911,768.91857687477886,2164.7922048294599,0,13.755213230598317,17.800334647216147,12.8872,0.6421659983814485,1.0000000000060629,2933.7107817042388,2933.7107817042388
情景一阈值控制,33.099232589387988,11345.542437248962,100.00000000181232,12301.006134194497,175.29144626122948,2662.423098948133,770.35207202044467,2167.361466598843,0,13.778077735985677,17.821873420273434,12.8872,0.64157984178674632,1.0000000000060334,2937.7135386192876,2937.7135386192876
情景一阈值控制,33.147776278708378,11327.001345002232,100.00000000182095,12315.55101324982,174.85328933608264,2666.8574690646765,771.78556716611035,2169.9241846445821,0,13.800900192202457,17.843333044069595,12.8872,0.64099314624271075,1.0000000000060034,2941.7097518106925,2941.7097518106925
情景一阈值控制,33.19631996802876,11308.503833147883,100.00000000182955,12330.058840255546,174.41610607162625,2671.2843371777508,773.21906231177604,2172.4803743475431,0,13.823680560635397,17.864713591817662,12.8872,0.64040591263240909,1.0000000000059743,2945.699436659319,2945.699436659319
情景一阈值控制,33.24486365734915,11290.049799251241,100.00000000183809,12344.529702301625,173.979895134679,2675.7037199652518,774.65255745744196,2175.0300510524394,0,13.846418802734732,17.886015137251363,12.8872,0.63981814184351227,1.0000000000059439,2949.6826085098814,2949.6826085098814
情景一阈值控制,33.293407346669539,11271.639141118414,100.00000000184659,12358.963686273308,173.54465517895775,2680.1156340821071,776.08605260310787,2177.573230067916,0,13.869114880014504,17.907237754625196,12.8872,0.63922983476829254,1.0000000000059139,2953.6592826710239,2953.6592826710239
情景一阈值控制,33.341951035989929,11253.271756795708,100.00000000185503,12373.360878851627,173.11038484538298,2684.5200961600599,777.51954774877402,2180.1099266666361,0,13.891768754052897,17.928381518714552,12.8872,0.63864099230362426,1.0000000000058837,2957.6294744154102,2957.6294744154102
情景一阈值控制,33.390494725310319,11234.947544569075,100.00000000186346,12387.721366513864,172.67708276238034,2688.9171228074492,778.95304289444016,2182.6401560853651,0,13.91438038649258,17.949446504815782,12.8872,0.63805161535098232,1.0000000000058531,2961.5931989798055,2961.5931989798055
情景一阈值控制,33.439038414630701,11216.666402963539,100.00000000187183,12402.045235534048,172.24474754617654,2693.3067306089993,780.38653804010619,2185.1639335250538,0,13.936949739041014,17.970432788746294,12.8872,0.63746170481644127,1.0000000000058231,2965.55047156516,2965.55047156516
情景一阈值控制,33.487582103951091,11198.428230742631,100.00000000188014,12416.332571983416,171.81337780109001,2697.6889361256149,781.82003318577256,2187.6812741509248,0,13.959476773470804,17.991340446844617,12.8872,0.63687126161067464,1.0000000000057923,2969.5013073366972,2969.5013073366972
情景一阈值控制,33.536125793271481,11180.232926907853,100.00000000188842,12430.583461730901,171.38297211981745,2702.0637558941744,783.25352833143893,2190.1921930925541,0,13.981961451620018,18.012169555970466,12.8872,0.63628028664895375,1.0000000000057618,2973.4457214239928,2973.4457214239928
情景一阈值控制,33.58466948259187,11162.080390698085,100.00000000189667,12444.797990443598,170.95352908371365,2706.431206427339,784.68702347710541,2192.6967054439565,0,14.004403735392513,18.032920193504793,12.8872,0.63568878085114688,1.0000000000057307,2977.3837289210619,2977.3837289210619
情景一阈值控制,33.63321317191226,11143.970521589057,100.00000000190485,12458.976243587249,170.52504726306654,2710.7913042133564,786.12051862277201,2195.1948262636679,0,14.026803586758268,18.053592437349845,12.8872,0.63509674514171732,1.0000000000056999,2981.31534488644,2981.31534488644
情景一阈值控制,33.68175686123265,11125.903219292766,100.00000000191301,12473.118306426708,170.09752521736877,2715.1440657158755,787.55401376843861,2197.6865705748314,0,14.049160967753719,18.07418636592919,12.8872,0.63450418044972301,1.000000000005669,2985.2405843432698,2985.2405843432698
情景一阈值控制,33.730300550553032,11107.87838375695,100.00000000192111,12487.224264026416,169.6709614955839,2719.4895073737634,788.98750891410498,2200.1719533652758,0,14.071475840482082,18.094702058187771,12.8872,0.63391108770881488,1.0000000000056379,2989.1594622793809,2989.1594622793809
情景一阈值控制,33.778844239873422,11089.895915164496,100.00000000192917,12501.294201250872,169.24535463640692,2723.8276456009276,790.4210040597718,2202.6509895876043,0,14.093748167113688,18.115139593591909,12.8872,0.63331746785723508,1.0000000000056068,2993.0719936473761,2993.0719936473761
情景一阈值控制,33.827387929193812,11071.955713932928,100.0000000019372,12515.328202765106,168.82070316852116,2728.1584967861404,791.85449920543863,2205.1236941592724,0,14.115977909886304,18.13549905212933,12.8872,0.63272332183781632,1.0000000000055753,2996.9781933647109,2996.9781933647109
情景一阈值控制,33.875931618514201,11054.057680713826,100.00000000194515,12529.326353035141,168.39700561085024,2732.4820772928711,793.28799435110557,2207.5900819626736,0,14.138165031105466,18.155780514309168,12.8872,0.63212865059797918,1.0000000000055442,3000.8780763137793,3000.8780763137793
情景一阈值控制,33.924475307834591,11036.201716392286,100.00000000195308,12543.288736328466,167.97426047280604,2736.7984034591195,794.72148949677262,2210.0501678452188,0,14.16030949314481,18.175984061161966,12.8872,0.63153345508973158,1.0000000000055127,3004.7716573419912,3004.7716573419912
情景一阈值控制,33.973018997154973,11018.387722086383,100.00000000196097,12557.215436714501,167.55246625453185,2741.1074915972563,796.15498464243944,2212.503966619422,0,14.182411258446399,18.19610977423967,12.8872,0.63093773626966676,1.0000000000054807,3008.6589512618616,3008.6589512618616
情景一阈值控制,34,11008.504659866085,100.00000000196532,12564.940620202466,167.31843996577203,2743.4993966183442,796.95173365647304,2213.8650963377204,0,14.194677136543554,18.20726219736412,12.8872,0.63060640468302198,1.0000000000054634,3010.8168299941935,3010.8168299941935
情景一阈值控制,34.021562686475363,11000.615599146593,100.00000000196879,12571.106538065063,167.13162144714039,2745.4093579938667,797.5884797881065,2214.9514930629816,0,14.204470289521055,18.216157735615614,12.8872,0.63034149509896054,1.0000000000054494,3012.5399728510884,3012.5399728510884
情景一阈值控制,34.070106375795753,10982.885249155277,100.00000000197659,12584.962124054833,166.71172453294869,2749.704018909596,799.02197493377366,2217.3927619188598,0,14.22648654894868,18.236128027884494,12.8872,0.62974473254337104,1.0000000000054174,3016.4147368526337,3016.4147368526337
情景一阈值控制,34.118650065116142,10965.196573926123,100.00000000198433,12598.782278161812,166.29277398570943,2753.991490579001,800.45547007944083,2219.8277878953663,0,14.248459999378593,18.256020734162327,12.8872,0.62914744957323554,1.0000000000053855,3020.2832579748074,3020.2832579748074
情景一阈值控制,34.167193754436532,10947.549475503605,100.00000000199202,12612.567083667793,165.87476827083651,2758.271789210406,801.88896522510811,2222.2565856662386,0,14.270390603529849,18.27583593808642,12.8872,0.62854964716346917,1.0000000000053533,3024.1455508913468,3024.1455508913468
情景一阈值控制,34.215737443756922,10929.943856162434,100.00000000199967,12626.316623658809,165.45770584562717,2762.5449309857618,803.3224603707755,2224.6791698707252,0,14.292278324191578,18.295573723815327,12.8872,0.62795132629356221,1.0000000000053213,3028.0016302415006,3028.0016302415006
情景一阈值控制,34.264281133077304,10912.379618407027,100.00000000200727,12640.030981025611,165.04158515948069,2766.8109320605067,804.75595551644278,2227.095555113664,0,14.3141231242233,18.315234176028767,12.8872,0.62735248794757859,1.0000000000052891,3031.8515106301065,3031.8515106301065
情景一阈值控制,34.312824822397694,10894.856664970956,100.00000000201481,12653.710238464113,164.62640465411258,2771.0698085634372,806.18945066211018,2229.5057559655666,0,14.335924966555275,18.334817379927589,12.8872,0.62675313311415282,1.0000000000052567,3035.6952066276767,3035.6952066276767
情景一阈值控制,34.361368511718084,10877.374898816421,100.00000000202233,12667.354478475852,164.2121627637658,2775.3215765965724,807.6229458077778,2231.9097869626949,0,14.357683814188801,18.35432342123368,12.8872,0.62615326278648853,1.0000000000052247,3039.5327327704726,3039.5327327704726
情景一阈值控制,34.409912201038473,10859.934223133705,100.00000000202981,12680.96378336845,163.79885791541685,2779.5662522350312,809.05644095344542,2234.3076626071447,0,14.379399630196563,18.373752386189881,12.8872,0.62555287796235581,1.0000000000051918,3043.3641035605901,3043.3641035605901
情景一阈值控制,34.458455890358863,10842.534541340641,100.00000000203723,12694.538235256066,163.38648852897816,2783.8038515269104,810.48993609911315,2236.6993973669246,0,14.401072377722951,18.39310436155991,12.8872,0.62495197964408811,1.0000000000051592,3047.1893334660376,3047.1893334660376
情景一阈值控制,34.506999579679245,10825.175757082077,100.0000000020446,12708.077916059852,162.97505301749959,2788.034390493161,811.92343124478066,2239.0850056760364,0,14.422702019984392,18.412379434628249,12.8872,0.62435056883858064,1.0000000000051266,3051.0084369208171,3051.0084369208171
情景一阈值控制,34.555543268999635,10807.857774229336,100.00000000205192,12721.582907508406,162.56454978736264,2792.2578851274779,813.35692639044851,2241.4645019345562,0,14.444288520269678,18.431577693200051,12.8872,0.62374864655728679,1.0000000000050944,3054.8214283250045,3054.8214283250045
情景一阈值控制,34.604086958320025,10790.580496879693,100.0000000020592,12735.053291138225,162.15497723847369,2796.474351396183,814.79042153611636,2243.8379005087118,0,14.465831841940284,18.45069922560101,12.8872,0.62314621381621671,1.0000000000050606,3058.6283220448281,3058.6283220448281
情景一阈值控制,34.652630647640414,10773.343829355841,100.00000000206643,12748.489148294158,161.74633376445226,2800.6838052381172,816.2239166817842,2246.2052157309636,0,14.487331948430706,18.469744120677255,12.8872,0.6225432716359327,1.0000000000050278,3062.429132412748,3062.429132412748
情景一阈值控制,34.701174336960804,10756.147676205359,100.00000000207362,12761.890560129852,161.33861775281713,2804.8862625645343,817.65741182745217,2248.566461900085,0,14.508788803248775,18.488712467795196,12.8872,0.6219398210415481,1.0000000000049951,3066.223873727537,3066.223873727537
情景一阈值控制,34.749718026281187,10738.991942200186,100.00000000208075,12775.257607608202,160.9318275851688,2809.081739258997,819.09090697312001,2250.9216532812388,0,14.530202369975992,18.507604356841405,12.8872,0.6213358630627237,1.0000000000049611,3070.012560254359,3070.012560254359
情景一阈值控制,34.798261715601576,10721.876532336088,100.00000000208783,12788.59037150181,160.5259616373676,2813.27025117728,820.52440211878798,2253.2708041060596,0,14.55157261226786,18.526419878222455,12.8872,0.62073139873366379,1.0000000000049283,3073.7952062248478,3073.7952062248478
情景一阈值控制,34.846805404921966,10704.80135183214,100.00000000209488,12801.88893239342,160.12101827970909,2817.4518141472699,821.95789726445616,2255.6139285727299,0,14.572899493854191,18.545159122864764,12.8872,0.62012642909311466,1.0000000000048952,3077.5718258371862,3077.5718258371862
情景一阈值控制,34.895349094242356,10687.766306130197,100.00000000210187,12815.153370676366,159.71699587709776,2821.6264439688721,823.39139241012435,2257.9510408460596,0,14.594182978539447,18.563822182214434,12.8872,0.61952095518436057,1.0000000000048619,3081.342433256184,3081.342433256184
情景一阈值控制,34.943892783562745,10670.771300894372,100.00000000210882,12828.383766555016,159.31389278921591,2825.794156413921,824.82488755579254,2260.2821550575654,0,14.615423030203058,18.582409148237069,12.8872,0.61891497805522033,1.0000000000048284,3085.1070426133579,3085.1070426133579
情景一阈值控制,34.992436472883135,10653.816242010505,100.00000000211571,12841.580200045233,158.91170737068984,2829.9549672260905,826.25838270146085,2262.6072853055471,0,14.63661961279975,18.600920113417605,12.8872,0.6183084987580445,1.0000000000047944,3088.865668007008,3088.865668007008
情景一阈值控制,35,10651.178087820192,100.00000000211679,12843.633265755245,158.84912592264456,2830.6026371544367,826.48173365722766,2262.9690228300824,0,14.639918307509372,18.603797444776934,12.8872,0.61821395888413688,1.0000000000047897,3089.4507564873102,3089.4507564873102
情景一阈值控制,35.040980162203518,10636.901035585663,100.00000000212258,12854.742750974787,158.51043797125314,2834.1088921208088,827.69187784712892,2264.9264456551673,0,14.657772690359872,18.619355170760098,12.8872,0.61770151834971132,1.0000000000047609,3092.6183235022963,3092.6183235022963
情景一阈值控制,35.089523851523907,10620.025587947588,100.0000000021294,12867.87149898383,158.11008293590703,2838.2559467851788,829.12537299279734,2267.2396501385301,0,14.678882226989716,18.637714413787556,12.8872,0.61709403789162376,1.0000000000047271,3096.3650231313277,3096.3650231313277
情景一阈值控制,35.138067540844297,10603.189805644211,100.00000000213615,12880.966523525314,157.71064060507865,2842.3961468778934,830.55886813846575,2269.5469127547549,0,14.699948186871843,18.655997936541702,12.8872,0.61648605844970605,1.0000000000046931,3100.1057808932205,3100.1057808932205
情景一阈值控制,35.186611230164687,10586.393595443114,100.00000000214284,12894.027903865441,157.31210931477494,2846.5295080291621,831.99236328413417,2271.8482474700581,0,14.720970534265408,18.674205833582764,12.8872,0.61587758109439927,1.0000000000046592,3103.8406107541923,3103.8406107541923
情景一阈值控制,35.235154919485076,10569.636864331022,100.00000000214949,12907.055719084095,156.91448739673393,2850.6560458406357,833.4258584298027,2274.1436682178287,0,14.74194923350648,18.692338199989265,12.8872,0.61526860690065821,1.0000000000046256,3107.5695266476314,3107.5695266476314
情景一阈值控制,35.283698608805459,10552.91951951328,100.0000000021561,12920.050048075291,156.51777317857452,2854.7757758853331,834.85935357547112,2276.4331888987049,0,14.762884249008367,18.710395131357771,12.8872,0.61465913694794794,1.0000000000045917,3111.2925424741761,3111.2925424741761
情景一阈值控制,35.332242298125848,10536.241468413349,100.00000000216265,12933.010969547604,156.12196498394286,2858.8887137075753,836.29284872113976,2278.7168233806533,0,14.783775545261951,18.728376723802661,12.8872,0.61404917232023892,1.000000000004557,3115.0096721017931,3115.0096721017931
情景一阈值控制,35.380785987446238,10519.60261867229,100.00000000216917,12945.938562024607,155.72706113265585,2862.994874822914,837.72634386680829,2280.9945854990428,0,14.80462308683599,18.746283073955865,12.8872,0.61343871410600337,1.0000000000045228,3118.7209293658511,3118.7209293658511
情景一阈值控制,35.429329676766628,10503.002878148249,100.00000000217564,12958.832903845298,155.33305994084193,2867.0942747180707,839.15983901247705,2283.266489056723,0,14.825426838377455,18.76411427896662,12.8872,0.61282776339821188,1.0000000000044886,3122.4263280692003,3122.4263280692003
情景一阈值控制,35.477873366087017,10486.442154915949,100.00000000218206,12971.694073164552,154.9399597210797,2871.1869288508724,840.59333415814592,2285.5325478241007,0,14.846186764611849,18.781870436501187,12.8872,0.61221632129432857,1.0000000000044542,3126.1258819822465,3126.1258819822465
情景一阈值控制,35.526417055407407,10469.920357266185,100.00000000218843,12984.522147953534,154.54775878253426,2875.2728526501937,842.02682930381468,2287.7927755392143,0,14.866902830343529,18.799551644742582,12.8872,0.61160438889630686,1.00000000000442,3129.8196048430291,3129.8196048430291
情景一阈值控制,35.57496074472779,10453.437393705308,100.00000000219474,12997.317206000145,154.15645543109054,2879.3520615158982,843.46032444948321,2290.047185907812,0,14.887575000456019,18.817158002390286,12.8872,0.61099196731058614,1.0000000000043852,3133.5075103572954,3133.5075103572954
情景一阈值控制,35.623504434048179,10436.993172954721,100.00000000220099,13010.079324909444,153.76604796948345,2883.4245708187846,844.89381959515197,2292.2957926034287,0,14.908203239912359,18.834689608659968,12.8872,0.61037905764808575,1.0000000000043505,3137.1896121985806,3137.1896121985806
情景一阈值控制,35.672048123368569,10420.587603950382,100.0000000022072,13022.808582104088,153.37653469742696,2887.4903959005323,846.32731474082095,2294.5386092674576,0,14.92878751375539,18.852146563283153,12.8872,0.60976566102420182,1.0000000000043161,3140.8659240082784,3140.8659240082784
情景一阈值控制,35.720591812688959,10404.220595842287,100.00000000221335,13035.505054824742,152.98791391174097,2891.5495520736526,847.76080988648994,2296.775649509229,0,14.949327787108096,18.869528966506941,12.8872,0.60915177855880254,1.0000000000042817,3144.5364593957188,3144.5364593957188
情景一阈值控制,35.769135502009348,10387.892057993975,100.00000000221948,13048.168820130528,152.60018390647471,2895.6020546214377,849.19430503215892,2299.006926906085,0,14.969824025173926,18.886836919093657,12.8872,0.60853741137622352,1.0000000000042464,3148.2012319382438,3148.2012319382438
情景一阈值控制,35.817679191329731,10371.601899982026,100.00000000222555,13060.799954899439,152.21334297302823,2899.6479187979157,850.62780017782768,2301.2324550034537,0,14.990276193237095,18.904070522320552,12.8872,0.60792256060526229,1.0000000000042117,3151.8602551812814,3151.8602551812814
情景一阈值控制,35.86622288065012,10355.350031595553,100.00000000223157,13073.398535828772,151.8273894002717,2903.687159827808,852.06129532349678,2303.4522473149264,0,15.010684256662937,18.921229877979457,12.8872,0.60730722737917486,1.0000000000041769,3155.5135426384231,3155.5135426384231
情景一阈值控制,35.91476656997051,10339.13636283571,100.00000000223754,13085.964639435542,151.4423214746632,2907.7197929064828,853.49479046916599,2305.6663173223296,0,15.031048180898193,18.938315088376417,12.8872,0.60669141283566974,1.0000000000041418,3159.1611077914959,3159.1611077914959
情景一阈值控制,35.9633102592909,10322.960803915192,100.00000000224347,13098.498342056917,151.05813748036371,2911.7458331999178,854.92828561483509,2307.8746784758018,0,15.051367931471336,18.955326256331361,12.8872,0.60607511811690395,1.0000000000041067,3162.802964090637,3162.802964090637
情景一阈值控制,36,10310.760408752814,100.00000000224789,13107.949970497672,150.76835335678751,2914.784384045116,856.01173365800355,2309.5399971542593,0,15.066696443483055,18.968134378118503,12.8872,0.60560899932133205,1.0000000000040801,3165.5517308122626,3165.5517308122626
情景一阈值控制,36.011853948611289,10306.823265257737,100.00000000224931,13110.999719850639,150.67483569934947,2915.7652958446611,856.36178076050419,2310.0773441938677,0,15.071643473992911,18.972263485177734,12.8872,0.60545834436947721,1.0000000000040714,3166.4391249543719,3166.4391249543719
情景一阈值控制,36.060397637931672,10290.72365749763,100.00000000225512,13123.468848795434,150.29241441152223,2919.7781959477938,857.79527590617317,2312.2743278635098,0,15.091874774155819,18.989126878762107,12.8872,0.60484109274442721,1.0000000000040359,3170.069603769683,3170.069603769683
情景一阈值控制,36.108941327252062,10274.661891479203,100.00000000226088,13135.905804691452,149.91087189481951,2923.7845485868993,859.22877105184239,2314.4656428402491,0,15.112061797735679,19.005916541443831,12.8872,0.60422336439722424,1.0000000000040008,3173.6944138920917,3173.6944138920917
情景一阈值控制,36.157485016572451,10258.637878256355,100.00000000226659,13148.31066316067,149.53020642532053,2927.7843688100234,860.66226619751171,2316.6513024482106,0,15.132204510591098,19.022632578094608,12.8872,0.60360516048776636,1.0000000000039659,3177.3135686457222,3177.3135686457222
情景一阈值控制,36.206028705892841,10242.651529092043,100.00000000227224,13160.683499647319,149.15041627735087,2931.7776716356493,862.09576134318104,2318.8313199802033,0,15.15230287866402,19.039275094098119,12.8872,0.60298648218037387,1.0000000000039304,3180.9270813233843,3180.9270813233843
情景一阈值控制,36.254572395213231,10226.702755457804,100.00000000227784,13173.024389418302,148.77149972358518,2935.7644720526669,863.52925648885036,2321.0057086977913,0,15.172356867980039,19.055844195349611,12.8872,0.60236733064378356,1.0000000000038947,3184.5349651866418,3184.5349651866418
情景一阈值控制,36.30311608453362,10210.791469033251,100.0000000022834,13185.333407563608,148.39345503514846,2939.7447850203439,864.96275163451969,2323.1744818313678,0,15.192366444648698,19.072339988255475,12.8872,0.60174770705114344,1.0000000000038591,3188.1372334658872,3188.1372334658872
情景一阈值控制,36.351659773854003,10194.917581705604,100.00000000228891,13197.610628996725,148.01628048171509,2943.7186254683011,866.39624678018879,2325.3376525802282,0,15.212331574863828,19.088762579732826,12.8872,0.60112761258000735,1.0000000000038238,3191.7338993604171,3191.7338993604171
情景一阈值控制,36.400203463174392,10179.081005569178,100.00000000229436,13209.856128455067,147.63997433160566,2947.6860082964899,867.82974192585834,2327.4952341126436,0,15.232252224903853,19.105112077209078,12.8872,0.60050704841232938,1.0000000000037879,3195.324976038502,3195.324976038502
情景一阈值控制,36.448747152494782,10163.281652924916,100.00000000229977,13222.06998050037,147.26453485188151,2951.6469483751675,869.26323707152767,2329.6472395659325,0,15.252128361132099,19.121388588621478,12.8872,0.5998860157344571,1.0000000000037521,3198.9104766374603,3198.9104766374603
情景一阈值控制,36.497290841815172,10147.519436279892,100.00000000230513,13234.252259519122,146.8899603084397,2955.6014605448763,870.69673221719711,2331.7936820465361,0,15.27195994999712,19.137592222416682,12.8872,0.59926451573712725,1.0000000000037166,3202.4904142637333,3202.4904142637333
情景一阈值控制,36.545834531135561,10131.794268346832,100.00000000231043,13246.403039722962,146.51624896610411,2959.5495596164274,872.13022736286666,2333.9345746300869,0,15.291746958033007,19.153723087550283,12.8872,0.59864254961545904,1.0000000000036806,3206.0648019929536,3206.0648019929536
情景一阈值控制,36.594378220455944,10116.106062043629,100.00000000231569,13258.522395149097,146.14339908871551,2963.4912603708785,873.56372250853599,2336.0699303614856,0,15.311489351859699,19.169781293486327,12.8872,0.59802011856894799,1.0000000000036449,3209.6336528700217,3209.6336528700217
情景一阈值控制,36.642921909776334,10100.454730492855,100.00000000232092,13270.610399660718,145.77140893921941,2967.4265775595236,874.99721765420554,2338.1997622549702,0,15.33118709818331,19.185766950196879,12.8872,0.59739722380145999,1.0000000000036093,3213.1969799091758,3213.1969799091758
情景一阈值控制,36.691465599096723,10084.840187021289,100.00000000232608,13282.667126947392,145.40027677975351,2971.3555259038731,876.43071279987498,2340.3240832941892,0,15.350840163796425,19.201680168161481,12.8872,0.59677386652122588,1.0000000000035729,3216.7547960940642,3216.7547960940642
情景一阈值控制,36.740009288417113,10069.262345159439,100.00000000233118,13294.692650525491,145.03000087173251,2975.2781200956424,877.86420794554476,2342.4429064322735,0,15.370448515578422,19.217521058366703,12.8872,0.59615004794083393,1.0000000000035372,3220.3071143778184,3220.3071143778184
情景一阈值控制,36.788552977737503,10053.721118641048,100.00000000233621,13306.687043738577,144.66057947593171,2979.1943747967416,879.2977030912142,2344.5562445919068,0,15.390012120495781,19.233289732305607,12.8872,0.59552576927722456,1.000000000003501,3223.8539476831211,3223.8539476831211
情景一阈值控制,36.837096667057892,10038.216421402632,100.0000000023412,13318.65037975783,144.29201085256759,2983.1043046392642,880.73119823688387,2346.6641106654006,0,15.409530945602402,19.248986301977258,12.8872,0.59490103175168363,1.000000000003465,3227.3953089022843,3227.3953089022843
情景一阈值控制,36.885640356378275,10022.748167582995,100.00000000234614,13330.582731582437,143.9242932613794,2987.0079242254769,882.1646933825532,2348.7665175147608,0,15.429004958039906,19.264610879886185,12.8872,0.59427583658983596,1.0000000000034286,3230.931210897314,3230.931210897314
情景一阈值控制,36.934184045698665,10007.316271522754,100.00000000235103,13342.484172040005,143.55742496170771,2990.9052481278163,883.59818852822298,2350.8634779717636,0,15.448434125037958,19.280163579041858,12.8872,0.59365018502163847,1.0000000000033926,3234.4616664999867,3234.4616664999867
情景一阈值控制,36.982727735019054,9991.9206477638672,100.00000000235586,13354.354773786963,143.19140421257131,2994.7962908888771,885.03168367389264,2352.9550048380233,0,15.467818413914568,19.295644512958152,12.8872,0.59302407828137382,1.0000000000033569,3237.9866885119159,3237.9866885119159
情景一阈值控制,37,9986.4514844036075,100.00000000235757,13358.571011978693,143.06137496377247,2996.1792453062039,885.54173365879365,2353.6978800216521,0,15.474704680768861,19.301135474790367,12.8872,0.59280119452701985,1.0000000000033435,3239.2396136804455,3239.2396136804455
情景一阈值控制,37.031271424339444,9976.5612110491656,100.00000000236064,13366.194609308957,142.82622927274301,2998.6810670214118,886.46517881956231,2355.0411108850644,0,15.487157792076404,19.311053795652793,12.8872,0.59239751760764447,1.0000000000033202,3241.5062897046269,3241.5062897046269
情景一阈值控制,37.079815113659834,9961.237876321864,100.00000000236537,13378.00375092126,142.46189840082391,3002.5595910083239,887.89867396523209,2357.1218088543928,0,15.5064522270191,19.326391541646789,12.8872,0.59177050424336419,1.0000000000032838,3245.0204828196247,3245.0204828196247
情景一阈值控制,37.128358802980216,9945.9505587251133,100.00000000237004,13389.782270769167,142.09840985531673,3006.431877302668,889.33216911090153,2359.1971114575645,0,15.525701686327565,19.341657865963896,12.8872,0.59114303943575264,1.0000000000032474,3248.5292805684658,3248.5292805684658
情景一阈值控制,37.176902492300606,9930.6991736015098,100.00000000237468,13401.530240828408,141.73576189469705,3010.2979403276477,890.7656642565712,2361.2670313762592,0,15.544906137676303,19.35685288413001,12.8872,0.59051512443632737,1.0000000000032112,3252.0326956328304,3252.0326956328304
情景一阈值控制,37.225446181620995,9915.4836364926359,100.00000000237927,13413.247732905524,141.37395277748288,3014.157794476615,892.19915940224098,2363.3315812623473,0,15.564065548829701,19.371976712172604,12.8872,0.58988676050089794,1.0000000000031743,3255.5307406645884,3255.5307406645884
情景一阈值控制,37.273989870941385,9900.3038631385934,100.00000000238379,13424.934818638279,141.01298076230358,3018.0114541130733,893.63265454791087,2365.3907737379614,0,15.583179887642348,19.387029466620124,12.8872,0.58925794888955751,1.0000000000031382,3259.0234282858723,3259.0234282858723
情景一阈值控制,37.322533560261775,9885.1597694775392,100.00000000238826,13436.591569496062,140.65284410796806,3021.8589335706788,895.06614969358054,2367.4446213955662,0,15.602249122059343,19.402011264501386,12.8872,0.58862869086667668,1.0000000000031017,3262.5107710891466,3262.5107710891466
情景一阈值控制,37.371077249582164,9870.0512716452067,100.00000000239267,13448.218056780264,140.29354107353012,3025.7002471532442,896.49964483925044,2369.4931367980284,0,15.621273220116596,19.416922223344979,12.8872,0.58799898770089576,1.0000000000030651,3265.9927816372788,3265.9927816372788
情景一阈值控制,37.419620938902547,9854.9782859744591,100.00000000239703,13459.814351624684,139.93506991835338,3029.5354091347426,897.93313998491988,2371.5363324786849,0,15.640252149941135,19.431762461178632,12.8872,0.58736884066511719,1.0000000000030285,3269.4694724636047,3269.4694724636047
情景一阈值控制,37.468164628222937,9839.9407289948085,100.00000000240132,13471.380524995935,139.57742890217466,3033.3644337593173,899.36663513058966,2373.5742209414152,0,15.659185879751423,19.446532096528589,12.8872,0.58673825103649824,1.0000000000029918,3272.9408560720049,3272.9408560720049
情景一阈值控制,37.516708317543326,9824.9385174319686,100.00000000240557,13482.916647693815,139.2206162851669,3037.1873352412831,900.80013027625955,2375.6068146607076,0,15.678074377857639,19.461231248418976,12.8872,0.58610722009644389,1.0000000000029552,3276.4069449369672,3276.4069449369672
情景一阈值控制,37.565252006863716,9809.971568207382,100.00000000240979,13494.422790351708,138.86463032800012,3041.0041277651367,902.23362542192933,2377.6341260817285,0,15.696917612662007,19.475860036371149,12.8872,0.58547574913059885,1.0000000000029183,3279.8677515036579,3279.8677515036579
情景一阈值控制,37.613795696184106,9795.039798437776,100.00000000241397,13505.899023436978,138.50946929190079,3044.8148254855678,903.66712056759923,2379.6561676203946,0,15.715715552659081,19.490418580403038,12.8872,0.58484383942883955,1.0000000000028815,3283.323288187994,3283.323288187994
情景一阈值控制,37.662339385504488,9780.1431254346826,100.00000000241806,13517.345417251361,138.15513143871021,3048.6194425274657,905.10061571326878,2381.6729516634368,0,15.734468166436058,19.504907001028489,12.8872,0.58421149228526703,1.0000000000028448,3286.7735673767056,3286.7735673767056
情景一阈值控制,37.710883074824878,9765.2814667039911,100.00000000242211,13528.762041931346,137.80161503094334,3052.4179929859347,906.53411085893867,2383.6844905684729,0,15.753175422673085,19.519325419256589,12.8872,0.58357870899819853,1.000000000002808,3290.2186014274116,3290.2186014274116
情景一阈值控制,37.759426764145267,9750.4547399454968,100.00000000242612,13540.148967448567,137.44891833184448,3056.2104909263003,907.96760600460857,2385.6907966640738,0,15.771837290143546,19.533673956590977,12.8872,0.58294549087016001,1.0000000000027713,3293.6584026686824,3293.6584026686824
情景一阈值控制,37.807970453465657,9735.6628630524374,100.00000000243006,13551.506263610197,137.09703960544243,3059.9969503841276,909.40110115027846,2387.6918822498328,0,15.790453737714376,19.547952735029167,12.8872,0.58231183920787744,1.0000000000027347,3297.0929834001113,3297.0929834001113
情景一阈值控制,37.856514142786047,9720.9057541110433,100.00000000243395,13562.834000059325,136.74597711660479,3063.7773853652311,910.83459629594824,2389.6877595964324,0,15.809024734346359,19.562161877061829,12.8872,0.58167775532227006,1.0000000000026978,3300.5223558923808,3300.5223558923808
情景一阈值控制,37.905057832106429,9706.1833314000778,100.0000000024378,13574.132246275341,136.39572913109134,3067.5518098456919,912.26809144161803,2391.6784409457141,0,15.827550249094422,19.576301505672099,12.8872,0.58104324052844047,1.000000000002661,3303.9465323873319,3303.9465323873319
情景一阈值控制,37.953601521426819,9691.4955133903823,100.00000000244158,13585.401071574333,136.0462939156061,3071.3202377718735,913.70158658728792,2393.6639385107446,0,15.846030251107951,19.590371744334853,12.8872,0.58040829614566725,1.0000000000026239,3307.3655250980328,3307.3655250980328
情景一阈值控制,38,9677.4890395016319,100.00000000244515,13596.144476633677,135.71305880325065,3074.9165417136328,915.07173365959102,2395.5568602678486,0,15.863651028447181,19.603755456385024,12.8872,0.57980101049338284,1.0000000000025886,3310.6285939274394,3310.6285939274394
情景一阈值控制,38.002145210747209,9676.842218744443,100.00000000244532,13596.640545109463,135.6976697378482,3075.0826830604383,915.1350817329577,2395.6442644758854,0,15.864464709631067,19.604372717015973,12.8872,0.57977292349739673,1.000000000002587,3310.779346208843,3310.779346208843
情景一阈值控制,38.050688900067598,9662.2233663159186,100.000000002449,13607.850735871345,135.34985486656106,3078.839159598363,916.5685768786276,2397.6194309968569,0,15.882853594002942,19.618304548171626,12.8872,0.57913712391123462,1.0000000000025495,3314.1880078754843,3314.1880078754843
情景一阈值控制,38.099232589387988,9647.6388751492068,100.00000000245262,13619.031712688437,135.00284757158272,3082.5896812429596,918.00207202429749,2399.5894502008086,0,15.901196873658094,19.632167362747509,12.8872,0.57850089871893662,1.0000000000025127,3317.591522225106,3317.591522225106
情景一阈值控制,38.147776278708378,9633.0886644789844,100.0000000024562,13630.183544227408,134.6566461238933,3086.3342618218935,919.43556716996738,2401.5543341863868,0,15.919494518126678,19.645961286178096,12.8872,0.57786424925640101,1.0000000000024758,3320.989901356354,3320.989901356354
情景一阈值控制,38.19631996802876,9618.5726537297705,100.00000000245973,13641.306298993542,134.31124879566187,3090.0729151332016,920.86906231563705,2403.5140950237978,0,15.937746497034784,19.659686444385883,12.8872,0.57722717686365932,1.0000000000024387,3324.383157339435,3324.383157339435
情景一阈值控制,38.24486365734915,9604.090762515465,100.00000000246321,13652.400045331095,133.9666538602923,3093.805654945319,922.30255746130695,2405.468744754879,0,15.955952780104747,19.673342963780616,12.8872,0.57658968288486756,1.0000000000024012,3327.7713022161861,3327.7713022161861
情景一阈值控制,38.293407346669539,9589.642910638926,100.00000000246663,13663.464851423683,133.62285959246898,3097.5324949970936,923.73605260697684,2407.418295393164,0,15.974113337155423,19.686930971258494,12.8872,0.57595176866829734,1.0000000000023646,3331.154348000141,3331.154348000141
情景一阈值控制,38.341951035989929,9575.2290180915024,100.00000000247,13674.500785294651,133.27986426820095,3101.2534489978107,925.16954775264674,2409.3627589239463,0,15.992228138102488,19.700450594201406,12.8872,0.57531343556632764,1.0000000000023272,3334.5323066765932,3334.5323066765932
情景一阈值控制,38.390494725310319,9560.8490050526088,100.0000000024733,13685.507914807473,132.93766616486513,3104.9685306272181,926.60304289831663,2411.3021473043518,0,16.010297152958746,19.713901960476115,12.8872,0.57467468493543472,1.0000000000022904,3337.9051902026686,3337.9051902026686
情景一阈值控制,38.439038414630701,9546.5027918892738,100.00000000247655,13696.486307666091,132.59626356124781,3108.6777535355482,928.03653804398618,2413.2364724633976,0,16.028320351834402,19.727285198433442,12.8872,0.57403551813618425,1.0000000000022531,3341.2730105073838,3341.2730105073838
情景一阈值控制,38.487582103951091,9532.1902991556981,100.00000000247975,13707.436031415327,132.25565473758724,3112.3811313435435,929.47003318965596,2415.1657463020661,0,16.046297704937381,19.740600436907492,12.8872,0.57339593653322096,1.000000000002216,3344.6357794917221,3344.6357794917221
情景一阈值控制,38.536125793271481,9517.9114475928236,100.00000000248291,13718.357153441235,131.91583797561432,3116.0786776424807,930.90352833532586,2417.089980693363,0,16.064229182573584,19.753847805214779,12.8872,0.5727559414952601,1.0000000000021785,3347.993509028689,3347.993509028689
情景一阈值控制,38.58466948259187,9503.666158127884,100.000000002486,13729.249740971478,131.57681155859206,3119.7704059941962,932.33702348099564,2419.0091874823897,0,16.082114755147217,19.767027433153419,12.8872,0.57211553439507812,1.0000000000021414,3351.3462109633856,3351.3462109633856
情景一阈值控制,38.63321317191226,9489.4543518739756,100.00000000248906,13740.113861075701,131.23857377135428,3123.4563299311149,933.77051862666553,2420.9233784864041,0,16.099954393161056,19.780139451002292,12.8872,0.57147471660950311,1.0000000000021043,3354.6938971130694,3354.6938971130694
情景一阈值控制,38.68175686123265,9475.2759501296114,100.00000000249206,13750.949580665912,130.9011229003444,3127.1364629562759,935.2040137723352,2422.8325654948881,0,16.117748067216748,19.793183989520166,12.8872,0.57083348951940516,1.000000000002067,3358.0365792672233,3358.0365792672233
情景一阈值控制,38.730300550553032,9461.1308743782993,100.000000002495,13761.756966496829,130.56445723365275,3130.8108185433598,936.63750891800487,2424.7367602696136,0,16.135495748015103,19.806161179944866,12.8872,0.57019185450968757,1.0000000000020295,3361.3742691876187,3361.3742691876187
情景一阈值控制,38.778844239873422,9447.0190462880855,100.00000000249787,13772.536085166279,130.22857506105314,3134.4794101367188,938.07100406367454,2426.6359745447066,0,16.153197406356377,19.819071153992383,12.8872,0.56954981296927532,1.0000000000019924,3364.7069786083812,3364.7069786083812
情景一阈值控制,38.827387929193812,9432.9403877111417,100.0000000025007,13783.287003115547,129.893474674038,3138.1422511514052,939.50449920934432,2428.5302200267106,0,16.170853013140558,19.831914043856006,12.8872,0.56890736629110794,1.0000000000019553,3368.034719236055,3368.034719236055
情景一阈值控制,38.875931618514201,9418.8948206833265,100.00000000250348,13794.009786629749,129.55915436585391,3141.7993549732018,940.9379943550141,2430.4195083946565,0,16.188462539367656,19.844689982205434,12.8872,0.56826451587212823,1.0000000000019176,3371.3575027496709,3371.3575027496709
情景一阈值控制,38.924475307834591,9404.8822674237472,100.0000000025062,13804.704501838196,129.22561243153646,3145.4507349586502,942.37148950068388,2432.3038513001202,0,16.206025956137999,19.857399102185877,12.8872,0.56762126311327155,1.0000000000018807,3374.675340800804,3374.675340800804
情景一阈值控制,38.973018997154973,9390.9026503343302,100.00000000250887,13815.371214714767,128.89284716794316,3149.0964044350835,943.80498464635332,2434.1832603672933,0,16.223543234652503,19.870041537417148,12.8872,0.56697760941945829,1.000000000001843,3377.9882450136465,3377.9882450136465
情景一阈值控制,39,9383.1468700675305,100.00000000251033,13821.287783085869,128.70822853239568,3151.1202349663286,944.6017336603885,2435.2257232489574,0,16.233259530539677,19.877039529542625,12.8872,0.5666196882914647,1.0000000000018228,3379.827456909346,3379.827456909346
情景一阈值控制,39.021562686475363,9376.9558919994015,100.00000000251148,13826.009991078276,128.56085687378626,3152.7363767006586,945.2384797920231,2436.0577471930442,0,16.241014346212967,19.882617421992769,12.8872,0.56633355619958103,1.0000000000018059,3381.2962269850673,3381.2962269850673
情景一阈值控制,39.070106375795753,9363.0419151852457,100.00000000251406,13836.620896592824,128.22963984966518,3156.3706650243862,946.67197493769277,2437.9273233469835,0,16.258439262222357,19.895126890479023,12.8872,0.56568910486649682,1.0000000000017688,3384.5992982846765,3384.5992982846765
情景一阈值控制,39.118650065116142,9349.1606428396863,100.00000000251657,13847.203996768169,127.89919439809807,3159.9992826461639,948.10547008336243,2439.7920003715276,0,16.27581795418509,19.907570077914034,12.8872,0.56504425683701531,1.0000000000017313,3387.89747045489,3387.89747045489
情景一阈值控制,39.167193754436532,9335.3119980916508,100.00000000251902,13857.759356960101,127.56951882355268,3163.6222427768107,949.53896522903199,2441.6517897819617,0,16.293150393707311,19.919947119806832,12.8872,0.56439901353188948,1.000000000001694,3391.1907550109936,3391.1907550109936
情景一阈值控制,39.215737443756915,9321.4959042507598,100.00000000252142,13868.287042370779,127.24061143247587,3167.2395585980985,950.97246037470143,2443.5067030665055,0,16.31043655249718,19.932258152136392,12.8872,0.56375337637580469,1.0000000000016567,3394.4791634412068,3394.4791634412068
情景一阈值控制,39.264281133077304,9307.712284806883,100.00000000252376,13878.787118049113,126.91247053332276,3170.8512432627904,952.40595552037098,2445.3567516863768,0,16.32767640236516,19.944503311350687,12.8872,0.5631073467973684,1.0000000000016194,3397.762707206748,3397.762707206748
情景一阈值控制,39.312824822397694,9293.9610634297314,100.00000000252606,13889.259648891119,126.58509443658693,3174.4573098946698,953.83945066604065,2447.2019470758532,0,16.344869915224287,19.956682734365717,12.8872,0.56246092622909982,1.0000000000015816,3401.0413977418939,3401.0413977418939
情景一阈值控制,39.361368511718084,9280.2421639684253,100.0000000025283,13899.704699640275,126.25848145482755,3178.0577715885788,955.2729458117102,2449.0423006423352,0,16.362017063090452,19.968796558564538,12.8872,0.56181411610741894,1.0000000000015445,3404.3152464540453,3404.3152464540453
情景一阈值控制,39.409912201038473,9266.5555104510786,100.00000000253048,13910.122334887876,125.93262990269703,3181.6526414104537,956.70644095737975,2450.8778237664128,0,16.379117818082683,19.980844921796269,12.8872,0.56116691787263639,1.0000000000015075,3407.5842647237923,3407.5842647237923
情景一阈值控制,39.458455890358863,9252.9010270843719,100.00000000253262,13920.512619073397,125.60753809696789,3185.2419323973613,958.13993610304919,2452.708527801924,0,16.396172152423432,19.992827962375102,12.8872,0.56051933296894219,1.0000000000014699,3410.848463904973,3410.848463904973
情景一阈值控制,39.506999579679245,9239.2786382531449,100.00000000253469,13930.875616484862,125.28320435655932,3188.8256575575338,959.57343124871852,2454.534424076021,0,16.413180038438831,20.004745819079311,12.8872,0.55987136284439531,1.0000000000014324,3414.1078553247394,3414.1078553247394
情景一阈值控制,39.555543268999635,9225.6882685199525,100.00000000253672,13941.21139125917,124.95962700256302,3192.4038298704086,961.00692639438807,2456.3555238892318,0,16.430141448558992,20.01659863115022,12.8872,0.55922300895091204,1.0000000000013949,3417.3624502836201,3417.3624502836201
情景一阈值控制,39.604086958320025,9212.1298426246776,100.0000000025387,13951.520007382487,124.63680435826812,3195.9764622866619,962.44042154005763,2458.1718385155223,0,16.447056355318271,20.028386538291208,12.8872,0.55857427274425553,1.0000000000013582,3420.61226005558,3420.61226005558
情景一阈值控制,39.652630647640414,9198.603285484096,100.00000000254062,13961.801528690561,124.31473474918479,3199.5435677282503,963.87391668572695,2459.9833792023601,0,16.463924731355544,20.040109680666664,12.8872,0.55792515568402556,1.0000000000013205,3423.8572958880868,3423.8572958880868
情景一阈值控制,39.701174336960804,9185.1085221914655,100.00000000254249,13972.056018869107,123.99341650306992,3203.1051590884481,965.30741183139639,2461.7901571707753,0,16.480746549414487,20.051768198900952,12.8872,0.55727565923364542,1.0000000000012836,3427.0975690021714,3427.0975690021714
情景一阈值控制,39.749718026281187,9171.6454780161093,100.0000000025443,13982.283541454148,123.67284794994974,3206.6612492318823,966.74090697706561,2463.5921836154221,0,16.497521782343838,20.063362234077378,12.8872,0.55662578486035241,1.0000000000012461,3430.3330905924877,3430.3330905924877
情景一阈值控制,39.798261715601576,9158.2140784029998,100.00000000254605,13992.484159832364,123.3530274221425,3210.2118509945799,968.17440212273493,2465.3894697046449,0,16.514250403097691,20.074891927737124,12.8872,0.55597553403518551,1.0000000000012088,3433.5638718273799,3433.5638718273799
情景一阈值控制,39.846805404921966,9144.8142489723577,100.00000000254774,14002.657937241451,123.03395325428102,3213.7569771839981,969.60789726840426,2467.1820265805341,0,16.530932384735745,20.08635742187818,12.8872,0.55532490823297442,1.0000000000011713,3436.7899238489381,3436.7899238489381
情景一阈值控制,39.895349094242356,9131.4459155192217,100.00000000254937,14012.804936770457,122.71562378333472,3217.2966405790708,971.04139241407336,2468.9698653589921,0,16.547567700423588,20.097758858954286,12.8872,0.55467390893232804,1.0000000000011342,3440.0112577730656,3440.0112577730656
情景一阈值控制,39.943892783562745,9118.1090040130584,100.00000000255098,14022.925221360148,122.39803734863104,3220.8308539302438,972.47488755974268,2470.7529971297945,0,16.564156323432972,20.109096381873851,12.8872,0.55402253761562292,1.0000000000010971,3443.2278846895369,3443.2278846895369
情景一阈值控制,39.992436472883135,9104.8034405973285,100.00000000255254,14033.018853803354,122.08119229187616,3224.3596299595215,973.90838270541178,2472.531432956649,0,16.580698227142069,20.120370133998847,12.8872,0.55337079576899173,1.0000000000010596,3446.4398156620609,3446.4398156620609
情景一阈值控制,40,9102.7331364998845,100.00000000255277,14034.58913336441,122.0318917369422,3224.9089550508456,974.13173366117883,2472.8081065372726,0,16.583271390530161,20.122120949412565,12.8872,0.55326921547902064,1.0000000000010538,3446.9398401984513,3446.9398401984513
情景一阈值控制,40.040980162203518,9091.5291515891076,100.00000000255403,14043.085896745299,121.76508695717452,3227.8829813605012,975.34187785108099,2474.3051838772594,0,16.597193385035744,20.131580259143732,12.8872,0.55271868488231135,1.0000000000010225,3449.6470617283403,3449.6470617283403
情景一阈值控制,40.089523851523907,9078.2860634786412,100.00000000255547,14053.126412683967,121.44971969104954,3231.4009207984204,976.77537299675009,2476.0742609033864,0,16.61364177070584,20.142726901574335,12.8872,0.55206620644919102,1.0000000000009848,3452.8496339001367,3452.8496339001367
情景一阈值控制,40.138067540844297,9065.0741029289729,100.00000000255685,14063.140463970447,121.13508884246309,3234.9134609101934,978.20886814241931,2477.8386750209052,0,16.63004335785142,20.153810206006735,12.8872,0.55141336196696078,1.0000000000009479,3456.0475431633245,3456.0475431633245
情景一阈值控制,40.186611230164687,9051.8931967755161,100.00000000255818,14073.128112809267,120.82119276283395,3238.4206143044571,979.64236328808818,2479.5984371898717,0,16.646398120279045,20.164830317606146,12.8872,0.55076015293665948,1.0000000000009106,3459.24080047796,3459.24080047796
情景一阈值控制,40.235154919485076,9038.7432720256602,100.00000000255943,14083.089421258748,120.50802980605603,3241.9223935616096,981.07585843375739,2481.3535583445791,0,16.662706031903049,20.175787381985785,12.8872,0.55010658086302267,1.0000000000008735,3462.4294167783364,3462.4294167783364
情景一阈值控制,40.283698608805459,9025.6242558583599,100.00000000256065,14093.024451231338,120.19559832851687,3245.418811233857,982.50935357942615,2483.1040493936193,0,16.678967066745777,20.186681545205722,12.8872,0.54945264725447074,1.0000000000008358,3465.6134029730456,3465.6134029730456
情景一阈值控制,40.332242298125848,9012.5360756237296,100.00000000256182,14102.933264493971,119.88389668911492,3248.9098798452533,983.94284872509525,2484.8499212199454,0,16.695181198937888,20.197512953771746,12.8872,0.5487983536230957,1.0000000000007989,3468.7927699450406,3468.7927699450406
情景一阈值控制,40.380785987446238,8999.4786588426523,100.00000000256296,14112.815922668395,119.57292324927698,3252.3956118917426,985.37634387076423,2486.5911846809299,0,16.711348402718574,20.208281754634186,12.8872,0.54814370148465075,1.0000000000007618,3471.9675285516942,3471.9675285516942
情景一阈值控制,40.429329676766628,8986.4519332063683,100.00000000256402,14122.672487231517,119.26267637297397,3255.8760198412078,986.80983901643299,2488.3278506084239,0,16.727468652435856,20.218988095186766,12.8872,0.5474886923585367,1.0000000000007248,3475.1376896248566,3475.1376896248566
情景一阈值控制,40.477873366087017,8973.4558265760788,100.00000000256503,14132.50301951574,118.95315442673758,3259.3511161335082,988.24333416210197,2490.05992980882,0,16.743541922546832,20.229632123265414,12.8872,0.54683332776778981,1.0000000000006877,3478.3032639709218,3478.3032639709218
情景一阈值控制,40.526417055407407,8960.490266982546,100.000000002566,14142.307580709317,118.6443557796766,3262.8209131805274,989.67682930777073,2491.7874330631103,0,16.75956818761793,20.240213987147087,12.8872,0.54617760923906944,1.0000000000006504,3481.464262370881,3481.464262370881
情景一阈值控制,40.57496074472779,8947.5551826256906,100.00000000256689,14152.086231856665,118.33627880349187,3266.2854233662151,991.11032445343938,2493.5103711269458,0,16.775547422325182,20.250733835548576,12.8872,0.54552153830264538,1.0000000000006133,3484.620695580385,3484.620695580385
情景一阈值控制,40.623504434048179,8934.6505018742009,100.00000000256775,14161.839033858734,118.02892187249101,3269.7446590466366,992.54381959910813,2495.2287547306978,0,16.79147960145448,20.26119181762531,12.8872,0.54486511649238523,1.0000000000005764,3487.772574329806,3487.772574329806
情景一阈值控制,40.672048123368569,8921.776153265133,100.00000000256854,14171.566047473318,117.72228336360345,3273.1986325500088,993.97731474477689,2496.9425945795151,0,16.807364699901818,20.271588082970137,12.8872,0.54420834534574203,1.0000000000005393,3490.9199093242919,3490.9199093242919
情景一阈值控制,40.720591812688959,8908.9320655035117,100.00000000256928,14181.267333315402,117.4163616563947,3276.6473561767557,995.41080989044565,2498.6519013533848,0,16.823202692673568,20.28192278161211,12.8872,0.54355122640374098,1.000000000000502,3494.0627112438306,3494.0627112438306
情景一阈值控制,40.769135502009348,8896.1181674619438,100.00000000256999,14190.942951857493,117.11115513308027,3280.0908421995432,996.84430503611429,2500.3566857071901,0,16.838993554886727,20.292196064015272,12.8872,0.542893761210967,1.0000000000004652,3497.2009907433044,3497.2009907433044
情景一阈值控制,40.817679191329731,8883.3343881802193,100.00000000257063,14200.592963429968,116.80666217853866,3283.5291028633342,998.27780018178271,2502.0569582707717,0,16.854737261769166,20.302408081077406,12.8872,0.54223595131555169,1.0000000000004283,3500.3347584525545,3500.3347584525545
情景一阈值控制,40.86622288065012,8870.5806568649095,100.00000000257123,14210.217428221398,116.50288118032414,3286.9621503854287,999.71129532745124,2503.7527296489839,0,16.870433788659899,20.312558984128799,12.8872,0.54157779826915986,1.0000000000003915,3503.4640249764352,3503.4640249764352
情景一阈值控制,40.91476656997051,8857.8569028889924,100.00000000257175,14219.816406278873,116.19981052868076,3290.3899969555114,1001.1447904731197,2505.4440104217551,0,16.886083111009317,20.322648924930995,12.8872,0.54091930362697749,1.0000000000003544,3506.588800894875,3506.588800894875
情景一阈值控制,40.9633102592909,8845.1630557914541,100.00000000257224,14229.389957508354,115.89744861655393,3293.812654735696,1002.5782856187883,2507.1308111441449,0,16.901685204379465,20.332678055675526,12.8872,0.54026046894769753,1.0000000000003175,3509.7090967629333,3509.7090967629333
情景一阈值控制,41,8835.5887374336307,100.00000000257256,14236.608895449874,115.66939015565524,3296.3960936128979,1003.6617336619562,2508.4027435172807,0,16.913446049073976,20.340217903382193,12.8872,0.53976229132052822,1.0000000000002898,3512.0644771792367,3512.0644771792367
情景一阈值控制,41.011853948611289,8832.4990452768925,100.00000000257266,14238.938141674986,115.59579383960244,3297.2301358605755,1004.0117807644566,2508.8131423464051,0,16.917240044444259,20.342646528982652,12.8872,0.53960129579350746,1.0000000000002807,3512.8249231108616,3512.8249231108616
情景一阈值控制,41.060397637931672,8819.8648012151389,100.00000000257303,14248.461018403443,115.29484459621021,3300.6424524372655,1005.4452759101247,2510.491014534035,0,16.932747606989771,20.352554497900076,12.8872,0.53894178573007556,1.0000000000002436,3515.9362904441596,3515.9362904441596
情景一阈值控制,41.108941327252062,8807.260253640854,100.00000000257336,14257.958647178253,114.99459928749776,3304.0496165454529,1006.8787710557931,2512.1644381878418,0,16.948207867914459,20.362402115901673,12.8872,0.5382819403265372,1.0000000000002072,3519.0432092436349,3519.0432092436349
情景一阈值控制,41.157485016572451,8794.6853327531608,100.00000000257363,14267.431087344123,114.69505631733365,3307.4516402374402,1008.3122662014613,2513.833423763997,0,16.963620803229407,20.372189536886182,12.8872,0.53762176115548255,1.0000000000001705,3522.1456899654581,3522.1456899654581
情景一阈值控制,41.206028705892841,8782.1399689152404,100.00000000257386,14276.878398106273,114.39621409234464,3310.8485355381963,1009.7457613471296,2515.4979816940963,0,16.978986389058601,20.381916915175918,12.8872,0.53696124979294191,1.0000000000001334,3525.243743041226,3525.243743041226
情景一阈值控制,41.254572395213231,8769.6240926539631,100.00000000257401,14286.300638530765,114.09807102192551,3314.240314445402,1011.1792564927978,2517.1581223852145,0,16.994304601639143,20.391584405515445,12.8872,0.53630040781837263,1.000000000000097,3528.3373788780123,3528.3373788780123
情景一阈值控制,41.30311608453362,8757.1376346594807,100.00000000257413,14295.69786754483,113.80062551825056,3317.6269889294972,1012.612751638466,2518.813856219967,0,17.009575417321521,20.401192163070281,12.8872,0.53563923681464543,1.0000000000000602,3531.4266078584328,3531.4266078584328
情景一阈值控制,41.351659773854003,8744.6805257848664,100.00000000257418,14305.070143937177,113.5038759962826,3321.0085709337291,1014.0462467841338,2520.465193556563,0,17.024798812569834,20.410740343425548,12.8872,0.53497773836803064,1.0000000000000235,3534.5114403406969,3534.5114403406969
情景一阈值控制,41.400203463174392,8732.2526970457184,100.0000000025742,14314.417526358357,113.20782087378235,3324.3850723742007,1015.4797419298017,2522.112144728867,0,17.039974763962057,20.420229102584667,12.8872,0.53431591406818413,0.99999999999998679,3537.5918866586685,3537.5918866586685
情景一阈值控制,41.448747152494782,8719.8540796197776,100.00000000257415,14323.740073321043,112.91245857131771,3327.7565051399183,1016.9132370754697,2523.7547200464514,0,17.05510324819026,20.429658596967979,12.8872,0.53365376550813393,0.99999999999995015,3540.6679571219211,3540.6679571219211
情景一阈值控制,41.497290841815172,8707.484604846557,100.00000000257405,14333.037843200387,112.61778751227291,3331.1228810928383,1018.3467322211376,2525.3929297946588,0,17.070184242060868,20.439028983411422,12.8872,0.53299129428426584,0.99999999999991396,3543.7396620157965,3543.7396620157965
情景一阈值控制,41.545834531135561,8695.14420422695,100.00000000257391,14342.310894234331,112.32380612285712,3334.4842120679182,1019.7802273668054,2527.0267842346552,0,17.085217722494885,20.44834041916517,12.8872,0.53232850199630977,0.99999999999987721,3546.8070116014605,3546.8070116014605
情景一阈值控制,41.594378220455944,8682.8328094228582,100.0000000025737,14351.559284523924,112.03051283211276,3337.8405098731623,1021.2137225124731,2528.656293603487,0,17.100203666528145,20.457593061892243,12.8872,0.53166539024732518,0.99999999999984102,3549.87001611596,3549.87001611596
情景一阈值控制,41.642921909776334,8670.5503522568033,100.00000000257344,14360.783072033659,111.73790607192261,3341.1917862896748,1022.6472176581408,2530.2814681141413,0,17.115142051311555,20.466787069667173,12.8872,0.53100196064368732,0.99999999999980427,3552.9286857722818,3552.9286857722818
情景一阈值控制,41.691465599096723,8658.296764711562,100.00000000257315,14369.982314591773,111.44598427701891,3344.5380530717025,1024.0807128038084,2531.9023179555966,0,17.130032854111313,20.475922600974574,12.8872,0.5303382147950727,0.99999999999976785,3555.9830307594048,3555.9830307594048
情景一阈值控制,41.740009288417113,8646.0719789297891,100.00000000257278,14379.157069890593,111.15474588499049,3347.879321946687,1025.514207949476,2533.518853292886,0,17.144876052309158,20.484999814707781,12.8872,0.5296741543144452,0.99999999999973155,3559.0330612423622,3559.0330612423622
情景一阈值控制,41.788552977737503,8633.8759272136267,100.00000000257238,14388.307395486827,110.86418933628981,3351.2156046153164,1026.9477030951439,2535.1310842671455,0,17.159671623402609,20.494018870167451,12.8872,0.52900978081804118,0.99999999999969524,3562.0787873622894,3562.0787873622894
情景一阈值控制,41.837096667057892,8621.708542024342,100.00000000257191,14397.433348801907,110.57431307423995,3354.546912751568,1028.3811982408113,2536.7390209956798,0,17.174419545005183,20.502979927060139,12.8872,0.52834509592535528,0.99999999999965916,3565.1202192364908,3565.1202192364908
情景一阈值控制,41.885640356378275,8609.5697559819564,100.00000000257141,14406.534987122299,110.28511554504161,3357.8732580027622,1029.8146933864784,2538.3426735720082,0,17.189119794846643,20.511883145496892,12.8872,0.52768010125912612,0.99999999999962252,3568.1573669584868,3568.1573669584868
情景一阈值控制,41.934184045698665,8597.4595018648542,100.00000000257084,14415.612367599811,109.9965951977796,3361.1946519896132,1031.2481885321461,2539.9420520659287,0,17.203772350773232,20.520728685991831,12.8872,0.52701479844532062,0.99999999999958677,3571.1902405980745,3571.1902405980745
情景一阈值控制,41.982727735019054,8585.3777126094374,100.00000000257022,14424.665547251921,109.70875048442933,3364.5111063062714,1032.6816836778132,2541.5371665235698,0,17.21837719074788,20.529516709460712,12.8872,0.52634918911312156,0.99999999999955014,3574.2188502013832,3574.2188502013832
情景一阈值控制,42,8581.0857605484507,100.00000000256998,14427.880920397009,109.60649551609062,3365.6899401905084,1033.1917336627137,2542.1036954545671,0,17.223562205823516,20.532629721495727,12.8872,0.52611228592503445,0.9999999999995377,3575.2954291172809,3575.2954291172809
情景一阈值控制,42.031271424339444,8573.3243213097267,100.00000000256954,14433.694582962089,109.42157985986206,3367.8226325203832,1034.1151788234806,2543.1280269674448,0,17.232934292850466,20.538247377219484,12.8872,0.52568327489491007,0.99999999999951428,3577.2432057909255,3577.2432057909255
情景一阈值控制,42.079815113659834,8561.2992612170092,100.00000000256883,14442.699531480072,109.13508178185117,3371.1292421731296,1035.5486739691478,2544.7146433965131,0,17.247443635278024,20.546920850982858,12.8872,0.52501705742625304,0.99999999999947831,3580.2633173656609,3580.2633173656609
情景一阈值控制,42.128358802980216,8549.3024657394672,100.00000000256806,14451.680449422232,108.84925471107815,3374.4309467792855,1036.9821691148147,2546.297025786228,0,17.261905196344983,20.55553729286283,12.8872,0.52435053834588752,0.99999999999944211,3583.2791949010425,3583.2791949010425
情景一阈值控制,42.176902492300606,8537.333868441794,100.00000000256722,14460.637393271867,108.5640971111374,3377.7277578272647,1038.4156642604819,2547.8751840885989,0,17.276318954483383,20.564096865367237,12.8872,0.5236837192957049,0.99999999999940603,3586.290848349081,3586.290848349081
情景一阈值控制,42.225446181620995,8525.393403044849,100.00000000256634,14469.570419379505,108.27960744854154,3381.0196867791697,1039.8491594061488,2549.4491282322401,0,17.290684888243117,20.572599731398277,12.8872,0.52301660192073729,0.99999999999937028,3589.298287638389,3589.298287638389
情景一阈值控制,42.273989870941385,8513.4810034252732,100.00000000256541,14478.479583963221,107.99578419272622,3384.3067450708445,1041.2826545518158,2551.0188681224317,0,17.305002976292137,20.581046054251033,12.8872,0.52234918786914175,0.99999999999933431,3592.3015226742473,3592.3015226742473
情景一阈值控制,42.322533560261775,8501.5966036151312,100.00000000256445,14487.364943108956,107.71262581605514,3387.588944111922,1042.7161496974827,2552.5844136411702,0,17.319273197416692,20.589435997611986,12.8872,0.52168147879218529,0.99999999999929845,3595.3005633386529,3595.3005633386529
情景一阈值控制,42.371077249582157,8489.7401378015438,100.00000000256341,14496.226552770822,107.43013079382463,3390.8662952858745,1044.1496448431494,2554.1457746472247,0,17.333495530521532,20.597769725557516,12.8872,0.52101347634422934,0.99999999999926292,3598.2954194903741,3598.2954194903741
情景一阈值控制,42.419620938902547,8477.9115403263204,100.00000000256232,14505.064468771414,107.14829760426724,3394.1388099500673,1045.5831399888161,2555.7029609761921,0,17.347669954630163,20.606047402552413,12.8872,0.52034518218271508,0.99999999999922706,3601.2861009650082,3601.2861009650082
情景一阈值控制,42.468164628222937,8466.1107456856007,100.00000000256119,14513.878746802106,106.86712472855608,3397.406499435805,1047.0166351344828,2557.2559824405512,0,17.361796448885034,20.614269193448365,12.8872,0.51967659796814725,0.99999999999919131,3604.272617575034,3604.272617575034
情景一阈值控制,42.516708317543326,8454.3376885294911,100.00000000256,14522.669442423386,106.58661065080925,3400.6693750483842,1048.4501302801493,2558.8048488297159,0,17.375874992547764,20.622435263482423,12.8872,0.51900772536407946,0.99999999999915601,3607.2549791098654,3607.2549791098654
情景一阈值控制,42.565252006863716,8442.5923036616969,100.00000000255876,14531.436611065137,106.30675385809329,3403.9274480671429,1049.883625425816,2560.3495699100904,0,17.389905564999374,20.630545778275501,12.8872,0.51833856603709894,0.99999999999912048,3610.2331953359062,3610.2331953359062
情景一阈值控制,42.613795696184106,8430.8745260391715,100.00000000255748,14540.180308026964,106.02755284042634,3407.1807297455107,1051.3171205714825,2561.8901554251238,0,17.403888145740492,20.638600903830827,12.8872,0.51766912165680978,0.99999999999908473,3613.2072759966063,3613.2072759966063
情景一阈值控制,42.662339385504488,8419.1842907717473,100.00000000255615,14548.900588478484,105.74900609078171,3410.4292313110623,1052.7506157171488,2563.4266150953631,0,17.417822714391562,20.646600806532405,12.8872,0.51699939389581862,0.99999999999904921,3616.1772308125119,3616.1772308125119
情景一阈值控制,42.710883074824878,8407.5215331217769,100.00000000255477,14557.597507459643,105.47111210509114,3413.672963965565,1054.184110862815,2564.9589586185079,0,17.431709250693086,20.654545653143487,12.8872,0.51632938442971787,0.99999999999901368,3619.143069481323,3619.143069481323
情景一阈值控制,42.759426764145267,8395.8861885037804,100.00000000255334,14566.271119881018,105.19386938224802,3416.9119388850308,1055.6176060084813,2566.4871956694628,0,17.445547734505801,20.662435610804984,12.8872,0.51565909493707074,0.99999999999897848,3622.1048016779441,3622.1048016779441
情景一阈值控制,42.807970453465657,8384.2781924840856,100.00000000255183,14574.921480524115,104.91727642410972,3420.146167219767,1057.0511011541475,2568.0113359003922,0,17.459338145810928,20.670270847033926,12.8872,0.51498852709939547,0.99999999999894296,3625.0624370545397,3625.0624370545397
情景一阈值控制,42.856514142786047,8372.6974807804672,100.00000000255029,14583.548644041686,104.64133173549966,3423.3756600944257,1058.4845962998136,2569.5313889407735,0,17.473080464710346,20.678051529721898,12.8872,0.51431768260114885,0.99999999999890765,3628.0159852405868,3628.0159852405868
情景一阈值控制,42.905057832106429,8361.1439892617982,100.0000000025487,14592.152664958014,104.36603382421116,3426.6004286080574,1059.9180914454794,2571.0473643974497,0,17.486774671426829,20.685777827133439,12.8872,0.51364656312971069,0.99999999999887246,3630.9654558429293,3630.9654558429293
情景一阈值控制,42.953601521426819,8349.6176539476837,100.00000000254705,14600.73359766923,104.0913812010088,3429.8204838341612,1061.3515865911454,2572.5592718546832,0,17.500420746304261,20.693449907904476,12.8872,0.51297517037536744,0.99999999999883749,3633.9108584458286,3633.9108584458286
情景一阈值控制,43,8338.6260066857412,100.00000000254545,14608.913797130463,103.82946762083301,3432.8938452150464,1062.7217336634449,2574.0005725830915,0,17.513418776515863,20.700732429051591,12.8872,0.51233319349205209,0.99999999999880385,3636.7223062465364,3636.7223062465364
情景一阈值控制,43.002145210747209,8338.1184110081158,100.00000000254536,14609.291496443604,103.81737237963074,3433.0358368207335,1062.7850817368114,2574.0671208742096,0,17.514018669807808,20.70106794104073,12.8872,0.51230350603129682,0.9999999999988024,3636.8522026110213,3636.8522026110213
情景一阈值控制,43.050688900067598,8326.6461967631203,100.00000000254362,14617.826415421854,103.54400587679058,3436.2464985903207,1064.2185768824772,2575.5709209952893,0,17.527568422524162,20.708632095916105,12.8872,0.51163157179355112,0.99999999999876754,3639.7894978777667,3639.7894978777667
情景一阈值控制,43.099232589387988,8315.2009476824005,100.00000000254182,14626.338408617437,103.27128021217935,3439.4524801400703,1065.652072028143,2577.0706817347605,0,17.541069985161727,20.716142542271086,12.8872,0.51095936936104136,0.99999999999873224,3642.7227537629033,3642.7227537629033
情景一阈值控制,43.147776278708378,8303.7826003849823,100.00000000253998,14634.827529916856,102.99919390846736,3442.6537924417826,1067.0855671738088,2578.5664125870931,0,17.554523338550826,20.72359945021114,12.8872,0.51028690043552016,0.99999999999869749,3645.6519797609017,3645.6519797609017
情景一阈值控制,43.19631996802876,8292.3910916388722,100.00000000253809,14643.293833079957,102.7277454913055,3445.850446441958,1068.5190623194742,2580.0581230244397,0,17.567928463643906,20.731002990205067,12.8872,0.5096141667215669,0.99999999999866251,3648.5771853439137,3648.5771853439137
情景一阈值控制,43.24486365734915,8281.0263583606957,100.00000000253615,14651.737371740215,102.45693348932578,3449.0424530618557,1069.9525574651398,2581.5458224966897,0,17.581285341515748,20.738353333083396,12.8872,0.50894116992656979,0.99999999999862754,3651.4983799618294,3651.4983799618294
情景一阈值控制,43.293407346669539,8269.6883376153619,100.00000000253415,14660.158199405056,102.18675643414383,3452.229823197536,1071.3860526108051,2583.0295204315203,0,17.594593953363653,20.74565065003673,12.8872,0.50826791176071051,0.9999999999985929,3654.4155730423254,3654.4155730423254
情景一阈值控制,43.341951035989929,8258.3769666156986,100.00000000253212,14668.556369456122,101.91721286035947,3455.4125677199158,1072.8195477564707,2584.5092262344488,0,17.607854280507645,20.752895112614116,12.8872,0.50759439393694716,0.99999999999855815,3657.3287739909192,3657.3287739909192
情景一阈值控制,43.390494725310319,8247.0921827221246,100.00000000253003,14676.931935149594,101.6483013055575,3458.5906974748218,1074.2530429021358,2585.9849492888857,0,17.621066304390681,20.760086892721393,12.8872,0.50692061817099809,0.99999999999852374,3660.2379921910215,3660.2379921910215
情景一阈值控制,43.439038414630701,8235.833923442282,100.00000000252788,14685.284949616474,101.38002031030847,3461.7642232830381,1075.6865380478007,2587.4566989561854,0,17.634230006578836,20.767226162619519,12.8872,0.50624658618132501,0.99999999999848921,3663.1432370039861,3663.1432370039861
情景一阈值控制,43.487582103951091,8224.6021264307001,100.0000000025257,14693.615465862875,101.11236841816938,3464.9331559403586,1077.120033193466,2588.9244845756998,0,17.64734536876151,20.774313094922935,12.8872,0.50557229968911599,0.99999999999845457,3666.0445177691659,3666.0445177691659
情景一阈值控制,43.536125793271481,8213.3967294884569,100.00000000252345,14701.923536770328,100.84534417568464,3468.0975062176381,1078.5535283391309,2590.3883154648274,0,17.660412372751605,20.781347862597862,12.8872,0.50489776041826906,0.99999999999842037,3668.9418438039584,3668.9418438039584
情景一阈值控制,43.58466948259187,8202.217670562819,100.00000000252116,14710.20921509606,100.57894613238618,3471.2572848608434,1079.9870234847961,2591.848200919067,0,17.673431000485742,20.788330638960645,12.8872,0.50422297009537598,0.99999999999838585,3671.8352244038633,3671.8352244038633
情景一阈值控制,43.633213171912253,8191.0648877469139,100.00000000251882,14718.472553473297,100.31317284079311,3474.4125025911057,1081.4205186304607,2593.3041502120691,0,17.686401234024434,20.79526159767606,12.8872,0.50354793044970392,0.99999999999835154,3674.7246688425298,3674.7246688425298
情景一阈值控制,43.681756861232643,8179.9383192793739,100.00000000251643,14726.713604411556,100.04802285641243,3477.5631701047705,1082.8540137761254,2594.7561725956862,0,17.699323055552288,20.802140912755618,12.8872,0.50287264321317982,0.99999999999831723,3677.6101863718113,3677.6101863718113
情景一阈值控制,43.730300550553032,8168.837903544003,100.000000002514,14734.932420296926,99.783494737739318,3480.7092980734492,1084.2875089217903,2596.2042773000244,0,17.712196447378194,20.808968758555867,12.8872,0.5021971101203726,0.99999999999828337,3680.4917862218144,3680.4917862218144
情景一阈值控制,43.778844239873422,8157.7635790694303,100.00000000251151,14743.12905339236,99.519587046256689,3483.8508971440688,1085.7210040674549,2597.6484735334943,0,17.72502139193551,20.815745309776691,12.8872,0.50152133290847689,0.99999999999824918,3683.3694776009493,3683.3694776009493
情景一阈值控制,43.827387929193812,8146.7152845287765,100.00000000250897,14751.30355583798,99.256298346434761,3486.9879779389271,1087.1544992131194,2599.0887704828638,0,17.737797871782252,20.822470741459586,12.8872,0.5008453133172952,0.99999999999821487,3686.2432696959831,3686.2432696959831
情景一阈值控制,43.875931618514201,8135.6929587393051,100.0000000025064,14759.455979651346,98.993627205731045,3490.1205510557406,1088.5879943587838,2600.5251773133064,0,17.750525869601276,20.829145228985951,12.8872,0.50016905308922066,0.99999999999818123,3689.1131716720902,3689.1131716720902
情景一阈值控制,43.924475307834584,8124.6965406620902,100.00000000250375,14767.58637672775,98.731572194589972,3493.2486270676945,1090.021489504448,2601.9577031684526,0,17.76320536820047,20.835768948075351,12.8872,0.49949255396922088,0.99999999999814748,3691.9791926729004,3691.9791926729004
情景一阈值控制,43.973018997154973,8113.7259694016739,100.00000000250108,14775.694798840514,98.470131886442346,3496.372216523499,1091.4549846501122,2603.3863571704424,0,17.77583635051294,20.842342074783794,12.8872,0.49881581770481909,0.99999999999811373,3694.8413418205546,3694.8413418205546
情景一阈值控制,44,8107.6395838052131,100.00000000249956,14780.192047862893,98.325086351619177,3498.1063986324039,1092.2517336641442,2604.1787447304905,0,17.782835776812451,20.845973666058583,12.8872,0.49843957994083277,0.99999999999809464,3696.4304783946345,3696.4304783946345
情景一阈值控制,44.021562686475363,8102.7811842057354,100.00000000249834,14783.781297641257,98.209304857704225,3499.4913299474351,1092.8884797957764,2604.8111484199735,0,17.788418799597181,20.848864785501984,12.8872,0.49813884604607828,0.99999999999807998,3697.6996282157497,3697.6996282157497
情景一阈值控制,44.070106375795753,8091.8621244647475,100.00000000249558,14791.8459246602,97.949089687776237,3502.6059778394092,1094.3219749414407,2606.2320859963529,0,17.800952698637271,20.855337256953568,12.8872,0.49746164074558286,0.9999999999980459,3700.5540609377936,3700.5540609377936
情景一阈值控制,44.118650065116142,8080.9687297116479,100.00000000249275,14799.888731306441,97.689484959043284,3505.716170675003,1095.7554700871046,2607.6491789575471,0,17.81343803094304,20.861759666193397,12.8872,0.49678420355842112,0.9999999999980127,3703.4046490446517,3703.4046490446517
情景一阈值控制,44.167193754436525,8070.1009396214977,100.00000000248987,14807.909768868245,97.43048925687323,3508.8219189055239,1097.1889652327684,2609.0624363402308,0,17.825874779950254,20.868132190605753,12.8872,0.49610653624216883,0.99999999999797917,3706.2514015729994,3706.2514015729994
情景一阈值控制,44.215737443756915,8059.2586940111505,100.00000000248696,14815.909088513319,97.172101169615502,3511.9232329580573,1098.6224603784322,2610.4718671598407,0,17.8382629292208,20.874455007902579,12.8872,0.49542864055687019,0.99999999999794575,3709.0943275382729,3709.0943275382729
情景一阈值控制,44.264281133077304,8048.4419328389185,100.00000000248399,14823.886741289107,96.91431928860024,3515.0201232355198,1100.0559555240959,2611.8774804106201,0,17.850602462442847,20.880728296121728,12.8872,0.49475051826502159,0.99999999999791211,3711.9334359347158,3711.9334359347158
情景一阈值控制,44.312824822397694,8037.6505962042438,100.00000000248097,14831.842778123064,96.657142208137145,3518.1126001167031,1101.4894506697597,2613.2792850656747,0,17.862893363431038,20.886952233625156,12.8872,0.49407217113155233,0.99999999999787903,3714.7687357354343,3714.7687357354343
情景一阈值控制,44.361368511718084,8026.8846243473581,100.0000000024779,14839.777249822946,96.400568525514132,3521.200673956334,1102.9229458154232,2614.6772900770152,0,17.875135616126645,20.893126999097145,12.8872,0.49339360092380868,0.99999999999784572,3717.6002358924384,3717.6002358924384
情景一阈值控制,44.409912201038466,8016.1439576489647,100.00000000247479,14847.690207077076,96.144596840995618,3524.2843550851176,1104.3564409610865,2616.071504375614,0,17.887329204597762,20.899252771542521,12.8872,0.492714809411535,0.99999999999781264,3720.4279453367008,3720.4279453367008
情景一阈值控制,44.458455890358856,8005.4285366298918,100.00000000247164,14855.58170045465,95.889225757820384,3527.3636538097962,1105.7899361067498,2617.4619368714511,0,17.899474113039467,20.905329730284837,12.8872,0.49203579836685585,0.99999999999777955,3723.2518729782009,3723.2518729782009
情景一阈值控制,44.506999579679245,7994.738301950777,100.00000000246843,14863.451780405991,95.634453882201271,3530.438580413193,1107.2234312524133,2618.8485964535621,0,17.91157032577398,20.911358054964577,12.8872,0.49135656956425844,0.99999999999774647,3726.0720277059754,3726.0720277059754
情景一阈值控制,44.555543268999635,7984.0731944117315,100.00000000246517,14871.300497262844,95.380279823322695,3533.5091451542667,1108.6569263980764,2620.2314919900909,0,17.923617827250851,20.917337925537343,12.8872,0.49067712478057479,0.99999999999771338,3728.8884183881673,3728.8884183881673
情景一阈值控制,44.604086958320025,7973.4331549520166,100.00000000246187,14879.127901238649,95.126702193338815,3536.5753582681623,1110.0904215437395,2621.6106323283357,0,17.935616602047119,20.923269522272033,12.8872,0.48999746579496328,0.9999999999976803,3731.7010538720751,3731.7010538720751
情景一阈值控制,44.652630647640414,7962.8181246497161,100.00000000245853,14886.934042428826,94.873719607371584,3539.6372299662598,1111.5239166894025,2622.9860262948005,0,17.947566634867485,20.929153025749024,12.8872,0.48931759438889078,0.9999999999976481,3734.509942984203,3734.509942984203
情景一阈值控制,44.701174336960797,7952.2280447214025,100.00000000245515,14894.718970811036,94.621330683509157,3542.6947704362296,1112.9574118350654,2624.3576826952412,0,17.959467910544454,20.93498861685833,12.8872,0.48863751234611508,0.99999999999761546,3737.3150945303069,3737.3150945303069
情景一阈值控制,44.749718026281187,7941.6628565218198,100.00000000245171,14902.482736245476,94.369534042803664,3545.7479898420784,1114.390906980728,2625.7256103147188,0,17.971320414038534,20.940776476797772,12.8872,0.48795722145266573,0.9999999999975826,3740.116517295447,3740.116517295447
情景一阈值控制,44.798261715601576,7931.1225015435593,100.00000000244822,14910.225388475152,94.118328309269188,3548.7968983242022,1115.8244021263909,2627.0898179176415,0,17.98312413043837,20.946516787071136,12.8872,0.48727672349682649,0.99999999999755007,3742.9142200440324,3742.9142200440324
情景一阈值控制,44.846805404921966,7920.6069214167292,100.00000000244468,14917.946977126141,93.867712109878667,3551.8415059994381,1117.2578972720535,2628.4503142478206,0,17.994879044960914,20.95220972948632,12.8872,0.48659602026911675,0.99999999999751765,3745.7082115198741,3745.7082115198741
情景一阈值控制,44.895349094242356,7910.1160579086336,100.0000000024411,14925.64755170788,93.617684074562831,3554.8818229611124,1118.6913924177161,2629.8071080285131,0,18.006585142951586,20.95785548615347,12.8872,0.48591511356227368,0.99999999999748501,3748.4985004462292,3748.4985004462292
情景一阈值控制,44.943892783562738,7899.6498529234595,100.00000000243747,14933.327161613433,93.368242836207372,3557.9178592790927,1120.1248875633783,2631.1602079624718,0,18.018242409884436,20.963454239483141,12.8872,0.4852340051712335,0.9999999999974527,3751.28509552585,3751.28509552585
情景一阈值控制,44.992436472883128,7889.2082485019355,100.00000000243379,14940.985856119773,93.119387030650273,3560.9496249998401,1121.5583827090404,2632.5096227319959,0,18.029850831362292,20.969006172184411,12.8872,0.48455269689311253,0.99999999999742073,3754.0680054410363,3754.0680054410363
情景一阈值控制,45,7887.5835674762329,100.00000000243323,14942.177266945229,93.080665767114297,3561.4216164636191,1121.7817336648066,2632.7195419764726,0,18.031655124849525,20.969867007362232,12.8872,0.48444652528226084,0.99999999999741562,3754.5012756412789,3754.5012756412789
情景一阈值控制,45.040980162203518,7878.7911868210258,100.00000000243007,14948.623684388038,92.871115296679491,3563.9771301464566,1122.9918778547028,2633.8553609989763,0,18.041410393116927,20.97451146726301,12.8872,0.48387119052719008,0.99999999999738876,3756.8472388536793,3756.8472388536793
情景一阈值控制,45.089523851523907,7868.3986101936116,100.0000000024263,14956.240695463825,92.623426276030358,3567.0003847187377,1124.425373000365,2635.1974314049426,0,18.052921081009192,20.979970308019446,12.8872,0.4831894878748888,0.99999999999735678,3759.6228044053078,3759.6228044053078
情景一阈值控制,45.138067540844297,7858.0304610681596,100.00000000242248,14963.83693827744,92.376318613383219,3570.0193986932236,1125.8588681460269,2636.5358425711152,0,18.0643828810292,20.985382878047119,12.8872,0.4825075907397568,0.99999999999732425,3762.3947107171421,3762.3947107171421
情景一阈值控制,45.186611230164687,7847.6866820284149,100.00000000241862,14971.412461644191,92.129790956360537,3573.0341820232456,1127.2923632916888,2637.8706030984486,0,18.075795779296449,20.990749361230421,12.8872,0.4818255009274478,0.99999999999729272,3765.1629663901376,3765.1629663901376
情景一阈值控制,45.235154919485069,7837.367215793076,100.00000000241472,14978.967314264635,91.883841955523621,3576.0447446389817,1128.7258584373506,2639.2017215676824,0,18.087159762059997,20.996069941742853,12.8872,0.48114322024570455,0.99999999999726086,3767.9275800050327,3767.9275800050327
情景一阈值控制,45.283698608805459,7827.0720052154757,100.00000000241077,14986.501544724868,91.638470264370227,3579.0510964475052,1130.1593535830123,2640.5292065393865,0,18.098474815698587,21.001344804045111,12.8872,0.48046075050433801,0.99999999999722911,3770.6885601223985,3770.6885601223985
情景一阈值控制,45.332242298125848,7816.8009932832756,100.00000000240678,14994.015201496783,91.393674539331968,3582.0532473328331,1131.592848728674,2641.8530665540102,0,18.109740926720818,21.006574132883188,12.8872,0.47977809351520984,0.9999999999971978,3773.4459152826839,3773.4459152826839
情景一阈值控制,45.380785987446238,7806.5541231181396,100.00000000240274,15001.50833293834,91.149453439770909,3585.0512071559765,1133.0263438743355,2643.1733101319273,0,18.120958081765266,21.011758113286447,12.8872,0.47909525109221374,0.99999999999716593,3776.1996540062628,3776.1996540062628
情景一阈值控制,45.429329676766628,7796.3313379754245,100.00000000239866,15008.980987293833,90.905805627976562,3588.0449857549947,1134.4598390199969,2644.4899457734864,0,18.132126267600658,21.016896930565711,12.8872,0.47841222505125547,0.99999999999713463,3778.9497847934836,3778.9497847934836
情景一阈值控制,45.47787336608701,7786.1325812438645,100.00000000239454,15016.433212694168,90.662729769162866,3591.0345929450418,1135.893334165658,2645.8029819590538,0,18.143245471125987,21.021990770311337,12.8872,0.47772901721023497,0.99999999999710321,3781.6963161247118,3781.6963161247118
情景一阈值控制,45.5264170554074,7775.9577964452519,100.00000000239039,15023.865057157107,90.420224531465223,3594.0200385184166,1137.3268293113192,2647.1124271490662,0,18.154315679370676,21.02703981839128,12.8872,0.47704562938902695,0.99999999999707201,3784.4392564603854,3784.4392564603854
情景一阈值控制,45.57496074472779,7765.8069272341345,100.00000000238616,15031.276568587555,90.178288585937452,3597.0013322446152,1138.7603244569805,2648.4182897840715,0,18.16533687949471,21.03204426094916,12.8872,0.47636206340946197,0.99999999999704081,3787.1786142410519,3787.1786142410519
情景一阈值控制,45.623504434048179,7755.6799173974996,100.0000000023819,15038.667794777823,89.936920606547801,3599.9784838703781,1140.1938196026415,2649.7205782847791,0,18.176309058788775,21.037004284402329,12.8872,0.47567832109530783,0.99999999999700939,3789.9143978874208,3789.9143978874208
情景一阈值控制,45.672048123368569,7745.5767108544587,100.00000000237758,15046.038783407874,89.696119270176013,3602.951503119742,1141.6273147483023,2651.0193010521066,0,18.187232204674398,21.041920075439901,12.8872,0.47499440427224937,0.99999999999697875,3792.6466158004087,3792.6466158004087
情景一阈值控制,45.720591812688959,7735.4972516559428,100.00000000237323,15053.389582045611,89.455883256610377,3605.920399694091,1143.0608098939631,2652.3144664672245,0,18.198106304704083,21.046791821020822,12.8872,0.474310314767871,0.99999999999694789,3795.3752763611874,3795.3752763611874
情景一阈值控制,45.769135502009341,7725.4414839843876,100.00000000236884,15060.720238147125,89.216211248543985,3608.8851832722007,1144.4943050396237,2653.6060828916034,0,18.208931346561442,21.051619708371902,12.8872,0.47362605441163652,0.99999999999691658,3798.100387931227,3798.100387931227
情景一阈值控制,45.817679191329731,7715.4093521534278,100.00000000236442,15068.030799056967,88.97710193157107,3611.8458635102966,1145.927800185284,2654.8941586670617,0,18.219707318061346,21.056403924985851,12.8872,0.47294162503486892,0.99999999999688627,3800.8219588523457,3800.8219588523457
情景一阈值控制,45.86622288065012,7705.4008006075874,100.00000000235994,15075.321312008402,88.738553994183746,3614.8024500420961,1147.3612953309446,2656.1787021158088,0,18.230434207150033,21.06114465861932,12.8872,0.47225702847073381,0.9999999999968554,3803.5399974467537,3803.5399974467537
情景一阈值控制,45.91476656997051,7695.41577392197,100.00000000235543,15082.591824123672,88.500566127768522,3617.7549524788615,1148.7947904766049,2657.4597215404938,0,18.241112001905258,21.065842097290911,12.8872,0.47157226655421736,0.99999999999682476,3806.2545120170989,3806.2545120170989
情景一阈值控制,45.9633102592909,7685.4542168019598,100.00000000235086,15089.842382414265,88.263137026602877,3620.7033804094499,1150.2282856222653,2658.7372252242517,0,18.251740690536419,21.07049642927921,12.8872,0.47088734112210873,0.99999999999679412,3808.9655108465167,3808.9655108465167
情景一阈值控制,46,7677.9407247554773,100.00000000234735,15095.30920582589,88.084056018144068,3622.9291300527716,1151.311733665427,2659.7004458159495,0,18.259741355049069,21.073985726124846,12.8872,0.47036956117347462,0.99999999999677158,3811.0121794813767,3811.0121794813767
情景一阈值控制,46.011853948611282,7675.5160740829051,100.00000000234623,15097.073033781167,88.026265387851126,3623.6477434003609,1151.6617807679252,2660.011221430746,0,18.262320261384676,21.075107843120808,12.8872,0.4702022540129801,0.99999999999676403,3811.6730021986714,3811.6730021986714
情景一阈值控制,46.060397637931672,7665.6012907298164,100.00000000234155,15104.283825015122,87.789949911560441,3626.5880509957888,1153.0952759135851,2661.2817184042192,0,18.272850702923094,21.079676527608289,12.8872,0.46951700706716704,0.99999999999673361,3814.376994317804,3814.376994317804
情景一阈值控制,46.108941327252062,7655.7098118370641,100.00000000233685,15111.4748027969,87.554189300658209,3629.52431271767,1154.5287710592452,2662.5487243695334,0,18.283332003756751,21.084202671788269,12.8872,0.46883160212674957,0.9999999999967033,3817.0774954287785,3817.0774954287785
情景一阈值控制,46.157485016572451,7645.8415826280752,100.00000000233211,15118.64601369754,87.318982260947536,3632.4565380657318,1155.9622662049051,2663.8122475322202,0,18.293764152622884,21.088686464959363,12.8872,0.46814604103553215,0.99999999999667344,3819.7745137371253,3819.7745137371253
情景一阈值控制,46.206028705892841,7635.9965484550276,100.00000000232731,15125.797504178629,87.084327501103473,3635.3847365175429,1157.3957613505647,2665.0722960785229,0,18.304147138390984,21.093128096670206,12.8872,0.46746032563902451,0.99999999999664335,3822.4680574290878,3822.4680574290878
情景一阈值控制,46.254572395213224,7626.174654798544,100.00000000232248,15132.929320592528,86.85022373266915,3638.3089175285636,1158.8292564962242,2666.3288781754441,0,18.314480950062951,21.097527756717433,12.8872,0.46677445778442206,0.99999999999661371,3825.1581346716684,3825.1581346716684
情景一阈值控制,46.303116084533613,7616.3758472673962,100.00000000231761,15140.041509182673,86.616669670051962,3641.2290905321911,1160.2627516418836,2667.5820019707908,0,18.324765576773178,21.10188563514367,12.8872,0.46608843932058586,0.99999999999658384,3827.8447536126741,3827.8447536126741
情景一阈值控制,46.351659773854003,7606.6000715981991,100.00000000231269,15147.134116083784,86.383664030519952,3644.1452649398134,1161.696246787543,2668.8316755932165,0,18.335001007788705,21.106201922235513,12.8872,0.46540227209802343,0.99999999999655387,3830.5279223807593,3830.5279223807593
情景一阈值控制,46.400203463174392,7596.847273655113,100.00000000230773,15154.207187322154,86.151205534197416,3647.0574501408546,1163.1297419332025,2670.0779071522711,0,18.345187232509303,21.110476808521494,12.8872,0.46471595796886889,0.999999999996524,3833.2076490854733,3833.2076490854733
情景一阈值控制,46.448747152494782,7587.1173994295477,100.00000000230273,15161.260768815891,85.919292904060413,3649.9656555028255,1164.5632370788614,2671.3207047384412,0,18.355324240467624,21.114710484770075,12.8872,0.46402949878686284,0.99999999999649491,3835.8839418173029,3835.8839418173029
情景一阈值控制,46.497290841815172,7577.4103950398539,100.00000000229767,15168.294906375171,85.687924865933724,3652.8698903713725,1165.9967322245207,2672.5600764231972,0,18.365412021329284,21.118903141987598,12.8872,0.46334289640733384,0.99999999999646538,3838.5568086477178,3838.5568086477178
情景一阈值控制,46.545834531135554,7567.7262067310321,100.00000000229258,15175.309645702493,85.457100148486333,3655.7701640703262,1167.4302273701792,2673.7960302590391,0,18.375450564892997,21.123054971416256,12.8872,0.46265615268717708,0.99999999999643563,3841.2262576292183,3841.2262576292183
情景一阈值控制,46.594378220455944,7558.0647808744288,100.00000000228745,15182.305032392938,85.226817483227123,3658.6664859017487,1168.8637225158379,2675.0285742795386,0,18.385439861090674,21.127166164532046,12.8872,0.46196926948483485,0.99999999999640676,3843.8922967953768,3843.8922967953768
情景一阈值控制,46.642921909776334,7548.4260639674485,100.00000000228226,15189.281111934413,84.997075604500822,3661.5588651459848,1170.2972176614967,2676.257716499385,0,18.395379899987546,21.131236913042724,12.8872,0.46128224866027812,0.99999999999637756,3846.5549341608817,3846.5549341608817
情景一阈值控制,46.691465599096723,7538.8100026332495,100.00000000227702,15196.237929707911,84.767873249483884,3664.4473110617087,1171.7307128071552,2677.4834649144282,0,18.405270671782258,21.135267408885753,12.8872,0.4605950920749845,0.99999999999634848,3849.2141777215834,3849.2141777215834
情景一阈值控制,46.740009288417113,7529.2165436204505,100.00000000227176,15203.175530987752,84.539209158180483,3667.3318328859737,1173.1642079528137,2678.7058275017257,0,18.415112166806992,21.139257844226254,12.8872,0.45990780159191991,0.9999999999963195,3851.8700354545394,3851.8700354545394
情景一阈值控制,46.788552977737496,7519.645633802842,100.00000000226648,15210.093960941847,84.311082073418092,3670.212439834258,1174.597703098472,2679.9248122195841,0,18.424904375527557,21.143208411454939,12.8872,0.45922037907551772,0.99999999999629074,3854.5225153180563,3854.5225153180563
情景一阈值控制,46.837096667057885,7510.0972201790773,100.00000000226115,15216.993264631932,84.083490740842578,3673.0891411005173,1176.0311982441301,2681.1404270076041,0,18.434647288543513,21.147119303186045,12.8872,0.45853282639165915,0.99999999999626221,3857.1716252517344,3857.1716252517344
情景一阈值控制,46.885640356378275,7500.5712498723915,100.00000000225576,15223.873487013836,83.856433908914724,3675.9619458572301,1177.4646933897882,2682.3526797867262,0,18.444340896588248,21.150990712255272,12.8872,0.45784514540765309,0.99999999999623301,3859.8173731765146,3859.8173731765146
情景一阈值控制,46.934184045698665,7491.0676701303119,100.00000000225035,15230.734672937715,83.629910328905694,3678.8308632554467,1178.8981885354463,2683.5615784592701,0,18.453985190529103,21.154822831717709,12.8872,0.4571573379922157,0.99999999999620481,3862.4597669947161,3862.4597669947161
情景一阈值控制,46.982727735019054,7481.5864283243482,100.00000000224487,15237.576867148307,83.403918754892544,3681.6959024248367,1180.3316836811041,2684.7671309089837,0,18.463580161367467,21.158615854845753,12.8872,0.45646940601545105,0.99999999999617628,3865.0988145900878,3865.0988145900878
情景一阈值控制,47,7478.218298451402,100.00000000224291,15240.006806669127,83.323637082637518,3682.7143744492209,1180.8417336660009,2685.1952712762136,0,18.466982236446764,21.15995605175781,12.8872,0.45622460417130095,0.99999999999616607,3866.0370049422145,3866.0370049422145
情景一阈值控制,47.031271424339444,7472.1274719497214,100.00000000223936,15244.400114285178,83.178457943753685,3684.557072473739,1181.7651788267617,2685.9693450010836,0,18.473125800238865,21.162369975127032,12.8872,0.45578135134883047,0.99999999999614764,3867.7345238278454,3867.7345238278454
情景一阈值控制,47.079815113659826,7462.6907486250602,100.0000000022338,15251.204458882967,82.95352665516468,3687.4143824892049,1183.1986739724191,2687.1682285822985,0,18.482622098413064,21.166085386262306,12.8872,0.45509317586517217,0.99999999999611944,3870.3669025547179,3870.3669025547179
情景一阈值控制,47.128358802980216,7453.2762060921104,100.00000000222821,15257.989945371643,82.729123651593781,3690.2678415370551,1184.6321691180767,2688.3637894809149,0,18.492069047294169,21.169762282163411,12.8872,0.45440488143862134,0.99999999999609124,3872.9959585989918,3872.9959585989918
情景一阈值控制,47.176902492300606,7443.8837922154562,100.00000000222259,15264.756618076737,82.505247698297637,3693.1174586619177,1186.0656642637339,2689.5560355068178,0,18.50146663842072,21.173400856951126,12.8872,0.45371646994463,0.99999999999606326,3875.6216997705515,3875.6216997705515
情景一阈值控制,47.225446181620995,7434.5134549822205,100.00000000221695,15271.504521219593,82.281897563316193,3695.9632428872815,1187.4991594093913,2690.744974451537,0,18.510814863465768,21.177001304953098,12.8872,0.45302794325993656,0.9999999999960355,3878.2441338609283,3878.2441338609283
情景一阈值控制,47.273989870941385,7425.1651425017853,100.00000000221124,15278.233698917624,82.059072017468424,3698.8052032155424,1188.9326545550484,2691.9306140882868,0,18.520113714236995,21.180563820701739,12.8872,0.45233930326254568,0.99999999999600742,3880.8632686433352,3880.8632686433352
情景一阈值控制,47.322533560261768,7415.8388030054957,100.0000000022055,15284.944195184531,81.836769834348218,3701.6433486280494,1190.3661497007054,2693.1129621720115,0,18.529363182676779,21.18408859893211,12.8872,0.45165055183170766,0.99999999999597966,3883.4791118727171,3883.4791118727171
情景一阈值控制,47.371077249582157,7406.5343848463817,100.00000000219971,15291.636053930573,81.614989790319299,3704.4776880851573,1191.7996448463623,2694.2920264394279,0,18.538563260862293,21.187575834579832,12.8872,0.45096169084789806,0.99999999999595179,3886.0916712857902,3886.0916712857902
情景一阈值控制,47.419620938902547,7397.2518364988628,100.00000000219387,15298.309318962796,81.393730664510798,3707.3082305262674,1193.233139992019,2695.4678146090669,0,18.547713941005597,21.191025722778946,12.8872,0.45027272219279746,0.99999999999592437,3888.7009546010859,3888.7009546010859
情景一阈值控制,47.468164628222937,7387.9911065584738,100.000000002188,15304.964033985278,81.1729912388125,3710.1349848698787,1194.6666351376757,2696.6403343813176,0,18.556815215453707,21.194438458859818,12.8872,0.44958364774927162,0.99999999999589695,3891.3069695189934,3891.3069695189934
情景一阈值控制,47.516708317543326,7378.7521437415717,100.00000000218211,15311.60024259937,80.952770297870529,3712.9579600136353,1196.1001302833322,2697.8095934384701,0,18.565867076688704,21.197814238347018,12.8872,0.4488944694013498,0.99999999999586964,3893.909723721802,3893.909723721802
情景一阈值控制,47.565252006863709,7369.5348968850567,100.00000000217615,15318.217988303941,80.7330666290827,3715.7771648343723,1197.5336254289884,2698.9755994447564,0,18.574869517327787,21.201153256957173,12.8872,0.44820518903420548,0.99999999999584244,3896.5092248737446,3896.5092248737446
情景一阈值控制,47.613795696184098,7360.3393149460835,100.00000000217018,15324.81731449562,80.513879022593329,3718.5926081881626,1198.9671205746447,2700.1383600463955,0,18.583822530123381,21.204455710596871,12.8872,0.44751580853413497,0.99999999999581535,3899.1054806210404,3899.1054806210404
情景一阈值控制,47.662339385504488,7351.1653470017836,100.00000000216417,15331.398264469028,80.295206271288635,3721.4042989103659,1200.4006157203009,2701.2978828716323,0,18.592726107963209,21.207721795360509,12.8872,0.44682632978853754,0.99999999999578826,3901.6984985919335,3901.6984985919335
情景一阈值控制,47.710883074824878,7342.0129422489808,100.00000000215812,15337.960881417022,80.077047170792596,3724.2122458156755,1201.8341108659567,2702.4541755307828,0,18.601580243870359,21.210951707528164,12.8872,0.44613675468589431,0.99999999999576139,3904.2882863967397,3904.2882863967397
情景一阈值控制,47.759426764145267,7332.8820500039119,100.00000000215201,15344.505208430943,79.859400519461744,3727.0164576981601,1203.2676060116128,2703.6072456162751,0,18.610384931003367,21.214145643563452,12.8872,0.44544708511574826,0.99999999999573452,3906.8748516278879,3906.8748516278879
情景一阈值控制,47.807970453465657,7323.7726197019447,100.0000000021459,15351.031288500841,79.642265118380493,3729.8169433313187,1204.7011011572686,2704.7571007026909,0,18.619140162656301,21.217303800111395,12.8872,0.44475732296868309,0.99999999999570799,3909.4582018599594,3909.4582018599594
情景一阈值控制,47.85651414278604,7314.6846008972952,100.00000000213973,15357.539164515716,79.425639771356259,3732.6137114681214,1206.1345963029239,2705.9037483468078,0,18.627845932258829,21.220426373996265,12.8872,0.44406747013630299,0.99999999999568112,3912.0383446497317,3912.0383446497317
情景一阈值控制,47.905057832106429,7305.6179432627541,100.0000000021335,15364.028879263769,79.209523284914852,3735.4067708410603,1207.5680914485795,2707.047196087643,0,18.636502233376284,21.223513562219445,12.8872,0.4433775285112117,0.99999999999565481,3914.6152875362222,3914.6152875362222
情景一阈值控制,47.953601521426819,7296.5725965894007,100.00000000212727,15370.500475432616,78.993914468295898,3738.1961301621895,1209.0015865942351,2708.1874514464921,0,18.64510905970975,21.226565561957276,12.8872,0.44268749998699164,0.99999999999562883,3917.1890380407272,3917.1890380407272
情景一阈值控制,48,7287.9468489180044,100.00000000212125,15376.669187061976,78.788307113984615,3740.8587735585425,1210.3717336665241,2709.2743404162384,0,18.653289289607876,21.229449981168845,12.8872,0.44202788526987324,0.99999999999560307,3919.6460740827624,3919.6460740827624
情景一阈值控制,48.002145210747209,7287.5485107863351,100.00000000212097,15376.953995609547,78.778812133447673,3740.9817981231795,1210.4350817398902,2709.3245219269725,0,18.653666405096114,21.229582570558893,12.8872,0.44199738645818476,0.99999999999560218,3919.7596036668629,3919.7596036668629
情景一阈值控制,48.050688900067598,7278.5456358803913,100.00000000211466,15383.389482281744,78.564215095021822,3743.7637833953586,1211.8685768855455,2710.4584150150636,0,18.662174263508156,21.232564785544085,12.8872,0.44130718982026906,0.99999999999557598,3922.3269919006088,3922.3269919006088
情景一阈值控制,48.099232589387981,7269.5639220158637,100.00000000210829,15389.80697783653,78.350122170369488,3746.5420946297586,1213.3020720312002,2711.5891381791507,0,18.670632629054587,21.235512404601113,12.8872,0.44061691196964048,0.99999999999554967,3924.8912102103509,3924.8912102103509
情景一阈值控制,48.147776278708371,7260.6033194542342,100.0000000021019,15396.206524561592,78.136532179535848,3749.3167404571668,1214.7355671768551,2712.7166988700633,0,18.67904149598014,21.238425625584568,12.8872,0.43992655480359033,0.99999999999552414,3927.4522660469183,3927.4522660469183
情景一阈值控制,48.19631996802876,7251.6637785738894,100.00000000209546,15402.588164645224,77.923443945255443,3752.0877294881652,1216.1690623225099,2713.8411045211201,0,18.687400858665622,21.241304646513179,12.8872,0.43923612022028602,0.99999999999549805,3930.01016684363,3930.01016684363
情景一阈值控制,48.24486365734915,7242.7452498698558,100.00000000208898,15408.951940176557,77.710856292947014,3754.8550703131796,1217.6025574681644,2714.9623625481654,0,18.695710711627974,21.244149665567672,12.8872,0.43854561011874882,0.99999999999547207,3932.5649200163298,3932.5649200163298
情景一阈值控制,48.293407346669539,7233.8476839535142,100.00000000208249,15415.297893145795,77.498768050708904,3757.618771502528,1219.036052613819,2716.0804803496144,0,18.703971049520337,21.246960881088569,12.8872,0.43785502639883356,0.99999999999544686,3935.1165329634332,3935.1165329634332
情景一阈值控制,48.341951035989929,7224.971031552338,100.00000000207594,15421.626065444441,77.287178049314221,3760.3788416064608,1220.4695477594735,2717.1954653064913,0,18.712181867132106,21.249738491574035,12.8872,0.43716437096120886,0.99999999999542155,3937.6650130659646,3937.6650130659646
情景一阈值控制,48.390494725310312,7216.1152435096092,100.00000000206934,15427.936498865534,77.076085122205825,3763.1352891552115,1221.9030429051274,2718.3073247824732,0,18.720343159388996,21.252482695677688,12.8872,0.4364736457073346,0.99999999999539579,3940.2103676876004,3940.2103676876004
情景一阈值控制,48.439038414630701,7207.2802707841556,100.00000000206273,15434.22923510388,76.86548810549067,3765.8881226590411,1223.3365380507817,2719.4160661239271,0,18.728454921353087,21.255193692206415,12.8872,0.4357828525394416,0.99999999999537059,3942.7526041747087,3942.7526041747087
情景一阈值控制,48.487582103951091,7198.4660644500727,100.00000000205608,15440.504315756281,76.655385837935839,3768.6373506082837,1224.7700331964354,2720.5216966599537,0,18.736517148222887,21.2578716801182,12.8872,0.43509199336051163,0.99999999999534517,3945.2917298563889,3945.2917298563889
情景一阈值控制,48.536125793271481,7189.672575696457,100.00000000204938,15446.76178232177,76.445777160963303,3771.3829814733895,1226.2035283420892,2721.6242237024262,0,18.744529835333378,21.260516858519924,12.8872,0.43440107007425488,0.99999999999531997,3947.8277520445154,3947.8277520445154
情景一阈值控制,48.58466948259187,7180.8997558271303,100.00000000204265,15453.001676201835,76.236660918644773,3774.1250237049744,1227.6370234877431,2722.7236545460328,0,18.752492978156074,21.263129426665188,12.8872,0.43371008458509042,0.99999999999529521,3950.3606780337759,3950.3606780337759
情景一阈值控制,48.633213171912253,7172.14755626038,100.00000000203588,15459.224038700655,76.028035957696773,3776.8634857338634,1229.0705186333964,2723.8199964683126,0,18.760406572299065,21.265709583952113,12.8872,0.43301903879812498,0.99999999999527034,3952.8905151017088,3952.8905151017088
情景一阈值控制,48.681756861232643,7163.4159285286769,100.00000000202908,15465.428911025314,75.819901127475561,3779.5983759711344,1230.5040137790497,2724.9132567297033,0,18.768270613507081,21.268257529921147,12.8872,0.4323279346191311,0.99999999999524569,3955.4172705087531,3955.4172705087531
情景一阈值控制,48.730300550553032,7154.7048242784158,100.00000000202225,15471.616334286051,75.612255279972501,3782.3297028081683,1231.937508924703,2726.0034425735735,0,18.776085097661511,21.270773464252876,12.8872,0.43163677395452726,0.99999999999522071,3957.9409514982763,3957.9409514982763
情景一阈值控制,48.778844239873422,7146.0141952696495,100.00000000201538,15477.786349496469,75.405097269808977,3785.0574746166867,1233.3710040703563,2727.0905612262682,0,18.783850020780473,21.273257586765812,12.8872,0.43094555871135598,0.99999999999519651,3960.4615652966245,3960.4615652966245
情景一阈值控制,48.827387929193812,7137.34399337581,100.00000000200848,15483.938997573778,75.198425954230771,3787.7816997488026,1234.8044992160094,2728.1746198971464,0,18.791565379018849,21.275710097414198,12.8872,0.43025429079726385,0.9999999999951722,3962.9791191131558,3962.9791191131558
情景一阈值控制,48.875931618514201,7128.6941705834561,100.00000000200153,15490.074319339003,74.992240193103498,3790.5023865370658,1236.2379943616622,2729.2556257786223,0,18.799231168668332,21.278131196285813,12.8872,0.42956297212047945,0.99999999999514777,3965.4936201402843,3965.4936201402843
情景一阈值控制,48.924475307834584,7120.0646789920002,100.00000000199456,15496.192355517225,74.786538848907767,3793.2195432945018,1237.6714895073148,2730.333586046203,0,18.806847386157447,21.280521083599748,12.8872,0.42887160458979301,0.99999999999512335,3968.0050755535176,3968.0050755535176
情景一阈值控制,48.973018997154973,7111.4554708134401,100.00000000198754,15502.293146737802,74.581320786733869,3795.9331783146654,1239.1049846529675,2731.4085078585331,0,18.81441402805163,21.282879959704214,12.8872,0.42818019011453456,0.99999999999509948,3970.5134925115008,3970.5134925115008
情景一阈值控制,49,7106.6791506555292,100.00000000198364,15505.676578124334,74.467467348382186,3797.4399205244003,1239.9017336669931,2732.0046476158868,0,18.818598197112927,21.284177709115777,12.8872,0.42779587636873384,0.9999999999950856,3971.9063812828799,3971.9063812828799
情景一阈值控制,49.021562686475363,7102.866498372101,100.00000000198051,15508.376733534596,74.376584874276716,3798.6432998716759,1240.5384797986201,2732.480398357427,0,18.821931091053226,21.285208025074326,12.8872,0.42748873060455417,0.99999999999507538,3973.0188781560473,3973.0188781560473
情景一阈值控制,49.070106375795753,7094.2977141043684,100.00000000197343,15514.443156346189,74.172329981830757,3801.3499162202688,1241.9719749442725,2733.5492646679145,0,18.829398572001548,21.287505480309882,12.8872,0.42679722797019981,0.9999999999950514,3975.5212396121869,3975.5212396121869
情景一阈值控制,49.118650065116142,7085.749070558426,100.00000000196633,15520.492455516118,73.968554982285198,3804.0530355958376,1243.4054700899246,2734.6151138982782,0,18.8368164678729,21.28977252613317,12.8872,0.42610568412229632,0.99999999999502764,3978.0205839882028,3978.0205839882028
情景一阈值控制,49.167193754436525,7077.2205203939884,100.00000000195918,15526.524671293088,73.765258751118949,3806.7526662144764,1244.8389652355766,2735.6779531400916,0,18.844184775780626,21.292009363386729,12.8872,0.42541410097212484,0.99999999999500422,3980.516918375668,3980.516918375668
情景一阈值控制,49.215737443756915,7068.7120163820464,100.00000000195199,15532.539843831208,73.562440166395064,3809.4488162730304,1246.2724603812283,2736.7377894682618,0,18.85150349297513,21.29421619303114,12.8872,0.42472248043140148,0.99999999999498035,3983.0102498494898,3983.0102498494898
情景一阈值控制,49.264281133077304,7060.2235114045989,100.00000000194478,15538.538013190198,73.360098108755736,3812.141493949131,1247.7059555268804,2737.7946299410651,0,18.858772616843904,21.296393216142814,12.8872,0.42403082441225559,0.99999999999495737,3985.5005854679457,3985.5005854679457
情景一阈值控制,49.312824822397694,7051.7549584543949,100.00000000193754,15544.519219335629,73.158231461417842,3814.8307074012505,1249.1394506725319,2738.8484816001869,0,18.865992144911562,21.298540633911752,12.8872,0.4233391348272102,0.99999999999493405,3987.9879322727188,3987.9879322727188
情景一阈值控制,49.361368511718084,7043.3063106346726,100.00000000193026,15550.483502139126,72.956839110167351,3817.5164647687352,1250.5729458181836,2739.8993514707631,0,18.873162074839875,21.300658647639342,12.8872,0.42264741358915903,0.99999999999491052,3990.4722972889467,3990.4722972889467
情景一阈值控制,49.409912201038466,7034.8775211589036,100.00000000192296,15556.430901378593,72.755919943354272,3820.1987741718585,1252.0064409638346,2740.9472465614144,0,18.880282404427781,21.302747458736111,12.8872,0.42195566261134621,0.99999999999488765,3992.9536875252488,3992.9536875252488
情景一阈值控制,49.458455890358856,7026.4685433505238,100.00000000191561,15562.361456738445,72.555472851887473,3822.8776437118604,1253.4399361094861,2741.9921738642915,0,18.88735313161142,21.304807268719518,12.8872,0.42126388380734558,0.99999999999486466,3995.4321099737776,3995.4321099737776
情景一阈值控制,49.506999579679245,7018.079330642684,100.00000000190823,15568.275207809816,72.355496729229955,3825.5530814709923,1254.8734312551371,2743.034140355107,0,18.894374254464154,21.306838279211718,12.8872,0.42057207909103855,0.99999999999484157,3997.9075716102443,3997.9075716102443
情景一阈值控制,49.555543268999635,7009.7098365779912,100.00000000190083,15574.172194090785,72.15599047139365,3828.2250955125592,1256.3069264007881,2744.0731529931795,0,18.901345771196588,21.308840691937331,12.8872,0.41988025037659349,0.99999999999481903,4000.3800793939677,4000.3800793939677
情景一阈值控制,49.604086958320025,7001.3600148082487,100.00000000189338,15580.052454986588,71.956952976934133,3830.8936938809666,1257.7404215464392,2745.1092187214686,0,18.908267680156595,21.3108147087212,12.8872,0.41918839957844489,0.99999999999479627,4002.8496402679075,4002.8496402679075
情景一阈值控制,49.652630647640414,6993.0298190941976,100.00000000188591,15585.916029809843,71.758383146945107,3833.5588846017595,1259.1739166920897,2746.1423444666148,0,18.915139979829327,21.312760531486177,12.8872,0.41849652861127118,0.99999999999477396,4005.3162611587045,4005.3162611587045
情景一阈值控制,49.701174336960797,6984.7192033052688,100.00000000187839,15591.762957780757,71.560279885054172,3836.2206756816713,1260.6074118377401,2747.1725371389784,0,18.921962668837228,21.314678362250881,12.8872,0.4178046393899747,0.99999999999475153,4007.7799489767185,4007.7799489767185
情景一阈值控制,49.749718026281187,6976.4281214193124,100.00000000187086,15597.593278027365,71.36264209741725,3838.879075108664,1262.0409069833906,2748.1998036326759,0,18.928735745940067,21.316568403127448,12.8872,0.4171127338296593,0.99999999999472922,4010.2407106160663,4010.2407106160663
情景一阈值控制,49.798261715601576,6968.1565275223611,100.00000000186328,15603.407029585724,71.165468692713475,3841.5340908519706,1263.4744021290408,2749.2241508256207,0,18.935459210034931,21.318430856319321,12.8872,0.41642081384561003,0.99999999999470712,4012.6985529546614,4012.6985529546614
情景一阈值控制,49.846805404921966,6959.9043758083635,100.0000000018557,15609.20425140013,70.968758582140026,3844.1857308621402,1264.9078972746909,2750.2455855795592,0,18.942133060156255,21.320265924118985,12.8872,0.41572888135327213,0.99999999999468503,4015.1534828542499,4015.1534828542499
情景一阈值控制,49.895349094242356,6951.671620578938,100.00000000184806,15614.984982323358,70.772510679407105,3846.8340030710806,1266.341392420341,2751.2641147401087,0,18.948757295475815,21.322073808905742,12.8872,0.41503693826822863,0.99999999999466316,4017.6055071604496,4017.6055071604496
情景一阈值控制,49.943892783562738,6943.4582162431116,100.00000000184039,15620.749261116847,70.576723900733043,3849.4789153921006,1267.7748875659906,2752.2797451367974,0,18.955331915302754,21.323854713143469,12.8872,0.41434498650618046,0.9999999999946414,4020.0546327027878,4020.0546327027878
情景一阈值控制,49.992436472883128,6935.2641173170705,100.00000000183269,15626.497126450937,70.381397164838887,3852.1204757199548,1269.2083827116405,2753.2924835831,0,18.96185691908358,21.325608839378361,12.8872,0.41365302798292403,0.99999999999461975,4022.5008662947403,4022.5008662947403
情景一阈值控制,50,6933.9891411246754,100.00000000183149,15627.391218227118,70.351004921693871,3852.5317523793128,1269.4317336674046,2753.4500170435476,0,18.962869103588531,21.325879749385592,12.8872,0.41354521436877256,0.99999999999461642,4022.8817507109525,4022.8817507109525
情景一阈值控制,50.040980162203518,6927.0892784239159,100.00000000182497,15632.228616905066,70.186529392942987,3854.7586919308842,1270.64187785729,2754.3023368764766,0,18.968332306402175,21.327336390236717,12.8872,0.41296106461433124,0.9999999999945981,4024.9442147337668,4024.9442147337668
情景一阈值控制,50.089523851523907,6918.9336542934007,100.00000000181721,15637.943770967997,69.992119508756403,3857.393571882661,1272.0753730029394,2755.3093117984095,0,18.974758076979796,21.32903756842267,12.8872,0.41226909831632719,0.99999999999457712,4027.3846848013491,4027.3846848013491
情景一阈值控制,50.138067540844297,6910.797199761686,100.00000000180941,15643.642627038031,69.798166438477679,3860.025123414629,1273.5088681485888,2756.3134151144418,0,18.981134230675085,21.330712576715953,12.8872,0.41157713100487003,0.99999999999455547,4029.8222832630308,4029.8222832630308
情景一阈值控制,50.186611230164687,6902.6798697710929,100.0000000018016,15649.325223423202,69.604669110787569,3862.6533543477494,1274.9423632942378,2757.3146535742144,0,18.987460767484063,21.332361617969649,12.8872,0.41088516459592828,0.99999999999453426,4032.2570168684524,4032.2570168684524
情景一阈值控制,50.235154919485069,6894.5816193698438,100.00000000179375,15654.991598341512,69.411626456843877,3865.2782724846379,1276.3758584398868,2758.3130339115032,0,18.993737687540133,21.333984895107946,12.8872,0.41019320100546142,0.99999999999451317,4034.6888923513898,4034.6888923513898
情景一阈值控制,50.283698608805459,6886.5024037118228,100.00000000178586,15660.641789921134,69.219037410276371,3867.8998856096164,1277.8093535855355,2759.3085628442568,0,18.999964991114087,21.3355826111239,12.8872,0.40950124214939676,0.99999999999449207,4037.1179164297923,4037.1179164297923
情景一阈值控制,50.332242298125848,6878.4421780563216,100.00000000177795,15666.275836200608,69.026900907181954,3870.5182014887432,1279.2428487311845,2760.3012470746326,0,19.006142678614086,21.337154969077162,12.8872,0.40880928994360988,0.9999999999944712,4039.5440958058171,4039.5440958058171
情景一阈值控制,50.380785987446238,6870.400897767795,100.00000000177002,15671.893775129083,68.835215886119343,3873.1332278698651,1280.676343876833,2761.2910932890354,0,19.012270750585667,21.338702172091757,12.8872,0.40811734630390217,0.99999999999445044,4041.9674371658684,4041.9674371658684
情景一阈值控制,50.429329676766628,6862.3785183156142,100.00000000176205,15677.495644566498,68.643981288103589,3875.7449724826561,1282.1098390224813,2762.2781081581543,0,19.01834920771174,21.340224423353813,12.8872,0.40742541314598091,0.99999999999442968,4044.3879471806358,4044.3879471806358
情景一阈值控制,50.47787336608701,6854.3749952738181,100.00000000175405,15683.081482283802,68.453196056601243,3878.353443038658,1283.5433341681296,2763.2622983369974,0,19.024378050812569,21.341721926109322,12.8872,0.40673349238543643,0.99999999999440936,4046.8056325051271,4046.8056325051271
情景一阈值控制,50.5264170554074,6846.3902843208625,100.00000000174602,15688.651325963177,68.262859137525396,3880.958647231324,1284.9768293137777,2764.2436704649317,0,19.03035728084577,21.343194883661891,12.8872,0.40604158593772233,0.99999999999438915,4049.2204997787094,4049.2204997787094
情景一阈值控制,50.57496074472779,6838.4243412393862,100.00000000173796,15694.205213198216,68.072969479230494,3883.5605927360621,1286.4103244594257,2765.2222311657192,0,19.036286898906305,21.344643499370481,12.8872,0.40534969571813351,0.99999999999436884,4051.632555625145,4051.632555625145
情景一阈值控制,50.623504434048179,6830.4771219159566,100.00000000172987,15699.743181494168,67.883526032506907,3886.1592872102738,1287.8438196050736,2766.1979870475507,0,19.042166906226452,21.346067976647163,12.8872,0.40465782364178515,0.99999999999434874,4054.0418066526245,4054.0418066526245
情景一阈值控制,50.672048123368569,6822.5485823408326,100.00000000172177,15705.265268268109,67.694527750576086,3888.7547382933958,1289.2773147507212,2767.1709447030862,0,19.047997304175812,21.347468518954873,12.8872,0.40396597162359194,0.99999999999432843,4056.4482594538076,4056.4482594538076
情景一阈值控制,50.720591812688951,6814.6386786077119,100.00000000171363,15710.771510849179,67.505973589085514,3891.3469536069456,1290.7108098963686,2768.1411107094896,0,19.05377809426129,21.348845329805137,12.8872,0.40327414157824548,0.99999999999430844,4058.8519206058581,4058.8519206058581
情景一阈值控制,50.769135502009341,6806.7473669134952,100.00000000170544,15716.261946478771,67.317862506103538,3893.9359407545589,1292.144305042016,2769.1084916284653,0,19.059509278127063,21.350198612755847,12.8872,0.40258233542019484,0.9999999999942889,4061.2527966704811,4061.2527966704811
情景一阈值控制,50.817679191329731,6798.8746035580416,100.00000000169725,15721.736612310748,67.130193462114093,3896.5217073220329,1293.5778001876633,2770.0730940062945,0,19.06519085755458,21.351528571408984,12.8872,0.40189055506362481,0.99999999999426914,4063.6508941939578,4063.6508941939578
情景一阈值控制,50.86622288065012,6791.0203449439259,100.00000000168902,15727.195545411641,66.942965420011376,3899.1042608773673,1295.0112953333105,2771.034924373871,0,19.070822834462533,21.352835409408389,12.8872,0.401198802422434,0.99999999999424949,4066.0462197071815,4066.0462197071815
情景一阈值控制,50.91476656997051,6783.1845475761957,100.00000000168076,15732.638782760856,66.756177345095423,3901.6836089708063,1296.4447904789577,2771.9939892467387,0,19.076405210906834,21.354119330437484,12.8872,0.40050707941021413,0.99999999999423006,4068.4387797256963,4068.4387797256963
情景一阈值控制,50.9633102592909,6775.3671680621374,100.00000000167248,15738.06636125088,66.569828205066557,3904.2597591348781,1297.8782856246044,2772.9502951251266,0,19.0819379890806,21.355380538217048,12.8872,0.39981538794022964,0.9999999999942103,4070.8285807497309,4070.8285807497309
情景一阈值控制,51,6769.470919303476,100.00000000166619,15742.158204419206,66.429274529127142,3906.2047184011594,1298.9617336677559,2773.6712526723104,0,19.086086802319691,21.356318823298778,12.8872,0.39929262363324713,0.9999999999941962,4072.6329863400661,4072.6329863400661
情景一阈值控制,51.011853948611282,6767.5681631110301,100.00000000166416,15743.478317687483,66.383916970020309,3906.8327188844373,1299.3117807702508,2773.9038484939847,0,19.087421171314126,21.356619236502929,12.8872,0.39912372992539491,0.99999999999419154,4073.2156292642358,4073.2156292642358
情景一阈值控制,51.060397637931672,6759.7874895338982,100.00000000165582,15748.874688789934,66.198442612442179,3909.4024957167067,1300.7452759158975,2774.8546558230214,0,19.09285476007485,21.357835629083834,12.8872,0.39843210727825462,0.99999999999417233,4075.5999317389187,4075.5999317389187
情景一阈值控制,51.108941327252062,6752.0251042432892,100.00000000164746,15754.255511191177,66.013404107202973,3911.9690971113159,1302.178771061544,2775.8027235667369,0,19.098238757967344,21.35902991977904,12.8872,0.39774052191096176,0.99999999999415334,4077.9814946282809,4077.9814946282809
情景一阈值控制,51.157485016572451,6744.2809642530265,100.00000000163907,15759.620821438073,65.828800431553518,3914.532530530344,1303.6122662071903,2776.7480581644604,0,19.103573167733266,21.360202312436154,12.8872,0.3970489757352571,0.99999999999413425,4080.3603243716507,4080.3603243716507
情景一阈值控制,51.206028705892841,6736.5550266779692,100.00000000163064,15764.970655991558,65.644630565119513,3917.0928034183585,1305.0457613528363,2777.6906660403861,0,19.108857992251341,21.361353010928873,12.8872,0.39635747066244731,0.99999999999411582,4082.7364273932226,4082.7364273932226
情景一阈值控制,51.254572395213224,6728.8472487337767,100.0000000016222,15770.305051226884,65.460893489895994,3919.6499232024585,1306.4792564984821,2778.6305536036084,0,19.114093234537329,21.362482219154714,12.8872,0.39566600860338441,0.99999999999409717,4085.1098101020907,4085.1098101020907
情景一阈值控制,51.303116084533613,6721.1575877366713,100.00000000161371,15775.624043433792,65.277588190243037,3922.2038972923147,1307.9127516441279,2779.5677272481571,0,19.119278897743985,21.363590141032773,12.8872,0.3949745914684446,0.9999999999940784,4087.4804788922847,4087.4804788922847
情景一阈值控制,51.351659773854003,6713.4860011032042,100.00000000160522,15780.927668816737,65.094713652880372,3924.7547330802072,1309.3462467897737,2780.5021933530329,0,19.124414985161028,21.364676980501471,12.8872,0.3942832211675068,0.99999999999406031,4089.8484401428068,4089.8484401428068
情景一阈值控制,51.400203463174392,6705.8324463500185,100.00000000159667,15786.215963495069,64.912268866882172,3927.302437941069,1310.7797419354192,2781.4339582822422,0,19.12950150021511,21.365742941516306,12.8872,0.39359189960993235,0.9999999999940421,4092.2137002176614,4092.2137002176614
情景一阈值控制,51.448747152494782,6698.1968810936105,100.00000000158812,15791.488963503238,64.730252823672018,3929.8470192325249,1312.2132370810646,2782.3630283848347,0,19.134538446469765,21.366788228047589,12.8872,0.39290062870454312,0.99999999999402389,4094.5762654658993,4094.5762654658993
情景一阈值控制,51.497290841815172,6690.579263050101,100.00000000157954,15796.746704791001,64.548664517017869,3932.3884842949333,1313.6467322267097,2783.2894099949344,0,19.139525827625388,21.367813044078218,12.8872,0.39220941035960089,0.99999999999400602,4096.9361422216443,4096.9361422216443
情景一阈值控制,51.545834531135554,6682.9795500349965,100.00000000157094,15801.989223223616,64.367502943027318,3934.9268404514223,1315.0802273723546,2784.2131094317797,0,19.144463647519171,21.368817593601413,12.8872,0.39151824648278621,0.99999999999398814,4099.293336804134,4099.293336804134
情景一阈值控制,51.594378220455944,6675.3976999629595,100.0000000015623,15807.216554582035,64.18676710014212,3937.4620950079347,1316.5137225179994,2785.1341329997535,0,19.149351910125088,21.36980208061847,12.8872,0.39082713898117749,0.99999999999397049,4101.6478555177528,4101.6478555177528
情景一阈值控制,51.642921909776334,6667.8336708475654,100.00000000155366,15812.428734563115,64.006455989132888,3939.9942552532652,1317.9472176636443,2786.0524869884216,0,19.15419061955382,21.370766709136518,12.8872,0.39013608976122971,0.99999999999395239,4103.9997046520657,4103.9997046520657
情景一阈值控制,51.691465599096723,6660.2874208010899,100.00000000154498,15817.625798779805,63.826568613094665,3942.5233284591018,1319.3807128092888,2786.9681776725665,0,19.158979780052736,21.371711683166261,12.8872,0.38944510072875338,0.99999999999393518,4106.3488904818551,4106.3488904818551
情景一阈值控制,51.740009288417113,6652.7589080342532,100.00000000153626,15822.80778276134,63.647103977441674,3945.0493218800625,1320.8142079549334,2787.8812113122208,0,19.163719396005831,21.372637206719748,12.8872,0.38875417378889465,0.99999999999391742,4108.6954192671546,4108.6954192671546
情景一阈值控制,51.788552977737496,6645.2480908560083,100.00000000152754,15827.974721953458,63.468061089902164,3947.5722427537389,1322.2477031005776,2788.7915941527044,0,19.168409471933689,21.373543483808113,12.8872,0.38806331084611245,0.99999999999390032,4111.0392972532818,4111.0392972532818
情景一阈值控制,51.837096667057885,6637.7549276732971,100.00000000151879,15833.126651718572,63.28943896051328,3950.0920983007331,1323.6811982462218,2789.6993324246573,0,19.173050012493416,21.374430718439339,12.8872,0.38737251380415905,0.99999999999388289,4113.3805306708791,4113.3805306708791
情景一阈值控制,51.885640356378275,6630.2793769908267,100.00000000151002,15838.263607335983,63.111236601616255,3952.6088957246998,1325.1146933918658,2790.6044323440738,0,19.17764102247861,21.375299114616016,12.8872,0.38668178456605851,0.99999999999386613,4115.7191257359391,4115.7191257359391
情景一阈值控制,51.934184045698665,6622.8213974108385,100.00000000150121,15843.385624002063,62.933453027851407,3955.1226422123823,1326.5481885375098,2791.5069001123384,0,19.182182506819291,21.376148876333094,12.8872,0.38599112503408628,0.99999999999384903,4118.0550886498477,4118.0550886498477
情景一阈值控制,51.982727735019054,6615.3809476328779,100.00000000149238,15848.492736830458,62.756087256153172,3957.6333449336535,1327.9816836831533,2792.4067419162593,0,19.186674470581849,21.376980207575638,12.8872,0.38530053710974732,0.99999999999383216,4120.3884255994126,4120.3884255994126
情景一阈值控制,52,6612.7377916330443,100.00000000148923,15850.306303564361,62.693079568629138,3958.5259418871105,1328.4917336680451,2792.7262811972978,0,19.188260806591092,21.377271595556486,12.8872,0.3850548375788414,0.99999999999382605,4121.2180148653424,4121.2180148653424
情景一阈值控制,52.031271424339444,6607.9579864535663,100.00000000148353,15853.584980852282,62.579138305744536,3960.1410110415582,1329.4151788287968,2793.3039639281033,0,19.191116918969001,21.377793312316598,12.8872,0.38461002269375621,0.99999999999381539,4122.7191427568996,4122.7191427568996
情景一阈值控制,52.079815113659826,6600.5524727663733,100.00000000147465,15858.662391016309,62.402605198132505,3962.645647672347,1330.8486739744401,2794.1985723056268,0,19.195509857319713,21.378588394514562,12.8872,0.38391958368601564,0.99999999999379907,4125.0472462800672,4125.0472462800672
情景一阈值控制,52.128358802980216,6593.1643655613843,100.00000000146575,15863.725002189163,62.226486957103106,3965.147261945518,1332.2821691200836,2795.0905731921171,0,19.199853291109164,21.379365658111524,12.8872,0.38322922198559606,0.99999999999378253,4127.3727423122009,4127.3727423122009
情景一阈值控制,52.176902492300606,6585.7936239250821,100.00000000145681,15868.772849155523,62.050782608716361,3967.6458609638576,1333.7156642657267,2795.9799727164177,0,19.204147225948663,21.380125307030646,12.8872,0.38253893949071438,0.9999999999937661,4129.6956369821446,4129.6956369821446
情景一阈值控制,52.225446181620995,6578.4402070401138,100.00000000144786,15873.805966618296,61.875491181301058,3970.1414518134757,1335.1491594113695,2796.8667769929689,0,19.208391667585605,21.380867545174016,12.8872,0.38184873809871356,0.99999999999374978,4132.0159364043384,4132.0159364043384
情景一阈值控制,52.273989870941385,6571.1040741850684,100.00000000143888,15878.824389198831,61.700611705449923,3972.6340415638474,1336.5826545570123,2797.7509921218375,0,19.212586621903395,21.381592576420427,12.8872,0.3811586197060417,0.99999999999373357,4134.3336466788496,4134.3336466788496
情景一阈值控制,52.322533560261768,6563.785184734249,100.00000000142988,15883.828151437094,61.526143214014844,3975.1236372678495,1338.016149702655,2798.6326241887527,0,19.216732094921394,21.382300604623129,12.8872,0.3804685862082311,0.99999999999371803,4136.6487738914075,4136.6487738914075
情景一阈值控制,52.371077249582157,6556.483498157444,100.00000000142087,15888.817287791868,61.352084742101724,3977.6102459618019,1339.4496448482973,2799.5116792651411,0,19.220828092794843,21.382991833607615,12.8872,0.37977863949987756,0.99999999999370226,4138.9613241134384,4138.9613241134384
情景一阈值控制,52.419620938902547,6549.1989740197141,100.00000000141183,15893.79183264094,61.178435327065358,3980.0938746655042,1340.8831399939397,2800.3881634081558,0,19.224874621814799,21.383666467169377,12.8872,0.37908878147462022,0.99999999999368627,4141.2713034020953,4141.2713034020953
情景一阈值控制,52.468164628222937,6541.9315719811575,100.00000000140277,15898.751820281297,61.00519400850429,3982.574530382276,1342.3166351395819,2801.2620826607144,0,19.22887168840807,21.384324709071691,12.8872,0.37839901402512011,0.9999999999936704,4143.5787178002965,4143.5787178002965
情景一阈值控制,52.516708317543326,6534.68125179669,100.00000000139369,15903.697284929305,60.832359828256592,3985.0522200989903,1343.7501302852243,2802.1334430515303,0,19.232819299137134,21.384966763043384,12.8872,0.37770933904303949,0.99999999999365485,4145.8835733367541,4145.8835733367541
情景一阈值控制,52.565252006863709,6527.4479733158259,100.00000000138458,15908.62826072091,60.659931830394385,3987.5269507861199,1345.1836254308657,2803.0022505951465,0,19.236717460700074,21.385592832776606,12.8872,0.37701975841902213,0.99999999999363964,4148.185876026012,4148.185876026012
情景一阈值控制,52.613795696184098,6520.2316964824468,100.00000000137545,15913.544781711826,60.487909061218851,3989.9987293977692,1346.6171205765077,2803.8685112919698,0,19.240566179930511,21.386203121924613,12.8872,0.37633027404267128,0.99999999999362443,4150.4856318684779,4150.4856318684779
情景一阈值控制,52.662339385504488,6513.0323813345904,100.0000000013663,15918.446881877708,60.316290569255443,3992.4675628717155,1348.0506157221491,2804.7322311283019,0,19.244365463797507,21.38679783409955,12.8872,0.37564088780253058,0.99999999999360922,4152.7828468504513,4152.7828468504513
情景一阈值控制,52.710883074824878,6505.84998800422,100.00000000135714,15923.334595114364,60.145075405249003,3994.9334581294447,1349.4841108677906,2805.5934160763741,0,19.248115319405514,21.38737717287022,12.8872,0.37495160158606222,0.99999999999359435,4155.0775269441647,4155.0775269441647
情景一阈值控制,52.759426764145267,6498.6844767170114,100.00000000134796,15928.207955237925,59.974262622158953,3997.3964220761914,1350.9176060134321,2806.452072094381,0,19.251815753994272,21.38794134175988,12.8872,0.37426241727962739,0.99999999999357925,4157.3696781078133,4157.3696781078133
情景一阈值控制,52.807970453465657,6491.5358077921273,100.00000000133873,15933.066995985037,59.803851275154081,3999.856461600978,1352.3511011590731,2807.3082051265114,0,19.255466774938753,21.388490544244018,12.8872,0.37357333676846449,0.99999999999356459,4159.6593062855845,4159.6593062855845
情景一阈值控制,52.85651414278604,6484.4039416419992,100.0000000013295,15937.911751013051,59.633840421607417,4002.3135835766466,1353.7845963047139,2808.1618211029836,0,19.259068389749061,21.389024983748143,12.8872,0.37288436193667018,0.99999999999354972,4161.9464174076975,4161.9464174076975
情景一阈值控制,52.905057832106429,6477.2888387721068,100.00000000132023,15942.742253900213,59.464229121091968,4004.7677948599053,1355.2180914503549,2809.0129259400765,0,19.26262060607035,21.389544863645572,12.8872,0.37219549466717772,0.99999999999353528,4164.2310173904316,4164.2310173904316
情景一阈值控制,52.953601521426819,6470.1904597807634,100.00000000131095,15947.558538145828,59.295016435375494,4007.2191022913576,1356.6515865959955,2809.8615255401628,0,19.266123431682757,21.390050387255219,12.8872,0.37150673684173685,0.99999999999352063,4166.5131121361583,4166.5131121361583
情景一阈值控制,53,6463.4213631096936,100.00000000130207,15952.148725094721,59.13365320421542,4009.5593752447007,1358.0217336682706,2810.6702881900624,0,19.269425305047122,21.390520339617204,12.8872,0.37084852017654135,0.9999999999935073,4168.6920218583327,4168.6920218583327
情景一阈值控制,53.002145210747209,6463.1087653588929,100.00000000130166,15952.360637170475,59.126201428415584,4009.667512695547,1358.085081741636,2810.707625791742,0,19.269576874501297,21.390541757839394,12.8872,0.37081809034089364,0.99999999999350675,4168.7927075333782,4168.7927075333782
情景一阈值控制,53.050688900067598,6456.0437162898161,100.00000000129234,15957.148584316183,58.957783166354695,4012.1130328809877,1359.5185768872764,2811.5512325694726,0,19.272980942575792,21.391019178601596,12.8872,0.37012955704397021,0.99999999999349221,4171.0698094567488,4171.0698094567488
情景一阈值控制,53.099232589387981,6448.9952734490316,100.000000001283,15961.922412846596,58.789760717515485,4014.5556696402086,1360.9520720329162,2812.3923517342055,0,19.276335644090764,21.391482852684312,12.8872,0.36944113882904361,0.99999999999347833,4173.344423767122,4173.344423767122
情景一阈值控制,53.147776278708371,6441.9633978039965,100.00000000127363,15966.682155947181,58.622133152395961,4016.9954297497879,1362.3855671785566,2813.2309891330151,0,19.279640987365365,21.391932983166811,12.8872,0.36875283757292587,0.99999999999346445,4175.6165563115719,4175.6165563115719
情景一阈值控制,53.19631996802876,6434.9480504139156,100.00000000126425,15971.427846725404,58.45489954366456,4019.4323199703858,1363.8190623241962,2814.0671505992327,0,19.282896980853273,21.392369773062953,12.8872,0.36806465515114417,0.99999999999345068,4177.8862129234294,4177.8862129234294
情景一阈值控制,53.24486365734915,6427.9491924295207,100.00000000125486,15976.159518210914,58.288058966154829,4021.8663470467895,1365.2525574698361,2814.900841952478,0,19.286103633142602,21.392793425318992,12.8872,0.36737659343792017,0.99999999999343681,4180.1533994223137,4180.1533994223137
情景一阈值控制,53.293407346669539,6420.9667850928618,100.00000000124544,15980.87720335572,58.121610496861237,4024.297517707947,1366.6860526154758,2815.7320689986923,0,19.289260952955807,21.393204142811378,12.8872,0.36668865430614928,0.99999999999342326,4182.4181216141678,4182.4181216141678
情景一阈值控制,53.341951035989929,6414.0007897370851,100.000000001236,15985.580935034379,57.955553214934127,4026.7258386670019,1368.1195477611152,2816.5608375301708,0,19.292368949149591,21.393602128344575,12.8872,0.3660008396273815,0.99999999999340994,4184.6803852912863,4184.6803852912863
情景一阈值控制,53.390494725310312,6407.0511677862241,100.00000000122655,15990.270746044178,57.789886201674797,4029.1513166213317,1369.5530429067542,2817.3871533255933,0,19.295427630714801,21.393987584648869,12.8872,0.36531315127180042,0.99999999999339662,4186.9401962323473,4186.9401962323473
情景一阈值控制,53.439038414630701,6400.1178807549823,100.00000000121707,15994.946669105315,57.624608540530538,4031.573958252588,1370.9865380523934,2818.2110221500566,0,19.298437006776346,21.39436071437818,12.8872,0.36462559110820325,0.99999999999338318,4189.1975602024504,4189.1975602024504
情景一阈值控制,53.487582103951091,6393.2008902485231,100.00000000120758,15999.608736861086,57.459719317090105,4033.9937702267275,1372.4200331980323,2819.0324497551073,0,19.301397086593074,21.394721720107892,12.8872,0.3639381610039808,0.99999999999337019,4191.4524829531401,4191.4524829531401
情景一阈值控制,53.536125793271481,6386.3001579622578,100.00000000119807,16004.256981878048,57.29521761907889,4036.4107591940533,1373.8535283436711,2819.8514418787736,0,19.304307879557683,21.395070804332654,12.8872,0.36325086282509766,0.99999999999335731,4193.7049702224449,4193.7049702224449
情景一阈值控制,53.58466948259187,6379.4156456816281,100.00000000118854,16008.891436646218,57.131102536354106,4038.8249317892478,1375.2870234893098,2820.6680042455951,0,19.307169395196624,21.395408169464215,12.8872,0.36256369843607172,0.9999999999933441,4195.9550277349044,4195.9550277349044
情景一阈值控制,53.633213171912253,6372.5473152819013,100.00000000117899,16013.512133579243,56.967373160899548,4041.2362946314124,1376.7205186349481,2821.4821425666573,0,19.30998164316998,21.395734017829248,12.8872,0.36187666969995369,0.99999999999333167,4198.2026612016052,4198.2026612016052
情景一阈值控制,53.681756861232643,6365.6951287279535,100.00000000116943,16018.119105014586,56.804028586821168,4043.6448543241036,1378.1540137805864,2822.2938625396223,0,19.312744633271375,21.396048551667182,12.8872,0.36118977847830891,0.9999999999933189,4200.4478763202087,4200.4478763202087
情景一阈值控制,53.730300550553032,6358.859048074064,100.00000000115983,16022.712383213704,56.6410679103425,4046.0506174553661,1379.5875089262249,2823.1031698487586,0,19.315458375427859,21.396351973128024,12.8872,0.36050302663119504,0.99999999999330647,4202.6906787749831,4202.6906787749831
情景一阈值控制,53.778844239873422,6352.0390354636993,100.00000000115023,16027.292000362213,56.478490229799618,4048.4535905977723,1381.0210040718628,2823.9100701649745,0,19.3181228796998,21.396644484270201,12.8872,0.35981641601714431,0.99999999999329392,4204.931074236837,4204.931074236837
情景一阈值控制,53.827387929193812,6345.2350531293105,100.00000000114061,16031.857988570087,56.31629464563629,4050.8537803084582,1382.4544992175008,2824.7145691458491,0,19.320738156280779,21.396926287058402,12.8872,0.35912994849314184,0.99999999999328171,4207.1690683633497,4207.1690683633497
情景一阈值控制,53.875931618514201,6338.4470633921173,100.00000000113096,16036.410379871828,56.154480260399339,4053.2511931291574,1383.8879943631384,2825.5166724356641,0,19.323304215497469,21.3971975833614,12.8872,0.3584436259146071,0.99999999999326972,4209.4046667988023,4209.4046667988023
情景一阈值控制,53.924475307834584,6331.6750286619063,100.00000000112131,16040.949206226633,55.993046178734033,4055.6458355862387,1385.3214895087758,2826.3163856654332,0,19.325821067809535,21.397458574949919,12.8872,0.35775745013537341,0.99999999999325784,4211.6378751742086,4211.6378751742086
情景一阈值控制,53.973018997154973,6324.9189114368137,100.00000000111164,16045.474499518587,55.831991507379307,4058.0377141907434,1386.7549846544132,2827.1137144529357,0,19.328288723809504,21.397709463494465,12.8872,0.35707142300766859,0.99999999999324585,4213.8686991073491,4213.8686991073491
情景一阈值控制,54,6321.1706713870753,100.00000000110626,16047.983857197154,55.742639642287934,4059.3659484270083,1387.5517336684304,2827.5558478100866,0,19.329639001515165,21.397844615559055,12.8872,0.35669018814364484,0.99999999999323907,4215.1075814785172,4215.1075814785172
情景一阈值控制,54.021562686475363,6318.1786743031262,100.00000000110194,16049.986291556828,55.67131535516269,4060.4268354384171,1388.1884798000506,2827.9086644027457,0,19.330707194222658,21.397950450563172,12.8872,0.35638554638209463,0.99999999999323397,4216.0971442027967,4216.0971442027967
情景一阈值控制,54.070106375795753,6311.4542799350702,100.00000000109223,16054.484614075727,55.511016832995715,4062.813205809749,1389.6219749456877,2828.7012411062638,0,19.333076489906926,21.39818173761968,12.8872,0.35569982210760853,0.99999999999322231,4218.323216051951,4218.323216051951
情景一阈值控制,54.118650065116142,6304.7456910946066,100.00000000108251,16058.969498735069,55.351095053869521,4065.1968317700071,1391.0554700913247,2829.4914501417493,0,19.335396621852745,21.398403526020967,12.8872,0.35501425203150294,0.99999999999321043,4220.5469202330742,4220.5469202330742
情景一阈值控制,54.167193754436525,6298.0528706312207,100.00000000107278,16063.440977120219,55.191549132849936,4067.5777197692719,1392.4889652369611,2830.2792970743481,0,19.33766760118295,21.398616017015208,12.8872,0.3543288379993853,0.99999999999319922,4222.7682623113087,4222.7682623113087
情景一阈值控制,54.215737443756915,6291.3757814817209,100.00000000106301,16067.899080742302,55.032378187072609,4069.955876242474,1393.9224603825978,2831.0647874561264,0,19.33988943915266,21.398819411739662,12.8872,0.35364358185515965,0.99999999999318767,4224.9872478387242,4224.9872478387242
情景一阈值控制,54.264281133077304,6284.7143866700308,100.00000000105324,16072.343841038381,54.873581335738429,4072.3313076094296,1395.3559555282343,2831.8479268261012,0,19.342062147149139,21.399013911218514,12.8872,0.35295848544100616,0.99999999999317646,4227.2038823543353,4227.2038823543353
情景一阈值控制,54.312824822397694,6278.0686493069879,100.00000000104346,16076.775289371621,54.715157700109017,4074.7040202748726,1396.7894506738708,2832.6287207102691,0,19.344185736691692,21.399199716360759,12.8872,0.35227355059736187,0.99999999999316569,4229.4181713841399,4229.4181713841399
情景一阈值控制,54.361368511718084,6271.4385325901321,100.00000000103365,16081.193457031472,54.55710640350204,4077.0740206284936,1398.222945819507,2833.4071746216373,0,19.346260219431517,21.399377027958067,12.8872,0.35158877916290199,0.99999999999315459,4231.6301204411448,4231.6301204411448
情景一阈值控制,54.409912201038466,6264.8239998035133,100.00000000102384,16085.598375233836,54.399426571286298,4079.4413150449745,1399.6564409651428,2834.1832940602571,0,19.348285607151592,21.399546046682669,12.8872,0.35090417297451915,0.99999999999314393,4233.8397350253999,4233.8397350253999
情景一阈值控制,54.458455890358856,6258.2250143174724,100.000000001014,16089.990075121248,54.242117330876773,4081.8059098840226,1401.0899361107786,2834.9570845132494,0,19.350261911766545,21.399706973085227,12.8872,0.35021973386730476,0.99999999999313305,4236.0470206240279,4236.0470206240279
情景一阈值控制,54.506999579679245,6251.6415395884569,100.00000000100414,16094.368587763038,54.08517781173083,4084.1678114904048,1402.5234312564144,2835.7285514548398,0,19.352189145322523,21.399860007592729,12.8872,0.34953546367452959,0.99999999999312272,4238.2519827112537,4238.2519827112537
情景一阈值控制,54.555543268999635,6245.0735391588023,100.00000000099428,16098.733944155512,53.928607145343015,4086.5270261939836,1403.9569264020499,2836.497700346386,0,19.354067319997057,21.400005350506373,12.8872,0.34885136422762497,0.99999999999311173,4240.4546267484357,4240.4546267484357
情景一阈值控制,54.604086958320025,6238.5209766565395,100.00000000098439,16103.086175222114,53.772404465240463,4088.8835603097546,1405.3904215476855,2837.2645366364086,0,19.355896448098939,21.400143201999459,12.8872,0.34816743735616229,0.99999999999310141,4242.6549581840936,4242.6549581840936
情景一阈值控制,54.652630647640414,6231.9838157951908,100.0000000009745,16107.425311813615,53.616568906978245,4091.2374201378757,1406.8239166933206,2838.0290657606224,0,19.35767654206807,21.400273762115276,12.8872,0.34748368488783488,0.9999999999930913,4244.8529824539428,4244.8529824539428
情景一阈值控制,54.701174336960797,6225.4620203735712,100.00000000096459,16111.751384708256,53.46109960813493,4093.5886119637062,1408.2574118389555,2838.7912931419646,0,19.359407614475348,21.400397230765019,12.8872,0.34680010864843891,0.99999999999308109,4247.0487049809199,4247.0487049809199
情景一阈值控制,54.749718026281187,6218.9555542755797,100.00000000095466,16116.064424611948,53.305995708307911,4095.9371420578409,1409.6909069845904,2839.5512241906281,0,19.361089678022513,21.400513807725684,12.8872,0.34611671046185311,0.99999999999307099,4249.2421311752187,4249.2421311752187
情景一阈值控制,54.798261715601576,6212.4643814700112,100.00000000094472,16120.364462158426,53.151256349108884,4098.2830166761432,1411.124402130225,2840.308864304086,0,19.362722745542015,21.400623692637968,12.8872,0.34543349215002084,0.99999999999306122,4251.433266434311,4251.433266434311
情景一阈值控制,54.846805404921966,6205.9884660103471,100.00000000093478,16124.651527909413,52.996880674158675,4100.6262420597795,1412.5578972758597,2841.0642188671277,0,19.364306829996881,21.400727085004188,12.8872,0.34475045553293082,0.99999999999305123,4253.6221161429876,4253.6221161429876
情景一阈值控制,54.895349094242356,6199.5277720345639,100.0000000009248,16128.925652354805,52.84286782908341,4102.9668244352551,1413.9913924214943,2841.8172932518842,0,19.365841944480565,21.400824184186199,12.8872,0.34406760242859769,0.99999999999304146,4255.8086856733789,4255.8086856733789
情景一阈值控制,54.943892783562738,6193.0822637649289,100.00000000091481,16133.18686591283,52.689216961509651,4105.3047700144489,1415.4248875671283,2842.568092817859,0,19.367328102216803,21.40091518940331,12.8872,0.34338493465304321,0.99999999999303224,4257.9929803849873,4257.9929803849873
情景一阈值控制,54.992436472883128,6186.6519055078033,100.00000000090482,16137.435198930219,52.53592722105973,4107.640084994644,1416.8583827127627,2843.3166229119606,0,19.368765316559486,21.401000299730203,12.8872,0.34270245402027821,0.99999999999302247,4260.1750056247238,4260.1750056247238
情景一阈值控制,55,6185.6513618531062,100.00000000090326,16138.095968162856,52.512075814088554,4108.0037108236793,1417.0817336685243,2843.4330463782612,0,19.368984840883613,21.401013042739045,12.8872,0.34259613459643723,0.99999999999302136,4260.5147800467857,4260.5147800467857
情景一阈值控制,55.040980162203518,6180.2366616534464,100.0000000008948,16141.670681682375,52.382997759347212,4109.9727755585673,1418.2918778583964,2844.0628888685274,0,19.370153600992492,21.40107971409487,12.8872,0.34202016234228194,0.99999999999301348,4262.354766726924,4262.354766726924
情景一阈值控制,55.089523851523907,6173.8364966758172,100.00000000088478,16145.89334437354,52.230427729972412,4112.3028478744191,1419.7253730040304,2844.8068960093601,0,19.371492969129562,21.401153631276532,12.8872,0.3413380614289856,0.99999999999300404,4264.5322690133908,4264.5322690133908
情景一阈值控制,55.138067540844297,6167.4513751323775,100.00000000087473,16150.103217136953,52.078216288517964,4114.6303080959087,1421.1588681496642,2845.5486496437516,0,19.37278343471414,21.401222249903601,12.8872,0.34065615308825126,0.99999999999299505,4266.7075177934157,4266.7075177934157
情景一阈值控制,55.186611230164687,6161.0812616638968,100.0000000008647,16154.300330035039,51.926362592544237,4116.9551623622883,1422.5923632952977,2846.2881550685142,0,19.374025011619224,21.401285768451579,12.8872,0.33997443912585468,0.99999999999298606,4268.8805183638124,4268.8805183638124
情景一阈值控制,55.235154919485069,6154.7261209942562,100.00000000085463,16158.484713059548,51.774865801584411,4119.2774167983871,1424.025858440931,2847.0254175680107,0,19.375217713847217,21.40134438524105,12.8872,0.3392929213454664,0.99999999999297717,4271.0512760089414,4271.0512760089414
情景一阈值控制,55.283698608805459,6148.385917930249,100.00000000084457,16162.65639613175,51.623725077140321,4121.597077514647,1425.459353586564,2847.7604424141828,0,19.376361555529783,21.401398298435588,12.8872,0.33861160154863246,0.99999999999296829,4273.219796000747,4273.219796000747
情景一阈值控制,55.332242298125848,6142.0606173613924,100.00000000083448,16166.815409102575,51.472939582678073,4123.914150607151,1426.8928487321971,2848.4932348665816,0,19.377456550927686,21.40144770603974,12.8872,0.33793048153475647,0.99999999999295985,4275.3860835987789,4275.3860835987789
情景一阈值控制,55.380785987446238,6135.7501842597303,100.00000000082439,16170.961781752792,51.322508483623317,4126.2286421576619,1428.3263438778299,2849.2238001723949,0,19.378502714430628,21.401492805896968,12.8872,0.33724956310108101,0.99999999999295119,4277.5501440502248,4277.5501440502248
情景一阈值控制,55.429329676766628,6129.4545836796369,100.00000000081427,16175.09554379317,51.172430947356716,4128.5405582336543,1429.7598390234625,2849.9521435664769,0,19.379500060557113,21.401533795687619,12.8872,0.33656884804266884,0.99999999999294298,4279.711982589939,4279.711982589939
情景一阈值控制,55.47787336608701,6123.1737807576274,100.00000000080415,16179.216724864646,51.022706143209561,4130.849904888345,1431.1933341690951,2850.6782702713781,0,19.380448603954278,21.401570872926886,12.8872,0.33588833815238506,0.99999999999293454,4281.8716044404737,4281.8716044404737
情景一阈值控制,55.5264170554074,6116.9077407121586,100.00000000079402,16183.325354538485,50.873333242459339,4133.1566881607332,1432.6268293147275,2851.4021854973739,0,19.381348359397734,21.40160423496279,12.8872,0.33520803522087783,0.99999999999292621,4284.0290148121012,4284.0290148121012
情景一阈值控制,55.57496074472779,6110.6564288434465,100.00000000078387,16187.42146231645,50.724311418325392,4135.4609140756274,1434.0603244603597,2852.1238944424913,0,19.382199341791409,21.401634078974144,12.8872,0.33452794103656092,0.99999999999291811,4286.1842189028512,4286.1842189028512
情景一阈值控制,55.623504434048179,6104.4198105332634,100.00000000077371,16191.505077630949,50.575639845964048,4137.7625886436799,1435.4938196059918,2852.8434022925408,0,19.383001566167387,21.401660601968548,12.8872,0.33384805738559475,0.99999999999291045,4288.3372218985323,4288.3372218985323
情景一阈值控制,55.672048123368569,6098.1978512447531,100.00000000076354,16195.576229845226,50.427317702464265,4140.0617178614257,1436.927314751624,2853.5607142211438,0,19.383755047685749,21.401684000780357,12.8872,0.33316838605186938,0.99999999999290257,4290.488028972768,4290.488028972768
情景一阈值控制,55.720591812688951,6091.9905165222381,100.00000000075336,16199.63494825349,50.279344166843629,4142.3583077113044,1438.3608098972554,2854.2758353897611,0,19.384459801634399,21.40170447206869,12.8872,0.33248892881698477,0.99999999999289479,4292.636645287017,4292.636645287017
情景一阈值控制,55.769135502009341,6085.797771991025,100.00000000074317,16203.681262081114,50.131718420043477,4144.6523641617068,1439.7943050428871,2854.9887709477212,0,19.385115843428917,21.401722212315413,12.8872,0.33180968746023343,0.99999999999288713,4294.7830759906083,4294.7830759906083
情景一阈值控制,55.817679191329731,6079.6195833572201,100.00000000073297,16207.715200484758,49.98443964492462,4146.9438931669956,1441.2278001885186,2855.6995260322497,0,19.385723188612371,21.401737417823153,12.8872,0.33113066375858236,0.99999999999287981,4296.927326220768,4296.927326220768
情景一阈值控制,55.86622288065012,6073.4559164075363,100.00000000072274,16211.736792552565,49.837507026262877,4149.2329006675463,1442.6612953341498,2856.4081057684966,0,19.38628185285517,21.40175028471328,12.8872,0.33045185948665534,0.99999999999287226,4299.0694011026462,4299.0694011026462
情景一阈值控制,55.91476656997051,6067.306737009103,100.00000000071252,16215.746067304297,49.69091975074479,4151.5193925897756,1444.0947904797811,2857.1145152695667,0,19.386791851954882,21.401761008923945,12.8872,0.32977327641671417,0.99999999999286493,4301.2093057493475,4301.2093057493475
情景一阈值控制,55.9633102592909,6061.1720111092791,100.00000000070229,16219.743053691509,49.544677006963312,4153.8033748461758,1445.5282856254121,2857.8187596365447,0,19.387253201836071,21.401769786208071,12.8872,0.32909491631864141,0.99999999999285782,4303.3470452619567,4303.3470452619567
情景一阈值控制,56,6056.5449017427036,100.00000000069456,16222.755874548695,49.43437358782424,4155.5279667747136,1446.6117336685516,2858.3496001027952,0,19.38756962374606,21.401775247523684,12.8872,0.32858235490827858,0.99999999999285238,4304.9613337713472,4304.9613337713472
情景一阈值控制,56.011853948611282,6055.0517047354633,100.00000000069205,16223.727780597714,49.398777985413147,4156.0848533353492,1446.9617807710429,2858.5208439585267,0,19.387665918550116,21.401776812131391,12.8872,0.32841678095992266,0.99999999999285083,4305.4826247295696,4305.4826247295696
情景一阈值控制,56.060397637931672,6048.9457839949036,100.00000000068179,16227.700276838523,49.253221878486158,4158.3638339420377,1448.3952759166734,2859.220773312647,0,19.388030018275053,21.401782282070464,12.8872,0.3277388721056278,0.99999999999284372,4307.6160492293202,4307.6160492293202
情景一阈值控制,56.108941327252062,6042.854215074517,100.00000000067153,16231.660571161819,49.10800788046771,4160.640322537156,1449.828771062304,2859.9185527641057,0,19.388345517315393,21.401786391210706,12.8872,0.3270611915183943,0.99999999999283717,4309.7473238264101,4309.7473238264101
情景一阈值控制,56.157485016572451,6036.7769642406929,100.00000000066126,16235.608692247923,48.963135187531833,4162.9143249778235,1451.2622662079343,2860.6141873661973,0,19.388612432101944,21.401789334544432,12.8872,0.32638374095840916,0.9999999999928304,4311.876453574132,4311.876453574132
情景一阈值控制,56.206028705892841,6030.7139978391133,100.00000000065097,16239.544668709728,48.81860299773691,4165.1858471073992,1452.6957613535646,2861.3076821603386,0,19.38883077919164,21.401791306868883,12.8872,0.32570652218339124,0.99999999999282374,4314.0034435139032,4314.0034435139032
情景一阈值控制,56.254572395213224,6024.6652822945634,100.00000000064067,16243.468529092892,48.67441051102135,4167.454894755514,1454.1292564991945,2861.9990421760967,0,19.38900057526736,21.401792502784286,12.8872,0.32502953694857362,0.99999999999281697,4316.1282986752913,4316.1282986752913
情景一阈值控制,56.303116084533613,6018.6307841107437,100.00000000063037,16247.380301875959,48.530556929199292,4169.7214737380973,1455.5627516448244,2862.6882724312177,0,19.389121837137758,21.401793116691906,12.8872,0.32435278700668591,0.99999999999281119,4318.2510240760421,4318.2510240760421
情景一阈值控制,56.351659773854003,6012.610469870091,100.00000000062006,16251.280015470549,48.387041455956428,4171.9855898574151,1456.9962467904541,2863.3753779316517,0,19.389194581737065,21.401793342792082,12.8872,0.32367627410793787,0.99999999999280464,4320.3716247221055,4320.3716247221055
情景一阈值控制,56.400203463174392,6006.6043062335857,100.00000000060975,16255.16769822149,48.243863296845412,4174.2472489020984,1458.4297419360837,2864.060363671585,0,19.389218826124925,21.40179337508232,12.8872,0.32300000000000006,0.99999999999279843,4322.4901056076687,4322.4901056076687
情景一阈值控制,56.448748164892379,6000.6080909198281,99.999284360387676,16259.047508835691,48.101728157467839,4176.5065043812556,1459.862547917684,2864.743962389542,0,19.389218826124925,21.40179337508232,12.8872,0.32300000000000001,0.9990017295877559,4324.606510307226,4324.606510307226
情景一阈值控制,56.497292866610366,5994.6179471225332,99.997138433291354,16262.923390916178,47.961322315810349,4178.7633178668184,1461.2939030999639,2865.4268689240712,0,19.389218826124925,21.40179337508232,12.8872,0.32300000000000001,0.99800446998951076,4326.7207720240349,4326.7207720240349
情景一阈值控制,56.545837568328345,5988.6339541130801,99.993563769791038,16266.795293170937,47.822607422100589,4181.0176981787199,1462.7237885408899,2866.1090742378365,0,19.389218826124925,21.40179337508232,12.8872,0.32300000000000001,0.99700823439543307,4328.8328627787268,4328.8328627787268
情景一阈值控制,56.594382270046331,5982.6561907328924,99.988562000295616,16270.663164586165,47.685545826923104,4183.2696535083542,1464.1521854011685,2866.7905693425191,0,19.389218826124925,21.40179337508232,12.8872,0.32300000000000001,0.99601303593131252,4330.9427547436881,4330.9427547436881
情景一阈值控制,56.642926971764318,5976.6847353900284,99.982134834824336,16274.526954428455,47.550100569701108,4185.5191914316238,1465.5790749450587,2867.471345299205,0,19.389218826124925,21.40179337508232,12.8872,0.32300000000000001,0.99501888765079005,4333.0504202442635,4333.0504202442635
情景一阈值控制,56.691471673482305,5970.7196660558275,99.974284062669639,16278.386612246972,47.416235367369367,4187.7663189217919,1467.0044385411752,2868.1513932187704,0,19.389218826124925,21.40179337508232,12.8872,0.32300000000000001,0.99402580253480066,4335.1558317599456,4335.1558317599456
情景一阈值控制,56.740016375200291,5964.7610602616051,99.965011552051266,16282.242087875609,47.283914603234123,4190.01104236213,1468.4282576632759,2868.8307042622541,0,19.389218826124925,21.40179337508232,12.8872,0.32300000000000001,0.99303379349102261,4337.2589619255305,4337.2589619255305
情景一阈值控制,56.788561076918278,5958.8089950954209,99.954319249761653,16286.09333143506,47.153103316014814,4192.2533675583754,1469.8505138910364,2869.5092696412298,0,19.389218826124925,21.40179337508232,12.8872,0.32300000000000001,0.99204287335333952,4339.3597835322662,4339.3597835322662
情景一阈值控制,56.837105778636257,5952.8635471988891,99.94220918080255,16289.940293334879,47.023767189062227,4194.4932997509995,1471.2711889108107,2870.1870806181678,0,19.389218826124925,21.40179337508232,12.8872,0.32300000000000001,0.9910530548813089,4341.4582695289782,4341.4582695289782
情景一阈值控制,56.885650480354244,5946.9247927640581,99.928683448013416,16293.782924275518,46.895872539753846,4196.7308436272879,1472.6902645163782,2870.864128506792,0,19.389218826124925,21.40179337508232,12.8872,0.32300000000000001,0.99006435075964316,4343.5543930231706,4343.5543930231706
情景一阈值控制,56.93419518207223,5940.9928075303424,99.913744231691197,16297.621175250304,46.7693863090728,4198.9660033332229,1474.1077226096747,2871.5404046724266,0,19.389218826124925,21.40179337508232,12.8872,0.32300000000000001,0.98907677359769886,4345.6481272821011,4345.6481272821011
情景一阈值控制,56.982739883790217,5935.0676667815096,99.897393789201772,16301.454997547378,46.644276051345088,4201.1987824851976,1475.5235452015145,2872.2159005323442,0,19.389218826124925,21.40179337508232,12.8872,0.32300000000000001,0.98809033592897433,4347.7394457338587,4347.7394457338587
情景一阈值控制,57,5932.9626407706828,99.891240730122945,16302.817040408187,46.600118520565189,4201.992076225074,1476.0265447940769,2872.4558840898003,0,19.389218826124925,21.40179337508232,12.8872,0.32300000000000001,0.98773988400913881,4348.4824288838772,4348.4824288838772
情景一阈值控制,57.031284585508203,5929.149445342734,99.879634454583311,16305.28434275162,46.520509924149309,4203.4291841815439,1476.937714412293,2872.8906075560981,0,19.389218826124925,21.40179337508232,12.8872,0.32300000000000001,0.987105050210621,4349.8283219683908,4349.8283219683908
情景一阈值控制,57.079829287226183,5923.2382175777011,99.860468638141342,16309.10916274651,46.398056678391548,4205.6572110138859,1478.3502124726795,2873.5645172658542,0,19.389218826124925,21.40179337508232,12.8872,0.32300000000000001,0.98612092882295832,4351.9147297385334,4351.9147297385334
情景一阈值控制,57.128373988944169,5917.3340573857704,99.839898826035977,16312.929409715967,46.276885648543406,4207.8828650783134,1479.7610217242946,2874.237621236713,0,19.389218826124925,21.40179337508232,12.8872,0.32300000000000001,0.98513798406900455,4353.9986429610071,4353.9986429610071
情景一阈值控制,57.176918690662156,5911.4370381992021,99.817927579861021,16316.745036146142,46.156966743039064,4210.1061479863874,1481.1701246203736,2874.9099110970287,0,19.389218826124925,21.40179337508232,12.8872,0.32300000000000001,0.98415622817401327,4356.0800357174021,4356.0800357174021
情景一阈值控制,57.225463392380142,5905.5472329804343,99.794557536215407,16320.555994827182,46.038270434826437,4212.327060875974,1482.5775037264154,2875.581378528715,0,19.389218826124925,21.40179337508232,12.8872,0.32300000000000001,0.98317567328501987,4358.1588822551303,4358.1588822551303
情景一阈值控制,57.274008094098129,5899.664714219427,99.769791406266833,16324.362238854947,45.920767752070425,4214.54560442192,1483.9831417208202,2876.252015267552,0,19.389218826124925,21.40179337508232,12.8872,0.32300000000000001,0.98219633147040097,4360.2351569883722,4360.2351569883722
情景一阈值控制,57.322552795816115,5893.7895539310557,99.743631975307835,16328.1637216327,45.804430269017558,4216.7617788465504,1485.3870213955088,2876.9218131034818,0,19.389218826124925,21.40179337508232,12.8872,0.32300000000000001,0.98121821471943882,4362.3088344989901,4362.3088344989901
情景一阈值控制,57.371097497534095,5887.9218236525685,99.716082102304384,16331.960396872748,45.689230097000262,4218.9755839300115,1486.7891256565326,2877.5907638808981,0,19.389218826124925,21.40179337508232,12.8872,0.32300000000000001,0.98024133494189869,4364.3798895374312,4364.3798895374312
情景一阈值控制,57.419642199252081,5882.0615944410974,99.687144719436944,16335.752218598054,45.575139875589208,4221.1870190204563,1488.189437524667,2878.2588594989293,0,19.389218826124925,21.40179337508232,12.8872,0.32300000000000001,0.97926570396761481,4366.4482970235968,4366.4482970235968
情景一阈值控制,57.468186900970068,5876.2089368712404,99.656822831634429,16339.539141143798,45.462132763890224,4223.3960830440701,1489.5879401359912,2878.9260919117173,0,19.389218826124925,21.40179337508232,12.8872,0.32300000000000001,0.97829133354608688,4368.5140320477085,4368.5140320477085
情景一阈值控制,57.516731602688054,5870.3639210326792,99.625119516100867,16343.321119158929,45.350182431983583,4225.6027745149413,1490.9846167424544,2879.592453128686,0,19.389218826124925,21.40179337508232,12.8872,0.32300000000000001,0.9773182353460852,4370.5770698711403,4370.5770698711403
情景一阈值控制,57.565276304406041,5864.5266165278763,99.592037921834972,16347.098107607642,45.239263052502046,4227.8070915447806,1492.379450712428,2880.2579352148036,0,19.389218826124925,21.40179337508232,12.8872,0.32300000000000001,0.9763464209552648,4372.6373859272317,4372.6373859272317
情景一阈值控制,57.613821006124027,5858.6970924698207,99.557581269142858,16350.870061770842,45.129349292343967,4230.0090318524854,1493.7724255312446,2880.9225302908412,0,19.389218826124925,21.40179337508232,12.8872,0.32300000000000001,0.97537590187979262,4374.6949558220858,4374.6949558220858
情景一阈值控制,57.662365707842007,5852.8754174798305,99.52175284914388,16354.636937247571,45.02041630451793,4232.2085927735698,1495.1635248017217,2881.5862305336245,0,19.389218826124925,21.40179337508232,12.8872,0.32300000000000001,0.97440668954397969,4376.749755335346,4376.749755335346
情景一阈值控制,57.710910409559993,5847.0616596854179,99.48455602326959,16358.398689956382,44.912439720126578,4234.4057712694357,1496.5527322446728,2882.2490281762734,0,19.389218826124925,21.40179337508232,12.8872,0.32300000000000001,0.97343879528992727,4378.8017604209463,4378.8017604209463
情景一阈值控制,57.75945511127798,5841.2558867182106,99.445994222756383,16362.155276136691,44.805395640476625,4236.6005639364994,1497.9400316994045,2882.910915508442,0,19.389218826124925,21.40179337508232,12.8872,0.32300000000000001,0.97247223037717945,4380.8509472078467,4380.8509472078467
情景一阈值控制,57.807999812995966,5835.4581657119297,99.406070948131315,16365.90665235007,44.699260629314473,4238.792967015188,1499.3254071241981,2883.5718848765491,0,19.389218826124925,21.40179337508232,12.8872,0.32300000000000001,0.97150700598238726,4382.8972920007473,4382.8972920007473
情景一阈值控制,57.856544514713953,5829.6685633004226,99.36478976869175,16369.652775481543,44.594011705188727,4240.9829763987855,1500.7088425967809,2884.2319286839997,0,19.389218826124925,21.40179337508232,12.8872,0.32300000000000001,0.97054313319898189,4384.9407712807806,4384.9407712807806
情景一阈值控制,57.905089216431932,5823.8871456157685,99.322154321978644,16373.393602740796,44.489626333936968,4243.1705876421538,1502.0903223147784,2884.8910393914048,0,19.389218826124925,21.40179337508232,12.8872,0.32300000000000001,0.9695806230368571,4386.9813617061827,4386.9813617061827
情景一阈值控制,57.953633918149919,5818.1139782864166,99.278168313243611,16377.129091663379,44.386082421293771,4245.3557959702994,1503.4698305961601,2885.5492095167906,0,19.389218826124925,21.40179337508232,12.8872,0.32300000000000001,0.9686194864220613,4389.0190401129512,4389.0190401129512
情景一阈值控制,58,5812.6076659837909,99.234898800322952,16380.691913843533,44.287951151581467,4247.4406868754058,1504.7855734090745,2886.1769568263499,0,19.389218826124925,21.40179337508232,12.8872,0.32300000000000001,0.96770277674353766,4390.9625302354243,4390.9625302354243
情景一阈值控制,58.002178619867905,5812.3491264354034,99.232835514910192,16380.859200111876,44.283358305617,4247.5385962868259,1504.8473518796638,2886.2064316358037,0,19.389218826124925,21.40179337508232,12.8872,0.32300000000000001,0.96765973419650031,4391.0537835154673,4391.0537835154673
情景一阈值控制,58.050723321585892,5806.5926546786195,99.186159766028837,16384.583886277007,44.181432750728618,4249.718983182247,1506.2228707252116,2886.8626983819067,0,19.389218826124925,21.40179337508232,12.8872,0.32300000000000001,0.96670137711764814,4393.0855691071183,4393.0855691071183
情景一阈值控制,58.099268023303878,5800.8446271231278,99.138144971726433,16388.303108678738,44.080284938874506,4251.8969509421668,1507.5963718143096,2887.5180024465722,0,19.389218826124925,21.40179337508232,12.8872,0.32300000000000001,0.96574442585826792,4395.114374260882,4395.114374260882
情景一阈值控制,58.147812725021865,5795.1051073655526,99.088795102649954,16392.016826167292,43.979894463798857,4254.072493555338,1508.9678399504355,2888.1723365794655,0,19.389218826124925,21.40179337508232,12.8872,0.32300000000000001,0.96478889100614218,4397.1401765299015,4397.1401765299015
情景一阈值控制,58.196357426739844,5789.3741584905092,99.038114194404514,16395.724997924204,43.880241323925077,4256.245604721591,1510.3372600594114,2888.8256935886225,0,19.389218826124925,21.40179337508232,12.8872,0.32300000000000001,0.96383478306381365,4399.1629536480341,4399.1629536480341
情景一阈值控制,58.244902128457831,5783.6518430690994,98.986106346986148,16399.427583463261,43.781305915648204,4258.4162778596392,1511.7046171897648,2889.4780663406232,0,19.389218826124925,21.40179337508232,12.8872,0.32300000000000001,0.96288211244833311,4401.1826835303882,4401.1826835303882
情景一阈值控制,58.293446830175817,5777.9382231574673,98.932775724209108,16403.124542631449,43.683069026735666,4260.5845061147684,1513.0698965130732,2890.1294477607539,0,19.389218826124925,21.40179337508232,12.8872,0.32300000000000001,0.9619308894910189,4403.1993442738276,4403.1993442738276
情景一阈值控制,58.341991531893804,5772.2333602954022,98.878126553128027,16406.815835609876,43.585511829834161,4262.7502823663917,1514.433083324298,2890.7798308331699,0,19.389218826124925,21.40179337508232,12.8872,0.32300000000000001,0.96098112443722583,4405.2129141574678,4405.2129141574678
情景一阈值控制,58.39053623361179,5766.537315505002,98.822163123454999,16410.501422914596,43.488615876079891,4264.9135992354986,1515.7941630421033,2891.4292086010446,0,19.389218826124925,21.40179337508232,12.8872,0.32300000000000001,0.96003282744612095,4407.2233716431474,4407.2233716431474
情景一阈值控制,58.43908093532977,5760.8501492893947,98.764889786971665,16414.18126539747,43.392363088809255,4267.0744490919851,1517.1531212091631,2892.0775741667171,0,19.389218826124925,21.40179337508232,12.8872,0.32300000000000001,0.95908600859047155,4409.2306953758798,4409.2306953758798
情景一阈值控制,58.487625637047756,5755.1719216315059,98.706310956936434,16417.855324246953,43.296735757370691,4269.2328240618635,1518.5099434924532,2892.7249206918318,0,19.389218826124925,21.40179337508232,12.8872,0.32300000000000001,0.95814067785644019,4411.2348641842855,4411.2348641842855
情景一阈值控制,58.536170338765743,5749.5026919928996,98.646431107487132,16421.523560988844,43.201716531040688,4271.3887160343611,1519.8646156835312,2893.3712413974713,0,19.389218826124925,21.40179337508232,12.8872,0.32300000000000001,0.95719684514339076,4413.2358570810029,4413.2358570810029
情景一阈值控制,58.584715040483729,5743.8425193126541,98.585254773038827,16425.185937487004,43.10728841303002,4273.5421166689039,1521.2171236988022,2894.0165295642846,0,19.389218826124925,21.40179337508232,12.8872,0.32300000000000001,0.95625452026370295,4415.233653263087,4415.233653263087
情景一阈值控制,58.633259742201716,5738.191462006308,98.522786547677356,16428.842415944058,43.013434754588438,4275.693017401999,1522.5674535797727,2894.6607785326059,0,19.389218826124925,21.40179337508232,12.8872,0.32300000000000001,0.9553137129425946,4417.2282321123785,4417.2282321123785
情景一阈值控制,58.681804443919702,5732.5495779648536,98.459031084548428,16432.492958902028,42.920139249203359,4277.8414094539949,1523.9155914932903,2895.303981702571,0,19.389218826124925,21.40179337508232,12.8872,0.32300000000000001,0.95437443281795609,4419.2195731958618,4419.2195731958618
情景一阈值控制,58.730349145637682,5726.916924553786,98.393993095242493,16436.137529242962,42.827385926891743,4279.9872838357478,1525.2615237317714,2895.946132534224,0,19.389218826124925,21.40179337508232,12.8872,0.32300000000000001,0.95343668944019078,4421.207656265995,4421.207656265995
情景一阈值控制,58.778893847355668,5721.2935586122057,98.327677349175531,16439.776090189502,42.735159148582362,4282.1306313551659,1526.6052367134148,2896.5872245476226,0,19.389218826124925,21.40179337508232,12.8872,0.32300000000000001,0.95250049227206635,4423.1924612610374,4423.1924612610374
情景一阈值控制,58.827438549073655,5715.6795364519794,98.260088672965793,16443.408605305431,42.643443600586281,4284.2714426236671,1527.9467169824029,2897.2272513229304,0,19.389218826124925,21.40179337508232,12.8872,0.32300000000000001,0.9515658506885748,4425.1739683053329,4425.1739683053329
情景一阈值控制,58.875983250791641,5710.074913856949,98.191231949806806,16447.035038496197,42.552224289154097,4286.4097080625243,1529.2859512090906,2897.8662065005083,0,19.389218826124925,21.40179337508232,12.8872,0.32300000000000001,0.95063277397680046,4427.1521577095991,4427.1521577095991
情景一阈值控制,58.924527952509628,5704.4797460821974,98.12111211883645,16450.65535400937,42.461486535125445,4288.5454179091039,1530.6229261901808,2898.5040837809984,0,19.389218826124925,21.40179337508232,12.8872,0.32300000000000001,0.94970127133579829,4429.1270099711792,4429.1270099711792
情景一阈值控制,58.973072654227607,5698.8940878533658,98.049734174502646,16454.269516435088,42.371215968657907,4290.6785622230154,1531.9576288488868,2899.1408769254035,0,19.389218826124925,21.40179337508232,12.8872,0.32300000000000001,0.94877135187647998,4431.0985057742901,4431.0985057742901
情景一阈值控制,59,5695.7998896071304,98.009600786492769,16456.271596508937,42.321339898139904,4291.8606898539301,1532.6969928515923,2899.4936310950843,0,19.389218826124925,21.40179337508232,12.8872,0.32300000000000001,0.94825621918445269,4432.1906239466771,4432.1906239466771
情景一阈值控制,59.021617355945594,5693.317993366024,97.977103165925215,16457.87749070648,42.281398524040902,4292.8091308921594,1533.290046235084,2899.7765797551547,0,19.389218826124925,21.40179337508232,12.8872,0.32300000000000001,0.94784302462150927,4433.0666259902391,4433.0666259902391
情景一阈值控制,59.07016205766358,5687.7515162850959,97.903224196254769,16461.479242100024,42.192020434592152,4294.9371136386681,1534.6201655254465,2900.4111861521815,0,19.389218826124925,21.40179337508232,12.8872,0.32300000000000001,0.94691629850520553,4435.0313516776278,4435.0313516776278
情景一阈值控制,59.118706759381567,5682.1947097443308,97.828102422028053,16465.074736235874,42.103068227635511,4297.0625000247646,1535.9479740235734,2901.0446900589686,0,19.389218826124925,21.40179337508232,12.8872,0.32300000000000001,0.94599118237345758,4436.9926640825415,4436.9926640825415
情景一阈值控制,59.167251461099553,5676.6476263458371,97.75174305252024,16468.663939078197,42.014528719558257,4299.1852794585193,1537.2734591600999,2901.6770854786114,0,19.389218826124925,21.40179337508232,12.8872,0.32300000000000001,0.94506768498364313,4438.9505446387111,4438.9505446387111
情景一阈值控制,59.21579616281754,5671.1103181596527,97.674151349094245,16472.246816935429,41.92638901094557,4301.3054411995108,1538.5966084928011,2902.3083664748638,0,19.389218826124925,21.40179337508232,12.8872,0.32300000000000001,0.94414581500456074,4440.9049749676651,4440.9049749676651
情景一阈值控制,59.264340864535519,5665.5828367233817,97.595332624547098,16475.823336460508,41.838636481790488,4303.4229743644046,1539.9174097066775,2902.9385271721781,0,19.389218826124925,21.40179337508232,12.8872,0.32300000000000001,0.94322558101636611,4442.8559368788556,4442.8559368788556
情景一阈值控制,59.312885566253506,5660.0652330418725,97.515292242453654,16479.393464651093,41.751258786783758,4305.5378679324276,1541.2358506140329,2903.5675617557463,0,19.389218826124925,21.40179337508232,12.8872,0.32300000000000001,0.94230699151052111,4444.8034123697789,4444.8034123697789
情景一阈值控制,59.361430267971492,5654.557557586948,97.434035616507458,16482.957168849734,41.664243850675589,4307.6501107507675,1542.5519191545375,2904.1954644715265,0,19.389218826124925,21.40179337508232,12.8872,0.32300000000000001,0.94139005488974703,4446.7473836260642,4446.7473836260642
情景一阈值控制,59.409974969689479,5649.0598602971922,97.351568209859352,16486.514416744005,41.577579863709786,4309.7596915398672,1543.8656033952814,2904.8222296262684,0,19.389218826124925,21.40179337508232,12.8872,0.32300000000000001,0.94047477946798996,4448.6878330215495,4448.6878330215495
情景一阈值控制,59.458519671407466,5643.5721905777764,97.267895534453402,16490.065176366621,41.491255277130598,4311.8665988986504,1545.1768915308139,2905.4478515875339,0,19.389218826124925,21.40179337508232,12.8872,0.32300000000000001,0.93956117347039148,4450.6247431183474,4450.6247431183474
情景一阈值控制,59.507064373125445,5638.0945973003418,97.18302315036081,16493.609416095522,41.405258798760926,4313.9708213096474,1546.4857718831718,2906.0723247837109,0,19.389218826124925,21.40179337508232,12.8872,0.32300000000000001,0.93864924503326919,4452.5580966668822,4452.5580966668822
情景一阈值控制,59.555609074843431,5632.6271288029275,97.096956665111335,16497.147104653905,41.319579388650112,4316.0723471440397,1547.7922329018966,2906.6956437040185,0,19.389218826124925,21.40179337508232,12.8872,0.32300000000000001,0.93773900220410522,4454.4878766059155,4454.4878766059155
情景一阈值控制,59.604153776561418,5627.1698328899565,97.009701733023036,16500.67821111024,41.234206254789655,4318.1711646666263,1549.0962631640405,2907.3178028985126,0,19.389218826124925,21.40179337508232,12.8872,0.32300000000000001,0.93683045294154299,4456.4140660625526,4456.4140660625526
情景一阈值控制,59.652698478279405,5621.7227568322523,96.921264054529786,16504.202704878255,41.14912884889484,4320.2672620406993,1550.3978513741577,2907.938796978081,0,19.389218826124925,21.40179337508232,12.8872,0.32300000000000001,0.93592360511539063,4458.3366483522386,4458.3366483522386
情景一阈值控制,59.701243179997391,5616.2859473671224,96.831649375507112,16507.7205557169,41.064336862254962,4322.3606273328478,1551.6969863642885,2908.5586206144358,0,19.389218826124925,21.40179337508232,12.8872,0.32300000000000001,0.935018466506635,4460.2556069787242,4460.2556069787242
情景一阈值控制,59.749787881715378,5610.8594506984782,96.740863486596382,16511.231733730241,40.979820221649135,4324.4512485176674,1552.9936570939285,2909.1772685400983,0,19.389218826124925,21.40179337508232,12.8872,0.32300000000000001,0.93411504480746066,4462.1709256340273,4462.1709256340273
情景一阈值控制,59.798332583433357,5605.4433124970019,96.648912222527244,16514.736209367373,40.895569085323672,4326.5391134824067,1554.2878526499896,2909.7947355483816,0,19.389218826124925,21.40179337508232,12.8872,0.32300000000000001,0.93321334762127894,4464.082588198371,4464.082588198371
情景一阈值控制,59.846877285151344,5600.0375779003662,96.555801461438733,16518.23395342227,40.811573839033684,4328.6242100315239,1555.5795622467472,2910.4110164933636,0,19.389218826124925,21.40179337508232,12.8872,0.32300000000000001,0.93231338246276385,4465.9905787401112,4465.9905787401112
情景一阈值控制,59.89542198686933,5594.6422915134972,96.461537124199126,16521.724937033618,40.727825092147135,4330.7065258911744,1556.868775225777,2911.0261062898576,0,19.389218826124925,21.40179337508232,12.8872,0.32300000000000001,0.93141515675789588,4467.8948815156346,4467.8948815156346
情景一阈值控制,59.943966688587317,5589.2574974088839,96.366125173724285,16525.209131684602,40.644313673810025,4332.7860487136122,1558.1554810558821,2911.6399999133791,0,19.389218826124925,21.40179337508232,12.8872,0.32300000000000001,0.93051867784401332,4469.795480969261,4469.795480969261
情景一阈值控制,59.992511390305303,5583.8832391269307,96.269571614295188,16528.686509202707,40.561030629171263,4334.8627660815291,1559.4396693330075,2912.2526924001027,0,19.389218826124925,21.40179337508232,12.8872,0.32300000000000001,0.92962395296987155,4471.6923617331104,4471.6923617331104
情景一阈值控制,60,5583.0551352854727,96.254575804419943,16529.222328199463,40.548202978502239,4335.1828743867754,1559.6375461728712,2912.3471004049411,0,19.389218826124925,21.40179337508232,12.8872,0.32300000000000001,0.92948608741402117,4471.9846465778119,4471.9846465778119
情景一阈值控制,60.041056092023283,5578.5195596763597,96.171882490874268,16532.157041759427,40.477967215665473,4336.9366655123085,1560.7213297801457,2912.8641788468167,0,19.389218826124925,21.40179337508232,12.8872,0.32300000000000001,0.9287309892957093,4473.5855086269621,4473.5855086269621
情景一阈值控制,60.089600793741269,5573.1665015346498,96.073063888420847,16535.620701869993,40.395114899354489,4339.007734462215,1562.0004522472291,2913.4744544108758,0,19.389218826124925,21.40179337508232,12.8872,0.32300000000000001,0.92783979389332283,4475.4749066581044,4475.4749066581044
情景一阈值控制,60.138145495459256,5567.8241066485352,95.973121931206023,16539.077462393059,40.312465351328697,4341.0759603305059,1563.2770267110138,2914.0835143101408,0,19.389218826124925,21.40179337508232,12.8872,0.32300000000000001,0.92695037374614708,4477.3605410211549,4477.3605410211549
情景一阈值控制,60.186690197177242,5562.4924164345293,95.872062782126591,16542.527296530345,40.230010444160804,4343.1413304634716,1564.5510432749522,2914.6913538229205,0,19.389218826124925,21.40179337508232,12.8872,0.32300000000000001,0.92606273574934506,4479.2423970978725,4479.2423970978725
情景一阈值控制,60.235234898895229,5557.1714717795039,95.769892642018618,16545.970177826279,40.147742248416513,4345.2038321584132,1565.822492169056,2915.2979682879068,0,19.389218826124925,21.40179337508232,12.8872,0.32300000000000001,0.92517688670990272,4481.120460456963,4481.120460456963
情景一阈值控制,60.283779600613215,5551.8613130413114,95.666617748970552,16549.406080167588,40.065653029219675,4347.2634526675429,1567.091363749747,2915.9033531041005,0,19.389218826124925,21.40179337508232,12.8872,0.32300000000000001,0.92429283334673329,4482.9947168538474,4482.9947168538474
情景一阈值控制,60.332324302331195,5546.5619800494424,95.562244377635849,16552.834977782866,39.983735242871361,4349.3201792018172,1568.3576484996997,2916.5075037307397,0,19.389218826124925,21.40179337508232,12.8872,0.32300000000000001,0.9234105822907861,4484.865152230439,4484.865152230439
情景一阈值控制,60.380869004049181,5541.2735121057294,95.456778838545546,16556.256845242129,39.901981533521393,4351.3739989347087,1569.6213370276728,2917.110415687217,0,19.389218826124925,21.40179337508232,12.8872,0.32300000000000001,0.92253014008516487,4486.7317527148898,4486.7317527148898
情景一阈值控制,60.429413705767168,5535.9959479851013,95.350227477420717,16559.671657456318,39.820384729890982,4353.4248990059023,1570.8824200683314,2917.7120845529967,0,19.389218826124925,21.40179337508232,12.8872,0.32300000000000001,0.92165151318525174,4488.5945046213283,4488.5945046213283
情景一阈值控制,60.477958407485154,5530.7293259363569,95.242596674484716,16563.079389676812,39.738937842045871,4355.4728665249359,1572.1408884820585,2918.3125059675226,0,19.389218826124925,21.40179337508232,12.8872,0.32300000000000001,0.92077470795883787,4490.4533944495815,4490.4533944495815
情景一阈值控制,60.526503109203141,5525.4736836830052,95.133892843775783,16566.480017494865,39.657634058223003,4357.5178885747682,1573.3967332547566,2918.9116756301246,0,19.389218826124925,21.40179337508232,12.8872,0.32300000000000001,0.91989973068626141,4492.3084088848809,4492.3084088848809
情景一阈值控制,60.57504781092112,5520.2290584241255,95.024122432459649,16569.873516841064,39.576466741703207,4359.5599522152843,1574.6499454976417,2919.5095892999202,0,19.389218826124925,21.40179337508232,12.8872,0.32300000000000001,0.91902658756055244,4494.1595347975617,4494.1595347975617
情景一阈值控制,60.623592512639107,5514.9954868352806,94.913291920142555,16573.259863984731,39.495429427733505,4361.5990444867457,1575.9005164470248,2920.1062427957118,0,19.389218826124925,21.40179337508232,12.8872,0.32300000000000001,0.91815528468758389,4496.0067592427367,4496.0067592427367
情景一阈值控制,60.672137214357093,5509.7730050694618,94.801407818184586,16576.639035533324,39.414515820497407,4363.635152413166,1577.1484374640863,2920.7016319958752,0,19.389218826124925,21.40179337508232,12.8872,0.32300000000000001,0.91728582808622905,4497.8500694599616,4497.8500694599616
情景一阈值控制,60.72068191607508,5504.5616487580792,94.688476669013696,16580.011008431775,39.333719790132569,4365.6682630056312,1578.3937000346396,2921.2957528382517,0,19.389218826124925,21.40179337508232,12.8872,0.32300000000000001,0.91641822368852677,4499.6894528728917,4499.6894528728917
情景一阈值控制,60.769226617793066,5499.3614530119821,94.574505045440119,16583.375759961855,39.253035369794787,4367.6983632655647,1579.6362957688866,2921.8886013200267,0,19.389218826124925,21.40179337508232,12.8872,0.32300000000000001,0.91555247733985134,4501.5248970889133,4501.5248970889133
情景一阈值控制,60.817771319511053,5494.1724524225265,94.459499549971611,16586.733267741449,39.172456752766941,4369.7254401879227,1580.8762164011634,2922.4801734976122,0,19.389218826124925,21.40179337508232,12.8872,0.32300000000000001,0.91468859479908993,4503.3563898987759,4503.3563898987759
情景一阈值控制,60.866316021229039,5488.9946810626752,94.343466814129528,16590.083509723878,39.091978289612079,4371.7494807643398,1582.1134537896762,2923.070465486519,0,19.389218826124925,21.40179337508232,12.8872,0.32300000000000001,0.91382658173882525,4505.1839192761954,4505.1839192761954
情景一阈值控制,60.914860722947019,5483.8281724881363,94.226413497765762,16593.426464197153,39.011594485373188,4373.7704719862049,1583.3479999162314,2923.6594734612268,0,19.389218826124925,21.40179337508232,12.8872,0.32300000000000001,0.91296644374552693,4507.0074733774582,4507.0074733774582
情景一阈值控制,60.963405424665005,5478.6729597385374,94.108346288380659,16596.762109783205,38.93129999681473,4375.7884008476958,1584.5798468859527,2924.2471936550523,0,19.389218826124925,21.40179337508232,12.8872,0.32300000000000001,0.91210818631974444,4508.8270405410049,4508.8270405410049
情景一阈值控制,61,5474.7942795045583,94.018677226593809,16599.271783628032,38.870827283902962,4377.3075490115471,1585.5066642114095,2924.6893827187491,0,19.389218826124925,21.40179337508232,12.8872,0.32300000000000001,0.91146245038706031,4510.1960469301584,4510.1960469301584
情景一阈值控制,61.011950126382992,5473.5290753386389,93.989271900442191,16600.090425437105,38.85108962970682,4377.8032543487388,1585.8089869269925,2924.8336223600095,0,19.389218826124925,21.40179337508232,12.8872,0.32300000000000001,0.91125181487631135,4510.6426092870024,4510.6426092870024
情景一阈值控制,61.060494828100978,5468.3965512995801,93.869197074706122,16603.411390446268,38.770958336151786,4379.8150194979289,1587.0354123902343,2925.4187559266666,0,19.389218826124925,21.40179337508232,12.8872,0.32300000000000001,0.91039733474455109,4512.4541683169009,4512.4541683169009
情景一阈值控制,61.109039529818965,5463.2754191201602,93.748128577537585,16606.724984429598,38.690901211952486,4381.8236833153842,1588.2591157489851,2926.0025907640029,0,19.389218826124925,21.40179337508232,12.8872,0.32300000000000001,0.90954475116849154,4514.261706512988,4514.261706512988
情景一阈值控制,61.157584231536944,5458.1657097881607,93.626073200234032,16610.03118733667,38.610913494021588,4383.8292328355474,1589.4800895986621,2926.585123339255,0,19.389218826124925,21.40179337508232,12.8872,0.32300000000000001,0.90869406930708441,4516.0652129379168,4516.0652129379168
情景一阈值控制,61.206128933254931,5453.0674537816894,93.503037758349706,16613.329979446829,38.530990557830371,4385.8316551099388,1590.698326656468,2927.1663501777648,0,19.389218826124925,21.40179337508232,12.8872,0.32300000000000001,0.90784529423442917,4517.8646768342333,4517.8646768342333
情景一阈值控制,61.254673634972917,5447.9806810705732,93.37902909102155,16616.621341368293,38.451127914896517,4387.8309372098511,1591.9138197610614,2927.7462678628222,0,19.389218826124925,21.40179337508232,12.8872,0.32300000000000001,0.90699843094000498,4519.6600876238836,4519.6600876238836
情景一阈值控制,61.303218336690904,5442.9054211177727,93.25405406029698,16619.905254037258,38.371321210312097,4389.8270662289942,1593.1265618722168,2928.3248730355003,0,19.389218826124925,21.40179337508232,12.8872,0.32300000000000001,0.9061534843289063,4521.4514349077172,4521.4514349077172
情景一阈值控制,61.35176303840889,5437.841702880839,93.128119550463182,16623.18169871694,38.291566220309939,4391.8200292860847,1594.3365460704781,2928.9021623944936,0,19.389218826124925,21.40179337508232,12.8872,0.32300000000000001,0.90531045922208475,4523.2387084649718,4523.2387084649718
情景一阈值控制,61.400307740126877,5432.789554813392,93.001232467378387,16626.450656996611,38.211858849866417,4393.8098135273904,1595.5437655568032,2929.4781326959455,0,19.389218826124925,21.40179337508232,12.8872,0.32300000000000001,0.90446936035659631,4525.0218982527485,4525.0218982527485
情景一阈值控制,61.448852441844856,5427.7490048666432,92.873399737805101,16629.712110790624,38.132195130341962,4395.7964061292187,1596.7482136522021,2930.0527807532781,0,19.389218826124925,21.40179337508232,12.8872,0.32300000000000001,0.90363019238585429,4526.8009944054802,4526.8009944054802
情景一阈值控制,61.497397143562843,5422.7200804909371,92.744628308745163,16632.966042337433,38.052571217158274,4397.7797943003634,1597.9498837973681,2930.6261034370127,0,19.389218826124925,21.40179337508232,12.8872,0.32300000000000001,0.90279295987988561,4528.5759872343806,4528.5759872343806
情景一阈值控制,61.545941845280829,5417.7028086373366,92.614925146777097,16636.212434198522,37.972983387511725,4399.7599652844883,1599.1487695522976,2931.1980976745936,0,19.389218826124925,21.40179337508232,12.8872,0.32300000000000001,0.90195766732559546,4530.3468672268909,4530.3468672268909
情景一阈值控制,61.594486546998816,5412.6972157592309,92.484297237395594,16639.451269257406,37.893428038121868,4401.7369063624774,1600.3448645959079,2931.7687604502007,0,19.389218826124925,21.40179337508232,12.8872,0.32300000000000001,0.90112431912703428,4532.1136250461086,4532.1136250461086
情景一阈值控制,61.643031248716802,5407.7033278139743,92.352751584353115,16642.682530718565,37.813901683014087,4403.7106048547303,1601.5381627256452,2932.3380888045658,0,19.389218826124925,21.40179337508232,12.8872,0.32300000000000001,0.90029291960567104,4533.8762515302114,4533.8762515302114
情景一阈值控制,61.691575950434782,5402.7211702645545,92.220295209004036,16645.906202106333,37.7344009513372,4405.6810481234079,1602.7286578570836,2932.9060798347796,0,19.389218826124925,21.40179337508232,12.8872,0.32300000000000001,0.89946347300067098,4535.6347376918629,4535.6347376918629
情景一阈值控制,61.740120652152768,5397.7507680812932,92.086935149650969,16649.122267263832,37.654922585216021,4407.6482235746407,1603.9163440235222,2933.4727306940999,0,19.389218826124925,21.40179337508232,12.8872,0.32300000000000001,0.8986359834691785,4537.389074717622,4537.389074717622
情景一阈值控制,61.788665353870755,5392.792145743575,91.952678460893878,16652.330710351853,37.575463437635293,4409.6121186606797,1605.1012153755696,2934.0380385917533,0,19.389218826124925,21.40179337508232,12.8872,0.32300000000000001,0.89781045508660529,4539.1392539673234,4539.1392539673234
情景一阈值控制,61.837210055588741,5387.8453272416009,91.817532212981547,16655.531515847684,37.496020470357166,4411.5727208820099,1606.2832661807265,2934.6020007927364,0,19.389218826124925,21.40179337508232,12.8872,0.32300000000000001,0.89698689184692182,4540.8852669734624,4540.8852669734624
情景一阈值控制,61.885754757306728,5382.9103360781701,91.681503491165714,16658.724668544008,37.416590751870956,4413.5300177894196,1607.4624908229584,2935.1646146176117,0,19.389218826124925,21.40179337508232,12.8872,0.32300000000000001,0.89616529766295439,4542.6271054405697,4542.6271054405697
情景一阈值控制,61.934299459024714,5377.9871952704925,91.544599395058057,16661.910153547691,37.337171455374978,4415.4839969860177,1608.6388838022626,2935.7258774423021,0,19.389218826124925,21.40179337508232,12.8872,0.32300000000000001,0.89534567636668683,4544.3647612445648,4544.3647612445648
情景一阈值控制,61.982844160742694,5373.0759273520289,91.406827037989871,16665.08795627861,37.257759856789356,4417.4346461292162,1609.8124397342306,2936.2857866978788,0,19.389218826124925,21.40179337508232,12.8872,0.32300000000000001,0.89452803170956641,4546.0982264321092,4546.0982264321092
情景一阈值控制,62,5371.3431144693322,91.357931578388119,16666.209161149171,37.229696911879721,4418.1232125458646,1610.2264983584473,2936.4833360857992,0,19.389218826124925,21.40179337508232,12.8872,0.32300000000000001,0.89423954710256714,4546.7098344442466,4546.7098344442466
情景一阈值控制,62.03138886246068,5368.1765543743477,91.268193546374619,16668.258062468445,37.178353332799254,4419.3819529326665,1610.9831533496019,2936.844339870353,0,19.389218826124925,21.40179337508232,12.8872,0.32300000000000001,0.89371236736281356,4547.8274932199547,4547.8274932199547
情景一阈值控制,62.079933564178667,5363.2890979090189,91.12870605907348,16671.42045815946,37.098949358928287,4421.3259051681534,1612.1510194938126,2937.4015345004568,0,19.389218826124925,21.40179337508232,12.8872,0.32300000000000001,0.89289868691773733,4549.5525539942691,4549.5525539942691
情景一阈值控制,62.128478265896653,5358.4135790495302,90.988371726763887,16674.575129703255,37.019545507643535,4423.2664906674418,1613.3160331265376,2937.9573681834258,0,19.389218826124925,21.40179337508232,12.8872,0.32300000000000001,0.89208699388605317,4551.2734013099634,4551.2734013099634
情景一阈值控制,62.17702296761464,5353.5500184132225,90.847197711311111,16677.722063759516,36.940139446488047,4425.2036973240947,1614.4781893212275,2938.5118385687801,0,19.389218826124925,21.40179337508232,12.8872,0.32300000000000001,0.89127729170020664,4552.9900278900077,4552.9900278900077
情景一阈值控制,62.225567669332619,5348.6984361432596,90.705191185143036,16680.86124729475,36.86072893624295,4427.1375130952356,1615.6374832646388,2939.0649433600975,0,19.389218826124925,21.40179337508232,12.8872,0.32300000000000001,0.89046958371370044,4554.7024266247363,4554.7024266247363
情景一阈值控制,62.274112371050606,5343.8588519106097,90.562359330628055,16683.992667580991,36.78131182911811,4429.0679260032884,1616.79391025636,2939.6166803147885,0,19.389218826124925,21.40179337508232,12.8872,0.32300000000000001,0.88966387320142437,4556.4105905711485,4556.4105905711485
情景一阈值控制,62.322657072768592,5339.0312849160628,90.418709339456484,16687.116312194492,36.70188606697112,4430.9949241376535,1617.9474657083288,2940.1670472438668,0,19.389218826124925,21.40179337508232,12.8872,0.32300000000000001,0.88886016335999163,4558.1145129521956,4558.1145129521956
情景一阈值控制,62.371201774486579,5334.2157538922611,90.274248412024988,16690.232169014424,36.62244967955391,4432.9184956563713,1619.0981451443483,2940.7160420117166,0,19.389218826124925,21.40179337508232,12.8872,0.32300000000000001,0.88805845730807653,4559.8141871560647,4559.8141871560647
情景一阈值控制,62.419746476204566,5329.4122771057609,90.128983756824667,16693.340226221539,36.543000782786201,4434.8386287877274,1620.2459441995934,2941.2636625358587,0,19.389218826124925,21.40179337508232,12.8872,0.32300000000000001,0.88725875808675758,4561.5096067354516,4561.5096067354516
情景一阈值控制,62.468291177922552,5324.620872359108,89.982922589832469,16696.440472296814,36.463537577055448,4436.7553118318256,1621.3908586201148,2941.8099067867133,0,19.389218826124925,21.40179337508232,12.8872,0.32300000000000001,0.88646106865986363,4563.2007654068284,4563.2007654068284
情景一阈值控制,62.516835879640531,5319.8415569929412,89.836072133906256,16699.532896020111,36.384058345544695,4438.668533162132,1622.5328842623376,2942.3547727873597,0,19.389218826124925,21.40179337508232,12.8872,0.32300000000000001,0.88566539191432325,4564.8876570496977,4564.8876570496977
情景一阈值控制,62.565380581358518,5315.0743478881104,89.688439618183196,16702.617486468789,36.304561452585361,4440.5782812269681,1623.6720170925532,2942.898258613297,0,19.389218826124925,21.40179337508232,12.8872,0.32300000000000001,0.88487173066051816,4566.5702757058498,4566.5702757058498
情景一阈值控制,62.613925283076505,5310.3192614678264,89.540032277482169,16705.694233016318,36.225045342035727,4442.4845445509718,1624.808253186407,2943.4403623921967,0,19.389218826124925,21.40179337508232,12.8872,0.32300000000000001,0.88408008763264045,4568.2486155786037,4568.2486155786037
情景一阈值控制,62.662469984794491,5305.5763136998175,89.390857351709613,16708.763125330894,36.145508535684776,4444.387311736531,1625.9415887283828,2943.9810823036564,0,19.389218826124925,21.40179337508232,12.8872,0.32300000000000001,0.88329046548905232,4569.922671032039,4569.922671032039
情景一阈值控制,62.711014686512478,5300.8455200985172,89.240922085269133,16711.824153374,36.065949631681143,4446.286571465168,1627.0720200112805,2944.5204165789528,0,19.389218826124925,21.40179337508232,12.8872,0.32300000000000001,0.88250286681264922,4571.5924365902338,4571.5924365902338
情景一阈值控制,62.759559388230457,5296.126895727265,89.090233726475049,16714.877307399005,35.986367302986629,4448.1823124989032,1628.1995434356886,2945.0583635007902,0,19.389218826124925,21.40179337508232,12.8872,0.32300000000000001,0.88171729411122768,4573.2579069364783,4573.2579069364783
情景一阈值控制,62.808104089948444,5291.4204552005249,88.938799526969575,16717.922577949725,35.90676029585353,4450.0745236815637,1629.324155509456,2945.5949214030456,0,19.389218826124925,21.40179337508232,12.8872,0.32300000000000001,0.88093374981785366,4574.9190769125016,4574.9190769125016
情景一阈值控制,62.85664879166643,5286.7262126861306,88.786626741144246,16720.959955858947,35.827127428325426,4451.9631939400842,1630.4458528471541,2946.1300886705144,0,19.389218826124925,21.40179337508232,12.8872,0.32300000000000001,0.88015223629123607,4576.575941517669,4576.575941517669
情景一阈值控制,62.905193493384417,5282.0441819075395,88.633722625564957,16723.989432247014,35.74746758876222,4453.8483122857524,1631.5646321695397,2946.6638637386541,0,19.389218826124925,21.40179337508232,12.8872,0.32300000000000001,0.87937275581610319,4578.2284959081935,4578.2284959081935
情景一阈值控制,62.953738195102403,5277.3743761461092,88.480094438401295,16727.010998520305,35.667779734388191,4455.7298678154284,1632.680490303009,2947.1962450933229,0,19.389218826124925,21.40179337508232,12.8872,0.32300000000000001,0.87859531060358109,4579.8767353963322,4579.8767353963322
情景一阈值控制,63,5272.9355638591769,88.333023730025218,16729.883102026291,35.591812372608359,4457.5196146665321,1633.7411521477109,2947.7022920295685,0,19.389218826124925,21.40179337508232,12.8872,0.32300000000000001,0.87785632197363339,4581.4434441772792,4581.4434441772792
情景一阈值控制,63.00228289682039,5272.7168082433909,88.325749438859688,16730.024646369784,35.588062889862158,4457.6078497127346,1633.7934241790513,2947.7272312705186,0,19.389218826124925,21.40179337508232,12.8872,0.32300000000000001,0.87781990279157451,4581.5206554495699,4581.5206554495699
情景一阈值控制,63.050827598538369,5268.0714906034382,88.17069488662078,16733.030367769494,35.508316145870339,4459.4822472492096,1634.903430833697,2948.2568208561179,0,19.389218826124925,21.40179337508232,12.8872,0.32300000000000001,0.87704653444515335,4583.1602516898147,4583.1602516898147
情景一阈值控制,63.099372300256356,5263.4384351951303,88.014938041280956,16736.028154975051,35.428538657741392,4461.3530497854326,1636.0105074069613,2948.7850124856072,0,19.389218826124925,21.40179337508232,12.8872,0.32300000000000001,0.876275207556937,4584.7955198925683,4584.7955198925683
情景一阈值控制,63.147917001974342,5258.8176535545181,87.858486161798098,16739.018000522123,35.348729644083406,4463.220246772109,1637.1146511422853,2949.3118048438191,0,19.389218826124925,21.40179337508232,12.8872,0.32300000000000001,0.87550592404748651,4586.426455986104,4586.426455986104
情景一阈值控制,63.196461703692329,5254.2091567871785,87.701346505941387,16741.999897224934,35.268888385442018,4465.0838277511375,1638.2158593859722,2949.8371966646628,0,19.389218826124925,21.40179337508232,12.8872,0.32300000000000001,0.87473868576569669,4588.053056050635,4588.053056050635
情景一阈值控制,63.245006405410315,5249.6129555705847,87.543526329745603,16744.97383817469,35.189014222979281,4466.9437823566332,1639.3141295866212,2950.3611867308509,0,19.389218826124925,21.40179337508232,12.8872,0.32300000000000001,0.87397349448918937,4589.6753163174726,4589.6753163174726
情景一阈值控制,63.293551107128295,5245.0290601564957,87.385032886969668,16747.939816738064,35.109106557173767,4468.8001003159325,1640.4094592945569,2950.8837738736329,0,19.389218826124925,21.40179337508232,12.8872,0.32300000000000001,0.87321035192471264,4591.2932331681895,4591.2932331681895
情景一阈值控制,63.342095808846281,5240.457480373354,87.225873428559325,16750.897826555622,35.029164846541704,4470.6527714505564,1641.501846161256,2951.4049569725157,0,19.389218826124925,21.40179337508232,12.8872,0.32300000000000001,0.87244925970853904,4592.906803133772,4592.906803133772
情景一阈值控制,63.390640510564268,5235.8982256287027,87.066055202114654,16753.847861540282,34.949188606377341,4472.5017856771574,1642.5912879387702,2951.9247349549933,0,19.389218826124925,21.40179337508232,12.8872,0.32300000000000001,0.87169021940686864,4594.5160228937639,4594.5160228937639
情景一阈值控制,63.439185212282254,5231.3513049116109,86.905585451361588,16756.789915875725,34.869177407513533,4474.3471330084221,1643.6777824791457,2952.4431067962651,0,19.389218826124925,21.40179337508232,12.8872,0.32300000000000001,0.87093323251623223,4596.1208892754112,4596.1208892754112
情景一阈值控制,63.487729914000241,5226.816726795113,86.744471415628141,16759.723984014832,34.789130875102082,4476.1888035539596,1644.7613277338405,2952.9600715189631,0,19.389218826124925,21.40179337508232,12.8872,0.32300000000000001,0.87017830046389799,4597.7213992528032,4597.7213992528032
情景一阈值控制,63.536274615718227,5222.294499438668,86.582720329325014,16762.650060678072,34.709048687413443,4478.0267875211548,1645.8419217531393,2953.4756281928676,0,19.389218826124925,21.40179337508232,12.8872,0.32300000000000001,0.8694254246082801,4599.3175499460067,4599.3175499460067
情景一阈值控制,63.584819317436207,5217.7846305906151,86.420339421430825,16765.568140851941,34.628930574655449,4479.8610752159911,1646.9195626855617,2953.9897759346291,0,19.389218826124925,21.40179337508232,12.8872,0.32300000000000001,0.86867460623934933,4600.9093386201912,4600.9093386201912
情景一阈值控制,63.633364019154193,5213.2871275906573,86.257335914981724,16768.478219787332,34.548776317810379,4481.6916570438516,1647.9942487772735,2954.5025139074842,0,19.389218826124925,21.40179337508232,12.8872,0.32300000000000001,0.86792584657904359,4602.4967626847574,4602.4967626847574
情景一阈值控制,63.68190872087218,5208.8019973723476,86.093717026565898,16771.380292997936,34.468585747490593,4483.5185235102936,1649.0659783714909,2955.0138413209738,0,19.389218826124925,21.40179337508232,12.8872,0.32300000000000001,0.86717914678168506,4604.0798196924643,4604.0798196924643
情景一阈值控制,63.730453422590166,5204.3292464655842,85.929489965822413,16774.274356258626,34.388358742813352,4485.3416652217884,1650.1347499078825,2955.5237574306552,0,19.389218826124925,21.40179337508232,12.8872,0.32300000000000001,0.86643450793439347,4605.6585073385377,4605.6585073385377
情景一阈值控制,63.778998124308153,5199.8688809991281,85.764661934944826,16777.16040560383,34.308095230292437,4487.1610728864398,1651.2005619219708,2956.03226153782,0,19.389218826124925,21.40179337508232,12.8872,0.32300000000000001,0.86569193105750553,4607.2328234597908,4607.2328234597908
情景一阈值控制,63.827542826026132,5195.4209067031115,85.599240128189507,16780.0384373259,34.227795182747847,4488.9767373146833,1652.2634130445306,2956.539352989204,0,19.389218826124925,21.40179337508232,12.8872,0.32300000000000001,0.86495141710499346,4608.8027660337348,4608.8027660337348
情景一阈值控制,63.876087527744119,5190.9853289115745,85.433231731388545,16782.908447973488,34.147458618232932,4490.7886494199483,1653.3233020009841,2957.0450311766995,0,19.389218826124925,21.40179337508232,12.8872,0.32300000000000001,0.86421296696488659,4610.3683331776838,4610.3683331776838
情景一阈值控制,63.924632229462105,5186.5621525650013,85.266643921467519,16785.770434349884,34.067085598978935,4492.5968002193003,1654.3802276107938,2957.5492955370664,0,19.389218826124925,21.40179337508232,12.8872,0.32300000000000001,0.86347658145969353,4611.92952314786,4611.92952314786
情景一阈值控制,63.973176931180092,5182.1513822128682,85.099483865967983,16788.624393511382,33.986676230356281,4494.4011808340592,1655.4341887868547,2958.0521455516418,0,19.389218826124925,21.40179337508232,12.8872,0.32300000000000001,0.86274226134682641,4613.4863343384968,4613.4863343384968
情景一阈值控制,64,5179.719561632859,85.006877794063058,16790.197886590675,33.942231001785785,4495.39655963525,1656.0152765048394,2958.3293853343735,0,19.389218826124925,21.40179337508232,12.8872,0.32300000000000001,0.86233740355097199,4614.3446618392127,4614.3446618392127
情景一阈值控制,64.021721632898078,5177.7530220161952,84.931758722574628,16791.470322765617,33.906230659852504,4496.2017824903915,1656.485184534884,2958.5535807460492,0,19.389218826124925,21.40179337508232,12.8872,0.32300000000000001,0.86201000731902622,4615.0387652809331,4615.0387652809331
情景一阈值控制,64.070266334616065,5173.3670757501159,84.763475638647321,16794.308219669922,33.825749076066217,4497.998596519883,1657.5332139528068,2959.0536006899029,0,19.389218826124925,21.40179337508232,12.8872,0.32300000000000001,0.86127982000479009,4616.5868146427092,4616.5868146427092
情景一阈值控制,64.118811036334051,5168.9935468064441,84.594641750758029,16797.13808202964,33.745231707718375,4499.7916143600733,1658.5782762301433,2959.5522049965198,0,19.389218826124925,21.40179337508232,12.8872,0.32300000000000001,0.86055169996879888,4618.1304812266626,4618.1304812266626
情景一阈值控制,64.167355738052038,5164.6324381962559,84.42526418423239,16799.959907896478,33.664678822678681,4501.5808275549898,1659.6203706473918,2960.0493933226221,0,19.389218826124925,21.40179337508232,12.8872,0.32300000000000001,0.8598256477123466,4619.6697639700142,4619.6697639700142
情景一阈值控制,64.215900439770024,5160.2837525524728,84.255350052696357,16802.773695566819,33.584090727007855,4503.3662277556368,1660.6594965754114,2960.5451653680439,0,19.389218826124925,21.40179337508232,12.8872,0.32300000000000001,0.85910166367377117,4621.204661943455,4621.204661943455
情景一阈值控制,64.264445141487997,5155.94749213246,84.084906457627582,16805.579443580053,33.50346776401549,4505.1478067204762,1661.6956534748003,2961.039520875433,0,19.389218826124925,21.40179337508232,12.8872,0.32300000000000001,0.85837974822888641,4622.7351743502331,4622.7351743502331
情景一阈值控制,64.312989843205983,5151.6236588206157,83.913940487911489,16808.377150716893,33.422810313333244,4506.9255563158795,1662.7288408952786,2961.5324596299592,0,19.389218826124925,21.40179337508232,12.8872,0.32300000000000001,0.85765990169141337,4624.2613005252379,4624.2613005252379
情景一阈值控制,64.36153454492397,5147.3122541309876,83.742459219402875,16811.166815997683,33.342118790003326,4508.6994685165564,1663.7590584750621,2962.0239814590141,0,19.389218826124925,21.40179337508232,12.8872,0.32300000000000001,0.85694212431341577,4625.7830399340764,4625.7830399340764
情景一阈值控制,64.410079246641956,5143.0132792098748,83.570469714491693,16813.94843868072,33.261393643581478,4510.4695354059668,1664.7863059402403,2962.5140862319131,0,19.389218826124925,21.40179337508232,12.8872,0.32300000000000001,0.85622641628573337,4627.3003921721538,4627.3003921721538
情景一阈值控制,64.458623948359943,5138.7267348384466,83.39797902167426,16816.722018260549,33.180635357254381,4512.2357491767089,1665.8105831041521,2963.0027738595991,0,19.389218826124925,21.40179337508232,12.8872,0.32300000000000001,0.85551277773841838,4628.8133569637512,4628.8133569637512
情景一阈值控制,64.507168650077929,5134.4526214353664,83.22499417512914,16819.487554466283,33.099844446972241,4513.998102130884,1666.8318898667562,2963.4900442943426,0,19.389218826124925,21.40179337508232,12.8872,0.32300000000000001,0.85480120874117094,4630.3219341610984,4630.3219341610984
情景一阈值控制,64.555713351795916,5130.190939059411,83.051522194298158,16822.245047259887,33.019021460595262,4515.7565866804434,1667.8502262140089,2963.9758975294421,0,19.389218826124925,21.40179337508232,12.8872,0.32300000000000001,0.85409170930377609,4631.8261237434508,4631.8261237434508
情景一阈值控制,64.604258053513902,5125.9416874121034,82.87757008347225,16824.994496834486,32.938166977053925,4517.5111953475171,1668.8655922172306,2964.4603335989264,0,19.389218826124925,21.40179337508232,12.8872,0.32300000000000001,0.85338427937654315,4633.325925816157,4633.325925816157
情景一阈值控制,64.652802755231889,5121.7048658403482,82.703144831382275,16827.735903612665,32.857281605523291,4519.2619207647122,1669.8779880324805,2964.9433525772506,0,19.389218826124925,21.40179337508232,12.8872,0.32300000000000001,0.85267891885074187,4634.8213406097311,4634.8213406097311
情景一阈值控制,64.701347456949875,5117.4804733390629,82.528253410795017,16830.469268244757,32.776365984610955,4521.0087556754042,1670.8874138999242,2965.4249545789999,0,19.389218826124925,21.40179337508232,12.8872,0.32300000000000001,0.85197562755904321,4636.3123684789243,4636.3123684789243
情景一阈值控制,64.749892158667848,5113.268508553826,82.352902778113915,16833.194591607131,32.695420781558525,4522.7516929340027,1671.8938701432037,2965.9051397585854,0,19.389218826124925,21.40179337508232,12.8872,0.32300000000000001,0.85127440527595777,4637.7990099017888,4637.7990099017888
情景一阈值控制,64.798436860385834,5109.0689697835114,82.177099872984741,16835.911874800484,32.614446691456138,4524.4907255061944,1672.8973571688055,2966.3839083099433,0,19.389218826124925,21.40179337508232,12.8872,0.32300000000000001,0.85057525171827708,4639.2812654787485,4639.2812654787485
情景一阈值控制,64.846981562103821,5104.8818549829402,82.00085161790679,16838.621119148142,32.533444436470035,4526.2258464691731,1673.8978754654286,2966.8612604662344,0,19.389218826124925,21.40179337508232,12.8872,0.32300000000000001,0.84987816654551207,4640.759135931663,4640.759135931663
情景一阈值控制,64.895526263821807,5100.7071617655283,81.824164917848336,16841.322326194324,32.452414765082985,4527.9570490118485,1674.8954256033514,2967.3371964995422,0,19.389218826124925,21.40179337508232,12.8872,0.32300000000000001,0.84918314936033656,4642.2326221028934,4642.2326221028934
情景一阈值控制,64.944070965539794,5096.5448874059321,81.647046659867726,16844.015497702447,32.371358451347902,4529.6843264350391,1675.8900082337998,2967.8117167205683,0,19.389218826124925,21.40179337508232,12.8872,0.32300000000000001,0.84849019970902595,4643.7017249543678,4643.7017249543678
情景一阈值控制,64.99261566725778,5092.3950288427068,81.469503712738984,16846.700635653393,32.29027629415328,4531.4076721516394,1676.8816240883111,2968.2848214783339,0,19.389218826124925,21.40179337508232,12.8872,0.32300000000000001,0.84779931708190004,4645.1664455666451,4645.1664455666451
情景一阈值控制,65,5091.7648646589596,81.442460147183397,16847.108379131714,32.277940343087785,4531.6694723736864,1677.0322029058848,2968.3566633661867,0,19.389218826124925,21.40179337508232,12.8872,0.32300000000000001,0.84769440519631289,4645.388866272071,4645.388866272071
情景一阈值控制,65.041160368975767,5088.2575826809507,81.291542926582864,16849.377742243818,32.209169116501243,4533.1270796867793,1677.8702739781027,2968.7565111598742,0,19.389218826124925,21.40179337508232,12.8872,0.32300000000000001,0.8471105009137645,4646.6267851379771,4646.6267851379771
情景一阈值控制,65.089705070693753,5084.1325451949679,81.113171132502572,16852.046819884403,32.12803776479776,4534.8425426779595,1678.8559587934367,2969.2267861899372,0,19.389218826124925,21.40179337508232,12.8872,0.32300000000000001,0.8464237505843526,4648.0827449833741,4648.0827449833741
情景一阈值控制,65.13824977241174,5080.0199123309167,80.934395142224673,16854.707871198163,32.046883108154937,4536.5540548751733,1679.8386795029849,2969.6956470306818,0,19.389218826124925,21.40179337508232,12.8872,0.32300000000000001,0.84573906541876687,4649.5343265336669,4649.5343265336669
情景一阈值控制,65.186794474129726,5075.9196797094673,80.755221747744955,16857.360899018709,31.965706037705036,4538.2616101410058,1680.8184371531959,2970.1630941813733,0,19.389218826124925,21.40179337508232,12.8872,0.32300000000000001,0.84505644468792163,4650.9815313345689,4650.9815313345689
情景一阈值控制,65.235339175847713,5071.8318426284577,80.575657720979279,16860.005906388546,31.884507465925942,4539.9652024507222,1681.795232867659,2970.6291281780818,0,19.389218826124925,21.40179337508232,12.8872,0.32300000000000001,0.84437588760898463,4652.4243610457406,4652.4243610457406
情景一阈值控制,65.2838838775657,5067.7563960655471,80.395709813419529,16862.642896557347,31.803288325978137,4541.6648258923406,1682.7690678464726,2971.0937495933795,0,19.389218826124925,21.40179337508232,12.8872,0.32300000000000001,0.84369739334581961,4653.8628174398518,4653.8628174398518
情景一阈值控制,65.332428579283686,5063.6933346808701,80.215384755794403,16865.271872980233,31.722049571053567,4543.3604746666815,1683.7399433656049,2971.5569590360378,0,19.389218826124925,21.40179337508232,12.8872,0.32300000000000001,0.84302096100942769,4655.2969024016429,4655.2969024016429
情景一阈值控制,65.380973281001658,5059.6426528196962,80.03468925773538,16867.89283931606,31.640792173734965,4545.052143087406,1684.7078607762646,2972.0187571507254,0,19.389218826124925,21.40179337508232,12.8872,0.32300000000000001,0.84234658965838982,4656.72661792699,4656.72661792699
情景一阈值控制,65.429517982719645,5055.6043445150717,79.853630007447379,16870.505799425704,31.559517125366355,4546.7398255810413,1685.6728215042656,2972.4791446177032,0,19.389218826124925,21.40179337508232,12.8872,0.32300000000000001,0.84167427829930719,4658.1519661219691,4658.1519661219691
情景一阈值控制,65.478062684437631,5051.5784034904846,79.67221367138491,16873.110757370345,31.47822543543456,4548.4235166869848,1686.6348270493907,2972.9381221525268,0,19.389218826124925,21.40179337508232,12.8872,0.32300000000000001,0.84100402588724454,4659.5729492019173,4659.5729492019173
情景一阈值控制,65.526607386155618,5047.5648231625037,79.490446893932656,16875.707717409739,31.396918130961346,4550.1032110574943,1687.5938789847626,2973.3956905057398,0,19.389218826124925,21.40179337508232,12.8872,0.32300000000000001,0.84033583132617018,4660.9895694905026,4660.9895694905026
情景一阈值控制,65.575152087873605,5043.5635966434356,79.308336297091358,16878.296684000528,31.315596255906073,4551.7789034576699,1688.549978956207,2973.8518504625736,0,19.389218826124925,21.40179337508232,12.8872,0.32300000000000001,0.83966969346939702,4662.4018294187808,4662.4018294187808
情景一阈值控制,65.623696789591591,5039.5747167439649,79.125888480168513,16880.877661794508,31.234260870578655,4553.4505887654104,1689.5031286816236,2974.3066028426465,0,19.389218826124925,21.40179337508232,12.8872,0.32300000000000001,0.83900561112002325,4663.8097315242703,4663.8097315242703
情景一阈值控制,65.672241491309578,5035.5981759758024,78.943110019474162,16883.450655636931,31.152913051062587,4555.1182619713645,1690.4533299503523,2974.7599484996622,0,19.389218826124925,21.40179337508232,12.8872,0.32300000000000001,0.83834358303137302,4665.2132784500145,4665.2132784500145
情景一阈值控制,65.720786193027564,5031.6339665543219,78.760007468021428,16886.015670564779,31.071553888648694,4556.7819181788645,1691.4005846225423,2975.211888321106,0,19.389218826124925,21.40179337508232,12.8872,0.32300000000000001,0.83768360790743512,4666.6124729436488,4666.6124729436488
情景一阈值控制,65.769330894745551,5027.6820804012059,78.576587355232107,16888.572711805071,30.990184489278228,4558.4415526038447,1692.3448946285221,2975.6624232279469,0,19.389218826124925,21.40179337508232,12.8872,0.32300000000000001,0.83702568440330383,4668.0073178564689,4668.0073178564689
情景一阈值控制,65.817875596463537,5023.7425091470714,78.392856186647236,16891.121784773171,30.908805972995989,4560.0971605747491,1693.2862619681689,2976.1115541743366,0,19.389218826124925,21.40179337508232,12.8872,0.32300000000000001,0.83636981112561559,4669.3978161425057,4669.3978161425057
情景一阈值控制,65.866420298181509,5019.8152441341153,78.208820443642438,16893.66289507104,30.827419473413073,4561.7487375324226,1694.2246887102817,2976.5592821473092,0,19.389218826124925,21.40179337508232,12.8872,0.32300000000000001,0.83571598663298963,4670.7839708575912,4670.7839708575912
情景一阈值控制,65.914964999899496,5015.9002764187289,78.024486583148061,16896.196048485592,30.74602613717915,4563.3962790299902,1695.1601769919498,2977.0056081664807,0,19.389218826124925,21.40179337508232,12.8872,0.32300000000000001,0.83506420943646353,4672.1657851584305,4672.1657851584305
情景一阈值控制,65.963509701617483,5011.9975967741311,77.839861037374661,16898.721250986939,30.664627123464374,4565.0397807327254,1696.0927290179286,2977.4505332837498,0,19.389218826124925,21.40179337508232,12.8872,0.32300000000000001,0.8344144779999314,4673.5432623016786,4673.5432623016786
情景一阈值控制,66,5009.0720973006846,77.700892718834666,16900.614175659419,30.603437717969488,4566.272513257727,1696.791782158183,2977.7840549444618,0,19.389218826124925,21.40179337508232,12.8872,0.32300000000000001,0.83392743085577559,4674.575837102645,4674.575837102645
情景一阈值控制,66.012054403335469,5008.1071956929909,77.654950213542776,16901.238508726747,30.583223603450193,4566.6792384179062,1697.0223470600117,2977.8940585830005,0,19.389218826124925,21.40179337508232,12.8872,0.32300000000000001,0.83376679074058002,4674.9164056430127,4674.9164056430127
情景一阈值控制,66.060599105053456,5004.2290633900375,77.469760493617954,16903.747828036499,30.501816759829307,4568.3146479746483,1697.9490334564059,2978.3361851798027,0,19.389218826124925,21.40179337508232,12.8872,0.32300000000000001,0.8331211460293243,4676.2852186362088,4676.2852186362088
情景一阈值控制,66.109143806771442,5000.3631898046788,77.284298234050354,16906.249215425847,30.420407786314946,4569.9460054037436,1698.8727906111073,2978.7769142211155,0,19.389218826124925,21.40179337508232,12.8872,0.32300000000000001,0.83247754219124248,4677.6497048322226,4677.6497048322226
情景一阈值控制,66.157688508489429,4996.5095646036034,77.098569765519443,16908.742677580878,30.338997887158879,4571.5733068174741,1699.7936209932782,2979.2162468849874,0,19.389218826124925,21.40179337508232,12.8872,0.32300000000000001,0.83183597750600968,4679.0098678782651,4679.0098678782651
情景一阈值控制,66.206233210207415,4992.6681771833883,76.912581392683151,16911.228221362471,30.25758827667805,4573.1965484394132,1700.7115271366251,2979.654184380262,0,19.389218826124925,21.40179337508232,12.8872,0.32300000000000001,0.83119645020833155,4680.3657115168871,4680.3657115168871
情景一阈值控制,66.254777911925402,4988.8390166730924,76.726339393932193,16913.705853804597,30.176180178789874,4574.8157266042244,1701.6265116387781,2980.0907279462817,0,19.389218826124925,21.40179337508232,12.8872,0.32300000000000001,0.83055895848837669,4681.7172395850594,4681.7172395850594
情景一阈值控制,66.303322613643388,4985.022071936849,76.539850021148823,16916.175582112635,30.094774826556172,4576.4308377574453,1702.5385771606716,2980.5258788525912,0,19.389218826124925,21.40179337508232,12.8872,0.32300000000000001,0.82992350049220831,4683.0644560132623,4683.0644560132623
情景一阈值控制,66.351867315361375,4981.2173315764567,76.353119499470552,16918.637413661723,30.013373461735412,4578.0418784552503,1703.4477264259256,2980.9596383986436,0,19.389218826124925,21.40179337508232,12.8872,0.32300000000000001,0.82929007432221447,4684.4073648245694,4684.4073648245694
情景一阈值控制,66.400412017079361,4977.4247839339523,76.166154027058539,16921.09135599506,29.931977334343216,4579.6488453642187,1704.3539622202302,2981.3920079135032,0,19.389218826124925,21.40179337508232,12.8872,0.32300000000000001,0.82865867803753823,4685.7459701337339,4685.7459701337339
情景一阈值控制,66.448956718797334,4973.6444170941959,75.978959774870646,16923.537416822266,29.850587702220846,4581.251735261083,1705.2572873907291,2981.8229887555585,0,19.389218826124925,21.40179337508232,12.8872,0.32300000000000001,0.82802930965450594,4687.0802761462874,4687.0802761462874
情景一阈值控制,66.49750142051532,4969.876218887428,75.791542886439117,16925.975604017691,29.769205830611824,4582.8505450324637,1706.1577048454067,2982.2525823122214,0,19.389218826124925,21.40179337508232,12.8872,0.32300000000000001,0.8274019671470545,4688.4102871576279,4688.4102871576279
情景一阈值控制,66.546046122233307,4966.1201768918399,75.603909477653232,16928.40592561879,29.687832991746827,4584.4452716746046,1707.0552175524761,2982.6807899996415,0,19.389218826124925,21.40179337508232,12.8872,0.32300000000000001,0.82677664844715903,4689.7360075521174,4689.7360075521174
情景一阈值控制,66.594590823951293,4962.3762784361306,75.416065636546307,16930.828389824441,29.606470464435795,4586.0359122930822,1707.9498285397663,2983.1076132624107,0,19.389218826124925,21.40179337508232,12.8872,0.32300000000000001,0.8261533514452577,4691.057441802177,4691.057441802177
情景一阈值控制,66.64313552566928,4958.6445106020456,75.228017423087366,16933.24300499331,29.525119533668008,4587.6224641025228,1708.8415408941164,2983.5330535732751,0,19.389218826124925,21.40179337508232,12.8872,0.32300000000000001,0.82553207399067574,4692.3745944673919,4692.3745944673919
情景一阈值控制,66.691680227387266,4954.9248602269327,75.039770868977527,16935.649779642208,29.443781490219763,4589.204924426298,1709.7303577607652,2983.9571124328427,0,19.389218826124925,21.40179337508232,12.8872,0.32300000000000001,0.82491281389204962,4693.6874701936076,4693.6874701936076
情景一阈值控制,66.740224929105253,4951.2173139062661,74.851331977450883,16938.048722444437,29.362457630269514,4590.7832906962112,1710.6162823427464,2984.3797913692979,0,19.389218826124925,21.40179337508232,12.8872,0.32300000000000001,0.82429556891774824,4694.9960737120446,4694.9960737120446
情景一阈值控制,66.788769630823239,4947.5218579961802,74.662706723080021,16940.439842228174,29.28114925502036,4592.357560452182,1711.4993179002865,2984.8010919381095,0,19.389218826124925,21.40179337508232,12.8872,0.32300000000000001,0.82368033679629415,4696.3004098383963,4696.3004098383963
情景一阈值控制,66.837314332541226,4943.8384786159859,74.473901051585955,16942.823147974817,29.199857670329685,4593.9277313419161,1712.3794677501987,2985.2210157217455,0,19.389218826124925,21.40179337508232,12.8872,0.32300000000000001,0.82306711521678289,4697.6004834719442,4697.6004834719442
情景一阈值控制,66.885859034259212,4940.1671616506883,74.28492087965266,16945.198648817386,29.118584186345952,4595.4938011205622,1713.2567352652866,2985.6395643293872,0,19.389218826124925,21.40179337508232,12.8872,0.32300000000000001,0.82245590182930184,4698.896299594674,4698.896299594674
情景一阈值控制,66.934403735977185,4936.5078927534869,74.095772094746167,16947.566354038878,29.037330117152912,4597.0557676503713,1714.1311238737421,2986.0567393966412,0,19.389218826124925,21.40179337508232,12.8872,0.32300000000000001,0.82184669424534673,4700.1878632703829,4700.1878632703829
情景一阈值控制,66.982948437695171,4932.860657348273,73.906460554937752,16949.926273070665,28.956096780420243,4598.613628900338,1715.002637058551,2986.4725425852575,0,19.389218826124925,21.40179337508232,12.8872,0.32300000000000001,0.82123949003823715,4701.4751796438086,4701.4751796438086
情景一阈值控制,67,4931.5824012049161,73.839926417331483,16950.753360073573,28.927568342037709,4599.1598606167727,1715.3080785666336,2986.618270217622,0,19.389218826124925,21.40179337508232,12.8872,0.32300000000000001,0.82102668158970638,4701.9263487842554,4701.9263487842554
情景一阈值控制,67.031493139413158,4929.2254406321226,73.716992088732169,16952.27841549088,28.874885497061403,4600.1673829458368,1715.8712783568985,2986.8869755828446,0,19.389218826124925,21.40179337508232,12.8872,0.32300000000000001,0.82063428674353178,4702.7582539397426,4702.7582539397426
情景一阈值控制,67.080037841131144,4925.602227577775,73.527372494899751,16954.622791022812,28.793697590898027,4601.7170279682487,1716.7370513595745,2987.3000401025847,0,19.389218826124925,21.40179337508232,12.8872,0.32300000000000001,0.82003108185944085,4704.037091462159,4704.037091462159
情景一阈值控制,67.128582542849131,4921.9910029361017,73.337607542313165,16956.959409533305,28.712534388331136,4603.2625622545829,1717.5999597103839,2987.7117378829562,0,19.389218826124925,21.40179337508232,12.8872,0.32300000000000001,0.81942987284723745,4705.3116975933399,4705.3116975933399
情景一阈值控制,67.177127244567117,4918.3917512385751,73.147702969788412,16959.288281031164,28.631397218018851,4604.8039841970867,1718.4600071055584,2988.1220706874487,0,19.389218826124925,21.40179337508232,12.8872,0.32300000000000001,0.81883065713166836,4706.5820777930076,4706.5820777930076
情景一阈值控制,67.225671946285104,4914.8044567997204,72.957664485930223,16961.609415665574,28.550287410560472,4606.341292292851,1719.3171972931693,2988.5310403042854,0,19.389218826124925,21.40179337508232,12.8872,0.32300000000000001,0.8182334321013619,4707.8482375974545,4707.8482375974545
情景一阈值控制,67.27421664800309,4911.22910371956,72.767497768981741,16963.922823724501,28.469206298186919,4607.8744851434049,1720.1715340725427,2988.9386485461432,0,19.389218826124925,21.40179337508232,12.8872,0.32300000000000001,0.81763819510923563,4709.1101826186859,4709.1101826186859
情景一阈值控制,67.322761349721077,4907.6656758860572,72.577208466678485,16966.228515633135,28.388155214457715,4609.4035614543054,1721.023021293679,2989.3448972498759,0,19.389218826124925,21.40179337508232,12.8872,0.32300000000000001,0.8170449434729028,4710.3679185435549,4710.3679185435549
情景一阈值控制,67.371306051439063,4904.1141569775373,72.386802196106501,16968.526501952303,28.307135493963898,4610.9285200347222,1721.8716628566694,2989.7497882762359,0,19.389218826124925,21.40179337508232,12.8872,0.32300000000000001,0.81645367447507511,4711.6214511329053,4711.6214511329053
情景一阈值控制,67.41985075315705,4900.57453046511,72.196284543564801,16970.816793376915,28.226148472037078,4612.4493597970068,1722.717462711121,2990.1533235096008,0,19.389218826124925,21.40179337508232,12.8872,0.32300000000000001,0.81586438536396644,4712.870786220722,4712.870786220722
情景一阈值控制,67.468395454875036,4897.046779615076,72.005661064431976,16973.099400734394,28.145195484464512,4613.9660797562674,1723.5604248555805,2990.5555048576957,0,19.389218826124925,21.40179337508232,12.8872,0.32300000000000001,0.81527707335369348,4714.1159297132763,4714.1159297132763
情景一阈值控制,67.516940156593009,4893.5308874913308,71.814937283037025,16975.374334983135,28.064277867210183,4615.4786790299213,1724.4005533369586,2990.9563342513225,0,19.389218826124925,21.40179337508232,12.8872,0.32300000000000001,0.81469173562467556,4715.3568875882811,4715.3568875882811
情景一阈值控制,67.565484858310995,4890.0268369577479,71.624118692533983,16977.64160721095,27.983396956141554,4616.9871568372591,1725.2378522499628,2991.3558136440847,0,19.389218826124925,21.40179337508232,12.8872,0.32300000000000001,0.81410836932403197,4716.5936658940473,4716.5936658940473
情景一阈值控制,67.614029560028982,4886.5346106805682,71.433210754781271,16979.901228633535,27.902554086762297,4618.4915124989884,1726.0723257365244,2991.7539450121194,0,19.389218826124925,21.40179337508232,12.8872,0.32300000000000001,0.8135269715659792,4717.8262707486438,4717.8262707486438
情景一阈值控制,67.662574261746968,4883.0541911307637,71.242218900224529,16982.153210592925,27.821750593950323,4619.9917454367715,1726.9039779852353,2992.1507303538237,0,19.389218826124925,21.40179337508232,12.8872,0.32300000000000001,0.81294753943222464,4719.0547083390593,4719.0547083390593
情景一阈值控制,67.711118963464955,4879.585560586399,71.051148527783809,16984.39756455598,27.74098781170175,4621.4878551727697,1727.7328132307816,2992.5461716895861,0,19.389218826124925,21.40179337508232,12.8872,0.32300000000000001,0.81237006997236039,4720.2789849203673,4720.2789849203673
情景一阈值控制,67.759663665182941,4876.1287011349841,70.860005004744664,16986.634302112856,27.660267072880281,4622.9798413291692,1728.5588357533845,2992.9402710615227,0,19.389218826124925,21.40179337508232,12.8872,0.32300000000000001,0.81179456020425356,4721.4991068149075,4721.4991068149075
情景一阈值控制,67.808208366900928,4872.683594675811,70.668793666653258,16988.863434975494,27.579589708971866,4624.4677036277044,1729.3820498782388,2993.3330305332038,0,19.389218826124925,21.40179337508232,12.8872,0.32300000000000001,0.81122100711443645,4722.7150804114426,4722.7150804114426
情景一阈值控制,67.856753068618914,4869.2502229222873,70.477519817215338,16991.084974976111,27.49895704984479,4625.9514418891786,1730.2024599749582,2993.7244521893931,0,19.389218826124925,21.40179337508232,12.8872,0.32300000000000001,0.81064940765849491,4723.9269121643511,4723.9269121643511
情景一阈值控制,67.905297770336901,4865.828567404249,70.286188728199321,16993.298934065697,27.418370423515046,4627.4310560329732,1731.0200704570186,2994.1145381357819,0,19.389218826124925,21.40179337508232,12.8872,0.32300000000000001,0.81007975876145299,4725.1346085928008,4725.1346085928008
情景一阈值控制,67.953842472054887,4862.4186094702791,70.094805639343065,16995.505324312533,27.337831155916874,4628.9065460765642,1731.8348857812096,2994.503290498727,0,19.389218826124925,21.40179337508232,12.8872,0.32300000000000001,0.80951205731815901,4726.3381762799363,4726.3381762799363
情景一阈值控制,68,4859.18716709212,69.912790290721546,16997.596207274855,27.26129751721475,4630.3056544797237,1732.6070445057305,2994.8716911900424,0,19.389218826124925,21.40179337508232,12.8872,0.32300000000000001,0.80897407575430214,4727.4787356957731,4727.4787356957731
情景一阈值控制,68.00238717377286,4859.0203302899963,69.903375758264588,16997.704157900684,27.257340570678437,4630.3779121350126,1732.646910447083,2994.8907114249855,0,19.389218826124925,21.40179337508232,12.8872,0.32300000000000001,0.80894630019366653,4727.5376218720685,4727.5376218720685
情景一阈值控制,68.050931875490846,4855.6337108563439,69.711904260376429,16999.89544712854,27.176899988902285,4631.8451544204736,1733.4561489964071,2995.2768030814582,0,19.389218826124925,21.40179337508232,12.8872,0.32300000000000001,0.80838248422361614,4728.7329520778658,4728.7329520778658
情景一阈值控制,68.099476577208833,4852.2587319878739,69.520396288804307,17002.079204407324,27.096510728951134,4633.3082732416806,1734.2626060126227,2995.6615676549259,0,19.389218826124925,21.40179337508232,12.8872,0.32300000000000001,0.80782060621461471,4729.9241736675485,4729.9241736675485
情景一阈值控制,68.148021278926819,4848.8953743310003,69.328856954308876,17004.255442259648,27.01617410623837,4634.7672690034369,1735.0662861203025,2996.045007351795,0,19.389218826124925,21.40179337508232,12.8872,0.32300000000000001,0.8072606629446113,4731.1112934720977,4731.1112934720977
情景一阈值控制,68.196565980644806,4845.5436183622642,69.137291335211685,17006.424173318035,26.93589143302329,4636.2221422061011,1735.8671939846101,2996.4271243978383,0,19.389218826124925,21.40179337508232,12.8872,0.32300000000000001,0.80670265116327367,4732.2943183824482,4732.2943183824482
情景一阈值控制,68.245110682362792,4842.2034443905713,68.945704477324568,17008.585410323467,26.855664018211119,4637.6728934450584,1736.6653343107664,2996.8079210379396,0,19.389218826124925,21.40179337508232,12.8872,0.32300000000000001,0.80614656759236114,4733.4732553487065,4733.4732553487065
情景一阈值控制,68.293655384080779,4838.8748325594261,68.754101393882848,17010.739166123964,26.77549316715773,4639.1195234102024,1737.460711843516,2997.1873995358392,0,19.389218826124925,21.40179337508232,12.8872,0.32300000000000001,0.80559240892609651,4734.6481113793552,4734.6481113793552
情景一阈值控制,68.342200085798765,4835.5577628491519,68.562487065482074,17012.885453673116,26.695380181478971,4640.5620328854029,1738.2533313665945,2997.5655621738811,0,19.389218826124925,21.40179337508232,12.8872,0.32300000000000001,0.80504017183153587,4735.818893540476,4735.818893540476
情景一阈值控制,68.390744787516752,4832.2522150791001,68.370866440018432,17015.024286028682,26.615326358864483,4642.0004227479685,1739.0431977022029,2997.9424112527608,0,19.389218826124925,21.40179337508232,12.8872,0.32300000000000001,0.80448985294893571,4736.9856089549639,4736.9856089549639
情景一阈值控制,68.439289489234739,4828.9581689098504,68.179244432632643,17017.155676351143,26.535332992895906,4643.4346939681145,1739.8303157104808,2998.3179490912744,0,19.389218826124925,21.40179337508232,12.8872,0.32300000000000001,0.80394144889211971,4738.1482648017554,4738.1482648017554
情景一阈值控制,68.487834190952725,4825.6756038453932,67.987625925657369,17019.279637902298,26.455401372869506,4644.8648476084154,1740.6146902889845,2998.69217802607,0,19.389218826124925,21.40179337508232,12.8872,0.32300000000000001,0.80339495624884272,4739.3068683150541,4739.3068683150541
情景一阈值控制,68.536378892670712,4822.4044992353101,67.796015768568253,17021.396184043871,26.375532783623321,4646.2908848232637,1741.3963263721678,2999.0651004114002,0,19.389218826124925,21.40179337508232,12.8872,0.32300000000000001,0.80285037158115191,4740.4614267835677,4740.4614267835677
情景一阈值控制,68.584923594388698,4819.1448342769318,67.604418777938264,17023.505328236079,26.295728505368274,4647.712806858317,1742.1752289308638,2999.4367186188724,0,19.389218826124925,21.40179337508232,12.8872,0.32300000000000001,0.80230769142574831,4741.6119475497362,4741.6119475497362
情景一阈值控制,68.63346829610667,4815.8965880174956,67.412839737395572,17025.60708403627,26.215989813523645,4649.1306150499477,1742.9514029717716,2999.8070350372077,0,19.389218826124925,21.40179337508232,12.8872,0.32300000000000001,0.80176691229434427,4742.7584380089793,4742.7584380089793
情景一阈值控制,68.682012997824657,4812.659739356277,67.221283397584628,17027.701465097529,26.136317978556548,4650.5443108246864,1743.7248535369454,3000.1760520719954,0,19.389218826124925,21.40179337508232,12.8872,0.32300000000000001,0.80122803067401915,4743.9009056089408,4743.9009056089408
情景一阈值控制,68.730557699542643,4809.4342670467277,67.029754476130961,17029.788485167286,26.05671426582569,4651.9538956986635,1744.4955857032846,3000.5437721454482,0,19.389218826124925,21.40179337508232,12.8872,0.32300000000000001,0.80069104302757488,4745.0393578487328,4745.0393578487328
情景一阈值控制,68.77910240126063,4806.2201496985826,66.838257657609006,17031.86815808597,25.977179935428953,4653.3593712770444,1745.26360458203,3000.9101976961642,0,19.389218826124925,21.40179337508232,12.8872,0.32300000000000001,0.80015594579388727,4746.1738022781938,4746.1738022781938
情景一阈值控制,68.827647102978617,4803.0173657799733,66.646797593513213,17033.940497785632,25.897716242054916,4654.7607392534628,1746.0289153182589,3001.2753311788852,0,19.389218826124925,21.40179337508232,12.8872,0.32300000000000001,0.79962273538825712,4747.304246497144,4747.304246497144
情景一阈值控制,68.876191804696603,4799.8258936195098,66.455378902232638,17036.005518288592,25.81832443483821,4656.1580014094607,1746.7915230903866,3001.6391750642579,0,19.389218826124925,21.40179337508232,12.8872,0.32300000000000001,0.7990914082027577,4748.4306981546442,4748.4306981546442
情景一阈值控制,68.92473650641459,4796.6457114083705,66.264006169028491,17038.063233706111,25.739005757218976,4657.5511596139077,1747.5514331096695,3002.0017318385981,0,19.389218826124925,21.40179337508232,12.8872,0.32300000000000001,0.79856196060658158,4749.5531649482673,4749.5531649482673
情景一阈值控制,68.973281208132576,4793.4767972023637,66.072683946015104,17040.11365823702,25.65976144680576,4658.9402158224293,1748.3086506197089,3002.3630040036537,0,19.389218826124925,21.40179337508232,12.8872,0.32300000000000001,0.79803438894638479,4750.6716546233629,4750.6716546233629
情景一阈值控制,69,4791.7374403259928,65.967404221259329,17041.239097354483,25.616177901266383,4659.7029968516335,1748.7242729424904,3002.5612994397811,0,19.389218826124925,21.40179337508232,12.8872,0.32300000000000001,0.79774481487296822,4751.2855723822713,4751.2855723822713
情景一阈值控制,69.021825909850563,4790.3191289239849,65.881416752143863,17042.156806166426,25.580592735242263,4660.3251720768367,1749.0631808959636,3002.7229940763718,0,19.389218826124925,21.40179337508232,12.8872,0.32300000000000001,0.79750868954662935,4751.7861749723352,4751.7861749723352
情景一阈值控制,69.070370611568535,4787.1726843644665,65.690209073190502,17044.192691864362,25.501500848077704,4661.7060305045397,1749.8150292452565,3003.0817045886638,0,19.389218826124925,21.40179337508232,12.8872,0.32300000000000001,0.79698485870992331,4752.8967338339207,4752.8967338339207
情景一阈值控制,69.118915313286521,4784.0374411857965,65.499065361745011,17046.221329784483,25.422487004640701,4663.0827933179708,1750.5642010052936,3003.4391380871753,0,19.389218826124925,21.40179337508232,12.8872,0.32300000000000001,0.79646289271735848,4754.0033390924691,4754.0033390924691
情景一阈值控制,69.167460015004508,4780.9133769227501,65.3079900372053,17048.242734462765,25.343552417916921,4664.4554628139986,1751.3107015441799,3003.7952971330542,0,19.389218826124925,21.40179337508232,12.8872,0.32300000000000001,0.79594278782884742,4755.1059986772343,4755.1059986772343
情景一阈值控制,69.216004716722495,4777.8004689848922,65.116987485773279,17050.256920516193,25.264698294429909,4665.8240413733465,1752.0545362599382,3004.1501843017245,0,19.389218826124925,21.40179337508232,12.8872,0.32300000000000001,0.79542454028345744,4756.2047205616627,4756.2047205616627
情景一阈值控制,69.264549418440481,4774.6986946585712,64.926062060454086,17052.263902641484,25.18592583412541,4667.1885314600004,1752.7957105800349,3004.5038021826572,0,19.389218826124925,21.40179337508232,12.8872,0.32300000000000001,0.79490814629974182,4757.2995127626918,4757.2995127626918
情景一阈值控制,69.313094120158468,4771.6080311088999,64.735218081058449,17054.263695613801,25.1072362302592,4668.5489356206181,1753.5342299609053,3004.8561533791431,0,19.389218826124925,21.40179337508232,12.8872,0.32300000000000001,0.7943936020760709,4758.3903833400482,4758.3903833400482
情景一阈值控制,69.361638821876454,4768.528455381731,64.544459834207714,17056.25631428546,25.028630669288138,4669.9052564839467,1754.2700998874834,3005.2072405080717,0,19.389218826124925,21.40179337508232,12.8872,0.32300000000000001,0.79388090379095988,4759.4773403955551,4759.4773403955551
情景一阈值控制,69.410183523594441,4765.4599444056057,64.353791573341937,17058.241773584705,24.950110330764421,4671.2574967602195,1755.0033258727331,3005.5570661997049,0,19.389218826124925,21.40179337508232,12.8872,0.32300000000000001,0.79337004760339336,4760.5603920724379,4760.5603920724379
情景一阈值控制,69.458728225312427,4762.4024749937071,64.163217518730661,17060.220088514398,24.871676387233105,4672.6056592405639,1755.7339134571841,3005.9056330974568,0,19.389218826124925,21.40179337508232,12.8872,0.32300000000000001,0.79286102965315097,4761.6395465546411,4761.6395465546411
情景一阈值控制,69.507272927030414,4759.3560238457885,63.972741857486675,17062.191274150817,24.793330004132791,4673.949746796412,1756.4618682084717,3006.2529438576721,0,19.389218826124925,21.40179337508232,12.8872,0.32300000000000001,0.79235384606112791,4762.7148120661441,4762.7148120661441
情景一阈值控制,69.5558176287484,4756.3205675500922,63.782368743582417,17064.155345642372,24.7150723396994,4675.2897623788895,1757.1871957208746,3006.5990011494096,0,19.389218826124925,21.40179337508232,12.8872,0.32300000000000001,0.79184849292965487,4763.7861968702837,4763.7861968702837
情景一阈值控制,69.604362330466387,4753.2960825852588,63.59210229786914,17066.112318208405,24.636904544873012,4676.6257090182307,1757.909901614863,3006.9438076542219,0,19.389218826124925,21.40179337508232,12.8872,0.32300000000000001,0.79134496634281559,4764.8537092690849,4764.8537092690849
情景一阈值控制,69.652907032184373,4750.2825453222213,63.401946608098854,17068.06220713794,24.558827763207614,4677.9575898231651,1758.6299915366421,3007.2873660659425,0,19.389218826124925,21.40179337508232,12.8872,0.32300000000000001,0.79084326236676239,4765.9173576025842,4765.9173576025842
情景一阈值控制,69.701451733902346,4747.2799320260883,63.211905728948928,17070.005027788484,24.48084313078396,4679.2854079803283,1759.3474711577062,3007.6296790904676,0,19.389218826124925,21.40179337508232,12.8872,0.32300000000000001,0.79034337705002944,4766.9771502481735,4766.9771502481735
情景一阈值控制,69.749996435620332,4744.2882188580106,63.021983682049118,17071.940795584804,24.402951776125192,4680.6091667536484,1760.0623461743889,3007.970749445547,0,19.389218826124925,21.40179337508232,12.8872,0.32300000000000001,0.78984530642384354,4768.0330956199359,4768.0330956199359
情景一阈值控制,69.798541137338319,4741.3073818770417,62.832184456011639,17073.869526017716,24.325154820115518,4681.9288694837487,1760.7746223074205,3008.3105798605675,0,19.389218826124925,21.40179337508232,12.8872,0.32300000000000001,0.78934904650243443,4769.0852021679875,4769.0852021679875
情景一阈值控制,69.847085839056305,4738.3373970419798,62.642512006463413,17075.791234642933,24.247453375921431,4683.2445195873388,1761.4843053014874,3008.6491730763487,0,19.389218826124925,21.40179337508232,12.8872,0.32300000000000001,0.78885459328334051,4770.1334783778366,4770.1334783778366
情景一阈值控制,69.895630540774292,4735.3782402132001,62.452970256081038,17077.705937079823,24.169848548915894,4684.5561205566146,1762.1914009247955,3008.9865318449283,0,19.389218826124925,21.40179337508232,12.8872,0.32300000000000001,0.78836194274771454,4771.1779327697241,4771.1779327697241
情景一阈值控制,69.944175242492278,4732.4298871544743,62.263563094628161,17079.613649010284,24.092341436605206,4685.8636759586461,1762.8959149686323,3009.322658929359,0,19.389218826124925,21.40179337508232,12.8872,0.32300000000000001,0.78787109086062679,4772.2185738979915,4772.2185738979915
情景一阈值控制,69.992719944210265,4729.4923135347753,62.074294378995482,17081.514386177536,24.014933128558525,4687.1671894347728,1763.5978532469394,3009.6575571034996,0,19.389218826124925,21.40179337508232,12.8872,0.32300000000000001,0.7873820335713646,4773.255410350439,4773.255410350439
情景一阈值控制,70,4729.0527052861262,62.045922677321315,17081.79883172526,24.00333309918399,4687.3623238667451,1763.7028983954649,3009.7076746558978,0,19.389218826124925,21.40179337508232,12.8872,0.32300000000000001,0.78730884608868146,4773.4105730513629,4773.4105730513629
情景一阈值控制,70.041264645928251,4726.5654949300742,61.885167933243011,17083.408164384982,23.937624706339971,4688.4666646999967,1764.2972215958803,3009.9912291518121,0,19.389218826124925,21.40179337508232,12.8872,0.32300000000000001,0.78689476681373194,4774.288450747692,4774.288450747692
情景一阈值控制,70.089809347646238,4723.6494068251159,61.696187548644829,17085.294999495058,23.860417243443326,4689.762105542376,1764.9940258734171,3010.3236778691598,0,19.389218826124925,21.40179337508232,12.8872,0.32300000000000001,0.78640928650634589,4775.3177037425767,4775.3177037425767
情景一阈值控制,70.138354049364224,4720.7440246151928,61.507356983736265,17087.174907428067,23.783311805229445,4691.053515822412,1765.6882719588871,3010.654906060603,0,19.389218826124925,21.40179337508232,12.8872,0.32300000000000001,0.78592558855293027,4776.3431780194896,4776.3431780194896
情景一阈值控制,70.186898751082197,4717.8493236079003,61.318679964363305,17089.047904161067,23.706309448865959,4692.3408994724423,1766.379965752584,3010.9849165411997,0,19.389218826124925,21.40179337508232,12.8872,0.32300000000000001,0.78544366884260952,4777.3648822937839,4777.3648822937839
情景一阈值控制,70.235443452800183,4714.9652790248711,61.130160183734205,17090.914005726729,23.629411223269432,4693.6242604960325,1767.0691131753397,3011.3137121358086,0,19.389218826124925,21.40179337508232,12.8872,0.32300000000000001,0.78496352325019625,4778.3828253111478,4778.3828253111478
情景一阈值控制,70.28398815451817,4712.0918660035195,60.941801302473841,17092.773228212227,23.552618169050131,4694.9036029673671,1767.7557201681134,3011.6412956788899,0,19.389218826124925,21.40179337508232,12.8872,0.32300000000000001,0.78448514763648236,4779.3970158470038,4779.3970158470038
情景一阈值控制,70.332532856236156,4709.2290595987461,60.753606948679703,17094.625587758113,23.475931318458994,4696.1789310306367,1768.4397926915785,3011.9676700143095,0,19.389218826124925,21.40179337508232,12.8872,0.32300000000000001,0.78400853784852254,4780.4074627058881,4780.4074627058881
情景一阈值控制,70.381077557954143,4706.3768347846544,60.565580717980453,17096.471100557232,23.399351695336996,4697.450248899434,1769.1213367257169,3012.2928379951468,0,19.389218826124925,21.40179337508232,12.8872,0.32300000000000001,0.78353368971991988,4781.4141747208632,4781.4141747208632
情景一阈值控制,70.429622259672129,4703.5351664562295,60.377726173596585,17098.309782853605,23.322880315066783,4698.7175608561383,1769.8003582694148,3012.6168024834988,0,19.389218826124925,21.40179337508232,12.8872,0.32300000000000001,0.78306059907110603,4782.4171607529133,4782.4171607529133
情景一阈值控制,70.478166961390116,4700.70402943103,60.190046846403156,17100.141650941368,23.246518184526522,4699.9808712513086,1770.4768633400595,3012.939566350291,0,19.389218826124925,21.40179337508232,12.8872,0.32300000000000001,0.78258926170962206,4783.4164296903509,4783.4164296903509
情景一阈值控制,70.526711663108102,4697.883398450851,60.002546234994746,17101.966721163666,23.170266302046095,4701.2401845030763,1771.1508579731435,3013.261132475086,0,19.389218826124925,21.40179337508232,12.8872,0.32300000000000001,0.78211967343039546,4784.4119904482295,4784.4119904482295
情景一阈值控制,70.575256364826089,4695.0732481833757,59.815227805752322,17103.785009911611,23.094125657365346,4702.4955050965327,1771.8223482218671,3013.5815037458951,0,19.389218826124925,21.40179337508232,12.8872,0.32300000000000001,0.78165183001601601,4785.4038519677624,4785.4038519677624
情景一阈值控制,70.623801066544075,4692.2735532238175,59.628094992912331,17105.596533623193,23.018097231594496,4703.7468375831204,1772.491340156748,3013.9006830589915,0,19.389218826124925,21.40179337508232,12.8872,0.32300000000000001,0.78118572723700785,4786.3920232157398,4786.3920232157398
情景一阈值控制,70.672345768262062,4689.4842880965534,59.441151198637677,17107.401308782239,22.94218199717664,4704.9941865800283,1773.1578398652296,3014.2186733187255,0,19.389218826124925,21.40179337508232,12.8872,0.32300000000000001,0.78072136085210231,4787.3765131839555,4787.3765131839555
情景一阈值控制,70.720890469980048,4686.7054272567375,59.254399793090684,17109.199351917377,22.866380917852386,4706.237556769579,1773.8218534512978,3014.5354774373368,0,19.389218826124925,21.40179337508232,12.8872,0.32300000000000001,0.78025872660850604,4788.3573308886344,4788.3573308886344
情景一阈值控制,70.769435171698021,4683.9369450919057,59.067844114508191,17110.990679600975,22.790694948626445,4707.4769528986235,1774.483387035094,3014.8510983347755,0,19.389218826124925,21.40179337508232,12.8872,0.32300000000000001,0.7797978202421687,4789.3344853698691,4789.3344853698691
情景一阈值控制,70.817979873416007,4681.1788159235639,58.881487469278063,17112.775308448123,22.715125035736161,4708.7123797779332,1775.1424467525399,3015.1655389385201,0,19.389218826124925,21.40179337508232,12.8872,0.32300000000000001,0.77933863747804699,4790.3079856910599,4790.3079856910599
情景一阈值控制,70.866524575133994,4678.4310140087709,58.695333132018334,17114.553255115628,22.639672116622108,4709.9438422815956,1775.7990387549542,3015.4788021833942,0,19.389218826124925,21.40179337508232,12.8872,0.32300000000000001,0.77888117403036805,4791.2778409383482,4791.2778409383482
情景一阈值控制,70.91506927685198,4675.6935135417052,58.50938434565753,17116.324536300966,22.564337119900543,4711.1713453464045,1776.4531692086832,3015.790891011392,0,19.389218826124925,21.40179337508232,12.8872,0.32300000000000001,0.77842542560289052,4792.244060220075,4792.244060220075
情景一阈值控制,70.963613978569967,4672.9662886552151,58.3236443215172,17118.089168741306,22.489120965337765,4712.3948939712591,1777.1048442947274,3016.1018083714989,0,19.389218826124925,21.40179337508232,12.8872,0.32300000000000001,0.77797138788916254,4793.2066526662265,4793.2066526662265
情景一阈值控制,71,4670.9288561238773,58.184564201981814,17119.407475697808,22.432822187933166,4713.309398443037,1777.5916923088926,3016.3340859321715,0,19.389218826124925,21.40179337508232,12.8872,0.32300000000000001,0.77763218916265264,4793.9257782410641,4793.9257782410641
情景一阈值控制,71.012158680287953,4670.2493134223623,58.138116239396069,17119.847169212495,22.414024563826288,4713.6144932165544,1777.7540702083738,3016.411557219516,0,19.389218826124925,21.40179337508232,12.8872,0.32300000000000001,0.77751905657277909,4794.1656274278903,4794.1656274278903
情景一阈值控制,71.06070338200594,4667.5425618579484,57.952803247655986,17121.598554528082,22.33904881736283,4714.8301482035849,1778.400853158829,3016.7201405178871,0,19.389218826124925,21.40179337508232,12.8872,0.32300000000000001,0.77706842732763548,4795.1209936767164,4795.1209936767164
情景一阈值控制,71.109248083723926,4664.8460079200368,57.76770846330966,17123.34334153833,22.264194619028117,4716.0418641139331,1779.0451993688598,3017.0275612355235,0,19.389218826124925,21.40179337508232,12.8872,0.32300000000000001,0.77661949581818113,4796.0727606043838,4796.0727606043838
情景一阈值控制,71.157792785441913,4662.1596255114491,57.582834972110007,17125.08154712923,22.189462852968443,4717.2496461888768,1779.6871150744316,3017.3338223476353,0,19.389218826124925,21.40179337508232,12.8872,0.32300000000000001,0.7761722576996688,4797.0209374220667,4797.0209374220667
情景一阈值控制,71.2063374871599,4659.4833884812633,57.398185828641218,17126.813188221575,22.114854394378892,4718.4534997287792,1780.3266065243522,3017.6389268355592,0,19.389218826124925,21.40179337508232,12.8872,0.32300000000000001,0.77572670861840343,4797.9655333599112,4797.9655333599112
情景一阈值控制,71.254882188877872,4656.8172706262876,57.213764056411527,17128.53828176995,22.040370109488251,4719.6534300924977,1780.9636799799193,3017.9428776865902,0,19.389218826124925,21.40179337508232,12.8872,0.32300000000000001,0.77528284421198845,4798.9065576665098,4798.9065576665098
情景一阈值控制,71.303426890595858,4654.1612456925332,57.029572647947219,17130.256844761829,21.96601085554553,4720.8494426967809,1781.5983417145694,3018.2456778938163,0,19.389218826124925,21.40179337508232,12.8872,0.32300000000000001,0.77484066010956976,4799.8440196083857,4799.8440196083857
情景一阈值控制,71.351971592313845,4651.515287376661,56.845614564888933,17131.968894216607,21.891777480808333,4722.04154301567,1782.2305980135302,3018.5473304559496,0,19.389218826124925,21.40179337508232,12.8872,0.32300000000000001,0.77440015193207823,4800.7779284694798,4800.7779284694798
情景一阈值控制,71.400516294031831,4648.8793693274329,56.661892738088802,17133.674447184676,21.817670824532524,4723.2297365799059,1782.8604551734754,3018.847838377164,0,19.389218826124925,21.40179337508232,12.8872,0.32300000000000001,0.77396131529246903,4801.7082935506396,4801.7082935506396
情景一阈值控制,71.449060995749818,4646.2534651471342,56.478410067709468,17135.3735207465,21.743691716963571,4724.4140289763318,1783.4879195021845,3019.1472046669323,0,19.389218826124925,21.40179337508232,12.8872,0.32300000000000001,0.77352414579596074,4802.6351241691173,4802.6351241691173
情景一阈值控制,71.497605697467804,4643.637548392996,56.295169423324538,17137.066132011689,21.669840979329454,4725.5944258472991,1784.1129973182028,3019.4454323398627,0,19.389218826124925,21.40179337508232,12.8872,0.32300000000000001,0.77308863904027125,4803.5584296580655,4803.5584296580655
情景一阈值控制,71.546150399185791,4641.0315925785981,56.112173644020444,17138.752298118103,21.596119423835024,4726.7709328900783,1784.7356949505054,3019.7425244155406,0,19.389218826124925,21.40179337508232,12.8872,0.32300000000000001,0.7726547906158503,4804.4782193660458,4804.4782193660458
情景一阈值控制,71.594695100903778,4638.4355711752669,55.929425538499792,17140.432036230948,21.52252785365787,4727.9435558562636,1785.3560187381661,3020.038483918368,0,19.389218826124925,21.40179337508232,12.8872,0.32300000000000001,0.77222259610611399,4805.3945026565343,4805.3945026565343
情景一阈值控制,71.643239802621764,4635.8494576134499,55.746927885186089,17142.105363541868,21.449067062945559,4729.1123005511881,1785.9739750300237,3020.3333138774078,0,19.389218826124925,21.40179337508232,12.8872,0.32300000000000001,0.77179205108767246,4806.3072889074319,4806.3072889074319
情景一阈值控制,71.691784504339751,4633.2732252840888,55.564683432329851,17143.772297268075,21.375737836814313,4730.2771728333291,1786.589570184359,3020.6270173262269,0,19.389218826124925,21.40179337508232,12.8872,0.32300000000000001,0.77136315113055876,4807.2165875105857,4807.2165875105857
情景一阈值控制,71.740329206057737,4630.7068475399792,55.382694898116071,17145.432854651463,21.302540951349158,4731.4381786137301,1787.2028105685677,3020.9195973027399,0,19.389218826124925,21.40179337508232,12.8872,0.32300000000000001,0.77093589179845534,4808.1224078713076,4808.1224078713076
情景一阈值控制,71.788873907775724,4628.1502976971124,55.200964970772915,17147.087052957737,21.229477173605293,4732.5953238554075,1787.8137025588396,3021.2110568490589,0,19.389218826124925,21.40179337508232,12.8872,0.32300000000000001,0.77051026864891725,4809.0247594078983,4809.0247594078983
情景一阈值控制,71.837418609493696,4625.6035490360091,55.019496308681966,17148.734909475563,21.156547261610893,4733.7486145727726,1788.4222525398402,3021.5013990113384,0,19.389218826124925,21.40179337508232,12.8872,0.32300000000000001,0.77008627723359413,4809.9236515511784,4809.9236515511784
情景一阈值控制,71.885963311211682,4623.0665748030406,54.838291540489202,17150.376441515687,21.083751964371071,4734.898056831049,1789.0284669043951,3021.7906268396268,0,19.389218826124925,21.40179337508232,12.8872,0.32300000000000001,0.76966391309845095,4810.8190937440222,4810.8190937440222
情景一阈值控制,71.934508012929669,4620.5393482117388,54.657353265217985,17152.011666410119,21.011092021873363,4736.0436567456891,1789.6323520531769,3022.0787433877163,0,19.389218826124925,21.40179337508232,12.8872,0.32300000000000001,0.7692431717839846,4811.7110954408927,4811.7110954408927
情景一阈值控制,71.983052714647656,4618.0218424440945,54.476684052382545,17153.640601511266,20.938568165094232,4737.185420481801,1790.2339143943955,3022.3657517129946,0,19.389218826124925,21.40179337508232,12.8872,0.32300000000000001,0.76882404882544153,4812.5996661073896,4812.5996661073896
情景一阈值控制,72,4617.1452482861851,54.413675033185086,17154.207795839728,20.913281774098124,4737.5831157214416,1790.4433780789313,3022.4656878579062,0,19.389218826124925,21.40179337508232,12.8872,0.32300000000000001,0.76867811043609346,4812.9090659368376,4812.9090659368376
情景一阈值控制,72.031597416365642,4615.5140306518451,54.296286442103039,17155.263264191115,20.866181116006871,4738.3233542535663,1790.8331603434892,3022.6516548762997,0,19.389218826124925,21.40179337508232,12.8872,0.32300000000000001,0.7684065397530313,4813.4848152197892,4813.4848152197892
情景一阈值控制,72.080142118083629,4613.0158859577405,54.116162945221618,17156.879671840416,20.79393158759018,4739.457464323671,1791.4300963228236,3022.9364559417718,0,19.389218826124925,21.40179337508232,12.8872,0.32300000000000001,0.76799064009213724,4814.3665522645952,4814.3665522645952
情景一阈值控制,72.128686819801615,4610.5273814568154,53.93631604341968,17158.489841867835,20.721820283839019,4740.5877570027278,1792.0247287613859,3023.2201579767138,0,19.389218826124925,21.40179337508232,12.8872,0.32300000000000001,0.76757634536352926,4815.2448867380999,4815.2448867380999
情景一阈值控制,72.177231521519602,4608.0484902176349,53.756748189336221,17160.093791699182,20.64984789977548,4741.7142386487094,1792.6170640944895,3023.5027640514445,0,19.389218826124925,21.40179337508232,12.8872,0.32300000000000001,0.76716365108356976,4816.1198281459338,4816.1198281459338
情景一阈值控制,72.225776223237588,4605.5791852835328,53.577461806687232,17161.691538776584,20.578015121461348,4742.836915666373,1793.2071087634756,3023.7842772391587,0,19.389218826124925,21.40179337508232,12.8872,0.32300000000000001,0.766752552764421,4816.9913860026345,4816.9913860026345
情景一阈值控制,72.274320924955575,4603.119439673841,53.398459290386157,17163.283100557699,20.506322626011624,4743.9557945067008,1793.7948692154223,3024.0647006157892,0,19.389218826124925,21.40179337508232,12.8872,0.32300000000000001,0.76634304591424918,4817.859569831211,4817.859569831211
情景一阈值控制,72.322865626673547,4600.6692263851046,53.219743006665489,17164.868494514929,20.434771081609203,4745.0708816663282,1794.3803519028504,3024.3440372598652,0,19.389218826124925,21.40179337508232,12.8872,0.32300000000000001,0.76593512603742708,4818.7243891627159,4818.7243891627159
情景一阈值控制,72.371410328391534,4598.2285183922868,53.041315293198956,17166.447738134648,20.363361147520436,4746.1821836869849,1794.9635632834402,3024.6222902523768,0,19.389218826124925,21.40179337508232,12.8872,0.32300000000000001,0.76552878863473395,4819.5858535358166,4819.5858535358166
情景一阈值控制,72.41995503010952,4595.7972886499601,52.863178459225416,17168.020848916411,20.29209347411199,4747.2897071549314,1795.5445098197426,3024.8994626766394,0,19.389218826124925,21.40179337508232,12.8872,0.32300000000000001,0.76512402920355482,4820.4439724963822,4820.4439724963822
情景一阈值控制,72.468499731827507,4593.3755100934914,52.685334785672943,17169.587844372207,20.220968702868387,4748.3934587004014,1796.1231979788984,3025.1755576181567,0,19.389218826124925,21.40179337508232,12.8872,0.32300000000000001,0.76472084323807699,4821.2987555970549,4821.2987555970549
情景一阈值控制,72.517044433545493,4590.9631556402073,52.507786525284303,17171.148742025696,20.149987466410799,4749.4934449970415,1796.6996342323594,3025.4505781644903,0,19.389218826124925,21.40179337508232,12.8872,0.32300000000000001,0.76431922622948478,4822.1502123968494,4822.1502123968494
情景一阈值控制,72.56558913526348,4588.5601981905565,52.330535902743151,17172.70355941146,20.079150388516673,4750.5896727613617,1797.2738250556094,3025.7245274051252,0,19.389218826124925,21.40179337508232,12.8872,0.32300000000000001,0.76391917366615225,4822.9983524607342,4822.9983524607342
情景一阈值控制,72.614133836981466,4586.1666106292569,52.153585114801146,17174.252314074263,20.008458084140305,4751.6821487521775,1797.8457769278921,3025.9974084313399,0,19.389218826124925,21.40179337508232,12.8872,0.32300000000000001,0.76352068103383441,4823.8431853592319,4823.8431853592319
情景一阈值控制,72.662678538699453,4583.7823658264306,51.976936330405941,17175.795023568309,19.937911159434346,4752.7708797700625,1798.4154963319388,3026.2692243360771,0,19.389218826124925,21.40179337508232,12.8872,0.32300000000000001,0.76312374381585679,4824.6847206680159,4824.6847206680159
情景一阈值控制,72.711223240417439,4581.4074366387304,51.800591690829926,17177.331705456509,19.86751021177221,4753.855872656799,1798.9829897536993,3026.5399782138147,0,19.389218826124925,21.40179337508232,12.8872,0.32300000000000001,0.76272835749330192,4825.522967967514,4825.522967967514
情景一阈值控制,72.759767942135426,4579.0417959104516,51.624553309799857,17178.862377309786,19.797255829771384,4754.9371342948316,1799.5482636820752,3026.8096731604405,0,19.389218826124925,21.40179337508232,12.8872,0.32300000000000001,0.76233451754519566,4826.3579368425162,4826.3579368425162
情景一阈值控制,72.808312643853412,4576.6854164746383,51.448823273627234,17180.387056706335,19.727148593317509,4756.0146716067229,1800.1113246086577,3027.0783122731232,0,19.389218826124925,21.40179337508232,12.8872,0.32300000000000001,0.76194221944869045,4827.1896368817806,4827.1896368817806
情景一阈值控制,72.856857345571399,4574.3382711541735,51.273403641339414,17181.905761230923,19.657189073589379,4757.0884915546148,1800.6721790274662,3027.345898650191,0,19.389218826124925,21.40179337508232,12.8872,0.32300000000000001,0.76155145867924667,4828.0180776776569,4828.0180776776569
情景一阈值控制,72.905402047289385,4572.0003327628619,51.098296444811481,17183.418508474198,19.587377833084702,4758.1586011396876,1801.2308334346887,3027.6124353910077,0,19.389218826124925,21.40179337508232,12.8872,0.32300000000000001,0.76116223071081379,4828.8432688256962,4828.8432688256962
情景一阈值控制,72.953946749007358,4569.6715741064954,50.92350368889889,17184.925316031982,19.517715425646717,4759.2250074016183,1801.7872943284278,3027.8779255958493,0,19.389218826124925,21.40179337508232,12.8872,0.32300000000000001,0.76077453101600745,4829.6652199242772,4829.6652199242772
情景一阈值控制,73,4567.4707943161948,50.757974234297016,17186.349315728978,19.45176635575335,4760.2332660194161,1802.3131744515936,3028.1288255659861,0,19.389218826124925,21.40179337508232,12.8872,0.32300000000000001,0.76040813767992554,4830.4420000175796,4830.4420000175796
情景一阈值控制,73.002491450725344,4567.3519679839164,50.749027351570504,17186.426201504604,19.448202396491467,4760.2877174180567,1802.3415682084469,3028.1423723657845,0,19.389218826124925,21.40179337508232,12.8872,0.32300000000000001,0.76038835506628577,4830.4839405742314,4830.4839405742314
情景一阈值控制,73.051036152443331,4565.0414871880675,50.574869384042849,17187.921182496211,19.378839282236015,4761.3467383040834,1802.8936615759201,3028.4057788025557,0,19.389218826124925,21.40179337508232,12.8872,0.32300000000000001,0.76000369833212489,4831.299440378476,4831.299440378476
情景一阈值控制,73.099580854161317,4562.7401045070255,50.401031710914481,17189.41027661409,19.309626610927204,4762.4020772116855,1803.4435809331826,3028.6681480084576,0,19.389218826124925,21.40179337508232,12.8872,0.32300000000000001,0.75962055628319114,4832.1117289416397,4832.1117289416397
情景一阈值控制,73.148125555879304,4560.44779272503,50.227516230301234,17190.89350146801,19.240564902071281,4763.4537413292273,1803.9913327834875,3028.929483086225,0,19.389218826124925,21.40179337508232,12.8872,0.32300000000000001,0.75923892438851137,4832.9208158697129,4832.9208158697129
情景一阈值控制,73.19667025759729,4558.1645246234993,50.054324813972038,17192.370874669577,19.171654666664129,4764.5017378809252,1804.5369236307617,3029.1897871389124,0,19.389218826124925,21.40179337508232,12.8872,0.32300000000000001,0.75885879811664347,4833.7267107696744,4833.7267107696744
情景一阈值控制,73.245214959315277,4555.8902729820393,49.881459307485272,17193.842413831568,19.102896407222225,4765.5460741263269,1805.0803599793653,3029.4490632697821,0,19.389218826124925,21.40179337508232,12.8872,0.32300000000000001,0.75848017293584313,4834.5294232491469,4834.5294232491469
情景一阈值控制,73.293759661033263,4553.6250105794315,49.708921530325703,17195.308136567277,19.034290617814221,4766.5867573597925,1805.6216483338549,3029.7073145821905,0,19.389218826124925,21.40179337508232,12.8872,0.32300000000000001,0.75810304431422892,4835.3289629160454,4835.3289629160454
情景一阈值控制,73.34230436275125,4551.3687101946261,49.536713276042001,17196.768060489903,18.965837784093271,4767.6237949099732,1806.160795198748,3029.9645441794733,0,19.389218826124925,21.40179337508232,12.8872,0.32300000000000001,0.75772740771994773,4836.1253393782208,4836.1253393782208
情景一阈值控制,73.390849064469222,4549.1213446077136,49.364836312384718,17198.222203211913,18.897538383329902,4768.6571941392995,1806.6978070782889,3030.2207551648376,0,19.389218826124925,21.40179337508232,12.8872,0.32300000000000001,0.75735325862133562,4836.9185622431269,4836.9185622431269
情景一阈值控制,73.439393766187209,4546.8828866008826,49.193292381444628,17199.670582344399,18.829392884445422,4769.6869624434676,1807.2326904762199,3030.4759506412506,0,19.389218826124925,21.40179337508232,12.8872,0.32300000000000001,0.75698059248707861,4837.7086411174705,4837.7086411174705
情景一阈值控制,73.487938467905195,4544.6533089593822,49.022083199791972,17201.113215496487,18.761401748046175,4770.7131072509337,1807.765451895553,3030.7301337113313,0,19.389218826124925,21.40179337508232,12.8872,0.32300000000000001,0.7566094047863724,4838.4955856068846,4838.4955856068846
情景一阈值控制,73.536483169623182,4542.4325844724644,48.851210458615647,17202.550120274704,18.693565426458122,4771.7356360223985,1808.2960978383433,3030.9833074772414,0,19.389218826124925,21.40179337508232,12.8872,0.32300000000000001,0.75623969098907795,4839.2794053155849,4839.2794053155849
情景一阈值控制,73.585027871341168,4540.2206859343087,48.680675823863169,17203.981314282395,18.625884363762129,4772.7545562503119,1808.8246348054686,3031.2354750405821,0,19.389218826124925,21.40179337508232,12.8872,0.32300000000000001,0.75587144656587801,4840.0601098460502,4840.0601098460502
情景一阈值控制,73.633572573059155,4538.0175861449561,48.510480936380908,17205.406815119106,18.558358995829721,4773.7698754583671,1809.351069296406,3031.486639502285,0,19.389218826124925,21.40179337508232,12.8872,0.32300000000000001,0.75550466698843011,4840.837708798691,4840.837708798691
情景一阈值控制,73.682117274777141,4535.8232579112137,48.340627412054758,17206.826640380015,18.490989750359411,4774.7816012009989,1809.8754078090149,3031.7368039625103,0,19.389218826124925,21.40179337508232,12.8872,0.32300000000000001,0.75513934772951885,4841.6122117715249,4841.6122117715249
情景一阈值控制,73.730661976495128,4533.6376740475644,48.171116841951189,17208.240807655322,18.423777046913568,4775.7897410628902,1810.3976568393227,3031.9859715205448,0,19.389218826124925,21.40179337508232,12.8872,0.32300000000000001,0.75477548426320651,4842.3836283598675,4842.3836283598675
情景一阈值控制,73.779206678213114,4531.4608073770551,48.001950792458636,17209.649334529691,18.356721296955744,4776.794302658479,1810.9178228813087,3032.2341452746978,0,19.389218826124925,21.40179337508232,12.8872,0.32300000000000001,0.75441307206498087,4843.1519681560067,4843.1519681560067
情景一阈值控制,73.827751379931101,4529.2926307321795,47.833130805429271,17211.052238581677,18.289822903888499,4777.795293631465,1811.4359124266953,3032.4813283222011,0,19.389218826124925,21.40179337508232,12.8872,0.32300000000000001,0.75405210661190281,4843.9172407488968,4843.9172407488968
情景一阈值控制,73.876296081649087,4527.133116955757,47.664658398321059,17212.449537383149,18.22308226309169,4778.7927216543221,1811.9519319647377,3032.7275237591107,0,19.389218826124925,21.40179337508232,12.8872,0.32300000000000001,0.75369258338275225,4844.6794557238482,4844.6794557238482
情景一阈值控制,73.924840783367074,4524.9822389017882,47.496535064340101,17213.841248498738,18.156499761961246,4779.7865944278101,1812.4658879820186,3032.9727346802065,0,19.389218826124925,21.40179337508232,12.8872,0.32300000000000001,0.7533344978581703,4845.4386226622246,4845.4386226622246
情景一阈值控制,73.973385485085061,4522.8399694363143,47.328762272583319,17215.227389485295,18.090075779948375,4780.7769196804966,1812.9777869622453,3033.2169641788964,0,19.389218826124925,21.40179337508232,12.8872,0.32300000000000001,0.75297784552080305,4846.1947511411418,4846.1947511411418
情景一阈值控制,74,4521.66911920655,47.23693054272249,17215.984980217345,18.053726404597104,4781.3183602834233,1813.257563642198,3033.3504469966583,0,19.389218826124925,21.40179337508232,12.8872,0.32300000000000001,0.75278291837560385,4846.6080106388563,4846.6080106388563
情景一阈值控制,74.021930186803047,4520.7062814382598,47.161341468181391,17216.607977891326,18.023810688599163,4781.7637051682714,1813.4876353860448,3033.4602153471201,0,19.389218826124925,21.40179337508232,12.8872,0.32300000000000001,0.75262262185544104,4846.9478507331651,4846.9478507331651
情景一阈值控制,74.070474888521019,4518.5811478002652,46.994274072441918,17217.983031256466,17.957704851594634,4782.7469586738698,1813.9954397307677,3033.7024912752522,0,19.389218826124925,21.40179337508232,12.8872,0.32300000000000001,0.75226882234915859,4847.6979310060196,4847.6979310060196
情景一阈值控制,74.119019590239006,4516.464541429511,46.827561482992685,17219.352567110942,17.891758624791152,4783.7266880064026,1814.5012064702894,3033.9437950520105,0,19.389218826124925,21.40179337508232,12.8872,0.32300000000000001,0.75191644249145062,4848.4450015223001,4848.4450015223001
情景一阈值控制,74.167564291956992,4514.3564352485391,46.661205073925558,17220.716602975037,17.825972356261335,4784.7029010008782,1815.0049420748157,3034.1841297643618,0,19.389218826124925,21.40179337508232,12.8872,0.32300000000000001,0.75156547777436933,4849.1890718391778,4849.1890718391778
情景一阈值控制,74.216108993674979,4512.2568021960506,46.495206195940071,17222.07515635858,17.760346386335197,4785.6756055177329,1815.5066530106906,3034.423498497431,0,19.389218826124925,21.40179337508232,12.8872,0.32300000000000001,0.75121592369265733,4849.9301515081215,4849.9301515081215
情景一阈值控制,74.264653695392965,4510.1656152277083,46.329566176487539,17223.428244760431,17.694881047641726,4786.6448094423695,1816.0063457402048,3034.6619043344072,0,19.389218826124925,21.40179337508232,12.8872,0.32300000000000001,0.75086777574388075,4850.6682500746119,4850.6682500746119
情景一阈值控制,74.313198397110952,4508.0828473169186,46.164286319915178,17224.775885667965,17.6295766651508,4787.6105206846896,1816.5040267214094,3034.8993503564589,0,19.389218826124925,21.40179337508232,12.8872,0.32300000000000001,0.75052102942856025,4851.4033770778678,4851.4033770778678
情景一阈值控制,74.361743098828939,4506.0084714556151,45.999367907610434,17226.118096556569,17.564433556215466,4788.5727471786313,1816.9997024079285,3035.1358396426417,0,19.389218826124925,21.40179337508232,12.8872,0.32300000000000001,0.75017568025030057,4852.1355420505697,4852.1355420505697
情景一阈值控制,74.410287800546925,4503.9424606550219,45.834812198145414,17227.454894889142,17.499452030614485,4789.5314968817156,1817.4933792487766,3035.3713752698118,0,19.389218826124925,21.40179337508232,12.8872,0.32300000000000001,0.74983172371591833,4852.8647545185886,4852.8647545185886
情景一阈值控制,74.458832502264897,4501.8847879464165,45.670620427421504,17228.786298115621,17.434632390595226,4790.4867777745858,1817.9850636881768,3035.6059603125386,0,19.389218826124925,21.40179337508232,12.8872,0.32300000000000001,0.74948915533556815,4853.5910240007152,4853.5910240007152
情景一阈值控制,74.507377203982884,4499.8354263818774,45.506793808813853,17230.112323672474,17.369974930916804,4791.4385978605578,1818.4747621653805,3035.8395978430212,0,19.389218826124925,21.40179337508232,12.8872,0.32300000000000001,0.74914797062286809,4854.3143600084022,4854.3143600084022
情景一阈值控制,74.55592190570087,4497.7943490350272,45.34333353331639,17231.432988982233,17.305479938893665,4792.3869651651721,1818.9624811144927,3036.0722909310025,0,19.389218826124925,21.40179337508232,12.8872,0.32300000000000001,0.74880816509502335,4855.0347720454956,4855.0347720454956
情景一阈值控制,74.604466607418857,4495.7615290017666,45.180240769686471,17232.748311453008,17.241147694439256,4793.3318877357397,1819.4482269642942,3036.3040426436846,0,19.389218826124925,21.40179337508232,12.8872,0.32300000000000001,0.74846973427294694,4855.7522696079786,4855.7522696079786
情景一阈值控制,74.653011309136843,4493.7369394009938,45.017516664589792,17234.058308478041,17.176978470110054,4794.2733736409064,1819.9320061380706,3036.5348560456491,0,19.389218826124925,21.40179337508232,12.8872,0.32300000000000001,0.74813267368138148,4856.46686218372,4856.46686218372
情景一阈值控制,74.70155601085483,4491.7205533753195,44.855162342745295,17235.362997435222,17.112972531149833,4795.2114309702047,1820.4138250534406,3036.7647341987722,0,19.389218826124925,21.40179337508232,12.8872,0.32300000000000001,0.74779697884901719,4857.1785592522128,4857.1785592522128
情景一阈值控制,74.750100712572817,4489.7123440917785,44.693178907070134,17236.662395686639,17.049130135534188,4796.1460678336189,1820.8936901221887,3036.9936801621484,0,19.389218826124925,21.40179337508232,12.8872,0.32300000000000001,0.74746264530861029,4857.8873702843375,4857.8873702843375
情景一阈值控制,74.798645414290803,4487.7122847425171,44.531567438824595,17237.956520578133,16.985451534015294,4797.0772923611512,1821.3716077500969,3037.2216969920073,0,19.389218826124925,21.40179337508232,12.8872,0.32300000000000001,0.74712966859709762,4858.593304742104,4858.593304742104
情景一阈值控制,74.84719011600879,4485.7203485454893,44.370328997757078,17239.245389438845,16.921936970166815,4798.0051127023808,1821.847584336781,3037.4487877416364,0,19.389218826124925,21.40179337508232,12.8872,0.32300000000000001,0.74679804425571306,4859.2963720784173,4859.2963720784173
情景一阈值控制,74.895734817726776,4483.7365087451353,44.209464622249023,17240.529019580787,16.858586680429124,4798.9295370260434,1822.3216262755295,3037.6749554613048,0,19.389218826124925,21.40179337508232,12.8872,0.32300000000000001,0.74646776783009916,4859.9965817368338,4859.9965817368338
情景一阈值控制,74.944279519444763,4481.7607386130467,44.048975329459779,17241.80742829838,16.795400894154682,4799.8505735195977,1822.7937399531399,3037.9002031981859,0,19.389218826124925,21.40179337508232,12.8872,0.32300000000000001,0.74613883487041932,4860.6939431513256,4860.6939431513256
情景一阈值控制,74.992824221162749,4479.7930114486371,43.888862115471518,17243.08063286807,16.732379833653578,4800.7682303888068,1823.2639317497649,3038.1245339962802,0,19.389218826124925,21.40179337508232,12.8872,0.32300000000000001,0.745811240931469,4861.3884657460449,4861.3884657460449
情景一阈值控制,75,4479.5028267281386,43.865226470397488,17243.268394931267,16.723078176497577,4800.90359034834,1823.3332718887598,3038.1576165145889,0,19.389218826124925,21.40179337508232,12.8872,0.32300000000000001,0.74576292998809712,4861.4908884033484,4861.4908884033484
情景一阈值控制,75.041368922880736,4477.8333005797886,43.729125955434,17244.348650547869,16.669523714239293,4801.6825158573083,1823.7322080387517,3038.3479508963428,0,19.389218826124925,21.40179337508232,12.8872,0.32300000000000001,0.74548498157278276,4862.080158935094,4862.080158935094
情景一阈值控制,75.089913624598722,4475.8815793635067,43.569767803709297,17245.611498576945,16.606832744274609,4802.5934381662037,1824.1985751864906,3038.5704569358109,0,19.389218826124925,21.40179337508232,12.8872,0.32300000000000001,0.74516005235874361,4862.7690321223017,4862.7690321223017
情景一阈值控制,75.138458326316695,4473.9378211865478,43.410788594016509,17246.869194175219,16.544307125217717,4803.5010055736411,1824.6630395522618,3038.7920551487268,0,19.389218826124925,21.40179337508232,12.8872,0.32300000000000001,0.74483644885868827,4863.4550947009884,4863.4550947009884
情景一阈值控制,75.187003028034681,4472.0019994660552,43.252189239576126,17248.121754542943,16.481947051668371,4804.4052263543972,1825.1256074880844,3039.0127485656703,0,19.389218826124925,21.40179337508232,12.8872,0.32300000000000001,0.74451416664701175,4864.1383560537543,4864.1383560537543
情景一阈值控制,75.235547729752668,4470.0740876501777,43.09397063325472,17249.36919686032,16.419752711414368,4805.3061087994729,1825.5862853385697,3039.2325402136862,0,19.389218826124925,21.40179337508232,12.8872,0.32300000000000001,0.74419320130327116,4864.8188255522564,4864.8188255522564
情景一阈值控制,75.284092431470654,4468.1540592186821,42.936133647709134,17250.611538287085,16.357724285477964,4806.2036612156862,1826.045079440773,3039.451433116214,0,19.389218826124925,21.40179337508232,12.8872,0.32300000000000001,0.74387354841228759,4865.496512556987,4865.496512556987
情景一阈值控制,75.332637133188641,4466.2418876835573,42.778679135530645,17251.848795962127,16.295861948162553,4807.0978919252639,1826.5019961240489,3039.6694302930209,0,19.389218826124925,21.40179337508232,12.8872,0.32300000000000001,0.74355520356424654,4866.1714264170696,4866.1714264170696
情景一阈值控制,75.381181834906627,4464.3375465896133,42.621607929389057,17253.080987003097,16.234165867099403,4807.9888092654419,1826.9570417099121,3039.8865347601313,0,19.389218826124925,21.40179337508232,12.8872,0.32300000000000001,0.74323816235479756,4866.8435764700434,4866.8435764700434
情景一阈值控制,75.429726536624614,4462.4410095150715,42.464920842176539,17254.308128506033,16.172636203294502,4808.8764215880683,1827.4102225118918,3040.1027495297612,0,19.389218826124925,21.40179337508232,12.8872,0.32300000000000001,0.74292242038515255,4867.5129720416535,4867.5129720416535
情景一阈值控制,75.4782712383426,4460.5522500721363,42.308618667151393,17255.530237544968,16.111273111175517,4809.7607372592083,1827.8615448353969,3040.3180776102522,0,19.389218826124925,21.40179337508232,12.8872,0.32300000000000001,0.74260797326218131,4868.1796224456493,4868.1796224456493
情景一阈值控制,75.526815940060573,4458.6712419075775,42.152702178081569,17256.747331171595,16.050076738638854,4810.6417646587479,1828.3110149775769,3040.532522006004,0,19.389218826124925,21.40179337508232,12.8872,0.32300000000000001,0.74229481659850816,4868.8435369835806,4868.8435369835806
情景一阈值控制,75.575360641778559,4456.7979587032942,41.99717212938787,17257.959426414855,15.989047227096714,4811.5195121800052,1828.7586392271887,3040.7460857174142,0,19.389218826124925,21.40179337508232,12.8872,0.32300000000000001,0.74198294601260562,4869.5047249446034,4869.5047249446034
情景一阈值控制,75.623905343496546,4454.9323741768658,41.84202925628734,17259.166540280621,15.928184711524407,4812.3939882293453,1829.2044238644603,3040.9587717408099,0,19.389218826124925,21.40179337508232,12.8872,0.32300000000000001,0.74167235712888657,4870.1631956052697,4870.1631956052697
情景一阈值控制,75.672450045214532,4453.0744620821097,41.687274274936016,17260.368689751293,15.867489320507511,4813.265201225795,1829.6483751609637,3041.1705830683877,0,19.389218826124925,21.40179337508232,12.8872,0.32300000000000001,0.74136304557779686,4870.8189582293517,4870.8189582293517
情景一阈值控制,75.720994746932519,4451.2241962096159,41.532907882571649,17261.565891785503,15.806961176289263,4814.1331596006603,1830.0904993794813,3041.3815226881534,0,19.389218826124925,21.40179337508232,12.8872,0.32300000000000001,0.74105500699590465,4871.4720220676345,4871.4720220676345
情景一阈值控制,75.769539448650505,4449.3815503872902,41.378930757656171,17262.758163317725,15.746600394817904,4814.9978717971508,1830.5308027738813,3041.591593583857,0,19.389218826124925,21.40179337508232,12.8872,0.32300000000000001,0.74074823702598991,4872.1223963577386,4872.1223963577386
情景一阈值控制,75.818084150368492,4447.5464984808714,41.225343560017969,17263.94552125796,15.686407085794107,4815.8593462700001,1830.9692915889898,3041.8007987349351,0,19.389218826124925,21.40179337508232,12.8872,0.32300000000000001,0.7404427313171319,4872.7700903239247,4872.7700903239247
情景一阈值控制,75.866628852086478,4445.7190143944581,41.072146930993725,17265.127982491376,15.626381352718438,4816.717591485095,1831.4059720604673,3042.0091411164526,0,19.389218826124925,21.40179337508232,12.8872,0.32300000000000001,0.74013848552479566,4873.4151131769195,4873.4151131769195
情景一阈值控制,75.915173553804465,4443.8990720710171,40.919341493570251,17266.30556387801,15.566523292938832,4817.5726159191072,1831.8408504146873,3042.216623699042,0,19.389218826124925,21.40179337508232,12.8872,0.32300000000000001,0.73983549531091752,4874.0574741137298,4874.0574741137298
情景一阈值控制,75.963718255522451,4442.086645492891,40.766927852525797,17267.478282252403,15.506832997698115,4818.4244280591229,1832.2739328686132,3042.4232494488469,0,19.389218826124925,21.40179337508232,12.8872,0.32300000000000001,0.73953375634398866,4874.6971823174599,4874.6971823174599
情景一阈值控制,76,4440.7369511461975,40.653271863155759,17268.351592862218,15.462330766018564,4819.058970017054,1832.5964446584815,3042.5771213958592,0,19.389218826124925,21.40179337508232,12.8872,0.32300000000000001,0.73930905461937468,4875.1735660543409,4875.1735660543409
情景一阈值控制,76.012262957240438,4440.2817086822924,40.614906594571231,17268.646154423313,15.447310552181523,4819.2730364022827,1832.7052256296829,3042.6290213274665,0,19.389218826124925,21.40179337508232,12.8872,0.32300000000000001,0.73923326429913849,4875.3342469571489,4875.3342469571489
情景一阈值控制,76.060807658958424,4438.484235701796,40.463278288490905,17269.809197173374,15.387956035564223,4820.1184494554172,1833.1347348956879,3042.8339422918971,0,19.389218826124925,21.40179337508232,12.8872,0.32300000000000001,0.73893401485821597,4875.9686771875849,4875.9686771875849
情景一阈值控制,76.109352360676411,4436.6942006548234,40.31204348528312,17270.967427258791,15.328769521058854,4820.9606757346855,1833.5624668546607,3043.0380152944795,0,19.389218826124925,21.40179337508232,12.8872,0.32300000000000001,0.73863600370987004,4876.6004821491406,4876.6004821491406
情景一阈值控制,76.157897062394397,4434.9115776861145,40.161202718300409,17272.120861409036,15.269751075963072,4821.7997237652271,1833.9884276847604,3043.2412432828432,0,19.389218826124925,21.40179337508232,12.8872,0.32300000000000001,0.73833922654962902,4877.2296709676039,4877.2296709676039
情景一阈值控制,76.20644176411237,4433.1363409822025,40.010756503389452,17273.269516326542,15.210900761707073,4822.6356020808034,1834.4126235541592,3043.4436291998536,0,19.389218826124925,21.40179337508232,12.8872,0.32300000000000001,0.73804367907997848,4877.8562527540125,4877.8562527540125
情景一阈值控制,76.254986465830356,4431.3684647718692,39.86070533903046,17274.413408686396,15.152218633901029,4823.4683192234479,1834.8350606209344,3043.6451759835586,0,19.389218826124925,21.40179337508232,12.8872,0.32300000000000001,0.73774935701043809,4878.4802366044933,4878.4802366044933
情景一阈值控制,76.303531167548343,4429.6079233266046,39.711049706476707,17275.552555136055,15.093704742382682,4824.2978837431228,1835.2557450329568,3043.8458865671382,0,19.389218826124925,21.40179337508232,12.8872,0.32300000000000001,0.73745625605763776,4879.1016316000951,4879.1016316000951
情景一阈值控制,76.352075869266329,4427.854690961055,39.561790069893178,17276.686972295058,15.035359131264713,4825.1243041973685,1835.6746829277877,3044.0457638788521,0,19.389218826124925,21.40179337508232,12.8872,0.32300000000000001,0.73716437194539197,4879.7204468066393,4879.7204468066393
情景一阈值控制,76.400620570984316,4426.1087420334616,39.412926876495192,17277.816676754737,14.977181838982201,4825.9475891509665,1836.0918804325679,3044.2448108419894,0,19.389218826124925,21.40179337508232,12.8872,0.32300000000000001,0.73687370040477296,4880.3366912745569,4880.3366912745569
情景一阈值控制,76.449165272702302,4424.3700509460959,39.264460556686515,17278.94168507792,14.919172898339973,4826.7677471755997,1836.5073436639195,3044.44303037482,0,19.389218826124925,21.40179337508232,12.8872,0.32300000000000001,0.73658423717418398,4880.950374038739,4880.950374038739
情景一阈值控制,76.497709974420289,4422.6385921456913,39.116391524197176,17280.062013798677,14.861332336559943,4827.5847868495139,1836.9210787278394,3044.6404253905453,0,19.389218826124925,21.40179337508232,12.8872,0.32300000000000001,0.73629597799942936,4881.5615041183846,4881.5615041183846
情景一阈值控制,76.546254676138275,4420.9143401238562,38.968720176220856,17281.177679422046,14.803660175328408,4828.3987167571895,1837.333091719601,3044.8369987972501,0,19.389218826124925,21.40179337508232,12.8872,0.32300000000000001,0.73600891863378526,4882.1700905168509,4882.1700905168509
情景一阈值控制,76.594799377856248,4419.1972694174992,38.821446893551972,17282.288698423745,14.746156430843273,4829.2095454890023,1837.7433887236559,3045.0327534978551,0,19.389218826124925,21.40179337508232,12.8872,0.32300000000000001,0.7357230548380691,4882.7761422215108,4882.7761422215108
情景一阈值控制,76.643344079574234,4417.4873546092249,38.67457204072209,17283.395087249926,14.688821113861154,4830.0172816409076,1838.1519758135323,3045.2276923900713,0,19.389218826124925,21.40179337508232,12.8872,0.32300000000000001,0.73543838238070636,4883.3796682036036,4883.3796682036036
情景一阈值控制,76.691888781292221,4415.7845703277471,38.528095966136455,17284.496862316912,14.631654229744569,4830.8219338141034,1838.5588590517445,3045.4218183663525,0,19.389218826124925,21.40179337508232,12.8872,0.32300000000000001,0.73515489703779824,4883.980677418097,4883.980677418097
情景一阈值控制,76.740433483010207,4414.0888912482742,38.38201900220956,17285.594040010936,14.574655778508893,4831.6235106147151,1838.9640444896941,3045.6151343138526,0,19.389218826124925,21.40179337508232,12.8872,0.32300000000000001,0.7348725945931871,4884.5791788035467,4884.5791788035467
情景一阈值控制,76.788978184728194,4412.4002920929042,38.236341465500651,17286.686636687893,14.517825754869333,4832.4220206534765,1839.3675381675791,3045.80764311438,0,19.389218826124925,21.40179337508232,12.8872,0.32300000000000001,0.73459147083852183,4885.1751812819593,4885.1751812819593
情景一阈值控制,76.83752288644618,4410.7187476310055,38.091063656848647,17287.774668673093,14.46116414828778,4833.2174725454061,1839.7693461143031,3045.9993476443533,0,19.389218826124925,21.40179337508232,12.8872,0.32300000000000001,0.73431152157332025,4885.7686937586568,4885.7686937586568
情景一阈值控制,76.886067588164167,4409.044232679591,37.946185861506692,17288.858152261022,14.404670943019577,4834.0098749095041,1840.1694743473838,3046.1902507747595,0,19.389218826124925,21.40179337508232,12.8872,0.32300000000000001,0.73403274260503282,4886.3597251221436,4886.3597251221436
情景一阈值控制,76.934612289882153,4407.3767221036896,37.801708349276261,17289.937103715089,14.348346118160224,4834.7992363684298,1840.5679288728666,3046.3803553711127,0,19.389218826124925,21.40179337508232,12.8872,0.32300000000000001,0.73375512974910362,4886.9482842439793,4886.9482842439793
情景一阈值控制,76.98315699160014,4405.7161908167081,37.657631374640815,17291.011539267402,14.292189647691965,4835.5855655481982,1840.9647156852348,3046.569664293409,0,19.389218826124925,21.40179337508232,12.8872,0.32300000000000001,0.73347867882903139,4887.5343799786442,4887.5343799786442
情景一阈值控制,77,4405.1416812473217,37.607736247114786,17291.38327180345,14.272745003382498,4835.857682353374,1841.101995736806,3046.6351612751782,0,19.389218826124925,21.40179337508232,12.8872,0.32300000000000001,0.73338303251372705,4887.737157011984,4887.737157011984
情景一阈值控制,77.031701693318126,4404.0626137807931,37.513955176898989,17292.081475118543,14.23620150053028,4836.3688710778779,1841.359840767328,3046.7581803960916,0,19.389218826124925,21.40179337508232,12.8872,0.32300000000000001,0.73320338567642818,4888.1180211634201,4888.1180211634201
情景一阈值控制,77.080246395036113,4402.4159660071782,37.370679980297375,17293.146927437319,14.180381640570255,4837.1491615892792,1841.7533100902544,3046.9459065280048,0,19.389218826124925,21.40179337508232,12.8872,0.32300000000000001,0.7329292461310789,4888.699216618259,4888.699216618259
情景一阈值控制,77.128791096754099,4400.7762225565284,37.227805994162765,17294.207912360558,14.124730026732886,4837.9264457166619,1842.1451296133112,3047.1328455323587,0,19.389218826124925,21.40179337508232,12.8872,0.32300000000000001,0.73265625604099816,4889.2779751456701,4889.2779751456701
情景一阈值控制,77.177335798472086,4399.1433585392824,37.085333413034014,17295.264445992885,14.069246613011225,4838.7007320964303,1842.5353052839014,3047.3190002466877,0,19.389218826124925,21.40179337508232,12.8872,0.32300000000000001,0.73238441126248677,4889.854305530589,4889.854305530589
情景一阈值控制,77.225880500190073,4397.5173491159894,36.943262416793345,17296.316544406498,14.013931348516453,4839.472029366847,1842.9238430374555,3047.5043735028148,0,19.389218826124925,21.40179337508232,12.8872,0.32300000000000001,0.73211370766018791,4890.4282165402701,4890.4282165402701
情景一阈值控制,77.274425201908045,4395.8981694976283,36.80159317079729,17297.364223640965,13.958784177523778,4840.2403461677304,1843.3107487973518,3047.6889681268126,0,19.389218826124925,21.40179337508232,12.8872,0.32300000000000001,0.73184414110714069,4890.9997169241642,4890.9997169241642
情景一阈值控制,77.322969903626031,4394.2857949459367,36.660325826006883,17298.407499703011,13.903805039518224,4841.0056911401725,1843.6960284748418,3047.8727869389681,0,19.389218826124925,21.40179337508232,12.8872,0.32300000000000001,0.73157570748483491,4891.5688154138097,4891.5688154138097
情景一阈值控制,77.371514605344018,4392.6802007737215,36.519460519117793,17299.446388566317,13.848993869240383,4841.7680729262456,1844.0796879689722,3048.0558327537451,0,19.389218826124925,21.40179337508232,12.8872,0.32300000000000001,0.73130840268326225,4892.135520722717,4892.135520722717
情景一阈值控制,77.420059307062004,4391.0813623451768,36.378997372689575,17300.48090617132,13.794350596731901,4842.527500168726,1844.4617331665113,3048.2381083797495,0,19.389218826124925,21.40179337508232,12.8872,0.32300000000000001,0.73104222260096952,4892.6998415462604,4892.6998415462604
情景一阈值控制,77.468604008779991,4389.4892550761815,36.238936495274586,17301.511068425003,13.739875147380886,4843.2839815108046,1844.8421699418773,3048.4196166196953,0,19.389218826124925,21.40179337508232,12.8872,0.32300000000000001,0.7307771631451081,4893.2617865615721,4893.2617865615721
情景一阈值控制,77.517148710497978,4387.9038544346013,36.099277981546386,17302.536891200718,13.685567441967203,4844.0375255958088,1845.2210041570661,3048.600360270369,0,19.389218826124925,21.40179337508232,12.8872,0.32300000000000001,0.73051322023148502,4893.8213644274347,4893.8213644274347
情景一阈值控制,77.565693412215964,4386.3251359405813,35.960021912427585,17303.558390337996,13.631427396707592,4844.7881410669288,1845.5982416615805,3048.7803421225963,0,19.389218826124925,21.40179337508232,12.8872,0.32300000000000001,0.7302503897846101,4894.378583784177,4894.378583784177
情景一阈值控制,77.614238113933951,4384.7530751668392,35.821168355217239,17304.575581642341,13.577454923300662,4845.5358365669435,1845.9738882923627,3048.959564961212,0,19.389218826124925,21.40179337508232,12.8872,0.32300000000000001,0.72998866773774596,4894.933453253575,4894.933453253575
情景一阈值控制,77.662782815651937,4383.1876477389396,35.682717363717678,17305.588480885068,13.523649928971695,4846.2806207379463,1846.3479498737256,3049.1380315650231,0,19.389218826124925,21.40179337508232,12.8872,0.32300000000000001,0.72972805003295327,4895.4859814387491,4895.4859814387491
情景一阈值控制,77.711327517369909,4381.6288293355765,35.544668978360875,17306.597103803109,13.470012316517385,4847.022502221078,1846.720432217287,3049.3157447067815,0,19.389218826124925,21.40179337508232,12.8872,0.32300000000000001,0.72946853262113798,4896.0361769240681,4896.0361769240681
情景一阈值控制,77.759872219087896,4380.0765956888445,35.407023226334054,17307.601466098855,13.416541984350275,4847.7614896562573,1847.0913411219049,3049.4927071531501,0,19.389218826124925,21.40179337508232,12.8872,0.32300000000000001,0.72921011146209636,4896.5840482750555,4896.5840482750555
情景一阈值控制,77.808416920805882,4378.5309225845058,35.269780121705189,17308.601583439962,13.363238826543244,4848.4975916819267,1847.4606823736133,3049.6689216646741,0,19.389218826124925,21.40179337508232,12.8872,0.32300000000000001,0.72895278252455953,4897.1296040382877,4897.1296040382877
情景一阈值控制,77.856961622523869,4376.9917858622493,35.132939665547582,17309.597471459194,13.310102732873633,4849.2308169347762,1847.8284617455599,3049.8443909957509,0,19.389218826124925,21.40179337508232,12.8872,0.32300000000000001,0.72869654178623622,4897.6728527413106,4897.6728527413106
情景一阈值控制,77.905506324241856,4375.4591614159508,34.996501846064056,17310.58914575426,13.25713358886733,4849.9611740494993,1848.1946849979447,3050.0191178945993,0,19.389218826124925,21.40179337508232,12.8872,0.32300000000000001,0.7284413852338566,4898.2138028925438,4898.2138028925438
情景一阈值控制,77.954051025959842,4373.9330251939191,34.860466638710633,17311.576621887642,13.204331275842636,4850.6886716585268,1848.5593578779608,3050.1931051032329,0,19.389218826124925,21.40179337508232,12.8872,0.32300000000000001,0.72818730886321281,4898.7524629811942,4898.7524629811942
情景一阈值控制,78,4372.4944482008905,34.732076215105081,17312.50744341336,13.154505926176476,4851.3746428991071,1848.9031083293289,3050.3571101191737,0,19.389218826124925,21.40179337508232,12.8872,0.32300000000000001,0.72794780965206529,4899.2602184485022,4899.2602184485022
情景一阈值控制,78.002595727677829,4372.4133531991465,34.724834006319561,17312.559915386442,13.151695670953993,4851.4133183917802,1848.9224861197345,3050.3663553574324,0,19.389218826124925,21.40179337508232,12.8872,0.32300000000000001,0.72793430867920128,4899.2888414771669,4899.2888414771669
情景一阈值控制,78.051140429395815,4370.9001214895452,34.589603899221899,17313.539041742224,13.099226647235511,4852.1351228764133,1849.2840754442686,3050.5388713867151,0,19.389218826124925,21.40179337508232,12.8872,0.32300000000000001,0.72768238069586144,4899.8229468309837,4899.8229468309837
情景一阈值控制,78.099685131113802,4369.3933061781891,34.454776255369481,17314.514016410867,13.046924073644343,4852.8540937365715,1849.6441315593861,3050.7106559143117,0,19.389218826124925,21.40179337508232,12.8872,0.32300000000000001,0.72743152093641605,4900.3547874736978,4900.3547874736978
情景一阈值控制,78.148229832831788,4367.8928834335375,34.320351000456299,17315.484854812406,12.994787815103871,4853.5702395931385,1850.0026601596742,3050.8817116571377,0,19.389218826124925,21.40179337508232,12.8872,0.32300000000000001,0.72718172543330883,4900.8843718168118,4900.8843718168118
情景一阈值控制,78.196774534549775,4366.3988294796654,34.186328048039428,17316.45157233089,12.942817732546741,4854.2835690634993,1850.3596669264307,3051.0520413257673,0,19.389218826124925,21.40179337508232,12.8872,0.32300000000000001,0.72693299022824298,4901.411708252198,4901.411708252198
情景一阈值控制,78.245319236267761,4364.9111205964846,34.052707299659261,17317.414184314246,12.891013682957665,4854.9940907612927,1850.7151575276123,3051.2216476244107,0,19.389218826124925,21.40179337508232,12.8872,0.32300000000000001,0.7266853113722167,4901.9368051520232,4901.9368051520232
情景一阈值控制,78.293863937985748,4363.4297331199614,33.919488644959273,17318.372706074126,12.839375519416087,4855.7018132961794,1851.0691376177804,3051.3905332508871,0,19.389218826124925,21.40179337508232,12.8872,0.32300000000000001,0.72643868492556107,4902.4596708686677,4902.4596708686677
情景一阈值控制,78.342408639703734,4361.95464344232,33.786671961805141,17319.32715288578,12.787903091138656,4856.4067452735972,1851.4216128380535,3051.5587008966008,0,19.389218826124925,21.40179337508232,12.8872,0.32300000000000001,0.72619310695797301,4902.9803137346544,4902.9803137346544
情景一阈值控制,78.390953341421707,4360.4858280122608,33.654257116403393,17320.277539987917,12.736596243521511,4857.1088952945356,1851.7725888160553,3051.7261532465191,0,19.389218826124925,21.40179337508232,12.8872,0.32300000000000001,0.72594857354855169,4903.4987420625748,4903.4987420625748
情景一阈值控制,78.439498043139693,4359.0232633351543,33.522243963419243,17321.223882582584,12.685454818182308,4857.8082719553004,1852.1220711658682,3051.8928929791477,0,19.389218826124925,21.40179337508232,12.8872,0.32300000000000001,0.72570508078583063,4904.0149641450162,4904.0149641450162
情景一阈值控制,78.48804274485768,4357.5669259732413,33.390632346094229,17322.166195835016,12.634478653002194,4858.504883847284,1852.470065487985,3052.0589227665091,0,19.389218826124925,21.40179337508232,12.8872,0.32300000000000001,0.7254626247678122,4904.5289882544939,4904.5289882544939
情景一阈值控制,78.536587446575666,4356.1167925458258,33.259422096362947,17323.104494873543,12.583667582167482,4859.1987395567403,1852.8165773692631,3052.2242452741202,0,19.389218826124925,21.40179337508232,12.8872,0.32300000000000001,0.72522120160199788,4905.0408226433829,4905.0408226433829
情景一阈值控制,78.585132148293653,4354.6728397294628,33.128613034969291,17324.038794789438,12.533021436211154,4859.8898476645591,1853.1616123828803,3052.3888631609716,0,19.389218826124925,21.40179337508232,12.8872,0.32300000000000001,0.72498080740542081,4905.5504755438524,4905.5504755438524
情景一阈值控制,78.633676850011639,4353.2350442581428,32.998204971582155,17324.969110636815,12.482540042054179,4860.5782167460457,1853.5051760882893,3052.5527790795049,0,19.389218826124925,21.40179337508232,12.8872,0.32300000000000001,0.72474143830467663,4906.0579551677947,4906.0579551677947
情景一阈值控制,78.682221551729626,4351.803382923471,32.868197704910507,17325.895457432511,12.432223223046623,4861.2638553707011,1853.8472740311765,3052.7159956755945,0,19.389218826124925,21.40179337508232,12.8872,0.32300000000000001,0.72450309043595218,4906.5632697067713,4906.5632697067713
情景一阈值控制,78.730766253447612,4350.3778325748399,32.738591022817893,17326.817850155971,12.382070799008574,4861.9467721020046,1854.1879117434189,3052.8785155885253,0,19.389218826124925,21.40179337508232,12.8872,0.32300000000000001,0.72426575994505549,4907.0664273319444,4907.0664273319444
情景一阈值控制,78.779310955165585,4348.9583701196061,32.609384702436358,17327.736303749127,12.332082586270868,4862.6269754971991,1854.5270947430436,3053.0403414509756,0,19.389218826124925,21.40179337508232,12.8872,0.32300000000000001,0.72402944298744432,4907.5674361940191,4907.5674361940191
情景一阈值控制,78.827855656883571,4347.5449725232465,32.480578510279578,17328.65083311632,12.282258397715536,4863.304474107078,1854.8648285341899,3053.2014758889964,0,19.389218826124925,21.40179337508232,12.8872,0.32300000000000001,0.72379413572825246,4908.066304423186,4908.066304423186
情景一阈值控制,78.876400358601558,4346.1376168095303,32.352172202355852,17329.561453124159,12.232598042816186,4863.9792764757758,1855.2011186070672,3053.3619215219942,0,19.389218826124925,21.40179337508232,12.8872,0.32300000000000001,0.72355983434231885,4908.5630401290618,4908.5630401290618
情景一阈值控制,78.924945060319544,4344.7362800606725,32.224165524279996,17330.468178601448,12.183101327678065,4864.65139114056,1855.53597043792,3053.5216809627113,0,19.389218826124925,21.40179337508232,12.8872,0.32300000000000001,0.72332653501421207,4909.0576514006316,4909.0576514006316
情景一阈值控制,78.973489762037531,4343.340939417486,32.096558211384924,17331.371024339063,12.133768055077962,4865.3208266316251,1855.8693894889909,3053.6807568172103,0,19.389218826124925,21.40179337508232,12.8872,0.32300000000000001,0.72309423393825656,4909.550146306201,4909.550146306201
情景一阈值控制,79,4342.581467728899,32.027040418749849,17331.862435364917,12.10689610647656,4865.6852770355963,1856.0508665576624,3053.7673404112738,0,19.389218826124925,21.40179337508232,12.8872,0.32300000000000001,0.72296779449762405,4909.8182069689365,4909.8182069689365
情景一阈值控制,79.022034463755517,4341.9515720795325,31.969349988832512,17332.270005089878,12.08459802450388,4865.9875914718896,1856.2013812084826,3053.8391516848556,0,19.389218826124925,21.40179337508232,12.8872,0.32300000000000001,0.72286292731855784,4910.0405328933384,4910.0405328933384
情景一阈值控制,79.070579165473504,4340.5681553052691,31.842540571723973,17333.165135568655,12.035591032194517,4866.6516941767941,1856.5319510305278,3053.9968681582982,0,19.389218826124925,21.40179337508232,12.8872,0.32300000000000001,0.72263261136902568,4910.5288191888258,4910.5288191888258
情景一阈值控制,79.11912386719149,4339.1906664121861,31.716129665209468,17334.056430451958,11.98674687117853,4867.3131432541068,1856.86110437515,3054.1539088234576,0,19.389218826124925,21.40179337508232,12.8872,0.32300000000000001,0.72240328231339879,4911.0150131986074,4911.0150131986074
情景一阈值控制,79.167668568909477,4337.8190827769477,31.590116964597275,17334.943904378062,11.938065331313586,4867.9719472037186,1857.1888466482344,3054.3102762595086,0,19.389218826124925,21.40179337508232,12.8872,0.32300000000000001,0.72217493638526675,4911.4991229077432,4911.4991229077432
情景一阈值控制,79.216213270627463,4336.4533818355221,31.464502155462203,17335.827571946869,11.889546199325203,4868.628114517458,1857.5151832414954,3054.465973038863,0,19.389218826124925,21.40179337508232,12.8872,0.32300000000000001,0.72194756982809272,4911.9811562803588,4911.9811562803588
情景一阈值控制,79.26475797234545,4335.0935410833154,31.339284913753506,17336.707447719829,11.841189258845352,4869.2816536788932,1857.840119532445,3054.6210017271601,0,19.389218826124925,21.40179337508232,12.8872,0.32300000000000001,0.72172117889523468,4912.4611212596046,4912.4611212596046
情景一阈值控制,79.313302674063436,4333.7395380752905,31.21446490590214,17337.583546219852,11.792994290450892,4869.9325731631416,1858.1636608843626,3054.7753648832445,0,19.389218826124925,21.40179337508232,12.8872,0.32300000000000001,0.72149575984996628,4912.9390257676068,4912.9390257676068
情景一阈值控制,79.361847375781423,4332.3913504260936,31.090041788927426,17338.45588193123,11.744961071701745,4870.5808814366865,1858.4858126462677,3054.9290650591611,0,19.389218826124925,21.40179337508232,12.8872,0.32300000000000001,0.72127130896549763,4913.4148777054288,4913.4148777054288
情景一阈值控制,79.410392077499409,4331.0489558101681,30.966015210543063,17339.324469299558,11.697089377178878,4871.2265869571902,1858.8065801528905,3055.0821048001344,0,19.389218826124925,21.40179337508232,12.8872,0.32300000000000001,0.72104782252499389,4913.8886849530245,4913.8886849530245
情景一阈值控制,79.458936779217382,4329.7123319618759,30.842384809262633,17340.189322731672,11.649378978522067,4871.8696981733056,1859.1259687246434,3055.2344866445601,0,19.389218826124925,21.40179337508232,12.8872,0.32300000000000001,0.72082529682159502,4914.3604553692039,4914.3604553692039
情景一阈值控制,79.507481480935368,4328.3814566755946,30.719150214504246,17341.050456595571,11.601829644467378,4872.5102235245031,1859.4439836675976,3055.3862131239903,0,19.389218826124925,21.40179337508232,12.8872,0.32300000000000001,0.72060372815843365,4914.8301967915877,4914.8301967915877
情景一阈值控制,79.556026182653355,4327.0563078058385,30.596311046694961,17341.907885220338,11.554441140884574,4873.1481714408865,1859.7606302734559,3055.5372867631222,0,19.389218826124925,21.40179337508232,12.8872,0.32300000000000001,0.72038311284865342,4915.2979170365779,4915.2979170365779
情景一阈值控制,79.604570884371341,4325.7368632673497,30.473866917374259,17342.761622896087,11.507213230814161,4873.7835503430142,1860.0759138195288,3055.6877100797865,0,19.389218826124925,21.40179337508232,12.8872,0.32300000000000001,0.72016344721542536,4915.7636238993155,4915.7636238993155
情景一阈值控制,79.653115586089328,4324.4231010352041,30.351817429297014,17343.611683873907,11.460145674504263,4874.4163686417296,1860.3898395687095,3055.8374855849343,0,19.389218826124925,21.40179337508232,12.8872,0.32300000000000001,0.71994472759196493,4916.2273251536435,4916.2273251536435
情景一阈值控制,79.701660287807314,4323.1149991449047,30.230162176535874,17344.458082365767,11.413238229447279,4875.0466347379861,1860.7024127694522,3055.98661578263,0,19.389218826124925,21.40179337508232,12.8872,0.32300000000000001,0.71972695032154732,4916.6890285520822,4916.6890285520822
情景一阈值控制,79.750204989525301,4321.8125356924738,30.108900744582982,17345.300832544493,11.366490650416326,4875.6743570226745,1861.0136386557506,3056.1351031700365,0,19.389218826124925,21.40179337508232,12.8872,0.32300000000000001,0.71951011175752366,4917.1487418257875,4917.1487418257875
情景一阈值控制,79.798749691243287,4320.51568883454,29.988032710451147,17346.139948543692,11.319902689501445,4876.2995438764583,1861.3235224471152,3056.2829502374084,0,19.389218826124925,21.40179337508232,12.8872,0.32300000000000001,0.71929420826333512,4917.6064726845234,4917.6064726845234
情景一阈值控制,79.84729439296126,4319.2244367884268,29.867557642774337,17346.97544445769,11.273474096145597,4876.9222036696028,1861.6320693485545,3056.4301594680805,0,19.389218826124925,21.40179337508232,12.8872,0.32300000000000001,0.71907923621252701,4918.0622288166351,4918.0622288166351
情景一阈值控制,79.895839094679246,4317.9387578322321,29.747475101907458,17347.807334341509,11.227204617180362,4877.5423447618141,1861.9392845505552,3056.5767333384588,0,19.389218826124925,21.40179337508232,12.8872,0.32300000000000001,0.71886519198876297,4918.5160178890137,4918.5160178890137
情景一阈值控制,79.944383796397233,4316.6586303049035,29.627784640025833,17348.635632210775,11.181093996861582,4878.1599755020743,1862.2451732290622,3056.7226743180122,0,19.389218826124925,21.40179337508232,12.8872,0.32300000000000001,0.71865207198583703,4918.9678475470746,4918.9678475470746
情景一阈值控制,79.992928498115219,4315.38403260632,29.508485801223738,17349.460352041708,11.135141976904603,4878.7751042284845,1862.5497405454616,3056.8679848692636,0,19.389218826124925,21.40179337508232,12.8872,0.32300000000000001,0.71843987260768727,4919.4177254147253,4919.4177254147253
情景一阈值控制,80,4315.1988222352193,29.491140202535988,17349.580191161229,11.128461369559208,4878.8645016860983,1862.5939968827813,3056.8890997835238,0,19.389218826124925,21.40179337508232,12.8872,0.32300000000000001,0.71840903815253465,4919.4830966663048,4919.4830966663048
情景一阈值控制,80.041473199833206,4314.1149431973572,29.389578121612441,17350.281507771051,11.089348296519377,4879.3877392681015,1862.8529916465648,3057.012667447781,0,19.389218826124925,21.40179337508232,12.8872,0.32300000000000001,0.7182285902684068,4919.8656590943456,4919.8656590943456
情景一阈值控制,80.090017901551192,4312.8513405999593,29.271061129417678,17351.099113296033,11.043712692445323,4879.9978889367849,1863.1549316645896,3057.1567245021711,0,19.389218826124925,21.40179337508232,12.8872,0.32300000000000001,0.71801822139225524,4920.3116561667612,4920.3116561667612
情景一阈值控制,80.138562603269179,4311.5932033972022,29.152934345076417,17351.913182474334,10.998234898985979,4880.6055615390433,1863.4555657171475,3057.3001584740709,0,19.389218826124925,21.40179337508232,12.8872,0.32300000000000001,0.7178087624136702,4920.7557241912182,4920.7557241912182
情景一阈值控制,80.187107304987165,4310.3405102333572,29.035197281333065,17352.723729124031,10.952914648043393,4881.2107653678786,1863.7548989072266,3057.4429717981411,0,19.389218826124925,21.40179337508232,12.8872,0.32300000000000001,0.71760020977727701,4921.1978707053677,4921.1978707053677
情景一阈值控制,80.235652006705152,4309.0932398139466,28.917849443335065,17353.530767023571,10.907751669152324,4881.8135087046385,1864.0529363231783,3057.5851669020594,0,19.389218826124925,21.40179337508232,12.8872,0.32300000000000001,0.71739255993789819,4921.6381032252375,4921.6381032252375
情景一阈值控制,80.284196708423138,4307.8513709058025,28.800890328727817,17354.334309911734,10.862745689514194,4882.4137998188653,1864.3496830387057,3057.7267462065129,0,19.389218826124925,21.40179337508232,12.8872,0.32300000000000001,0.71718580936056342,4922.0764292452186,4922.0764292452186
情景一阈值控制,80.332741410141125,4306.6148823371168,28.684319427749056,17355.134371487591,10.817896434030818,4883.0116469681516,1864.6451441128484,3057.8677121251958,0,19.389218826124925,21.40179337508232,12.8872,0.32300000000000001,0.71697995452051788,4922.5128562380442,4922.5128562380442
情景一阈值控制,80.381286111859112,4305.3837529974935,28.568136223322565,17355.930965410491,10.773203625337919,4883.6070583979981,1864.9393245899721,3058.0080670647985,0,19.389218826124925,21.40179337508232,12.8872,0.32300000000000001,0.71677499190323057,4922.9473916547704,4922.9473916547704
情景一阈值控制,80.429830813577098,4304.1579618379901,28.452340191151293,17356.7241053,10.7286669838384,4884.2000423416612,1865.2322294997573,3058.147813425006,0,19.389218826124925,21.40179337508232,12.8872,0.32300000000000001,0.71657091800440187,4923.3800429247631,4923.3800429247631
情景一阈值控制,80.478375515295085,4302.9374878711669,28.336930799809853,17357.513804735903,10.684286227735386,4884.7906070200243,1865.5238638571891,3058.2869535984928,0,19.389218826124925,21.40179337508232,12.8872,0.32300000000000001,0.71636772932997084,4923.8108174556819,4923.8108174556819
情景一阈值控制,80.526920217013057,4301.7223101711215,28.221907510836445,17358.300077258165,10.640061073065088,4885.3787606414517,1865.8142326625486,3058.4254899709167,0,19.389218826124925,21.40179337508232,12.8872,0.32300000000000001,0.71616542239612235,4924.2397226334651,4924.2397226334651
情景一阈值控制,80.575464918731043,4300.5124078735307,28.107269778824001,17359.082936366907,10.595991233729322,4885.9645114016512,1866.103340901401,3058.5634249209156,0,19.389218826124925,21.40179337508232,12.8872,0.32300000000000001,0.71596399372929187,4924.6667658223168,4924.6667658223168
情景一阈值控制,80.62400962044903,4299.3077601756831,27.993017051511032,17359.862395522377,10.552076421527984,4886.5478674835431,1866.3911935445906,3058.7007608201038,0,19.389218826124925,21.40179337508232,12.8872,0.32300000000000001,0.71576343986617341,4925.0919543646942,4925.0919543646942
情景一阈值控制,80.672554322167016,4298.1083463365094,27.879148769871566,17360.638468144945,10.508316346191121,4887.1288370571219,1866.6777955482307,3058.8375000330661,0,19.389218826124925,21.40179337508232,12.8872,0.32300000000000001,0.71556375735372291,4925.5152955812973,4925.5152955812973
情景一阈值控制,80.721099023885003,4296.9141456766156,27.765664368204607,17361.411167615082,10.464710715410876,4887.707428279331,1866.9631518536994,3058.9736449173593,0,19.389218826124925,21.40179337508232,12.8872,0.32300000000000001,0.71536494274916407,4925.9367967710587,4925.9367967710587
情景一阈值控制,80.76964372560299,4295.7251375783035,27.65256327422296,17362.180507273315,10.421259234873185,4888.2836492939259,1867.24726738763,3059.1091978235036,0,19.389218826124925,21.40179337508232,12.8872,0.32300000000000001,0.71516699261999217,4926.3564652111336,4926.3564652111336
情景一阈值控制,80.818188427320976,4294.5413014855994,27.539844909141479,17362.946500420261,10.377961608289226,4888.8575082313509,1867.530147061909,3059.2441610949836,0,19.389218826124925,21.40179337508232,12.8872,0.32300000000000001,0.71496990354397838,4926.7743081568924,4926.7743081568924
情景一阈值控制,80.866733129038963,4293.3626169042682,27.427508687764632,17363.709160316572,10.334817537426668,4889.4290132086107,1867.8117957736681,3059.3785370682454,0,19.389218826124925,21.40179337508232,12.8872,0.32300000000000001,0.71477367210917275,4927.1903328419139,4927.1903328419139
情景一阈值控制,80.915277830756949,4292.18906340184,27.31555401857355,17364.468500182938,10.291826722140684,4889.9981723291494,1868.0922184052824,3059.5123280726934,0,19.389218826124925,21.40179337508232,12.8872,0.32300000000000001,0.71457829491390745,4927.6045464779763,4927.6045464779763
情景一阈值控制,80.963822532474921,4291.0206206076164,27.203980303812457,17365.224533200082,10.248988860404751,4890.5649936827249,1868.3714198243642,3059.6455364306898,0,19.389218826124925,21.40179337508232,12.8872,0.32300000000000001,0.71438376856679942,4928.0169562550545,4928.0169562550545
情景一阈值控制,81,4290.1531614276382,27.121078456380033,17365.785816802781,10.217163646672601,4890.9858963211691,1868.5787006901821,3059.7444311421509,0,19.389218826124925,21.40179337508232,12.8872,0.32300000000000001,0.7142393509997772,4928.3231318323333,4928.3231318323333
情景一阈值控制,81.012367234192908,4289.8572682126869,27.09278693957431,17365.977272508753,10.206303648341168,4891.1294853452882,1868.6494048837633,3059.7781644575525,0,19.389218826124925,21.40179337508232,12.8872,0.32300000000000001,0.71419008968675179,4928.4275693413156,4928.4275693413156
情景一阈值控制,81.060911935910894,4288.6989859699406,26.981973315886194,17366.726731209699,10.163770780251452,4891.6916553788651,1868.9261784215614,3059.9102144615536,0,19.389218826124925,21.40179337508232,12.8872,0.32300000000000001,0.71399725490295618,4928.836392883115,4928.836392883115
情景一阈值控制,81.109456637628881,4287.5457536940721,26.871538816793795,17367.472922363693,10.121389948646421,4892.2515118314404,1869.2017452610726,3060.0416887439201,0,19.389218826124925,21.40179337508232,12.8872,0.32300000000000001,0.71380526085489415,4929.2434340049931,4929.2434340049931
情景一阈值控制,81.158001339346868,4286.3975512615834,26.761482820445416,17368.215858991498,10.079160844276075,4892.8090627368383,1869.4761102108405,3060.1725895988316,0,19.389218826124925,21.40179337508232,12.8872,0.32300000000000001,0.71361410419233717,4929.6486998096716,4929.6486998096716
情景一阈值控制,81.206546041064854,4285.2543586107922,26.651804699175344,17368.955554073902,10.037083156159278,4893.3643161146138,1869.7492780646394,3060.3029193134207,0,19.389218826124925,21.40179337508232,12.8872,0.32300000000000001,0.71342378157534758,4930.0521973780596,4930.0521973780596
情景一阈值控制,81.255090742782841,4284.1161557418263,26.54250381958666,17369.69202055168,9.9951565716131778,4893.9172799699354,1870.0212536014731,3060.4326801677739,0,19.389218826124925,21.40179337508232,12.8872,0.32300000000000001,0.7132342896742786,4930.4539337692468,4930.4539337692468
情景一阈值控制,81.303635444500827,4282.9829227166229,26.433579542633439,17370.425271325625,9.9533807762824313,4894.4679622934791,1870.2920415855758,3060.5618744349308,0,19.389218826124925,21.40179337508232,12.8872,0.32300000000000001,0.71304562516977321,4930.8539160205064,4930.8539160205064
情景一阈值控制,81.352180146218814,4281.8546396589254,26.325031223702311,17371.15531925653,9.9117554541682011,4895.016371061316,1870.5616467664131,3060.6905043808847,0,19.389218826124925,21.40179337508232,12.8872,0.32300000000000001,0.71285778475276451,4931.2521511472978,4931.2521511472978
情景一阈值控制,81.4007248479368,4280.7312867542742,26.216858212693481,17371.882177165211,9.8702802876569127,4895.5625142348063,1870.8300738786854,3060.8185722645831,0,19.389218826124925,21.40179337508232,12.8872,0.32300000000000001,0.71267076512447347,4931.6486461432687,4931.6486461432687
情景一阈值控制,81.449269549654787,4279.6128442499939,26.109059854101162,17372.605857832503,9.8289549575488167,4896.1063997604961,1871.0973276423269,3060.9460803379311,0,19.389218826124925,21.40179337508232,12.8872,0.32300000000000001,0.71248456299640728,4932.0434079802581,4932.0434079802581
情景一阈值控制,81.497814251372773,4278.4992924551898,26.001635487093335,17373.326373999265,9.7877791430863006,4896.6480355700096,1871.3634127625123,3061.0730308457892,0,19.389218826124925,21.40179337508232,12.8872,0.32300000000000001,0.71229917509035856,4932.4364436083015,4932.4364436083015
情景一阈值控制,81.54635895309076,4277.3906117407223,25.894584445591015,17374.043738366396,9.7467525219820068,4897.1874295799498,1871.6283339296572,3061.1994260259776,0,19.389218826124925,21.40179337508232,12.8872,0.32300000000000001,0.71211459813840094,4932.827759955635,4932.827759955635
情景一阈值控制,81.594903654808732,4276.2867825392013,25.787906058346913,17374.75796359485,9.7058747704467176,4897.7245896917966,1871.892095819424,3061.3252681092781,0,19.389218826124925,21.40179337508232,12.8872,0.32300000000000001,0.71193082888288872,4933.2173639287021,4933.2173639287021
情景一阈值控制,81.643448356526719,4275.1877853449578,25.681599649023358,17375.469062305634,9.6651455632169743,4898.2595237918085,1872.1547030927254,3061.4505593194353,0,19.389218826124925,21.40179337508232,12.8872,0.32300000000000001,0.71174786407645152,4933.6052624121603,4933.6052624121603
情景一阈值控制,81.691993058244705,4274.0936007140299,25.575664536269933,17376.177047079836,9.6245645735825835,4898.7922397509237,1872.4161603957298,3061.5753018731584,0,19.389218826124925,21.40179337508232,12.8872,0.32300000000000001,0.71156570048199186,4933.9914622688884,4933.9914622688884
情景一阈值控制,81.740537759962692,4273.0042092641352,25.470100033800257,17376.881930458629,9.5841314734138106,4899.3227454246662,1872.6764723598671,3061.6994979801252,0,19.389218826124925,21.40179337508232,12.8872,0.32300000000000001,0.71138433487268138,4934.3759703399919,4934.3759703399919
情景一阈值控制,81.789082461680678,4271.9195916746457,25.364905450468296,17377.583724943292,9.5438459331883863,4899.8510486530495,1872.9356436018345,3061.8231498429836,0,19.389218826124925,21.40179337508232,12.8872,0.32300000000000001,0.71120376403195595,4934.7587934448184,4934.7587934448184
情景一阈值控制,81.837627163398665,4270.8397286865638,25.260080090344097,17378.282442995231,9.5037076220182914,4900.3771572604865,1873.1936787236023,3061.9462596573576,0,19.389218826124925,21.40179337508232,12.8872,0.32300000000000001,0.71102398475351181,4935.1399383809603,4935.1399383809603
情景一阈值控制,81.886171865116651,4269.7646011024881,25.155623252788903,17378.978097035997,9.463716207676331,4900.9010790556931,1873.4505823124234,3062.0688296118469,0,19.389218826124925,21.40179337508232,12.8872,0.32300000000000001,0.71084499384129995,4935.5194119242706,4935.5194119242706
情景一阈值控制,81.934716566834638,4268.6941897865827,25.051534232529743,17379.670699447302,9.4238713566224881,4901.4228218316066,1873.7063589408383,3062.1908618880329,0,19.389218826124925,21.40179337508232,12.8872,0.32300000000000001,0.71066678810952133,4935.8972208288715,4935.8972208288715
情景一阈值控制,81.983261268552624,4267.6284756645464,24.947812319733398,17380.360262571041,9.3841727340300665,4901.9423933652915,1873.9610131666841,3062.3123586604825,0,19.389218826124925,21.40179337508232,12.8872,0.32300000000000001,0.71048936438262078,4936.2733718271666,4936.2733718271666
情景一阈值控制,82,4267.2620916660699,24.912132882280737,17380.597328862325,9.3705180676840989,4902.1210451762836,1874.0485612544544,3062.354128279906,0,19.389218826124925,21.40179337508232,12.8872,0.32300000000000001,0.71042836752319838,4936.4026895343604,4936.4026895343604
情景一阈值控制,82.031805970270597,4266.5674397235734,24.844456800079868,17381.046798709325,9.3446200038116078,4902.45980141785,1874.2145495331035,3062.4333220967501,0,19.389218826124925,21.40179337508232,12.8872,0.32300000000000001,0.71031271949528163,4936.6478716298534,4936.6478716298534
情景一阈值控制,82.080350671988583,4265.5110630123154,24.741466954835076,17381.730320124498,9.3052128286445637,4902.9750537343489,1874.466972568554,3062.5537543573864,0,19.389218826124925,21.40179337508232,12.8872,0.32300000000000001,0.71013685029241869,4937.0207269259408,4937.0207269259408
情景一阈值控制,82.12889537370657,4264.4593266408465,24.638842060923324,17382.410839039156,9.265950869996848,4903.4881580437204,1874.7182867868162,3062.6736575959367,0,19.389218826124925,21.40179337508232,12.8872,0.32300000000000001,0.70996175362917258,4937.3919443827526,4937.3919443827526
情景一阈值控制,82.177440075424556,4263.4122117806128,24.53658139099889,17383.088367636185,9.2268337881520868,4903.9991220586935,1874.968496687005,3062.7930339589516,0,19.389218826124925,21.40179337508232,12.8872,0.32300000000000001,0.70978742637090131,4937.7615306459566,4937.7615306459566
情景一阈值控制,82.225984777142543,4262.3696996643985,24.434684213517194,17383.76291805879,9.1878612422346766,4904.5079534757024,1875.2176067535788,3062.9118855859879,0,19.389218826124925,21.40179337508232,12.8872,0.32300000000000001,0.70961386539317473,4938.1294923395672,4938.1294923395672
情景一阈值控制,82.274529478860529,4261.3317715862731,24.333149792805379,17384.434502410513,9.1490328902346523,4905.0146599748159,1875.4656214563529,3063.0302146096155,0,19.389218826124925,21.40179337508232,12.8872,0.32300000000000001,0.70944106758176551,4938.4958360659684,4938.4958360659684
情景一阈值控制,82.323074180578516,4260.2984089015463,24.231977389132318,17385.103132755277,9.1103483890323158,4905.5192492196538,1875.7125452505072,3063.1480231554228,0,19.389218826124925,21.40179337508232,12.8872,0.32300000000000001,0.70926902983264217,4938.8605684059303,4938.8605684059303
情景一阈值控制,82.371618882296502,4259.26959302672,24.131166258778077,17385.76882111741,9.071807394422688,4906.0217288573112,1875.9583825766008,3063.2653133420231,0,19.389218826124925,21.40179337508232,12.8872,0.32300000000000001,0.70909774905196032,4939.2236959186239,4939.2236959186239
情景一阈值控制,82.420163584014489,4258.2453054394364,24.030715654102814,17386.431579481676,9.0334095611397096,4906.5221065182859,1876.2031378605832,3063.3820872810575,0,19.389218826124925,21.40179337508232,12.8872,0.32300000000000001,0.70892722215605442,4939.5852251416409,4939.5852251416409
情景一阈值控制,82.468708285732475,4257.2255276784226,23.930624823615126,17387.09141979332,8.9951545428802699,4907.0203898164045,1876.4468155138075,3063.4983470772045,0,19.389218826124925,21.40179337508232,12.8872,0.32300000000000001,0.7087574460714291,4939.9451625910115,4939.9451625910115
情景一阈值控制,82.517252987450462,4256.2102413434413,23.830893012039844,17387.74835395809,8.9570419923280014,4907.5165863487455,1876.6894199330418,3063.6140948281836,0,19.389218826124925,21.40179337508232,12.8872,0.32300000000000001,0.70858841773474968,4940.3035147612254,4940.3035147612254
情景一阈值控制,82.565797689168448,4255.1994280952276,23.73151946038525,17388.40239384228,8.9190715611768869,4908.0107036955733,1876.9309555004854,3063.7293326247627,0,19.389218826124925,21.40179337508232,12.8872,0.32300000000000001,0.70842013409283289,4940.6602881252484,4940.6602881252484
情景一阈值控制,82.614342390886435,4254.1930696554373,23.632503406009796,17389.053551272773,8.8812429001546445,4908.5027494202695,1877.17142658378,3063.844062550766,0,19.389218826124925,21.40179337508232,12.8872,0.32300000000000001,0.70825259210263736,4941.0154891345464,4941.0154891345464
情景一阈值控制,82.662887092604421,4253.1911478065831,23.533844082688226,17389.701838037072,8.8435556590459132,4908.9927310692565,1877.4108375360252,3063.9582866830779,0,19.389218826124925,21.40179337508232,12.8872,0.32300000000000001,0.70808578873125372,4941.3691242191035,4941.3691242191035
情景一阈值控制,82.711431794322394,4252.1936443919731,23.435540720677224,17390.347265883338,8.8060094867152419,4909.4806561719424,1877.649192695794,3064.0720070916532,0,19.389218826124925,21.40179337508232,12.8872,0.32300000000000001,0.70791972095589395,4941.7211997874474,4941.7211997874474
情景一阈值控制,82.75997649604038,4251.2005413156503,23.337592546780339,17390.989846520439,8.7686040311298292,4909.9665322406463,1877.8864963871472,3064.1852258395215,0,19.389218826124925,21.40179337508232,12.8872,0.32300000000000001,0.70775438576388117,4942.0717222266685,4942.0717222266685
情景一阈值控制,82.808521197758367,4250.2118205423249,23.239998784412681,17391.629591617984,8.7313389393821588,4910.4503667705376,1878.1227529196469,3064.2979449827972,0,19.389218826124925,21.40179337508232,12.8872,0.32300000000000001,0.70758978015263896,4942.4206979024439,4942.4206979024439
情景一阈值控制,82.857065899476353,4249.2274640973119,23.142758653664782,17392.266512806382,8.6942138577123185,4910.9321672395718,1878.3579665883769,3064.4101665706844,0,19.389218826124925,21.40179337508232,12.8872,0.32300000000000001,0.70742590112968007,4942.7681331590611,4942.7681331590611
情景一阈值控制,82.90561060119434,4248.2474540664571,23.045871371366079,17392.900621676858,8.6572284315301875,4911.4119411084321,1878.5921416739538,3064.5218926454868,0,19.389218826124925,21.40179337508232,12.8872,0.32300000000000001,0.70726274571259518,4943.1140343194402,4943.1140343194402
情景一阈值控制,82.954155302912326,4247.2717725960738,22.949336151147804,17393.531929781522,8.6203823054374045,4911.8896958204659,1878.8252824425476,3064.6331252426148,0,19.389218826124925,21.40179337508232,12.8872,0.32300000000000001,0.70710031092904135,4943.4584076851625,4943.4584076851625
情景一阈值控制,83,4246.3543155868656,22.858492640377509,17394.125564141887,8.5857130946706413,4912.3390311908452,1879.0445103758141,3064.7377199581911,0,19.389218826124925,21.40179337508232,12.8872,0.32300000000000001,0.70694756955264515,4943.7822303340054,4943.7822303340054
情景一阈值控制,83.002700004630313,4246.3004018928659,22.853152203505374,17394.160448633396,8.5836751232491348,4912.365438801623,1879.0573931458962,3064.7438663905937,0,19.389218826124925,21.40179337508232,12.8872,0.32300000000000001,0.70693859381672997,4943.8012595364899,4943.8012595364899
情景一阈值控制,83.051244706348299,4245.3333242238614,22.757318735860245,17394.786189706498,8.5471065280156306,4912.8391774604088,1879.2884780213246,3064.8541181110718,0,19.389218826124925,21.40179337508232,12.8872,0.32300000000000001,0.70677759142341534,4944.1425961323966,4944.1425961323966
情景一阈值控制,83.099789408066272,4244.3705219163348,22.661834952621255,17395.40916443583,8.5106761620436302,4913.310919187812,1879.5185412917613,3064.9638824188278,0,19.389218826124925,21.40179337508232,12.8872,0.32300000000000001,0.70661730080688168,4944.4824237105895,4944.4824237105895
情景一阈值控制,83.148334109784258,4243.4119773577286,22.566700055245313,17396.029384217487,8.4743836669174772,4913.7806713572636,1879.7475871657562,3065.0731613217827,0,19.389218826124925,21.40179337508232,12.8872,0.32300000000000001,0.70645771903493049,4944.8207484875384,4944.8207484875384
情景一阈值控制,83.196878811502245,4242.4576729955852,22.471913242297838,17396.646860408666,8.4382286835201654,4914.2484413245738,1879.9756198374998,3065.1819568210044,0,19.389218826124925,21.40179337508232,12.8872,0.32300000000000001,0.70629884318536829,4945.1575766585047,4945.1575766585047
情景一阈值控制,83.245423513220231,4241.5075913374585,22.377473709512412,17397.261604327734,8.402210852054079,4914.7142364278834,1880.2026434868421,3065.2902709107207,0,19.389218826124925,21.40179337508232,12.8872,0.32300000000000001,0.70614067034599315,4945.4929143975623,4945.4929143975623
情景一阈值控制,83.293968214938218,4240.5617149508425,22.283380649850056,17397.873627254281,8.3663298120615881,4915.1780639876106,1880.4286622793111,3065.3981055783238,0,19.389218826124925,21.40179337508232,12.8872,0.32300000000000001,0.70598319761458184,4945.8267678576349,4945.8267678576349
情景一阈值控制,83.342512916656204,4239.6200264630816,22.189633253557929,17398.482940429156,8.3305852024454499,4915.6399313064003,1880.653680366132,3065.5054628043845,0,19.389218826124925,21.40179337508232,12.8872,0.32300000000000001,0.70582642209887547,4946.1591431705165,4946.1591431705165
情景一阈值控制,83.391057618374191,4238.6825085612973,22.096230708227569,17399.089555054554,8.2949766614890041,4916.0998456690759,1880.8777018842475,3065.6123445626581,0,19.389218826124925,21.40179337508232,12.8872,0.32300000000000001,0.70567034091656677,4946.4900464469056,4946.4900464469056
情景一阈值控制,83.439602320092177,4237.7491439922978,22.003172198852585,17399.693482294027,8.2595038268761929,4916.557814342591,1881.100730956337,3065.7187528200952,0,19.389218826124925,21.40179337508232,12.8872,0.32300000000000001,0.70551495119528551,4946.8194837764322,4946.8194837764322
情景一阈值控制,83.488147021810164,4236.8199155624934,21.910456907885838,17400.294733272574,8.2241663357113666,4917.0138445759803,1881.3227716908384,3065.8246895368511,0,19.389218826124925,21.40179337508232,12.8872,0.32300000000000001,0.70536025007258407,4947.1474612276897,4947.1474612276897
情景一阈值控制,83.536691723528151,4235.8948061378142,21.818084015296169,17400.893319076677,8.1889638245389325,4917.467943600318,1881.5438281819679,3065.9301566662971,0,19.389218826124925,21.40179337508232,12.8872,0.32300000000000001,0.70520623469592392,4947.473984848265,4947.473984848265
情景一阈值控制,83.585236425246137,4234.9737986436166,21.726052698624546,17401.48925075437,8.153895929362788,4917.9201186286691,1881.7639045097405,3066.0351561550278,0,19.389218826124925,21.40179337508232,12.8872,0.32300000000000001,0.70505290222266026,4947.7990606647681,4947.7990606647681
情景一阈值控制,83.633781126964124,4234.0568760645974,21.63436213303978,17402.082539315292,8.1189622856655692,4918.3703768560472,1881.9830047399923,3066.1396899428732,0,19.389218826124925,21.40179337508232,12.8872,0.32300000000000001,0.7049002498200273,4948.1226946828656,4948.1226946828656
情景一阈值控制,83.68232582868211,4233.1440214447066,21.543011491393699,17402.673195730742,8.0841625284277185,4918.8187254593749,1882.2011329244008,3066.2437599629084,0,19.389218826124925,21.40179337508232,12.8872,0.32300000000000001,0.70474827466512358,4948.4448928873089,4948.4448928873089
情景一阈值控制,83.730870530400097,4232.235217887046,21.451999944275851,17403.261230933738,8.0494962921463813,4919.2651715974389,1882.4182931005084,3066.3473681414648,0,19.389218826124925,21.40179337508232,12.8872,0.32300000000000001,0.70459697394489629,4948.7656612419732,4948.7656612419732
情景一阈值控制,83.779415232118069,4231.3304485537892,21.361326660067732,17403.846655819085,8.0149632108541002,4919.7097224108493,1882.6344892917432,3066.4505163981398,0,19.389218826124925,21.40179337508232,12.8872,0.32300000000000001,0.70444634485612623,4949.0850056898835,4949.0850056898835
情景一阈值控制,83.827959933836055,4230.4296966660777,21.270990804996391,17404.429481243431,7.9805629181372879,4920.1523850220037,1882.8497255074428,3066.5532066458072,0,19.389218826124925,21.40179337508232,12.8872,0.32300000000000001,0.70429638460541177,4949.4029321532498,4949.4029321532498
情景一阈值控制,83.876504635554042,4229.5329455039282,21.180991543187812,17405.009718025325,7.9462950471546243,4920.593166535049,1883.0640057428752,3066.6554407906292,0,19.389218826124925,21.40179337508232,12.8872,0.32300000000000001,0.70414709040915324,4949.7194465335042,4949.7194465335042
情景一阈值控制,83.925049337272029,4228.6401784061418,21.091328036719545,17405.587376945285,7.912159230655158,4921.0320740358429,1883.2773339792627,3066.7572207320673,0,19.389218826124925,21.40179337508232,12.8872,0.32300000000000001,0.7039984594935369,4950.0345547113302,4950.0345547113302
情景一阈值控制,83.973594038990015,4227.7513787701982,21.001999445672997,17406.162468745861,7.8781551009962953,4921.469114591916,1883.4897141838067,3066.8585483628908,0,19.389218826124925,21.40179337508232,12.8872,0.32300000000000001,0.70385048909451875,4950.3482625466977,4950.3482625466977
情景一阈值控制,84,4227.2695750298026,20.953549365914519,17406.474216601491,7.8597136718329415,4921.7060619856047,1883.6048420177942,3066.9134764136707,0,19.389218826124925,21.40179337508232,12.8872,0.32300000000000001,0.70377027676225445,4950.5183184314646,4950.5183184314646
情景一阈值控制,84.022138740708002,4226.8665300521643,20.913004928185206,17406.735004131693,7.8442822901615763,4921.9042952524414,1883.7011503097076,3066.9594255691923,0,19.389218826124925,21.40179337508232,12.8872,0.32300000000000001,0.70370317645780833,4950.6605758789001,4950.6605758789001
情景一阈值控制,84.070683442425988,4225.985615766589,20.824343640500128,17407.30499376958,7.8105404297782881,4922.3376230481981,1883.9116462961931,3067.0598542303956,0,19.389218826124925,21.40179337508232,12.8872,0.32300000000000001,0.70355651883885151,4950.9715005265889,4950.9715005265889
情景一阈值控制,84.119228144143975,4225.1086194864092,20.736014737019474,17407.872448288541,7.7769291511348966,4922.7691049915411,1884.1212060685386,3067.1598362192694,0,19.389218826124925,21.40179337508232,12.8872,0.32300000000000001,0.70341051350281425,4951.2810422878083,4951.2810422878083
情景一阈值控制,84.167772845861947,4224.2355248428394,20.648017370353077,17408.437378279887,7.743448085198315,4923.1987480763655,1884.3298335380921,3067.259373401937,0,19.389218826124925,21.40179337508232,12.8872,0.32300000000000001,0.70326515772456588,4951.5892069400288,4951.5892069400288
情景一阈值控制,84.216317547579933,4223.366315525278,20.560350691368683,17408.999794297288,7.7100968626309356,4923.6265592780792,1884.5375326023018,3067.3584676378891,0,19.389218826124925,21.40179337508232,12.8872,0.32300000000000001,0.70312044878866109,4951.8960002401909,4951.8960002401909
情景一阈值控制,84.26486224929792,4222.5009752811948,20.4730138492415,17409.559706856831,7.6768751138076023,4924.0525455535708,1884.7443071447365,3067.4571207799963,0,19.389218826124925,21.40179337508232,12.8872,0.32300000000000001,0.70297638398932372,4952.2014279247323,4952.2014279247323
情景一阈值控制,84.313406951015907,4221.6394879160343,20.386005991503062,17410.11712643709,7.6437824688322946,4924.4767138411835,1884.9501610351133,3067.5553346745187,0,19.389218826124925,21.40179337508232,12.8872,0.32300000000000001,0.70283296063042855,4952.5054957096318,4952.5054957096318
情景一阈值控制,84.361951652733893,4220.781837293106,20.299326264089725,17410.672063479207,7.6108185575546985,4924.8990710606868,1885.1550981293226,3067.6531111611207,0,19.389218826124925,21.40179337508232,12.8872,0.32300000000000001,0.70269017602548434,4952.8082092904433,4952.8082092904433
情景一阈值控制,84.41049635445188,4219.9280073334758,20.212973811390704,17411.224528386945,7.5779830095865943,4925.3196241132455,1885.3591222694533,3067.7504520728817,0,19.389218826124925,21.40179337508232,12.8872,0.32300000000000001,0.70254802749761502,4953.1095743423348,4953.1095743423348
情景一阈值控制,84.459041056169866,4219.0779820158623,20.126947776295637,17411.774531526768,7.5452754543180669,4925.7383798814008,1885.5622372838184,3067.8473592363089,0,19.389218826124925,21.40179337508232,12.8872,0.32300000000000001,0.70240651237954321,4953.4095965201268,4953.4095965201268
情景一阈值控制,84.507585757887853,4218.2317453765254,20.0412473002417,17412.322083227904,7.512695520933554,4926.1553452290409,1885.7644469869804,3067.9438344713476,0,19.389218826124925,21.40179337508232,12.8872,0.32300000000000001,0.70226562801357073,4953.7082814583282,4953.7082814583282
情景一阈值控制,84.556130459605839,4217.3892815091576,19.955871523260278,17412.867193782418,7.4802428384277242,4926.5705270013768,1885.9657551797798,3068.0398795913979,0,19.389218826124925,21.40179337508232,12.8872,0.32300000000000001,0.70212537175156142,4954.0056347711779,4954.0056347711779
情景一阈值控制,84.604675161323826,4216.5505745647752,19.870819584023153,17413.4098734453,7.4479170356211899,4926.9839320249248,1886.1661656493575,3068.1354964033235,0,19.389218826124925,21.40179337508232,12.8872,0.32300000000000001,0.70198574095492206,4954.3016620526814,4954.3016620526814
情景一阈值控制,84.653219863041812,4215.7156087516041,19.786090619888299,17413.9501324345,7.415717741176044,4927.3955671074755,1886.3656821691864,3068.2306867074662,0,19.389218826124925,21.40179337508232,12.8872,0.32300000000000001,0.70184673299458444,4954.5963688766524,4954.5963688766524
情景一阈值控制,84.701764564759799,4214.8843683349678,19.701683766945184,17414.487980931033,7.3836445836112432,4927.8054390380821,1886.5643084990934,3068.3254522976581,0,19.389218826124925,21.40179337508232,12.8872,0.32300000000000001,0.7017083452509858,4954.8897607967519,4954.8897607967519
情景一阈值控制,84.750309266477785,4214.0568376371784,19.617598160059661,17415.02342907905,7.3516971913178137,4928.2135545870342,1886.7620483852895,3068.4197949612349,0,19.389218826124925,21.40179337508232,12.8872,0.32300000000000001,0.70157057511405085,4955.1818433465241,4955.1818433465241
情景一阈值控制,84.798853968195772,4213.233001037418,19.533832932918404,17415.556486985894,7.3198751925739156,4928.6199205058392,1886.958905560396,3068.5137164790481,0,19.389218826124925,21.40179337508232,12.8872,0.32300000000000001,0.70143341998317266,4955.4726220394441,4955.4726220394441
情景一阈值控制,84.847398669913744,4212.4128429716257,19.45038721807293,17416.087164722179,7.2881782155597197,4929.0245435272063,1887.1548837434727,3068.6072186254792,0,19.389218826124925,21.40179337508232,12.8872,0.32300000000000001,0.70129687726719336,4955.7621023689517,4955.7621023689517
情景一阈值控制,84.895943371631731,4211.5963479323809,19.367260146983078,17416.615472321879,7.2566058883721114,4929.4274303650272,1887.3499866400437,3068.7003031684517,0,19.389218826124925,21.40179337508232,12.8872,0.32300000000000001,0.70116094438438437,4956.0502898084951,4956.0502898084951
情景一阈值控制,84.944488073349717,4210.7835004687904,19.284450850060306,17417.141419782394,7.225157839039305,4929.8285877143599,1887.5442179421266,3068.7929718694454,0,19.389218826124925,21.40179337508232,12.8872,0.32300000000000001,0.70102561876242842,4956.337189811572,4956.337189811572
情景一阈值控制,84.993032775067704,4209.9742851863693,19.201958456710265,17417.665017064617,7.1938336955352158,4930.2280222514119,1887.7375813282606,3068.8852264835091,0,19.389218826124925,21.40179337508232,12.8872,0.32300000000000001,0.70089089783839886,4956.6228078117692,4956.6228078117692
情景一阈值控制,85,4209.8584422771701,19.190144950671705,17417.739972436491,7.1893481427302524,4930.2852088475784,1887.7652621910283,3068.8984331580646,0,19.389218826124925,21.40179337508232,12.8872,0.32300000000000001,0.70087161191522296,4956.6636953490924,4956.6636953490924
情景一阈值控制,85.04157747678569,4209.1686867469189,19.119782095375157,17418.186274093026,7.1626330857937131,4930.625740633528,1887.9300804635343,3068.977068759275,0,19.389218826124925,21.40179337508232,12.8872,0.32300000000000001,0.70075677905874023,4956.9071492228095,4956.9071492228095
情景一阈值控制,85.090122178503677,4208.366689868416,19.037920893575553,17418.705200755754,7.1315556377227187,4931.0217494991721,1888.1217189996132,3069.0685004389702,0,19.389218826124925,21.40179337508232,12.8872,0.32300000000000001,0.70062325987924901,4957.1902194385839,4957.1902194385839
情景一阈值控制,85.138666880221663,4207.568279324888,18.956373977951856,17419.221806904665,7.1006009792181324,4931.4160554679193,1888.3125005747704,3069.1595232584318,0,19.389218826124925,21.40179337508232,12.8872,0.32300000000000001,0.70049033776505321,4957.472023833202,4957.472023833202
情景一阈值控制,85.18721158193965,4206.7734399462934,18.875140474305301,17419.736102355426,7.0697687381776175,4931.8086651404392,1888.502428813913,3069.2501389471217,0,19.389218826124925,21.40179337508232,12.8872,0.32300000000000001,0.70035801019059263,4957.7525677610347,4957.7525677610347
情景一阈值控制,85.235756283657636,4205.9821566184046,18.794219507638591,17420.248096887601,7.0390585425142227,4932.199585098484,1888.6915073286118,3069.3403492281377,0,19.389218826124925,21.40179337508232,12.8872,0.32300000000000001,0.70022627463959874,4958.0318565567495,4958.0318565567495
情景一阈值控制,85.284300985375609,4205.1944142826815,18.713610202196072,17420.757800244715,7.0084700201698613,4932.5888219048811,1888.8797397171311,3069.4301558182287,0,19.389218826124925,21.40179337508232,12.8872,0.32300000000000001,0.70009512860507472,4958.3098955353598,4958.3098955353598
情景一阈值控制,85.332845687093595,4204.4101979361503,18.63331168150345,17421.265222134338,6.9780027991285998,4932.9763821035222,1889.067129564457,3069.5195604278097,0,19.389218826124925,21.40179337508232,12.8872,0.32300000000000001,0.69996456958927422,4958.5866899922667,4958.5866899922667
情景一阈值控制,85.381390388811582,4203.6294926312858,18.553323068407284,17421.770372228169,6.9476565074298788,4933.3622722193513,1889.2536804423271,3069.6085647609734,0,19.389218826124925,21.40179337508232,12.8872,0.32300000000000001,0.69983459510368184,4958.8622452033005,4958.8622452033005
情景一阈值控制,85.429935090529568,4202.8522834758796,18.473643485113875,17422.273260162106,6.917430773181489,4933.746498758358,1889.4393959092588,3069.697170515507,0,19.389218826124925,21.40179337508232,12.8872,0.32300000000000001,0.69970520266899239,4959.136566424766,4959.136566424766
情景一阈值控制,85.478479792247555,4202.0785556329247,18.394272053227837,17422.773895536346,6.8873252245724634,4934.1290682075723,1889.6242795105823,3069.7853793829031,0,19.389218826124925,21.40179337508232,12.8872,0.32300000000000001,0.69957638981508963,4959.4096588934854,4959.4096588934854
情景一阈值控制,85.527024493965541,4201.3082943204827,18.315207893790262,17423.272287915428,6.8573394898857849,4934.5099870350559,1889.8083347784659,3069.8731930483782,0,19.389218826124925,21.40179337508232,12.8872,0.32300000000000001,0.69944815408102667,4959.6815278268441,4959.6815278268441
情景一阈值控制,85.575569195683528,4200.5414848115643,18.236450127316509,17423.768446828359,6.8274731975109697,4934.889261689892,1889.9915652319498,3069.9606131908822,0,19.389218826124925,21.40179337508232,12.8872,0.32300000000000001,0.69932049301500343,4959.9521784228318,4959.9521784228318
情景一阈值控制,85.624113897401514,4199.7781124339999,18.15799787383353,17424.262381768665,6.797725975956495,4935.2668986021881,1890.1739743769738,3070.0476414831169,0,19.389218826124925,21.40179337508232,12.8872,0.32300000000000001,0.6991934041743475,4960.2216158600904,4960.2216158600904
情景一阈值控制,85.672658599119501,4199.0181625703153,18.079850252916881,17424.754102194485,6.7680974538620742,4935.6429041830643,1890.3555657064089,3070.1342795915471,0,19.389218826124925,21.40179337508232,12.8872,0.32300000000000001,0.69906688512549153,4960.489845297956,4960.489845297956
情景一阈值控制,85.721203300837487,4198.2616206576031,18.002006383727306,17425.243617528646,6.7385872600108074,4936.0172848246548,1890.5363427000864,3070.2205291764185,0,19.389218826124925,21.40179337508232,12.8872,0.32300000000000001,0.69894093344395281,4960.7568718765051,4960.7568718765051
情景一阈值控制,85.769748002555474,4197.5084721873964,17.924465385046911,17425.730937158758,6.7091950233411719,4936.3900469000992,1890.7163088248303,3070.3063918917692,0,19.389218826124925,21.40179337508232,12.8872,0.32300000000000001,0.69881554671431267,4961.0227007165995,4961.0227007165995
情景一阈值控制,85.81829270427346,4196.758702705537,17.847226375315007,17426.216070437287,6.6799203729588799,4936.7611967635448,1890.8954675344858,3070.3918693854453,0,19.389218826124925,21.40179337508232,12.8872,0.32300000000000001,0.69869072253019315,4961.2873369199315,4961.2873369199315
情景一阈值控制,85.866837405991447,4196.0122978120526,17.770288472663527,17426.699026681636,6.6507629381485893,4937.1307407501436,1891.0738222699515,3070.4769632991165,0,19.389218826124925,21.40179337508232,12.8872,0.32300000000000001,0.69856645849423793,4961.5507855690685,4961.5507855690685
情景一阈值控制,85.915382107709434,4195.2692431610203,17.69365079495207,17427.179815174233,6.6217223483854806,4937.4986851760495,1891.2513764592102,3070.5616752682904,0,19.389218826124925,21.40179337508232,12.8872,0.32300000000000001,0.6984427522180886,4961.8130517275004,4961.8130517275004
情景一阈值控制,85.963926809427406,4194.5295244604458,17.617312459802619,17427.658445162626,6.592798233346703,4937.8650363384231,1891.4281335173587,3070.6460069223258,0,19.389218826124925,21.40179337508232,12.8872,0.32300000000000001,0.69831960132236515,4962.0741404396849,4962.0741404396849
情景一阈值控制,86,4193.9819973014128,17.560779379552525,17428.01271891232,6.5713801626620203,4938.1362408986961,1891.5589660754811,3070.7084277735421,0,19.389218826124925,21.40179337508232,12.8872,0.32300000000000001,0.69822844713089272,4962.2673938490234,4962.2673938490234
情景一阈值控制,86.012471511145392,4193.7931274721232,17.541272584633724,17428.134925859544,6.5639902229226355,4938.2298005154225,1891.6040968466407,3070.7299598844502,0,19.389218826124925,21.40179337508232,12.8872,0.32300000000000001,0.69819700343664237,4962.3340567310906,4962.3340567310906
情景一阈值控制,86.061016212863379,4193.0600380115111,17.465530286694577,17428.609266442996,6.535297947228087,4938.592983966214,1891.7792698364772,3070.813535771772,0,19.389218826124925,21.40179337508232,12.8872,0.32300000000000001,0.6980749561994295,4962.5928056082494,4962.5928056082494
情景一阈值控制,86.109560914581365,4192.3302419475995,17.390084683098483,17429.081476056363,6.5067210366133059,4938.9545929309716,1891.953655863497,3070.8967361952987,0,19.389218826124925,21.40179337508232,12.8872,0.32300000000000001,0.69795345725814761,4962.8503920587955,4962.8503920587955
情景一阈值控制,86.158105616299352,4191.6037252027754,17.314934890856058,17429.551563808462,6.4782591216748671,4939.3146336308737,1892.1272582915699,3070.9795627599478,0,19.389218826124925,21.40179337508232,12.8872,0.32300000000000001,0.69783250426910781,4963.1068210515177,4963.1068210515177
情景一阈值控制,86.206650318017338,4190.8804737526971,17.240080026908068,17430.019538773657,6.4499118332664338,4939.6731122681158,1892.300080471837,3071.0620170645657,0,19.389218826124925,21.40179337508232,12.8872,0.32300000000000001,0.69771209489748953,4963.3620975364029,4963.3620975364029
情景一阈值控制,86.255195019735325,4190.1604736261525,17.165519208157871,17430.485409991921,6.4216788025093701,4940.0300350259031,1892.4721257427429,3071.1441007019403,0,19.389218826124925,21.40179337508232,12.8872,0.32300000000000001,0.69759222681731781,4963.616226444683,4963.616226444683
情景一阈值控制,86.303739721453312,4189.4437109049341,17.091251551503532,17430.949186468937,6.3935596608032457,4940.3854080684659,1892.6433974300676,3071.2258152588174,0,19.389218826124925,21.40179337508232,12.8872,0.32300000000000001,0.69747289771144183,4963.8692126888855,4963.8692126888855
情景一阈值控制,86.352284423171284,4188.7301717237024,17.0172761738696,17431.410877176182,6.3655540398361943,4940.7392375410564,1892.8138988469582,3071.3071623159158,0,19.389218826124925,21.40179337508232,12.8872,0.32300000000000001,0.69735410527151265,4964.121061162874,4964.121061162874
情景一阈值控制,86.40082912488927,4188.0198422698495,16.943592192238377,17431.870491051006,6.3376615715951186,4941.091529569956,1892.9836332939603,3071.3881434479422,0,19.389218826124925,21.40179337508232,12.8872,0.32300000000000001,0.69723584719796017,4964.3717767419021,4964.3717767419021
情景一阈值控制,86.449373826607257,4187.31270878337,16.870198723681121,17432.328036996729,6.3098818883758323,4941.4422902624883,1893.1526040590516,3071.4687602236058,0,19.389218826124925,21.40179337508232,12.8872,0.32300000000000001,0.69711812119997152,4964.6213642826569,4964.6213642826569
情景一阈值控制,86.497918528325243,4186.6087575567235,16.797094885388624,17432.783523882725,6.2822146227930062,4941.7915257070144,1893.3208144176724,3071.5490142056365,0,19.389218826124925,21.40179337508232,12.8872,0.32300000000000001,0.6970009249954684,4964.8698286233084,4964.8698286233084
情景一阈值控制,86.54646323004323,4185.9079749346947,16.72427979470158,17433.236960544506,6.254659407790025,4942.1392419729518,1893.4882676327597,3071.6289069507961,0,19.389218826124925,21.40179337508232,12.8872,0.32300000000000001,0.69688425631108453,4965.1171745835563,4965.1171745835563
情景一阈值控制,86.595007931761216,4185.2103473142715,16.651752569140573,17433.688355783812,6.2272158766487031,4942.4854451107731,1893.6549669547769,3071.7084400098975,0,19.389218826124925,21.40179337508232,12.8872,0.32300000000000001,0.69676811288214335,4965.3634069646741,4965.3634069646741
情景一阈值控制,86.643552633479203,4184.5158611444931,16.579512326435744,17434.137718368696,6.1998836629988796,4942.8301411520197,1893.820915621749,3071.7876149278177,0,19.389218826124925,21.40179337508232,12.8872,0.32300000000000001,0.69665249245263516,4965.6085305495671,4965.6085305495671
情景一阈值控制,86.69209733519719,4183.8245029263253,16.507558184556089,17434.585057033622,6.1726624008278952,4943.1733361093129,1893.9861168592943,3071.8664332435151,0,19.389218826124925,21.40179337508232,12.8872,0.32300000000000001,0.69653739277519422,4965.8525501028089,4965.8525501028089
情景一阈值控制,86.740642036915176,4183.1362592125188,16.435889261738431,17435.03038047954,6.145551724489934,4943.5150359763584,1894.1505738806557,3071.9448964900434,0,19.389218826124925,21.40179337508232,12.8872,0.32300000000000001,0.69642281161107655,4966.0954703706993,4966.0954703706993
情景一阈值控制,86.789186738633163,4182.4511166074735,16.364504676516074,17435.473697373982,6.1185512687152555,4943.8552467279596,1894.3142898867347,3072.0230061945686,0,19.389218826124925,21.40179337508232,12.8872,0.32300000000000001,0.69630874673013721,4966.3372960813031,4966.3372960813031
情景一阈值控制,86.837731440351149,4181.7690617671033,16.29340354774709,17435.915016351148,6.0916606686192987,4944.1939743200282,1894.477268066124,3072.1007638783835,0,19.389218826124925,21.40179337508232,12.8872,0.32300000000000001,0.69619519591080703,4966.5780319445075,4966.5780319445075
情景一阈值控制,86.886276142069136,4181.0900813986946,16.222584994642318,17436.354346011998,6.0648795597116596,4944.5312246895974,1894.6395115951398,3072.1781710569244,0,19.389218826124925,21.40179337508232,12.8872,0.32300000000000001,0.69608215694006959,4966.8176826520639,4966.8176826520639
情景一阈值控制,86.934820843787122,4180.4141622607749,16.152048136792985,17436.791694924341,6.0382075779049655,4944.8670037548309,1894.8010236378561,3072.2552292397859,0,19.389218826124925,21.40179337508232,12.8872,0.32300000000000001,0.69596962761343939,4967.0562528776418,4967.0562528776418
情景一阈值控制,86.983365545505109,4179.7412911629672,16.08179209419804,17437.227071622918,6.011644359523622,4945.2013174150388,1894.9618073461349,3072.3319399307375,0,19.389218826124925,21.40179337508232,12.8872,0.32300000000000001,0.69585760573493727,4967.2937472768726,4967.2937472768726
情景一阈值控制,87,4179.5114222019802,16.05778241560277,17437.375806781354,6.0025670923052807,4945.3155381634024,1895.0167349304616,3072.3581461489612,0,19.389218826124925,21.40179337508232,12.8872,0.32300000000000001,0.69581933636521254,4967.3748810794223,4967.3748810794223
情景一阈值控制,87.031910247223081,4179.0714549658569,16.011815987291179,17437.6604846095,5.9851895413124412,4945.5341715506838,1895.1218658596626,3072.4083046277383,0,19.389218826124925,21.40179337508232,12.8872,0.32300000000000001,0.6957460891170687,4967.5301704874009,4967.5301704874009
情景一阈值控制,87.080454948941068,4178.4046405808522,15.942118936967431,17438.09194235297,5.9588427604451324,4945.8655720234092,1895.281202305981,3072.4843248229536,0,19.389218826124925,21.40179337508232,12.8872,0.32300000000000001,0.69563507558080051,4967.765527128935,4967.765527128935
情景一阈值控制,87.128999650659054,4177.7408349700454,15.872700064609642,17438.521453289421,5.9326036545327474,4946.1955246760344,1895.4398198005197,3072.56000200277,0,19.389218826124925,21.40179337508232,12.8872,0.32300000000000001,0.69552456295553677,4967.9998218032897,4967.9998218032897
情景一阈值控制,87.177544352377041,4177.0800251460723,15.803558492114446,17438.949025822236,5.9064718616319265,4946.5240353325871,1895.5977214466322,3072.6353376478137,0,19.389218826124925,21.40179337508232,12.8872,0.32300000000000001,0.69541454907909706,4968.2330590944457,4968.2330590944457
情景一阈值控制,87.226089054095027,4176.4221981719757,15.734693341917994,17439.374668322191,5.880447020253083,4946.8511097983055,1895.7549103356273,3072.7103332329616,0,19.389218826124925,21.40179337508232,12.8872,0.32300000000000001,0.69530503179769243,4968.4652435685894,4968.4652435685894
情景一阈值控制,87.274633755813014,4175.7673411610631,15.666103737021398,17439.798389127529,5.85452876936845,4947.1767538596623,1895.9113895468017,3072.7849902273629,0,19.389218826124925,21.40179337508232,12.8872,0.32300000000000001,0.69519600896590228,4968.6963797741646,4968.6963797741646
情景一阈值控制,87.323178457531,4175.1154412767673,15.59778880101582,17440.220196544065,5.8287167484200362,4947.5009732843764,1896.0671621474755,3072.859310094449,0,19.389218826124925,21.40179337508232,12.8872,0.32300000000000001,0.69508747844665131,4968.9264722419248,4968.9264722419248
情景一阈值控制,87.371723159248987,4174.4664857325115,15.529747658107279,17440.640098845266,5.8030105973274555,4947.8237738214311,1896.2222311930236,3072.9332942919559,0,19.389218826124925,21.40179337508232,12.8872,0.32300000000000001,0.69497943811118623,4969.1555254849791,4969.1555254849791
情景一阈值控制,87.420267860966959,4173.820461791559,15.461979433141178,17441.058104272353,5.7774099564956565,4948.1451612010951,1896.3765997269099,3073.0069442719341,0,19.389218826124925,21.40179337508232,12.8872,0.32300000000000001,0.69487188583905191,4969.3835439988443,4969.3835439988443
情景一阈值控制,87.468812562684946,4173.1773567668833,15.394483251626403,17441.474221034379,5.7519144668225115,4948.4651411349305,1896.5302707807223,3073.0802614807694,0,19.389218826124925,21.40179337508232,12.8872,0.32300000000000001,0.69476481951806857,4969.6105322614912,4969.6105322614912
情景一阈值控制,87.517357264402932,4172.5371580210231,15.327258239759358,17441.888457308334,5.7265237697063656,4948.7837193158211,1896.6832473742043,3073.153247359196,0,19.389218826124925,21.40179337508232,12.8872,0.32300000000000001,0.69465823704430862,4969.8364947334003,4969.8364947334003
情景一阈值控制,87.565901966120919,4171.8998529659393,15.260303524447471,17442.300821239216,5.7012375070534098,4949.1009014179881,1896.8355325152886,3073.2259033423129,0,19.389218826124925,21.40179337508232,12.8872,0.32300000000000001,0.69455213632207224,4970.0614358576013,4970.0614358576013
情景一阈值控制,87.614446667838905,4171.265429062877,15.193618233332517,17442.711320940143,5.6760553212849807,4949.416693097005,1896.9871292001328,3073.298230859602,0,19.389218826124925,21.40179337508232,12.8872,0.32300000000000001,0.69444651526386481,4970.2853600597346,4970.2853600597346
情景一阈值控制,87.662991369556892,4170.6338738222248,15.127201494813644,17443.119964492438,5.6509768553447461,4949.7310999898209,1897.1380404131512,3073.3702313349413,0,19.389218826124925,21.40179337508232,12.8872,0.32300000000000001,0.69434137179037314,4970.5082717480927,4970.5082717480927
情景一阈值控制,87.711536071274878,4170.0051748033738,15.061052438070062,17443.526759945711,5.6260017527057871,4950.0441277147838,1897.2882691270486,3073.4419061866238,0,19.389218826124925,21.40179337508232,12.8872,0.32300000000000001,0.694236703830442,4970.7301753136726,4970.7301753136726
情景一阈值控制,87.760080772992865,4169.3793196145716,14.995170193083517,17443.931715317958,5.6011296573775846,4950.3557818716517,1897.437818302855,3073.5132568273702,0,19.389218826124925,21.40179337508232,12.8872,0.32300000000000001,0.69413250932105042,4970.951075130225,4970.951075130225
情景一阈值控制,87.808625474710851,4168.7562959127881,14.929553890660392,17444.33483859566,5.5763602139128912,4950.6660680416226,1897.5866908899595,3073.5842846643491,0,19.389218826124925,21.40179337508232,12.8872,0.32300000000000001,0.69402878620728836,4971.1709755543088,4971.1709755543088
情景一阈值控制,87.857170176428838,4168.1360914035677,14.864202662453605,17444.736137733857,5.5516930674145062,4950.9749917873532,1897.7348898261432,3073.6549910991903,0,19.389218826124925,21.40179337508232,12.8872,0.32300000000000001,0.6939255324423329,4971.3898809253333,4971.3898809253333
情景一阈值控制,87.905714878146824,4167.5186938408915,14.799115640984169,17445.135620656249,5.5271278635419483,4951.2825586529752,1897.8824180376132,3073.725377528001,0,19.389218826124925,21.40179337508232,12.8872,0.32300000000000001,0.6938227459874251,4971.6077955656147,4971.6077955656147
情景一阈值控制,87.954259579864811,4166.9040910270323,14.734291959662498,17445.533295255304,5.5026642485180348,4951.5887741641282,1898.0292784390376,3073.7954453413836,0,19.389218826124925,21.40179337508232,12.8872,0.32300000000000001,0.6937204248118457,4971.8247237804208,4971.8247237804208
情景一阈值控制,88,4166.3275383132632,14.673453131779837,17445.906349794121,5.479706461693457,4951.8760689537867,1898.1670467034792,3073.8611752518927,0,19.389218826124925,21.40179337508232,12.8872,0.32300000000000001,0.69362443834688636,4972.0282219553719,4972.0282219553719
情景一阈值控制,88.002804281582797,4166.2922708124161,14.669730752809429,17445.929169392311,5.4783018691353531,4951.8936438279716,1898.1754739335779,3073.8651959244512,0,19.389218826124925,21.40179337508232,12.8872,0.32300000000000001,0.69361856689289192,4972.0406698580291,4972.0406698580291
情景一阈值控制,88.051348983300784,4165.6832210954772,14.605431155676973,17446.323250897512,5.4540403727626288,4952.1971731332151,1898.3210074129245,3073.9346306568423,0,19.389218826124925,21.40179337508232,12.8872,0.32300000000000001,0.6935171702158538,4972.255638069767,4972.255638069767
情景一阈值控制,88.099893685018756,4165.0769298225177,14.541392304468809,17446.715547570169,5.4298794073510237,4952.4993675501373,1898.465881757329,3074.0037509127396,0,19.389218826124925,21.40179337508232,12.8872,0.32300000000000001,0.69341623277399078,4972.4696326700687,4972.4696326700687
情景一阈值控制,88.148438386736743,4164.4733849875629,14.477613336360408,17447.106067178669,5.4058186214402788,4952.8002325306115,1898.6100998356399,3074.0725580608851,0,19.389218826124925,21.40179337508232,12.8872,0.32300000000000001,0.69331575256850686,4972.6826578965247,4972.6826578965247
情景一阈值控制,88.196983088454729,4163.8725746322234,14.41409338951909,17447.494817460603,5.3818576641648503,4953.0997735081328,1898.7536645053344,3074.1410534645947,0,19.389218826124925,21.40179337508232,12.8872,0.32300000000000001,0.69321572760852879,4972.8947179699289,4972.8947179699289
情景一阈值控制,88.245527790172716,4163.2744868455475,14.350831603123622,17447.881806122878,5.3579961852598643,4953.3979958978371,1898.8965786125559,3074.209238481777,0,19.389218826124925,21.40179337508232,12.8872,0.32300000000000001,0.69311615591108056,4973.1058170943325,4973.1058170943325
情景一阈值控制,88.294072491890702,4162.6791097638807,14.287827117383628,17448.267040841783,5.3342338350670255,4953.6949050965295,1899.038844992144,3074.2771144649487,0,19.389218826124925,21.40179337508232,12.8872,0.32300000000000001,0.69301703550106053,4973.3159594570925,4973.3159594570925
情景一阈值控制,88.342617193608689,4162.0864315707267,14.225079073558749,17448.650529263112,5.3105702645404138,4953.990506482709,1899.1804664676713,3074.3446827612488,0,19.389218826124925,21.40179337508232,12.8872,0.32300000000000001,0.69291836441121779,4973.5251492289199,4973.5251492289199
情景一阈值控制,88.391161895326675,4161.4964404966004,14.162586613977526,17449.032279002222,5.2870051252522057,4954.2848054165934,1899.3214458514769,3074.4119447124585,0,19.389218826124925,21.40179337508232,12.8872,0.32300000000000001,0.69282014068212849,4973.7333905639352,4973.7333905639352
情景一阈值控制,88.439706597044648,4160.9091248188861,14.100348882056027,17449.412297644154,5.2635380693982849,4954.577807240149,1899.4617859447001,3074.4789016550158,0,19.389218826124925,21.40179337508232,12.8872,0.32300000000000001,0.69272236236217144,4973.9406875997156,4973.9406875997156
情景一阈值控制,88.488251298762634,4160.3244728616928,14.038365022316167,17449.79059274372,5.2401687498037548,4954.8695172771113,1899.6014895373141,3074.5455549200296,0,19.389218826124925,21.40179337508232,12.8872,0.32300000000000001,0.69262502750750454,4974.1470444573442,4974.1470444573442
情景一阈值控制,88.536796000480621,4159.7424729957193,13.976634180403931,17450.167171825575,5.216896819928408,4955.1599408330167,1899.7405594081615,3074.6119058332993,0,19.389218826124925,21.40179337508232,12.8872,0.32300000000000001,0.69252813418204184,4974.3524652414608,4974.3524652414608
情景一阈值控制,88.585340702198607,4159.1631136381011,13.915155503107149,17450.542042384339,5.1937219338720508,4955.4490831952262,1899.8789983249874,3074.67795571533,0,19.389218826124925,21.40179337508232,12.8872,0.32300000000000001,0.69243168045742876,4974.5569540403176,4974.5569540403176
情景一阈值控制,88.633885403916594,4158.5863832522773,13.85392813837316,17450.915211884658,5.1706437463797732,4955.7369496329547,1900.0168090444729,3074.7437058813475,0,19.389218826124925,21.40179337508232,12.8872,0.32300000000000001,0.69233566441301886,4974.7605149258206,4974.7605149258206
情景一阈值控制,88.68243010563458,4158.0122703478401,13.792951235326159,17451.286687761331,5.1476619128471102,4956.0235453973019,1900.1539943122709,3074.8091576413162,0,19.389218826124925,21.40179337508232,12.8872,0.32300000000000001,0.69224008413585003,4974.9631519535869,4974.9631519535869
情景一阈值控制,88.730974807352567,4157.4407634803956,13.732223944284332,17451.656477419368,5.1247760893251373,4956.3088757212709,1900.2905568630388,3074.8743122999545,0,19.389218826124925,21.40179337508232,12.8872,0.32300000000000001,0.69214493772062058,4975.1648691629935,4975.1648691629935
情景一阈值控制,88.779519509070553,4156.8718512514224,13.671745416776734,17452.024588234111,5.1019859325254648,4956.5929458198098,1900.4264994204734,3074.9391711567509,0,19.389218826124925,21.40179337508232,12.8872,0.32300000000000001,0.69205022326966537,4975.3656705772246,4975.3656705772246
情景一阈值控制,88.82806421078854,4156.3055223081219,13.611514805559931,17452.391027551304,5.0792910998251521,4956.8757608898286,1900.5618246973443,3075.0037355059821,0,19.389218826124925,21.40179337508232,12.8872,0.32300000000000001,0.69195593889293228,4975.5655602033266,4975.5655602033266
情景一阈值控制,88.876608912506526,4155.7417653432885,13.5515312646344,17452.755802687214,5.0566912492715321,4957.1573261102367,1900.6965353955293,3075.0680066367258,0,19.389218826124925,21.40179337508232,12.8872,0.32300000000000001,0.69186208270795857,4975.7645420322551,4975.7645420322551
情景一阈值控制,88.925153614224513,4155.1805690951524,13.491793949260698,17453.118920928675,5.0341860395869613,4957.4376466419671,1900.8306342060469,3075.1319858328811,0,19.389218826124925,21.40179337508232,12.8872,0.32300000000000001,0.69176865283984657,4975.9626200389284,4975.9626200389284
情景一阈值控制,88.973698315942499,4154.6219223472463,13.432302015975377,17453.480389533237,5.0117751301734819,4957.7167276280115,1900.964123809091,3075.1956743731816,0,19.389218826124925,21.40179337508232,12.8872,0.32300000000000001,0.69167564742124055,4976.1597981822724,4976.1597981822724
情景一阈值控制,89,4154.320306557086,13.400171277129031,17453.67554799284,4.9996720901848528,4957.8674187374045,1901.036195421879,3075.2300600909521,0,19.389218826124925,21.40179337508232,12.8872,0.32300000000000001,0.69162543339434934,4976.2662555128309,4976.2662555128309
情景一阈值控制,89.022243017660486,4154.0658139282586,13.373054622606709,17453.840215729222,4.9894581811173992,4957.9945741934416,1901.0970068740664,3075.2590735312128,0,19.389218826124925,21.40179337508232,12.8872,0.32300000000000001,0.69158306459230234,4976.3560804052795,4976.3560804052795
情景一阈值控制,89.070787719378473,4153.5122327118925,13.314050928290113,17454.198406715816,4.96723485319378,4958.2711914454521,1901.2292860596203,3075.3221845754283,0,19.389218826124925,21.40179337508232,12.8872,0.32300000000000001,0.69149090250068801,4976.5514706350486,4976.5514706350486
情景一阈值控制,89.119332421096459,4152.9611676167233,13.255290093483421,17454.554969663186,4.9451048078708695,4958.5465844733781,1901.360964013679,3075.3850087691667,0,19.389218826124925,21.40179337508232,12.8872,0.32300000000000001,0.69139915930152418,4976.7459727828455,4976.7459727828455
情景一阈值控制,89.167877122814446,4152.4126076060547,13.196771279981878,17454.909911712559,4.9230677073144316,4958.8207583487374,1901.4920433734794,3075.4475473706671,0,19.389218826124925,21.40179337508232,12.8872,0.32300000000000001,0.69130783315738398,4976.9395907441467,4976.9395907441467
情景一阈值控制,89.216421824532432,4151.8665416877766,13.138493650932915,17455.263239976292,4.9011232143920083,4959.0937181252521,1901.6225267656052,3075.5098016330844,0,19.389218826124925,21.40179337508232,12.8872,0.32300000000000001,0.69121692223826325,4977.1323283986894,4977.1323283986894
情景一阈值控制,89.264966526250404,4151.3229589142229,13.080456370850756,17455.614961538005,4.8792709926771023,4959.3654688388879,1901.7524168060204,3075.5717728045083,0,19.389218826124925,21.40179337508232,12.8872,0.32300000000000001,0.69112642472155716,4977.3241896105283,4977.3241896105283
情景一阈值控制,89.313511227968391,4150.7818483820301,13.022658605630655,17455.965083452647,4.8575107064532537,4959.6360155078837,1901.8817161001025,3075.6334621279775,0,19.389218826124925,21.40179337508232,12.8872,0.32300000000000001,0.69103633879203663,4977.51517822808,4977.51517822808
情景一阈值控制,89.362055929686377,4150.2431992319925,12.965099522563136,17456.313612746591,4.8358420207181085,4959.9053631327788,1902.0104272426772,3075.6948708414957,0,19.389218826124925,21.40179337508232,12.8872,0.32300000000000001,0.69094666264182392,4977.7052980841727,4977.7052980841727
情景一阈值控制,89.410600631404364,4149.7070006489212,12.907778290347833,17456.660556417733,4.814264601187336,4960.1735166964536,1902.1385528180531,3075.7560001780485,0,19.389218826124925,21.40179337508232,12.8872,0.32300000000000001,0.69085739447036965,4977.894552996102,4977.894552996102
情景一阈值控制,89.459145333122351,4149.173241861502,12.850694079107175,17457.005921435582,4.792778114298514,4960.4404811641543,1902.2660954000528,3075.8168513656201,0,19.389218826124925,21.40179337508232,12.8872,0.32300000000000001,0.69076853248442838,4978.0829467656731,4978.0829467656731
情景一阈值控制,89.507690034840323,4148.641912142155,12.793846060399899,17457.349714741344,4.7713822272149278,4960.7062614835331,1902.3930575520517,3075.877425627209,0,19.389218826124925,21.40179337508232,12.8872,0.32300000000000001,0.69068007489803607,4978.2704831792607,4978.2704831792607
情景一阈值控制,89.556234736558309,4148.1130008068876,12.737233407234227,17457.691943248021,4.7500766078292793,4960.9708625846752,1902.5194418270073,3075.9377241808438,0,19.389218826124925,21.40179337508232,12.8872,0.32300000000000001,0.6905920199324852,4978.4571660078509,4978.4571660078509
情景一阈值控制,89.604779438276296,4147.5864972151585,12.680855294081029,17458.032613840503,4.7288609247673659,4961.2342893801342,1902.6452507674956,3075.9977482395998,0,19.389218826124925,21.40179337508232,12.8872,0.32300000000000001,0.69050436581630181,4978.6429990070956,4978.6429990070956
情景一阈值控制,89.653324139994282,4147.0623907697309,12.624710896886599,17458.371733375665,4.7077348473916407,4961.4965467649681,1902.7704869057445,3076.0574990116147,0,19.389218826124925,21.40179337508232,12.8872,0.32300000000000001,0.69041711078522217,4978.827985917359,4978.827985917359
情景一阈值控制,89.701868841712269,4146.5406709165327,12.56879939308531,17458.70930868245,4.6866980458047225,4961.7576396167724,1902.8951527636677,3076.1169777001069,0,19.389218826124925,21.40179337508232,12.8872,0.32300000000000001,0.69033025308216811,4979.0121304637742,4979.0121304637742
情景一阈值控制,89.750413543430255,4146.0213271445173,12.513119961612036,17459.045346561954,4.6657501908528323,4962.0175727957094,1903.019250852898,3076.1761855033883,0,19.389218826124925,21.40179337508232,12.8872,0.32300000000000001,0.69024379095722455,4979.1954363562863,4979.1954363562863
情景一阈值控制,89.798958245148242,4145.504348985517,12.457671782914399,17459.379853787534,4.6448909541291599,4962.2763511445482,1903.1427836748221,3076.2351236148825,0,19.389218826124925,21.40179337508232,12.8872,0.32300000000000001,0.69015772266761544,4979.377907289705,4979.377907289705
情景一阈值控制,89.847502946866229,4144.9897260141051,12.402454038964798,17459.712837104897,4.6241200079771536,4962.5339794886995,1903.2657537206135,3076.2937932231403,0,19.389218826124925,21.40179337508232,12.8872,0.32300000000000001,0.69007204647767983,4979.559546943754,4979.559546943754
情景一阈值控制,89.896047648584215,4144.4774478474528,12.347465913272226,17460.044303232178,4.6034370254937533,4962.7904626362451,1903.388163471267,3076.3521955118567,0,19.389218826124925,21.40179337508232,12.8872,0.32300000000000001,0.68998676065884934,4979.7403589831238,4979.7403589831238
情景一阈值控制,89.944592350302202,4143.967504145191,12.292706590893919,17460.374258860047,4.5828416805325443,4963.0458053779794,1903.5100153976323,3076.4103316598862,0,19.389218826124925,21.40179337508232,12.8872,0.32300000000000001,0.68990186348962357,4979.9203470575185,4979.9203470575185
情景一阈值控制,89.993137052020188,4143.459884609264,12.238175258446793,17460.702710651789,4.5623336477068461,4963.3000124874388,1903.6313119604467,3076.4682028412585,0,19.389218826124925,21.40179337508232,12.8872,0.32300000000000001,0.68981735325554727,4980.0995148017055,4980.0995148017055
情景一阈值控制,90,4143.3883074396526,12.230484305345444,17460.749024175882,4.5594413752395058,4963.3358593585272,1903.6484154484633,3076.4763629987615,0,19.389218826124925,21.40179337508232,12.8872,0.32300000000000001,0.68980543684388418,4980.1247784472253,4980.1247784472253
情景一阈值控制,90.041681753738175,4142.9545789837921,12.183871104118685,17461.029665243397,4.5419126023927383,4963.5530887209416,1903.7520556103705,3076.5258102251955,0,19.389218826124925,21.40179337508232,12.8872,0.32300000000000001,0.68973322824918659,4980.2778658355655,4980.2778658355655
情景一阈值控制,90.090226455456161,4142.4515770549333,12.129793317679416,17461.355129243679,4.5215782207320148,4963.8050388176216,1903.8722487880191,3076.5831549761269,0,19.389218826124925,21.40179337508232,12.8872,0.32300000000000001,0.68964948677010618,4980.4554037641465,4980.4554037641465
情景一阈值控制,90.138771157174148,4141.9508686507352,12.075941090491643,17461.679109234319,4.5013301796350715,4964.0558674994645,1903.9918939239978,3076.6402382537062,0,19.389218826124925,21.40179337508232,12.8872,0.32300000000000001,0.68956612712484455,4980.6321321777041,4980.6321321777041
情景一阈值控制,90.187315858892134,4141.452443641002,12.022313615521544,17462.001611769996,4.4811681567837365,4964.3055794713437,1904.1109934389347,3076.6970612128266,0,19.389218826124925,21.40179337508232,12.8872,0.32300000000000001,0.68948314762689211,4980.8080546517613,4980.8080546517613
情景一阈值控制,90.235860560610121,4140.9562919371474,11.968910087349302,17462.322643378458,4.4610918306340279,4964.5541794210567,1904.2295497435146,3076.7536250036378,0,19.389218826124925,21.40179337508232,12.8872,0.32300000000000001,0.68940054659666683,4980.9831747471526,4980.9831747471526
情景一阈值控制,90.284405262328107,4140.4624034920607,11.915729702179418,17462.642210560622,4.441100880418853,4964.8016720193618,1904.3475652385118,3076.8099307715615,0,19.389218826124925,21.40179337508232,12.8872,0.32300000000000001,0.68931832236149104,4981.1574960100734,4981.1574960100734
情景一阈值控制,90.33294996404608,4139.9707682999633,11.862771657850836,17462.960319790665,4.4211949861506419,4965.0480619200162,1904.4650423148248,3076.8659796573056,0,19.389218826124925,21.40179337508232,12.8872,0.32300000000000001,0.6892364732555688,4981.3310219721307,4981.3310219721307
情景一阈值控制,90.381494665764066,4139.4813763962675,11.810035153846833,17463.276977516096,4.4013738286239033,4965.2933537598092,1904.5819833535083,3076.9217727968844,0,19.389218826124925,21.40179337508232,12.8872,0.32300000000000001,0.68915499761996146,4981.5037561503923,4981.5037561503923
情景一阈值控制,90.430039367482053,4138.9942178574393,11.757519391304863,17463.592190157877,4.3816370894177661,4965.5375521586038,1904.6983907258088,3076.9773113216302,0,19.389218826124925,21.40179337508232,12.8872,0.32300000000000001,0.68907389380256512,4981.6757020474388,4981.6757020474388
情景一阈值控制,90.478584069200039,4138.5092828008583,11.705223573026087,17463.90596411049,4.3619844508983991,4965.7806617193692,1904.8142667931947,3077.0325963582122,0,19.389218826124925,21.40179337508232,12.8872,0.32300000000000001,0.68899316015808743,4981.846863151407,4981.846863151407
情景一阈值控制,90.527128770918026,4138.0265613846768,11.653146903484785,17464.218305742041,4.3424155962214126,4966.0226870282222,1904.9296139073924,3077.0876290286492,0,19.389218826124925,21.40179337508232,12.8872,0.32300000000000001,0.68891279504802405,4982.0172429360418,4982.0172429360418
情景一阈值控制,90.575673472636012,4137.5460438076825,11.601288588837594,17464.529221394325,4.322930209334177,4966.2636326544643,1905.0444344104192,3077.1424104503294,0,19.389218826124925,21.40179337508232,12.8872,0.32300000000000001,0.68883279684063548,4982.1868448607484,4982.1868448607484
情景一阈值控制,90.624218174353985,4137.0677203091573,11.549647836932577,17464.838717382961,4.3035279749781061,4966.503503150615,1905.1587306346148,3077.1969417360237,0,19.389218826124925,21.40179337508232,12.8872,0.32300000000000001,0.68875316391092434,4982.3556723706388,4982.3556723706388
情景一阈值控制,90.672762876071971,4136.5915811687419,11.498223857318058,17465.146799997437,4.2842085786908335,4966.7423030524569,1905.2725049026762,3077.2512239939024,0,19.389218826124925,21.40179337508232,12.8872,0.32300000000000001,0.68867389464061146,4982.5237288965782,4982.5237288965782
情景一阈值控制,90.721307577789958,4136.1176167062904,11.447015861251419,17465.453475501225,4.2649717068084039,4966.9800368790693,1905.3857595276909,3077.3052583275507,0,19.389218826124925,21.40179337508232,12.8872,0.32300000000000001,0.68859498741811387,4982.6910178552416,4982.6910178552416
情景一阈值控制,90.769852279507944,4135.6458172817402,11.396023061707597,17465.758750131867,4.2458170464673479,4967.2167091328647,1905.4984968131687,3077.3590458359836,0,19.389218826124925,21.40179337508232,12.8872,0.32300000000000001,0.68851644063852024,4982.8575426491525,4982.8575426491525
情景一阈值控制,90.818396981225931,4135.1761732949653,11.345244673387473,17466.062630101052,4.2267442856067134,4967.4523242996329,1905.6107190530752,3077.4125876136645,0,19.389218826124925,21.40179337508232,12.8872,0.32300000000000001,0.68843825270356951,4983.0233066667397,4983.0233066667397
情景一阈值控制,90.866941682943917,4134.7086751856459,11.294679912726107,17466.365121594728,4.2077531129700514,4967.6868868485744,1905.7224285318664,3077.4658847505175,0,19.389218826124925,21.40179337508232,12.8872,0.32300000000000001,0.68836042202162651,4983.1883132823841,4983.1883132823841
情景一阈值控制,90.915486384661904,4134.2433134331259,11.244327997900772,17466.666230773164,4.1888432181073432,4967.9204012323435,1905.833627524519,3077.5189383319457,0,19.389218826124925,21.40179337508232,12.8872,0.32300000000000001,0.68828294700766002,4983.3525658564649,4983.3525658564649
情景一阈值控制,90.96403108637989,4133.7800785562731,11.194188148838856,17466.965963771072,4.1700142913768641,4968.1528718870832,1905.9443182965661,3077.5717494388455,0,19.389218826124925,21.40179337508232,12.8872,0.32300000000000001,0.68820582608321879,4983.5160677354115,4983.5160677354115
情景一阈值控制,91,4133.4382135841897,11.157173637700136,17467.187165191954,4.1561151480245009,4968.3244490927764,1906.0260075207302,3077.6107237658839,0,19.389218826124925,21.40179337508232,12.8872,0.32300000000000001,0.68814891123505295,4983.6367312866141,4983.6367312866141
情景一阈值控制,91.012575788097877,4133.3189611133485,11.144259587225596,17467.264326697659,4.1512660239470032,4968.3843032324648,1906.0545031041277,3077.6243191476228,0,19.389218826124925,21.40179337508232,12.8872,0.32300000000000001,0.68812905767640975,4983.6788222517507,4983.6788222517507
情景一阈值控制,91.061120489815863,4132.8599517018611,11.094541536511651,17467.56132563674,4.1325981077980218,4968.6146996717307,1906.1641841939447,3077.6766485302087,0,19.389218826124925,21.40179337508232,12.8872,0.32300000000000001,0.68805264022187429,4983.8408327241532,4983.8408327241532
情景一阈值控制,91.10966519153385,4132.4030409584375,11.045033221920512,17467.856966646832,4.1140102357237573,4968.8440655917302,1906.2733638034115,3077.7287386540761,0,19.389218826124925,21.40179337508232,12.8872,0.32300000000000001,0.68797657216076591,4984.0021024574871,4984.0021024574871
情景一阈值控制,91.158209893251836,4131.9482195586797,10.995733870455771,17468.151255761215,4.0955021013332829,4969.0724053629583,1906.382044160609,3077.7805905822511,0,19.389218826124925,21.40179337508232,12.8872,0.32300000000000001,0.68790085194072703,4984.1626347428601,4984.1626347428601
情景一阈值控制,91.206754594969823,4131.4954782170316,10.946642710908224,17468.444198988054,4.0770733990525097,4969.299723339599,1906.4902274843371,3077.8322053733355,0,19.389218826124925,21.40179337508232,12.8872,0.32300000000000001,0.68782547801586658,4984.3224328576725,4984.3224328576725
情景一阈值控制,91.255299296687809,4131.0448076866414,10.897758973862821,17468.735802310453,4.0587238241257309,4969.526023859562,1906.5979159841465,3077.8835840815168,0,19.389218826124925,21.40179337508232,12.8872,0.32300000000000001,0.68775044884673697,4984.4815000656636,4984.4815000656636
情景一阈值控制,91.303843998405796,4130.5961987592254,10.849081891705485,17469.026071686574,4.0404530726171268,4969.7513112445222,1906.7051118603731,3077.9347277565848,0,19.389218826124925,21.40179337508232,12.8872,0.32300000000000001,0.68767576290031185,4984.6398396169579,4984.6398396169579
情景一阈值控制,91.352388700123782,4130.1496422649325,10.800610698629741,17469.315013049705,4.0222608414122103,4969.975589799963,1906.8118173041685,3077.9856374439496,0,19.389218826124925,21.40179337508232,12.8872,0.32300000000000001,0.68760141864996283,4984.7974547481181,4984.7974547481181
情景一阈值控制,91.400933401841755,4129.7051290722056,10.752344630643258,17469.602632308368,4.004146828219235,4970.1988638152116,1906.9180344975332,3078.0363141846537,0,19.389218826124925,21.40179337508232,12.8872,0.32300000000000001,0.68752741457543731,4984.9543486821867,4984.9543486821867
情景一阈值控制,91.449478103559741,4129.2626500876486,10.704282925574139,17469.888935346367,3.9861107315705162,4970.4211375634841,1907.0237656133509,3078.0867590153907,0,19.389218826124925,21.40179337508232,12.8872,0.32300000000000001,0.68745374916283564,4985.1105246287416,4985.1105246287416
情景一阈值控制,91.498022805277728,4128.8221962558919,10.656424823077222,17470.17392802293,3.9681522508237679,4970.6424153019216,1907.1290128154167,3078.1369729685184,0,19.389218826124925,21.40179337508232,12.8872,0.32300000000000001,0.68738042090458884,4985.2659857839353,4985.2659857839353
情景一阈值控制,91.546567506995714,4128.3837585594556,10.608769564640093,17470.457616172753,3.9502710861633314,4970.8627012716333,1907.2337782584743,3078.1869570720746,0,19.389218826124925,21.40179337508232,12.8872,0.32300000000000001,0.68730742829943625,4985.4207353305492,4985.4207353305492
情景一阈值控制,91.595112208713701,4127.9473280186139,10.561316393589037,17470.740005606105,3.9324669386013866,4971.0819996977343,1907.3380640882435,3078.2367123497929,0,19.389218826124925,21.40179337508232,12.8872,0.32300000000000001,0.68723476985240217,4985.5747764380367,4985.5747764380367
情景一阈值控制,91.643656910431687,4127.5128956912604,10.514064555094805,17471.021102108924,3.9147395099791038,4971.3003147893896,1907.441872441457,3078.2862398211196,0,19.389218826124925,21.40179337508232,12.8872,0.32300000000000001,0.68716244407477456,4985.7281122625764,4985.7281122625764
情景一阈值控制,91.69220161214966,4127.0804526727761,10.467013296178292,17471.300911442871,3.8970885029677613,4971.5176507398537,1907.5452054458879,3078.3355405012244,0,19.389218826124925,21.40179337508232,12.8872,0.32300000000000001,0.6870904494840816,4985.8807459471118,4985.8807459471118
情景一阈值控制,91.740746313867646,4126.6499900958934,10.42016186571599,17471.579439345456,3.8795136210697878,4971.7340117265094,1907.6480652203857,3078.3846154010221,0,19.389218826124925,21.40179337508232,12.8872,0.32300000000000001,0.68701878460407062,4986.032680621408,4986.032680621408
情景一阈值控制,91.789291015585633,4126.22149913056,10.373509514445431,17471.856691530109,3.8620145686198093,4971.9494019109106,1907.750453874906,3078.4334655271819,0,19.389218826124925,21.40179337508232,12.8872,0.32300000000000001,0.68694744796468432,4986.1839194020877,4986.1839194020877
情景一阈值控制,91.837835717303619,4125.7949709838113,10.327055494970384,17472.132673686257,3.8445910507856036,4972.1638254388217,1907.8523735105437,3078.4820918821461,0,19.389218826124925,21.40179337508232,12.8872,0.32300000000000001,0.6868764381020398,4986.3344653926897,4986.3344653926897
情景一阈值控制,91.886380419021606,4125.3703968996288,10.28079906176597,17472.407391479421,3.8272427735690284,4972.3772864402617,1907.953826219564,3078.5304954641451,0,19.389218826124925,21.40179337508232,12.8872,0.32300000000000001,0.68680575355840534,4986.4843216837089,4986.4843216837089
情景一阈值控制,91.934925120739592,4124.9477681588151,10.234739471183616,17472.680850551296,3.80996944380691,4972.5897890295437,1908.0548140854339,3078.5786772672122,0,19.389218826124925,21.40179337508232,12.8872,0.32300000000000001,0.68673539288217889,4986.6334913526462,4986.6334913526462
情景一阈值控制,91.983469822457579,4124.5270760788544,10.188875981455919,17472.953056519851,3.7927707691718755,4972.8013373053127,1908.1553391828559,3078.6266382811959,0,19.389218826124925,21.40179337508232,12.8872,0.32300000000000001,0.68666535462786604,4986.781977464052,4986.781977464052
情景一阈值控制,92,4124.3842647702159,10.173303420385068,17473.045461612412,3.7869313569062606,4972.8731554947262,1908.1894641911406,3078.6429194889893,0,19.389218826124925,21.40179337508232,12.8872,0.32300000000000001,0.68664157891344291,4986.8323836801301,4986.8323836801301
情景一阈值控制,92.032014524175565,4124.1083120137837,10.143207852701343,17473.224014979394,3.7756464581731564,4973.0119353505925,1908.255403577798,3078.6743794917816,0,19.389218826124925,21.40179337508232,12.8872,0.32300000000000001,0.68659563735605678,4986.9297830695796,4986.9297830695796
情景一阈值控制,92.080559225893552,4123.6914673540587,10.097734346928805,17473.493731500675,3.7585962201573326,4973.2215872328261,1908.3550093275251,3078.721901880499,0,19.389218826124925,21.40179337508232,12.8872,0.32300000000000001,0.68652623963340509,4987.0769112080243,4987.0769112080243
情景一阈值控制,92.129103927611538,4123.2765335264203,10.052454728042123,17473.762211630958,3.7416197653090535,4973.4302970039125,1908.4541584806325,3078.769206424744,0,19.389218826124925,21.40179337508232,12.8872,0.32300000000000001,0.6864571600326056,4987.223364905376,4987.223364905376
情景一阈值控制,92.177648629329525,4122.8635019937683,10.007368261844361,17474.029460894126,3.7247168046517003,4973.6380687002547,1908.552853077075,3078.8162940977882,0,19.389218826124925,21.40179337508232,12.8872,0.32300000000000001,0.68638839713237254,4987.3691471748634,4987.3691471748634
情景一阈值控制,92.226193331047511,4122.4523642550212,9.9624742160420094,17474.295484790739,3.7078870500480163,4973.8449063427961,1908.6510951482005,3078.8631658687978,0,19.389218826124925,21.40179337508232,12.8872,0.32300000000000001,0.68631994951741693,4987.5142610169987,4987.5142610169987
情景一阈值控制,92.274738032765498,4122.0431118449915,9.9177718602490863,17474.560288798137,3.6911302142006921,4974.050813937065,1908.7488867167806,3078.9098227028471,0,19.389218826124925,21.40179337508232,12.8872,0.32300000000000001,0.68625181577842542,4987.6587094196275,4987.6587094196275
情景一阈值控制,92.323282734483485,4121.635736334254,9.873260465991093,17474.823878370531,3.6744460106529155,4974.2557954732165,1908.8462297970402,3078.9562655609325,0,19.389218826124925,21.40179337508232,12.8872,0.32300000000000001,0.68618399451203838,4987.8024953579725,4987.8024953579725
情景一阈值控制,92.371827436201471,4121.2302293290104,9.8289393067088469,17475.086258939064,3.6578341537888752,4974.4598549260718,1908.9431263946929,3079.0024953999896,0,19.389218826124925,21.40179337508232,12.8872,0.32300000000000001,0.68611648432082761,4987.9456217946827,4987.9456217946827
情景一阈值控制,92.420372137919458,4120.8265824709633,9.784807657762201,17475.347435911921,3.6412943588342288,4974.6629962551642,1909.0395785069672,3079.0485131729065,0,19.389218826124925,21.40179337508232,12.8872,0.32300000000000001,0.68604928381327546,4988.0880916798742,4988.0880916798742
情景一阈值控制,92.46891683963743,4120.424787437184,9.7408647964336712,17475.607414674396,3.6248263418565374,4974.8652234047777,1909.135588122642,3079.0943198285386,0,19.389218826124925,21.40179337508232,12.8872,0.32300000000000001,0.68598239160375207,4988.2299079511804,4988.2299079511804
情景一阈值控制,92.517461541355416,4120.0248359399829,9.6971100019318488,17475.866200588978,3.6084298197656333,4975.0665403039884,1909.2311572220744,3079.1399163117244,0,19.389218826124925,21.40179337508232,12.8872,0.32300000000000001,0.68591580631249471,4988.3710735337991,4988.3710735337991
情景一阈值控制,92.566006243073403,4119.6267197267798,9.6535425553948677,17476.123798995446,3.5921045103140026,4975.2669508667113,1909.3262877772336,3079.1853035632994,0,19.389218826124925,21.40179337508232,12.8872,0.32300000000000001,0.68584952656558551,4988.5115913405334,4988.5115913405334
情景一阈值控制,92.614550944791389,4119.2304305799726,9.6101617398935915,17476.380215210946,3.575850132097083,4975.4664589917365,1909.4209817517287,3079.2304825201113,0,19.389218826124925,21.40179337508232,12.8872,0.32300000000000001,0.68578355099493027,4988.6514642718403,4988.6514642718403
情景一阈值控制,92.663095646509376,4118.8359603168128,9.5669668404347785,17476.635454530067,3.5596664045535378,4975.6650685627774,1909.5152411008423,3079.2754541150357,0,19.389218826124925,21.40179337508232,12.8872,0.32300000000000001,0.68571787823823682,4988.7906952158783,4988.7906952158783
情景一阈值控制,92.711640348227363,4118.4433007892703,9.5239571439641058,17476.889522224941,3.5435530479655029,4975.862783448506,1909.6090677715597,3079.3202192769882,0,19.389218826124925,21.40179337508232,12.8872,0.32300000000000001,0.68565250693899349,4988.9292870485478,4988.9292870485478
情景一阈值控制,92.760185049945335,4118.0524438839111,9.4811319393691083,17477.142423545305,3.5275097834587967,4976.0596075026006,1909.7024637026004,3079.3647789309412,0,19.389218826124925,21.40179337508232,12.8872,0.32300000000000001,0.68558743574644776,4989.0672426335414,4989.0672426335414
情景一阈值控制,92.808729751663321,4117.6633815217629,9.4384905174819238,17477.394163718611,3.5115363330030638,4976.255544563789,1909.7954308244484,3079.4091339979382,0,19.389218826124925,21.40179337508232,12.8872,0.32300000000000001,0.68552266331558498,4989.2045648223866,4989.2045648223866
情景一阈值控制,92.857274453381308,4117.2761056581912,9.3960321710820889,17477.644747950075,3.4956324194119377,4976.4505984558846,1909.8879710593831,3079.4532853951077,0,19.389218826124925,21.40179337508232,12.8872,0.32300000000000001,0.68545818830710703,4989.3412564544906,4989.3412564544906
情景一阈值控制,92.905819155099294,4116.8906082827716,9.3537561948990682,17477.894181422798,3.4797977663431232,4976.6447729878346,1909.9800863215094,3079.4972340356794,0,19.389218826124925,21.40179337508232,12.8872,0.32300000000000001,0.68539400938741069,4989.4773203571885,4989.4773203571885
情景一阈值控制,92.954363856817281,4116.5068814191591,9.311661885614761,17478.142469297818,3.4640320982984609,4976.8380719537581,1910.0717785167885,3079.5409808289951,0,19.389218826124925,21.40179337508232,12.8872,0.32300000000000001,0.68533012522856718,4989.6127593457841,4989.6127593457841
情景一阈值控制,93,4116.1477530427701,9.2722546984989158,17478.374840887838,3.4492736946531131,4977.018994330886,1910.1575928611589,3079.5819232709919,0,19.389218826124925,21.40179337508232,12.8872,0.32300000000000001,0.68527033630989087,4989.739516132151,4989.739516132151
情景一阈值控制,93.002908558535268,4116.1249171249647,9.2697485418658871,17478.389616714197,3.4483351406239593,4977.0304991329949,1910.1630495430682,3079.5845266805291,0,19.389218826124925,21.40179337508232,12.8872,0.32300000000000001,0.68526653450830022,4989.7475762235972,4989.7475762235972
情景一阈值控制,93.051453260253254,4115.7447074916245,9.2280154642462655,17478.635628789125,3.4327066195097875,4977.2220582901409,1910.2539012901132,3079.6278724918961,0,19.389218826124925,21.40179337508232,12.8872,0.32300000000000001,0.68520323590996524,4989.8817737820091,4989.8817737820091
情景一阈值控制,93.099997961971241,4115.3662446442777,9.1864619553089835,17478.880510617975,3.4171462619902391,4977.4127531750937,1910.3443356396347,3079.6710191608704,0,19.389218826124925,21.40179337508232,12.8872,0.32300000000000001,0.68514022812252851,4990.0153548005055,4990.0153548005055
情景一阈值控制,93.148542663689227,4114.9895207416366,9.1450873195684927,17479.124267274401,3.4016537959436617,4977.6025875230962,1910.4343544653227,3079.7139675813978,0,19.389218826124925,21.40179337508232,12.8872,0.32300000000000001,0.6850775098405455,4990.1483220467208,4990.1483220467208
情景一阈值控制,93.197087365407214,4114.6145279758612,9.1038908635025635,17479.366903810413,3.3862289500923546,4977.7915650547784,1910.5239596328736,3079.7567186436117,0,19.389218826124925,21.40179337508232,12.8872,0.32300000000000001,0.68501507976414067,4990.2806782764856,4990.2806782764856
情景一阈值控制,93.2456320671252,4114.2412585724369,9.0628718955541743,17479.608425256454,3.3708714540024309,4977.9796894761985,1910.6131530000209,3079.7992732338462,0,19.389218826124925,21.40179337508232,12.8872,0.32300000000000001,0.68495293659898582,4990.4124262338673,4990.4124262338673
情景一阈值控制,93.294176768843187,4113.8697047900441,9.022029726133292,17479.848836621499,3.355581038083653,4978.1669644788881,1910.7019364165667,3079.8416322346502,0,19.389218826124925,21.40179337508232,12.8872,0.32300000000000001,0.68489107905627988,4990.5435686512174,4990.5435686512174
情景一阈值控制,93.342721470561173,4113.4998589204351,8.9813636676185453,17480.08814289311,3.3403574335892352,4978.3533937398925,1910.7903117244098,3079.8837965248031,0,19.389218826124925,21.40179337508232,12.8872,0.32300000000000001,0.6848295058527275,4990.6741082492126,4990.6741082492126
情景一阈值控制,93.39126617227916,4113.1317132883114,8.9408730343588214,17480.326349037543,3.3252003726156132,4978.5389809218159,1910.8782807575758,3079.9257669793265,0,19.389218826124925,21.40179337508232,12.8872,0.32300000000000001,0.68476821571051871,4990.8040477369022,4990.8040477369022
情景一阈值控制,93.439810873997146,4112.7652602511971,8.9005571426747494,17480.563459999812,3.3101095881021836,4978.7237296728608,1910.9658453422478,3079.9675444695022,0,19.389218826124925,21.40179337508232,12.8872,0.32300000000000001,0.68470720735730806,4990.9333898117502,4990.9333898117502
情景一阈值控制,93.488355575715133,4112.4004921993146,8.8604153108601036,17480.799480703765,3.2950848138310191,4978.9076436268742,1911.0530072967949,3080.0091298628831,0,19.389218826124925,21.40179337508232,12.8872,0.32300000000000001,0.68464647952619373,4991.0621371596781,4991.0621371596781
情景一阈值控制,93.536900277433119,4112.0374015554607,8.8204468591831056,17481.034416052185,3.280125784426545,4979.0907264033895,1911.1397684318035,3080.0505240233083,0,19.389218826124925,21.40179337508232,12.8872,0.32300000000000001,0.68458603095569703,4991.1902924551123,4991.1902924551123
情景一阈值控制,93.585444979151092,4111.6759807748849,8.7806511098876516,17481.268270926852,3.2652322353551977,4979.2729816076653,1911.2261305501042,3080.0917278109168,0,19.389218826124925,21.40179337508232,12.8872,0.32300000000000001,0.68452586038974206,4991.3178583610206,4991.3178583610206
情景一阈值控制,93.633989680869078,4111.3162223451627,8.7410273871943929,17481.501050188628,3.2504039029250276,4979.4544128307352,1911.3120954468038,3080.1327420821635,0,19.389218826124925,21.40179337508232,12.8872,0.32300000000000001,0.68446596657763492,4991.4448375289676,4991.4448375289676
情景一阈值控制,93.682534382587065,4110.9581187860786,8.7015750173018347,17481.732758677535,3.2356405242853215,4979.6350236494445,1911.3976649093136,3080.1735676898306,0,19.389218826124925,21.40179337508232,12.8872,0.32300000000000001,0.68440634827404356,4991.5712325991444,4991.5712325991444
情景一阈值控制,93.731079084305051,4110.6016626494948,8.6622933283872356,17481.963401212844,3.22094183742615,4979.814817626494,1911.4828407173777,3080.2142054830429,0,19.389218826124925,21.40179337508232,12.8872,0.32300000000000001,0.68434700423897687,4991.697046200421,4991.697046200421
情景一阈值控制,93.779623786023038,4110.246846519236,8.6231816506074868,17482.192982593137,3.2063075811779114,4979.9937983104883,1911.5676246431044,3080.2546563072819,0,19.389218826124925,21.40179337508232,12.8872,0.32300000000000001,0.68428793323776438,4991.8222809503859,4991.8222809503859
情景一阈值控制,93.82816848774101,4109.8936630109656,8.5842393160998807,17482.421507596398,3.1917374952108433,4980.1719692359693,1911.6520184509934,3080.2949210043985,0,19.389218826124925,21.40179337508232,12.8872,0.32300000000000001,0.68422913404103669,4991.9469394553917,4991.9469394553917
情景一阈值控制,93.876713189458997,4109.542104772062,8.5454656589827653,17482.648980980099,3.1772313200344917,4980.3493339234674,1911.7360238979672,3080.3350004126301,0,19.389218826124925,21.40179337508232,12.8872,0.32300000000000001,0.68417060542470409,4992.0710243105968,4992.0710243105968
情景一阈值控制,93.925257891176983,4109.1921644815002,8.5068600153562084,17482.87540748125,3.162788796997194,4980.5258958795393,1911.8196427333962,3080.3748953666086,0,19.389218826124925,21.40179337508232,12.8872,0.32300000000000001,0.68411234616993755,4992.194538100005,4992.194538100005
情景一阈值控制,93.97380259289497,4108.8438348497284,8.4684217233024732,17483.100791816512,3.1484096682854896,4980.7016585968131,1911.9028766991323,3080.4146066973808,0,19.389218826124925,21.40179337508232,12.8872,0.32300000000000001,0.68405435506314727,4992.3174833965131,4992.3174833965131
情景一阈值控制,94,4108.6565234875234,8.4477475866877008,17483.22199036814,3.1406761410417494,4980.7961790712543,1911.9476350718967,3080.4359611351992,0,19.389218826124925,21.40179337508232,12.8872,0.32300000000000001,0.68402317082782005,4992.3835962070962,4992.3835962070962
情景一阈值控制,94.022347294612956,4108.4971086185469,8.4301501228864666,17483.325138682259,3.1340936769235337,4980.8766255540304,1911.9857275295344,3080.4541352324177,0,19.389218826124925,21.40179337508232,12.8872,0.32300000000000001,0.68399663089596374,4992.4398627619521,4992.4398627619521
情景一阈值控制,94.070891996330943,4108.1519785609917,8.3920445561560957,17483.548452754636,3.1198405667724667,4981.0508002160868,1912.0681969514981,3080.4934817956291,0,19.389218826124925,21.40179337508232,12.8872,0.32300000000000001,0.68393917246521696,4992.5616787471272,4992.5616787471272
情景一阈值控制,94.119436698048929,4107.808437481207,8.3541043671425399,17483.770738689684,3.1056500825297775,4981.224186034081,1912.1502866844855,3080.5326472073798,0,19.389218826124925,21.40179337508232,12.8872,0.32300000000000001,0.68388197857291644,4992.6829338918651,4992.6829338918651
情景一阈值控制,94.167981399766916,4107.4664782143345,8.3163289018604498,17483.992001123373,3.0915219697286256,4981.3967864453489,1912.2319984405519,3080.5716322844983,0,19.389218826124925,21.40179337508232,12.8872,0.32300000000000001,0.68382504802623212,4992.8036307250504,4992.8036307250504
情景一阈值控制,94.216526101484902,4107.1260936263861,8.2787175083080644,17484.212244671697,3.0774559747371484,4981.5686048735151,1912.3133339243755,3080.6104378402961,0,19.389218826124925,21.40179337508232,12.8872,0.32300000000000001,0.68376837963747339,4992.923771764672,4992.923771764672
情景一阈值控制,94.265070803202889,4106.787276614129,8.2412695364672448,17484.431473930763,3.0634518447577372,4981.7396447285273,1912.3942948332869,3080.6490646845773,0,19.389218826124925,21.40179337508232,12.8872,0.32300000000000001,0.68371197222406965,4993.0433595178638,4993.0433595178638
情景一阈值控制,94.313615504920875,4106.4500201049659,8.2039843383034476,17484.64969347684,3.049509327826295,4981.9099094067069,1912.4748828572949,3080.6875136236536,0,19.389218826124925,21.40179337508232,12.8872,0.32300000000000001,0.68365582460855068,4993.1623964809487,4993.1623964809487
情景一阈值控制,94.362160206638862,4106.1143170568157,8.1668612677656043,17484.866907866464,3.0356281728114687,4982.0794022907849,1912.5550996791171,3080.7257854603577,0,19.389218826124925,21.40179337508232,12.8872,0.32300000000000001,0.68359993561852694,4993.2808851394748,4993.2808851394748
情景一阈值控制,94.410704908356848,4105.7801604579972,8.1298996807859343,17485.083121636497,3.0218081294138557,4982.2481267499516,1912.634946974207,3080.7638809940563,0,19.389218826124925,21.40179337508232,12.8872,0.32300000000000001,0.68354430408666966,4993.3988279682635,4993.3988279682635
情景一阈值控制,94.459249610074835,4105.4475433271082,8.0930989352796878,17485.298339304201,3.0080489481651882,4982.4160861398886,1912.7144264107822,3080.8018010206642,0,19.389218826124925,21.40179337508232,12.8872,0.32300000000000001,0.68348892885069124,4993.5162274314462,4993.5162274314462
情景一阈值控制,94.507794311792821,4105.1164587129097,8.0564583911448082,17485.512565367335,2.9943503804275,4982.5832838028264,1912.7935396498533,3080.8395463326583,0,19.389218826124925,21.40179337508232,12.8872,0.32300000000000001,0.68343380875332571,4993.6330859825121,4993.6330859825121
情景一阈值控制,94.556339013510808,4104.7868996942116,8.0199774102615269,17485.725804304206,2.9807121783922637,4982.7497230675735,1912.8722883452508,3080.8771177190888,0,19.389218826124925,21.40179337508232,12.8872,0.32300000000000001,0.68337894264230947,4993.7494060643394,4993.7494060643394
情景一阈值控制,94.604883715228794,4104.458859379748,7.9836553564918882,17485.938060573761,2.9671340950795098,4982.9154072495658,1912.9506741436546,3080.9145159655945,0,19.389218826124925,21.40179337508232,12.8872,0.32300000000000001,0.68332432937036125,4993.8651901092489,4993.8651901092489
情景一阈值控制,94.653428416946767,4104.132330908069,7.9474915956792023,17486.149338615651,2.953615884336926,4983.0803396509073,1913.0286986846197,3080.9517418544156,0,19.389218826124925,21.40179337508232,12.8872,0.32300000000000001,0.68326996779516358,4993.980440539035,4993.980440539035
情景一阈值控制,94.701973118664753,4103.8073074474196,7.911485495647403,17486.359642850322,2.9401573008389206,4983.2445235604137,1913.1063636006061,3080.9887961644058,0,19.389218826124925,21.40179337508232,12.8872,0.32300000000000001,0.68321585677934238,4994.0951597650119,4994.0951597650119
情景一阈值控制,94.75051782038274,4103.4837821956271,7.8756364262004066,17486.568977679079,2.9267581000856948,4983.4079622536547,1913.1836705170044,3081.0256796710482,0,19.389218826124925,21.40179337508232,12.8872,0.32300000000000001,0.6831619951904484,4994.2093501880527,4994.2093501880527
情景一阈值控制,94.799062522100726,4103.1617483799791,7.8399437591213319,17486.777347484145,2.9134180384022637,4983.5706589929941,1913.2606210521662,3081.0623931464647,0,19.389218826124925,21.40179337508232,12.8872,0.32300000000000001,0.68310838190093792,4994.3230141986314,4994.3230141986314
情景一阈值控制,94.847607223818713,4102.8411992571164,7.8044068681716805,17486.984756628779,2.9001368729374724,4983.7326170276401,1913.337216817428,3081.0989373594334,0,19.389218826124925,21.40179337508232,12.8872,0.32300000000000001,0.68305501578815309,4994.4361541768612,4994.4361541768612
情景一阈值控制,94.896151925536699,4102.5221281129134,7.7690251290904557,17487.191209457298,2.8869143616629853,4983.8938395936748,1913.4134594171428,3081.1353130753978,0,19.389218826124925,21.40179337508232,12.8872,0.32300000000000001,0.68300189573430348,4994.5487724925406,4994.5487724925406
情景一阈值控制,94.944696627254672,4102.2045282623631,7.7337979195932167,17487.396710295205,2.8737502633722678,4984.0543299141091,1913.489350448704,3081.1715210564821,0,19.389218826124925,21.40179337508232,12.8872,0.32300000000000001,0.68294902062644625,4994.6608715051862,4994.6608715051862
情景一阈值控制,94.993241328972658,4101.8883930494649,7.6987246193710277,17487.601263449211,2.8606443376795201,4984.2140911989154,1913.5648915025745,3081.2075620615046,0,19.389218826124925,21.40179337508232,12.8872,0.32300000000000001,0.68289638935646757,4994.7724535640791,4994.7724535640791
情景一阈值控制,95,4101.844494674594,7.6938536846575394,17487.629667596135,2.8588242555509371,4984.236276443703,1913.5753810948934,3081.212566697131,0,19.389218826124925,21.40179337508232,12.8872,0.32300000000000001,0.68288908100508761,4994.7879477920242,4994.7879477920242
情景一阈值控制,95.041786030690645,4101.5737158471093,7.6638046100894366,17487.804873207344,2.8475963450186335,4984.3731266450814,1913.6400841623133,3081.2434368459885,0,19.389218826124925,21.40179337508232,12.8872,0.32300000000000001,0.68284400082106378,4994.8835210083016,4994.8835210083016
情景一阈值控制,95.090330732408631,4101.260490056965,7.629037275387291,17488.007543839009,2.8346060466420924,4984.5314394366387,1913.7149300046035,3081.2791461621773,0,19.389218826124925,21.40179337508232,12.8872,0.32300000000000001,0.68279185392172215,4994.9940761667804,4994.9940761667804
情景一阈值控制,95.138875434126618,4100.9487091093661,7.5944220008755519,17488.209279595067,2.8216732046198714,4984.6890327447154,1913.7894305992777,3081.3146907590458,0,19.389218826124925,21.40179337508232,12.8872,0.32300000000000001,0.68273994756470235,4995.104121358323,4995.104121358323
情景一阈值控制,95.187420135844604,4100.6383664631949,7.5599581741360184,17488.410084707899,2.8087975818383124,4984.8459097275736,1913.8635875093469,3081.3500713823132,0,19.389218826124925,21.40179337508232,12.8872,0.32300000000000001,0.68268828066101639,4995.2136588916601,4995.2136588916601
情景一阈值控制,95.235964837562591,4100.3294556057763,7.5256451847200072,17488.609963391489,2.7959789419989867,4985.0020735306543,1913.9374022910267,3081.3852887744592,0,19.389218826124925,21.40179337508232,12.8872,0.32300000000000001,0.68263685212641234,4995.3226910654857,4995.3226910654857
情景一阈值控制,95.284509539280577,4100.0219700527623,7.491482424146974,17488.808919841496,2.7832170496175315,4985.1575272866176,1914.0108764937634,3081.4203436747307,0,19.389218826124925,21.40179337508232,12.8872,0.32300000000000001,0.68258566088135342,4995.4312201684943,4995.4312201684943
情景一阈值控制,95.333054240998564,4099.7159033480148,7.4574692859030609,17489.006958235317,2.7705116700224766,4985.3122741153838,1914.0840116602615,3081.4552368191603,0,19.389218826124925,21.40179337508232,12.8872,0.32300000000000001,0.68253470585100007,4995.539248479422,4995.539248479422
情景一阈值控制,95.38159894271655,4099.4112490635034,7.4236051654395983,17489.204082732165,2.7578625693540495,4985.46631712418,1914.1568093265105,3081.4899689405765,0,19.389218826124925,21.40179337508232,12.8872,0.32300000000000001,0.68248398596519155,4995.646778267087,4995.646778267087
情景一阈值控制,95.430143644434537,4099.1080007991868,7.3898894601715517,17489.400297473145,2.7452695145629642,4985.6196594075791,1914.2292710218112,3081.5245407686148,0,19.389218826124925,21.40179337508232,12.8872,0.32300000000000001,0.68243350015842719,4995.753811790426,4995.753811790426
情景一阈值控制,95.478688346152524,4098.8061521829059,7.3563215694758988,17489.595606581312,2.7327322734091926,4985.7723040475385,1914.3013982688019,3081.5589530297343,0,19.389218826124925,21.40179337508232,12.8872,0.32300000000000001,0.68238324736984823,4995.8603512985364,4995.8603512985364
情景一阈值控制,95.52723304787051,4098.5056968702702,7.3229008946899645,17489.790014161772,2.720250614460721,4985.9242541134499,1914.3731925834859,3081.5932064472277,0,19.389218826124925,21.40179337508232,12.8872,0.32300000000000001,0.68233322654321882,4995.9663990307135,4995.9663990307135
情景一阈值控制,95.575777749588497,4098.2066285445499,7.2896268391096939,17489.983524301715,2.7078243070922889,4986.0755126621752,1914.4446554752562,3081.6273017412332,0,19.389218826124925,21.40179337508232,12.8872,0.32300000000000001,0.68228343662690816,4996.071957216489,4996.071957216489
情景一阈值控制,95.624322451306483,4097.9089409165636,7.2564988079878709,17490.176141070515,2.6954531214841122,4986.2260827380896,1914.5157884469238,3081.6612396287501,0,19.389218826124925,21.40179337508232,12.8872,0.32300000000000001,0.68223387657387213,4996.1770280756737,4996.1770280756737
情景一阈值控制,95.67286715302447,4097.6126277245712,7.2235162085322893,17490.367868519792,2.6831368286205892,4986.3759673731238,1914.5865929947427,3081.6950208236472,0,19.389218826124925,21.40179337508232,12.8872,0.32300000000000001,0.68218454534163442,4996.2816138183898,4996.2816138183898
情景一阈值控制,95.721411854742442,4097.3176827341622,7.1906784499038752,17490.558710683476,2.6708752002889962,4986.5251695868092,1914.6570706084353,3081.728646036679,0,19.389218826124925,21.40179337508232,12.8872,0.32300000000000001,0.68213544189226949,4996.3857166451144,4996.3857166451144
情景一阈值控制,95.769956556460428,4097.0240997381488,7.157984943214708,17490.748671577887,2.6586680090781512,4986.6736923863118,1914.7272227712201,3081.7621159754972,0,19.389218826124925,21.40179337508232,12.8872,0.32300000000000001,0.6820865651923832,4996.4893387467173,4996.4893387467173
情景一阈值控制,95.818501258178415,4096.7318725564546,7.1254351015260919,17490.937755201801,2.6465150283770944,4986.8215387664814,1914.7970509598372,3081.7954313446598,0,19.389218826124925,21.40179337508232,12.8872,0.32300000000000001,0.68203791421309545,4996.592482304497,4996.592482304497
情景一阈值控制,95.867045959896402,4096.4409950360096,7.0930283398464811,17491.125965536521,2.6344160323737222,4986.9687117098892,1914.8665566445729,3081.8285928456494,0,19.389218826124925,21.40179337508232,12.8872,0.32300000000000001,0.68198948793002223,4996.6951494902223,4996.6951494902223
情景一阈值控制,95.915590661614388,4096.1514610506401,7.0607640751293923,17491.313306545948,2.622370796053421,4987.1152141868715,1914.9357412892878,3081.8616011768795,0,19.389218826124925,21.40179337508232,12.8872,0.32300000000000001,0.68194128532325693,4996.7973424661668,4996.7973424661668
情景一阈值控制,95.964135363332375,4095.8632645009588,7.0286417262712719,17491.499782176645,2.6103790951976844,4987.2610491555697,1915.0046063514399,3081.8944570337112,0,19.389218826124925,21.40179337508232,12.8872,0.32300000000000001,0.68189330537735315,4996.8990633851508,4996.8990633851508
情景一阈值控制,96,4095.6512014954224,7.0050006739633606,17491.636996111887,2.6015539284928044,4987.3683644448765,1915.0552791720293,3081.9186332834165,0,19.389218826124925,21.40179337508232,12.8872,0.32300000000000001,0.68185800040390665,4996.9739124554453,4996.9739124554453
情景一阈值控制,96.012680065050347,4095.5763993142637,6.9966607141093169,17491.685396357912,2.5984407063827231,4987.4062195619708,1915.0731532821123,3081.9271611084637,0,19.389218826124925,21.40179337508232,12.8872,0.32300000000000001,0.68184554708130629,4997.000314390576,4997.000314390576
情景一阈值控制,96.061224766768333,4095.2908594444243,6.9648204614192055,17491.870153001866,2.5865554069780377,4987.5507283399529,1915.1413835260385,3081.9597140904252,0,19.389218826124925,21.40179337508232,12.8872,0.32300000000000001,0.68179800942853619,4997.1010976164634,4997.1010976164634
情景一阈值控制,96.10976946848632,4095.006638871781,6.9331203929128629,17492.054056003479,2.5747229751450145,4987.6945784113241,1915.2092985216264,3081.9921166658683,0,19.389218826124925,21.40179337508232,12.8872,0.32300000000000001,0.68175069141686917,4997.2014151874946,4997.2014151874946
情景一阈值控制,96.158314170204306,4094.7237316030323,6.901559935236107,17492.237109240679,2.5629431898354778,4987.8377726858598,1915.2768997009853,3082.0243695180588,0,19.389218826124925,21.40179337508232,12.8872,0.32300000000000001,0.68170359204852016,4997.3012692190441,4997.3012692190441
情景一阈值控制,96.206858871922293,4094.442131671135,6.870138516966275,17492.4193165744,2.5512158307902397,4987.9803140613521,1915.3441884899512,3082.0564733272699,0,19.389218826124925,21.40179337508232,12.8872,0.32300000000000001,0.68165671033007513,4997.4006618172207,4997.4006618172207
情景一阈值控制,96.25540357364028,4094.1618331351947,6.8388555686098069,17492.600681848657,2.5395406785376369,4988.1222054236441,1915.4111663081105,3082.0884287707936,0,19.389218826124925,21.40179337508232,12.8872,0.32300000000000001,0.68161004527247382,4997.4995950789043,4997.4995950789043
情景一阈值控制,96.303948275358266,4093.8828300803616,6.8077105225997858,17492.781208890614,2.527917514392056,4988.2634496466744,1915.4778345688271,3082.1202365229519,0,19.389218826124925,21.40179337508232,12.8872,0.32300000000000001,0.68156359589099191,4997.5980710917793,4997.5980710917793
情景一阈值控制,96.352492977076253,4093.6051166177249,6.7767028132934195,17492.960901510651,2.5163461204524431,4988.4040495925192,1915.5441946792664,3082.1518972551112,0,19.389218826124925,21.40179337508232,12.8872,0.32300000000000001,0.68151736120522344,4997.6960919343774,4997.6960919343774
情景一阈值控制,96.401037678794239,4093.3286868842097,6.745831876969504,17493.139763502437,2.5048262796008038,4988.5440081114284,1915.6102480404195,3082.1834116356908,0,19.389218826124925,21.40179337508232,12.8872,0.32300000000000001,0.68147134023906342,4997.7936596761101,4997.7936596761101
情景一阈值控制,96.449582380512226,4093.0535350424702,6.715097151825816,17493.317798642973,2.4933577755006873,4988.6833280418705,1915.6759960471311,3082.2147803301782,0,19.389218826124925,21.40179337508232,12.8872,0.32300000000000001,0.681425532020691,4997.8907763773095,4997.8907763773095
情景一阈值控制,96.498127082230212,4092.7796552807881,6.6844980779764906,17493.495010692706,2.4819403925956638,4988.822012210574,1915.741440088121,3082.2460040011379,0,19.389218826124925,21.40179337508232,12.8872,0.32300000000000001,0.68137993558255094,4997.987444089259,4997.987444089259
情景一阈值控制,96.546671783948199,4092.5070418129685,6.6540340974493377,17493.67140339555,2.4705739161077895,4988.9600634325661,1915.8065815460104,3082.2770833082254,0,19.389218826124925,21.40179337508232,12.8872,0.32300000000000001,0.68133454996133824,4998.0836648542354,4998.0836648542354
情景一阈值控制,96.595216485666185,4092.2356888782333,6.623704654183121,17493.846980478975,2.4592581320360534,4989.0974845112132,1915.871421797347,3082.3080189081984,0,19.389218826124925,21.40179337508232,12.8872,0.32300000000000001,0.68128937419797864,4998.1794407055459,4998.1794407055459
情景一阈值控制,96.643761187384172,4091.9655907411243,6.5935091940248105,17494.021745654074,2.447992827154823,4989.2342782382648,1915.935962212629,3082.338811454928,0,19.389218826124925,21.40179337508232,12.8872,0.32300000000000001,0.6812444073376136,4998.2747736675574,4998.2747736675574
情景一阈值控制,96.692305889102158,4091.6967416913944,6.5634471647267789,17494.19570261562,2.4367777890122708,4989.3704473938888,1916.0002041563289,3082.3694615994114,0,19.389218826124925,21.40179337508232,12.8872,0.32300000000000001,0.68119964842958147,4998.3696657557402,4998.3696657557402
情景一阈值控制,96.740850590820145,4091.4291360439079,6.5335180159439661,17494.368855042143,2.4256128059287949,4989.505994746718,1916.0641489869206,3082.3999699897822,0,19.389218826124925,21.40179337508232,12.8872,0.32300000000000001,0.68115509652740147,4998.4641189767026,4998.4641189767026
情景一阈值控制,96.789395292538117,4091.1627681385398,6.5037211992310189,17494.54120659599,2.4144976669954303,4989.6409230538848,1916.1277980569,3082.4303372713234,0,19.389218826124925,21.40179337508232,12.8872,0.32300000000000001,0.68111075068875693,4998.5581353282232,4998.5581353282232
情景一阈值控制,96.837939994256104,4090.8976323400725,6.4740561680393389,17494.71276092339,2.4034321620722325,4989.7752350610672,1916.1911527128125,3082.4605640864779,0,19.389218826124925,21.40179337508232,12.8872,0.32300000000000001,0.6810666099754773,4998.6517167992906,4998.6517167992906
情景一阈值控制,96.88648469597409,4090.6337230380936,6.444522377714188,17494.883521654523,2.3924160817866853,4989.9089335025237,1916.2542142952759,3082.4906510748615,0,19.389218826124925,21.40179337508232,12.8872,0.32300000000000001,0.68102267345352219,4998.7448653701376,4998.7448653701376
情景一阈值控制,96.935029397692077,4090.371034646897,6.4151192854916683,17495.053492403578,2.3814492175320674,4990.0420211011406,1916.316984139004,3082.5205988732723,0,19.389218826124925,21.40179337508232,12.8872,0.32300000000000001,0.6809789401929639,4998.8375830122768,4998.8375830122768
情景一阈值控制,96.983574099410063,4090.1095616053803,6.3858463504957106,17495.222676768837,2.3705313614658201,4990.1745005684625,1916.3794635728314,3082.5504081157042,0,19.389218826124925,21.40179337508232,12.8872,0.32300000000000001,0.68093540926797125,4998.9298716885351,4998.9298716885351
情景一阈值控制,97,4090.0213621014518,6.3759707462845165,17495.279745662065,2.3668481850858623,4990.2191899597547,1916.4005389962761,3082.5604633029607,0,19.389218826124925,21.40179337508232,12.8872,0.32300000000000001,0.68092072551331873,4998.9610022992365,4998.9610022992365
情景一阈值控制,97.03211880112805,4089.8492983769456,6.3567030337350143,17495.391078332712,2.3596623065079085,4990.306374604741,1916.4416539197387,3082.5800794333572,0,19.389218826124925,21.40179337508232,12.8872,0.32300000000000001,0.68089207975679267,4999.0217333530964,4999.0217333530964
情景一阈值控制,97.080663502846022,4089.5902394493996,6.3276887980999694,17495.558700661833,2.3488418463391714,4990.4376458989709,1916.503556496873,3082.6096134546488,0,19.389218826124925,21.40179337508232,12.8872,0.32300000000000001,0.68084895074173901,4999.1131699515217,4999.1131699515217
情景一阈值控制,97.129208204564009,4089.3323793348513,6.2988031083594924,17495.725547307098,2.3380697753996502,4990.5683171289302,1916.5651726155759,3082.6390108052265,0,19.389218826124925,21.40179337508232,12.8872,0.32300000000000001,0.6808060213091679,4999.2041834208021,4999.2041834208021
情景一阈值控制,97.177752906281995,4089.0757125696196,6.2700454311579197,17495.891621803752,2.3273458888869363,4990.6983909612236,1916.6265035814038,3082.6682721079774,0,19.389218826124925,21.40179337508232,12.8872,0.32300000000000001,0.68076329054946672,4999.2947756893809,4999.2947756893809
情景一阈值控制,97.226297607999982,4088.8202337141229,6.2414152350117797,17496.056927671438,2.3166699827544819,4990.8278700513147,1916.6875506941528,3082.6973979830409,0,19.389218826124925,21.40179337508232,12.8872,0.32300000000000001,0.68072075755703543,4999.3849486771942,4999.3849486771942
情景一阈值控制,97.274842309717968,4088.5659373527919,6.2129119903065764,17496.22146841426,2.3060418537099148,4990.9567570435738,1916.7483152478835,3082.7263890478193,0,19.389218826124925,21.40179337508232,12.8872,0.32300000000000001,0.68067842143027157,4999.4747042957024,4999.4747042957024
情景一阈值控制,97.323387011435955,4088.3128180939639,6.1845351692935324,17496.385247520855,2.2954612992133439,4991.0850545713129,1916.8087985309428,3082.7552459169892,0,19.389218826124925,21.40179337508232,12.8872,0.32300000000000001,0.68063628127155262,4999.5640444479322,4999.5640444479322
情景一阈值控制,97.371931713153941,4088.0608705697869,6.1562842460862974,17496.548268464463,2.2849281174756544,4991.212765256827,1916.8690018259883,3082.7839692025132,0,19.389218826124925,21.40179337508232,12.8872,0.32300000000000001,0.68059433618722043,4999.6529710285013,4999.6529710285013
情景一阈值控制,97.420476414871928,4087.8100894361241,6.1281586966576338,17496.710534702968,2.2744421074567964,4991.3398917114328,1916.9289264100107,3082.8125595136498,0,19.389218826124925,21.40179337508232,12.8872,0.32300000000000001,0.68055258528756468,4999.7414859236605,4999.7414859236605
情景一阈值控制,97.469021116589914,4087.5604693724508,6.1001579988360559,17496.872049678979,2.264003068864064,4991.4664365355102,1916.9885735543583,3082.8410174569644,0,19.389218826124925,21.40179337508232,12.8872,0.32300000000000001,0.68051102768680649,4999.8295910113229,4999.8295910113229
情景一阈值控制,97.517565818307901,4087.3120050817643,6.0722816323024604,17497.032816819887,2.2536108021503698,4991.5924023185371,1917.047944524759,3082.8693436363433,0,19.389218826124925,21.40179337508232,12.8872,0.32300000000000001,0.68046966250308238,4999.9172881611021,4999.9172881611021
情景一阈值控制,97.566110520025887,4087.0646912904808,6.0445290785867076,17497.192839537925,2.243265108512507,4991.7177916391338,1917.1070405813448,3082.897538653001,0,19.389218826124925,21.40179337508232,12.8872,0.32300000000000001,0.68042848885842855,5000.0045792343462,5000.0045792343462
情景一阈值控制,97.614655221743874,4086.8185227483445,6.0168998210641851,17497.35212123024,2.2329657898894086,4991.8426070651012,1917.1658629786739,3082.9256031054929,0,19.389218826124925,21.40179337508232,12.8872,0.32300000000000001,0.68038750587876407,5000.0914660841663,5000.0914660841663
情景一阈值控制,97.66319992346186,4086.5734942283266,5.9893933449523393,17497.510665278947,2.2227126489603926,4991.9668511534546,1917.2244129657529,3082.9535375897271,0,19.389218826124925,21.40179337508232,12.8872,0.32300000000000001,0.68034671269387559,5000.1779505554805,5000.1779505554805
情景一阈值控制,97.711744625179847,4086.3296005265343,5.9620091373071826,17497.668475051181,2.2125054891434113,4992.0905264504718,1917.2826917860616,3082.9813426989735,0,19.389218826124925,21.40179337508232,12.8872,0.32300000000000001,0.68030610843740114,5000.2640344850352,5000.2640344850352
情景一阈值控制,97.760289326897833,4086.0868364621097,5.9347466870197625,17497.825553899194,2.2023441145932825,4992.2136354917247,1917.3407006775749,3083.0090190238761,0,19.389218826124925,21.40179337508232,12.8872,0.32300000000000001,0.68026569224681388,5000.3497197014512,5000.3497197014512
情景一阈值控制,97.80883402861582,4085.8451968771406,5.9076054848126196,17497.981905160366,2.1922283301999195,4992.3361808021209,1917.3984408727842,3083.0365671524619,0,19.389218826124925,21.40179337508232,12.8872,0.32300000000000001,0.68022546326340705,5000.4350080252461,5000.4350080252461
情景一阈值控制,97.857378730333807,4085.6046766365621,5.8805850232362022,17498.13753215731,2.1821579415865546,4992.4581648959429,1917.4559135987229,3083.0639876701548,0,19.389218826124925,21.40179337508232,12.8872,0.32300000000000001,0.68018542063227738,5000.5199012688772,5000.5199012688772
情景一阈值控制,97.905923432051779,4085.3652706280623,5.853684796665279,17498.292438197921,2.1721327551079548,4992.579590276885,1917.5131200769865,3083.0912811597841,0,19.389218826124925,21.40179337508232,12.8872,0.32300000000000001,0.6801455635023097,5000.6044012367711,5000.6044012367711
情景一阈值控制,97.954468133769765,4085.1269737619896,5.8269043012952704,17498.446626575413,2.1621525778486226,4992.700459438096,1917.5700615237558,3083.118448201596,0,19.389218826124925,21.40179337508232,12.8872,0.32300000000000001,0.68010589102616137,5000.6885097253517,5000.6885097253517
情景一阈值控制,98,4084.9044698552443,5.8018942555816198,17498.590596225251,2.1528325362171259,4992.8133237823458,1917.6232292156803,3083.1438147665763,0,19.389218826124925,21.40179337508232,12.8872,0.32300000000000001,0.68006884781582155,5000.7670439822568,5000.7670439822568
情景一阈值控制,98.003012835487752,4084.8897809712566,5.8002430351386485,17498.600100568412,2.1522172176210161,4992.8207748622108,1917.62673914982,3083.145489373263,0,19.389218826124925,21.40179337508232,12.8872,0.32300000000000001,0.68006640236024651,5000.772228523083,5000.772228523083
情景一阈值控制,98.051557537205738,4084.6536872112511,5.7737004980212223,17498.752863441008,2.1423264829637327,4992.9405390213988,1917.6831541605986,3083.1724052498976,0,19.389218826124925,21.40179337508232,12.8872,0.32300000000000001,0.68002709666472094,5000.8555594104964,5000.8555594104964
情景一阈值控制,98.100102238923725,4084.4186874597372,5.7472761915784458,17498.904918442793,2.1324801831397053,4993.0597543773911,1917.7393077561624,3083.199196404059,0,19.389218826124925,21.40179337508232,12.8872,0.32300000000000001,0.67998797310346548,5000.9385041602218,5000.9385041602218
情景一阈值控制,98.148646940641697,4084.1847767167656,5.7209696192516954,17499.056268808959,2.1226781281343903,4993.178423381527,1917.7952011312589,3083.2258634057666,0,19.389218826124925,21.40179337508232,12.8872,0.32300000000000001,0.67994903084407154,5001.0210645370253,5001.0210645370253
情景一阈值控制,98.197191642359684,4083.9519500045817,5.6947802862844883,17499.20691776033,2.1129201286539354,4993.2965484747892,1917.8508354753305,3083.2524068225098,0,19.389218826124925,21.40179337508232,12.8872,0.32300000000000001,0.6799102690578257,5001.1032422978406,5001.1032422978406
情景一阈值控制,98.24573634407767,4083.7202023675313,5.6687076997187607,17499.356868503422,2.1032059961233722,4993.4141320878434,1917.9062119725395,3083.2788272192579,0,19.389218826124925,21.40179337508232,12.8872,0.32300000000000001,0.67987168691969335,5001.1850391917978,5001.1850391917978
情景一阈值控制,98.294281045795657,4083.4895288719704,5.6427513683910346,17499.50612423052,2.0935355426847746,4993.5311766410723,1917.9613318017891,3083.3051251584711,0,19.389218826124925,21.40179337508232,12.8872,0.32300000000000001,0.67983328360830508,5001.2664569602603,5001.2664569602603
情景一阈值控制,98.342825747513643,4083.2599246061732,5.6169108029286132,17499.654688119725,2.0839085811954248,4993.6476845446196,1918.0161961367437,3083.3313012001113,0,19.389218826124925,21.40179337508232,12.8872,0.32300000000000001,0.67979505830593956,5001.3474973368548,5001.3474973368548
情景一阈值控制,98.39137044923163,4083.0313846802383,5.5911855157457389,17499.802563335008,2.0743249252259726,4993.7636581984225,1918.0708061458542,3083.3573559016518,0,19.389218826124925,21.40179337508232,12.8872,0.32300000000000001,0.67975701019850954,5001.4281620475058,5001.4281620475058
情景一阈值控制,98.439915150949616,4082.8039042260034,5.5655750210397299,17499.949753026282,2.0647843890585902,4993.8790999922539,1918.125162992377,3083.3832898180867,0,19.389218826124925,21.40179337508232,12.8872,0.32300000000000001,0.67971913847554666,5001.5084528104635,5001.5084528104635
情景一阈值控制,98.488459852667603,4082.57747839695,5.5400788347871028,17500.096260329461,2.0552867876851217,4993.9940123057559,1918.179267834395,3083.4091035019451,0,19.389218826124925,21.40179337508232,12.8872,0.32300000000000001,0.67968144233018601,5001.5883713363401,5001.5883713363401
情景一阈值控制,98.537004554385589,4082.3521023681124,5.5146964747396714,17500.2420883665,2.0458319368052287,4994.1083975084812,1918.2331218248423,3083.4347975032961,0,19.389218826124925,21.40179337508232,12.8872,0.32300000000000001,0.67964392095915072,5001.6679193281379,5001.6679193281379
情景一阈值控制,98.585549256103576,4082.1277713359932,5.4894274604206199,17500.387240245473,2.0364196528245291,4994.2222579599284,1918.286726111523,3083.4603723697624,0,19.389218826124925,21.40179337508232,12.8872,0.32300000000000001,0.67960657356273835,5001.7470984812853,5001.7470984812853
情景一阈值控制,98.634093957821563,4081.904480518469,5.4642713131205642,17500.531719060618,2.0270497528527351,4994.3355960095796,1918.3400818371342,3083.485828646531,0,19.389218826124925,21.40179337508232,12.8872,0.32300000000000001,0.67956939934480431,5001.8259104836652,5001.8259104836652
情景一阈值控制,98.682638659539549,4081.6822251547001,5.4392275558935932,17500.675527892403,2.0177220547017849,4994.44841399694,1918.3931901392862,3083.5111668763616,0,19.389218826124925,21.40179337508232,12.8872,0.32300000000000001,0.67953239751274819,5001.9043570156482,5001.9043570156482
情景一阈值控制,98.731183361257536,4081.4610005050477,5.4142957135532876,17500.818669807584,2.0084363768839699,4994.5607142515701,1918.4460521505239,3083.5363875995959,0,19.389218826124925,21.40179337508232,12.8872,0.32300000000000001,0.67949556727749838,5001.9824397501197,5001.9824397501197
情景一阈值控制,98.779728062975522,4081.2408018509782,5.3894753126687203,17500.961147859252,1.9991925386100611,4994.6724990931298,1918.4986689983491,3083.5614913541713,0,19.389218826124925,21.40179337508232,12.8872,0.32300000000000001,0.6794589078534975,5002.0601603525201,5002.0601603525201
情景一阈值控制,98.828272764693509,4081.0216244949779,5.3647658815604453,17501.102965086906,1.9899903597874258,4994.7837708314082,1918.5510418052409,3083.5864786756279,0,19.389218826124925,21.40179337508232,12.8872,0.32300000000000001,0.67942241845868723,5002.1375204808683,5002.1375204808683
情景一阈值控制,98.876817466411495,4080.8034637604669,5.3401669502964575,17501.244124516492,1.9808296610181475,4994.8945317663674,1918.6031716886757,3083.6113500971187,0,19.389218826124925,21.40179337508232,12.8872,0.32300000000000001,0.67938609831449492,5002.2145217857942,5002.2145217857942
情景一阈值控制,98.925362168129482,4080.5863149917068,5.3156780506881498,17501.384629160471,1.9717102635971371,4995.004784188176,1918.6550597611511,3083.6361061494222,0,19.389218826124925,21.40179337508232,12.8872,0.32300000000000001,0.67934994664581694,5002.291165910573,5002.291165910573
情景一阈值控制,98.973906869847454,4080.3701735537174,5.2912987162862493,17501.524482017881,1.9626319895102464,4995.1145303772437,1918.7067071302026,3083.6607473609492,0,19.389218826124925,21.40179337508232,12.8872,0.32300000000000001,0.67931396268100619,5002.3674544911519,5002.3674544911519
情景一阈值控制,99,4080.2544105854354,5.2782397577985378,17501.599385664525,1.9577692817744281,4995.1733113651035,1918.7343688909505,3083.673944921838,0,19.389218826124925,21.40179337508232,12.8872,0.32300000000000001,0.67929469006666721,5002.408313812788,5002.408313812788
情景一阈值控制,99.022451571565441,4080.155034832188,5.2670284823767028,17501.663686074382,1.9535946614323632,4995.2237726042613,1918.7581148984282,3083.6852742577539,0,19.389218826124925,21.40179337508232,12.8872,0.32300000000000001,0.67927814565185629,5002.4433891561821,5002.4433891561821
情景一阈值控制,99.070996273283427,4079.940894233388,5.2428668859766256,17501.802244302311,1.9445981027255308,4995.332513130239,1918.8092841635078,3083.7096873635455,0,19.389218826124925,21.40179337508232,12.8872,0.32300000000000001,0.67924249479358756,5002.5189715270535,5002.5189715270535
情景一阈值控制,99.119540975001414,4079.7277471840853,5.2188134658301495,17501.940159660746,1.9356421374370363,4995.4407542065383,1918.8602160182231,3083.7339871996946,0,19.389218826124925,21.40179337508232,12.8872,0.32300000000000001,0.67920700934483225,5002.5942032179173,5002.5942032179173
情景一阈值控制,99.1680856767194,4079.5155891314575,5.1948677624043054,17502.077435095565,1.9267265902975133,4995.5484980749115,1918.9109115504789,3083.7581742852462,0,19.389218826124925,21.40179337508232,12.8872,0.32300000000000001,0.67917168854762155,5002.6690858357251,5002.6690858357251
情景一阈值控制,99.216630378437387,4079.3044155430048,5.1710293178848747,17502.214073539493,1.9178512867190327,4995.6557469675354,1918.9613718433231,3083.7822491369284,0,19.389218826124925,21.40179337508232,12.8872,0.32300000000000001,0.67913653164736887,5002.7436209802518,5002.7436209802518
情景一阈值控制,99.265175080155359,4079.0942219064673,5.1472976761722382,17502.35007791215,1.9090160527932003,4995.7625031070529,1919.0115979749689,3083.8062122691613,0,19.389218826124925,21.40179337508232,12.8872,0.32300000000000001,0.6791015378928581,5002.8178102441307,5002.8178102441307
情景一阈值控制,99.313719781873345,4078.8850037297366,5.1236723828771655,17502.485451120134,1.9002207152892332,4995.8687687066022,1919.0615910188133,3083.8300641940673,0,19.389218826124925,21.40179337508232,12.8872,0.32300000000000001,0.67906670653622747,5002.8916552128803,5002.8916552128803
情景一阈值控制,99.362264483591332,4078.6767565407736,5.1001529853166794,17502.620196057036,1.8914651016520623,4995.9745459698588,1919.1113520434569,3083.8538054214828,0,19.389218826124925,21.40179337508232,12.8872,0.32300000000000001,0.67903203683295676,5002.9651574649397,5002.9651574649397
情景一阈值控制,99.410809185309319,4078.4694758875225,5.0767390325098134,17502.754315603535,1.8827490400004077,4996.079837091067,1919.160882112727,3083.8774364589631,0,19.389218826124925,21.40179337508232,12.8872,0.32300000000000001,0.67899752804185254,5003.0383185716901,5003.0383185716901
情景一阈值控制,99.459353887027305,4078.263157337828,5.0534300751734147,17502.887812627429,1.8740723591248605,4996.1846442550814,1919.2101822856944,3083.9009578117966,0,19.389218826124925,21.40179337508232,12.8872,0.32300000000000001,0.67896317942503437,5003.1111400974914,5003.1111400974914
情景一阈值控制,99.507898588745292,4078.0577964793461,5.0302256657179063,17503.020689983696,1.8654348884859655,4996.2889696373932,1919.2592536166958,3083.9243699830131,0,19.389218826124925,21.40179337508232,12.8872,0.32300000000000001,0.67892899024792031,5003.1836235997089,5003.1836235997089
情景一阈值控制,99.556443290463278,4077.8533889194678,5.0071253582430497,17503.152950514537,1.8568364582122976,4996.3928154041778,1919.3080971553538,3083.9476734733917,0,19.389218826124925,21.40179337508232,12.8872,0.32300000000000001,0.67889495977921355,5003.2557706287453,5003.2557706287453
情景一阈值控制,99.604987992181265,4077.6499302852312,4.9841287085336914,17503.284597049449,1.8482768990985372,4996.4961837123228,1919.356713946594,3083.9708687814727,0,19.389218826124925,21.40179337508232,12.8872,0.32300000000000001,0.67886108729088868,5003.3275827280668,5003.3275827280668
情景一阈值控制,99.653532693899251,4077.44741622324,4.9612352740554932,17503.415632405275,1.8397560426035444,4996.5990767094627,1919.4051050306691,3083.9939564035644,0,19.389218826124925,21.40179337508232,12.8872,0.32300000000000001,0.67882737205817723,5003.3990614342338,5003.3990614342338
情景一阈值控制,99.702077395617238,4077.2458423995772,4.9384446139506615,17503.546059386241,1.8312737208484322,4996.7014965340204,1919.4532714431753,3084.0169368337561,0,19.389218826124925,21.40179337508232,12.8872,0.32300000000000001,0.67879381335955424,5003.4702082769309,5003.4702082769309
情景一阈值控制,99.750622097335224,4077.0452044997282,4.9157562890336548,17503.675880784023,1.8228297666146356,4996.8034453152359,1919.5012142150736,3084.0398105639229,0,19.389218826124925,21.40179337508232,12.8872,0.32300000000000001,0.67876041047672409,5003.5410247789969,5003.5410247789969
情景一阈值控制,99.799166799053211,4076.8454982284952,4.893169861786884,17503.805099377805,1.814424013341982,4996.9049251732076,1919.5489343727086,3084.0625780837399,0,19.389218826124925,21.40179337508232,12.8872,0.32300000000000001,0.67872716269460798,5003.6115124564485,5003.6115124564485
情景一阈值控制,99.847711500771197,4076.6467193099143,4.8706848963564022,17503.933717934317,1.8060562951267576,4997.005938218922,1919.5964329378294,3084.0852398806883,0,19.389218826124925,21.40179337508232,12.8872,0.32300000000000001,0.6786940693013287,5003.6816728185177,5003.6816728185177
情景一阈值控制,99.896256202489184,4076.4488634871782,4.8483009585475854,17504.0617392079,1.7977264467197744,4997.106486554293,1919.6437109276076,3084.1077964400652,0,19.389218826124925,21.40179337508232,12.8872,0.32300000000000001,0.67866112958819846,5003.7515073676732,5003.7515073676732
情景一阈值控制,99.94480090420717,4076.2519265225492,4.8260176158208017,17504.189165940548,1.7894343035244358,4997.2065722721945,1919.6907693546573,3084.1302482449951,0,19.389218826124925,21.40179337508232,12.8872,0.32300000000000001,0.67862834284970397,5003.8210175996519,5003.8210175996519
情景一阈值控制,99.993345605925157,4076.0559041972842,4.8038344372870698,17504.316000861978,1.7811797015947992,4997.3061974564953,1919.7376092270556,3084.1525957764343,0,19.389218826124925,21.40179337508232,12.8872,0.32300000000000001,0.67859570838349481,5003.8902050034903,5003.8902050034903
情景一阈值控制,100,4076.0291049638895,4.8008014014449838,17504.333341124915,1.7800510967516259,4997.3198180676363,1919.7440129500542,3084.1556510238916,0,19.389218826124925,21.40179337508232,12.8872,0.32300000000000001,0.67859124675558857,5003.8996639739453,5003.8996639739453
情景一阈值控制,100.04189030764313,4075.8607923115487,4.7817509937037155,17504.442246689658,1.7729624776336423,4997.4053641820956,1919.7842315483588,3084.1748395131863,0,19.389218826124925,21.40179337508232,12.8872,0.32300000000000001,0.67856322549036807,5003.9590710615448,5003.9590710615448
情景一阈值控制,100.09043500936112,4075.66658668434,4.7597668574699865,17504.567906128879,1.7647824689905149,4997.504074514959,1919.8306373176258,3084.1969799319058,0,19.389218826124925,21.40179337508232,12.8872,0.32300000000000001,0.6785308934742561,5004.0276172495314,5004.0276172495314
情景一阈值控制,100.1389797110791,4075.4732831534043,4.7378816026227248,17504.692981872802,1.7566395136598141,4997.6023305121498,1919.8768275294337,3084.2190175071114,0,19.389218826124925,21.40179337508232,12.8872,0.32300000000000001,0.67849871164221276,5004.0958450365451,5004.0958450365451
情景一阈值控制,100.18752441279709,4075.2808775751605,4.716094804831962,17504.8174766025,1.7485334502788361,4997.7001342218673,1919.922803173899,3084.2409527111913,0,19.389218826124925,21.40179337508232,12.8872,0.32300000000000001,0.67846667930440041,5004.1637558850907,5004.1637558850907
情景一阈值控制,100.23606911451508,4075.0893658246177,4.6944060413965403,17504.941392987024,1.7404641181258362,4997.797487683476,1919.9685652366948,3084.2627860144157,0,19.389218826124925,21.40179337508232,12.8872,0.32300000000000001,0.6784347957740765,5004.23135125111,5004.23135125111
情景一阈值控制,100.28461381623306,4074.8987437952956,4.6728148912397236,17505.064733683437,1.7324313571180898,4997.8943929275456,1920.0141146990713,3084.2845178849443,0,19.389218826124925,21.40179337508232,12.8872,0.32300000000000001,0.67840306036758025,5004.2986325840156,5004.2986325840156
情景一阈值控制,100.33315851795103,4074.7090073991499,4.6513209349047973,17505.187501336892,1.7244350078099522,4997.9908519758819,1920.0594525378747,3084.306148788834,0,19.389218826124925,21.40179337508232,12.8872,0.32300000000000001,0.67837147240431983,5004.3656013267082,5004.3656013267082
情景一阈值控制,100.38170321966902,4074.5201525664884,4.6299237545506386,17505.309698580648,1.7164749113909081,4998.0868668415615,1920.1045797255642,3084.3276791900507,0,19.389218826124925,21.40179337508232,12.8872,0.32300000000000001,0.67834003120675934,5004.4322589156145,5004.4322589156145
情景一阈值控制,100.43024792138701,4074.3321752458951,4.6086229339473368,17505.431328036146,1.7085509096836415,4998.1824395289668,1920.1494972302332,3084.349109550476,0,19.389218826124925,21.40179337508232,12.8872,0.32300000000000001,0.6783087361004051,5004.4986067807095,5004.4986067807095
情景一阈值控制,100.47879262310499,4074.1450714041539,4.5874180584717479,17505.552392313057,1.7006628451420855,4998.2775720338168,1920.1942060156255,3084.3704403299171,0,19.389218826124925,21.40179337508232,12.8872,0.32300000000000001,0.67827758641379332,5004.5646463455423,5004.5646463455423
情景一阈值控制,100.52733732482298,4073.9588370261663,4.5663087151030695,17505.672894009313,1.6928105608494823,4998.3722663432063,1920.2387070411553,3084.3916719861154,0,19.389218826124925,21.40179337508232,12.8872,0.32300000000000001,0.67824658147847683,5004.6303790272705,5004.6303790272705
情景一阈值控制,100.57588202654097,4073.7734681148791,4.5452944924184022,17505.792835711192,1.6849939005164389,4998.4665244356338,1920.2830012619256,3084.4128049747551,0,19.389218826124925,21.40179337508232,12.8872,0.32300000000000001,0.6782157206290127,5004.6958062366812,5004.6958062366812
情景一阈值控制,100.62442672825895,4073.5889606912046,4.5243749805883162,17505.91221999333,1.6772127084789845,4998.5603482810384,1920.3270896287468,3084.4338397494716,0,19.389218826124925,21.40179337508232,12.8872,0.32300000000000001,0.67818500320294861,5004.7609293782189,5004.7609293782189
情景一阈值控制,100.67297142997694,4073.4053107939421,4.503549771372394,17506.031049418794,1.6694668296966295,4998.6537398408345,1920.3709730881537,3084.4547767618619,0,19.389218826124925,21.40179337508232,12.8872,0.32300000000000001,0.67815442854081032,5004.8257498500152,5004.8257498500152
情景一阈值控制,100.72151613169493,4073.2225144797062,4.4828184581147834,17506.149326539129,1.6617561097504208,4998.7467010679411,1920.414652582426,3084.4756164614928,0,19.389218826124925,21.40179337508232,12.8872,0.32300000000000001,0.67812399598608963,5004.890269043919,5004.890269043919
情景一阈值控制,100.77006083341291,4073.0405678228453,4.4621806357397364,17506.267053894397,1.6540803948410008,4998.8392339068187,1920.4581290496039,3084.496359295907,0,19.389218826124925,21.40179337508232,12.8872,0.32300000000000001,0.6780937048852308,5004.954488345511,5004.954488345511
情景一阈值控制,100.8186055351309,4072.859466915369,4.441635900747146,17506.38423401324,1.6464395317866651,4998.9313402934995,1920.5014034235096,3084.5170057106361,0,19.389218826124925,21.40179337508232,12.8872,0.32300000000000001,0.67806355458761813,5005.0184091341453,5005.0184091341453
情景一阈值控制,100.86715023684889,4072.6792078668718,4.4211838512080739,17506.500869412914,1.6388333680214209,4999.0230221556249,1920.5444766337616,3084.5375561492056,0,19.389218826124925,21.40179337508232,12.8872,0.32300000000000001,0.67803354444556341,5005.082032782967,5005.082032782967
情景一阈值控制,100.91569493856687,4072.4997868044552,4.4008240867602808,17506.616962599357,1.6312617515930454,4999.1142814124742,1920.5873496057952,3084.5580110531446,0,19.389218826124925,21.40179337508232,12.8872,0.32300000000000001,0.67800367381429361,5005.1453606589403,5005.1453606589403
情景一阈值控制,100.96423964028486,4072.3211998726574,4.3805562086037479,17506.732516067219,1.6237245311611452,4999.2051199750003,1920.6300232608803,3084.5783708619965,0,19.389218826124925,21.40179337508232,12.8872,0.32300000000000001,0.67797394205193806,5005.2083941228766,5005.2083941228766
情景一阈值控制,101,4072.190175468907,4.3656844588843606,17506.817294522592,1.618194165846945,4999.2717680384103,1920.6613317679312,3084.5933083033219,0,19.389218826124925,21.40179337508232,12.8872,0.32300000000000001,0.67795212866169807,5005.2546400712527,5005.2546400712527
情景一阈值控制,101.01278434200285,4072.1434432333731,4.3603798194961927,17506.847532299918,1.6162215559952176,4999.2955397458582,1920.6724985161386,3084.5986360133234,0,19.389218826124925,21.40179337508232,12.8872,0.32300000000000001,0.67794434851951602,5005.271134529462,5005.271134529462
情景一阈值控制,101.06132904372083,4071.9665130657841,4.3402945237485815,17506.962013769687,1.6087526759727089,4999.3855426194459,1920.7147762845614,3084.6188069427185,0,19.389218826124925,21.40179337508232,12.8872,0.32300000000000001,0.67791489258092452,5005.3335832272796,5005.3335832272796
情景一阈值控制,101.10987374543882,4071.7904055662807,4.3202999272206446,17507.075962937633,1.6013177415770783,4999.4751304819301,1920.7568574750271,3084.6388840838122,0,19.389218826124925,21.40179337508232,12.8872,0.32300000000000001,0.67788557360292567,5005.3957415588393,5005.3957415588393
情景一阈值控制,101.15841844715679,4071.6151169483906,4.3003956373163827,17507.189382253757,1.5939166038958603,4999.5643052112782,1920.7987429923207,3084.6588678682815,0,19.389218826124925,21.40179337508232,12.8872,0.32300000000000001,0.67785639095513461,5005.4576108606025,5005.4576108606025
情景一阈值控制,101.20696314887478,4071.4406434427024,4.2805812629795517,17507.302274157042,1.5865491146187205,4999.6530686772976,1920.8404337371489,3084.6787587258582,0,19.389218826124925,21.40179337508232,12.8872,0.32300000000000001,0.67782734401000699,5005.5191924630071,5005.5191924630071
情景一阈值控制,101.25550785059276,4071.2669812967965,4.2608564146891927,17507.414641075458,1.5792151260355318,4999.7414227416593,1920.8819306061594,3084.6985570843376,0,19.389218826124925,21.40179337508232,12.8872,0.32300000000000001,0.67779843214282698,5005.5804876904967,5005.5804876904967
情景一阈值控制,101.30405255231075,4071.0941267751668,4.2412207044551096,17507.526485426042,1.5719144910344311,4999.82936925794,1920.9232344919567,3084.7182633695852,0,19.389218826124925,21.40179337508232,12.8872,0.32300000000000001,0.67776965473169493,5005.6414978615421,5005.6414978615421
情景一阈值控制,101.35259725402874,4070.9220761591537,4.2216737458133684,17507.637809614927,1.5646470630998883,4999.9169100716445,1920.9643462831223,3084.7378780055474,0,19.389218826124925,21.40179337508232,12.8872,0.32300000000000001,0.67774101115751539,5005.7022242886696,5005.7022242886696
情景一阈值控制,101.40114195574671,4070.7508257468644,4.2022151538217942,17507.748616037399,1.5574126963107744,5000.0040470202421,1921.0052668642286,3084.7574014142583,0,19.389218826124925,21.40179337508232,12.8872,0.32300000000000001,0.67771250080398504,5005.7626682784867,5005.7626682784867
情景一阈值控制,101.4496866574647,4070.5803718531079,4.1828445450554401,17507.858907077934,1.5502112453384227,5000.0907819332024,1921.0459971158596,3084.7768340158491,0,19.389218826124925,21.40179337508232,12.8872,0.32300000000000001,0.67768412305758041,5005.8228311317089,5005.8228311317089
情景一阈值控制,101.49823135918268,4070.4107108093172,4.1635615376021082,17507.968685110252,1.5430425654447109,5000.1771166320186,1921.0865379146248,3084.796176228554,0,19.389218826124925,21.40179337508232,12.8872,0.32300000000000001,0.67765587730754606,5005.8827141431793,5005.8827141431793
情景一阈值控制,101.54677606090067,4070.2418389634822,4.1443657510578111,17508.07795249737,1.5359065124801241,5000.2630529302487,1921.1268901331787,3084.8154284687203,0,19.389218826124925,21.40179337508232,12.8872,0.32300000000000001,0.67762776294588267,5005.9423186018994,5005.9423186018994
情景一阈值控制,101.59532076261866,4070.073752680074,4.1252568065222652,17508.186711591621,1.5288029428818295,5000.3485926335379,1921.1670546402368,3084.8345911508177,0,19.389218826124925,21.40179337508232,12.8872,0.32300000000000001,0.67759977936733529,5006.0016457910542,5006.0016457910542
情景一阈值控制,101.64386546433664,4069.9064483399779,4.1062343265943717,17508.294964734738,1.5217317136717501,5000.4337375396572,1921.2070323005933,3084.8536646874427,0,19.389218826124925,21.40179337508232,12.8872,0.32300000000000001,0.67757192596938098,5006.0606969880355,5006.0606969880355
情景一阈值控制,101.69241016605463,4069.7399223404177,4.087297935367701,17508.402714257863,1.5146926824546409,5000.518489438532,1921.2468239751377,3084.8726494893303,0,19.389218826124925,21.40179337508232,12.8872,0.32300000000000001,0.67754420215221767,5006.1194734644678,5006.1194734644678
情景一阈值控制,101.74095486777261,4069.5741710948901,4.0684472584259694,17508.509962481632,1.5076857074161656,5000.6028501122755,1921.2864305208707,3084.8915459653595,0,19.389218826124925,21.40179337508232,12.8872,0.32300000000000001,0.67751660731875174,5006.1779764862304,5006.1779764862304
情景一阈值控制,101.7894995694906,4069.4091910330903,4.0496819228385226,17508.616711716175,1.500710647320975,5000.6868213352145,1921.3258527909234,3084.910354522563,0,19.389218826124925,21.40179337508232,12.8872,0.32300000000000001,0.67748914087458667,5006.2362073134864,5006.2362073134864
情景一阈值控制,101.83804427120859,4069.2449786008447,4.0310015571558147,17508.7229642612,1.4937673615107889,5000.770404873927,1921.3650916345707,3084.929075566135,0,19.389218826124925,21.40179337508232,12.8872,0.32300000000000001,0.67746180222801156,5006.2941672007055,5006.2941672007055
情景一阈值控制,101.88658897292657,4069.0815302600408,4.0124057914048867,17508.828722406019,1.4868557099024773,5000.8536024872701,1921.404147897252,3084.9477094994377,0,19.389218826124925,21.40179337508232,12.8872,0.32300000000000001,0.67743459078998947,5006.3518573966894,5006.3518573966894
情景一阈值控制,101.93513367464456,4068.9188424885551,3.9938942570848441,17508.933988429599,1.4799755529861451,5000.9364159264114,1921.4430224205837,3084.9662567240111,0,19.389218826124925,21.40179337508232,12.8872,0.32300000000000001,0.67740750597414501,5006.4092791445946,5006.4092791445946
情景一阈值控制,101.98367837636255,4068.7569117801872,3.9754665871623378,17509.038764600606,1.4731267518232185,5001.0188469348614,1921.4817160423793,3084.9847176395797,0,19.389218826124925,21.40179337508232,12.8872,0.32300000000000001,0.67738054719675411,5006.4664336819587,5006.4664336819587
情景一阈值控制,102,4068.702637139394,3.9692896393427186,17509.073882640303,1.4708310778564115,5001.0464761577423,1921.4946850613203,3084.9909052217336,0,19.389218826124925,21.40179337508232,12.8872,0.32300000000000001,0.67737151136918405,5006.4855902830541,5006.4855902830541
情景一阈值控制,102.03222307808053,4068.5957346445871,3.9571224160670413,17509.143053177439,1.466309168044531,5001.1008972485006,1921.5202295966633,3085.0030926440609,0,19.389218826124925,21.40179337508232,12.8872,0.32300000000000001,0.67735371387673138,5006.5233222407242,5006.5233222407242
情景一阈值控制,102.08076777979852,4068.4353076071911,3.9388613796871312,17509.246856408296,1.4595226638484158,5001.1825685956137,1921.5585639136891,3085.0213821335724,0,19.389218826124925,21.40179337508232,12.8872,0.32300000000000001,0.67732700543561963,5006.5799460472617,5006.5799460472617
情景一阈值控制,102.12931248151651,4068.2756272091497,3.9206831153647652,17509.350176531203,1.4527671019987956,5001.2638626969192,1921.5967198199542,3085.0395865024407,0,19.389218826124925,21.40179337508232,12.8872,0.32300000000000001,0.67730042129757773,5006.6363063223944,5006.6363063223944
情景一阈值控制,102.17785718323449,4068.1166900072617,3.9025872618915654,17509.453015774063,1.4460423458232783,5001.3447812655986,1921.6346981382183,3085.0577061432073,0,19.389218826124925,21.40179337508232,12.8872,0.32300000000000001,0.67727396088936975,5006.6924042814253,5006.6924042814253
情景一阈值控制,102.22640188495247,4067.9584925739036,3.8845734595040997,17509.555376354689,1.4393482592112545,5001.4253260073292,1921.6724996875168,3085.0757414466398,0,19.389218826124925,21.40179337508232,12.8872,0.32300000000000001,0.67724762364035318,5006.7482411341571,5006.7482411341571
情景一阈值控制,102.27494658667045,4067.8010314969642,3.8666413498793486,17509.657260480872,1.4326847066119881,5001.5054986203113,1921.7101252831806,3085.093692801735,0,19.389218826124925,21.40179337508232,12.8872,0.32300000000000001,0.67722140898246819,5006.8038180849153,5006.8038180849153
情景一阈值控制,102.32349128838844,4067.6443033797773,3.8487905761302152,17509.758670350395,1.426051553032728,5001.5853007953028,1921.7475757368484,3085.1115605957298,0,19.389218826124925,21.40179337508232,12.8872,0.32300000000000001,0.67719531635022623,5006.8591363325777,5006.8591363325777
情景一阈值控制,102.37203599010643,4067.4883048410529,3.8310207828009912,17509.859608151102,1.4194486640368043,5001.6647342156448,1921.7848518564854,3085.129345214109,0,19.389218826124925,21.40179337508232,12.8872,0.32300000000000001,0.67716934518069849,5006.9141970705941,5006.9141970705941
情景一阈值控制,102.42058069182441,4067.3330325148122,3.813331615862849,17509.960076060928,1.4128759057417342,5001.7438005572922,1921.8219544463982,3085.1470470406111,0,19.389218826124925,21.40179337508232,12.8872,0.32300000000000001,0.67714349491350534,5006.9690014870093,5006.9690014870093
情景一阈值控制,102.46912539354238,4067.1784830503198,3.7957227227093333,17510.060076247941,1.4063331448173331,5001.8225014888476,1921.8588843072505,3085.1646664572363,0,19.389218826124925,21.40179337508232,12.8872,0.32300000000000001,0.67711776499080489,5007.0235507644866,5007.0235507644866
情景一阈值控制,102.51767009526037,4067.0246531120169,3.7781937521518287,17510.159610870396,1.3998202484838154,5001.9008386715877,1921.8956422360798,3085.1822038442551,0,19.389218826124925,21.40179337508232,12.8872,0.32300000000000001,0.67709215485728214,5007.0778460803349,5007.0778460803349
情景一阈值控制,102.56621479697836,4066.8715393794587,3.7607443544150874,17510.258682076761,1.3933370845099193,5001.9788137594915,1921.9322290263126,3085.1996595802157,0,19.389218826124925,21.40179337508232,12.8872,0.32300000000000001,0.6770666639601377,5007.1318886065283,5007.1318886065283
情景一阈值控制,102.61475949869634,4066.7191385472429,3.7433741811326939,17510.357292005778,1.3868835212110144,5002.0564283992744,1921.9686454677803,3085.2170340419498,0,19.389218826124925,21.40179337508232,12.8872,0.32300000000000001,0.67704129174907712,5007.1856795097301,5007.1856795097301
情景一阈值控制,102.66330420041433,4066.5674473249492,3.7260828853425747,17510.455442786482,1.3804594274472204,5002.1336842304136,1922.0048923467341,3085.2343276045822,0,19.389218826124925,21.40179337508232,12.8872,0.32300000000000001,0.67701603767630014,5007.239219951316,5007.239219951316
情景一阈值控制,102.71184890213232,4066.416462437071,3.7088701214824917,17510.553136538281,1.374064672621528,5002.2105828851827,1922.0409704458621,3085.2515406415368,0,19.389218826124925,21.40179337508232,12.8872,0.32300000000000001,0.67699090119648897,5007.2925110873985,5007.2925110873985
情景一阈值控制,102.7603936038503,4066.2661806229517,3.6917355453855438,17510.650375370948,1.3676991266779213,5002.2871259886742,1922.076880544304,3085.2686735245452,0,19.389218826124925,21.40179337508232,12.8872,0.32300000000000001,0.67696588176679851,5007.3455540688492,5007.3455540688492
情景一阈值控制,102.80893830556829,4066.11659863672,3.6746788142756714,17510.747161384712,1.3613626600995039,5002.3633151588319,1922.1126234176661,3085.2857266236533,0,19.389218826124925,21.40179337508232,12.8872,0.32300000000000001,0.67694097884684501,5007.3983500413196,5007.3983500413196
情景一阈值控制,102.85748300728628,4065.9677132472266,3.6576995867631639,17510.843496670259,1.355055143906627,5002.4391520064837,1922.1481998380377,3085.302700307228,0,19.389218826124925,21.40179337508232,12.8872,0.32300000000000001,0.67691619189869567,5007.4509001452661,5007.4509001452661
情景一阈值控制,102.90602770900426,4065.8195212379746,3.6407975228401694,17510.939383308803,1.3487764496550199,5002.5146381353634,1922.1836105740056,3085.319594941966,0,19.389218826124925,21.40179337508232,12.8872,0.32300000000000001,0.67689152038685718,5007.5032055159718,5007.5032055159718
情景一阈值控制,102.95457241072225,4065.6720194070626,3.6239722838762027,17511.03482337212,1.3425264494339246,5002.5897751421471,1922.2188563906695,3085.3364108928999,0,19.389218826124925,21.40179337508232,12.8872,0.32300000000000001,0.67686696377826583,5007.5552672835693,5007.5552672835693
情景一阈值控制,103,4065.5346111424028,3.60829669816582,17511.123732461572,1.3367036456410517,5002.6597727068574,1922.2516903322851,3085.3520761264922,0,19.389218826124925,21.40179337508232,12.8872,0.32300000000000001,0.67684408758105796,5007.6037664587775,5007.6037664587775
情景一阈值控制,103.00311711244024,4065.5252045671177,3.6072235326136677,17511.129818922567,1.3363050158642318,5002.6645646164752,1922.2539380496582,3085.3531485234075,0,19.389218826124925,21.40179337508232,12.8872,0.32300000000000001,0.67684252154227709,5007.6070865730653,5007.6070865730653
情景一阈值控制,103.05166181415822,4065.3790735452299,3.590550933163374,17511.224372013163,1.3301120220966218,5002.7390081409867,1922.288856309144,3085.3698081952152,0,19.389218826124925,21.40179337508232,12.8872,0.32300000000000001,0.67681819315065406,5007.658664504359,5007.658664504359
情景一阈值控制,103.10020651587621,4065.2336231828931,3.5739541510000601,17511.318484687592,1.3239473418097054,5002.8131072913447,1922.3236119238572,3085.3863902684093,0,19.389218826124925,21.40179337508232,12.8872,0.32300000000000001,0.67679397807755781,5007.710002192267,5007.710002192267
情景一阈值控制,103.1487512175942,4065.0888503359392,3.5574328529579207,17511.412158980267,1.3178108492081713,5002.886863636264,1922.3582056451021,3085.4028951014407,0,19.389218826124925,21.40179337508232,12.8872,0.32300000000000001,0.67676987579953651,5007.761100746543,5007.761100746543
情景一阈值控制,103.19729591931218,4064.944751874476,3.540986707226137,17511.505396916371,1.3117024190209332,5002.9602787375443,1922.3926382207719,3085.4193230511323,0,19.389218826124925,21.40179337508232,12.8872,0.32300000000000001,0.67674588579551487,5007.8119612719038,5007.8119612719038
情景一阈值控制,103.24584062103017,4064.8013246828259,3.5246153833444107,17511.598200511871,1.3056219264992821,5003.033354150095,1922.4269103953632,3085.4356744726879,0,19.389218826124925,21.40179337508232,12.8872,0.32300000000000001,0.67672200754678458,5007.8625848680513,5007.8625848680513
情景一阈值控制,103.29438532274814,4064.6585656594611,3.5083185521985092,17511.690571773601,1.2995692474150422,5003.1060914219615,1922.4610229099915,3085.4519497196961,0,19.389218826124925,21.40179337508232,12.8872,0.32300000000000001,0.67669824053699246,5007.9129726296878,5007.9129726296878
情景一阈值控制,103.34293002446613,4064.5164717169464,3.4920958860157887,17511.782512699257,1.2935442580587224,5003.1784920943592,1922.4949765024046,3085.4681491441415,0,19.389218826124925,21.40179337508232,12.8872,0.32300000000000001,0.67667458425213167,5007.9631256465464,5007.9631256465464
情景一阈值控制,103.39147472618411,4064.3750397818708,3.4759470583607683,17511.874025277473,1.287546835237688,5003.2505577016955,1922.5287719069993,3085.4842730964078,0,19.389218826124925,21.40179337508232,12.8872,0.32300000000000001,0.67665103818053052,5008.0130450034067,5008.0130450034067
情景一阈值控制,103.4400194279021,4064.2342667947914,3.4598717441306652,17511.96511148784,1.2815768562743164,5003.3222897716041,1922.5624098548351,3085.5003219252867,0,19.389218826124925,21.40179337508232,12.8872,0.32300000000000001,0.67662760181284243,5008.0627317801218,5008.0627317801218
情景一阈值控制,103.48856412962009,4064.0941497101708,3.4438696195509562,17512.055773300948,1.2756341990041675,5003.3936898249649,1922.5958910736481,3085.5162959779846,0,19.389218826124925,21.40179337508232,12.8872,0.32300000000000001,0.67660427464203576,5008.1121870516326,5008.1121870516326
情景一阈值控制,103.53710883133807,4063.9546854963141,3.427940362170935,17512.14601267844,1.2697187417741551,5003.4647593759391,1922.6292162878665,3085.5321956001299,0,19.389218826124925,21.40179337508232,12.8872,0.32300000000000001,0.6765810561633836,5008.1614118879961,5008.1614118879961
情景一阈值控制,103.58565353305605,4063.8158711353121,3.412083650859286,17512.235831573031,1.26383036344072,5003.5354999319943,1922.6623862186264,3085.5480211357808,0,19.389218826124925,21.40179337508232,12.8872,0.32300000000000001,0.67655794587445439,5008.2104073544069,5008.2104073544069
情景一阈值控制,103.63419823477403,4063.677703622976,3.3962991657996371,17512.325231928564,1.2579689433680032,5003.6059129939295,1922.6954015837823,3085.5637729274281,0,19.389218826124925,21.40179337508232,12.8872,0.32300000000000001,0.67653494327510011,5008.2591745112104,5008.2591745112104
情景一阈值控制,103.68274293649202,4063.5401799687816,3.3805865884861612,17512.414215680034,1.2521343614260345,5003.6760000559088,1922.7282630979257,3085.5794513160081,0,19.389218826124925,21.40179337508232,12.8872,0.32300000000000001,0.67651204786744856,5008.3077144139334,5008.3077144139334
情景一阈值控制,103.73128763821001,4063.4032971958068,3.364945601719139,17512.502784753644,1.2463264979889115,5003.7457626054802,1922.7609714723978,3085.5950566409033,0,19.389218826124925,21.40179337508232,12.8872,0.32300000000000001,0.6764892591558912,5008.3560281133014,5008.3560281133014
情景一阈值控制,103.77983233992799,4063.2670523406719,3.3493758896005517,17512.590941066821,1.2405452339329874,5003.8152021236119,1922.7935274153024,3085.6105892399555,0,19.389218826124925,21.40179337508232,12.8872,0.32300000000000001,0.67646657664707466,5008.4041166552579,5008.4041166552579
情景一阈值控制,103.82837704164598,4063.1314424534803,3.3338771375296723,17512.678686528281,1.2347904506350629,5003.8843200847123,1922.825931631523,3085.6260494494668,0,19.389218826124925,21.40179337508232,12.8872,0.32300000000000001,0.6764439998498899,5008.4519810809898,5008.4519810809898
情景一阈值控制,103.87692174336397,4062.9964645977616,3.3184490321986582,17512.766023038046,1.2290620299705795,5003.953117956662,1922.8581848227338,3085.6414376042103,0,19.389218826124925,21.40179337508232,12.8872,0.32300000000000001,0.67642152827546342,5008.4996224269444,5008.4996224269444
情景一阈值控制,103.92546644508195,4062.8621158504079,3.3030912615881634,17512.85295248749,1.2233598543118176,5004.0215972008391,1922.8902876874172,3085.656754037434,0,19.389218826124925,21.40179337508232,12.8872,0.32300000000000001,0.6763991614371464,5008.5470417248507,5008.5470417248507
情景一阈值控制,103.97401114679994,4062.7283933016197,3.2878035149629388,17512.939476759388,1.2176838065260993,5004.089759272144,1922.9222409208742,3085.6719990808706,0,19.389218826124925,21.40179337508232,12.8872,0.32300000000000001,0.676376898850505,5008.5942400017448,5008.5942400017448
情景一阈值控制,104,4062.6570600546479,3.2796477502217187,17512.98563245498,1.2146557796776183,5004.1261206151094,1922.9392861231559,3085.6801314299655,0,19.389218826124925,21.40179337508232,12.8872,0.32300000000000001,0.67636502304791601,5008.6194175531218,5008.6194175531218
情景一阈值控制,104.02255584851792,4062.5952940548436,3.2725854828674499,17513.025597727923,1.2120337699739909,5004.1576056190288,1922.9540452152412,3085.6871730647417,0,19.389218826124925,21.40179337508232,12.8872,0.32300000000000001,0.67635474003331164,5008.6412182799831,5008.6412182799831
情景一阈值控制,104.07110055023591,4062.4628152267173,3.257436857121498,17513.111317258765,1.2064096285075134,5004.2251376835266,1922.985701259503,3085.7022763177642,0,19.389218826124925,21.40179337508232,12.8872,0.32300000000000001,0.67633268450553408,5008.6879775772668,5008.6879775772668
情景一阈值控制,104.1196452519539,4062.3309539470079,3.2423573308158424,17513.196637209076,1.2008112664683537,5004.2923569012701,1923.0172097395064,3085.7173091671607,0,19.389218826124925,21.40179337508232,12.8872,0.32300000000000001,0.67631073178932599,5008.7345189066673,5008.7345189066673
情景一阈值控制,104.16818995367188,4062.199707358558,3.2273465983078391,17513.28155942756,1.1952385686860805,5004.3592647015275,1923.048571337974,3085.7322719386598,0,19.389218826124925,21.40179337508232,12.8872,0.32300000000000001,0.67628888140901822,5008.7808432766342,5008.7808432766342
情景一阈值控制,104.21673465538987,4062.0690726172252,3.2124043552170738,17513.3660857545,1.1896914204763638,5004.4258625072216,1923.0797867345188,3085.7471649565091,0,19.389218826124925,21.40179337508232,12.8872,0.32300000000000001,0.6762671328911084,5008.8269516910277,5008.8269516910277
情景一阈值控制,104.26527935710786,4061.9390468918245,3.1975302984210097,17513.450218021793,1.1841697076391977,5004.4921517349621,1923.1108566056569,3085.7619885434774,0,19.389218826124925,21.40179337508232,12.8872,0.32300000000000001,0.67624548576425103,5008.8728451491343,5008.8728451491343
情景一阈值控制,104.31382405882584,4061.8096273640754,3.1827241260506383,17513.533958052991,1.1786733164571286,5004.5581337950653,1923.1417816248218,3085.7767430208637,0,19.389218826124925,21.40179337508232,12.8872,0.32300000000000001,0.67622393955924887,5008.9185246456855,5008.9185246456855
情景一阈值控制,104.36236876054382,4061.6808112285389,3.1679855374861408,17513.617307663335,1.1732021336934848,5004.6238100915871,1923.1725624623775,3085.7914287085009,0,19.389218826124925,21.40179337508232,12.8872,0.32300000000000001,0.67620249380904329,5008.9639911708782,5008.9639911708782
情景一阈值控制,104.4109134622618,4061.5525956925662,3.1533142333525364,17513.700268659784,1.1677560465906072,5004.6891820223436,1923.2031997856329,3085.8060459247658,0,19.389218826124925,21.40179337508232,12.8872,0.32300000000000001,0.67618114804870433,5009.0092457103983,5009.0092457103983
情景一阈值控制,104.45945816397979,4061.4249779762372,3.1387099155153795,17513.782842841076,1.1623349428680951,5004.7542509789428,1923.2336942588543,3085.8205949865837,0,19.389218826124925,21.40179337508232,12.8872,0.32300000000000001,0.67615990181542152,5009.0542892454378,5009.0542892454378
情景一阈值控制,104.50800286569778,4061.2979553123096,3.1241722870764179,17513.865031997728,1.1569387107210429,5004.8190183468032,1923.2640465432792,3085.8350762094328,0,19.389218826124925,21.40179337508232,12.8872,0.32300000000000001,0.67613875464849471,5009.099122752712,5009.099122752712
情景一阈值控制,104.55654756741576,4061.1715249461586,3.1097010523692843,17513.946837912106,1.1515672388182867,5004.8834855051855,1923.2942572971294,3085.8494899073557,0,19.389218826124925,21.40179337508232,12.8872,0.32300000000000001,0.67611770608932487,5009.1437472044854,5009.1437472044854
情景一阈值控制,104.60509226913375,4061.0456841357245,3.095295916955187,17514.028262358443,1.1462204163006537,5004.9476538272174,1923.3243271756251,3085.8638363929604,0,19.389218826124925,21.40179337508232,12.8872,0.32300000000000001,0.67609675568140415,5009.1881635685859,5009.1881635685859
情景一阈值控制,104.65363697085172,4060.9204301514546,3.0809565876186125,17514.10930710287,1.1408981327792187,5005.0115246799169,1923.3542568309979,3085.8781159774289,0,19.389218826124925,21.40179337508232,12.8872,0.32300000000000001,0.67607590297030762,5009.2323728084266,5009.2323728084266
情景一阈值控制,104.70218167256971,4060.7957602762485,3.066682772363015,17514.189973903474,1.1356002783335533,5005.0750994242198,1923.384046912503,3085.8923289705253,0,19.389218826124925,21.40179337508232,12.8872,0.32300000000000001,0.67605514750368312,5009.2763758830279,5009.2763758830279
情景一阈值控制,104.75072637428769,4060.6716718054049,3.0524741804065543,17514.270264510313,1.1303267435099982,5005.1383794150042,1923.4136980664339,3085.9064756805988,0,19.389218826124925,21.40179337508232,12.8872,0.32300000000000001,0.67603448883124251,5009.3201737470326,5009.3201737470326
情景一阈值控制,104.79927107600568,4060.5481620465634,3.0383305221777985,17514.35018066546,1.1250774193199213,5005.2013660011171,1923.4432109361348,3085.9205564145918,0,19.389218826124925,21.40179337508232,12.8872,0.32300000000000001,0.67601392650475256,5009.3637673507264,5009.3637673507264
情景一阈值控制,104.84781577772367,4060.4252283196543,3.024251509311457,17514.429724103036,1.1198521972379891,5005.2640605253982,1923.4725861620132,3085.9345714780466,0,19.389218826124925,21.40179337508232,12.8872,0.32300000000000001,0.67599346007802619,5009.4071576400602,5009.4071576400602
情景一阈值控制,104.89636047944165,4060.3028679568388,3.0102368546441141,17514.508896549247,1.1146509692004383,5005.3264643247057,1923.5018243815532,3085.9485211751094,0,19.389218826124925,21.40179337508232,12.8872,0.32300000000000001,0.67597308910691223,5009.4503455566628,5009.4503455566628
情景一阈值控制,104.94490518115964,4060.1810783024598,2.9962862722099723,17514.587699722422,1.1094736276033554,5005.3885787299414,1923.5309262293288,3085.9624058085383,0,19.389218826124925,21.40179337508232,12.8872,0.32300000000000001,0.67595281314928812,5009.4933320378668,5009.4933320378668
情景一阈值控制,104.99344988287763,4060.0598567129855,2.9823994772366018,17514.666135333035,1.1043200653009557,5005.4504050660771,1923.5598923370169,3085.9762256797103,0,19.389218826124925,21.40179337508232,12.8872,0.32300000000000001,0.67593263176504959,5009.5361180167274,5009.5361180167274
情景一阈值控制,105,4060.0435436845137,2.9805306061627079,17514.676690567914,1.1036265121170246,5005.4587252839292,1923.5637903632798,3085.9780854470409,0,19.389218826124925,21.40179337508232,12.8872,0.32300000000000001,0.67592991591635365,5009.5418758103206,5009.5418758103206
情景一阈值控制,105.04199458459561,4059.9392005569562,2.9685761861406976,17514.74420508376,1.0991901756038696,5005.5119446521758,1923.5887233334088,3085.9899810886236,0,19.389218826124925,21.40179337508232,12.8872,0.32300000000000001,0.67591254451610194,5009.5787044220324,5009.5787044220324
情景一阈值控制,105.0905392863136,4059.8191072149293,2.9548161165238462,17514.821910669485,1.0940838522774319,5005.5731988014204,1923.6174198444248,3086.0036723339094,0,19.389218826124925,21.40179337508232,12.8872,0.32300000000000001,0.67589255096635192,5009.621092178334,5009.621092178334
情景一阈值控制,105.13908398803159,4059.6995740794296,2.941118987168299,17514.899253777363,1.0890009895399742,5005.6341688211378,1923.645982493126,3086.0172997128316,0,19.389218826124925,21.40179337508232,12.8872,0.32300000000000001,0.67587265068169777,5009.6632822059573,5009.6632822059573
情景一阈值控制,105.18762868974957,4059.5805985548932,2.9274845180327498,17514.97623608683,1.083941482061124,5005.6948560128194,1923.6744118997265,3086.0308635212982,0,19.389218826124925,21.40179337508232,12.8872,0.32300000000000001,0.67585284323002126,5009.7052754210245,5009.7052754210245
情景一阈值控制,105.23617339146756,4059.4621780576153,2.9139124302481272,17515.052859269661,1.0789052249601037,5005.7552616721523,1923.7027086816072,3086.0443640538647,0,19.389218826124925,21.40179337508232,12.8872,0.32300000000000001,0.67583312818117836,5009.7470727354721,5009.7470727354721
情景一阈值控制,105.28471809318555,4059.3443100156987,2.9004024461133908,17515.12912498998,1.0738921138040389,5005.8153870890383,1923.7308734533276,3086.0578016037398,0,19.389218826124925,21.40179337508232,12.8872,0.32300000000000001,0.67581350510699101,5009.7886750570669,5009.7886750570669
情景一阈值控制,105.33326279490353,4059.2269918689999,2.8869542890913356,17515.205034904317,1.0689020446062663,5005.8752335476229,1923.7589068266382,3086.0711764627936,0,19.389218826124925,21.40179337508232,12.8872,0.32300000000000001,0.67579397358123761,5009.830083289432,5009.830083289432
情景一阈值控制,105.38180749662152,4059.1102210690774,2.8735676838044033,17515.280590661619,1.0639349138246481,5005.9348023263128,1923.7868094104933,3086.0844889215609,0,19.389218826124925,21.40179337508232,12.8872,0.32300000000000001,0.67577453317964487,5009.8712983320547,5009.8712983320547
情景一阈值控制,105.43035219833951,4058.9939950791399,2.8602423560305068,17515.355793903298,1.0589906183598898,5005.9940946978095,1923.8145818110636,3086.0977392692475,0,19.389218826124925,21.40179337508232,12.8872,0.32300000000000001,0.67575518347987917,5009.9123210803109,5009.9123210803109
情景一阈值控制,105.47889690005748,4058.8783113739964,2.8469780326988618,17515.430646263267,1.054069055553865,5006.0531119291236,1923.842224631748,3086.1109277937398,0,19.389218826124925,21.40179337508232,12.8872,0.32300000000000001,0.67573592406153826,5009.953152425488,5009.953152425488
情景一阈值控制,105.52744160177546,4058.76316744,2.8337744418858084,17515.505149367957,1.0491701231879347,5006.111855281606,1923.8697384731868,3086.1240547816051,0,19.389218826124925,21.40179337508232,12.8872,0.32300000000000001,0.67571675450614133,5009.9937932547919,5009.9937932547919
情景一阈值控制,105.57598630349345,4058.6485607750028,2.820631312810681,17515.579304836374,1.0442937194812867,5006.1703260109698,1923.8971239332723,3086.1371205181008,0,19.389218826124925,21.40179337508232,12.8872,0.32300000000000001,0.67569767439712236,5010.0342444513735,5010.0342444513735
情景一阈值控制,105.62453100521144,4058.5344888882983,2.8075483758316486,17515.65311428011,1.0394397430892655,5006.2285253673108,1923.9243816071635,3086.1501252871803,0,19.389218826124925,21.40179337508232,12.8872,0.32300000000000001,0.67567868331982006,5010.0745068943434,5010.0745068943434
情景一阈值控制,105.67307570692942,4058.4209493005746,2.7945253624415796,17515.726579303384,1.0346080931017121,5006.2864545951379,1923.9515120872954,3086.1630693714974,0,19.389218826124925,21.40179337508232,12.8872,0.32300000000000001,0.67565978086147027,5010.1145814587926,5010.1145814587926
情景一阈值控制,105.7216204086474,4058.3079395438654,2.7815620052639178,17515.799701503078,1.0297986690413088,5006.3441149333903,1923.9785159633939,3086.1759530524128,0,19.389218826124925,21.40179337508232,12.8872,0.32300000000000001,0.67564096661119721,5010.1544690158062,5010.1544690158062
情景一阈值控制,105.77016511036538,4058.1954571614933,2.7686580380485482,17515.872482468771,1.0250113708619213,5006.4015076154647,1924.0053938224858,3086.1887766100003,0,19.389218826124925,21.40179337508232,12.8872,0.32300000000000001,0.67562224016000505,5010.1941704324863,5010.1941704324863
情景一阈值控制,105.81870981208337,4058.0834997080256,2.7558131956677081,17515.944923782761,1.0202460989469588,5006.458633869237,1924.0321462489114,3086.2015403230512,0,19.389218826124925,21.40179337508232,12.8872,0.32300000000000001,0.67560360110076978,5010.2336865719626,5010.2336865719626
情景一阈值控制,105.86725451380136,4057.9720647492204,2.7430272141118683,17516.017027020112,1.0155027541077246,5006.5154949170874,1924.0587738243369,3086.2142444690812,0,19.389218826124925,21.40179337508232,12.8872,0.32300000000000001,0.67558504902823036,5010.2730182934183,5010.2730182934183
情景一阈值控制,105.91579921551934,4057.8611498619803,2.7302998304856443,17516.088793748666,1.0107812375817775,5006.5720919759233,1924.0852771277662,3086.2268893243363,0,19.389218826124925,21.40179337508232,12.8872,0.32300000000000001,0.67556658353898147,5010.3121664521022,5010.3121664521022
情景一阈值控制,105.96434391723733,4057.7507526342979,2.7176307830037119,17516.160225529104,1.0060814510312972,5006.6284262572017,1924.1116567355516,3086.2394751637971,0,19.389218826124925,21.40179337508232,12.8872,0.32300000000000001,0.67554820423146378,5010.3511318993487,5010.3511318993487
情景一阈值控制,106,4057.6699942241739,2.7083623762378015,17516.212479712849,1.0026432428932346,5006.6696370984846,1924.1309540968098,3086.2486820289168,0,19.389218826124925,21.40179337508232,12.8872,0.32300000000000001,0.6755347592955222,5010.3796361257264,5010.3796361257264
情景一阈值控制,106.01288861895532,4057.640870665211,2.7050198109867289,17516.231323914944,1.001403296541453,5006.6844989669535,1924.1379132214081,3086.2520022611848,0,19.389218826124925,21.40179337508232,12.8872,0.32300000000000001,0.6755299107059568,5010.3899154825931,5010.3899154825931
情景一阈值控制,106.0614333206733,4057.531501564752,2.6924666548572702,17516.302090452606,0.99674667661877614,5006.7403113058035,1924.1640471564224,3086.2644708889684,0,19.389218826124925,21.40179337508232,12.8872,0.32300000000000001,0.67551170256457083,5010.4285180453908,5010.4285180453908
情景一阈值控制,106.10997802239129,4057.4226429538971,2.6799710561357681,17516.372526681418,0.9921114941895387,5006.795864468997,1924.1900591090659,3086.2768813183684,0,19.389218826124925,21.40179337508232,12.8872,0.32300000000000001,0.67549357941123744,5010.4669404274346,5010.4669404274346
情景一阈值控制,106.15852272410928,4057.3142924645203,2.6675327574364638,17516.442634133658,0.98749765259813527,5006.8511596464232,1924.2159496452064,3086.2892338193633,0,19.389218826124925,21.40179337508232,12.8872,0.32300000000000001,0.67547554085170336,5010.5051834645692,5010.5051834645692
情景一阈值控制,106.20706742582726,4057.2064477393424,2.6551515024633656,17516.512414334593,0.98290505560546915,5006.9061980226343,1924.2417193281203,3086.3015286606942,0,19.389218826124925,21.40179337508232,12.8872,0.32300000000000001,0.6754575864935205,5010.543247988815,5010.543247988815
情景一阈值控制,106.25561212754525,4057.0991064318837,2.6428270360062207,17516.581868802492,0.97833360738734276,5006.9609807768702,1924.2673687185027,3086.3137661098726,0,19.389218826124925,21.40179337508232,12.8872,0.32300000000000001,0.6754397159460388,5010.5811348283751,5010.5811348283751
情景一阈值控制,106.30415682926323,4056.9922662064173,2.6305591039364908,17516.65099904867,0.97378321253285305,5007.0155090830813,1924.29289837448,3086.3259464331823,0,19.389218826124925,21.40179337508232,12.8872,0.32300000000000001,0.67542192882039864,5010.6188448076628,5010.6188448076628
情景一阈值控制,106.35270153098122,4056.8859247379164,2.6183474532033388,17516.719806577523,0.96925377604279084,5007.0697841099509,1924.3183088516205,3086.338069895688,0,19.389218826124925,21.40179337508232,12.8872,0.32300000000000001,0.67540422472952155,5010.6563787473087,5010.6563787473087
情景一阈值控制,106.40124623269921,4056.780079712013,2.6061918318296287,17516.788292886547,0.9647452033280447,5007.1238070209183,1924.3436007029468,3086.3501367612394,0,19.389218826124925,21.40179337508232,12.8872,0.32300000000000001,0.67538660328810374,5010.6937374641857,5010.6937374641857
情景一阈值控制,106.44979093441719,4056.6747288249444,2.5940919889079268,17516.85645946638,0.96025740020800932,5007.1775789741969,1924.368774478947,3086.3621472924774,0,19.389218826124925,21.40179337508232,12.8872,0.32300000000000001,0.67536906411260678,5010.7309217714246,5010.7309217714246
情景一阈值控制,106.49833563613518,4056.569869783511,2.5820476745965202,17516.924307800815,0.9557902729089971,5007.2311011228076,1924.3938307275855,3086.3741017508382,0,19.389218826124925,21.40179337508232,12.8872,0.32300000000000001,0.67535160682125095,5010.767932478424,5010.767932478424
情景一阈值控制,106.54688033785315,4056.4655003050248,2.5700586401154428,17516.991839366849,0.95134372806265854,5007.2843746145845,1924.4187699943141,3086.3860003965592,0,19.389218826124925,21.40179337508232,12.8872,0.32300000000000001,0.6753342310340068,5010.8047703908733,5010.8047703908733
情景一阈值控制,106.59542503957114,4056.3616181172642,2.5581246377424951,17517.059055634716,0.94691767270439564,5007.3374005922124,1924.4435928220842,3086.3978434886862,0,19.389218826124925,21.40179337508232,12.8872,0.32300000000000001,0.67531693637258683,5010.8414363107704,5010.8414363107704
情景一阈值控制,106.64396974128913,4056.258220958427,2.5462454208093095,17517.125958067889,0.94251201427179809,5007.3901801932398,1924.4682997513573,3086.4096312850747,0,19.389218826124925,21.40179337508232,12.8872,0.32300000000000001,0.67529972246043868,5010.8779310364316,5010.8779310364316
情景一阈值控制,106.69251444300711,4056.1553065770863,2.5344207436973876,17517.192548123148,0.93812666060306715,5007.442714550104,1924.4928913201154,3086.4213640423995,0,19.389218826124925,21.40179337508232,12.8872,0.32300000000000001,0.67528258892273696,5010.9142553625152,5010.9142553625152
情景一阈值控制,106.7410591447251,4056.052872732138,2.5226503618341658,17517.258827250578,0.93376151993545164,5007.4950047901511,1924.5173680638748,3086.4330420161577,0,19.389218826124925,21.40179337508232,12.8872,0.32300000000000001,0.67526553538637502,5010.9504100800323,5010.9504100800323
情景一阈值控制,106.78960384644307,4055.9509171927625,2.5109340316890916,17517.324796893619,0.92941650090368888,5007.547052035663,1924.5417305156932,3086.4446654606736,0,19.389218826124925,21.40179337508232,12.8872,0.32300000000000001,0.6752485614799586,5010.986395976367,5010.986395976367
情景一阈值控制,106.83814854816106,4055.8494377383713,2.4992715107696895,17517.390458489088,0.9250915125384428,5007.5988574038711,1924.5659792061845,3086.4562346291059,0,19.389218826124925,21.40179337508232,12.8872,0.32300000000000001,0.67523166683379643,5011.0222138352901,5011.0222138352901
情景一阈值控制,106.88669324987904,4055.7484321585675,2.4876625576176745,17517.455813467204,0.92078646426475896,5007.6504220069837,1924.5901146635263,3086.467749773451,0,19.389218826124925,21.40179337508232,12.8872,0.32300000000000001,0.67521485107989387,5011.0578644369771,5011.0578644369771
情景一阈值控制,106.93523795159703,4055.6478982530939,2.4761069318050346,17517.520863251633,0.91650126590051373,5007.7017469522061,1924.6141374134741,3086.4792111445486,0,19.389218826124925,21.40179337508232,12.8872,0.32300000000000001,0.67519811385194495,5011.0933485580226,5011.0933485580226
情景一阈值控制,106.98378265331502,4055.547833831793,2.4646043939301499,17517.585609259499,0.91223582765487055,5007.7528333417622,1924.63804797937,3086.4906189920885,0,19.389218826124925,21.40179337508232,12.8872,0.32300000000000001,0.67518145478532454,5011.1286669714582,5011.1286669714582
情景一阈值控制,107,4055.5145095131338,2.4607735253769394,17517.607171534779,0.91081525887119885,5007.7698468224762,1924.6460108827364,3086.4944181320993,0,19.389218826124925,21.40179337508232,12.8872,0.32300000000000001,0.67517590683893747,5011.1404290148357,5011.1404290148357
情景一阈值控制,107.032327355033,4055.4482367145606,2.4531547056139082,17517.650052901419,0.90799006012674333,5007.8036822729146,1924.6618468821534,3086.5019735646129,0,19.389218826124925,21.40179337508232,12.8872,0.32300000000000001,0.67516487351708143,5011.1638204467663,5011.1638204467663
情景一阈值控制,107.08087205675099,4055.3491047312987,2.4417576294958359,17517.714195581553,0.90376387430326,5007.8542948379873,1924.6855346403734,3086.5132751095243,0,19.389218826124925,21.40179337508232,12.8872,0.32300000000000001,0.67514836968593039,5011.1988097498979,5011.1988097498979
情景一阈值控制,107.12941675846898,4055.2504357218704,2.4304129292302372,17517.778038697594,0.89955718155823505,5007.9046721243867,1924.7091117701978,3086.524523873089,0,19.389218826124925,21.40179337508232,12.8872,0.32300000000000001,0.67513194293224443,5011.233635643287,5011.233635643287
情景一阈值控制,107.17796146018696,4055.1522275360585,2.4191203694823424,17517.84158364082,0.89536989365064357,5007.9548152146226,1924.7325787854247,3086.5357201004426,0,19.389218826124925,21.40179337508232,12.8872,0.32300000000000001,0.67511559289804801,5011.2682988858669,5011.2682988858669
情景一阈值控制,107.22650616190495,4055.0544780335199,2.4078797159244694,17517.904831796142,0.89120192272309984,5008.0047251863289,1924.7559361974934,3086.5468640355948,0,19.389218826124925,21.40179337508232,12.8872,0.32300000000000001,0.6750993192270095,5011.3028002330884,5011.3028002330884
情景一阈值控制,107.27505086362294,4054.9571850837388,2.3966907352321889,17517.967784542081,0.88705318130034239,5008.0544031122863,1924.7791845154941,3086.5579559214357,0,19.389218826124925,21.40179337508232,12.8872,0.32300000000000001,0.6750831215644334,5011.33714043693,5011.33714043693
情景一阈值控制,107.32359556534092,4054.8603465659849,2.385553195080504,17518.030443250849,0.88292358228772128,5008.1038500604373,1924.8023242461784,3086.5689959997385,0,19.389218826124925,21.40179337508232,12.8872,0.32300000000000001,0.67506699955725336,5011.3713202459166,5011.3713202459166
情景一阈值控制,107.37214026705891,4054.7639603692701,2.3744668641400399,17518.092809288341,0.87881303896969143,5008.1530670939173,1924.8253558939714,3086.5799845111674,0,19.389218826124925,21.40179337508232,12.8872,0.32300000000000001,0.67505095285402472,5011.4053404051392,5011.4053404051392
情景一阈值控制,107.4206849687769,4054.6680243923038,2.3634315120732419,17518.154884014188,0.87472146500830994,5008.2020552710655,1924.8482799609794,3086.5909216952791,0,19.389218826124925,21.40179337508232,12.8872,0.32300000000000001,0.67503498110491744,5011.4392016562588,5011.4392016562588
情景一阈值控制,107.46922967049488,4054.5725365434473,2.352446909530582,17518.216668781766,0.87064877444173727,5008.2508156454505,1924.8710969470037,3086.601807790531,0,19.389218826124925,21.40179337508232,12.8872,0.32300000000000001,0.67501908396170851,5011.4729047375349,5011.4729047375349
情景一阈值控制,107.51777437221287,4054.4774947406754,2.3415128281467794,17518.278164938241,0.86659488168274434,5008.2993492658916,1924.8938073495474,3086.6126430342856,0,19.389218826124925,21.40179337508232,12.8872,0.32300000000000001,0.67500326107777509,5011.506450383833,5011.506450383833
情景一阈值控制,107.56631907393086,4054.3828969115289,2.3306290405370267,17518.33937382458,0.86255970151722272,5008.347657176475,1924.9164116638283,3086.6234276628124,0,19.389218826124925,21.40179337508232,12.8872,0.32300000000000001,0.67498751210808716,5011.5398393266405,5011.5398393266405
情景一阈值控制,107.61486377564883,4054.2887409930713,2.3197953202932338,17518.400296775591,0.85854314910270135,5008.3957404165785,1924.9389103827884,3086.6341619112968,0,19.389218826124925,21.40179337508232,12.8872,0.32300000000000001,0.67497183670920025,5011.5730722940853,5011.5730722940853
情景一阈值控制,107.66340847736681,4054.1950249318525,2.3090114419802603,17518.460935119947,0.85454513996686154,5008.443600020888,1924.9613039971036,3086.6448460138431,0,19.389218826124925,21.40179337508232,12.8872,0.32300000000000001,0.67495623453924847,5011.6061500109463,5011.6061500109463
情景一阈值控制,107.7119531790848,4054.1017466838562,2.2982771811321965,17518.521290180219,0.85056559000606835,5008.4912370194234,1924.9835929951946,3086.6554802034789,0,19.389218826124925,21.40179337508232,12.8872,0.32300000000000001,0.67494070525793759,5011.6390731986739,5011.6390731986739
情景一阈值控制,107.76049788080279,4054.0089042144673,2.2875923142486161,17518.581363272882,0.84660441548389442,5008.5386524375535,1925.0057778632365,3086.6660647121607,0,19.389218826124925,21.40179337508232,12.8872,0.32300000000000001,0.67492524852653735,5011.671842575397,5011.671842575397
情景一阈值控制,107.80904258252077,4053.9164954984217,2.2769566187908592,17518.641155708377,0.84266153302965463,5008.5858472960163,1925.0278590851697,3086.6765997707785,0,19.389218826124925,21.40179337508232,12.8872,0.32300000000000001,0.67490986400787534,5011.7044588559484,5011.7044588559484
情景一阈值控制,107.85758728423876,4053.8245185197711,2.2663698731783204,17518.700668791109,0.83873685963694433,5008.6328226109426,1925.0498371427086,3086.6870856091614,0,19.389218826124925,21.40179337508232,12.8872,0.32300000000000001,0.67489455136632936,5011.7369227518702,5011.7369227518702
情景一阈值控制,107.90613198595673,4053.7329712718351,2.2558318567847522,17518.759903819482,0.83483031266218199,5008.6795793938736,1925.0717125153524,3086.6975224560802,0,19.389218826124925,21.40179337508232,12.8872,0.32300000000000001,0.67487931026782044,5011.7692349714325,5011.7692349714325
情景一阈值控制,107.95467668767472,4053.6418517571624,2.2453423499345586,17518.818862085933,0.8309418098231518,5008.7261186517808,1925.093485680396,3086.7079105392545,0,19.389218826124925,21.40179337508232,12.8872,0.32300000000000001,0.67486414037980613,5011.801396219651,5011.801396219651
情景一阈值控制,108,4053.5571632077977,2.2355925134423615,17518.873659239729,0.82732756052215739,5008.7693741331459,1925.1137221551976,3086.7175654600242,0,19.389218826124925,21.40179337508232,12.8872,0.32300000000000001,0.67485004114086067,5011.8312876152213,5011.8312876152213
情景一阈值控制,108.00322138939271,4053.5511579874897,2.2349011338991365,17518.877544876963,0.82707126919756246,5008.7724413870865,1925.1151571129383,3086.7182500853569,0,19.389218826124925,21.40179337508232,12.8872,0.32300000000000001,0.67484904137127344,5011.8334071982954,5011.8334071982954
情景一阈值控制,108.05176609111069,4053.460887983701,2.224507990893188,17518.935953473137,0.82321860922159718,5008.818548597681,1925.1367272858924,3086.7285413200157,0,19.389218826124925,21.40179337508232,12.8872,0.32300000000000001,0.67483401291273248,5011.8652686059086,5011.8652686059086
情景一阈值控制,108.10031079282868,4053.3710397757823,2.2141627040710685,17518.994089149146,0.81938374868847641,5008.8644412769481,1925.1581966699964,3086.7387844678228,0,19.389218826124925,21.40179337508232,12.8872,0.32300000000000001,0.67481905467620862,5011.8969811378192,5011.8969811378192
情景一阈值控制,108.14885549454667,4053.2816114027864,2.2038650575231298,17519.051953173803,0.81556660674702219,5008.9101204137769,1925.1795657338221,3086.7489797523367,0,19.389218826124925,21.40179337508232,12.8872,0.32300000000000001,0.67480416633523654,5011.9285454861583,5011.9285454861583
情景一阈值控制,108.19740019626465,4053.192600912786,2.1936148362720864,17519.109546810087,0.81176710290022724,5008.9555869925889,1925.200834943786,3086.7591273960861,0,19.389218826124925,21.40179337508232,12.8872,0.32300000000000001,0.67478934756485287,5011.9599623398717,5011.9599623398717
情景一阈值控制,108.24594489798264,4053.1040063628393,2.1834118262693809,17519.166871315174,0.80798515700382911,5009.0008419933502,1925.2220047641576,3086.7692276205762,0,19.389218826124925,21.40179337508232,12.8872,0.32300000000000001,0.67477459804159001,5011.9912323847338,5011.9912323847338
情景一阈值控制,108.29448959970063,4053.0158258189454,2.1732558143915663,17519.223927940438,0.80422068926488877,5009.0458863915956,1925.2430756570693,3086.7792806462935,0,19.389218826124925,21.40179337508232,12.8872,0.32300000000000001,0.67475991744346864,5012.0223563033633,5012.0223563033633
情景一阈值控制,108.34303430141861,4052.9280573560027,2.1631465884366965,17519.280717931506,0.80047362024037305,5009.0907211584481,1925.2640480825276,3086.7892866927086,0,19.389218826124925,21.40179337508232,12.8872,0.32300000000000001,0.67474530544999156,5012.0533347752362,5012.0533347752362
情景一阈值控制,108.3915790031366,4052.8406990577746,2.1530839371207278,17519.337242528265,0.7967438708357425,5009.1353472606352,1925.2849224984204,3086.7992459782822,0,19.389218826124925,21.40179337508232,12.8872,0.32300000000000001,0.67473076174213709,5012.0841684767029,5012.0841684767029
情景一阈值控制,108.44012370485459,4052.7537490168447,2.1430676500739279,17519.3935029649,0.79303136230354287,5009.1797656605104,1925.3056993605289,3086.8091587204699,0,19.389218826124925,21.40179337508232,12.8872,0.32300000000000001,0.67471628600235189,5012.1148580809986,5012.1148580809986
情景一阈值控制,108.48866840657257,4052.6672053345783,2.1330975178373004,17519.449500469909,0.78933601624200178,5009.2239773160691,1925.3263791225343,3086.819025135725,0,19.389218826124925,21.40179337508232,12.8872,0.32300000000000001,0.67470187791454506,5012.1454042582591,5012.1454042582591
情景一阈值控制,108.53721310829056,4052.5810661210826,2.123173331859014,17519.50523626613,0.78565775459362941,5009.2679831809719,1925.3469622360296,3086.8288454395051,0,19.389218826124925,21.40179337508232,12.8872,0.32300000000000001,0.67468753716408059,5012.175807675535,5012.175807675535
情景一阈值控制,108.58575781000854,4052.4953294951692,2.1132948844908457,17519.560711570775,0.78199649964382389,5009.3117842045585,1925.367449150529,3086.8386198462749,0,19.389218826124925,21.40179337508232,12.8872,0.32300000000000001,0.67467326343777156,5012.2060689968039,5012.2060689968039
情景一阈值控制,108.63430251172653,4052.409993584311,2.1034619689846332,17519.615927595449,0.77835217401948142,5009.3553813318722,1925.3878403134752,3086.8483485695124,0,19.389218826124925,21.40179337508232,12.8872,0.32300000000000001,0.6746590564238738,5012.2361888829873,5012.2361888829873
情景一阈值控制,108.6828472134445,4052.3250565246071,2.0936743794887409,17519.670885546177,0.77472470068761157,5009.3987755036742,1925.4081361702506,3086.8580318217109,0,19.389218826124925,21.40179337508232,12.8872,0.32300000000000001,0.67464491581207831,5012.266167991962,5012.266167991962
情景一阈值控制,108.73139191516249,4052.2405164607408,2.0839319110445205,17519.72558662343,0.77111400295395183,5009.4419676564639,1925.4283371641868,3086.8676698143863,0,19.389218826124925,21.40179337508232,12.8872,0.32300000000000001,0.67463084129350581,5012.2960069785731,5012.2960069785731
情景一阈值控制,108.77993661688048,4052.1563715459447,2.0742343595828121,17519.78003202215,0.76752000446159718,5009.4849587224962,1925.4484437365716,3086.8772627580797,0,19.389218826124925,21.40179337508232,12.8872,0.32300000000000001,0.67461683256070015,5012.3257064946511,5012.3257064946511
情景一阈值控制,108.82848131859846,4052.072619941956,2.0645815219204278,17519.834222931764,0.7639426291896243,5009.5277496298022,1925.468456326661,3086.8868108623619,0,19.389218826124925,21.40179337508232,12.8872,0.32300000000000001,0.67460288930762091,5012.3552671890229,5012.3552671890229
情景一阈值控制,108.87702602031645,4051.9892598189845,2.0549731957566566,17519.888160536237,0.76038180145172451,5009.5703413022065,1925.4883753716872,3086.8963143358378,0,19.389218826124925,21.40179337508232,12.8872,0.32300000000000001,0.67458901122963866,5012.3846897075255,5012.3846897075255
情景一阈值控制,108.92557072203444,4051.9062893556711,2.0454091796697806,17519.941846014055,0.75683744589484014,5009.6127346593439,1925.5082013068666,3086.9057733861528,0,19.389218826124925,21.40179337508232,12.8872,0.32300000000000001,0.67457519802352706,5012.4139746930196,5012.4139746930196
情景一阈值控制,108.97411542375241,4051.8237067390487,2.0358892731136016,17519.995280538293,0.75330948749780768,5009.6549306166808,1925.5279345654108,3086.9151882199926,0,19.389218826124925,21.40179337508232,12.8872,0.32300000000000001,0.67456144938745721,5012.4431227854038,5012.4431227854038
情景一阈值控制,109,4051.779830681061,2.0308311141608795,17520.023670245228,0.75143501749527108,5009.6773495966872,1925.5384188250721,3086.9201903113822,0,19.389218826124925,21.40179337508232,12.8872,0.32300000000000001,0.67455414475146824,5012.4586091364545,5012.4586091364545
情景一阈值控制,109.0226601254704,4051.7415101645079,2.0264132764139657,17520.04846527661,0.74979785156999912,5009.6969300855326,1925.5475755785342,3086.9245590430933,0,19.389218826124925,21.40179337508232,12.8872,0.32300000000000001,0.67454776502099167,5012.4721346216274,5012.4721346216274
情景一阈值控制,109.07120482718838,4051.6596978357552,2.0169809907653264,17520.101401391286,0.74630246374997766,5009.7387339730785,1925.5671247754647,3086.9338860602402,0,19.389218826124925,21.40179337508232,12.8872,0.32300000000000001,0.67453414462507721,5012.5010108357046,5012.5010108357046
情景一阈值控制,109.11974952890637,4051.5782679647782,2.0075922182272889,17520.154090039239,0.7428232500041495,5009.7803431823841,1925.5865825834503,3086.9431694752761,0,19.389218826124925,21.40179337508232,12.8872,0.32300000000000001,0.67452058790203961,5012.5297520587264,5012.5297520587264
情景一阈值控制,109.16829423062435,4051.4972187718076,1.9982467617211781,17520.206532372064,0.7393601366254231,5009.8217586124174,1925.6059494277706,3086.9524094911039,0,19.389218826124925,21.40179337508232,12.8872,0.32300000000000001,0.67450709455557656,5012.5583589188745,5012.5583589188745
情景一阈值控制,109.21683893234234,4051.4165484852783,1.9889444250266175,17520.258729536032,0.73591305023187281,5009.8629811580649,1925.6252257317437,3086.961606309691,0,19.389218826124925,21.40179337508232,12.8872,0.32300000000000001,0.67449366429075208,5012.5868320414347,5012.5868320414347
情景一阈值控制,109.26538363406033,4051.336255341796,1.9796850127781169,17520.310682672141,0.73248191776540772,5009.904011710154,1925.6444119167363,3086.9707601320724,0,19.389218826124925,21.40179337508232,12.8872,0.32300000000000001,0.67448029681399013,5012.6151720488087,5012.6151720488087
情景一阈值控制,109.31392833577831,4051.2563375860946,1.970468330461667,17520.362392916119,0.72906666649044305,5009.9448511554665,1925.6635084021711,3086.9798711583585,0,19.389218826124925,21.40179337508232,12.8872,0.32300000000000001,0.67446699183306813,5012.6433795605299,5012.6433795605299
情景一阈值控制,109.3624730374963,4051.1767934710047,1.9612941844113501,17520.413861398465,0.72566722399257799,5009.985500376758,1925.6825156055384,3086.9889395877344,0,19.389218826124925,21.40179337508232,12.8872,0.32300000000000001,0.6744537490571112,5012.6714551932728,5012.6714551932728
情景一阈值控制,109.41101773921429,4051.0976212574155,1.9521623818059575,17520.465089244459,0.72228351817727665,5010.0259602527758,1925.7014339424009,3086.9979656184682,0,19.389218826124925,21.40179337508232,12.8872,0.32300000000000001,0.67444056819658627,5012.6993995608691,5012.6993995608691
情景一阈值控制,109.45956244093227,4051.0188192142359,1.9430727306656188,17520.51607757419,0.71891547726855398,5010.0662316582748,1925.7202638264066,3087.0069494479126,0,19.389218826124925,21.40179337508232,12.8872,0.32300000000000001,0.67442744896329554,5012.7272132743192,5012.7272132743192
情景一阈值控制,109.50810714265026,4050.9403856183612,1.9340250398484411,17520.566827502578,0.71556302980766584,5010.1063154640378,1925.7390056692934,3087.0158912725101,0,19.389218826124925,21.40179337508232,12.8872,0.32300000000000001,0.67441439107037038,5012.754896941804,5012.754896941804
情景一阈值控制,109.55665184436825,4050.8623187546355,1.9250191190471584,17520.617340139408,0.71222610465180392,5010.1462125368898,1925.7576598809019,3087.0247912877976,0,19.389218826124925,21.40179337508232,12.8872,0.32300000000000001,0.67440139423226597,5012.7824511686995,5012.7824511686995
情景一阈值控制,109.60519654608623,4050.784616915817,1.916054778785792,17520.66761658934,0.70890463097279521,5010.1859237397184,1925.7762268691793,3087.0336496884083,0,19.389218826124925,21.40179337508232,12.8872,0.32300000000000001,0.6743884581647549,5012.8098765575878,5012.8098765575878
情景一阈值控制,109.65374124780422,4050.7072784025395,1.9071318304163207,17520.717657951933,0.70559853825580465,5010.2254499314895,1925.7947070401929,3087.0424666680797,0,19.389218826124925,21.40179337508232,12.8872,0.32300000000000001,0.67437558258492081,5012.8371737082725,5012.8371737082725
情景一阈值控制,109.70228594952221,4050.6303015232793,1.8982500861153617,17520.767465321675,0.70230775629804332,5010.2647919672636,1925.8131007981349,3087.0512424196531,0,19.389218826124925,21.40179337508232,12.8872,0.32300000000000001,0.67436276721115307,5012.8643432177878,5012.8643432177878
情景一阈值控制,109.75083065124019,4050.5536845943193,1.8894093588808623,17520.817039788009,0.69903221520748149,5010.3039506982141,1925.8314085453324,3087.0599771350812,0,19.389218826124925,21.40179337508232,12.8872,0.32300000000000001,0.67435001176314058,5012.8913856804138,5012.8913856804138
情景一阈值控制,109.79937535295817,4050.4774259397118,1.8806094625288035,17520.866382435346,0.69577184540156545,5010.3429269716453,1925.8496306822556,3087.0686710054301,0,19.389218826124925,21.40179337508232,12.8872,0.32300000000000001,0.67433731596186597,5012.9183016876859,5012.9183016876859
情景一阈值控制,109.84792005467615,4050.4015238912452,1.8718502116899027,17520.915494343088,0.69252657760593517,5010.3817216310063,1925.8677676075272,3087.0773242208843,0,19.389218826124925,21.40179337508232,12.8872,0.32300000000000001,0.67432467952959974,5012.945091828411,5012.945091828411
情景一阈值控制,109.89646475639414,4050.3259767884097,1.8631314218063506,17520.964376585656,0.68929634285315555,5010.4203355159107,1925.8858197179291,3087.0859369707514,0,19.389218826124925,21.40179337508232,12.8872,0.32300000000000001,0.67431210218989435,5012.9717566886802,5012.9717566886802
情景一阈值控制,109.94500945811212,4050.2507829783576,1.8544529091285342,17521.013030232512,0.68608107248144257,5010.4587694621541,1925.9037874084108,3087.0945094434628,0,19.389218826124925,21.40179337508232,12.8872,0.32300000000000001,0.67429958366757825,5012.9982968518734,5012.9982968518734
情景一阈值控制,109.99355415983011,4050.1759408158755,1.8458144907117822,17521.061456348187,0.68288069813339802,5010.4970243017269,1925.9216710721005,3087.1030418265818,0,19.389218826124925,21.40179337508232,12.8872,0.32300000000000001,0.67428712368875077,5013.0247128986821,5013.0247128986821
情景一阈值控制,110,4050.1660295168581,1.8446704738167923,17521.067869387265,0.6824568641361547,5010.5020904125586,1925.9240393940793,3087.1041717645426,0,19.389218826124925,21.40179337508232,12.8872,0.32300000000000001,0.6742854736218391,5013.0282111586221,5013.0282111586221
情景一阈值控制,110.04209886154808,4050.1014486633449,1.8372159844131224,17521.109655992284,0.67969515175475004,5010.5351008628359,1925.9394711003088,3087.1115343068054,0,19.389218826124925,21.40179337508232,12.8872,0.32300000000000001,0.6742747219807752,5013.0510054071146,5013.0510054071146
情景一阈值控制,110.09064356326607,4050.0273048907084,1.8286572088880342,17521.157630219528,0.6765243655930917,5010.5729999699188,1925.9571878825411,3087.1199870699679,0,19.389218826124925,21.40179337508232,12.8872,0.32300000000000001,0.67426237827227442,5013.0771749525093,5013.0771749525093
情景一阈值控制,110.13918826498406,4049.9535078754357,1.8201379835872389,17521.205380079758,0.67336827219663398,5010.6107224436564,1925.974821806504,3087.1284003010464,0,19.389218826124925,21.40179337508232,12.8872,0.32300000000000001,0.67425009229312383,5013.1032221075502,5013.1032221075502
情景一阈值控制,110.18773296670204,4049.8800560024906,1.8116581287534741,17521.252906617981,0.67022680441295412,5010.6482691009987,1925.9923732581128,3087.1367741841627,0,19.389218826124925,21.40179337508232,12.8872,0.32300000000000001,0.67423786377444672,5013.129147442276,5013.129147442276
情景一阈值控制,110.23627766842003,4049.8069476642968,1.8032174654182904,17521.30021087436,0.66709989538775216,5010.6856407551732,1926.0098426215006,3087.1451089025886,0,19.389218826124925,21.40179337508232,12.8872,0.32300000000000001,0.67422569244860842,5013.1549515240895,5013.1549515240895
情景一阈值控制,110.28482237013802,4049.7341812607024,1.7948158153988585,17521.347293884268,0.66398747856361195,5010.7228382157045,1926.027230279027,3087.1534046387496,0,19.389218826124925,21.40179337508232,12.8872,0.32300000000000001,0.67421357804920989,5013.1806349177768,5013.1806349177768
情景一阈值控制,110.333367071856,4049.6617551989457,1.7864530012947839,17521.394156678289,0.66088948767876532,5010.7598622884288,1926.0445366112847,3087.1616615742282,0,19.389218826124925,21.40179337508232,12.8872,0.32300000000000001,0.67420152031108316,5013.2061981855131,5013.2061981855131
情景一阈值控制,110.38191177357399,4049.5896678936265,1.7781288464849339,17521.440800282246,0.65780585676586167,5010.7967137755159,1926.0617619971081,3087.1698798897692,0,19.389218826124925,21.40179337508232,12.8872,0.32300000000000001,0.67418951897028501,5013.2316418868777,5013.2316418868777
情景一阈值控制,110.43045647529198,4049.5179177666664,1.7698431751242725,17521.487225717221,0.65473652015074102,5010.8333934754755,1926.0789068135814,3087.1780597652801,0,19.389218826124925,21.40179337508232,12.8872,0.32300000000000001,0.67417757376409171,5013.2569665788615,5013.2569665788615
情景一阈值控制,110.47900117700996,4049.4465032472799,1.7615958121407087,17521.533433999582,0.65168141245121181,5010.8699021831826,1926.0959714360465,3087.1862013798386,0,19.389218826124925,21.40179337508232,12.8872,0.32300000000000001,0.67416568443099345,5013.2821728158851,5013.2821728158851
情景一阈值控制,110.52754587872795,4049.3754227719396,1.7533865832319531,17521.579426141001,0.6486404685758328,5010.9062406898884,1926.1129562381116,3087.1943049116958,0,19.389218826124925,21.40179337508232,12.8872,0.32300000000000001,0.67415385071068901,5013.3072611498073,5013.3072611498073
情景一阈值控制,110.57609058044594,4049.3046747843418,1.745215314862385,17521.625203148473,0.6456136237226997,5010.942409783238,1926.1298615916576,3087.2023705382762,0,19.389218826124925,21.40179337508232,12.8872,0.32300000000000001,0.67414207234407941,5013.3322321299338,5013.3322321299338
情景一阈值控制,110.62463528216392,4049.2342577353775,1.7370818342599303,17521.670766024334,0.6426008133782356,5010.9784102472859,1926.1466878668468,3087.2103984361879,0,19.389218826124925,21.40179337508232,12.8872,0.32300000000000001,0.67413034907326386,5013.3570863030345,5013.3570863030345
情景一阈值控制,110.67317998388191,4049.1641700830969,1.7289859694129504,17521.716115766299,0.63960197331598578,5011.0142428625113,1926.1634354321309,3087.2183887812203,0,19.389218826124925,21.40179337508232,12.8872,0.32300000000000001,0.67411868064153324,5013.3818242133511,5013.3818242133511
情景一阈值控制,110.7217246855999,4049.094410292676,1.7209275490671383,17521.761253367462,0.63661703959541704,5011.0499084058347,1926.1801046542585,3087.2263417483505,0,19.389218826124925,21.40179337508232,12.8872,0.32300000000000001,0.67410706679336485,5013.4064464026087,5013.4064464026087
情景一阈值控制,110.77026938731788,4049.0249768363874,1.7129064027224292,17521.806179816329,0.6336459485607211,5011.0854076506357,1926.196695898283,3087.2342575117473,0,19.389218826124925,21.40179337508232,12.8872,0.32300000000000001,0.67409550727441725,5013.4309534100303,5013.4309534100303
情景一阈值控制,110.81881408903587,4048.9558681935659,1.7049223606299191,17521.850896096836,0.63068863683962229,5011.1207413667644,1926.2132095275695,3087.2421362447749,0,19.389218826124925,21.40179337508232,12.8872,0.32300000000000001,0.67408400183152517,5013.4553457723441,5013.4553457723441
情景一阈值控制,110.86735879075384,4048.887082850576,1.6969752537887952,17521.89540318837,0.62774504134219022,5011.1559103205573,1926.2296459038046,3087.2499781199949,0,19.389218826124925,21.40179337508232,12.8872,0.32300000000000001,0.6740725502126933,5013.4796240237993,5013.4796240237993
情景一阈值控制,110.91590349247183,4048.8186193007814,1.6890649139432672,17521.939702065793,0.62481509925965295,5011.1909152748585,1926.2460053870011,3087.2577833091714,0,19.389218826124925,21.40179337508232,12.8872,0.32300000000000001,0.67406115216709139,5013.5037886961727,5013.5037886961727
情景一阈值控制,110.96444819418981,4048.7504760445117,1.6811911735795293,17521.983793699455,0.6218987480632221,5011.225756989028,1926.2622883355075,3087.2655519832742,0,19.389218826124925,21.40179337508232,12.8872,0.32300000000000001,0.67404980744504961,5013.5278403187822,5013.5278403187822
情景一阈值控制,111,4048.7007735136267,1.6754479449962629,17522.015953386319,0.61977153799051821,5011.251170271702,1926.2741648409074,3087.2712183218919,0,19.389218826124925,21.40179337508232,12.8872,0.32300000000000001,0.67404153279795276,5013.5453831627992,5013.5453831627992
情景一阈值控制,111.0129928959078,4048.6826515890316,1.6733538659227118,17522.027679055213,0.61899592550291449,5011.2604362189632,1926.2784951060164,3087.2732843124827,0,19.389218826124925,21.40179337508232,12.8872,0.32300000000000001,0.67403851579805218,5013.5517794184989,5013.5517794184989
情景一阈值控制,111.06153759762579,4048.6151444485108,1.6655528249338534,17522.071359094476,0.61610656960638177,5011.2949537171071,1926.2946260535687,3087.2809804661897,0,19.389218826124925,21.40179337508232,12.8872,0.32300000000000001,0.67402727697873288,5013.5756065197584,5013.5756065197584
情景一阈值控制,111.11008229934376,4048.5479531439883,1.657787885306883,17522.114834774191,0.61323061867774431,5011.3293102324724,1926.3106815315648,3087.2886406130033,0,19.389218826124925,21.40179337508232,12.8872,0.32300000000000001,0.67401609074086921,5013.5993221445679,5013.5993221445679
情景一阈值控制,111.15862700106175,4048.4810762033458,1.6500588824656026,17522.158107046878,0.61036801129642526,5011.363506510651,1926.3266618917705,3087.2962649207529,0,19.389218826124925,21.40179337508232,12.8872,0.32300000000000001,0.67400495683937811,5013.6229268125235,5013.6229268125235
情景一阈值控制,111.20717170277973,4048.4145121612733,1.6423656525606993,17522.201176860661,0.60751868631599748,5011.3975432938278,1926.3425674843238,3087.3038535564906,0,19.389218826124925,21.40179337508232,12.8872,0.32300000000000001,0.67399387503030961,5013.6464210408139,5013.6464210408139
情景一阈值控制,111.25571640449772,4048.34825955924,1.634708032466748,17522.244045159267,0.6046825828630249,5011.4314213207999,1926.3583986577426,3087.3114066864973,0,19.389218826124925,21.40179337508232,12.8872,0.32300000000000001,0.67398284507084238,5013.6698053442396,5013.6698053442396
情景一阈值控制,111.30426110621571,4048.2823169454628,1.627085859779235,17522.286712882065,0.60185964033591433,5011.4651413269912,1926.374155758934,3087.318924476283,0,19.389218826124925,21.40179337508232,12.8872,0.32300000000000001,0.67397186671927889,5013.6930802352172,5013.6930802352172
情景一阈值控制,111.35280580793369,4048.2166828748746,1.6194989728115892,17522.329180964083,0.59904979840376904,5011.4987040444639,1926.3898391331982,3087.3264070905921,0,19.389218826124925,21.40179337508232,12.8872,0.32300000000000001,0.67396093973503934,5013.7162462237902,5013.7162462237902
情景一阈值控制,111.40135050965168,4048.1513559090959,1.6119472105922215,17522.371450336002,0.59625299700524703,5011.5321102019388,1926.4054491242391,3087.3338546934078,0,19.389218826124925,21.40179337508232,12.8872,0.32300000000000001,0.6739500638786573,5013.7393038176469,5013.7393038176469
情景一阈值控制,111.44989521136966,4048.0863346164028,1.6044304128615781,17522.41352192422,0.59346917634742369,5011.5653605248035,1926.4209860741696,3087.3412674479532,0,19.389218826124925,21.40179337508232,12.8872,0.32300000000000001,0.67393923891177465,5013.7622535221226,5013.7622535221226
情景一阈值控制,111.49843991308765,4048.0216175716955,1.596948420069201,17522.455396650836,0.59069827690465804,5011.598455735133,1926.4364503235195,3087.3486455166981,0,19.389218826124925,21.40179337508232,12.8872,0.32300000000000001,0.67392846459713562,5013.7850958402178,5013.7850958402178
情景一阈值控制,111.54698461480564,4047.9572033564718,1.5895010733707999,17522.497075433675,0.58794023941746398,5011.631396551702,1926.4518422112424,3087.3559890613574,0,19.389218826124925,21.40179337508232,12.8872,0.32300000000000001,0.67391774069858346,5013.8078312725993,5013.8078312725993
情景一阈值控制,111.59552931652362,4047.8930905587922,1.5820882146253332,17522.538559186331,0.58519500489138421,5011.6641836899971,1926.467162074724,3087.3632982429003,0,19.389218826124925,21.40179337508232,12.8872,0.32300000000000001,0.6739070669810534,5013.8304603176239,5013.8304603176239
情景一阈值控制,111.64407401824161,4047.8292777732549,1.5747096863920997,17522.579848818154,0.58246251459587017,5011.6968178622374,1926.4824102497871,3087.3705732215494,0,19.389218826124925,21.40179337508232,12.8872,0.32300000000000001,0.67389644321056963,5013.8529834713363,5013.8529834713363
情景一阈值控制,111.6926187199596,4047.7657636009621,1.5673653319278407,17522.620945234299,0.57974271006316436,5011.7292997773857,1926.4975870707008,3087.3778141567859,0,19.389218826124925,21.40179337508232,12.8872,0.32300000000000001,0.67388586915423865,5013.8754012274867,5013.8754012274867
情景一阈值控制,111.74116342167758,4047.7025466494929,1.5600549951838514,17522.661849335716,0.57703553308718836,5011.7616301411581,1926.5126928701868,3087.3850212073535,0,19.389218826124925,21.40179337508232,12.8872,0.32300000000000001,0.67387534458024545,5013.8977140775405,5013.8977140775405
情景一阈值控制,111.78970812339557,4047.6396255328714,1.5527785208031029,17522.702562019189,0.57434092572243323,5011.7938096560492,1926.5277279794261,3087.3921945312591,0,19.389218826124925,21.40179337508232,12.8872,0.32300000000000001,0.67386486925784805,5013.919922510685,5013.919922510685
情景一阈值控制,111.83825282511356,4047.5769988715392,1.5455357541173731,17522.74308417736,0.57165883028285558,5011.8258390213359,1926.5426927280662,3087.3993342857807,0,19.389218826124925,21.40179337508232,12.8872,0.32300000000000001,0.67385444295737296,5013.9420270138471,5013.9420270138471
情景一阈值控制,111.88679752683154,4047.5146652923277,1.5383265411443896,17522.783416698727,0.56898918934077647,5011.8577189330981,1926.5575874442291,3087.4064406274651,0,19.389218826124925,21.40179337508232,12.8872,0.32300000000000001,0.67384406545021036,5013.964028071694,5013.964028071694
情景一阈值控制,111.93534222854952,4047.4526234284222,1.5311507285849828,17522.82356046767,0.56633194572578638,5011.8894500842325,1926.5724124545168,3087.413513712137,0,19.389218826124925,21.40179337508232,12.8872,0.32300000000000001,0.67383373650880818,5013.9859261666534,5013.9859261666534
情景一阈值控制,111.9838869302675,4047.3908719193419,1.5240081638202387,17522.863516364487,0.56368704252364921,5011.9210331644617,1926.5871680840187,3087.420553694898,0,19.389218826124925,21.40179337508232,12.8872,0.32300000000000001,0.67382345590666903,5014.0077217789167,5014.0077217789167
情景一阈值控制,112,4047.3704391648594,1.5216447104060489,17522.876737240251,0.56281185820538415,5011.9314836809126,1926.592050525911,3087.4228831317237,0,19.389218826124925,21.40179337508232,12.8872,0.32300000000000001,0.67382005419191626,5014.0149336576342,5014.0149336576342
情景一阈值控制,112.03243163198549,4047.3294094109042,1.5168986949086847,17522.903285265395,0.56105442307521858,5011.952468860356,1926.6018546563189,3087.4275607301315,0,19.389218826124925,21.40179337508232,12.8872,0.32300000000000001,0.67381322341834382,5014.0294153864506,5014.0294153864506
情景一阈值控制,112.08097633370348,4047.2682345551989,1.5098221705834607,17522.942868042537,0.55843403097535094,5011.9837578553388,1926.6164724935031,3087.4345349715059,0,19.389218826124925,21.40179337508232,12.8872,0.32300000000000001,0.67380303881942805,5014.0510074650092,5014.0510074650092
情景一阈值控制,112.12952103542146,4047.2073460105598,1.5027784402495137,17522.982265564046,0.55582581007182519,5012.0149008297112,1926.6310219161646,3087.441476571978,0,19.389218826124925,21.40179337508232,12.8872,0.32300000000000001,0.67379290188655649,5014.0724984881426,5014.0724984881426
情景一阈值控制,112.17806573713945,4047.1467424415332,1.495767353980799,17523.021478694001,0.55322970446426767,5012.0458984606539,1926.6455032434126,3087.4483856837965,0,19.389218826124925,21.40179337508232,12.8872,0.32300000000000001,0.67378281239739812,5014.0938889272093,5014.0938889272093
情景一阈值控制,112.22661043885742,4047.0864225188543,1.4887887625174936,17523.06050829251,0.55064565850307923,5012.0767514222498,1926.6599167928771,3087.4552624585044,0,19.389218826124925,21.40179337508232,12.8872,0.32300000000000001,0.67377277013065251,5014.1151792513811,5014.1151792513811
情景一阈值控制,112.27515514057541,4047.0263849194139,1.4818425172632084,17523.099355215672,0.54807361678836553,5012.1074603854959,1926.6742628807172,3087.462107046942,0,19.389218826124925,21.40179337508232,12.8872,0.32300000000000001,0.67376277486604386,5014.136369927659,5014.136369927659
情景一阈值控制,112.32369984229339,4046.9666283262359,1.4749284702822323,17523.138020315633,0.54551352416887611,5012.1380260183159,1926.6885418216266,3087.4689195992514,0,19.389218826124925,21.40179337508232,12.8872,0.32300000000000001,0.67375282638431766,5014.1574614208785,5014.1574614208785
情景一阈值控制,112.37224454401138,4046.9071514284433,1.4680464742967638,17523.17650444058,0.54296532574094203,5012.1684489855734,1926.7027539288417,3087.4757002648798,0,19.389218826124925,21.40179337508232,12.8872,0.32300000000000001,0.67374292446723438,5014.1784541937213,5014.1784541937213
情景一阈值控制,112.42078924572937,4046.8479529212332,1.4611963826841645,17523.214808434783,0.5404289668474197,5012.1987299490866,1926.7168995141474,3087.4824491925815,0,19.389218826124925,21.40179337508232,12.8872,0.32300000000000001,0.67373306889756612,5014.1993487067284,5014.1993487067284
情景一阈值控制,112.46933394744735,4046.7890315058517,1.4543780494742182,17523.252933138592,0.53790439307663906,5012.2288695676416,1926.7309788878833,3087.4891665304199,0,19.389218826124925,21.40179337508232,12.8872,0.32300000000000001,0.67372325945909195,5014.2201454183032,5014.2201454183032
情景一阈值控制,112.51787864916534,4046.7303858895602,1.4475913293464022,17523.29087938846,0.53539155026135499,5012.2588684970069,1926.7449923589515,3087.495852425774,0,19.389218826124925,21.40179337508232,12.8872,0.32300000000000001,0.67371349593659213,5014.2408447847256,5014.2408447847256
情景一阈值控制,112.56642335088333,4046.6720147856131,1.4408360776271667,17523.32864801697,0.53289038447770332,5012.288727389946,1926.7589402348215,3087.50250702534,0,19.389218826124925,21.40179337508232,12.8872,0.32300000000000001,0.67370377811584503,5014.2614472601617,5014.2614472601617
情景一阈值控制,112.61496805260131,4046.6139169132293,1.4341121502872236,17523.366239852843,0.53040084204416005,5012.3184468962299,1926.7728228215394,3087.5091304751331,0,19.389218826124925,21.40179337508232,12.8872,0.32300000000000001,0.67369410578362188,5014.2819532966723,5014.2819532966723
情景一阈值控制,112.6635127543193,4046.5560909975616,1.4274194039388477,17523.403655720962,0.52792286952050527,5012.3480276626524,1926.7866404237309,3087.515722920492,0,19.389218826124925,21.40179337508232,12.8872,0.32300000000000001,0.67368447872768156,5014.3023633442226,5014.3023633442226
情景一阈值控制,112.71205745603729,4046.4985357696742,1.4207576958331831,17523.440896442382,0.52545641370678986,5012.3774703330409,1926.8003933446107,3087.5222845060816,0,19.389218826124925,21.40179337508232,12.8872,0.32300000000000001,0.67367489673676739,5014.3226778506923,5014.3226778506923
情景一阈值控制,112.76060215775527,4046.4412499665123,1.414126883857564,17523.477962834349,0.52300142164230778,5012.4067755482738,1926.8140818859883,3087.528815375897,0,19.389218826124925,21.40179337508232,12.8872,0.32300000000000001,0.67366535960060181,5014.3428972618858,5014.3428972618858
情景一阈值控制,112.80914685947326,4046.3842323308786,1.4075268265328427,17523.514855710331,0.52055784060457067,5012.4359439462887,1926.8277063482728,3087.5353156732644,0,19.389218826124925,21.40179337508232,12.8872,0.32300000000000001,0.67365586710988223,5014.3630220215373,5014.3630220215373
情景一阈值控制,112.85769156119125,4046.3274816114026,1.4009573830107263,17523.551575880014,0.51812561810828739,5012.4649761620985,1926.841267030482,3087.5417855408468,0,19.389218826124925,21.40179337508232,12.8872,0.32300000000000001,0.6736464190562762,5014.3830525713292,5014.3830525713292
情景一阈值控制,112.90623626290923,4046.2709965625158,1.3944184130711261,17523.588124149341,0.5157047019043467,5012.4938728278048,1926.8547642302456,3087.5482251206454,0,19.389218826124925,21.40179337508232,12.8872,0.32300000000000001,0.67363701523241726,5014.4029893508905,5014.4029893508905
情景一阈值控制,112.95478096462722,4046.2147759444251,1.3879097771195132,17523.624501320504,0.51329503997880455,5012.5226345726078,1926.8681982438145,3087.5546345540029,0,19.389218826124925,21.40179337508232,12.8872,0.32300000000000001,0.67362765543190029,5014.4228327978171,5014.4228327978171
情景一阈值控制,113,4046.1626436422644,1.3818741960801777,17523.658233174461,0.51106053614828373,5012.5493051056801,1926.880655347248,3087.5605778987724,0,19.389218826124925,21.40179337508232,12.8872,0.32300000000000001,0.67361897626818268,5014.4412332460206,5014.4412332460206
情景一阈值控制,113.00332566634519,4046.1588185230876,1.3814313361842883,17523.660708191986,0.51089658055187515,5012.5512620228255,1926.8815693660663,3087.5610139816058,0,19.389218826124925,21.40179337508232,12.8872,0.32300000000000001,0.67361833944927785,5014.4425833476726,5014.4425833476726
情景一阈值控制,113.05187036806318,4046.1031230701828,1.3749829519141499,17523.696745558565,0.50850927207692331,5012.5797558018967,1926.8948778905094,3087.5673635434891,0,19.389218826124925,21.40179337508232,12.8872,0.32300000000000001,0.67360906708005475,5014.4622414339983,5014.4622414339983
情景一阈值控制,113.10041506978116,4046.0476883630845,1.368564486575492,17523.732614211331,0.50613306323946639,5012.6081165304058,1926.9081241092929,3087.5736833790388,0,19.389218826124925,21.40179337508232,12.8872,0.32300000000000001,0.67359983812068414,5014.4818074883315,5014.4818074883315
情景一阈值控制,113.14895977149915,4045.9925131848395,1.3621758030497921,17523.768314937701,0.50376790295617468,5012.6363448260854,1926.9213083132095,3087.5799736269933,0,19.389218826124925,21.40179337508232,12.8872,0.32300000000000001,0.67359065236856319,5014.5012819402027,5014.5012819402027
情景一阈值控制,113.19750447321714,4045.9375963241382,1.3558167648310169,17523.803848521457,0.50141374037387754,5012.6644413038366,1926.9344307917045,3087.5862344254479,0,19.389218826124925,21.40179337508232,12.8872,0.32300000000000001,0.67358150962202945,5014.5206652171528,5014.5206652171528
情景一阈值控制,113.24604917493512,4045.882936575289,1.3494872360230385,17523.839215742719,0.49907052486857378,5012.6924065757339,1926.9474918328788,3087.5924659118577,0,19.389218826124925,21.40179337508232,12.8872,0.32300000000000001,0.67357240968035492,5014.539957744737,5014.539957744737
情景一阈值控制,113.2945938766531,4045.8285327381932,1.3431870813370588,17523.874417378014,0.49673820604444585,5012.720241251046,1926.9604917234988,3087.5986682230396,0,19.389218826124925,21.40179337508232,12.8872,0.32300000000000001,0.67356335234374309,5014.5591599465388,5014.5591599465388
情景一阈值控制,113.34313857837108,4045.7743836183204,1.3369161660890359,17523.909454200249,0.49441673373287459,5012.747945936243,1926.9734307489994,3087.6048414951765,0,19.389218826124925,21.40179337508232,12.8872,0.32300000000000001,0.67355433741332449,5014.5782722441763,5014.5782722441763
情景一阈值控制,113.39168328008907,4045.7204880266809,1.3306743561971381,17523.944326978755,0.49210605799146501,5012.7755212350121,1926.9863091934919,3087.6109858638192,0,19.389218826124925,21.40179337508232,12.8872,0.32300000000000001,0.67354536469115212,5014.5972950573114,5014.5972950573114
情景一阈值控制,113.44022798180706,4045.6668447798011,1.324461518179189,17523.979036479286,0.48980612910306837,5012.8029677482655,1926.9991273397688,3087.6171014638894,0,19.389218826124925,21.40179337508232,12.8872,0.32300000000000001,0.67353643398019725,5014.6162288036585,5014.6162288036585
情景一阈值控制,113.48877268352504,4045.6134526996998,1.3182775191501301,17524.01358346405,0.48751689757481181,5012.8302860741596,1927.0118854693117,3087.6231884296831,0,19.389218826124925,21.40179337508232,12.8872,0.32300000000000001,0.67352754508434554,5014.635073898995,5014.635073898995
情景一阈值控制,113.53731738524303,4045.5603106138606,1.3121222268194925,17524.047968691717,0.48523831413713092,5012.8574768081007,1927.024583862295,3087.6292468948727,0,19.389218826124925,21.40179337508232,12.8872,0.32300000000000001,0.67351869780839235,5014.6538307571682,5014.6538307571682
情景一阈值控制,113.58586208696101,4045.5074173552084,1.3059955094888775,17524.082192917434,0.48297032974280646,5012.8845405427619,1927.0372227975929,3087.6352769925115,0,19.389218826124925,21.40179337508232,12.8872,0.32300000000000001,0.67350989195803912,5014.6724997901047,5014.6724997901047
情景一阈值控制,113.634406788679,4045.4547717620831,1.2998972360494445,17524.116256892845,0.48071289556600394,5012.9114778680942,1927.0498025527866,3087.6412788550338,0,19.389218826124925,21.40179337508232,12.8872,0.32300000000000001,0.67350112733988865,5014.6910814078201,5014.6910814078201
情景一阈值控制,113.68295149039699,4045.4023726782179,1.2938272759794121,17524.150161366102,0.47846596300131783,5012.9382893713355,1927.0623234041677,3087.6472526142597,0,19.389218826124925,21.40179337508232,12.8872,0.32300000000000001,0.6734924037614417,5014.7095760184275,5014.7095760184275
情景一阈值控制,113.73149619211497,4045.3502189527094,1.2877854993415649,17524.183907081893,0.4762294836628187,5012.96497563703,1927.0747856267465,3087.6531984013986,0,19.389218826124925,21.40179337508232,12.8872,0.32300000000000001,0.67348372103109211,5014.7279840281453,5014.7279840281453
情景一阈值控制,113.78004089383296,4045.2983094399983,1.2817717767807721,17524.217494781442,0.47400340938310503,5012.9915372470314,1927.0871894942566,3087.6591163470493,0,19.389218826124925,21.40179337508232,12.8872,0.32300000000000001,0.67347507895812309,5014.7463058413059,5014.7463058413059
情景一阈值控制,113.82858559555095,4045.2466429998417,1.2757859795215132,17524.250925202537,0.47178769221235767,5013.0179747805232,1927.099535279161,3087.6650065812064,0,19.389218826124925,21.40179337508232,12.8872,0.32300000000000001,0.67346647735270304,5014.7645418603679,5014.7645418603679
情景一阈值控制,113.87713029726893,4045.1952184972893,1.2698279793654137,17524.284199079539,0.46958228441739863,5013.0442888140233,1927.111823252658,3087.6708692332591,0,19.389218826124925,21.40179337508232,12.8872,0.32300000000000001,0.67345791602588179,5014.7826924859173,5014.7826924859173
情景一阈值控制,113.92567499898692,4045.1440348026608,1.2638976486887921,17524.317317143403,0.46738713848075364,5013.0704799214027,1927.1240536846872,3087.6767044319963,0,19.389218826124925,21.40179337508232,12.8872,0.32300000000000001,0.6734493947895861,5014.8007581166839,5014.8007581166839
情景一阈值控制,113.97421970070491,4045.0930907915181,1.2579948604402122,17524.350280121686,0.46520220709971749,5013.0965486738924,1927.1362268439336,3087.6825123056101,0,19.389218826124925,21.40179337508232,12.8872,0.32300000000000001,0.67344091345661572,5014.8187391495439,5014.8187391495439
情景一阈值控制,114,4045.0661333657017,1.254871261319368,17524.367722741961,0.46404600721134426,5013.1103432784412,1927.1426683672842,3087.6855855877998,0,19.389218826124925,21.40179337508232,12.8872,0.32300000000000001,0.67343642549229488,5014.8282539550837,5014.8282539550837
情景一阈值控制,114.02276440242289,4045.0423853446441,1.252119488138048,17524.38308873857,0.46302744318542427,5013.1224956401002,1927.1483429978373,3087.688292981697,0,19.389218826124925,21.40179337508232,12.8872,0.32300000000000001,0.67343247184063959,5014.8366359795345,5014.8366359795345
情景一阈值控制,114.07130910414088,4044.9919173480207,1.2462714058680548,17524.415743714871,0.46086279986192003,5013.1483213860147,1927.1604024125945,3087.6940465872608,0,19.389218826124925,21.40179337508232,12.8872,0.32300000000000001,0.67342406975619218,5014.8544489998549,5014.8544489998549
情景一阈值控制,114.11985380585885,4044.9416856927983,1.2404504882809548,17524.448245768064,0.45870823046524078,5013.1740264750242,1927.1724053531661,3087.6997732487152,0,19.389218826124925,21.40179337508232,12.8872,0.32300000000000001,0.67341570701866849,5014.8721786018814,5014.8721786018814
情景一阈值控制,114.16839850757684,4044.89168927528,1.234656610590019,17524.480595612295,0.45656368854249046,5013.1996114679287,1927.1843520832838,3087.7054730918881,0,19.389218826124925,21.40179337508232,12.8872,0.32300000000000001,0.67340738344432116,5014.8898251751716,5014.8898251751716
情景一阈值控制,114.21694320929483,4044.8419269968908,1.2288896485686778,17524.512793958384,0.45442912785092815,5013.225076922944,1927.1962428654526,3087.7111462420216,0,19.389218826124925,21.40179337508232,12.8872,0.32300000000000001,0.67339909885025573,5014.907389107474,5014.907389107474
情景一阈值控制,114.26548791101281,4044.7923977641599,1.2231494785481249,17524.544841513849,0.45230450235705438,5013.2504233957225,1927.2080779609601,3087.7167928237777,0,19.389218826124925,21.40179337508232,12.8872,0.32300000000000001,0.67339085305442736,5014.9248707847382,5014.9248707847382
情景一阈值控制,114.3140326127308,4044.7431004886935,1.2174359774149341,17524.576738982938,0.450189766235702,5013.2756514393568,1927.2198576298792,3087.7224129612387,0,19.389218826124925,21.40179337508232,12.8872,0.32300000000000001,0.67338264587563679,5014.9422705911184,5014.9422705911184
情景一阈值控制,114.36257731444877,4044.6940340871515,1.21174902260869,17524.608487066609,0.44808487386913215,5013.3007616043978,1927.2315821310765,3087.7280067779102,0,19.389218826124925,21.40179337508232,12.8872,0.32300000000000001,0.67337447713352561,5014.9595889089869,5014.9595889089869
情景一阈值控制,114.41112201616676,4044.6451974812289,1.2060884921196169,17524.640086462579,0.44598977984613047,5013.3257544388625,1927.2432517222144,3087.7335743967251,0,19.389218826124925,21.40179337508232,12.8872,0.32300000000000001,0.67336634664857398,5014.9768261189392,5014.9768261189392
情景一阈值控制,114.45966671788474,4044.5965895976265,1.2004542644862326,17524.671537865317,0.44390443896111226,5013.3506304882467,1927.25486665976,3087.7391159400445,0,19.389218826124925,21.40179337508232,12.8872,0.32300000000000001,0.67335825424209539,5014.9939825998044,5014.9939825998044
情景一阈值控制,114.50821141960273,4044.5482093680321,1.1948462187929971,17524.702841966067,0.44182880621322584,5013.3753902955314,1927.2664271989877,3087.7446315296611,0,19.389218826124925,21.40179337508232,12.8872,0.32300000000000001,0.67335019973623356,5015.011058728649,5015.011058728649
情景一阈值控制,114.55675612132072,4044.5000557290955,1.1892642346679763,17524.733999452863,0.43976283680546263,5013.4000344012065,1927.2779335939877,3087.7501212868028,0,19.389218826124925,21.40179337508232,12.8872,0.32300000000000001,0.67334218295395842,5015.0280548807905,5015.0280548807905
情景一阈值控制,114.6053008230387,4044.4521276224064,1.1837081922805124,17524.765011010539,0.43770648614376889,5013.4245633432674,1927.2893860976685,3087.7555853321333,0,19.389218826124925,21.40179337508232,12.8872,0.32300000000000001,0.67333420371906194,5015.044971429802,5015.044971429802
情景一阈值控制,114.65384552475669,4044.4044239944728,1.1781779723389074,17524.795877320754,0.43565970983616265,5013.4489776572345,1927.3007849617638,3087.7610237857566,0,19.389218826124925,21.40179337508232,12.8872,0.32300000000000001,0.67332626185615552,5015.0618087475204,5015.0618087475204
情景一阈值控制,114.70239022647468,4044.3569437966948,1.1726734560881091,17524.826599061995,0.43362246369185309,5013.4732778761654,1927.3121304368383,3087.7664367672173,0,19.389218826124925,21.40179337508232,12.8872,0.32300000000000001,0.67331835719066457,5015.0785672040556,5015.0785672040556
情景一阈值控制,114.75093492819266,4044.3096859853481,1.1671945253074119,17524.857176909602,0.43159470372036357,5013.4974645306593,1927.3234227722917,3087.7718243955064,0,19.389218826124925,21.40179337508232,12.8872,0.32300000000000001,0.67331048954882611,5015.0952471677983,5015.0952471677983
情景一阈值控制,114.79947962991065,4044.2626495215559,1.1617410623081619,17524.887611535763,0.42957638613065818,5013.5215381488761,1927.3346622163656,3087.7771867890601,0,19.389218826124925,21.40179337508232,12.8872,0.32300000000000001,0.67330265875768469,5015.1118490054259,5015.1118490054259
情景一阈值控制,114.84802433162864,4044.2158333712691,1.1563129499314739,17524.917903609563,0.42756746733027223,5013.5454992565419,1927.3458490161479,3087.7825240657653,0,19.389218826124925,21.40179337508232,12.8872,0.32300000000000001,0.67329486464508803,5015.1283730819132,5015.1283730819132
情景一阈值控制,114.89656903334662,4044.169236505244,1.1509100715459548,17524.948053796965,0.42556790392444543,5013.5693483769592,1927.356983417578,3087.7878363429618,0,19.389218826124925,21.40179337508232,12.8872,0.32300000000000001,0.6732871070396842,5015.1448197605396,5015.1448197605396
情景一阈值控制,114.94511373506461,4044.1228578990203,1.1455323110454378,17524.978062760831,0.42357765271525882,5013.5930860310236,1927.3680656654524,3087.7931237374423,0,19.389218826124925,21.40179337508232,12.8872,0.32300000000000001,0.6732793857709175,5015.1611894028947,5015.1611894028947
情景一阈值控制,114.9936584367826,4044.0766965328989,1.1401795528467238,17525.007931160959,0.42159667070077589,5013.61671273723,1927.3790960034298,3087.7983863654586,0,19.389218826124925,21.40179337508232,12.8872,0.32300000000000001,0.67327170066902498,5015.1774823688884,5015.1774823688884
情景一阈值控制,115,4044.0706823028399,1.1394821437885425,17525.01182262789,0.42133857040672179,5013.619791009708,1927.3805331140659,3087.7990720179482,0,19.389218826124925,21.40179337508232,12.8872,0.32300000000000001,0.67327069939946371,5015.1796051320143,5015.1796051320143
情景一阈值控制,115.04220313850058,4044.0307513919201,1.1348516818873318,17525.037659654066,0.41962491507418553,5013.6402290116848,1927.3900746740374,3087.80362434272,0,19.389218826124925,21.40179337508232,12.8872,0.32300000000000001,0.67326405156503288,5015.1936990167578,5015.1936990167578
情景一阈值控制,115.09074784021857,4043.9850214658409,1.1295485836232586,17525.067248893833,0.41766234322295009,5013.663635368117,1927.4010019186735,3087.8088377844006,0,19.389218826124925,21.40179337508232,12.8872,0.32300000000000001,0.67325643829075221,5015.2098397030741,5015.2098397030741
情景一阈值控制,115.13929254193656,4043.9395057491147,1.1242701440267466,17525.096699530881,0.41570891272795574,5013.6869323178862,1927.4118779776156,3087.8140268051361,0,19.389218826124925,21.40179337508232,12.8872,0.32300000000000001,0.67324886067877621,5015.225904782752,5015.225904782752
情景一阈值控制,115.18783724365453,4043.894203240869,1.1190162495840619,17525.126012212819,0.41376458136266725,5013.7101203699995,1927.4227030900238,3087.8191915190328,0,19.389218826124925,21.40179337508232,12.8872,0.32300000000000001,0.67324131856247627,5015.2418946090565,5015.2418946090565
情景一阈值控制,115.23638194537251,4043.8491129448844,1.113786787293273,17525.155187584249,0.41182930709228327,5013.7332000311135,1927.4334774939466,3087.8243320396637,0,19.389218826124925,21.40179337508232,12.8872,0.32300000000000001,0.67323381177599839,5015.2578095336103,5015.2578095336103
情景一阈值控制,115.2849266470905,4043.8042338695727,1.1085816446620533,17525.184226286776,0.4099030480729004,5013.7561718055558,1927.4442014263257,3087.8294484800749,0,19.389218826124925,21.40179337508232,12.8872,0.32300000000000001,0.67322634015425931,5015.2736499064004,5015.2736499064004
情景一阈值控制,115.33347134880849,4043.7595650279541,1.1034007097054785,17525.213128959003,0.40798576265067549,5013.7790361953221,1927.4548751230018,3087.8345409527874,0,19.389218826124925,21.40179337508232,12.8872,0.32300000000000001,0.67321890353294378,5015.2894160757896,5015.2894160757896
情景一阈值控制,115.38201605052647,4043.7151054376395,1.0982438709438376,17525.241896236592,0.40607740936099379,5013.8017937001005,1927.4654988187178,3087.8396095697981,0,19.389218826124925,21.40179337508232,12.8872,0.32300000000000001,0.67321150174849997,5015.3051083885157,5015.3051083885157
情景一阈值控制,115.43056075224446,4043.6708541208072,1.0931110174004524,17525.270528752229,0.40417794692763964,5013.8244448172718,1927.4760727471264,3087.8446544425838,0,19.389218826124925,21.40179337508232,12.8872,0.32300000000000001,0.67320413463813678,5015.3207271897099,5015.3207271897099
情景一阈值控制,115.47910545396243,4043.6268101041819,1.0880020385995071,17525.299027135665,0.4022873342619715,5013.846990041925,1927.4865971407935,3087.8496756821032,0,19.389218826124925,21.40179337508232,12.8872,0.32300000000000001,0.67319680203982013,5015.3362728228967,5015.3362728228967
情景一阈值控制,115.52765015568042,4043.5829724190135,1.0829168245638781,17525.327392013729,0.40040553046209737,5013.8694298668652,1927.4970722312034,3087.8546733987982,0,19.389218826124925,21.40179337508232,12.8872,0.32300000000000001,0.67318950379226905,5015.3517456300015,5015.3517456300015
情景一阈值控制,115.57619485739841,4043.5393401010565,1.0778552658129874,17525.355624010328,0.39853249481205932,5013.8917647826256,1927.5074982487643,3087.8596477025972,0,19.389218826124925,21.40179337508232,12.8872,0.32300000000000001,0.67318223973495261,5015.3671459513616,5015.3671459513616
情景一阈值控制,115.62473955911639,4043.4959121905508,1.0728172533606504,17525.383723746465,0.39666818678101495,5013.9139952774785,1927.5178754228123,3087.8645987029186,0,19.389218826124925,21.40179337508232,12.8872,0.32300000000000001,0.67317500970808708,5015.3824741257304,5015.3824741257304
情景一阈值控制,115.67328426083438,4043.4526877322,1.0678026787129375,17525.411691840258,0.39481256602242604,5013.9361218374424,1927.5282039816175,3087.8695265086708,0,19.389218826124925,21.40179337508232,12.8872,0.32300000000000001,0.673167813552631,5015.3977304902883,5015.3977304902883
情景一阈值控制,115.72182896255237,4043.4096657751484,1.0628114338660453,17525.439528906954,0.39296559237324902,5013.9581449462949,1927.5384841523885,3087.8744312282556,0,19.389218826124925,21.40179337508232,12.8872,0.32300000000000001,0.67316065111028289,5015.4129153806443,5015.4129153806443
情景一阈值控制,115.77037366427035,4043.3668453729638,1.0578434113041726,17525.467235558935,0.39112722585312926,5013.9800650855796,1927.5487161612762,3087.8793129695714,0,19.389218826124925,21.40179337508232,12.8872,0.32300000000000001,0.67315352222347746,5015.4280291308478,5015.4280291308478
情景一阈值控制,115.81891836598834,4043.3242255836185,1.0528985039974086,17525.494812405734,0.38929742666359846,5014.001882734623,1927.5589002333809,3087.8841718400145,0,19.389218826124925,21.40179337508232,12.8872,0.32300000000000001,0.67314642673538272,5015.4430720733953,5015.4430720733953
情景一阈值控制,115.86746306770632,4043.2818054694626,1.0479766053996267,17525.522260054047,0.38747615518727524,5014.023598370537,1927.5690365927546,3087.8890079464804,0,19.389218826124925,21.40179337508232,12.8872,0.32300000000000001,0.67313936448989542,5015.4580445392348,5015.4580445392348
情景一阈值控制,115.91600776942431,4043.2395840972104,1.0430776094463881,17525.549579107756,0.38566337198706885,5014.0452124682333,1927.579125462408,3087.8938213953697,0,19.389218826124925,21.40179337508232,12.8872,0.32300000000000001,0.67313233533163908,5015.472946857778,5015.472946857778
情景一阈值控制,115.9645524711423,4043.197560537918,1.0382014105528512,17525.576770167929,0.38385903780538655,5014.0667255004319,1927.5891670643136,3087.8986122925862,0,19.389218826124925,21.40179337508232,12.8872,0.32300000000000001,0.67312533910595984,5015.4877793568994,5015.4877793568994
情景一阈值控制,116,4043.1669991993435,1.0346551317470947,17525.596544675609,0.38254682078932384,5014.0823708271455,1927.5964697488278,3087.9020964389642,0,19.389218826124925,21.40179337508232,12.8872,0.32300000000000001,0.67312025114993412,5015.4985661877918,5015.4985661877918
情景一阈值控制,116.01309717286028,4043.1557338669609,1.0333479036116928,17525.603833832829,0.38206311356334388,5014.0881379376688,1927.5991616194124,3087.9033807435417,0,19.389218826124925,21.40179337508232,12.8872,0.32300000000000001,0.67311837565892307,5015.502542362954,5015.502542362954
情景一阈值控制,116.06164187457827,4043.1141031640191,1.0285169839910351,17525.630770697953,0.380275560359978,5014.1094502483129,1927.6091093476164,3087.9081268531572,0,19.389218826124925,21.40179337508232,12.8872,0.32300000000000001,0.673111444837311,5015.5172362007734,5015.5172362007734
情景一阈值控制,116.11018657629626,4043.0726675130513,1.0237085475323802,17525.657581356012,0.3784963394714646,5014.1306628985676,1927.6190104678149,3087.912850725867,0,19.389218826124925,21.40179337508232,12.8872,0.32300000000000001,0.67310454648861762,5015.5318611936818,5015.5318611936818
情景一阈值控制,116.15873127801424,4043.031426002281,1.0189224905485554,17525.684266396969,0.37672541235033774,5014.1517763524862,1927.6288651978789,3087.9175524656166,0,19.389218826124925,21.40179337508232,12.8872,0.32300000000000001,0.67309768046104734,5015.546417663496,5015.546417663496
情景一阈值控制,116.20727597973223,4042.990377724173,1.0141587098216647,17525.710826408038,0.37496274062471308,5014.1727910719792,1927.6386737546652,3087.9222321758707,0,19.389218826124925,21.40179337508232,12.8872,0.32300000000000001,0.67309084660351071,5015.5609059305361,5015.5609059305361
情景一阈值控制,116.2558206814502,4042.9495217754138,1.0094171026010494,17525.7372619737,0.37320828609751466,5014.1937075168244,1927.6484363540217,3087.9268899596109,0,19.389218826124925,21.40179337508232,12.8872,0.32300000000000001,0.673084044765621,5015.5753263136321,5015.5753263136321
情景一阈值控制,116.30436538316819,4042.9088572568967,1.0046975666012523,17525.763573675715,0.37146201074570206,5014.2145261446758,1927.6581532107928,3087.9315259193404,0,19.389218826124925,21.40179337508232,12.8872,0.32300000000000001,0.67307727479769175,5015.5896791301329,5015.5896791301329
情景一阈值控制,116.35291008488618,4042.8683832736947,1.0000000000000002,17525.789762093144,0.36972387671950629,5014.2352474110776,1927.6678245388216,3087.9361401570854,0,19.389218826124925,21.40179337508232,12.8872,0.32300000000000001,0.67307053655073257,5015.6039646959071,5015.6039646959071
